solid OpenSCAD_Model
  facet normal 0.427345 -0.904089 0
    outer loop
      vertex -92.6128 98.1465 0
      vertex -92.4975 98.201 3
      vertex -92.6128 98.1465 3
    endloop
  endfacet
  facet normal 0.427345 -0.904089 0
    outer loop
      vertex -92.4975 98.201 3
      vertex -92.6128 98.1465 0
      vertex -92.4975 98.201 0
    endloop
  endfacet
  facet normal -0.989199 0.146577 0
    outer loop
      vertex -90.725 96.7464 0
      vertex -90.7063 96.8726 3
      vertex -90.7063 96.8726 0
    endloop
  endfacet
  facet normal -0.989199 0.146577 0
    outer loop
      vertex -90.7063 96.8726 3
      vertex -90.725 96.7464 0
      vertex -90.725 96.7464 3
    endloop
  endfacet
  facet normal -0.99878 0.0493902 0
    outer loop
      vertex -90.7063 96.8726 0
      vertex -90.7 97 3
      vertex -90.7 97 0
    endloop
  endfacet
  facet normal -0.99878 0.0493902 0
    outer loop
      vertex -90.7 97 3
      vertex -90.7063 96.8726 0
      vertex -90.7063 96.8726 3
    endloop
  endfacet
  facet normal -0.97005 0.242904 0
    outer loop
      vertex -90.756 96.6226 0
      vertex -90.725 96.7464 3
      vertex -90.725 96.7464 0
    endloop
  endfacet
  facet normal -0.97005 0.242904 0
    outer loop
      vertex -90.725 96.7464 3
      vertex -90.756 96.6226 0
      vertex -90.756 96.6226 3
    endloop
  endfacet
  facet normal -0.427345 -0.904089 0
    outer loop
      vertex -91.5025 98.201 0
      vertex -91.3872 98.1465 3
      vertex -91.5025 98.201 3
    endloop
  endfacet
  facet normal -0.427345 -0.904089 -0
    outer loop
      vertex -91.3872 98.1465 3
      vertex -91.5025 98.201 0
      vertex -91.3872 98.1465 0
    endloop
  endfacet
  facet normal 0.146577 0.989199 -0
    outer loop
      vertex -92.1274 95.7063 0
      vertex -92.2536 95.725 3
      vertex -92.1274 95.7063 3
    endloop
  endfacet
  facet normal 0.146577 0.989199 0
    outer loop
      vertex -92.2536 95.725 3
      vertex -92.1274 95.7063 0
      vertex -92.2536 95.725 0
    endloop
  endfacet
  facet normal 0.941476 -0.337081 0
    outer loop
      vertex -93.244 97.3774 3
      vertex -93.201 97.4975 0
      vertex -93.201 97.4975 3
    endloop
  endfacet
  facet normal 0.941476 -0.337081 0
    outer loop
      vertex -93.201 97.4975 0
      vertex -93.244 97.3774 3
      vertex -93.244 97.3774 0
    endloop
  endfacet
  facet normal -0.514265 0.857631 0
    outer loop
      vertex -91.2778 95.9191 0
      vertex -91.3872 95.8535 3
      vertex -91.2778 95.9191 3
    endloop
  endfacet
  facet normal -0.514265 0.857631 0
    outer loop
      vertex -91.3872 95.8535 3
      vertex -91.2778 95.9191 0
      vertex -91.3872 95.8535 0
    endloop
  endfacet
  facet normal 0.242904 -0.97005 0
    outer loop
      vertex -92.3774 98.244 0
      vertex -92.2536 98.275 3
      vertex -92.3774 98.244 3
    endloop
  endfacet
  facet normal 0.242904 -0.97005 0
    outer loop
      vertex -92.2536 98.275 3
      vertex -92.3774 98.244 0
      vertex -92.2536 98.275 0
    endloop
  endfacet
  facet normal -0.242904 -0.97005 0
    outer loop
      vertex -91.7464 98.275 0
      vertex -91.6226 98.244 3
      vertex -91.7464 98.275 3
    endloop
  endfacet
  facet normal -0.242904 -0.97005 -0
    outer loop
      vertex -91.6226 98.244 3
      vertex -91.7464 98.275 0
      vertex -91.6226 98.244 0
    endloop
  endfacet
  facet normal 0.514265 0.857631 -0
    outer loop
      vertex -92.6128 95.8535 0
      vertex -92.7222 95.9191 3
      vertex -92.6128 95.8535 3
    endloop
  endfacet
  facet normal 0.514265 0.857631 0
    outer loop
      vertex -92.7222 95.9191 3
      vertex -92.6128 95.8535 0
      vertex -92.7222 95.9191 0
    endloop
  endfacet
  facet normal 0.595602 0.803279 -0
    outer loop
      vertex -92.7222 95.9191 0
      vertex -92.8247 95.9951 3
      vertex -92.7222 95.9191 3
    endloop
  endfacet
  facet normal 0.595602 0.803279 0
    outer loop
      vertex -92.8247 95.9951 3
      vertex -92.7222 95.9191 0
      vertex -92.8247 95.9951 0
    endloop
  endfacet
  facet normal -0.146577 0.989199 0
    outer loop
      vertex -91.7464 95.725 0
      vertex -91.8726 95.7063 3
      vertex -91.7464 95.725 3
    endloop
  endfacet
  facet normal -0.146577 0.989199 0
    outer loop
      vertex -91.8726 95.7063 3
      vertex -91.7464 95.725 0
      vertex -91.8726 95.7063 0
    endloop
  endfacet
  facet normal -0.0493902 -0.99878 0
    outer loop
      vertex -92 98.3 0
      vertex -91.8726 98.2937 3
      vertex -92 98.3 3
    endloop
  endfacet
  facet normal -0.0493902 -0.99878 -0
    outer loop
      vertex -91.8726 98.2937 3
      vertex -92 98.3 0
      vertex -91.8726 98.2937 0
    endloop
  endfacet
  facet normal 0.514265 -0.857631 0
    outer loop
      vertex -92.7222 98.0809 0
      vertex -92.6128 98.1465 3
      vertex -92.7222 98.0809 3
    endloop
  endfacet
  facet normal 0.514265 -0.857631 0
    outer loop
      vertex -92.6128 98.1465 3
      vertex -92.7222 98.0809 0
      vertex -92.6128 98.1465 0
    endloop
  endfacet
  facet normal 0.989199 0.146577 0
    outer loop
      vertex -93.275 96.7464 3
      vertex -93.2937 96.8726 0
      vertex -93.2937 96.8726 3
    endloop
  endfacet
  facet normal 0.989199 0.146577 0
    outer loop
      vertex -93.2937 96.8726 0
      vertex -93.275 96.7464 3
      vertex -93.275 96.7464 0
    endloop
  endfacet
  facet normal -0.904089 0.427345 0
    outer loop
      vertex -90.8535 96.3872 0
      vertex -90.799 96.5025 3
      vertex -90.799 96.5025 0
    endloop
  endfacet
  facet normal -0.904089 0.427345 0
    outer loop
      vertex -90.799 96.5025 3
      vertex -90.8535 96.3872 0
      vertex -90.8535 96.3872 3
    endloop
  endfacet
  facet normal 0.146577 -0.989199 0
    outer loop
      vertex -92.2536 98.275 0
      vertex -92.1274 98.2937 3
      vertex -92.2536 98.275 3
    endloop
  endfacet
  facet normal 0.146577 -0.989199 0
    outer loop
      vertex -92.1274 98.2937 3
      vertex -92.2536 98.275 0
      vertex -92.1274 98.2937 0
    endloop
  endfacet
  facet normal -0.514265 -0.857631 0
    outer loop
      vertex -91.3872 98.1465 0
      vertex -91.2778 98.0809 3
      vertex -91.3872 98.1465 3
    endloop
  endfacet
  facet normal -0.514265 -0.857631 -0
    outer loop
      vertex -91.2778 98.0809 3
      vertex -91.3872 98.1465 0
      vertex -91.2778 98.0809 0
    endloop
  endfacet
  facet normal 0.904089 -0.427345 0
    outer loop
      vertex -93.201 97.4975 3
      vertex -93.1465 97.6128 0
      vertex -93.1465 97.6128 3
    endloop
  endfacet
  facet normal 0.904089 -0.427345 0
    outer loop
      vertex -93.1465 97.6128 0
      vertex -93.201 97.4975 3
      vertex -93.201 97.4975 0
    endloop
  endfacet
  facet normal -0.989199 -0.146577 0
    outer loop
      vertex -90.7063 97.1274 0
      vertex -90.725 97.2536 3
      vertex -90.725 97.2536 0
    endloop
  endfacet
  facet normal -0.989199 -0.146577 0
    outer loop
      vertex -90.725 97.2536 3
      vertex -90.7063 97.1274 0
      vertex -90.7063 97.1274 3
    endloop
  endfacet
  facet normal -0.595602 0.803279 0
    outer loop
      vertex -91.1753 95.9951 0
      vertex -91.2778 95.9191 3
      vertex -91.1753 95.9951 3
    endloop
  endfacet
  facet normal -0.595602 0.803279 0
    outer loop
      vertex -91.2778 95.9191 3
      vertex -91.1753 95.9951 0
      vertex -91.2778 95.9191 0
    endloop
  endfacet
  facet normal -0.803279 -0.595602 0
    outer loop
      vertex -90.9191 97.7222 0
      vertex -90.9951 97.8247 3
      vertex -90.9951 97.8247 0
    endloop
  endfacet
  facet normal -0.803279 -0.595602 0
    outer loop
      vertex -90.9951 97.8247 3
      vertex -90.9191 97.7222 0
      vertex -90.9191 97.7222 3
    endloop
  endfacet
  facet normal 0.941476 0.337081 0
    outer loop
      vertex -93.201 96.5025 3
      vertex -93.244 96.6226 0
      vertex -93.244 96.6226 3
    endloop
  endfacet
  facet normal 0.941476 0.337081 0
    outer loop
      vertex -93.244 96.6226 0
      vertex -93.201 96.5025 3
      vertex -93.201 96.5025 0
    endloop
  endfacet
  facet normal -0.803279 0.595602 0
    outer loop
      vertex -90.9951 96.1753 0
      vertex -90.9191 96.2778 3
      vertex -90.9191 96.2778 0
    endloop
  endfacet
  facet normal -0.803279 0.595602 0
    outer loop
      vertex -90.9191 96.2778 3
      vertex -90.9951 96.1753 0
      vertex -90.9951 96.1753 3
    endloop
  endfacet
  facet normal 0.0493902 0.99878 -0
    outer loop
      vertex -92 95.7 0
      vertex -92.1274 95.7063 3
      vertex -92 95.7 3
    endloop
  endfacet
  facet normal 0.0493902 0.99878 0
    outer loop
      vertex -92.1274 95.7063 3
      vertex -92 95.7 0
      vertex -92.1274 95.7063 0
    endloop
  endfacet
  facet normal 0.97005 -0.242904 0
    outer loop
      vertex -93.275 97.2536 3
      vertex -93.244 97.3774 0
      vertex -93.244 97.3774 3
    endloop
  endfacet
  facet normal 0.97005 -0.242904 0
    outer loop
      vertex -93.244 97.3774 0
      vertex -93.275 97.2536 3
      vertex -93.275 97.2536 0
    endloop
  endfacet
  facet normal 0.337081 0.941476 -0
    outer loop
      vertex -92.3774 95.756 0
      vertex -92.4975 95.799 3
      vertex -92.3774 95.756 3
    endloop
  endfacet
  facet normal 0.337081 0.941476 0
    outer loop
      vertex -92.4975 95.799 3
      vertex -92.3774 95.756 0
      vertex -92.4975 95.799 0
    endloop
  endfacet
  facet normal -0.904089 -0.427345 0
    outer loop
      vertex -90.799 97.4975 0
      vertex -90.8535 97.6128 3
      vertex -90.8535 97.6128 0
    endloop
  endfacet
  facet normal -0.904089 -0.427345 0
    outer loop
      vertex -90.8535 97.6128 3
      vertex -90.799 97.4975 0
      vertex -90.799 97.4975 3
    endloop
  endfacet
  facet normal 0.740755 0.671775 0
    outer loop
      vertex -92.9192 96.0808 3
      vertex -93.0049 96.1753 0
      vertex -93.0049 96.1753 3
    endloop
  endfacet
  facet normal 0.740755 0.671775 0
    outer loop
      vertex -93.0049 96.1753 0
      vertex -92.9192 96.0808 3
      vertex -92.9192 96.0808 0
    endloop
  endfacet
  facet normal 0.857631 0.514265 0
    outer loop
      vertex -93.0809 96.2778 3
      vertex -93.1465 96.3872 0
      vertex -93.1465 96.3872 3
    endloop
  endfacet
  facet normal 0.857631 0.514265 0
    outer loop
      vertex -93.1465 96.3872 0
      vertex -93.0809 96.2778 3
      vertex -93.0809 96.2778 0
    endloop
  endfacet
  facet normal -0.146577 -0.989199 0
    outer loop
      vertex -91.8726 98.2937 0
      vertex -91.7464 98.275 3
      vertex -91.8726 98.2937 3
    endloop
  endfacet
  facet normal -0.146577 -0.989199 -0
    outer loop
      vertex -91.7464 98.275 3
      vertex -91.8726 98.2937 0
      vertex -91.7464 98.275 0
    endloop
  endfacet
  facet normal -0.857631 0.514265 0
    outer loop
      vertex -90.9191 96.2778 0
      vertex -90.8535 96.3872 3
      vertex -90.8535 96.3872 0
    endloop
  endfacet
  facet normal -0.857631 0.514265 0
    outer loop
      vertex -90.8535 96.3872 3
      vertex -90.9191 96.2778 0
      vertex -90.9191 96.2778 3
    endloop
  endfacet
  facet normal -0.941476 0.337081 0
    outer loop
      vertex -90.799 96.5025 0
      vertex -90.756 96.6226 3
      vertex -90.756 96.6226 0
    endloop
  endfacet
  facet normal -0.941476 0.337081 0
    outer loop
      vertex -90.756 96.6226 3
      vertex -90.799 96.5025 0
      vertex -90.799 96.5025 3
    endloop
  endfacet
  facet normal -0.671775 0.740755 0
    outer loop
      vertex -91.0808 96.0808 0
      vertex -91.1753 95.9951 3
      vertex -91.0808 96.0808 3
    endloop
  endfacet
  facet normal -0.671775 0.740755 0
    outer loop
      vertex -91.1753 95.9951 3
      vertex -91.0808 96.0808 0
      vertex -91.1753 95.9951 0
    endloop
  endfacet
  facet normal -0.97005 -0.242904 0
    outer loop
      vertex -90.725 97.2536 0
      vertex -90.756 97.3774 3
      vertex -90.756 97.3774 0
    endloop
  endfacet
  facet normal -0.97005 -0.242904 0
    outer loop
      vertex -90.756 97.3774 3
      vertex -90.725 97.2536 0
      vertex -90.725 97.2536 3
    endloop
  endfacet
  facet normal 0.427345 0.904089 -0
    outer loop
      vertex -92.4975 95.799 0
      vertex -92.6128 95.8535 3
      vertex -92.4975 95.799 3
    endloop
  endfacet
  facet normal 0.427345 0.904089 0
    outer loop
      vertex -92.6128 95.8535 3
      vertex -92.4975 95.799 0
      vertex -92.6128 95.8535 0
    endloop
  endfacet
  facet normal -0.337081 0.941476 0
    outer loop
      vertex -91.5025 95.799 0
      vertex -91.6226 95.756 3
      vertex -91.5025 95.799 3
    endloop
  endfacet
  facet normal -0.337081 0.941476 0
    outer loop
      vertex -91.6226 95.756 3
      vertex -91.5025 95.799 0
      vertex -91.6226 95.756 0
    endloop
  endfacet
  facet normal 0.242904 0.97005 -0
    outer loop
      vertex -92.2536 95.725 0
      vertex -92.3774 95.756 3
      vertex -92.2536 95.725 3
    endloop
  endfacet
  facet normal 0.242904 0.97005 0
    outer loop
      vertex -92.3774 95.756 3
      vertex -92.2536 95.725 0
      vertex -92.3774 95.756 0
    endloop
  endfacet
  facet normal -0.857631 -0.514265 0
    outer loop
      vertex -90.8535 97.6128 0
      vertex -90.9191 97.7222 3
      vertex -90.9191 97.7222 0
    endloop
  endfacet
  facet normal -0.857631 -0.514265 0
    outer loop
      vertex -90.9191 97.7222 3
      vertex -90.8535 97.6128 0
      vertex -90.8535 97.6128 3
    endloop
  endfacet
  facet normal -0.427345 0.904089 0
    outer loop
      vertex -91.3872 95.8535 0
      vertex -91.5025 95.799 3
      vertex -91.3872 95.8535 3
    endloop
  endfacet
  facet normal -0.427345 0.904089 0
    outer loop
      vertex -91.5025 95.799 3
      vertex -91.3872 95.8535 0
      vertex -91.5025 95.799 0
    endloop
  endfacet
  facet normal -0.0493902 0.99878 0
    outer loop
      vertex -91.8726 95.7063 0
      vertex -92 95.7 3
      vertex -91.8726 95.7063 3
    endloop
  endfacet
  facet normal -0.0493902 0.99878 0
    outer loop
      vertex -92 95.7 3
      vertex -91.8726 95.7063 0
      vertex -92 95.7 0
    endloop
  endfacet
  facet normal -0.941476 -0.337081 0
    outer loop
      vertex -90.756 97.3774 0
      vertex -90.799 97.4975 3
      vertex -90.799 97.4975 0
    endloop
  endfacet
  facet normal -0.941476 -0.337081 0
    outer loop
      vertex -90.799 97.4975 3
      vertex -90.756 97.3774 0
      vertex -90.756 97.3774 3
    endloop
  endfacet
  facet normal -0.242904 0.97005 0
    outer loop
      vertex -91.6226 95.756 0
      vertex -91.7464 95.725 3
      vertex -91.6226 95.756 3
    endloop
  endfacet
  facet normal -0.242904 0.97005 0
    outer loop
      vertex -91.7464 95.725 3
      vertex -91.6226 95.756 0
      vertex -91.7464 95.725 0
    endloop
  endfacet
  facet normal -0.99878 -0.0493902 0
    outer loop
      vertex -90.7 97 0
      vertex -90.7063 97.1274 3
      vertex -90.7063 97.1274 0
    endloop
  endfacet
  facet normal -0.99878 -0.0493902 0
    outer loop
      vertex -90.7063 97.1274 3
      vertex -90.7 97 0
      vertex -90.7 97 3
    endloop
  endfacet
  facet normal 0.97005 0.242904 0
    outer loop
      vertex -93.244 96.6226 3
      vertex -93.275 96.7464 0
      vertex -93.275 96.7464 3
    endloop
  endfacet
  facet normal 0.97005 0.242904 0
    outer loop
      vertex -93.275 96.7464 0
      vertex -93.244 96.6226 3
      vertex -93.244 96.6226 0
    endloop
  endfacet
  facet normal 0.671775 0.740755 -0
    outer loop
      vertex -92.8247 95.9951 0
      vertex -92.9192 96.0808 3
      vertex -92.8247 95.9951 3
    endloop
  endfacet
  facet normal 0.671775 0.740755 0
    outer loop
      vertex -92.9192 96.0808 3
      vertex -92.8247 95.9951 0
      vertex -92.9192 96.0808 0
    endloop
  endfacet
  facet normal 0.857631 -0.514265 0
    outer loop
      vertex -93.1465 97.6128 3
      vertex -93.0809 97.7222 0
      vertex -93.0809 97.7222 3
    endloop
  endfacet
  facet normal 0.857631 -0.514265 0
    outer loop
      vertex -93.0809 97.7222 0
      vertex -93.1465 97.6128 3
      vertex -93.1465 97.6128 0
    endloop
  endfacet
  facet normal 0.740755 -0.671775 0
    outer loop
      vertex -93.0049 97.8247 3
      vertex -92.9192 97.9192 0
      vertex -92.9192 97.9192 3
    endloop
  endfacet
  facet normal 0.740755 -0.671775 0
    outer loop
      vertex -92.9192 97.9192 0
      vertex -93.0049 97.8247 3
      vertex -93.0049 97.8247 0
    endloop
  endfacet
  facet normal 0.595602 -0.803279 0
    outer loop
      vertex -92.8247 98.0049 0
      vertex -92.7222 98.0809 3
      vertex -92.8247 98.0049 3
    endloop
  endfacet
  facet normal 0.595602 -0.803279 0
    outer loop
      vertex -92.7222 98.0809 3
      vertex -92.8247 98.0049 0
      vertex -92.7222 98.0809 0
    endloop
  endfacet
  facet normal 0.989199 -0.146577 0
    outer loop
      vertex -93.2937 97.1274 3
      vertex -93.275 97.2536 0
      vertex -93.275 97.2536 3
    endloop
  endfacet
  facet normal 0.989199 -0.146577 0
    outer loop
      vertex -93.275 97.2536 0
      vertex -93.2937 97.1274 3
      vertex -93.2937 97.1274 0
    endloop
  endfacet
  facet normal 0.803279 -0.595602 0
    outer loop
      vertex -93.0809 97.7222 3
      vertex -93.0049 97.8247 0
      vertex -93.0049 97.8247 3
    endloop
  endfacet
  facet normal 0.803279 -0.595602 0
    outer loop
      vertex -93.0049 97.8247 0
      vertex -93.0809 97.7222 3
      vertex -93.0809 97.7222 0
    endloop
  endfacet
  facet normal -0.337081 -0.941476 0
    outer loop
      vertex -91.6226 98.244 0
      vertex -91.5025 98.201 3
      vertex -91.6226 98.244 3
    endloop
  endfacet
  facet normal -0.337081 -0.941476 -0
    outer loop
      vertex -91.5025 98.201 3
      vertex -91.6226 98.244 0
      vertex -91.5025 98.201 0
    endloop
  endfacet
  facet normal 0.99878 -0.0493902 0
    outer loop
      vertex -93.3 97 3
      vertex -93.2937 97.1274 0
      vertex -93.2937 97.1274 3
    endloop
  endfacet
  facet normal 0.99878 -0.0493902 0
    outer loop
      vertex -93.2937 97.1274 0
      vertex -93.3 97 3
      vertex -93.3 97 0
    endloop
  endfacet
  facet normal 0.803279 0.595602 0
    outer loop
      vertex -93.0049 96.1753 3
      vertex -93.0809 96.2778 0
      vertex -93.0809 96.2778 3
    endloop
  endfacet
  facet normal 0.803279 0.595602 0
    outer loop
      vertex -93.0809 96.2778 0
      vertex -93.0049 96.1753 3
      vertex -93.0049 96.1753 0
    endloop
  endfacet
  facet normal -0.595602 -0.803279 0
    outer loop
      vertex -91.2778 98.0809 0
      vertex -91.1753 98.0049 3
      vertex -91.2778 98.0809 3
    endloop
  endfacet
  facet normal -0.595602 -0.803279 -0
    outer loop
      vertex -91.1753 98.0049 3
      vertex -91.2778 98.0809 0
      vertex -91.1753 98.0049 0
    endloop
  endfacet
  facet normal -0.740755 0.671775 0
    outer loop
      vertex -91.0808 96.0808 0
      vertex -90.9951 96.1753 3
      vertex -90.9951 96.1753 0
    endloop
  endfacet
  facet normal -0.740755 0.671775 0
    outer loop
      vertex -90.9951 96.1753 3
      vertex -91.0808 96.0808 0
      vertex -91.0808 96.0808 3
    endloop
  endfacet
  facet normal 0.904089 0.427345 0
    outer loop
      vertex -93.1465 96.3872 3
      vertex -93.201 96.5025 0
      vertex -93.201 96.5025 3
    endloop
  endfacet
  facet normal 0.904089 0.427345 0
    outer loop
      vertex -93.201 96.5025 0
      vertex -93.1465 96.3872 3
      vertex -93.1465 96.3872 0
    endloop
  endfacet
  facet normal 0.337081 -0.941476 0
    outer loop
      vertex -92.4975 98.201 0
      vertex -92.3774 98.244 3
      vertex -92.4975 98.201 3
    endloop
  endfacet
  facet normal 0.337081 -0.941476 0
    outer loop
      vertex -92.3774 98.244 3
      vertex -92.4975 98.201 0
      vertex -92.3774 98.244 0
    endloop
  endfacet
  facet normal 0.0493902 -0.99878 0
    outer loop
      vertex -92.1274 98.2937 0
      vertex -92 98.3 3
      vertex -92.1274 98.2937 3
    endloop
  endfacet
  facet normal 0.0493902 -0.99878 0
    outer loop
      vertex -92 98.3 3
      vertex -92.1274 98.2937 0
      vertex -92 98.3 0
    endloop
  endfacet
  facet normal 0.99878 0.0493902 0
    outer loop
      vertex -93.2937 96.8726 3
      vertex -93.3 97 0
      vertex -93.3 97 3
    endloop
  endfacet
  facet normal 0.99878 0.0493902 0
    outer loop
      vertex -93.3 97 0
      vertex -93.2937 96.8726 3
      vertex -93.2937 96.8726 0
    endloop
  endfacet
  facet normal 0.671775 -0.740755 0
    outer loop
      vertex -92.9192 97.9192 0
      vertex -92.8247 98.0049 3
      vertex -92.9192 97.9192 3
    endloop
  endfacet
  facet normal 0.671775 -0.740755 0
    outer loop
      vertex -92.8247 98.0049 3
      vertex -92.9192 97.9192 0
      vertex -92.8247 98.0049 0
    endloop
  endfacet
  facet normal -0.740755 -0.671775 0
    outer loop
      vertex -90.9951 97.8247 0
      vertex -91.0808 97.9192 3
      vertex -91.0808 97.9192 0
    endloop
  endfacet
  facet normal -0.740755 -0.671775 0
    outer loop
      vertex -91.0808 97.9192 3
      vertex -90.9951 97.8247 0
      vertex -90.9951 97.8247 3
    endloop
  endfacet
  facet normal -0.671775 -0.740755 0
    outer loop
      vertex -91.1753 98.0049 0
      vertex -91.0808 97.9192 3
      vertex -91.1753 98.0049 3
    endloop
  endfacet
  facet normal -0.671775 -0.740755 -0
    outer loop
      vertex -91.0808 97.9192 3
      vertex -91.1753 98.0049 0
      vertex -91.0808 97.9192 0
    endloop
  endfacet
  facet normal -0.989199 0.146577 0
    outer loop
      vertex -90.725 -97.2536 0
      vertex -90.7063 -97.1274 3
      vertex -90.7063 -97.1274 0
    endloop
  endfacet
  facet normal -0.989199 0.146577 0
    outer loop
      vertex -90.7063 -97.1274 3
      vertex -90.725 -97.2536 0
      vertex -90.725 -97.2536 3
    endloop
  endfacet
  facet normal -0.99878 0.0493902 0
    outer loop
      vertex -90.7063 -97.1274 0
      vertex -90.7 -97 3
      vertex -90.7 -97 0
    endloop
  endfacet
  facet normal -0.99878 0.0493902 0
    outer loop
      vertex -90.7 -97 3
      vertex -90.7063 -97.1274 0
      vertex -90.7063 -97.1274 3
    endloop
  endfacet
  facet normal -0.97005 0.242904 0
    outer loop
      vertex -90.756 -97.3774 0
      vertex -90.725 -97.2536 3
      vertex -90.725 -97.2536 0
    endloop
  endfacet
  facet normal -0.97005 0.242904 0
    outer loop
      vertex -90.725 -97.2536 3
      vertex -90.756 -97.3774 0
      vertex -90.756 -97.3774 3
    endloop
  endfacet
  facet normal 0.803279 0.595602 0
    outer loop
      vertex -93.0049 -97.8247 3
      vertex -93.0809 -97.7222 0
      vertex -93.0809 -97.7222 3
    endloop
  endfacet
  facet normal 0.803279 0.595602 0
    outer loop
      vertex -93.0809 -97.7222 0
      vertex -93.0049 -97.8247 3
      vertex -93.0049 -97.8247 0
    endloop
  endfacet
  facet normal -0.337081 -0.941476 0
    outer loop
      vertex -91.6226 -95.756 0
      vertex -91.5025 -95.799 3
      vertex -91.6226 -95.756 3
    endloop
  endfacet
  facet normal -0.337081 -0.941476 -0
    outer loop
      vertex -91.5025 -95.799 3
      vertex -91.6226 -95.756 0
      vertex -91.5025 -95.799 0
    endloop
  endfacet
  facet normal -0.857631 -0.514265 0
    outer loop
      vertex -90.8535 -96.3872 0
      vertex -90.9191 -96.2778 3
      vertex -90.9191 -96.2778 0
    endloop
  endfacet
  facet normal -0.857631 -0.514265 0
    outer loop
      vertex -90.9191 -96.2778 3
      vertex -90.8535 -96.3872 0
      vertex -90.8535 -96.3872 3
    endloop
  endfacet
  facet normal 0.0493902 -0.99878 0
    outer loop
      vertex -92.1274 -95.7063 0
      vertex -92 -95.7 3
      vertex -92.1274 -95.7063 3
    endloop
  endfacet
  facet normal 0.0493902 -0.99878 0
    outer loop
      vertex -92 -95.7 3
      vertex -92.1274 -95.7063 0
      vertex -92 -95.7 0
    endloop
  endfacet
  facet normal 0.904089 -0.427345 0
    outer loop
      vertex -93.201 -96.5025 3
      vertex -93.1465 -96.3872 0
      vertex -93.1465 -96.3872 3
    endloop
  endfacet
  facet normal 0.904089 -0.427345 0
    outer loop
      vertex -93.1465 -96.3872 0
      vertex -93.201 -96.5025 3
      vertex -93.201 -96.5025 0
    endloop
  endfacet
  facet normal 0.242904 0.97005 -0
    outer loop
      vertex -92.2536 -98.275 0
      vertex -92.3774 -98.244 3
      vertex -92.2536 -98.275 3
    endloop
  endfacet
  facet normal 0.242904 0.97005 0
    outer loop
      vertex -92.3774 -98.244 3
      vertex -92.2536 -98.275 0
      vertex -92.3774 -98.244 0
    endloop
  endfacet
  facet normal -0.146577 -0.989199 0
    outer loop
      vertex -91.8726 -95.7063 0
      vertex -91.7464 -95.725 3
      vertex -91.8726 -95.7063 3
    endloop
  endfacet
  facet normal -0.146577 -0.989199 -0
    outer loop
      vertex -91.7464 -95.725 3
      vertex -91.8726 -95.7063 0
      vertex -91.7464 -95.725 0
    endloop
  endfacet
  facet normal 0.595602 0.803279 -0
    outer loop
      vertex -92.7222 -98.0809 0
      vertex -92.8247 -98.0049 3
      vertex -92.7222 -98.0809 3
    endloop
  endfacet
  facet normal 0.595602 0.803279 0
    outer loop
      vertex -92.8247 -98.0049 3
      vertex -92.7222 -98.0809 0
      vertex -92.8247 -98.0049 0
    endloop
  endfacet
  facet normal -0.595602 0.803279 0
    outer loop
      vertex -91.1753 -98.0049 0
      vertex -91.2778 -98.0809 3
      vertex -91.1753 -98.0049 3
    endloop
  endfacet
  facet normal -0.595602 0.803279 0
    outer loop
      vertex -91.2778 -98.0809 3
      vertex -91.1753 -98.0049 0
      vertex -91.2778 -98.0809 0
    endloop
  endfacet
  facet normal -0.514265 0.857631 0
    outer loop
      vertex -91.2778 -98.0809 0
      vertex -91.3872 -98.1465 3
      vertex -91.2778 -98.0809 3
    endloop
  endfacet
  facet normal -0.514265 0.857631 0
    outer loop
      vertex -91.3872 -98.1465 3
      vertex -91.2778 -98.0809 0
      vertex -91.3872 -98.1465 0
    endloop
  endfacet
  facet normal -0.904089 -0.427345 0
    outer loop
      vertex -90.799 -96.5025 0
      vertex -90.8535 -96.3872 3
      vertex -90.8535 -96.3872 0
    endloop
  endfacet
  facet normal -0.904089 -0.427345 0
    outer loop
      vertex -90.8535 -96.3872 3
      vertex -90.799 -96.5025 0
      vertex -90.799 -96.5025 3
    endloop
  endfacet
  facet normal 0.97005 -0.242904 0
    outer loop
      vertex -93.275 -96.7464 3
      vertex -93.244 -96.6226 0
      vertex -93.244 -96.6226 3
    endloop
  endfacet
  facet normal 0.97005 -0.242904 0
    outer loop
      vertex -93.244 -96.6226 0
      vertex -93.275 -96.7464 3
      vertex -93.275 -96.7464 0
    endloop
  endfacet
  facet normal 0.857631 -0.514265 0
    outer loop
      vertex -93.1465 -96.3872 3
      vertex -93.0809 -96.2778 0
      vertex -93.0809 -96.2778 3
    endloop
  endfacet
  facet normal 0.857631 -0.514265 0
    outer loop
      vertex -93.0809 -96.2778 0
      vertex -93.1465 -96.3872 3
      vertex -93.1465 -96.3872 0
    endloop
  endfacet
  facet normal -0.0493902 -0.99878 0
    outer loop
      vertex -92 -95.7 0
      vertex -91.8726 -95.7063 3
      vertex -92 -95.7 3
    endloop
  endfacet
  facet normal -0.0493902 -0.99878 -0
    outer loop
      vertex -91.8726 -95.7063 3
      vertex -92 -95.7 0
      vertex -91.8726 -95.7063 0
    endloop
  endfacet
  facet normal 0.337081 0.941476 -0
    outer loop
      vertex -92.3774 -98.244 0
      vertex -92.4975 -98.201 3
      vertex -92.3774 -98.244 3
    endloop
  endfacet
  facet normal 0.337081 0.941476 0
    outer loop
      vertex -92.4975 -98.201 3
      vertex -92.3774 -98.244 0
      vertex -92.4975 -98.201 0
    endloop
  endfacet
  facet normal 0.941476 0.337081 0
    outer loop
      vertex -93.201 -97.4975 3
      vertex -93.244 -97.3774 0
      vertex -93.244 -97.3774 3
    endloop
  endfacet
  facet normal 0.941476 0.337081 0
    outer loop
      vertex -93.244 -97.3774 0
      vertex -93.201 -97.4975 3
      vertex -93.201 -97.4975 0
    endloop
  endfacet
  facet normal -0.803279 0.595602 0
    outer loop
      vertex -90.9951 -97.8247 0
      vertex -90.9191 -97.7222 3
      vertex -90.9191 -97.7222 0
    endloop
  endfacet
  facet normal -0.803279 0.595602 0
    outer loop
      vertex -90.9191 -97.7222 3
      vertex -90.9951 -97.8247 0
      vertex -90.9951 -97.8247 3
    endloop
  endfacet
  facet normal -0.427345 -0.904089 0
    outer loop
      vertex -91.5025 -95.799 0
      vertex -91.3872 -95.8535 3
      vertex -91.5025 -95.799 3
    endloop
  endfacet
  facet normal -0.427345 -0.904089 -0
    outer loop
      vertex -91.3872 -95.8535 3
      vertex -91.5025 -95.799 0
      vertex -91.3872 -95.8535 0
    endloop
  endfacet
  facet normal -0.514265 -0.857631 0
    outer loop
      vertex -91.3872 -95.8535 0
      vertex -91.2778 -95.9191 3
      vertex -91.3872 -95.8535 3
    endloop
  endfacet
  facet normal -0.514265 -0.857631 -0
    outer loop
      vertex -91.2778 -95.9191 3
      vertex -91.3872 -95.8535 0
      vertex -91.2778 -95.9191 0
    endloop
  endfacet
  facet normal -0.337081 0.941476 0
    outer loop
      vertex -91.5025 -98.201 0
      vertex -91.6226 -98.244 3
      vertex -91.5025 -98.201 3
    endloop
  endfacet
  facet normal -0.337081 0.941476 0
    outer loop
      vertex -91.6226 -98.244 3
      vertex -91.5025 -98.201 0
      vertex -91.6226 -98.244 0
    endloop
  endfacet
  facet normal -0.97005 -0.242904 0
    outer loop
      vertex -90.725 -96.7464 0
      vertex -90.756 -96.6226 3
      vertex -90.756 -96.6226 0
    endloop
  endfacet
  facet normal -0.97005 -0.242904 0
    outer loop
      vertex -90.756 -96.6226 3
      vertex -90.725 -96.7464 0
      vertex -90.725 -96.7464 3
    endloop
  endfacet
  facet normal -0.803279 -0.595602 0
    outer loop
      vertex -90.9191 -96.2778 0
      vertex -90.9951 -96.1753 3
      vertex -90.9951 -96.1753 0
    endloop
  endfacet
  facet normal -0.803279 -0.595602 0
    outer loop
      vertex -90.9951 -96.1753 3
      vertex -90.9191 -96.2778 0
      vertex -90.9191 -96.2778 3
    endloop
  endfacet
  facet normal 0.904089 0.427345 0
    outer loop
      vertex -93.1465 -97.6128 3
      vertex -93.201 -97.4975 0
      vertex -93.201 -97.4975 3
    endloop
  endfacet
  facet normal 0.904089 0.427345 0
    outer loop
      vertex -93.201 -97.4975 0
      vertex -93.1465 -97.6128 3
      vertex -93.1465 -97.6128 0
    endloop
  endfacet
  facet normal -0.671775 0.740755 0
    outer loop
      vertex -91.0808 -97.9192 0
      vertex -91.1753 -98.0049 3
      vertex -91.0808 -97.9192 3
    endloop
  endfacet
  facet normal -0.671775 0.740755 0
    outer loop
      vertex -91.1753 -98.0049 3
      vertex -91.0808 -97.9192 0
      vertex -91.1753 -98.0049 0
    endloop
  endfacet
  facet normal 0.671775 0.740755 -0
    outer loop
      vertex -92.8247 -98.0049 0
      vertex -92.9192 -97.9192 3
      vertex -92.8247 -98.0049 3
    endloop
  endfacet
  facet normal 0.671775 0.740755 0
    outer loop
      vertex -92.9192 -97.9192 3
      vertex -92.8247 -98.0049 0
      vertex -92.9192 -97.9192 0
    endloop
  endfacet
  facet normal -0.427345 0.904089 0
    outer loop
      vertex -91.3872 -98.1465 0
      vertex -91.5025 -98.201 3
      vertex -91.3872 -98.1465 3
    endloop
  endfacet
  facet normal -0.427345 0.904089 0
    outer loop
      vertex -91.5025 -98.201 3
      vertex -91.3872 -98.1465 0
      vertex -91.5025 -98.201 0
    endloop
  endfacet
  facet normal -0.941476 0.337081 0
    outer loop
      vertex -90.799 -97.4975 0
      vertex -90.756 -97.3774 3
      vertex -90.756 -97.3774 0
    endloop
  endfacet
  facet normal -0.941476 0.337081 0
    outer loop
      vertex -90.756 -97.3774 3
      vertex -90.799 -97.4975 0
      vertex -90.799 -97.4975 3
    endloop
  endfacet
  facet normal -0.0493902 0.99878 0
    outer loop
      vertex -91.8726 -98.2937 0
      vertex -92 -98.3 3
      vertex -91.8726 -98.2937 3
    endloop
  endfacet
  facet normal -0.0493902 0.99878 0
    outer loop
      vertex -92 -98.3 3
      vertex -91.8726 -98.2937 0
      vertex -92 -98.3 0
    endloop
  endfacet
  facet normal 0.857631 0.514265 0
    outer loop
      vertex -93.0809 -97.7222 3
      vertex -93.1465 -97.6128 0
      vertex -93.1465 -97.6128 3
    endloop
  endfacet
  facet normal 0.857631 0.514265 0
    outer loop
      vertex -93.1465 -97.6128 0
      vertex -93.0809 -97.7222 3
      vertex -93.0809 -97.7222 0
    endloop
  endfacet
  facet normal -0.989199 -0.146577 0
    outer loop
      vertex -90.7063 -96.8726 0
      vertex -90.725 -96.7464 3
      vertex -90.725 -96.7464 0
    endloop
  endfacet
  facet normal -0.989199 -0.146577 0
    outer loop
      vertex -90.725 -96.7464 3
      vertex -90.7063 -96.8726 0
      vertex -90.7063 -96.8726 3
    endloop
  endfacet
  facet normal -0.99878 -0.0493902 0
    outer loop
      vertex -90.7 -97 0
      vertex -90.7063 -96.8726 3
      vertex -90.7063 -96.8726 0
    endloop
  endfacet
  facet normal -0.99878 -0.0493902 0
    outer loop
      vertex -90.7063 -96.8726 3
      vertex -90.7 -97 0
      vertex -90.7 -97 3
    endloop
  endfacet
  facet normal 0.671775 -0.740755 0
    outer loop
      vertex -92.9192 -96.0808 0
      vertex -92.8247 -95.9951 3
      vertex -92.9192 -96.0808 3
    endloop
  endfacet
  facet normal 0.671775 -0.740755 0
    outer loop
      vertex -92.8247 -95.9951 3
      vertex -92.9192 -96.0808 0
      vertex -92.8247 -95.9951 0
    endloop
  endfacet
  facet normal -0.904089 0.427345 0
    outer loop
      vertex -90.8535 -97.6128 0
      vertex -90.799 -97.4975 3
      vertex -90.799 -97.4975 0
    endloop
  endfacet
  facet normal -0.904089 0.427345 0
    outer loop
      vertex -90.799 -97.4975 3
      vertex -90.8535 -97.6128 0
      vertex -90.8535 -97.6128 3
    endloop
  endfacet
  facet normal 0.97005 0.242904 0
    outer loop
      vertex -93.244 -97.3774 3
      vertex -93.275 -97.2536 0
      vertex -93.275 -97.2536 3
    endloop
  endfacet
  facet normal 0.97005 0.242904 0
    outer loop
      vertex -93.275 -97.2536 0
      vertex -93.244 -97.3774 3
      vertex -93.244 -97.3774 0
    endloop
  endfacet
  facet normal -0.242904 -0.97005 0
    outer loop
      vertex -91.7464 -95.725 0
      vertex -91.6226 -95.756 3
      vertex -91.7464 -95.725 3
    endloop
  endfacet
  facet normal -0.242904 -0.97005 -0
    outer loop
      vertex -91.6226 -95.756 3
      vertex -91.7464 -95.725 0
      vertex -91.6226 -95.756 0
    endloop
  endfacet
  facet normal 0.146577 0.989199 -0
    outer loop
      vertex -92.1274 -98.2937 0
      vertex -92.2536 -98.275 3
      vertex -92.1274 -98.2937 3
    endloop
  endfacet
  facet normal 0.146577 0.989199 0
    outer loop
      vertex -92.2536 -98.275 3
      vertex -92.1274 -98.2937 0
      vertex -92.2536 -98.275 0
    endloop
  endfacet
  facet normal -0.740755 0.671775 0
    outer loop
      vertex -91.0808 -97.9192 0
      vertex -90.9951 -97.8247 3
      vertex -90.9951 -97.8247 0
    endloop
  endfacet
  facet normal -0.740755 0.671775 0
    outer loop
      vertex -90.9951 -97.8247 3
      vertex -91.0808 -97.9192 0
      vertex -91.0808 -97.9192 3
    endloop
  endfacet
  facet normal 0.427345 0.904089 -0
    outer loop
      vertex -92.4975 -98.201 0
      vertex -92.6128 -98.1465 3
      vertex -92.4975 -98.201 3
    endloop
  endfacet
  facet normal 0.427345 0.904089 0
    outer loop
      vertex -92.6128 -98.1465 3
      vertex -92.4975 -98.201 0
      vertex -92.6128 -98.1465 0
    endloop
  endfacet
  facet normal -0.941476 -0.337081 0
    outer loop
      vertex -90.756 -96.6226 0
      vertex -90.799 -96.5025 3
      vertex -90.799 -96.5025 0
    endloop
  endfacet
  facet normal -0.941476 -0.337081 0
    outer loop
      vertex -90.799 -96.5025 3
      vertex -90.756 -96.6226 0
      vertex -90.756 -96.6226 3
    endloop
  endfacet
  facet normal -0.857631 0.514265 0
    outer loop
      vertex -90.9191 -97.7222 0
      vertex -90.8535 -97.6128 3
      vertex -90.8535 -97.6128 0
    endloop
  endfacet
  facet normal -0.857631 0.514265 0
    outer loop
      vertex -90.8535 -97.6128 3
      vertex -90.9191 -97.7222 0
      vertex -90.9191 -97.7222 3
    endloop
  endfacet
  facet normal 0.146577 -0.989199 0
    outer loop
      vertex -92.2536 -95.725 0
      vertex -92.1274 -95.7063 3
      vertex -92.2536 -95.725 3
    endloop
  endfacet
  facet normal 0.146577 -0.989199 0
    outer loop
      vertex -92.1274 -95.7063 3
      vertex -92.2536 -95.725 0
      vertex -92.1274 -95.7063 0
    endloop
  endfacet
  facet normal 0.0493902 0.99878 -0
    outer loop
      vertex -92 -98.3 0
      vertex -92.1274 -98.2937 3
      vertex -92 -98.3 3
    endloop
  endfacet
  facet normal 0.0493902 0.99878 0
    outer loop
      vertex -92.1274 -98.2937 3
      vertex -92 -98.3 0
      vertex -92.1274 -98.2937 0
    endloop
  endfacet
  facet normal 0.514265 0.857631 -0
    outer loop
      vertex -92.6128 -98.1465 0
      vertex -92.7222 -98.0809 3
      vertex -92.6128 -98.1465 3
    endloop
  endfacet
  facet normal 0.514265 0.857631 0
    outer loop
      vertex -92.7222 -98.0809 3
      vertex -92.6128 -98.1465 0
      vertex -92.7222 -98.0809 0
    endloop
  endfacet
  facet normal 0.941476 -0.337081 0
    outer loop
      vertex -93.244 -96.6226 3
      vertex -93.201 -96.5025 0
      vertex -93.201 -96.5025 3
    endloop
  endfacet
  facet normal 0.941476 -0.337081 0
    outer loop
      vertex -93.201 -96.5025 0
      vertex -93.244 -96.6226 3
      vertex -93.244 -96.6226 0
    endloop
  endfacet
  facet normal 0.740755 0.671775 0
    outer loop
      vertex -92.9192 -97.9192 3
      vertex -93.0049 -97.8247 0
      vertex -93.0049 -97.8247 3
    endloop
  endfacet
  facet normal 0.740755 0.671775 0
    outer loop
      vertex -93.0049 -97.8247 0
      vertex -92.9192 -97.9192 3
      vertex -92.9192 -97.9192 0
    endloop
  endfacet
  facet normal 0.337081 -0.941476 0
    outer loop
      vertex -92.4975 -95.799 0
      vertex -92.3774 -95.756 3
      vertex -92.4975 -95.799 3
    endloop
  endfacet
  facet normal 0.337081 -0.941476 0
    outer loop
      vertex -92.3774 -95.756 3
      vertex -92.4975 -95.799 0
      vertex -92.3774 -95.756 0
    endloop
  endfacet
  facet normal 0.427345 -0.904089 0
    outer loop
      vertex -92.6128 -95.8535 0
      vertex -92.4975 -95.799 3
      vertex -92.6128 -95.8535 3
    endloop
  endfacet
  facet normal 0.427345 -0.904089 0
    outer loop
      vertex -92.4975 -95.799 3
      vertex -92.6128 -95.8535 0
      vertex -92.4975 -95.799 0
    endloop
  endfacet
  facet normal -0.242904 0.97005 0
    outer loop
      vertex -91.6226 -98.244 0
      vertex -91.7464 -98.275 3
      vertex -91.6226 -98.244 3
    endloop
  endfacet
  facet normal -0.242904 0.97005 0
    outer loop
      vertex -91.7464 -98.275 3
      vertex -91.6226 -98.244 0
      vertex -91.7464 -98.275 0
    endloop
  endfacet
  facet normal -0.146577 0.989199 0
    outer loop
      vertex -91.7464 -98.275 0
      vertex -91.8726 -98.2937 3
      vertex -91.7464 -98.275 3
    endloop
  endfacet
  facet normal -0.146577 0.989199 0
    outer loop
      vertex -91.8726 -98.2937 3
      vertex -91.7464 -98.275 0
      vertex -91.8726 -98.2937 0
    endloop
  endfacet
  facet normal -0.671775 -0.740755 0
    outer loop
      vertex -91.1753 -95.9951 0
      vertex -91.0808 -96.0808 3
      vertex -91.1753 -95.9951 3
    endloop
  endfacet
  facet normal -0.671775 -0.740755 -0
    outer loop
      vertex -91.0808 -96.0808 3
      vertex -91.1753 -95.9951 0
      vertex -91.0808 -96.0808 0
    endloop
  endfacet
  facet normal 0.514265 -0.857631 0
    outer loop
      vertex -92.7222 -95.9191 0
      vertex -92.6128 -95.8535 3
      vertex -92.7222 -95.9191 3
    endloop
  endfacet
  facet normal 0.514265 -0.857631 0
    outer loop
      vertex -92.6128 -95.8535 3
      vertex -92.7222 -95.9191 0
      vertex -92.6128 -95.8535 0
    endloop
  endfacet
  facet normal 0.989199 0.146577 0
    outer loop
      vertex -93.275 -97.2536 3
      vertex -93.2937 -97.1274 0
      vertex -93.2937 -97.1274 3
    endloop
  endfacet
  facet normal 0.989199 0.146577 0
    outer loop
      vertex -93.2937 -97.1274 0
      vertex -93.275 -97.2536 3
      vertex -93.275 -97.2536 0
    endloop
  endfacet
  facet normal 0.740755 -0.671775 0
    outer loop
      vertex -93.0049 -96.1753 3
      vertex -92.9192 -96.0808 0
      vertex -92.9192 -96.0808 3
    endloop
  endfacet
  facet normal 0.740755 -0.671775 0
    outer loop
      vertex -92.9192 -96.0808 0
      vertex -93.0049 -96.1753 3
      vertex -93.0049 -96.1753 0
    endloop
  endfacet
  facet normal 0.595602 -0.803279 0
    outer loop
      vertex -92.8247 -95.9951 0
      vertex -92.7222 -95.9191 3
      vertex -92.8247 -95.9951 3
    endloop
  endfacet
  facet normal 0.595602 -0.803279 0
    outer loop
      vertex -92.7222 -95.9191 3
      vertex -92.8247 -95.9951 0
      vertex -92.7222 -95.9191 0
    endloop
  endfacet
  facet normal 0.989199 -0.146577 0
    outer loop
      vertex -93.2937 -96.8726 3
      vertex -93.275 -96.7464 0
      vertex -93.275 -96.7464 3
    endloop
  endfacet
  facet normal 0.989199 -0.146577 0
    outer loop
      vertex -93.275 -96.7464 0
      vertex -93.2937 -96.8726 3
      vertex -93.2937 -96.8726 0
    endloop
  endfacet
  facet normal -0.740755 -0.671775 0
    outer loop
      vertex -90.9951 -96.1753 0
      vertex -91.0808 -96.0808 3
      vertex -91.0808 -96.0808 0
    endloop
  endfacet
  facet normal -0.740755 -0.671775 0
    outer loop
      vertex -91.0808 -96.0808 3
      vertex -90.9951 -96.1753 0
      vertex -90.9951 -96.1753 3
    endloop
  endfacet
  facet normal -0.595602 -0.803279 0
    outer loop
      vertex -91.2778 -95.9191 0
      vertex -91.1753 -95.9951 3
      vertex -91.2778 -95.9191 3
    endloop
  endfacet
  facet normal -0.595602 -0.803279 -0
    outer loop
      vertex -91.1753 -95.9951 3
      vertex -91.2778 -95.9191 0
      vertex -91.1753 -95.9951 0
    endloop
  endfacet
  facet normal 0.803279 -0.595602 0
    outer loop
      vertex -93.0809 -96.2778 3
      vertex -93.0049 -96.1753 0
      vertex -93.0049 -96.1753 3
    endloop
  endfacet
  facet normal 0.803279 -0.595602 0
    outer loop
      vertex -93.0049 -96.1753 0
      vertex -93.0809 -96.2778 3
      vertex -93.0809 -96.2778 0
    endloop
  endfacet
  facet normal 0.99878 0.0493902 0
    outer loop
      vertex -93.2937 -97.1274 3
      vertex -93.3 -97 0
      vertex -93.3 -97 3
    endloop
  endfacet
  facet normal 0.99878 0.0493902 0
    outer loop
      vertex -93.3 -97 0
      vertex -93.2937 -97.1274 3
      vertex -93.2937 -97.1274 0
    endloop
  endfacet
  facet normal 0.99878 -0.0493902 0
    outer loop
      vertex -93.3 -97 3
      vertex -93.2937 -96.8726 0
      vertex -93.2937 -96.8726 3
    endloop
  endfacet
  facet normal 0.99878 -0.0493902 0
    outer loop
      vertex -93.2937 -96.8726 0
      vertex -93.3 -97 3
      vertex -93.3 -97 0
    endloop
  endfacet
  facet normal 0.242904 -0.97005 0
    outer loop
      vertex -92.3774 -95.756 0
      vertex -92.2536 -95.725 3
      vertex -92.3774 -95.756 3
    endloop
  endfacet
  facet normal 0.242904 -0.97005 0
    outer loop
      vertex -92.2536 -95.725 3
      vertex -92.3774 -95.756 0
      vertex -92.2536 -95.725 0
    endloop
  endfacet
  facet normal 0.427345 -0.904089 0
    outer loop
      vertex -68.6128 98.1465 0
      vertex -68.4975 98.201 3
      vertex -68.6128 98.1465 3
    endloop
  endfacet
  facet normal 0.427345 -0.904089 0
    outer loop
      vertex -68.4975 98.201 3
      vertex -68.6128 98.1465 0
      vertex -68.4975 98.201 0
    endloop
  endfacet
  facet normal -0.989199 0.146577 0
    outer loop
      vertex -66.725 96.7464 0
      vertex -66.7063 96.8726 3
      vertex -66.7063 96.8726 0
    endloop
  endfacet
  facet normal -0.989199 0.146577 0
    outer loop
      vertex -66.7063 96.8726 3
      vertex -66.725 96.7464 0
      vertex -66.725 96.7464 3
    endloop
  endfacet
  facet normal -0.99878 0.0493902 0
    outer loop
      vertex -66.7063 96.8726 0
      vertex -66.7 97 3
      vertex -66.7 97 0
    endloop
  endfacet
  facet normal -0.99878 0.0493902 0
    outer loop
      vertex -66.7 97 3
      vertex -66.7063 96.8726 0
      vertex -66.7063 96.8726 3
    endloop
  endfacet
  facet normal -0.97005 0.242904 0
    outer loop
      vertex -66.756 96.6226 0
      vertex -66.725 96.7464 3
      vertex -66.725 96.7464 0
    endloop
  endfacet
  facet normal -0.97005 0.242904 0
    outer loop
      vertex -66.725 96.7464 3
      vertex -66.756 96.6226 0
      vertex -66.756 96.6226 3
    endloop
  endfacet
  facet normal -0.427345 -0.904089 0
    outer loop
      vertex -67.5025 98.201 0
      vertex -67.3872 98.1465 3
      vertex -67.5025 98.201 3
    endloop
  endfacet
  facet normal -0.427345 -0.904089 -0
    outer loop
      vertex -67.3872 98.1465 3
      vertex -67.5025 98.201 0
      vertex -67.3872 98.1465 0
    endloop
  endfacet
  facet normal 0.146577 0.989199 -0
    outer loop
      vertex -68.1274 95.7063 0
      vertex -68.2536 95.725 3
      vertex -68.1274 95.7063 3
    endloop
  endfacet
  facet normal 0.146577 0.989199 0
    outer loop
      vertex -68.2536 95.725 3
      vertex -68.1274 95.7063 0
      vertex -68.2536 95.725 0
    endloop
  endfacet
  facet normal 0.941476 -0.337081 0
    outer loop
      vertex -69.244 97.3774 3
      vertex -69.201 97.4975 0
      vertex -69.201 97.4975 3
    endloop
  endfacet
  facet normal 0.941476 -0.337081 0
    outer loop
      vertex -69.201 97.4975 0
      vertex -69.244 97.3774 3
      vertex -69.244 97.3774 0
    endloop
  endfacet
  facet normal -0.514265 0.857631 0
    outer loop
      vertex -67.2778 95.9191 0
      vertex -67.3872 95.8535 3
      vertex -67.2778 95.9191 3
    endloop
  endfacet
  facet normal -0.514265 0.857631 0
    outer loop
      vertex -67.3872 95.8535 3
      vertex -67.2778 95.9191 0
      vertex -67.3872 95.8535 0
    endloop
  endfacet
  facet normal 0.242904 -0.97005 0
    outer loop
      vertex -68.3774 98.244 0
      vertex -68.2536 98.275 3
      vertex -68.3774 98.244 3
    endloop
  endfacet
  facet normal 0.242904 -0.97005 0
    outer loop
      vertex -68.2536 98.275 3
      vertex -68.3774 98.244 0
      vertex -68.2536 98.275 0
    endloop
  endfacet
  facet normal -0.242904 -0.97005 0
    outer loop
      vertex -67.7464 98.275 0
      vertex -67.6226 98.244 3
      vertex -67.7464 98.275 3
    endloop
  endfacet
  facet normal -0.242904 -0.97005 -0
    outer loop
      vertex -67.6226 98.244 3
      vertex -67.7464 98.275 0
      vertex -67.6226 98.244 0
    endloop
  endfacet
  facet normal 0.514265 0.857631 -0
    outer loop
      vertex -68.6128 95.8535 0
      vertex -68.7222 95.9191 3
      vertex -68.6128 95.8535 3
    endloop
  endfacet
  facet normal 0.514265 0.857631 0
    outer loop
      vertex -68.7222 95.9191 3
      vertex -68.6128 95.8535 0
      vertex -68.7222 95.9191 0
    endloop
  endfacet
  facet normal 0.595602 0.803279 -0
    outer loop
      vertex -68.7222 95.9191 0
      vertex -68.8247 95.9951 3
      vertex -68.7222 95.9191 3
    endloop
  endfacet
  facet normal 0.595602 0.803279 0
    outer loop
      vertex -68.8247 95.9951 3
      vertex -68.7222 95.9191 0
      vertex -68.8247 95.9951 0
    endloop
  endfacet
  facet normal -0.146577 0.989199 0
    outer loop
      vertex -67.7464 95.725 0
      vertex -67.8726 95.7063 3
      vertex -67.7464 95.725 3
    endloop
  endfacet
  facet normal -0.146577 0.989199 0
    outer loop
      vertex -67.8726 95.7063 3
      vertex -67.7464 95.725 0
      vertex -67.8726 95.7063 0
    endloop
  endfacet
  facet normal -0.0493902 -0.99878 0
    outer loop
      vertex -68 98.3 0
      vertex -67.8726 98.2937 3
      vertex -68 98.3 3
    endloop
  endfacet
  facet normal -0.0493902 -0.99878 -0
    outer loop
      vertex -67.8726 98.2937 3
      vertex -68 98.3 0
      vertex -67.8726 98.2937 0
    endloop
  endfacet
  facet normal 0.514265 -0.857631 0
    outer loop
      vertex -68.7222 98.0809 0
      vertex -68.6128 98.1465 3
      vertex -68.7222 98.0809 3
    endloop
  endfacet
  facet normal 0.514265 -0.857631 0
    outer loop
      vertex -68.6128 98.1465 3
      vertex -68.7222 98.0809 0
      vertex -68.6128 98.1465 0
    endloop
  endfacet
  facet normal 0.989199 0.146577 0
    outer loop
      vertex -69.275 96.7464 3
      vertex -69.2937 96.8726 0
      vertex -69.2937 96.8726 3
    endloop
  endfacet
  facet normal 0.989199 0.146577 0
    outer loop
      vertex -69.2937 96.8726 0
      vertex -69.275 96.7464 3
      vertex -69.275 96.7464 0
    endloop
  endfacet
  facet normal -0.904089 0.427345 0
    outer loop
      vertex -66.8535 96.3872 0
      vertex -66.799 96.5025 3
      vertex -66.799 96.5025 0
    endloop
  endfacet
  facet normal -0.904089 0.427345 0
    outer loop
      vertex -66.799 96.5025 3
      vertex -66.8535 96.3872 0
      vertex -66.8535 96.3872 3
    endloop
  endfacet
  facet normal 0.146577 -0.989199 0
    outer loop
      vertex -68.2536 98.275 0
      vertex -68.1274 98.2937 3
      vertex -68.2536 98.275 3
    endloop
  endfacet
  facet normal 0.146577 -0.989199 0
    outer loop
      vertex -68.1274 98.2937 3
      vertex -68.2536 98.275 0
      vertex -68.1274 98.2937 0
    endloop
  endfacet
  facet normal -0.514265 -0.857631 0
    outer loop
      vertex -67.3872 98.1465 0
      vertex -67.2778 98.0809 3
      vertex -67.3872 98.1465 3
    endloop
  endfacet
  facet normal -0.514265 -0.857631 -0
    outer loop
      vertex -67.2778 98.0809 3
      vertex -67.3872 98.1465 0
      vertex -67.2778 98.0809 0
    endloop
  endfacet
  facet normal 0.904089 -0.427345 0
    outer loop
      vertex -69.201 97.4975 3
      vertex -69.1465 97.6128 0
      vertex -69.1465 97.6128 3
    endloop
  endfacet
  facet normal 0.904089 -0.427345 0
    outer loop
      vertex -69.1465 97.6128 0
      vertex -69.201 97.4975 3
      vertex -69.201 97.4975 0
    endloop
  endfacet
  facet normal -0.989199 -0.146577 0
    outer loop
      vertex -66.7063 97.1274 0
      vertex -66.725 97.2536 3
      vertex -66.725 97.2536 0
    endloop
  endfacet
  facet normal -0.989199 -0.146577 0
    outer loop
      vertex -66.725 97.2536 3
      vertex -66.7063 97.1274 0
      vertex -66.7063 97.1274 3
    endloop
  endfacet
  facet normal -0.595602 0.803279 0
    outer loop
      vertex -67.1753 95.9951 0
      vertex -67.2778 95.9191 3
      vertex -67.1753 95.9951 3
    endloop
  endfacet
  facet normal -0.595602 0.803279 0
    outer loop
      vertex -67.2778 95.9191 3
      vertex -67.1753 95.9951 0
      vertex -67.2778 95.9191 0
    endloop
  endfacet
  facet normal -0.803279 -0.595602 0
    outer loop
      vertex -66.9191 97.7222 0
      vertex -66.9951 97.8247 3
      vertex -66.9951 97.8247 0
    endloop
  endfacet
  facet normal -0.803279 -0.595602 0
    outer loop
      vertex -66.9951 97.8247 3
      vertex -66.9191 97.7222 0
      vertex -66.9191 97.7222 3
    endloop
  endfacet
  facet normal 0.941476 0.337081 0
    outer loop
      vertex -69.201 96.5025 3
      vertex -69.244 96.6226 0
      vertex -69.244 96.6226 3
    endloop
  endfacet
  facet normal 0.941476 0.337081 0
    outer loop
      vertex -69.244 96.6226 0
      vertex -69.201 96.5025 3
      vertex -69.201 96.5025 0
    endloop
  endfacet
  facet normal -0.803279 0.595602 0
    outer loop
      vertex -66.9951 96.1753 0
      vertex -66.9191 96.2778 3
      vertex -66.9191 96.2778 0
    endloop
  endfacet
  facet normal -0.803279 0.595602 0
    outer loop
      vertex -66.9191 96.2778 3
      vertex -66.9951 96.1753 0
      vertex -66.9951 96.1753 3
    endloop
  endfacet
  facet normal 0.0493902 0.99878 -0
    outer loop
      vertex -68 95.7 0
      vertex -68.1274 95.7063 3
      vertex -68 95.7 3
    endloop
  endfacet
  facet normal 0.0493902 0.99878 0
    outer loop
      vertex -68.1274 95.7063 3
      vertex -68 95.7 0
      vertex -68.1274 95.7063 0
    endloop
  endfacet
  facet normal 0.97005 -0.242904 0
    outer loop
      vertex -69.275 97.2536 3
      vertex -69.244 97.3774 0
      vertex -69.244 97.3774 3
    endloop
  endfacet
  facet normal 0.97005 -0.242904 0
    outer loop
      vertex -69.244 97.3774 0
      vertex -69.275 97.2536 3
      vertex -69.275 97.2536 0
    endloop
  endfacet
  facet normal 0.337081 0.941476 -0
    outer loop
      vertex -68.3774 95.756 0
      vertex -68.4975 95.799 3
      vertex -68.3774 95.756 3
    endloop
  endfacet
  facet normal 0.337081 0.941476 0
    outer loop
      vertex -68.4975 95.799 3
      vertex -68.3774 95.756 0
      vertex -68.4975 95.799 0
    endloop
  endfacet
  facet normal -0.904089 -0.427345 0
    outer loop
      vertex -66.799 97.4975 0
      vertex -66.8535 97.6128 3
      vertex -66.8535 97.6128 0
    endloop
  endfacet
  facet normal -0.904089 -0.427345 0
    outer loop
      vertex -66.8535 97.6128 3
      vertex -66.799 97.4975 0
      vertex -66.799 97.4975 3
    endloop
  endfacet
  facet normal 0.740755 0.671775 0
    outer loop
      vertex -68.9192 96.0808 3
      vertex -69.0049 96.1753 0
      vertex -69.0049 96.1753 3
    endloop
  endfacet
  facet normal 0.740755 0.671775 0
    outer loop
      vertex -69.0049 96.1753 0
      vertex -68.9192 96.0808 3
      vertex -68.9192 96.0808 0
    endloop
  endfacet
  facet normal 0.857631 0.514265 0
    outer loop
      vertex -69.0809 96.2778 3
      vertex -69.1465 96.3872 0
      vertex -69.1465 96.3872 3
    endloop
  endfacet
  facet normal 0.857631 0.514265 0
    outer loop
      vertex -69.1465 96.3872 0
      vertex -69.0809 96.2778 3
      vertex -69.0809 96.2778 0
    endloop
  endfacet
  facet normal -0.146577 -0.989199 0
    outer loop
      vertex -67.8726 98.2937 0
      vertex -67.7464 98.275 3
      vertex -67.8726 98.2937 3
    endloop
  endfacet
  facet normal -0.146577 -0.989199 -0
    outer loop
      vertex -67.7464 98.275 3
      vertex -67.8726 98.2937 0
      vertex -67.7464 98.275 0
    endloop
  endfacet
  facet normal -0.941476 0.337081 0
    outer loop
      vertex -66.799 96.5025 0
      vertex -66.756 96.6226 3
      vertex -66.756 96.6226 0
    endloop
  endfacet
  facet normal -0.941476 0.337081 0
    outer loop
      vertex -66.756 96.6226 3
      vertex -66.799 96.5025 0
      vertex -66.799 96.5025 3
    endloop
  endfacet
  facet normal -0.671775 0.740755 0
    outer loop
      vertex -67.0808 96.0808 0
      vertex -67.1753 95.9951 3
      vertex -67.0808 96.0808 3
    endloop
  endfacet
  facet normal -0.671775 0.740755 0
    outer loop
      vertex -67.1753 95.9951 3
      vertex -67.0808 96.0808 0
      vertex -67.1753 95.9951 0
    endloop
  endfacet
  facet normal -0.97005 -0.242904 0
    outer loop
      vertex -66.725 97.2536 0
      vertex -66.756 97.3774 3
      vertex -66.756 97.3774 0
    endloop
  endfacet
  facet normal -0.97005 -0.242904 0
    outer loop
      vertex -66.756 97.3774 3
      vertex -66.725 97.2536 0
      vertex -66.725 97.2536 3
    endloop
  endfacet
  facet normal 0.427345 0.904089 -0
    outer loop
      vertex -68.4975 95.799 0
      vertex -68.6128 95.8535 3
      vertex -68.4975 95.799 3
    endloop
  endfacet
  facet normal 0.427345 0.904089 0
    outer loop
      vertex -68.6128 95.8535 3
      vertex -68.4975 95.799 0
      vertex -68.6128 95.8535 0
    endloop
  endfacet
  facet normal -0.337081 0.941476 0
    outer loop
      vertex -67.5025 95.799 0
      vertex -67.6226 95.756 3
      vertex -67.5025 95.799 3
    endloop
  endfacet
  facet normal -0.337081 0.941476 0
    outer loop
      vertex -67.6226 95.756 3
      vertex -67.5025 95.799 0
      vertex -67.6226 95.756 0
    endloop
  endfacet
  facet normal 0.242904 0.97005 -0
    outer loop
      vertex -68.2536 95.725 0
      vertex -68.3774 95.756 3
      vertex -68.2536 95.725 3
    endloop
  endfacet
  facet normal 0.242904 0.97005 0
    outer loop
      vertex -68.3774 95.756 3
      vertex -68.2536 95.725 0
      vertex -68.3774 95.756 0
    endloop
  endfacet
  facet normal -0.857631 -0.514265 0
    outer loop
      vertex -66.8535 97.6128 0
      vertex -66.9191 97.7222 3
      vertex -66.9191 97.7222 0
    endloop
  endfacet
  facet normal -0.857631 -0.514265 0
    outer loop
      vertex -66.9191 97.7222 3
      vertex -66.8535 97.6128 0
      vertex -66.8535 97.6128 3
    endloop
  endfacet
  facet normal -0.427345 0.904089 0
    outer loop
      vertex -67.3872 95.8535 0
      vertex -67.5025 95.799 3
      vertex -67.3872 95.8535 3
    endloop
  endfacet
  facet normal -0.427345 0.904089 0
    outer loop
      vertex -67.5025 95.799 3
      vertex -67.3872 95.8535 0
      vertex -67.5025 95.799 0
    endloop
  endfacet
  facet normal -0.0493902 0.99878 0
    outer loop
      vertex -67.8726 95.7063 0
      vertex -68 95.7 3
      vertex -67.8726 95.7063 3
    endloop
  endfacet
  facet normal -0.0493902 0.99878 0
    outer loop
      vertex -68 95.7 3
      vertex -67.8726 95.7063 0
      vertex -68 95.7 0
    endloop
  endfacet
  facet normal -0.941476 -0.337081 0
    outer loop
      vertex -66.756 97.3774 0
      vertex -66.799 97.4975 3
      vertex -66.799 97.4975 0
    endloop
  endfacet
  facet normal -0.941476 -0.337081 0
    outer loop
      vertex -66.799 97.4975 3
      vertex -66.756 97.3774 0
      vertex -66.756 97.3774 3
    endloop
  endfacet
  facet normal -0.671775 -0.740755 0
    outer loop
      vertex -67.1753 98.0049 0
      vertex -67.0808 97.9192 3
      vertex -67.1753 98.0049 3
    endloop
  endfacet
  facet normal -0.671775 -0.740755 -0
    outer loop
      vertex -67.0808 97.9192 3
      vertex -67.1753 98.0049 0
      vertex -67.0808 97.9192 0
    endloop
  endfacet
  facet normal -0.242904 0.97005 0
    outer loop
      vertex -67.6226 95.756 0
      vertex -67.7464 95.725 3
      vertex -67.6226 95.756 3
    endloop
  endfacet
  facet normal -0.242904 0.97005 0
    outer loop
      vertex -67.7464 95.725 3
      vertex -67.6226 95.756 0
      vertex -67.7464 95.725 0
    endloop
  endfacet
  facet normal -0.857631 0.514265 0
    outer loop
      vertex -66.9191 96.2778 0
      vertex -66.8535 96.3872 3
      vertex -66.8535 96.3872 0
    endloop
  endfacet
  facet normal -0.857631 0.514265 0
    outer loop
      vertex -66.8535 96.3872 3
      vertex -66.9191 96.2778 0
      vertex -66.9191 96.2778 3
    endloop
  endfacet
  facet normal -0.99878 -0.0493902 0
    outer loop
      vertex -66.7 97 0
      vertex -66.7063 97.1274 3
      vertex -66.7063 97.1274 0
    endloop
  endfacet
  facet normal -0.99878 -0.0493902 0
    outer loop
      vertex -66.7063 97.1274 3
      vertex -66.7 97 0
      vertex -66.7 97 3
    endloop
  endfacet
  facet normal 0.97005 0.242904 0
    outer loop
      vertex -69.244 96.6226 3
      vertex -69.275 96.7464 0
      vertex -69.275 96.7464 3
    endloop
  endfacet
  facet normal 0.97005 0.242904 0
    outer loop
      vertex -69.275 96.7464 0
      vertex -69.244 96.6226 3
      vertex -69.244 96.6226 0
    endloop
  endfacet
  facet normal 0.671775 0.740755 -0
    outer loop
      vertex -68.8247 95.9951 0
      vertex -68.9192 96.0808 3
      vertex -68.8247 95.9951 3
    endloop
  endfacet
  facet normal 0.671775 0.740755 0
    outer loop
      vertex -68.9192 96.0808 3
      vertex -68.8247 95.9951 0
      vertex -68.9192 96.0808 0
    endloop
  endfacet
  facet normal 0.857631 -0.514265 0
    outer loop
      vertex -69.1465 97.6128 3
      vertex -69.0809 97.7222 0
      vertex -69.0809 97.7222 3
    endloop
  endfacet
  facet normal 0.857631 -0.514265 0
    outer loop
      vertex -69.0809 97.7222 0
      vertex -69.1465 97.6128 3
      vertex -69.1465 97.6128 0
    endloop
  endfacet
  facet normal 0.740755 -0.671775 0
    outer loop
      vertex -69.0049 97.8247 3
      vertex -68.9192 97.9192 0
      vertex -68.9192 97.9192 3
    endloop
  endfacet
  facet normal 0.740755 -0.671775 0
    outer loop
      vertex -68.9192 97.9192 0
      vertex -69.0049 97.8247 3
      vertex -69.0049 97.8247 0
    endloop
  endfacet
  facet normal 0.595602 -0.803279 0
    outer loop
      vertex -68.8247 98.0049 0
      vertex -68.7222 98.0809 3
      vertex -68.8247 98.0049 3
    endloop
  endfacet
  facet normal 0.595602 -0.803279 0
    outer loop
      vertex -68.7222 98.0809 3
      vertex -68.8247 98.0049 0
      vertex -68.7222 98.0809 0
    endloop
  endfacet
  facet normal 0.989199 -0.146577 0
    outer loop
      vertex -69.2937 97.1274 3
      vertex -69.275 97.2536 0
      vertex -69.275 97.2536 3
    endloop
  endfacet
  facet normal 0.989199 -0.146577 0
    outer loop
      vertex -69.275 97.2536 0
      vertex -69.2937 97.1274 3
      vertex -69.2937 97.1274 0
    endloop
  endfacet
  facet normal 0.803279 -0.595602 0
    outer loop
      vertex -69.0809 97.7222 3
      vertex -69.0049 97.8247 0
      vertex -69.0049 97.8247 3
    endloop
  endfacet
  facet normal 0.803279 -0.595602 0
    outer loop
      vertex -69.0049 97.8247 0
      vertex -69.0809 97.7222 3
      vertex -69.0809 97.7222 0
    endloop
  endfacet
  facet normal -0.337081 -0.941476 0
    outer loop
      vertex -67.6226 98.244 0
      vertex -67.5025 98.201 3
      vertex -67.6226 98.244 3
    endloop
  endfacet
  facet normal -0.337081 -0.941476 -0
    outer loop
      vertex -67.5025 98.201 3
      vertex -67.6226 98.244 0
      vertex -67.5025 98.201 0
    endloop
  endfacet
  facet normal 0.99878 -0.0493902 0
    outer loop
      vertex -69.3 97 3
      vertex -69.2937 97.1274 0
      vertex -69.2937 97.1274 3
    endloop
  endfacet
  facet normal 0.99878 -0.0493902 0
    outer loop
      vertex -69.2937 97.1274 0
      vertex -69.3 97 3
      vertex -69.3 97 0
    endloop
  endfacet
  facet normal 0.803279 0.595602 0
    outer loop
      vertex -69.0049 96.1753 3
      vertex -69.0809 96.2778 0
      vertex -69.0809 96.2778 3
    endloop
  endfacet
  facet normal 0.803279 0.595602 0
    outer loop
      vertex -69.0809 96.2778 0
      vertex -69.0049 96.1753 3
      vertex -69.0049 96.1753 0
    endloop
  endfacet
  facet normal -0.595602 -0.803279 0
    outer loop
      vertex -67.2778 98.0809 0
      vertex -67.1753 98.0049 3
      vertex -67.2778 98.0809 3
    endloop
  endfacet
  facet normal -0.595602 -0.803279 -0
    outer loop
      vertex -67.1753 98.0049 3
      vertex -67.2778 98.0809 0
      vertex -67.1753 98.0049 0
    endloop
  endfacet
  facet normal -0.740755 0.671775 0
    outer loop
      vertex -67.0808 96.0808 0
      vertex -66.9951 96.1753 3
      vertex -66.9951 96.1753 0
    endloop
  endfacet
  facet normal -0.740755 0.671775 0
    outer loop
      vertex -66.9951 96.1753 3
      vertex -67.0808 96.0808 0
      vertex -67.0808 96.0808 3
    endloop
  endfacet
  facet normal 0.904089 0.427345 0
    outer loop
      vertex -69.1465 96.3872 3
      vertex -69.201 96.5025 0
      vertex -69.201 96.5025 3
    endloop
  endfacet
  facet normal 0.904089 0.427345 0
    outer loop
      vertex -69.201 96.5025 0
      vertex -69.1465 96.3872 3
      vertex -69.1465 96.3872 0
    endloop
  endfacet
  facet normal 0.337081 -0.941476 0
    outer loop
      vertex -68.4975 98.201 0
      vertex -68.3774 98.244 3
      vertex -68.4975 98.201 3
    endloop
  endfacet
  facet normal 0.337081 -0.941476 0
    outer loop
      vertex -68.3774 98.244 3
      vertex -68.4975 98.201 0
      vertex -68.3774 98.244 0
    endloop
  endfacet
  facet normal 0.0493902 -0.99878 0
    outer loop
      vertex -68.1274 98.2937 0
      vertex -68 98.3 3
      vertex -68.1274 98.2937 3
    endloop
  endfacet
  facet normal 0.0493902 -0.99878 0
    outer loop
      vertex -68 98.3 3
      vertex -68.1274 98.2937 0
      vertex -68 98.3 0
    endloop
  endfacet
  facet normal 0.99878 0.0493902 0
    outer loop
      vertex -69.2937 96.8726 3
      vertex -69.3 97 0
      vertex -69.3 97 3
    endloop
  endfacet
  facet normal 0.99878 0.0493902 0
    outer loop
      vertex -69.3 97 0
      vertex -69.2937 96.8726 3
      vertex -69.2937 96.8726 0
    endloop
  endfacet
  facet normal 0.671775 -0.740755 0
    outer loop
      vertex -68.9192 97.9192 0
      vertex -68.8247 98.0049 3
      vertex -68.9192 97.9192 3
    endloop
  endfacet
  facet normal 0.671775 -0.740755 0
    outer loop
      vertex -68.8247 98.0049 3
      vertex -68.9192 97.9192 0
      vertex -68.8247 98.0049 0
    endloop
  endfacet
  facet normal -0.740755 -0.671775 0
    outer loop
      vertex -66.9951 97.8247 0
      vertex -67.0808 97.9192 3
      vertex -67.0808 97.9192 0
    endloop
  endfacet
  facet normal -0.740755 -0.671775 0
    outer loop
      vertex -67.0808 97.9192 3
      vertex -66.9951 97.8247 0
      vertex -66.9951 97.8247 3
    endloop
  endfacet
  facet normal -0.989199 0.146577 0
    outer loop
      vertex -66.725 -97.2536 0
      vertex -66.7063 -97.1274 3
      vertex -66.7063 -97.1274 0
    endloop
  endfacet
  facet normal -0.989199 0.146577 0
    outer loop
      vertex -66.7063 -97.1274 3
      vertex -66.725 -97.2536 0
      vertex -66.725 -97.2536 3
    endloop
  endfacet
  facet normal -0.99878 0.0493902 0
    outer loop
      vertex -66.7063 -97.1274 0
      vertex -66.7 -97 3
      vertex -66.7 -97 0
    endloop
  endfacet
  facet normal -0.99878 0.0493902 0
    outer loop
      vertex -66.7 -97 3
      vertex -66.7063 -97.1274 0
      vertex -66.7063 -97.1274 3
    endloop
  endfacet
  facet normal -0.97005 0.242904 0
    outer loop
      vertex -66.756 -97.3774 0
      vertex -66.725 -97.2536 3
      vertex -66.725 -97.2536 0
    endloop
  endfacet
  facet normal -0.97005 0.242904 0
    outer loop
      vertex -66.725 -97.2536 3
      vertex -66.756 -97.3774 0
      vertex -66.756 -97.3774 3
    endloop
  endfacet
  facet normal 0.803279 0.595602 0
    outer loop
      vertex -69.0049 -97.8247 3
      vertex -69.0809 -97.7222 0
      vertex -69.0809 -97.7222 3
    endloop
  endfacet
  facet normal 0.803279 0.595602 0
    outer loop
      vertex -69.0809 -97.7222 0
      vertex -69.0049 -97.8247 3
      vertex -69.0049 -97.8247 0
    endloop
  endfacet
  facet normal -0.337081 -0.941476 0
    outer loop
      vertex -67.6226 -95.756 0
      vertex -67.5025 -95.799 3
      vertex -67.6226 -95.756 3
    endloop
  endfacet
  facet normal -0.337081 -0.941476 -0
    outer loop
      vertex -67.5025 -95.799 3
      vertex -67.6226 -95.756 0
      vertex -67.5025 -95.799 0
    endloop
  endfacet
  facet normal -0.857631 -0.514265 0
    outer loop
      vertex -66.8535 -96.3872 0
      vertex -66.9191 -96.2778 3
      vertex -66.9191 -96.2778 0
    endloop
  endfacet
  facet normal -0.857631 -0.514265 0
    outer loop
      vertex -66.9191 -96.2778 3
      vertex -66.8535 -96.3872 0
      vertex -66.8535 -96.3872 3
    endloop
  endfacet
  facet normal 0.0493902 -0.99878 0
    outer loop
      vertex -68.1274 -95.7063 0
      vertex -68 -95.7 3
      vertex -68.1274 -95.7063 3
    endloop
  endfacet
  facet normal 0.0493902 -0.99878 0
    outer loop
      vertex -68 -95.7 3
      vertex -68.1274 -95.7063 0
      vertex -68 -95.7 0
    endloop
  endfacet
  facet normal 0.989199 0.146577 0
    outer loop
      vertex -69.275 -97.2536 3
      vertex -69.2937 -97.1274 0
      vertex -69.2937 -97.1274 3
    endloop
  endfacet
  facet normal 0.989199 0.146577 0
    outer loop
      vertex -69.2937 -97.1274 0
      vertex -69.275 -97.2536 3
      vertex -69.275 -97.2536 0
    endloop
  endfacet
  facet normal 0.904089 -0.427345 0
    outer loop
      vertex -69.201 -96.5025 3
      vertex -69.1465 -96.3872 0
      vertex -69.1465 -96.3872 3
    endloop
  endfacet
  facet normal 0.904089 -0.427345 0
    outer loop
      vertex -69.1465 -96.3872 0
      vertex -69.201 -96.5025 3
      vertex -69.201 -96.5025 0
    endloop
  endfacet
  facet normal 0.242904 0.97005 -0
    outer loop
      vertex -68.2536 -98.275 0
      vertex -68.3774 -98.244 3
      vertex -68.2536 -98.275 3
    endloop
  endfacet
  facet normal 0.242904 0.97005 0
    outer loop
      vertex -68.3774 -98.244 3
      vertex -68.2536 -98.275 0
      vertex -68.3774 -98.244 0
    endloop
  endfacet
  facet normal -0.146577 -0.989199 0
    outer loop
      vertex -67.8726 -95.7063 0
      vertex -67.7464 -95.725 3
      vertex -67.8726 -95.7063 3
    endloop
  endfacet
  facet normal -0.146577 -0.989199 -0
    outer loop
      vertex -67.7464 -95.725 3
      vertex -67.8726 -95.7063 0
      vertex -67.7464 -95.725 0
    endloop
  endfacet
  facet normal 0.595602 0.803279 -0
    outer loop
      vertex -68.7222 -98.0809 0
      vertex -68.8247 -98.0049 3
      vertex -68.7222 -98.0809 3
    endloop
  endfacet
  facet normal 0.595602 0.803279 0
    outer loop
      vertex -68.8247 -98.0049 3
      vertex -68.7222 -98.0809 0
      vertex -68.8247 -98.0049 0
    endloop
  endfacet
  facet normal -0.595602 0.803279 0
    outer loop
      vertex -67.1753 -98.0049 0
      vertex -67.2778 -98.0809 3
      vertex -67.1753 -98.0049 3
    endloop
  endfacet
  facet normal -0.595602 0.803279 0
    outer loop
      vertex -67.2778 -98.0809 3
      vertex -67.1753 -98.0049 0
      vertex -67.2778 -98.0809 0
    endloop
  endfacet
  facet normal -0.514265 0.857631 0
    outer loop
      vertex -67.2778 -98.0809 0
      vertex -67.3872 -98.1465 3
      vertex -67.2778 -98.0809 3
    endloop
  endfacet
  facet normal -0.514265 0.857631 0
    outer loop
      vertex -67.3872 -98.1465 3
      vertex -67.2778 -98.0809 0
      vertex -67.3872 -98.1465 0
    endloop
  endfacet
  facet normal -0.904089 -0.427345 0
    outer loop
      vertex -66.799 -96.5025 0
      vertex -66.8535 -96.3872 3
      vertex -66.8535 -96.3872 0
    endloop
  endfacet
  facet normal -0.904089 -0.427345 0
    outer loop
      vertex -66.8535 -96.3872 3
      vertex -66.799 -96.5025 0
      vertex -66.799 -96.5025 3
    endloop
  endfacet
  facet normal 0.97005 -0.242904 0
    outer loop
      vertex -69.275 -96.7464 3
      vertex -69.244 -96.6226 0
      vertex -69.244 -96.6226 3
    endloop
  endfacet
  facet normal 0.97005 -0.242904 0
    outer loop
      vertex -69.244 -96.6226 0
      vertex -69.275 -96.7464 3
      vertex -69.275 -96.7464 0
    endloop
  endfacet
  facet normal 0.857631 -0.514265 0
    outer loop
      vertex -69.1465 -96.3872 3
      vertex -69.0809 -96.2778 0
      vertex -69.0809 -96.2778 3
    endloop
  endfacet
  facet normal 0.857631 -0.514265 0
    outer loop
      vertex -69.0809 -96.2778 0
      vertex -69.1465 -96.3872 3
      vertex -69.1465 -96.3872 0
    endloop
  endfacet
  facet normal -0.0493902 -0.99878 0
    outer loop
      vertex -68 -95.7 0
      vertex -67.8726 -95.7063 3
      vertex -68 -95.7 3
    endloop
  endfacet
  facet normal -0.0493902 -0.99878 -0
    outer loop
      vertex -67.8726 -95.7063 3
      vertex -68 -95.7 0
      vertex -67.8726 -95.7063 0
    endloop
  endfacet
  facet normal 0.337081 0.941476 -0
    outer loop
      vertex -68.3774 -98.244 0
      vertex -68.4975 -98.201 3
      vertex -68.3774 -98.244 3
    endloop
  endfacet
  facet normal 0.337081 0.941476 0
    outer loop
      vertex -68.4975 -98.201 3
      vertex -68.3774 -98.244 0
      vertex -68.4975 -98.201 0
    endloop
  endfacet
  facet normal 0.941476 0.337081 0
    outer loop
      vertex -69.201 -97.4975 3
      vertex -69.244 -97.3774 0
      vertex -69.244 -97.3774 3
    endloop
  endfacet
  facet normal 0.941476 0.337081 0
    outer loop
      vertex -69.244 -97.3774 0
      vertex -69.201 -97.4975 3
      vertex -69.201 -97.4975 0
    endloop
  endfacet
  facet normal -0.803279 0.595602 0
    outer loop
      vertex -66.9951 -97.8247 0
      vertex -66.9191 -97.7222 3
      vertex -66.9191 -97.7222 0
    endloop
  endfacet
  facet normal -0.803279 0.595602 0
    outer loop
      vertex -66.9191 -97.7222 3
      vertex -66.9951 -97.8247 0
      vertex -66.9951 -97.8247 3
    endloop
  endfacet
  facet normal -0.427345 -0.904089 0
    outer loop
      vertex -67.5025 -95.799 0
      vertex -67.3872 -95.8535 3
      vertex -67.5025 -95.799 3
    endloop
  endfacet
  facet normal -0.427345 -0.904089 -0
    outer loop
      vertex -67.3872 -95.8535 3
      vertex -67.5025 -95.799 0
      vertex -67.3872 -95.8535 0
    endloop
  endfacet
  facet normal -0.514265 -0.857631 0
    outer loop
      vertex -67.3872 -95.8535 0
      vertex -67.2778 -95.9191 3
      vertex -67.3872 -95.8535 3
    endloop
  endfacet
  facet normal -0.514265 -0.857631 -0
    outer loop
      vertex -67.2778 -95.9191 3
      vertex -67.3872 -95.8535 0
      vertex -67.2778 -95.9191 0
    endloop
  endfacet
  facet normal -0.337081 0.941476 0
    outer loop
      vertex -67.5025 -98.201 0
      vertex -67.6226 -98.244 3
      vertex -67.5025 -98.201 3
    endloop
  endfacet
  facet normal -0.337081 0.941476 0
    outer loop
      vertex -67.6226 -98.244 3
      vertex -67.5025 -98.201 0
      vertex -67.6226 -98.244 0
    endloop
  endfacet
  facet normal -0.97005 -0.242904 0
    outer loop
      vertex -66.725 -96.7464 0
      vertex -66.756 -96.6226 3
      vertex -66.756 -96.6226 0
    endloop
  endfacet
  facet normal -0.97005 -0.242904 0
    outer loop
      vertex -66.756 -96.6226 3
      vertex -66.725 -96.7464 0
      vertex -66.725 -96.7464 3
    endloop
  endfacet
  facet normal -0.803279 -0.595602 0
    outer loop
      vertex -66.9191 -96.2778 0
      vertex -66.9951 -96.1753 3
      vertex -66.9951 -96.1753 0
    endloop
  endfacet
  facet normal -0.803279 -0.595602 0
    outer loop
      vertex -66.9951 -96.1753 3
      vertex -66.9191 -96.2778 0
      vertex -66.9191 -96.2778 3
    endloop
  endfacet
  facet normal 0.904089 0.427345 0
    outer loop
      vertex -69.1465 -97.6128 3
      vertex -69.201 -97.4975 0
      vertex -69.201 -97.4975 3
    endloop
  endfacet
  facet normal 0.904089 0.427345 0
    outer loop
      vertex -69.201 -97.4975 0
      vertex -69.1465 -97.6128 3
      vertex -69.1465 -97.6128 0
    endloop
  endfacet
  facet normal -0.671775 0.740755 0
    outer loop
      vertex -67.0808 -97.9192 0
      vertex -67.1753 -98.0049 3
      vertex -67.0808 -97.9192 3
    endloop
  endfacet
  facet normal -0.671775 0.740755 0
    outer loop
      vertex -67.1753 -98.0049 3
      vertex -67.0808 -97.9192 0
      vertex -67.1753 -98.0049 0
    endloop
  endfacet
  facet normal 0.671775 0.740755 -0
    outer loop
      vertex -68.8247 -98.0049 0
      vertex -68.9192 -97.9192 3
      vertex -68.8247 -98.0049 3
    endloop
  endfacet
  facet normal 0.671775 0.740755 0
    outer loop
      vertex -68.9192 -97.9192 3
      vertex -68.8247 -98.0049 0
      vertex -68.9192 -97.9192 0
    endloop
  endfacet
  facet normal -0.427345 0.904089 0
    outer loop
      vertex -67.3872 -98.1465 0
      vertex -67.5025 -98.201 3
      vertex -67.3872 -98.1465 3
    endloop
  endfacet
  facet normal -0.427345 0.904089 0
    outer loop
      vertex -67.5025 -98.201 3
      vertex -67.3872 -98.1465 0
      vertex -67.5025 -98.201 0
    endloop
  endfacet
  facet normal -0.941476 0.337081 0
    outer loop
      vertex -66.799 -97.4975 0
      vertex -66.756 -97.3774 3
      vertex -66.756 -97.3774 0
    endloop
  endfacet
  facet normal -0.941476 0.337081 0
    outer loop
      vertex -66.756 -97.3774 3
      vertex -66.799 -97.4975 0
      vertex -66.799 -97.4975 3
    endloop
  endfacet
  facet normal -0.0493902 0.99878 0
    outer loop
      vertex -67.8726 -98.2937 0
      vertex -68 -98.3 3
      vertex -67.8726 -98.2937 3
    endloop
  endfacet
  facet normal -0.0493902 0.99878 0
    outer loop
      vertex -68 -98.3 3
      vertex -67.8726 -98.2937 0
      vertex -68 -98.3 0
    endloop
  endfacet
  facet normal 0.857631 0.514265 0
    outer loop
      vertex -69.0809 -97.7222 3
      vertex -69.1465 -97.6128 0
      vertex -69.1465 -97.6128 3
    endloop
  endfacet
  facet normal 0.857631 0.514265 0
    outer loop
      vertex -69.1465 -97.6128 0
      vertex -69.0809 -97.7222 3
      vertex -69.0809 -97.7222 0
    endloop
  endfacet
  facet normal -0.989199 -0.146577 0
    outer loop
      vertex -66.7063 -96.8726 0
      vertex -66.725 -96.7464 3
      vertex -66.725 -96.7464 0
    endloop
  endfacet
  facet normal -0.989199 -0.146577 0
    outer loop
      vertex -66.725 -96.7464 3
      vertex -66.7063 -96.8726 0
      vertex -66.7063 -96.8726 3
    endloop
  endfacet
  facet normal -0.99878 -0.0493902 0
    outer loop
      vertex -66.7 -97 0
      vertex -66.7063 -96.8726 3
      vertex -66.7063 -96.8726 0
    endloop
  endfacet
  facet normal -0.99878 -0.0493902 0
    outer loop
      vertex -66.7063 -96.8726 3
      vertex -66.7 -97 0
      vertex -66.7 -97 3
    endloop
  endfacet
  facet normal 0.671775 -0.740755 0
    outer loop
      vertex -68.9192 -96.0808 0
      vertex -68.8247 -95.9951 3
      vertex -68.9192 -96.0808 3
    endloop
  endfacet
  facet normal 0.671775 -0.740755 0
    outer loop
      vertex -68.8247 -95.9951 3
      vertex -68.9192 -96.0808 0
      vertex -68.8247 -95.9951 0
    endloop
  endfacet
  facet normal -0.904089 0.427345 0
    outer loop
      vertex -66.8535 -97.6128 0
      vertex -66.799 -97.4975 3
      vertex -66.799 -97.4975 0
    endloop
  endfacet
  facet normal -0.904089 0.427345 0
    outer loop
      vertex -66.799 -97.4975 3
      vertex -66.8535 -97.6128 0
      vertex -66.8535 -97.6128 3
    endloop
  endfacet
  facet normal 0.97005 0.242904 0
    outer loop
      vertex -69.244 -97.3774 3
      vertex -69.275 -97.2536 0
      vertex -69.275 -97.2536 3
    endloop
  endfacet
  facet normal 0.97005 0.242904 0
    outer loop
      vertex -69.275 -97.2536 0
      vertex -69.244 -97.3774 3
      vertex -69.244 -97.3774 0
    endloop
  endfacet
  facet normal -0.242904 -0.97005 0
    outer loop
      vertex -67.7464 -95.725 0
      vertex -67.6226 -95.756 3
      vertex -67.7464 -95.725 3
    endloop
  endfacet
  facet normal -0.242904 -0.97005 -0
    outer loop
      vertex -67.6226 -95.756 3
      vertex -67.7464 -95.725 0
      vertex -67.6226 -95.756 0
    endloop
  endfacet
  facet normal 0.146577 0.989199 -0
    outer loop
      vertex -68.1274 -98.2937 0
      vertex -68.2536 -98.275 3
      vertex -68.1274 -98.2937 3
    endloop
  endfacet
  facet normal 0.146577 0.989199 0
    outer loop
      vertex -68.2536 -98.275 3
      vertex -68.1274 -98.2937 0
      vertex -68.2536 -98.275 0
    endloop
  endfacet
  facet normal -0.740755 0.671775 0
    outer loop
      vertex -67.0808 -97.9192 0
      vertex -66.9951 -97.8247 3
      vertex -66.9951 -97.8247 0
    endloop
  endfacet
  facet normal -0.740755 0.671775 0
    outer loop
      vertex -66.9951 -97.8247 3
      vertex -67.0808 -97.9192 0
      vertex -67.0808 -97.9192 3
    endloop
  endfacet
  facet normal 0.427345 0.904089 -0
    outer loop
      vertex -68.4975 -98.201 0
      vertex -68.6128 -98.1465 3
      vertex -68.4975 -98.201 3
    endloop
  endfacet
  facet normal 0.427345 0.904089 0
    outer loop
      vertex -68.6128 -98.1465 3
      vertex -68.4975 -98.201 0
      vertex -68.6128 -98.1465 0
    endloop
  endfacet
  facet normal -0.941476 -0.337081 0
    outer loop
      vertex -66.756 -96.6226 0
      vertex -66.799 -96.5025 3
      vertex -66.799 -96.5025 0
    endloop
  endfacet
  facet normal -0.941476 -0.337081 0
    outer loop
      vertex -66.799 -96.5025 3
      vertex -66.756 -96.6226 0
      vertex -66.756 -96.6226 3
    endloop
  endfacet
  facet normal -0.857631 0.514265 0
    outer loop
      vertex -66.9191 -97.7222 0
      vertex -66.8535 -97.6128 3
      vertex -66.8535 -97.6128 0
    endloop
  endfacet
  facet normal -0.857631 0.514265 0
    outer loop
      vertex -66.8535 -97.6128 3
      vertex -66.9191 -97.7222 0
      vertex -66.9191 -97.7222 3
    endloop
  endfacet
  facet normal 0.146577 -0.989199 0
    outer loop
      vertex -68.2536 -95.725 0
      vertex -68.1274 -95.7063 3
      vertex -68.2536 -95.725 3
    endloop
  endfacet
  facet normal 0.146577 -0.989199 0
    outer loop
      vertex -68.1274 -95.7063 3
      vertex -68.2536 -95.725 0
      vertex -68.1274 -95.7063 0
    endloop
  endfacet
  facet normal 0.0493902 0.99878 -0
    outer loop
      vertex -68 -98.3 0
      vertex -68.1274 -98.2937 3
      vertex -68 -98.3 3
    endloop
  endfacet
  facet normal 0.0493902 0.99878 0
    outer loop
      vertex -68.1274 -98.2937 3
      vertex -68 -98.3 0
      vertex -68.1274 -98.2937 0
    endloop
  endfacet
  facet normal 0.514265 0.857631 -0
    outer loop
      vertex -68.6128 -98.1465 0
      vertex -68.7222 -98.0809 3
      vertex -68.6128 -98.1465 3
    endloop
  endfacet
  facet normal 0.514265 0.857631 0
    outer loop
      vertex -68.7222 -98.0809 3
      vertex -68.6128 -98.1465 0
      vertex -68.7222 -98.0809 0
    endloop
  endfacet
  facet normal 0.941476 -0.337081 0
    outer loop
      vertex -69.244 -96.6226 3
      vertex -69.201 -96.5025 0
      vertex -69.201 -96.5025 3
    endloop
  endfacet
  facet normal 0.941476 -0.337081 0
    outer loop
      vertex -69.201 -96.5025 0
      vertex -69.244 -96.6226 3
      vertex -69.244 -96.6226 0
    endloop
  endfacet
  facet normal 0.740755 0.671775 0
    outer loop
      vertex -68.9192 -97.9192 3
      vertex -69.0049 -97.8247 0
      vertex -69.0049 -97.8247 3
    endloop
  endfacet
  facet normal 0.740755 0.671775 0
    outer loop
      vertex -69.0049 -97.8247 0
      vertex -68.9192 -97.9192 3
      vertex -68.9192 -97.9192 0
    endloop
  endfacet
  facet normal 0.337081 -0.941476 0
    outer loop
      vertex -68.4975 -95.799 0
      vertex -68.3774 -95.756 3
      vertex -68.4975 -95.799 3
    endloop
  endfacet
  facet normal 0.337081 -0.941476 0
    outer loop
      vertex -68.3774 -95.756 3
      vertex -68.4975 -95.799 0
      vertex -68.3774 -95.756 0
    endloop
  endfacet
  facet normal 0.427345 -0.904089 0
    outer loop
      vertex -68.6128 -95.8535 0
      vertex -68.4975 -95.799 3
      vertex -68.6128 -95.8535 3
    endloop
  endfacet
  facet normal 0.427345 -0.904089 0
    outer loop
      vertex -68.4975 -95.799 3
      vertex -68.6128 -95.8535 0
      vertex -68.4975 -95.799 0
    endloop
  endfacet
  facet normal -0.242904 0.97005 0
    outer loop
      vertex -67.6226 -98.244 0
      vertex -67.7464 -98.275 3
      vertex -67.6226 -98.244 3
    endloop
  endfacet
  facet normal -0.242904 0.97005 0
    outer loop
      vertex -67.7464 -98.275 3
      vertex -67.6226 -98.244 0
      vertex -67.7464 -98.275 0
    endloop
  endfacet
  facet normal -0.146577 0.989199 0
    outer loop
      vertex -67.7464 -98.275 0
      vertex -67.8726 -98.2937 3
      vertex -67.7464 -98.275 3
    endloop
  endfacet
  facet normal -0.146577 0.989199 0
    outer loop
      vertex -67.8726 -98.2937 3
      vertex -67.7464 -98.275 0
      vertex -67.8726 -98.2937 0
    endloop
  endfacet
  facet normal -0.671775 -0.740755 0
    outer loop
      vertex -67.1753 -95.9951 0
      vertex -67.0808 -96.0808 3
      vertex -67.1753 -95.9951 3
    endloop
  endfacet
  facet normal -0.671775 -0.740755 -0
    outer loop
      vertex -67.0808 -96.0808 3
      vertex -67.1753 -95.9951 0
      vertex -67.0808 -96.0808 0
    endloop
  endfacet
  facet normal 0.514265 -0.857631 0
    outer loop
      vertex -68.7222 -95.9191 0
      vertex -68.6128 -95.8535 3
      vertex -68.7222 -95.9191 3
    endloop
  endfacet
  facet normal 0.514265 -0.857631 0
    outer loop
      vertex -68.6128 -95.8535 3
      vertex -68.7222 -95.9191 0
      vertex -68.6128 -95.8535 0
    endloop
  endfacet
  facet normal 0.740755 -0.671775 0
    outer loop
      vertex -69.0049 -96.1753 3
      vertex -68.9192 -96.0808 0
      vertex -68.9192 -96.0808 3
    endloop
  endfacet
  facet normal 0.740755 -0.671775 0
    outer loop
      vertex -68.9192 -96.0808 0
      vertex -69.0049 -96.1753 3
      vertex -69.0049 -96.1753 0
    endloop
  endfacet
  facet normal 0.595602 -0.803279 0
    outer loop
      vertex -68.8247 -95.9951 0
      vertex -68.7222 -95.9191 3
      vertex -68.8247 -95.9951 3
    endloop
  endfacet
  facet normal 0.595602 -0.803279 0
    outer loop
      vertex -68.7222 -95.9191 3
      vertex -68.8247 -95.9951 0
      vertex -68.7222 -95.9191 0
    endloop
  endfacet
  facet normal 0.989199 -0.146577 0
    outer loop
      vertex -69.2937 -96.8726 3
      vertex -69.275 -96.7464 0
      vertex -69.275 -96.7464 3
    endloop
  endfacet
  facet normal 0.989199 -0.146577 0
    outer loop
      vertex -69.275 -96.7464 0
      vertex -69.2937 -96.8726 3
      vertex -69.2937 -96.8726 0
    endloop
  endfacet
  facet normal -0.740755 -0.671775 0
    outer loop
      vertex -66.9951 -96.1753 0
      vertex -67.0808 -96.0808 3
      vertex -67.0808 -96.0808 0
    endloop
  endfacet
  facet normal -0.740755 -0.671775 0
    outer loop
      vertex -67.0808 -96.0808 3
      vertex -66.9951 -96.1753 0
      vertex -66.9951 -96.1753 3
    endloop
  endfacet
  facet normal -0.595602 -0.803279 0
    outer loop
      vertex -67.2778 -95.9191 0
      vertex -67.1753 -95.9951 3
      vertex -67.2778 -95.9191 3
    endloop
  endfacet
  facet normal -0.595602 -0.803279 -0
    outer loop
      vertex -67.1753 -95.9951 3
      vertex -67.2778 -95.9191 0
      vertex -67.1753 -95.9951 0
    endloop
  endfacet
  facet normal 0.803279 -0.595602 0
    outer loop
      vertex -69.0809 -96.2778 3
      vertex -69.0049 -96.1753 0
      vertex -69.0049 -96.1753 3
    endloop
  endfacet
  facet normal 0.803279 -0.595602 0
    outer loop
      vertex -69.0049 -96.1753 0
      vertex -69.0809 -96.2778 3
      vertex -69.0809 -96.2778 0
    endloop
  endfacet
  facet normal 0.99878 0.0493902 0
    outer loop
      vertex -69.2937 -97.1274 3
      vertex -69.3 -97 0
      vertex -69.3 -97 3
    endloop
  endfacet
  facet normal 0.99878 0.0493902 0
    outer loop
      vertex -69.3 -97 0
      vertex -69.2937 -97.1274 3
      vertex -69.2937 -97.1274 0
    endloop
  endfacet
  facet normal 0.99878 -0.0493902 0
    outer loop
      vertex -69.3 -97 3
      vertex -69.2937 -96.8726 0
      vertex -69.2937 -96.8726 3
    endloop
  endfacet
  facet normal 0.99878 -0.0493902 0
    outer loop
      vertex -69.2937 -96.8726 0
      vertex -69.3 -97 3
      vertex -69.3 -97 0
    endloop
  endfacet
  facet normal 0.242904 -0.97005 0
    outer loop
      vertex -68.3774 -95.756 0
      vertex -68.2536 -95.725 3
      vertex -68.3774 -95.756 3
    endloop
  endfacet
  facet normal 0.242904 -0.97005 0
    outer loop
      vertex -68.2536 -95.725 3
      vertex -68.3774 -95.756 0
      vertex -68.2536 -95.725 0
    endloop
  endfacet
  facet normal 0.427345 -0.904089 0
    outer loop
      vertex -92.6128 65.1465 0
      vertex -92.4975 65.201 3
      vertex -92.6128 65.1465 3
    endloop
  endfacet
  facet normal 0.427345 -0.904089 0
    outer loop
      vertex -92.4975 65.201 3
      vertex -92.6128 65.1465 0
      vertex -92.4975 65.201 0
    endloop
  endfacet
  facet normal -0.989199 0.146577 0
    outer loop
      vertex -90.725 63.7464 0
      vertex -90.7063 63.8726 3
      vertex -90.7063 63.8726 0
    endloop
  endfacet
  facet normal -0.989199 0.146577 0
    outer loop
      vertex -90.7063 63.8726 3
      vertex -90.725 63.7464 0
      vertex -90.725 63.7464 3
    endloop
  endfacet
  facet normal -0.99878 0.0493902 0
    outer loop
      vertex -90.7063 63.8726 0
      vertex -90.7 64 3
      vertex -90.7 64 0
    endloop
  endfacet
  facet normal -0.99878 0.0493902 0
    outer loop
      vertex -90.7 64 3
      vertex -90.7063 63.8726 0
      vertex -90.7063 63.8726 3
    endloop
  endfacet
  facet normal -0.97005 0.242904 0
    outer loop
      vertex -90.756 63.6226 0
      vertex -90.725 63.7464 3
      vertex -90.725 63.7464 0
    endloop
  endfacet
  facet normal -0.97005 0.242904 0
    outer loop
      vertex -90.725 63.7464 3
      vertex -90.756 63.6226 0
      vertex -90.756 63.6226 3
    endloop
  endfacet
  facet normal -0.427345 -0.904089 0
    outer loop
      vertex -91.5025 65.201 0
      vertex -91.3872 65.1465 3
      vertex -91.5025 65.201 3
    endloop
  endfacet
  facet normal -0.427345 -0.904089 -0
    outer loop
      vertex -91.3872 65.1465 3
      vertex -91.5025 65.201 0
      vertex -91.3872 65.1465 0
    endloop
  endfacet
  facet normal 0.146577 0.989199 -0
    outer loop
      vertex -92.1274 62.7063 0
      vertex -92.2536 62.725 3
      vertex -92.1274 62.7063 3
    endloop
  endfacet
  facet normal 0.146577 0.989199 0
    outer loop
      vertex -92.2536 62.725 3
      vertex -92.1274 62.7063 0
      vertex -92.2536 62.725 0
    endloop
  endfacet
  facet normal 0.941476 -0.337081 0
    outer loop
      vertex -93.244 64.3774 3
      vertex -93.201 64.4975 0
      vertex -93.201 64.4975 3
    endloop
  endfacet
  facet normal 0.941476 -0.337081 0
    outer loop
      vertex -93.201 64.4975 0
      vertex -93.244 64.3774 3
      vertex -93.244 64.3774 0
    endloop
  endfacet
  facet normal -0.514265 0.857631 0
    outer loop
      vertex -91.2778 62.9191 0
      vertex -91.3872 62.8535 3
      vertex -91.2778 62.9191 3
    endloop
  endfacet
  facet normal -0.514265 0.857631 0
    outer loop
      vertex -91.3872 62.8535 3
      vertex -91.2778 62.9191 0
      vertex -91.3872 62.8535 0
    endloop
  endfacet
  facet normal 0.242904 -0.97005 0
    outer loop
      vertex -92.3774 65.244 0
      vertex -92.2536 65.275 3
      vertex -92.3774 65.244 3
    endloop
  endfacet
  facet normal 0.242904 -0.97005 0
    outer loop
      vertex -92.2536 65.275 3
      vertex -92.3774 65.244 0
      vertex -92.2536 65.275 0
    endloop
  endfacet
  facet normal -0.242904 -0.97005 0
    outer loop
      vertex -91.7464 65.275 0
      vertex -91.6226 65.244 3
      vertex -91.7464 65.275 3
    endloop
  endfacet
  facet normal -0.242904 -0.97005 -0
    outer loop
      vertex -91.6226 65.244 3
      vertex -91.7464 65.275 0
      vertex -91.6226 65.244 0
    endloop
  endfacet
  facet normal 0.514265 0.857631 -0
    outer loop
      vertex -92.6128 62.8535 0
      vertex -92.7222 62.9191 3
      vertex -92.6128 62.8535 3
    endloop
  endfacet
  facet normal 0.514265 0.857631 0
    outer loop
      vertex -92.7222 62.9191 3
      vertex -92.6128 62.8535 0
      vertex -92.7222 62.9191 0
    endloop
  endfacet
  facet normal 0.595602 0.803279 -0
    outer loop
      vertex -92.7222 62.9191 0
      vertex -92.8247 62.9951 3
      vertex -92.7222 62.9191 3
    endloop
  endfacet
  facet normal 0.595602 0.803279 0
    outer loop
      vertex -92.8247 62.9951 3
      vertex -92.7222 62.9191 0
      vertex -92.8247 62.9951 0
    endloop
  endfacet
  facet normal -0.146577 0.989199 0
    outer loop
      vertex -91.7464 62.725 0
      vertex -91.8726 62.7063 3
      vertex -91.7464 62.725 3
    endloop
  endfacet
  facet normal -0.146577 0.989199 0
    outer loop
      vertex -91.8726 62.7063 3
      vertex -91.7464 62.725 0
      vertex -91.8726 62.7063 0
    endloop
  endfacet
  facet normal -0.0493902 -0.99878 0
    outer loop
      vertex -92 65.3 0
      vertex -91.8726 65.2937 3
      vertex -92 65.3 3
    endloop
  endfacet
  facet normal -0.0493902 -0.99878 -0
    outer loop
      vertex -91.8726 65.2937 3
      vertex -92 65.3 0
      vertex -91.8726 65.2937 0
    endloop
  endfacet
  facet normal 0.514265 -0.857631 0
    outer loop
      vertex -92.7222 65.0809 0
      vertex -92.6128 65.1465 3
      vertex -92.7222 65.0809 3
    endloop
  endfacet
  facet normal 0.514265 -0.857631 0
    outer loop
      vertex -92.6128 65.1465 3
      vertex -92.7222 65.0809 0
      vertex -92.6128 65.1465 0
    endloop
  endfacet
  facet normal 0.989199 0.146577 0
    outer loop
      vertex -93.275 63.7464 3
      vertex -93.2937 63.8726 0
      vertex -93.2937 63.8726 3
    endloop
  endfacet
  facet normal 0.989199 0.146577 0
    outer loop
      vertex -93.2937 63.8726 0
      vertex -93.275 63.7464 3
      vertex -93.275 63.7464 0
    endloop
  endfacet
  facet normal -0.904089 0.427345 0
    outer loop
      vertex -90.8535 63.3872 0
      vertex -90.799 63.5025 3
      vertex -90.799 63.5025 0
    endloop
  endfacet
  facet normal -0.904089 0.427345 0
    outer loop
      vertex -90.799 63.5025 3
      vertex -90.8535 63.3872 0
      vertex -90.8535 63.3872 3
    endloop
  endfacet
  facet normal 0.146577 -0.989199 0
    outer loop
      vertex -92.2536 65.275 0
      vertex -92.1274 65.2937 3
      vertex -92.2536 65.275 3
    endloop
  endfacet
  facet normal 0.146577 -0.989199 0
    outer loop
      vertex -92.1274 65.2937 3
      vertex -92.2536 65.275 0
      vertex -92.1274 65.2937 0
    endloop
  endfacet
  facet normal -0.514265 -0.857631 0
    outer loop
      vertex -91.3872 65.1465 0
      vertex -91.2778 65.0809 3
      vertex -91.3872 65.1465 3
    endloop
  endfacet
  facet normal -0.514265 -0.857631 -0
    outer loop
      vertex -91.2778 65.0809 3
      vertex -91.3872 65.1465 0
      vertex -91.2778 65.0809 0
    endloop
  endfacet
  facet normal 0.904089 -0.427345 0
    outer loop
      vertex -93.201 64.4975 3
      vertex -93.1465 64.6128 0
      vertex -93.1465 64.6128 3
    endloop
  endfacet
  facet normal 0.904089 -0.427345 0
    outer loop
      vertex -93.1465 64.6128 0
      vertex -93.201 64.4975 3
      vertex -93.201 64.4975 0
    endloop
  endfacet
  facet normal -0.989199 -0.146577 0
    outer loop
      vertex -90.7063 64.1274 0
      vertex -90.725 64.2536 3
      vertex -90.725 64.2536 0
    endloop
  endfacet
  facet normal -0.989199 -0.146577 0
    outer loop
      vertex -90.725 64.2536 3
      vertex -90.7063 64.1274 0
      vertex -90.7063 64.1274 3
    endloop
  endfacet
  facet normal -0.595602 0.803279 0
    outer loop
      vertex -91.1753 62.9951 0
      vertex -91.2778 62.9191 3
      vertex -91.1753 62.9951 3
    endloop
  endfacet
  facet normal -0.595602 0.803279 0
    outer loop
      vertex -91.2778 62.9191 3
      vertex -91.1753 62.9951 0
      vertex -91.2778 62.9191 0
    endloop
  endfacet
  facet normal -0.803279 -0.595602 0
    outer loop
      vertex -90.9191 64.7222 0
      vertex -90.9951 64.8247 3
      vertex -90.9951 64.8247 0
    endloop
  endfacet
  facet normal -0.803279 -0.595602 0
    outer loop
      vertex -90.9951 64.8247 3
      vertex -90.9191 64.7222 0
      vertex -90.9191 64.7222 3
    endloop
  endfacet
  facet normal 0.941476 0.337081 0
    outer loop
      vertex -93.201 63.5025 3
      vertex -93.244 63.6226 0
      vertex -93.244 63.6226 3
    endloop
  endfacet
  facet normal 0.941476 0.337081 0
    outer loop
      vertex -93.244 63.6226 0
      vertex -93.201 63.5025 3
      vertex -93.201 63.5025 0
    endloop
  endfacet
  facet normal -0.803279 0.595602 0
    outer loop
      vertex -90.9951 63.1753 0
      vertex -90.9191 63.2778 3
      vertex -90.9191 63.2778 0
    endloop
  endfacet
  facet normal -0.803279 0.595602 0
    outer loop
      vertex -90.9191 63.2778 3
      vertex -90.9951 63.1753 0
      vertex -90.9951 63.1753 3
    endloop
  endfacet
  facet normal 0.0493902 0.99878 -0
    outer loop
      vertex -92 62.7 0
      vertex -92.1274 62.7063 3
      vertex -92 62.7 3
    endloop
  endfacet
  facet normal 0.0493902 0.99878 0
    outer loop
      vertex -92.1274 62.7063 3
      vertex -92 62.7 0
      vertex -92.1274 62.7063 0
    endloop
  endfacet
  facet normal 0.97005 -0.242904 0
    outer loop
      vertex -93.275 64.2536 3
      vertex -93.244 64.3774 0
      vertex -93.244 64.3774 3
    endloop
  endfacet
  facet normal 0.97005 -0.242904 0
    outer loop
      vertex -93.244 64.3774 0
      vertex -93.275 64.2536 3
      vertex -93.275 64.2536 0
    endloop
  endfacet
  facet normal 0.337081 0.941476 -0
    outer loop
      vertex -92.3774 62.756 0
      vertex -92.4975 62.799 3
      vertex -92.3774 62.756 3
    endloop
  endfacet
  facet normal 0.337081 0.941476 0
    outer loop
      vertex -92.4975 62.799 3
      vertex -92.3774 62.756 0
      vertex -92.4975 62.799 0
    endloop
  endfacet
  facet normal -0.904089 -0.427345 0
    outer loop
      vertex -90.799 64.4975 0
      vertex -90.8535 64.6128 3
      vertex -90.8535 64.6128 0
    endloop
  endfacet
  facet normal -0.904089 -0.427345 0
    outer loop
      vertex -90.8535 64.6128 3
      vertex -90.799 64.4975 0
      vertex -90.799 64.4975 3
    endloop
  endfacet
  facet normal 0.740755 0.671775 0
    outer loop
      vertex -92.9192 63.0808 3
      vertex -93.0049 63.1753 0
      vertex -93.0049 63.1753 3
    endloop
  endfacet
  facet normal 0.740755 0.671775 0
    outer loop
      vertex -93.0049 63.1753 0
      vertex -92.9192 63.0808 3
      vertex -92.9192 63.0808 0
    endloop
  endfacet
  facet normal 0.857631 0.514265 0
    outer loop
      vertex -93.0809 63.2778 3
      vertex -93.1465 63.3872 0
      vertex -93.1465 63.3872 3
    endloop
  endfacet
  facet normal 0.857631 0.514265 0
    outer loop
      vertex -93.1465 63.3872 0
      vertex -93.0809 63.2778 3
      vertex -93.0809 63.2778 0
    endloop
  endfacet
  facet normal -0.146577 -0.989199 0
    outer loop
      vertex -91.8726 65.2937 0
      vertex -91.7464 65.275 3
      vertex -91.8726 65.2937 3
    endloop
  endfacet
  facet normal -0.146577 -0.989199 -0
    outer loop
      vertex -91.7464 65.275 3
      vertex -91.8726 65.2937 0
      vertex -91.7464 65.275 0
    endloop
  endfacet
  facet normal -0.857631 0.514265 0
    outer loop
      vertex -90.9191 63.2778 0
      vertex -90.8535 63.3872 3
      vertex -90.8535 63.3872 0
    endloop
  endfacet
  facet normal -0.857631 0.514265 0
    outer loop
      vertex -90.8535 63.3872 3
      vertex -90.9191 63.2778 0
      vertex -90.9191 63.2778 3
    endloop
  endfacet
  facet normal -0.941476 0.337081 0
    outer loop
      vertex -90.799 63.5025 0
      vertex -90.756 63.6226 3
      vertex -90.756 63.6226 0
    endloop
  endfacet
  facet normal -0.941476 0.337081 0
    outer loop
      vertex -90.756 63.6226 3
      vertex -90.799 63.5025 0
      vertex -90.799 63.5025 3
    endloop
  endfacet
  facet normal -0.671775 0.740755 0
    outer loop
      vertex -91.0808 63.0808 0
      vertex -91.1753 62.9951 3
      vertex -91.0808 63.0808 3
    endloop
  endfacet
  facet normal -0.671775 0.740755 0
    outer loop
      vertex -91.1753 62.9951 3
      vertex -91.0808 63.0808 0
      vertex -91.1753 62.9951 0
    endloop
  endfacet
  facet normal -0.97005 -0.242904 0
    outer loop
      vertex -90.725 64.2536 0
      vertex -90.756 64.3774 3
      vertex -90.756 64.3774 0
    endloop
  endfacet
  facet normal -0.97005 -0.242904 0
    outer loop
      vertex -90.756 64.3774 3
      vertex -90.725 64.2536 0
      vertex -90.725 64.2536 3
    endloop
  endfacet
  facet normal 0.427345 0.904089 -0
    outer loop
      vertex -92.4975 62.799 0
      vertex -92.6128 62.8535 3
      vertex -92.4975 62.799 3
    endloop
  endfacet
  facet normal 0.427345 0.904089 0
    outer loop
      vertex -92.6128 62.8535 3
      vertex -92.4975 62.799 0
      vertex -92.6128 62.8535 0
    endloop
  endfacet
  facet normal -0.337081 0.941476 0
    outer loop
      vertex -91.5025 62.799 0
      vertex -91.6226 62.756 3
      vertex -91.5025 62.799 3
    endloop
  endfacet
  facet normal -0.337081 0.941476 0
    outer loop
      vertex -91.6226 62.756 3
      vertex -91.5025 62.799 0
      vertex -91.6226 62.756 0
    endloop
  endfacet
  facet normal 0.242904 0.97005 -0
    outer loop
      vertex -92.2536 62.725 0
      vertex -92.3774 62.756 3
      vertex -92.2536 62.725 3
    endloop
  endfacet
  facet normal 0.242904 0.97005 0
    outer loop
      vertex -92.3774 62.756 3
      vertex -92.2536 62.725 0
      vertex -92.3774 62.756 0
    endloop
  endfacet
  facet normal -0.857631 -0.514265 0
    outer loop
      vertex -90.8535 64.6128 0
      vertex -90.9191 64.7222 3
      vertex -90.9191 64.7222 0
    endloop
  endfacet
  facet normal -0.857631 -0.514265 0
    outer loop
      vertex -90.9191 64.7222 3
      vertex -90.8535 64.6128 0
      vertex -90.8535 64.6128 3
    endloop
  endfacet
  facet normal -0.427345 0.904089 0
    outer loop
      vertex -91.3872 62.8535 0
      vertex -91.5025 62.799 3
      vertex -91.3872 62.8535 3
    endloop
  endfacet
  facet normal -0.427345 0.904089 0
    outer loop
      vertex -91.5025 62.799 3
      vertex -91.3872 62.8535 0
      vertex -91.5025 62.799 0
    endloop
  endfacet
  facet normal -0.0493902 0.99878 0
    outer loop
      vertex -91.8726 62.7063 0
      vertex -92 62.7 3
      vertex -91.8726 62.7063 3
    endloop
  endfacet
  facet normal -0.0493902 0.99878 0
    outer loop
      vertex -92 62.7 3
      vertex -91.8726 62.7063 0
      vertex -92 62.7 0
    endloop
  endfacet
  facet normal -0.941476 -0.337081 0
    outer loop
      vertex -90.756 64.3774 0
      vertex -90.799 64.4975 3
      vertex -90.799 64.4975 0
    endloop
  endfacet
  facet normal -0.941476 -0.337081 0
    outer loop
      vertex -90.799 64.4975 3
      vertex -90.756 64.3774 0
      vertex -90.756 64.3774 3
    endloop
  endfacet
  facet normal -0.242904 0.97005 0
    outer loop
      vertex -91.6226 62.756 0
      vertex -91.7464 62.725 3
      vertex -91.6226 62.756 3
    endloop
  endfacet
  facet normal -0.242904 0.97005 0
    outer loop
      vertex -91.7464 62.725 3
      vertex -91.6226 62.756 0
      vertex -91.7464 62.725 0
    endloop
  endfacet
  facet normal -0.99878 -0.0493902 0
    outer loop
      vertex -90.7 64 0
      vertex -90.7063 64.1274 3
      vertex -90.7063 64.1274 0
    endloop
  endfacet
  facet normal -0.99878 -0.0493902 0
    outer loop
      vertex -90.7063 64.1274 3
      vertex -90.7 64 0
      vertex -90.7 64 3
    endloop
  endfacet
  facet normal 0.97005 0.242904 0
    outer loop
      vertex -93.244 63.6226 3
      vertex -93.275 63.7464 0
      vertex -93.275 63.7464 3
    endloop
  endfacet
  facet normal 0.97005 0.242904 0
    outer loop
      vertex -93.275 63.7464 0
      vertex -93.244 63.6226 3
      vertex -93.244 63.6226 0
    endloop
  endfacet
  facet normal 0.671775 0.740755 -0
    outer loop
      vertex -92.8247 62.9951 0
      vertex -92.9192 63.0808 3
      vertex -92.8247 62.9951 3
    endloop
  endfacet
  facet normal 0.671775 0.740755 0
    outer loop
      vertex -92.9192 63.0808 3
      vertex -92.8247 62.9951 0
      vertex -92.9192 63.0808 0
    endloop
  endfacet
  facet normal 0.857631 -0.514265 0
    outer loop
      vertex -93.1465 64.6128 3
      vertex -93.0809 64.7222 0
      vertex -93.0809 64.7222 3
    endloop
  endfacet
  facet normal 0.857631 -0.514265 0
    outer loop
      vertex -93.0809 64.7222 0
      vertex -93.1465 64.6128 3
      vertex -93.1465 64.6128 0
    endloop
  endfacet
  facet normal 0.740755 -0.671775 0
    outer loop
      vertex -93.0049 64.8247 3
      vertex -92.9192 64.9192 0
      vertex -92.9192 64.9192 3
    endloop
  endfacet
  facet normal 0.740755 -0.671775 0
    outer loop
      vertex -92.9192 64.9192 0
      vertex -93.0049 64.8247 3
      vertex -93.0049 64.8247 0
    endloop
  endfacet
  facet normal 0.989199 -0.146577 0
    outer loop
      vertex -93.2937 64.1274 3
      vertex -93.275 64.2536 0
      vertex -93.275 64.2536 3
    endloop
  endfacet
  facet normal 0.989199 -0.146577 0
    outer loop
      vertex -93.275 64.2536 0
      vertex -93.2937 64.1274 3
      vertex -93.2937 64.1274 0
    endloop
  endfacet
  facet normal 0.803279 -0.595602 0
    outer loop
      vertex -93.0809 64.7222 3
      vertex -93.0049 64.8247 0
      vertex -93.0049 64.8247 3
    endloop
  endfacet
  facet normal 0.803279 -0.595602 0
    outer loop
      vertex -93.0049 64.8247 0
      vertex -93.0809 64.7222 3
      vertex -93.0809 64.7222 0
    endloop
  endfacet
  facet normal -0.337081 -0.941476 0
    outer loop
      vertex -91.6226 65.244 0
      vertex -91.5025 65.201 3
      vertex -91.6226 65.244 3
    endloop
  endfacet
  facet normal -0.337081 -0.941476 -0
    outer loop
      vertex -91.5025 65.201 3
      vertex -91.6226 65.244 0
      vertex -91.5025 65.201 0
    endloop
  endfacet
  facet normal 0.99878 -0.0493902 0
    outer loop
      vertex -93.3 64 3
      vertex -93.2937 64.1274 0
      vertex -93.2937 64.1274 3
    endloop
  endfacet
  facet normal 0.99878 -0.0493902 0
    outer loop
      vertex -93.2937 64.1274 0
      vertex -93.3 64 3
      vertex -93.3 64 0
    endloop
  endfacet
  facet normal 0.803279 0.595602 0
    outer loop
      vertex -93.0049 63.1753 3
      vertex -93.0809 63.2778 0
      vertex -93.0809 63.2778 3
    endloop
  endfacet
  facet normal 0.803279 0.595602 0
    outer loop
      vertex -93.0809 63.2778 0
      vertex -93.0049 63.1753 3
      vertex -93.0049 63.1753 0
    endloop
  endfacet
  facet normal -0.595602 -0.803279 0
    outer loop
      vertex -91.2778 65.0809 0
      vertex -91.1753 65.0049 3
      vertex -91.2778 65.0809 3
    endloop
  endfacet
  facet normal -0.595602 -0.803279 -0
    outer loop
      vertex -91.1753 65.0049 3
      vertex -91.2778 65.0809 0
      vertex -91.1753 65.0049 0
    endloop
  endfacet
  facet normal -0.740755 0.671775 0
    outer loop
      vertex -91.0808 63.0808 0
      vertex -90.9951 63.1753 3
      vertex -90.9951 63.1753 0
    endloop
  endfacet
  facet normal -0.740755 0.671775 0
    outer loop
      vertex -90.9951 63.1753 3
      vertex -91.0808 63.0808 0
      vertex -91.0808 63.0808 3
    endloop
  endfacet
  facet normal 0.904089 0.427345 0
    outer loop
      vertex -93.1465 63.3872 3
      vertex -93.201 63.5025 0
      vertex -93.201 63.5025 3
    endloop
  endfacet
  facet normal 0.904089 0.427345 0
    outer loop
      vertex -93.201 63.5025 0
      vertex -93.1465 63.3872 3
      vertex -93.1465 63.3872 0
    endloop
  endfacet
  facet normal 0.0493902 -0.99878 0
    outer loop
      vertex -92.1274 65.2937 0
      vertex -92 65.3 3
      vertex -92.1274 65.2937 3
    endloop
  endfacet
  facet normal 0.0493902 -0.99878 0
    outer loop
      vertex -92 65.3 3
      vertex -92.1274 65.2937 0
      vertex -92 65.3 0
    endloop
  endfacet
  facet normal 0.99878 0.0493902 0
    outer loop
      vertex -93.2937 63.8726 3
      vertex -93.3 64 0
      vertex -93.3 64 3
    endloop
  endfacet
  facet normal 0.99878 0.0493902 0
    outer loop
      vertex -93.3 64 0
      vertex -93.2937 63.8726 3
      vertex -93.2937 63.8726 0
    endloop
  endfacet
  facet normal 0.337081 -0.941476 0
    outer loop
      vertex -92.4975 65.201 0
      vertex -92.3774 65.244 3
      vertex -92.4975 65.201 3
    endloop
  endfacet
  facet normal 0.337081 -0.941476 0
    outer loop
      vertex -92.3774 65.244 3
      vertex -92.4975 65.201 0
      vertex -92.3774 65.244 0
    endloop
  endfacet
  facet normal 0.671775 -0.740755 0
    outer loop
      vertex -92.9192 64.9192 0
      vertex -92.8247 65.0049 3
      vertex -92.9192 64.9192 3
    endloop
  endfacet
  facet normal 0.671775 -0.740755 0
    outer loop
      vertex -92.8247 65.0049 3
      vertex -92.9192 64.9192 0
      vertex -92.8247 65.0049 0
    endloop
  endfacet
  facet normal 0.595602 -0.803279 0
    outer loop
      vertex -92.8247 65.0049 0
      vertex -92.7222 65.0809 3
      vertex -92.8247 65.0049 3
    endloop
  endfacet
  facet normal 0.595602 -0.803279 0
    outer loop
      vertex -92.7222 65.0809 3
      vertex -92.8247 65.0049 0
      vertex -92.7222 65.0809 0
    endloop
  endfacet
  facet normal -0.740755 -0.671775 0
    outer loop
      vertex -90.9951 64.8247 0
      vertex -91.0808 64.9192 3
      vertex -91.0808 64.9192 0
    endloop
  endfacet
  facet normal -0.740755 -0.671775 0
    outer loop
      vertex -91.0808 64.9192 3
      vertex -90.9951 64.8247 0
      vertex -90.9951 64.8247 3
    endloop
  endfacet
  facet normal -0.671775 -0.740755 0
    outer loop
      vertex -91.1753 65.0049 0
      vertex -91.0808 64.9192 3
      vertex -91.1753 65.0049 3
    endloop
  endfacet
  facet normal -0.671775 -0.740755 -0
    outer loop
      vertex -91.0808 64.9192 3
      vertex -91.1753 65.0049 0
      vertex -91.0808 64.9192 0
    endloop
  endfacet
  facet normal -0.989199 0.146577 0
    outer loop
      vertex -90.725 -64.2536 0
      vertex -90.7063 -64.1274 3
      vertex -90.7063 -64.1274 0
    endloop
  endfacet
  facet normal -0.989199 0.146577 0
    outer loop
      vertex -90.7063 -64.1274 3
      vertex -90.725 -64.2536 0
      vertex -90.725 -64.2536 3
    endloop
  endfacet
  facet normal -0.99878 0.0493902 0
    outer loop
      vertex -90.7063 -64.1274 0
      vertex -90.7 -64 3
      vertex -90.7 -64 0
    endloop
  endfacet
  facet normal -0.99878 0.0493902 0
    outer loop
      vertex -90.7 -64 3
      vertex -90.7063 -64.1274 0
      vertex -90.7063 -64.1274 3
    endloop
  endfacet
  facet normal -0.97005 0.242904 0
    outer loop
      vertex -90.756 -64.3774 0
      vertex -90.725 -64.2536 3
      vertex -90.725 -64.2536 0
    endloop
  endfacet
  facet normal -0.97005 0.242904 0
    outer loop
      vertex -90.725 -64.2536 3
      vertex -90.756 -64.3774 0
      vertex -90.756 -64.3774 3
    endloop
  endfacet
  facet normal 0.803279 0.595602 0
    outer loop
      vertex -93.0049 -64.8247 3
      vertex -93.0809 -64.7222 0
      vertex -93.0809 -64.7222 3
    endloop
  endfacet
  facet normal 0.803279 0.595602 0
    outer loop
      vertex -93.0809 -64.7222 0
      vertex -93.0049 -64.8247 3
      vertex -93.0049 -64.8247 0
    endloop
  endfacet
  facet normal -0.337081 -0.941476 0
    outer loop
      vertex -91.6226 -62.756 0
      vertex -91.5025 -62.799 3
      vertex -91.6226 -62.756 3
    endloop
  endfacet
  facet normal -0.337081 -0.941476 -0
    outer loop
      vertex -91.5025 -62.799 3
      vertex -91.6226 -62.756 0
      vertex -91.5025 -62.799 0
    endloop
  endfacet
  facet normal -0.857631 -0.514265 0
    outer loop
      vertex -90.8535 -63.3872 0
      vertex -90.9191 -63.2778 3
      vertex -90.9191 -63.2778 0
    endloop
  endfacet
  facet normal -0.857631 -0.514265 0
    outer loop
      vertex -90.9191 -63.2778 3
      vertex -90.8535 -63.3872 0
      vertex -90.8535 -63.3872 3
    endloop
  endfacet
  facet normal 0.0493902 -0.99878 0
    outer loop
      vertex -92.1274 -62.7063 0
      vertex -92 -62.7 3
      vertex -92.1274 -62.7063 3
    endloop
  endfacet
  facet normal 0.0493902 -0.99878 0
    outer loop
      vertex -92 -62.7 3
      vertex -92.1274 -62.7063 0
      vertex -92 -62.7 0
    endloop
  endfacet
  facet normal 0.989199 0.146577 0
    outer loop
      vertex -93.275 -64.2536 3
      vertex -93.2937 -64.1274 0
      vertex -93.2937 -64.1274 3
    endloop
  endfacet
  facet normal 0.989199 0.146577 0
    outer loop
      vertex -93.2937 -64.1274 0
      vertex -93.275 -64.2536 3
      vertex -93.275 -64.2536 0
    endloop
  endfacet
  facet normal 0.904089 -0.427345 0
    outer loop
      vertex -93.201 -63.5025 3
      vertex -93.1465 -63.3872 0
      vertex -93.1465 -63.3872 3
    endloop
  endfacet
  facet normal 0.904089 -0.427345 0
    outer loop
      vertex -93.1465 -63.3872 0
      vertex -93.201 -63.5025 3
      vertex -93.201 -63.5025 0
    endloop
  endfacet
  facet normal 0.242904 0.97005 -0
    outer loop
      vertex -92.2536 -65.275 0
      vertex -92.3774 -65.244 3
      vertex -92.2536 -65.275 3
    endloop
  endfacet
  facet normal 0.242904 0.97005 0
    outer loop
      vertex -92.3774 -65.244 3
      vertex -92.2536 -65.275 0
      vertex -92.3774 -65.244 0
    endloop
  endfacet
  facet normal -0.146577 -0.989199 0
    outer loop
      vertex -91.8726 -62.7063 0
      vertex -91.7464 -62.725 3
      vertex -91.8726 -62.7063 3
    endloop
  endfacet
  facet normal -0.146577 -0.989199 -0
    outer loop
      vertex -91.7464 -62.725 3
      vertex -91.8726 -62.7063 0
      vertex -91.7464 -62.725 0
    endloop
  endfacet
  facet normal 0.595602 0.803279 -0
    outer loop
      vertex -92.7222 -65.0809 0
      vertex -92.8247 -65.0049 3
      vertex -92.7222 -65.0809 3
    endloop
  endfacet
  facet normal 0.595602 0.803279 0
    outer loop
      vertex -92.8247 -65.0049 3
      vertex -92.7222 -65.0809 0
      vertex -92.8247 -65.0049 0
    endloop
  endfacet
  facet normal -0.595602 0.803279 0
    outer loop
      vertex -91.1753 -65.0049 0
      vertex -91.2778 -65.0809 3
      vertex -91.1753 -65.0049 3
    endloop
  endfacet
  facet normal -0.595602 0.803279 0
    outer loop
      vertex -91.2778 -65.0809 3
      vertex -91.1753 -65.0049 0
      vertex -91.2778 -65.0809 0
    endloop
  endfacet
  facet normal -0.514265 0.857631 0
    outer loop
      vertex -91.2778 -65.0809 0
      vertex -91.3872 -65.1465 3
      vertex -91.2778 -65.0809 3
    endloop
  endfacet
  facet normal -0.514265 0.857631 0
    outer loop
      vertex -91.3872 -65.1465 3
      vertex -91.2778 -65.0809 0
      vertex -91.3872 -65.1465 0
    endloop
  endfacet
  facet normal -0.904089 -0.427345 0
    outer loop
      vertex -90.799 -63.5025 0
      vertex -90.8535 -63.3872 3
      vertex -90.8535 -63.3872 0
    endloop
  endfacet
  facet normal -0.904089 -0.427345 0
    outer loop
      vertex -90.8535 -63.3872 3
      vertex -90.799 -63.5025 0
      vertex -90.799 -63.5025 3
    endloop
  endfacet
  facet normal 0.97005 -0.242904 0
    outer loop
      vertex -93.275 -63.7464 3
      vertex -93.244 -63.6226 0
      vertex -93.244 -63.6226 3
    endloop
  endfacet
  facet normal 0.97005 -0.242904 0
    outer loop
      vertex -93.244 -63.6226 0
      vertex -93.275 -63.7464 3
      vertex -93.275 -63.7464 0
    endloop
  endfacet
  facet normal 0.857631 -0.514265 0
    outer loop
      vertex -93.1465 -63.3872 3
      vertex -93.0809 -63.2778 0
      vertex -93.0809 -63.2778 3
    endloop
  endfacet
  facet normal 0.857631 -0.514265 0
    outer loop
      vertex -93.0809 -63.2778 0
      vertex -93.1465 -63.3872 3
      vertex -93.1465 -63.3872 0
    endloop
  endfacet
  facet normal -0.0493902 -0.99878 0
    outer loop
      vertex -92 -62.7 0
      vertex -91.8726 -62.7063 3
      vertex -92 -62.7 3
    endloop
  endfacet
  facet normal -0.0493902 -0.99878 -0
    outer loop
      vertex -91.8726 -62.7063 3
      vertex -92 -62.7 0
      vertex -91.8726 -62.7063 0
    endloop
  endfacet
  facet normal 0.337081 0.941476 -0
    outer loop
      vertex -92.3774 -65.244 0
      vertex -92.4975 -65.201 3
      vertex -92.3774 -65.244 3
    endloop
  endfacet
  facet normal 0.337081 0.941476 0
    outer loop
      vertex -92.4975 -65.201 3
      vertex -92.3774 -65.244 0
      vertex -92.4975 -65.201 0
    endloop
  endfacet
  facet normal 0.941476 0.337081 0
    outer loop
      vertex -93.201 -64.4975 3
      vertex -93.244 -64.3774 0
      vertex -93.244 -64.3774 3
    endloop
  endfacet
  facet normal 0.941476 0.337081 0
    outer loop
      vertex -93.244 -64.3774 0
      vertex -93.201 -64.4975 3
      vertex -93.201 -64.4975 0
    endloop
  endfacet
  facet normal -0.803279 0.595602 0
    outer loop
      vertex -90.9951 -64.8247 0
      vertex -90.9191 -64.7222 3
      vertex -90.9191 -64.7222 0
    endloop
  endfacet
  facet normal -0.803279 0.595602 0
    outer loop
      vertex -90.9191 -64.7222 3
      vertex -90.9951 -64.8247 0
      vertex -90.9951 -64.8247 3
    endloop
  endfacet
  facet normal -0.427345 -0.904089 0
    outer loop
      vertex -91.5025 -62.799 0
      vertex -91.3872 -62.8535 3
      vertex -91.5025 -62.799 3
    endloop
  endfacet
  facet normal -0.427345 -0.904089 -0
    outer loop
      vertex -91.3872 -62.8535 3
      vertex -91.5025 -62.799 0
      vertex -91.3872 -62.8535 0
    endloop
  endfacet
  facet normal -0.514265 -0.857631 0
    outer loop
      vertex -91.3872 -62.8535 0
      vertex -91.2778 -62.9191 3
      vertex -91.3872 -62.8535 3
    endloop
  endfacet
  facet normal -0.514265 -0.857631 -0
    outer loop
      vertex -91.2778 -62.9191 3
      vertex -91.3872 -62.8535 0
      vertex -91.2778 -62.9191 0
    endloop
  endfacet
  facet normal -0.337081 0.941476 0
    outer loop
      vertex -91.5025 -65.201 0
      vertex -91.6226 -65.244 3
      vertex -91.5025 -65.201 3
    endloop
  endfacet
  facet normal -0.337081 0.941476 0
    outer loop
      vertex -91.6226 -65.244 3
      vertex -91.5025 -65.201 0
      vertex -91.6226 -65.244 0
    endloop
  endfacet
  facet normal -0.97005 -0.242904 0
    outer loop
      vertex -90.725 -63.7464 0
      vertex -90.756 -63.6226 3
      vertex -90.756 -63.6226 0
    endloop
  endfacet
  facet normal -0.97005 -0.242904 0
    outer loop
      vertex -90.756 -63.6226 3
      vertex -90.725 -63.7464 0
      vertex -90.725 -63.7464 3
    endloop
  endfacet
  facet normal -0.803279 -0.595602 0
    outer loop
      vertex -90.9191 -63.2778 0
      vertex -90.9951 -63.1753 3
      vertex -90.9951 -63.1753 0
    endloop
  endfacet
  facet normal -0.803279 -0.595602 0
    outer loop
      vertex -90.9951 -63.1753 3
      vertex -90.9191 -63.2778 0
      vertex -90.9191 -63.2778 3
    endloop
  endfacet
  facet normal 0.904089 0.427345 0
    outer loop
      vertex -93.1465 -64.6128 3
      vertex -93.201 -64.4975 0
      vertex -93.201 -64.4975 3
    endloop
  endfacet
  facet normal 0.904089 0.427345 0
    outer loop
      vertex -93.201 -64.4975 0
      vertex -93.1465 -64.6128 3
      vertex -93.1465 -64.6128 0
    endloop
  endfacet
  facet normal -0.671775 0.740755 0
    outer loop
      vertex -91.0808 -64.9192 0
      vertex -91.1753 -65.0049 3
      vertex -91.0808 -64.9192 3
    endloop
  endfacet
  facet normal -0.671775 0.740755 0
    outer loop
      vertex -91.1753 -65.0049 3
      vertex -91.0808 -64.9192 0
      vertex -91.1753 -65.0049 0
    endloop
  endfacet
  facet normal 0.671775 0.740755 -0
    outer loop
      vertex -92.8247 -65.0049 0
      vertex -92.9192 -64.9192 3
      vertex -92.8247 -65.0049 3
    endloop
  endfacet
  facet normal 0.671775 0.740755 0
    outer loop
      vertex -92.9192 -64.9192 3
      vertex -92.8247 -65.0049 0
      vertex -92.9192 -64.9192 0
    endloop
  endfacet
  facet normal -0.427345 0.904089 0
    outer loop
      vertex -91.3872 -65.1465 0
      vertex -91.5025 -65.201 3
      vertex -91.3872 -65.1465 3
    endloop
  endfacet
  facet normal -0.427345 0.904089 0
    outer loop
      vertex -91.5025 -65.201 3
      vertex -91.3872 -65.1465 0
      vertex -91.5025 -65.201 0
    endloop
  endfacet
  facet normal -0.941476 0.337081 0
    outer loop
      vertex -90.799 -64.4975 0
      vertex -90.756 -64.3774 3
      vertex -90.756 -64.3774 0
    endloop
  endfacet
  facet normal -0.941476 0.337081 0
    outer loop
      vertex -90.756 -64.3774 3
      vertex -90.799 -64.4975 0
      vertex -90.799 -64.4975 3
    endloop
  endfacet
  facet normal -0.0493902 0.99878 0
    outer loop
      vertex -91.8726 -65.2937 0
      vertex -92 -65.3 3
      vertex -91.8726 -65.2937 3
    endloop
  endfacet
  facet normal -0.0493902 0.99878 0
    outer loop
      vertex -92 -65.3 3
      vertex -91.8726 -65.2937 0
      vertex -92 -65.3 0
    endloop
  endfacet
  facet normal 0.857631 0.514265 0
    outer loop
      vertex -93.0809 -64.7222 3
      vertex -93.1465 -64.6128 0
      vertex -93.1465 -64.6128 3
    endloop
  endfacet
  facet normal 0.857631 0.514265 0
    outer loop
      vertex -93.1465 -64.6128 0
      vertex -93.0809 -64.7222 3
      vertex -93.0809 -64.7222 0
    endloop
  endfacet
  facet normal -0.989199 -0.146577 0
    outer loop
      vertex -90.7063 -63.8726 0
      vertex -90.725 -63.7464 3
      vertex -90.725 -63.7464 0
    endloop
  endfacet
  facet normal -0.989199 -0.146577 0
    outer loop
      vertex -90.725 -63.7464 3
      vertex -90.7063 -63.8726 0
      vertex -90.7063 -63.8726 3
    endloop
  endfacet
  facet normal -0.99878 -0.0493902 0
    outer loop
      vertex -90.7 -64 0
      vertex -90.7063 -63.8726 3
      vertex -90.7063 -63.8726 0
    endloop
  endfacet
  facet normal -0.99878 -0.0493902 0
    outer loop
      vertex -90.7063 -63.8726 3
      vertex -90.7 -64 0
      vertex -90.7 -64 3
    endloop
  endfacet
  facet normal 0.671775 -0.740755 0
    outer loop
      vertex -92.9192 -63.0808 0
      vertex -92.8247 -62.9951 3
      vertex -92.9192 -63.0808 3
    endloop
  endfacet
  facet normal 0.671775 -0.740755 0
    outer loop
      vertex -92.8247 -62.9951 3
      vertex -92.9192 -63.0808 0
      vertex -92.8247 -62.9951 0
    endloop
  endfacet
  facet normal -0.904089 0.427345 0
    outer loop
      vertex -90.8535 -64.6128 0
      vertex -90.799 -64.4975 3
      vertex -90.799 -64.4975 0
    endloop
  endfacet
  facet normal -0.904089 0.427345 0
    outer loop
      vertex -90.799 -64.4975 3
      vertex -90.8535 -64.6128 0
      vertex -90.8535 -64.6128 3
    endloop
  endfacet
  facet normal 0.97005 0.242904 0
    outer loop
      vertex -93.244 -64.3774 3
      vertex -93.275 -64.2536 0
      vertex -93.275 -64.2536 3
    endloop
  endfacet
  facet normal 0.97005 0.242904 0
    outer loop
      vertex -93.275 -64.2536 0
      vertex -93.244 -64.3774 3
      vertex -93.244 -64.3774 0
    endloop
  endfacet
  facet normal -0.242904 -0.97005 0
    outer loop
      vertex -91.7464 -62.725 0
      vertex -91.6226 -62.756 3
      vertex -91.7464 -62.725 3
    endloop
  endfacet
  facet normal -0.242904 -0.97005 -0
    outer loop
      vertex -91.6226 -62.756 3
      vertex -91.7464 -62.725 0
      vertex -91.6226 -62.756 0
    endloop
  endfacet
  facet normal -0.595602 -0.803279 0
    outer loop
      vertex -91.2778 -62.9191 0
      vertex -91.1753 -62.9951 3
      vertex -91.2778 -62.9191 3
    endloop
  endfacet
  facet normal -0.595602 -0.803279 -0
    outer loop
      vertex -91.1753 -62.9951 3
      vertex -91.2778 -62.9191 0
      vertex -91.1753 -62.9951 0
    endloop
  endfacet
  facet normal 0.146577 0.989199 -0
    outer loop
      vertex -92.1274 -65.2937 0
      vertex -92.2536 -65.275 3
      vertex -92.1274 -65.2937 3
    endloop
  endfacet
  facet normal 0.146577 0.989199 0
    outer loop
      vertex -92.2536 -65.275 3
      vertex -92.1274 -65.2937 0
      vertex -92.2536 -65.275 0
    endloop
  endfacet
  facet normal -0.740755 0.671775 0
    outer loop
      vertex -91.0808 -64.9192 0
      vertex -90.9951 -64.8247 3
      vertex -90.9951 -64.8247 0
    endloop
  endfacet
  facet normal -0.740755 0.671775 0
    outer loop
      vertex -90.9951 -64.8247 3
      vertex -91.0808 -64.9192 0
      vertex -91.0808 -64.9192 3
    endloop
  endfacet
  facet normal 0.427345 0.904089 -0
    outer loop
      vertex -92.4975 -65.201 0
      vertex -92.6128 -65.1465 3
      vertex -92.4975 -65.201 3
    endloop
  endfacet
  facet normal 0.427345 0.904089 0
    outer loop
      vertex -92.6128 -65.1465 3
      vertex -92.4975 -65.201 0
      vertex -92.6128 -65.1465 0
    endloop
  endfacet
  facet normal -0.941476 -0.337081 0
    outer loop
      vertex -90.756 -63.6226 0
      vertex -90.799 -63.5025 3
      vertex -90.799 -63.5025 0
    endloop
  endfacet
  facet normal -0.941476 -0.337081 0
    outer loop
      vertex -90.799 -63.5025 3
      vertex -90.756 -63.6226 0
      vertex -90.756 -63.6226 3
    endloop
  endfacet
  facet normal 0.242904 -0.97005 0
    outer loop
      vertex -92.3774 -62.756 0
      vertex -92.2536 -62.725 3
      vertex -92.3774 -62.756 3
    endloop
  endfacet
  facet normal 0.242904 -0.97005 0
    outer loop
      vertex -92.2536 -62.725 3
      vertex -92.3774 -62.756 0
      vertex -92.2536 -62.725 0
    endloop
  endfacet
  facet normal -0.857631 0.514265 0
    outer loop
      vertex -90.9191 -64.7222 0
      vertex -90.8535 -64.6128 3
      vertex -90.8535 -64.6128 0
    endloop
  endfacet
  facet normal -0.857631 0.514265 0
    outer loop
      vertex -90.8535 -64.6128 3
      vertex -90.9191 -64.7222 0
      vertex -90.9191 -64.7222 3
    endloop
  endfacet
  facet normal 0.146577 -0.989199 0
    outer loop
      vertex -92.2536 -62.725 0
      vertex -92.1274 -62.7063 3
      vertex -92.2536 -62.725 3
    endloop
  endfacet
  facet normal 0.146577 -0.989199 0
    outer loop
      vertex -92.1274 -62.7063 3
      vertex -92.2536 -62.725 0
      vertex -92.1274 -62.7063 0
    endloop
  endfacet
  facet normal 0.0493902 0.99878 -0
    outer loop
      vertex -92 -65.3 0
      vertex -92.1274 -65.2937 3
      vertex -92 -65.3 3
    endloop
  endfacet
  facet normal 0.0493902 0.99878 0
    outer loop
      vertex -92.1274 -65.2937 3
      vertex -92 -65.3 0
      vertex -92.1274 -65.2937 0
    endloop
  endfacet
  facet normal 0.514265 0.857631 -0
    outer loop
      vertex -92.6128 -65.1465 0
      vertex -92.7222 -65.0809 3
      vertex -92.6128 -65.1465 3
    endloop
  endfacet
  facet normal 0.514265 0.857631 0
    outer loop
      vertex -92.7222 -65.0809 3
      vertex -92.6128 -65.1465 0
      vertex -92.7222 -65.0809 0
    endloop
  endfacet
  facet normal 0.941476 -0.337081 0
    outer loop
      vertex -93.244 -63.6226 3
      vertex -93.201 -63.5025 0
      vertex -93.201 -63.5025 3
    endloop
  endfacet
  facet normal 0.941476 -0.337081 0
    outer loop
      vertex -93.201 -63.5025 0
      vertex -93.244 -63.6226 3
      vertex -93.244 -63.6226 0
    endloop
  endfacet
  facet normal 0.740755 0.671775 0
    outer loop
      vertex -92.9192 -64.9192 3
      vertex -93.0049 -64.8247 0
      vertex -93.0049 -64.8247 3
    endloop
  endfacet
  facet normal 0.740755 0.671775 0
    outer loop
      vertex -93.0049 -64.8247 0
      vertex -92.9192 -64.9192 3
      vertex -92.9192 -64.9192 0
    endloop
  endfacet
  facet normal 0.337081 -0.941476 0
    outer loop
      vertex -92.4975 -62.799 0
      vertex -92.3774 -62.756 3
      vertex -92.4975 -62.799 3
    endloop
  endfacet
  facet normal 0.337081 -0.941476 0
    outer loop
      vertex -92.3774 -62.756 3
      vertex -92.4975 -62.799 0
      vertex -92.3774 -62.756 0
    endloop
  endfacet
  facet normal -0.242904 0.97005 0
    outer loop
      vertex -91.6226 -65.244 0
      vertex -91.7464 -65.275 3
      vertex -91.6226 -65.244 3
    endloop
  endfacet
  facet normal -0.242904 0.97005 0
    outer loop
      vertex -91.7464 -65.275 3
      vertex -91.6226 -65.244 0
      vertex -91.7464 -65.275 0
    endloop
  endfacet
  facet normal -0.146577 0.989199 0
    outer loop
      vertex -91.7464 -65.275 0
      vertex -91.8726 -65.2937 3
      vertex -91.7464 -65.275 3
    endloop
  endfacet
  facet normal -0.146577 0.989199 0
    outer loop
      vertex -91.8726 -65.2937 3
      vertex -91.7464 -65.275 0
      vertex -91.8726 -65.2937 0
    endloop
  endfacet
  facet normal -0.671775 -0.740755 0
    outer loop
      vertex -91.1753 -62.9951 0
      vertex -91.0808 -63.0808 3
      vertex -91.1753 -62.9951 3
    endloop
  endfacet
  facet normal -0.671775 -0.740755 -0
    outer loop
      vertex -91.0808 -63.0808 3
      vertex -91.1753 -62.9951 0
      vertex -91.0808 -63.0808 0
    endloop
  endfacet
  facet normal 0.514265 -0.857631 0
    outer loop
      vertex -92.7222 -62.9191 0
      vertex -92.6128 -62.8535 3
      vertex -92.7222 -62.9191 3
    endloop
  endfacet
  facet normal 0.514265 -0.857631 0
    outer loop
      vertex -92.6128 -62.8535 3
      vertex -92.7222 -62.9191 0
      vertex -92.6128 -62.8535 0
    endloop
  endfacet
  facet normal 0.740755 -0.671775 0
    outer loop
      vertex -93.0049 -63.1753 3
      vertex -92.9192 -63.0808 0
      vertex -92.9192 -63.0808 3
    endloop
  endfacet
  facet normal 0.740755 -0.671775 0
    outer loop
      vertex -92.9192 -63.0808 0
      vertex -93.0049 -63.1753 3
      vertex -93.0049 -63.1753 0
    endloop
  endfacet
  facet normal 0.595602 -0.803279 0
    outer loop
      vertex -92.8247 -62.9951 0
      vertex -92.7222 -62.9191 3
      vertex -92.8247 -62.9951 3
    endloop
  endfacet
  facet normal 0.595602 -0.803279 0
    outer loop
      vertex -92.7222 -62.9191 3
      vertex -92.8247 -62.9951 0
      vertex -92.7222 -62.9191 0
    endloop
  endfacet
  facet normal 0.989199 -0.146577 0
    outer loop
      vertex -93.2937 -63.8726 3
      vertex -93.275 -63.7464 0
      vertex -93.275 -63.7464 3
    endloop
  endfacet
  facet normal 0.989199 -0.146577 0
    outer loop
      vertex -93.275 -63.7464 0
      vertex -93.2937 -63.8726 3
      vertex -93.2937 -63.8726 0
    endloop
  endfacet
  facet normal -0.740755 -0.671775 0
    outer loop
      vertex -90.9951 -63.1753 0
      vertex -91.0808 -63.0808 3
      vertex -91.0808 -63.0808 0
    endloop
  endfacet
  facet normal -0.740755 -0.671775 0
    outer loop
      vertex -91.0808 -63.0808 3
      vertex -90.9951 -63.1753 0
      vertex -90.9951 -63.1753 3
    endloop
  endfacet
  facet normal 0.803279 -0.595602 0
    outer loop
      vertex -93.0809 -63.2778 3
      vertex -93.0049 -63.1753 0
      vertex -93.0049 -63.1753 3
    endloop
  endfacet
  facet normal 0.803279 -0.595602 0
    outer loop
      vertex -93.0049 -63.1753 0
      vertex -93.0809 -63.2778 3
      vertex -93.0809 -63.2778 0
    endloop
  endfacet
  facet normal 0.99878 0.0493902 0
    outer loop
      vertex -93.2937 -64.1274 3
      vertex -93.3 -64 0
      vertex -93.3 -64 3
    endloop
  endfacet
  facet normal 0.99878 0.0493902 0
    outer loop
      vertex -93.3 -64 0
      vertex -93.2937 -64.1274 3
      vertex -93.2937 -64.1274 0
    endloop
  endfacet
  facet normal 0.99878 -0.0493902 0
    outer loop
      vertex -93.3 -64 3
      vertex -93.2937 -63.8726 0
      vertex -93.2937 -63.8726 3
    endloop
  endfacet
  facet normal 0.99878 -0.0493902 0
    outer loop
      vertex -93.2937 -63.8726 0
      vertex -93.3 -64 3
      vertex -93.3 -64 0
    endloop
  endfacet
  facet normal 0.427345 -0.904089 0
    outer loop
      vertex -92.6128 -62.8535 0
      vertex -92.4975 -62.799 3
      vertex -92.6128 -62.8535 3
    endloop
  endfacet
  facet normal 0.427345 -0.904089 0
    outer loop
      vertex -92.4975 -62.799 3
      vertex -92.6128 -62.8535 0
      vertex -92.4975 -62.799 0
    endloop
  endfacet
  facet normal 0.427345 -0.904089 0
    outer loop
      vertex -62.6128 65.1465 0
      vertex -62.4975 65.201 10
      vertex -62.6128 65.1465 10
    endloop
  endfacet
  facet normal 0.427345 -0.904089 0
    outer loop
      vertex -62.4975 65.201 10
      vertex -62.6128 65.1465 0
      vertex -62.4975 65.201 0
    endloop
  endfacet
  facet normal -0.989199 0.146577 0
    outer loop
      vertex -60.725 63.7464 0
      vertex -60.7063 63.8726 10
      vertex -60.7063 63.8726 0
    endloop
  endfacet
  facet normal -0.989199 0.146577 0
    outer loop
      vertex -60.7063 63.8726 10
      vertex -60.725 63.7464 0
      vertex -60.725 63.7464 10
    endloop
  endfacet
  facet normal -0.99878 0.0493902 0
    outer loop
      vertex -60.7063 63.8726 0
      vertex -60.7 64 10
      vertex -60.7 64 0
    endloop
  endfacet
  facet normal -0.99878 0.0493902 0
    outer loop
      vertex -60.7 64 10
      vertex -60.7063 63.8726 0
      vertex -60.7063 63.8726 10
    endloop
  endfacet
  facet normal -0.97005 0.242904 0
    outer loop
      vertex -60.756 63.6226 0
      vertex -60.725 63.7464 10
      vertex -60.725 63.7464 0
    endloop
  endfacet
  facet normal -0.97005 0.242904 0
    outer loop
      vertex -60.725 63.7464 10
      vertex -60.756 63.6226 0
      vertex -60.756 63.6226 10
    endloop
  endfacet
  facet normal -0.427345 -0.904089 0
    outer loop
      vertex -61.5025 65.201 0
      vertex -61.3872 65.1465 10
      vertex -61.5025 65.201 10
    endloop
  endfacet
  facet normal -0.427345 -0.904089 -0
    outer loop
      vertex -61.3872 65.1465 10
      vertex -61.5025 65.201 0
      vertex -61.3872 65.1465 0
    endloop
  endfacet
  facet normal 0.146577 0.989199 -0
    outer loop
      vertex -62.1274 62.7063 0
      vertex -62.2536 62.725 10
      vertex -62.1274 62.7063 10
    endloop
  endfacet
  facet normal 0.146577 0.989199 0
    outer loop
      vertex -62.2536 62.725 10
      vertex -62.1274 62.7063 0
      vertex -62.2536 62.725 0
    endloop
  endfacet
  facet normal 0.941476 -0.337081 0
    outer loop
      vertex -63.244 64.3774 3
      vertex -63.201 64.4975 0
      vertex -63.201 64.4975 3
    endloop
  endfacet
  facet normal 0.941476 -0.337081 0
    outer loop
      vertex -63.201 64.4975 0
      vertex -63.244 64.3774 3
      vertex -63.244 64.3774 0
    endloop
  endfacet
  facet normal -0.514265 0.857631 0
    outer loop
      vertex -61.2778 62.9191 0
      vertex -61.3872 62.8535 10
      vertex -61.2778 62.9191 10
    endloop
  endfacet
  facet normal -0.514265 0.857631 0
    outer loop
      vertex -61.3872 62.8535 10
      vertex -61.2778 62.9191 0
      vertex -61.3872 62.8535 0
    endloop
  endfacet
  facet normal 0.242904 -0.97005 0
    outer loop
      vertex -62.3774 65.244 0
      vertex -62.2536 65.275 10
      vertex -62.3774 65.244 10
    endloop
  endfacet
  facet normal 0.242904 -0.97005 0
    outer loop
      vertex -62.2536 65.275 10
      vertex -62.3774 65.244 0
      vertex -62.2536 65.275 0
    endloop
  endfacet
  facet normal -0.242904 -0.97005 0
    outer loop
      vertex -61.7464 65.275 0
      vertex -61.6226 65.244 10
      vertex -61.7464 65.275 10
    endloop
  endfacet
  facet normal -0.242904 -0.97005 -0
    outer loop
      vertex -61.6226 65.244 10
      vertex -61.7464 65.275 0
      vertex -61.6226 65.244 0
    endloop
  endfacet
  facet normal 0.514265 0.857631 -0
    outer loop
      vertex -62.6128 62.8535 0
      vertex -62.7222 62.9191 10
      vertex -62.6128 62.8535 10
    endloop
  endfacet
  facet normal 0.514265 0.857631 0
    outer loop
      vertex -62.7222 62.9191 10
      vertex -62.6128 62.8535 0
      vertex -62.7222 62.9191 0
    endloop
  endfacet
  facet normal 0.595602 0.803279 -0
    outer loop
      vertex -62.7222 62.9191 0
      vertex -62.8247 62.9951 10
      vertex -62.7222 62.9191 10
    endloop
  endfacet
  facet normal 0.595602 0.803279 0
    outer loop
      vertex -62.8247 62.9951 10
      vertex -62.7222 62.9191 0
      vertex -62.8247 62.9951 0
    endloop
  endfacet
  facet normal -0.146577 0.989199 0
    outer loop
      vertex -61.7464 62.725 0
      vertex -61.8726 62.7063 10
      vertex -61.7464 62.725 10
    endloop
  endfacet
  facet normal -0.146577 0.989199 0
    outer loop
      vertex -61.8726 62.7063 10
      vertex -61.7464 62.725 0
      vertex -61.8726 62.7063 0
    endloop
  endfacet
  facet normal -0.0493902 -0.99878 0
    outer loop
      vertex -62 65.3 0
      vertex -61.8726 65.2937 10
      vertex -62 65.3 10
    endloop
  endfacet
  facet normal -0.0493902 -0.99878 -0
    outer loop
      vertex -61.8726 65.2937 10
      vertex -62 65.3 0
      vertex -61.8726 65.2937 0
    endloop
  endfacet
  facet normal 0.514265 -0.857631 0
    outer loop
      vertex -62.7222 65.0809 0
      vertex -62.6128 65.1465 10
      vertex -62.7222 65.0809 10
    endloop
  endfacet
  facet normal 0.514265 -0.857631 0
    outer loop
      vertex -62.6128 65.1465 10
      vertex -62.7222 65.0809 0
      vertex -62.6128 65.1465 0
    endloop
  endfacet
  facet normal 0 0 -1
    outer loop
      vertex -60.7063 63.8726 10
      vertex -60.7063 64.1274 10
      vertex -60.7 64 10
    endloop
  endfacet
  facet normal 0 0 -1
    outer loop
      vertex -60.725 63.7464 10
      vertex -60.7063 64.1274 10
      vertex -60.7063 63.8726 10
    endloop
  endfacet
  facet normal 0 0 -1
    outer loop
      vertex -60.725 63.7464 10
      vertex -60.725 64.2536 10
      vertex -60.7063 64.1274 10
    endloop
  endfacet
  facet normal 0 0 -1
    outer loop
      vertex -60.756 63.6226 10
      vertex -60.725 64.2536 10
      vertex -60.725 63.7464 10
    endloop
  endfacet
  facet normal 0 0 -1
    outer loop
      vertex -60.756 63.6226 10
      vertex -60.756 64.3774 10
      vertex -60.725 64.2536 10
    endloop
  endfacet
  facet normal 0 0 -1
    outer loop
      vertex -60.799 63.5025 10
      vertex -60.756 64.3774 10
      vertex -60.756 63.6226 10
    endloop
  endfacet
  facet normal 0 0 -1
    outer loop
      vertex -60.799 63.5025 10
      vertex -60.799 64.4975 10
      vertex -60.756 64.3774 10
    endloop
  endfacet
  facet normal 0 0 -1
    outer loop
      vertex -60.8535 63.3872 10
      vertex -60.799 64.4975 10
      vertex -60.799 63.5025 10
    endloop
  endfacet
  facet normal 0 0 -1
    outer loop
      vertex -60.8535 63.3872 10
      vertex -60.8535 64.6128 10
      vertex -60.799 64.4975 10
    endloop
  endfacet
  facet normal 0 0 -1
    outer loop
      vertex -60.9191 63.2778 10
      vertex -60.8535 64.6128 10
      vertex -60.8535 63.3872 10
    endloop
  endfacet
  facet normal 0 0 -1
    outer loop
      vertex -60.9191 63.2778 10
      vertex -60.9191 64.7222 10
      vertex -60.8535 64.6128 10
    endloop
  endfacet
  facet normal 0 0 -1
    outer loop
      vertex -60.9951 63.1753 10
      vertex -60.9191 64.7222 10
      vertex -60.9191 63.2778 10
    endloop
  endfacet
  facet normal 0 0 -1
    outer loop
      vertex -60.9951 63.1753 10
      vertex -60.9951 64.8247 10
      vertex -60.9191 64.7222 10
    endloop
  endfacet
  facet normal 0 0 -1
    outer loop
      vertex -61.0808 63.0808 10
      vertex -60.9951 64.8247 10
      vertex -60.9951 63.1753 10
    endloop
  endfacet
  facet normal 0 0 -1
    outer loop
      vertex -61.0808 63.0808 10
      vertex -61.0808 64.9192 10
      vertex -60.9951 64.8247 10
    endloop
  endfacet
  facet normal 0 0 -1
    outer loop
      vertex -61.1753 62.9951 10
      vertex -61.0808 64.9192 10
      vertex -61.0808 63.0808 10
    endloop
  endfacet
  facet normal 0 0 -1
    outer loop
      vertex -61.1753 62.9951 10
      vertex -61.1753 65.0049 10
      vertex -61.0808 64.9192 10
    endloop
  endfacet
  facet normal 0 0 -1
    outer loop
      vertex -61.2778 62.9191 10
      vertex -61.1753 65.0049 10
      vertex -61.1753 62.9951 10
    endloop
  endfacet
  facet normal 0 0 -1
    outer loop
      vertex -61.2778 62.9191 10
      vertex -61.2778 65.0809 10
      vertex -61.1753 65.0049 10
    endloop
  endfacet
  facet normal 0 0 -1
    outer loop
      vertex -61.3872 62.8535 10
      vertex -61.2778 65.0809 10
      vertex -61.2778 62.9191 10
    endloop
  endfacet
  facet normal 0 0 -1
    outer loop
      vertex -61.3872 62.8535 10
      vertex -61.3872 65.1465 10
      vertex -61.2778 65.0809 10
    endloop
  endfacet
  facet normal 0 0 -1
    outer loop
      vertex -61.5025 62.799 10
      vertex -61.3872 65.1465 10
      vertex -61.3872 62.8535 10
    endloop
  endfacet
  facet normal 0 0 -1
    outer loop
      vertex -61.5025 62.799 10
      vertex -61.5025 65.201 10
      vertex -61.3872 65.1465 10
    endloop
  endfacet
  facet normal 0 0 -1
    outer loop
      vertex -61.6226 62.756 10
      vertex -61.5025 65.201 10
      vertex -61.5025 62.799 10
    endloop
  endfacet
  facet normal 0 0 -1
    outer loop
      vertex -61.6226 62.756 10
      vertex -61.6226 65.244 10
      vertex -61.5025 65.201 10
    endloop
  endfacet
  facet normal 0 0 -1
    outer loop
      vertex -61.7464 62.725 10
      vertex -61.6226 65.244 10
      vertex -61.6226 62.756 10
    endloop
  endfacet
  facet normal 0 0 -1
    outer loop
      vertex -61.7464 62.725 10
      vertex -61.7464 65.275 10
      vertex -61.6226 65.244 10
    endloop
  endfacet
  facet normal 0 0 -1
    outer loop
      vertex -61.8726 62.7063 10
      vertex -61.7464 65.275 10
      vertex -61.7464 62.725 10
    endloop
  endfacet
  facet normal 0 0 -1
    outer loop
      vertex -61.8726 62.7063 10
      vertex -61.8726 65.2937 10
      vertex -61.7464 65.275 10
    endloop
  endfacet
  facet normal 0 0 -1
    outer loop
      vertex -62 62.7 10
      vertex -61.8726 65.2937 10
      vertex -61.8726 62.7063 10
    endloop
  endfacet
  facet normal 0 0 -1
    outer loop
      vertex -62 62.7 10
      vertex -62 65.3 10
      vertex -61.8726 65.2937 10
    endloop
  endfacet
  facet normal 0 0 -1
    outer loop
      vertex -62.1274 62.7063 10
      vertex -62 65.3 10
      vertex -62 62.7 10
    endloop
  endfacet
  facet normal 0 0 -1
    outer loop
      vertex -62.1274 62.7063 10
      vertex -62.1274 65.2937 10
      vertex -62 65.3 10
    endloop
  endfacet
  facet normal 0 0 -1
    outer loop
      vertex -62.2536 62.725 10
      vertex -62.1274 65.2937 10
      vertex -62.1274 62.7063 10
    endloop
  endfacet
  facet normal 0 0 -1
    outer loop
      vertex -62.2536 62.725 10
      vertex -62.2536 65.275 10
      vertex -62.1274 65.2937 10
    endloop
  endfacet
  facet normal 0 0 -1
    outer loop
      vertex -62.3774 62.756 10
      vertex -62.2536 65.275 10
      vertex -62.2536 62.725 10
    endloop
  endfacet
  facet normal 0 0 -1
    outer loop
      vertex -62.3774 62.756 10
      vertex -62.3774 65.244 10
      vertex -62.2536 65.275 10
    endloop
  endfacet
  facet normal 0 0 -1
    outer loop
      vertex -62.4975 62.799 10
      vertex -62.3774 65.244 10
      vertex -62.3774 62.756 10
    endloop
  endfacet
  facet normal 0 0 -1
    outer loop
      vertex -62.4975 62.799 10
      vertex -62.4975 65.201 10
      vertex -62.3774 65.244 10
    endloop
  endfacet
  facet normal 0 0 -1
    outer loop
      vertex -62.6128 62.8535 10
      vertex -62.4975 65.201 10
      vertex -62.4975 62.799 10
    endloop
  endfacet
  facet normal 0 0 -1
    outer loop
      vertex -62.6128 62.8535 10
      vertex -62.6128 65.1465 10
      vertex -62.4975 65.201 10
    endloop
  endfacet
  facet normal 0 0 -1
    outer loop
      vertex -62.7222 62.9191 10
      vertex -62.6128 65.1465 10
      vertex -62.6128 62.8535 10
    endloop
  endfacet
  facet normal 0 0 -1
    outer loop
      vertex -62.7222 62.9191 10
      vertex -62.7222 65.0809 10
      vertex -62.6128 65.1465 10
    endloop
  endfacet
  facet normal 0 0 -1
    outer loop
      vertex -62.8247 62.9951 10
      vertex -62.7222 65.0809 10
      vertex -62.7222 62.9191 10
    endloop
  endfacet
  facet normal 0 0 -1
    outer loop
      vertex -62.8247 62.9951 10
      vertex -62.8247 65.0049 10
      vertex -62.7222 65.0809 10
    endloop
  endfacet
  facet normal 0 0 -1
    outer loop
      vertex -62.9192 63.0808 10
      vertex -62.8247 65.0049 10
      vertex -62.8247 62.9951 10
    endloop
  endfacet
  facet normal 0 0 -1
    outer loop
      vertex -62.9192 63.0808 10
      vertex -62.9192 64.9192 10
      vertex -62.8247 65.0049 10
    endloop
  endfacet
  facet normal 0 0 -1
    outer loop
      vertex -63 63.1699 10
      vertex -62.9192 64.9192 10
      vertex -62.9192 63.0808 10
    endloop
  endfacet
  facet normal 0 0 -1
    outer loop
      vertex -62.9192 64.9192 10
      vertex -63 63.1699 10
      vertex -63 64.8301 10
    endloop
  endfacet
  facet normal 0.989199 0.146577 0
    outer loop
      vertex -63.275 63.7464 3
      vertex -63.2937 63.8726 0
      vertex -63.2937 63.8726 3
    endloop
  endfacet
  facet normal 0.989199 0.146577 0
    outer loop
      vertex -63.2937 63.8726 0
      vertex -63.275 63.7464 3
      vertex -63.275 63.7464 0
    endloop
  endfacet
  facet normal -0.904089 0.427345 0
    outer loop
      vertex -60.8535 63.3872 0
      vertex -60.799 63.5025 10
      vertex -60.799 63.5025 0
    endloop
  endfacet
  facet normal -0.904089 0.427345 0
    outer loop
      vertex -60.799 63.5025 10
      vertex -60.8535 63.3872 0
      vertex -60.8535 63.3872 10
    endloop
  endfacet
  facet normal 0.146577 -0.989199 0
    outer loop
      vertex -62.2536 65.275 0
      vertex -62.1274 65.2937 10
      vertex -62.2536 65.275 10
    endloop
  endfacet
  facet normal 0.146577 -0.989199 0
    outer loop
      vertex -62.1274 65.2937 10
      vertex -62.2536 65.275 0
      vertex -62.1274 65.2937 0
    endloop
  endfacet
  facet normal -0.514265 -0.857631 0
    outer loop
      vertex -61.3872 65.1465 0
      vertex -61.2778 65.0809 10
      vertex -61.3872 65.1465 10
    endloop
  endfacet
  facet normal -0.514265 -0.857631 -0
    outer loop
      vertex -61.2778 65.0809 10
      vertex -61.3872 65.1465 0
      vertex -61.2778 65.0809 0
    endloop
  endfacet
  facet normal 0.904089 -0.427345 0
    outer loop
      vertex -63.201 64.4975 3
      vertex -63.1465 64.6128 0
      vertex -63.1465 64.6128 3
    endloop
  endfacet
  facet normal 0.904089 -0.427345 0
    outer loop
      vertex -63.1465 64.6128 0
      vertex -63.201 64.4975 3
      vertex -63.201 64.4975 0
    endloop
  endfacet
  facet normal -0.989199 -0.146577 0
    outer loop
      vertex -60.7063 64.1274 0
      vertex -60.725 64.2536 10
      vertex -60.725 64.2536 0
    endloop
  endfacet
  facet normal -0.989199 -0.146577 0
    outer loop
      vertex -60.725 64.2536 10
      vertex -60.7063 64.1274 0
      vertex -60.7063 64.1274 10
    endloop
  endfacet
  facet normal -0.595602 0.803279 0
    outer loop
      vertex -61.1753 62.9951 0
      vertex -61.2778 62.9191 10
      vertex -61.1753 62.9951 10
    endloop
  endfacet
  facet normal -0.595602 0.803279 0
    outer loop
      vertex -61.2778 62.9191 10
      vertex -61.1753 62.9951 0
      vertex -61.2778 62.9191 0
    endloop
  endfacet
  facet normal -0.803279 -0.595602 0
    outer loop
      vertex -60.9191 64.7222 0
      vertex -60.9951 64.8247 10
      vertex -60.9951 64.8247 0
    endloop
  endfacet
  facet normal -0.803279 -0.595602 0
    outer loop
      vertex -60.9951 64.8247 10
      vertex -60.9191 64.7222 0
      vertex -60.9191 64.7222 10
    endloop
  endfacet
  facet normal 0.941476 0.337081 0
    outer loop
      vertex -63.201 63.5025 3
      vertex -63.244 63.6226 0
      vertex -63.244 63.6226 3
    endloop
  endfacet
  facet normal 0.941476 0.337081 0
    outer loop
      vertex -63.244 63.6226 0
      vertex -63.201 63.5025 3
      vertex -63.201 63.5025 0
    endloop
  endfacet
  facet normal -0.803279 0.595602 0
    outer loop
      vertex -60.9951 63.1753 0
      vertex -60.9191 63.2778 10
      vertex -60.9191 63.2778 0
    endloop
  endfacet
  facet normal -0.803279 0.595602 0
    outer loop
      vertex -60.9191 63.2778 10
      vertex -60.9951 63.1753 0
      vertex -60.9951 63.1753 10
    endloop
  endfacet
  facet normal 0.0493902 0.99878 -0
    outer loop
      vertex -62 62.7 0
      vertex -62.1274 62.7063 10
      vertex -62 62.7 10
    endloop
  endfacet
  facet normal 0.0493902 0.99878 0
    outer loop
      vertex -62.1274 62.7063 10
      vertex -62 62.7 0
      vertex -62.1274 62.7063 0
    endloop
  endfacet
  facet normal 0.97005 -0.242904 0
    outer loop
      vertex -63.275 64.2536 3
      vertex -63.244 64.3774 0
      vertex -63.244 64.3774 3
    endloop
  endfacet
  facet normal 0.97005 -0.242904 0
    outer loop
      vertex -63.244 64.3774 0
      vertex -63.275 64.2536 3
      vertex -63.275 64.2536 0
    endloop
  endfacet
  facet normal 0.337081 0.941476 -0
    outer loop
      vertex -62.3774 62.756 0
      vertex -62.4975 62.799 10
      vertex -62.3774 62.756 10
    endloop
  endfacet
  facet normal 0.337081 0.941476 0
    outer loop
      vertex -62.4975 62.799 10
      vertex -62.3774 62.756 0
      vertex -62.4975 62.799 0
    endloop
  endfacet
  facet normal -0.904089 -0.427345 0
    outer loop
      vertex -60.799 64.4975 0
      vertex -60.8535 64.6128 10
      vertex -60.8535 64.6128 0
    endloop
  endfacet
  facet normal -0.904089 -0.427345 0
    outer loop
      vertex -60.8535 64.6128 10
      vertex -60.799 64.4975 0
      vertex -60.799 64.4975 10
    endloop
  endfacet
  facet normal 0.74056 0.67199 0
    outer loop
      vertex -63 63.1699 3
      vertex -63.0049 63.1753 0
      vertex -63.0049 63.1753 3
    endloop
  endfacet
  facet normal 0.740767 0.671762 -0
    outer loop
      vertex -62.9192 63.0808 0
      vertex -63 63.1699 3
      vertex -62.9192 63.0808 10
    endloop
  endfacet
  facet normal 0.740755 0.671775 -7.05481e-07
    outer loop
      vertex -63 63.1699 3
      vertex -62.9192 63.0808 0
      vertex -63.0049 63.1753 0
    endloop
  endfacet
  facet normal 0.740767 0.671762 0
    outer loop
      vertex -63 63.1699 10
      vertex -62.9192 63.0808 10
      vertex -63 63.1699 3
    endloop
  endfacet
  facet normal 0.857631 0.514265 0
    outer loop
      vertex -63.0809 63.2778 3
      vertex -63.1465 63.3872 0
      vertex -63.1465 63.3872 3
    endloop
  endfacet
  facet normal 0.857631 0.514265 0
    outer loop
      vertex -63.1465 63.3872 0
      vertex -63.0809 63.2778 3
      vertex -63.0809 63.2778 0
    endloop
  endfacet
  facet normal -0.146577 -0.989199 0
    outer loop
      vertex -61.8726 65.2937 0
      vertex -61.7464 65.275 10
      vertex -61.8726 65.2937 10
    endloop
  endfacet
  facet normal -0.146577 -0.989199 -0
    outer loop
      vertex -61.7464 65.275 10
      vertex -61.8726 65.2937 0
      vertex -61.7464 65.275 0
    endloop
  endfacet
  facet normal -0.857631 0.514265 0
    outer loop
      vertex -60.9191 63.2778 0
      vertex -60.8535 63.3872 10
      vertex -60.8535 63.3872 0
    endloop
  endfacet
  facet normal -0.857631 0.514265 0
    outer loop
      vertex -60.8535 63.3872 10
      vertex -60.9191 63.2778 0
      vertex -60.9191 63.2778 10
    endloop
  endfacet
  facet normal -0.941476 0.337081 0
    outer loop
      vertex -60.799 63.5025 0
      vertex -60.756 63.6226 10
      vertex -60.756 63.6226 0
    endloop
  endfacet
  facet normal -0.941476 0.337081 0
    outer loop
      vertex -60.756 63.6226 10
      vertex -60.799 63.5025 0
      vertex -60.799 63.5025 10
    endloop
  endfacet
  facet normal -0.671775 0.740755 0
    outer loop
      vertex -61.0808 63.0808 0
      vertex -61.1753 62.9951 10
      vertex -61.0808 63.0808 10
    endloop
  endfacet
  facet normal -0.671775 0.740755 0
    outer loop
      vertex -61.1753 62.9951 10
      vertex -61.0808 63.0808 0
      vertex -61.1753 62.9951 0
    endloop
  endfacet
  facet normal -0.97005 -0.242904 0
    outer loop
      vertex -60.725 64.2536 0
      vertex -60.756 64.3774 10
      vertex -60.756 64.3774 0
    endloop
  endfacet
  facet normal -0.97005 -0.242904 0
    outer loop
      vertex -60.756 64.3774 10
      vertex -60.725 64.2536 0
      vertex -60.725 64.2536 10
    endloop
  endfacet
  facet normal 0.427345 0.904089 -0
    outer loop
      vertex -62.4975 62.799 0
      vertex -62.6128 62.8535 10
      vertex -62.4975 62.799 10
    endloop
  endfacet
  facet normal 0.427345 0.904089 0
    outer loop
      vertex -62.6128 62.8535 10
      vertex -62.4975 62.799 0
      vertex -62.6128 62.8535 0
    endloop
  endfacet
  facet normal -0.337081 0.941476 0
    outer loop
      vertex -61.5025 62.799 0
      vertex -61.6226 62.756 10
      vertex -61.5025 62.799 10
    endloop
  endfacet
  facet normal -0.337081 0.941476 0
    outer loop
      vertex -61.6226 62.756 10
      vertex -61.5025 62.799 0
      vertex -61.6226 62.756 0
    endloop
  endfacet
  facet normal 0.242904 0.97005 -0
    outer loop
      vertex -62.2536 62.725 0
      vertex -62.3774 62.756 10
      vertex -62.2536 62.725 10
    endloop
  endfacet
  facet normal 0.242904 0.97005 0
    outer loop
      vertex -62.3774 62.756 10
      vertex -62.2536 62.725 0
      vertex -62.3774 62.756 0
    endloop
  endfacet
  facet normal -0.857631 -0.514265 0
    outer loop
      vertex -60.8535 64.6128 0
      vertex -60.9191 64.7222 10
      vertex -60.9191 64.7222 0
    endloop
  endfacet
  facet normal -0.857631 -0.514265 0
    outer loop
      vertex -60.9191 64.7222 10
      vertex -60.8535 64.6128 0
      vertex -60.8535 64.6128 10
    endloop
  endfacet
  facet normal -0.427345 0.904089 0
    outer loop
      vertex -61.3872 62.8535 0
      vertex -61.5025 62.799 10
      vertex -61.3872 62.8535 10
    endloop
  endfacet
  facet normal -0.427345 0.904089 0
    outer loop
      vertex -61.5025 62.799 10
      vertex -61.3872 62.8535 0
      vertex -61.5025 62.799 0
    endloop
  endfacet
  facet normal -0.0493902 0.99878 0
    outer loop
      vertex -61.8726 62.7063 0
      vertex -62 62.7 10
      vertex -61.8726 62.7063 10
    endloop
  endfacet
  facet normal -0.0493902 0.99878 0
    outer loop
      vertex -62 62.7 10
      vertex -61.8726 62.7063 0
      vertex -62 62.7 0
    endloop
  endfacet
  facet normal -0.941476 -0.337081 0
    outer loop
      vertex -60.756 64.3774 0
      vertex -60.799 64.4975 10
      vertex -60.799 64.4975 0
    endloop
  endfacet
  facet normal -0.941476 -0.337081 0
    outer loop
      vertex -60.799 64.4975 10
      vertex -60.756 64.3774 0
      vertex -60.756 64.3774 10
    endloop
  endfacet
  facet normal -0.671775 -0.740755 0
    outer loop
      vertex -61.1753 65.0049 0
      vertex -61.0808 64.9192 10
      vertex -61.1753 65.0049 10
    endloop
  endfacet
  facet normal -0.671775 -0.740755 -0
    outer loop
      vertex -61.0808 64.9192 10
      vertex -61.1753 65.0049 0
      vertex -61.0808 64.9192 0
    endloop
  endfacet
  facet normal -0.242904 0.97005 0
    outer loop
      vertex -61.6226 62.756 0
      vertex -61.7464 62.725 10
      vertex -61.6226 62.756 10
    endloop
  endfacet
  facet normal -0.242904 0.97005 0
    outer loop
      vertex -61.7464 62.725 10
      vertex -61.6226 62.756 0
      vertex -61.7464 62.725 0
    endloop
  endfacet
  facet normal -0.99878 -0.0493902 0
    outer loop
      vertex -60.7 64 0
      vertex -60.7063 64.1274 10
      vertex -60.7063 64.1274 0
    endloop
  endfacet
  facet normal -0.99878 -0.0493902 0
    outer loop
      vertex -60.7063 64.1274 10
      vertex -60.7 64 0
      vertex -60.7 64 10
    endloop
  endfacet
  facet normal 0.97005 0.242904 0
    outer loop
      vertex -63.244 63.6226 3
      vertex -63.275 63.7464 0
      vertex -63.275 63.7464 3
    endloop
  endfacet
  facet normal 0.97005 0.242904 0
    outer loop
      vertex -63.275 63.7464 0
      vertex -63.244 63.6226 3
      vertex -63.244 63.6226 0
    endloop
  endfacet
  facet normal 0.671775 0.740755 -0
    outer loop
      vertex -62.8247 62.9951 0
      vertex -62.9192 63.0808 10
      vertex -62.8247 62.9951 10
    endloop
  endfacet
  facet normal 0.671775 0.740755 0
    outer loop
      vertex -62.9192 63.0808 10
      vertex -62.8247 62.9951 0
      vertex -62.9192 63.0808 0
    endloop
  endfacet
  facet normal 0.857631 -0.514265 0
    outer loop
      vertex -63.1465 64.6128 3
      vertex -63.0809 64.7222 0
      vertex -63.0809 64.7222 3
    endloop
  endfacet
  facet normal 0.857631 -0.514265 0
    outer loop
      vertex -63.0809 64.7222 0
      vertex -63.1465 64.6128 3
      vertex -63.1465 64.6128 0
    endloop
  endfacet
  facet normal 0.740767 -0.671762 0
    outer loop
      vertex -63 64.8301 3
      vertex -62.9192 64.9192 10
      vertex -63 64.8301 10
    endloop
  endfacet
  facet normal 0.740767 -0.671762 0
    outer loop
      vertex -62.9192 64.9192 10
      vertex -63 64.8301 3
      vertex -62.9192 64.9192 0
    endloop
  endfacet
  facet normal 0.74056 -0.67199 0
    outer loop
      vertex -63.0049 64.8247 0
      vertex -63 64.8301 3
      vertex -63.0049 64.8247 3
    endloop
  endfacet
  facet normal 0.740755 -0.671775 -7.05481e-07
    outer loop
      vertex -63 64.8301 3
      vertex -63.0049 64.8247 0
      vertex -62.9192 64.9192 0
    endloop
  endfacet
  facet normal 0.595602 -0.803279 0
    outer loop
      vertex -62.8247 65.0049 0
      vertex -62.7222 65.0809 10
      vertex -62.8247 65.0049 10
    endloop
  endfacet
  facet normal 0.595602 -0.803279 0
    outer loop
      vertex -62.7222 65.0809 10
      vertex -62.8247 65.0049 0
      vertex -62.7222 65.0809 0
    endloop
  endfacet
  facet normal 0.989199 -0.146577 0
    outer loop
      vertex -63.2937 64.1274 3
      vertex -63.275 64.2536 0
      vertex -63.275 64.2536 3
    endloop
  endfacet
  facet normal 0.989199 -0.146577 0
    outer loop
      vertex -63.275 64.2536 0
      vertex -63.2937 64.1274 3
      vertex -63.2937 64.1274 0
    endloop
  endfacet
  facet normal 0.803279 -0.595602 0
    outer loop
      vertex -63.0809 64.7222 3
      vertex -63.0049 64.8247 0
      vertex -63.0049 64.8247 3
    endloop
  endfacet
  facet normal 0.803279 -0.595602 0
    outer loop
      vertex -63.0049 64.8247 0
      vertex -63.0809 64.7222 3
      vertex -63.0809 64.7222 0
    endloop
  endfacet
  facet normal -0.337081 -0.941476 0
    outer loop
      vertex -61.6226 65.244 0
      vertex -61.5025 65.201 10
      vertex -61.6226 65.244 10
    endloop
  endfacet
  facet normal -0.337081 -0.941476 -0
    outer loop
      vertex -61.5025 65.201 10
      vertex -61.6226 65.244 0
      vertex -61.5025 65.201 0
    endloop
  endfacet
  facet normal 0.99878 -0.0493902 0
    outer loop
      vertex -63.3 64 3
      vertex -63.2937 64.1274 0
      vertex -63.2937 64.1274 3
    endloop
  endfacet
  facet normal 0.99878 -0.0493902 0
    outer loop
      vertex -63.2937 64.1274 0
      vertex -63.3 64 3
      vertex -63.3 64 0
    endloop
  endfacet
  facet normal 0.803279 0.595602 0
    outer loop
      vertex -63.0049 63.1753 3
      vertex -63.0809 63.2778 0
      vertex -63.0809 63.2778 3
    endloop
  endfacet
  facet normal 0.803279 0.595602 0
    outer loop
      vertex -63.0809 63.2778 0
      vertex -63.0049 63.1753 3
      vertex -63.0049 63.1753 0
    endloop
  endfacet
  facet normal -0.595602 -0.803279 0
    outer loop
      vertex -61.2778 65.0809 0
      vertex -61.1753 65.0049 10
      vertex -61.2778 65.0809 10
    endloop
  endfacet
  facet normal -0.595602 -0.803279 -0
    outer loop
      vertex -61.1753 65.0049 10
      vertex -61.2778 65.0809 0
      vertex -61.1753 65.0049 0
    endloop
  endfacet
  facet normal -0.740755 0.671775 0
    outer loop
      vertex -61.0808 63.0808 0
      vertex -60.9951 63.1753 10
      vertex -60.9951 63.1753 0
    endloop
  endfacet
  facet normal -0.740755 0.671775 0
    outer loop
      vertex -60.9951 63.1753 10
      vertex -61.0808 63.0808 0
      vertex -61.0808 63.0808 10
    endloop
  endfacet
  facet normal 0.904089 0.427345 0
    outer loop
      vertex -63.1465 63.3872 3
      vertex -63.201 63.5025 0
      vertex -63.201 63.5025 3
    endloop
  endfacet
  facet normal 0.904089 0.427345 0
    outer loop
      vertex -63.201 63.5025 0
      vertex -63.1465 63.3872 3
      vertex -63.1465 63.3872 0
    endloop
  endfacet
  facet normal 0.0493902 -0.99878 0
    outer loop
      vertex -62.1274 65.2937 0
      vertex -62 65.3 10
      vertex -62.1274 65.2937 10
    endloop
  endfacet
  facet normal 0.0493902 -0.99878 0
    outer loop
      vertex -62 65.3 10
      vertex -62.1274 65.2937 0
      vertex -62 65.3 0
    endloop
  endfacet
  facet normal 0.99878 0.0493902 0
    outer loop
      vertex -63.2937 63.8726 3
      vertex -63.3 64 0
      vertex -63.3 64 3
    endloop
  endfacet
  facet normal 0.99878 0.0493902 0
    outer loop
      vertex -63.3 64 0
      vertex -63.2937 63.8726 3
      vertex -63.2937 63.8726 0
    endloop
  endfacet
  facet normal 0.337081 -0.941476 0
    outer loop
      vertex -62.4975 65.201 0
      vertex -62.3774 65.244 10
      vertex -62.4975 65.201 10
    endloop
  endfacet
  facet normal 0.337081 -0.941476 0
    outer loop
      vertex -62.3774 65.244 10
      vertex -62.4975 65.201 0
      vertex -62.3774 65.244 0
    endloop
  endfacet
  facet normal 0.671775 -0.740755 0
    outer loop
      vertex -62.9192 64.9192 0
      vertex -62.8247 65.0049 10
      vertex -62.9192 64.9192 10
    endloop
  endfacet
  facet normal 0.671775 -0.740755 0
    outer loop
      vertex -62.8247 65.0049 10
      vertex -62.9192 64.9192 0
      vertex -62.8247 65.0049 0
    endloop
  endfacet
  facet normal -0.740755 -0.671775 0
    outer loop
      vertex -60.9951 64.8247 0
      vertex -61.0808 64.9192 10
      vertex -61.0808 64.9192 0
    endloop
  endfacet
  facet normal -0.740755 -0.671775 0
    outer loop
      vertex -61.0808 64.9192 10
      vertex -60.9951 64.8247 0
      vertex -60.9951 64.8247 10
    endloop
  endfacet
  facet normal -0.989199 0.146577 0
    outer loop
      vertex -60.725 -64.2536 0
      vertex -60.7063 -64.1274 10
      vertex -60.7063 -64.1274 0
    endloop
  endfacet
  facet normal -0.989199 0.146577 0
    outer loop
      vertex -60.7063 -64.1274 10
      vertex -60.725 -64.2536 0
      vertex -60.725 -64.2536 10
    endloop
  endfacet
  facet normal -0.99878 0.0493902 0
    outer loop
      vertex -60.7063 -64.1274 0
      vertex -60.7 -64 10
      vertex -60.7 -64 0
    endloop
  endfacet
  facet normal -0.99878 0.0493902 0
    outer loop
      vertex -60.7 -64 10
      vertex -60.7063 -64.1274 0
      vertex -60.7063 -64.1274 10
    endloop
  endfacet
  facet normal -0.97005 0.242904 0
    outer loop
      vertex -60.756 -64.3774 0
      vertex -60.725 -64.2536 10
      vertex -60.725 -64.2536 0
    endloop
  endfacet
  facet normal -0.97005 0.242904 0
    outer loop
      vertex -60.725 -64.2536 10
      vertex -60.756 -64.3774 0
      vertex -60.756 -64.3774 10
    endloop
  endfacet
  facet normal 0.803279 0.595602 0
    outer loop
      vertex -63.0049 -64.8247 3
      vertex -63.0809 -64.7222 0
      vertex -63.0809 -64.7222 3
    endloop
  endfacet
  facet normal 0.803279 0.595602 0
    outer loop
      vertex -63.0809 -64.7222 0
      vertex -63.0049 -64.8247 3
      vertex -63.0049 -64.8247 0
    endloop
  endfacet
  facet normal -0.337081 -0.941476 0
    outer loop
      vertex -61.6226 -62.756 0
      vertex -61.5025 -62.799 10
      vertex -61.6226 -62.756 10
    endloop
  endfacet
  facet normal -0.337081 -0.941476 -0
    outer loop
      vertex -61.5025 -62.799 10
      vertex -61.6226 -62.756 0
      vertex -61.5025 -62.799 0
    endloop
  endfacet
  facet normal -0.857631 -0.514265 0
    outer loop
      vertex -60.8535 -63.3872 0
      vertex -60.9191 -63.2778 10
      vertex -60.9191 -63.2778 0
    endloop
  endfacet
  facet normal -0.857631 -0.514265 0
    outer loop
      vertex -60.9191 -63.2778 10
      vertex -60.8535 -63.3872 0
      vertex -60.8535 -63.3872 10
    endloop
  endfacet
  facet normal 0.0493902 -0.99878 0
    outer loop
      vertex -62.1274 -62.7063 0
      vertex -62 -62.7 10
      vertex -62.1274 -62.7063 10
    endloop
  endfacet
  facet normal 0.0493902 -0.99878 0
    outer loop
      vertex -62 -62.7 10
      vertex -62.1274 -62.7063 0
      vertex -62 -62.7 0
    endloop
  endfacet
  facet normal 0.904089 -0.427345 0
    outer loop
      vertex -63.201 -63.5025 3
      vertex -63.1465 -63.3872 0
      vertex -63.1465 -63.3872 3
    endloop
  endfacet
  facet normal 0.904089 -0.427345 0
    outer loop
      vertex -63.1465 -63.3872 0
      vertex -63.201 -63.5025 3
      vertex -63.201 -63.5025 0
    endloop
  endfacet
  facet normal 0.242904 0.97005 -0
    outer loop
      vertex -62.2536 -65.275 0
      vertex -62.3774 -65.244 10
      vertex -62.2536 -65.275 10
    endloop
  endfacet
  facet normal 0.242904 0.97005 0
    outer loop
      vertex -62.3774 -65.244 10
      vertex -62.2536 -65.275 0
      vertex -62.3774 -65.244 0
    endloop
  endfacet
  facet normal -0.146577 -0.989199 0
    outer loop
      vertex -61.8726 -62.7063 0
      vertex -61.7464 -62.725 10
      vertex -61.8726 -62.7063 10
    endloop
  endfacet
  facet normal -0.146577 -0.989199 -0
    outer loop
      vertex -61.7464 -62.725 10
      vertex -61.8726 -62.7063 0
      vertex -61.7464 -62.725 0
    endloop
  endfacet
  facet normal 0.595602 0.803279 -0
    outer loop
      vertex -62.7222 -65.0809 0
      vertex -62.8247 -65.0049 10
      vertex -62.7222 -65.0809 10
    endloop
  endfacet
  facet normal 0.595602 0.803279 0
    outer loop
      vertex -62.8247 -65.0049 10
      vertex -62.7222 -65.0809 0
      vertex -62.8247 -65.0049 0
    endloop
  endfacet
  facet normal -0.595602 0.803279 0
    outer loop
      vertex -61.1753 -65.0049 0
      vertex -61.2778 -65.0809 10
      vertex -61.1753 -65.0049 10
    endloop
  endfacet
  facet normal -0.595602 0.803279 0
    outer loop
      vertex -61.2778 -65.0809 10
      vertex -61.1753 -65.0049 0
      vertex -61.2778 -65.0809 0
    endloop
  endfacet
  facet normal -0.514265 0.857631 0
    outer loop
      vertex -61.2778 -65.0809 0
      vertex -61.3872 -65.1465 10
      vertex -61.2778 -65.0809 10
    endloop
  endfacet
  facet normal -0.514265 0.857631 0
    outer loop
      vertex -61.3872 -65.1465 10
      vertex -61.2778 -65.0809 0
      vertex -61.3872 -65.1465 0
    endloop
  endfacet
  facet normal -0.904089 -0.427345 0
    outer loop
      vertex -60.799 -63.5025 0
      vertex -60.8535 -63.3872 10
      vertex -60.8535 -63.3872 0
    endloop
  endfacet
  facet normal -0.904089 -0.427345 0
    outer loop
      vertex -60.8535 -63.3872 10
      vertex -60.799 -63.5025 0
      vertex -60.799 -63.5025 10
    endloop
  endfacet
  facet normal 0.97005 -0.242904 0
    outer loop
      vertex -63.275 -63.7464 3
      vertex -63.244 -63.6226 0
      vertex -63.244 -63.6226 3
    endloop
  endfacet
  facet normal 0.97005 -0.242904 0
    outer loop
      vertex -63.244 -63.6226 0
      vertex -63.275 -63.7464 3
      vertex -63.275 -63.7464 0
    endloop
  endfacet
  facet normal 0.857631 -0.514265 0
    outer loop
      vertex -63.1465 -63.3872 3
      vertex -63.0809 -63.2778 0
      vertex -63.0809 -63.2778 3
    endloop
  endfacet
  facet normal 0.857631 -0.514265 0
    outer loop
      vertex -63.0809 -63.2778 0
      vertex -63.1465 -63.3872 3
      vertex -63.1465 -63.3872 0
    endloop
  endfacet
  facet normal -0.0493902 -0.99878 0
    outer loop
      vertex -62 -62.7 0
      vertex -61.8726 -62.7063 10
      vertex -62 -62.7 10
    endloop
  endfacet
  facet normal -0.0493902 -0.99878 -0
    outer loop
      vertex -61.8726 -62.7063 10
      vertex -62 -62.7 0
      vertex -61.8726 -62.7063 0
    endloop
  endfacet
  facet normal 0.337081 0.941476 -0
    outer loop
      vertex -62.3774 -65.244 0
      vertex -62.4975 -65.201 10
      vertex -62.3774 -65.244 10
    endloop
  endfacet
  facet normal 0.337081 0.941476 0
    outer loop
      vertex -62.4975 -65.201 10
      vertex -62.3774 -65.244 0
      vertex -62.4975 -65.201 0
    endloop
  endfacet
  facet normal 0.941476 0.337081 0
    outer loop
      vertex -63.201 -64.4975 3
      vertex -63.244 -64.3774 0
      vertex -63.244 -64.3774 3
    endloop
  endfacet
  facet normal 0.941476 0.337081 0
    outer loop
      vertex -63.244 -64.3774 0
      vertex -63.201 -64.4975 3
      vertex -63.201 -64.4975 0
    endloop
  endfacet
  facet normal -0.803279 0.595602 0
    outer loop
      vertex -60.9951 -64.8247 0
      vertex -60.9191 -64.7222 10
      vertex -60.9191 -64.7222 0
    endloop
  endfacet
  facet normal -0.803279 0.595602 0
    outer loop
      vertex -60.9191 -64.7222 10
      vertex -60.9951 -64.8247 0
      vertex -60.9951 -64.8247 10
    endloop
  endfacet
  facet normal -0.427345 -0.904089 0
    outer loop
      vertex -61.5025 -62.799 0
      vertex -61.3872 -62.8535 10
      vertex -61.5025 -62.799 10
    endloop
  endfacet
  facet normal -0.427345 -0.904089 -0
    outer loop
      vertex -61.3872 -62.8535 10
      vertex -61.5025 -62.799 0
      vertex -61.3872 -62.8535 0
    endloop
  endfacet
  facet normal -0.514265 -0.857631 0
    outer loop
      vertex -61.3872 -62.8535 0
      vertex -61.2778 -62.9191 10
      vertex -61.3872 -62.8535 10
    endloop
  endfacet
  facet normal -0.514265 -0.857631 -0
    outer loop
      vertex -61.2778 -62.9191 10
      vertex -61.3872 -62.8535 0
      vertex -61.2778 -62.9191 0
    endloop
  endfacet
  facet normal -0.337081 0.941476 0
    outer loop
      vertex -61.5025 -65.201 0
      vertex -61.6226 -65.244 10
      vertex -61.5025 -65.201 10
    endloop
  endfacet
  facet normal -0.337081 0.941476 0
    outer loop
      vertex -61.6226 -65.244 10
      vertex -61.5025 -65.201 0
      vertex -61.6226 -65.244 0
    endloop
  endfacet
  facet normal -0.97005 -0.242904 0
    outer loop
      vertex -60.725 -63.7464 0
      vertex -60.756 -63.6226 10
      vertex -60.756 -63.6226 0
    endloop
  endfacet
  facet normal -0.97005 -0.242904 0
    outer loop
      vertex -60.756 -63.6226 10
      vertex -60.725 -63.7464 0
      vertex -60.725 -63.7464 10
    endloop
  endfacet
  facet normal -0.803279 -0.595602 0
    outer loop
      vertex -60.9191 -63.2778 0
      vertex -60.9951 -63.1753 10
      vertex -60.9951 -63.1753 0
    endloop
  endfacet
  facet normal -0.803279 -0.595602 0
    outer loop
      vertex -60.9951 -63.1753 10
      vertex -60.9191 -63.2778 0
      vertex -60.9191 -63.2778 10
    endloop
  endfacet
  facet normal 0.904089 0.427345 0
    outer loop
      vertex -63.1465 -64.6128 3
      vertex -63.201 -64.4975 0
      vertex -63.201 -64.4975 3
    endloop
  endfacet
  facet normal 0.904089 0.427345 0
    outer loop
      vertex -63.201 -64.4975 0
      vertex -63.1465 -64.6128 3
      vertex -63.1465 -64.6128 0
    endloop
  endfacet
  facet normal -0.671775 0.740755 0
    outer loop
      vertex -61.0808 -64.9192 0
      vertex -61.1753 -65.0049 10
      vertex -61.0808 -64.9192 10
    endloop
  endfacet
  facet normal -0.671775 0.740755 0
    outer loop
      vertex -61.1753 -65.0049 10
      vertex -61.0808 -64.9192 0
      vertex -61.1753 -65.0049 0
    endloop
  endfacet
  facet normal 0.671775 0.740755 -0
    outer loop
      vertex -62.8247 -65.0049 0
      vertex -62.9192 -64.9192 10
      vertex -62.8247 -65.0049 10
    endloop
  endfacet
  facet normal 0.671775 0.740755 0
    outer loop
      vertex -62.9192 -64.9192 10
      vertex -62.8247 -65.0049 0
      vertex -62.9192 -64.9192 0
    endloop
  endfacet
  facet normal -0.427345 0.904089 0
    outer loop
      vertex -61.3872 -65.1465 0
      vertex -61.5025 -65.201 10
      vertex -61.3872 -65.1465 10
    endloop
  endfacet
  facet normal -0.427345 0.904089 0
    outer loop
      vertex -61.5025 -65.201 10
      vertex -61.3872 -65.1465 0
      vertex -61.5025 -65.201 0
    endloop
  endfacet
  facet normal -0.941476 0.337081 0
    outer loop
      vertex -60.799 -64.4975 0
      vertex -60.756 -64.3774 10
      vertex -60.756 -64.3774 0
    endloop
  endfacet
  facet normal -0.941476 0.337081 0
    outer loop
      vertex -60.756 -64.3774 10
      vertex -60.799 -64.4975 0
      vertex -60.799 -64.4975 10
    endloop
  endfacet
  facet normal -0.0493902 0.99878 0
    outer loop
      vertex -61.8726 -65.2937 0
      vertex -62 -65.3 10
      vertex -61.8726 -65.2937 10
    endloop
  endfacet
  facet normal -0.0493902 0.99878 0
    outer loop
      vertex -62 -65.3 10
      vertex -61.8726 -65.2937 0
      vertex -62 -65.3 0
    endloop
  endfacet
  facet normal 0.857631 0.514265 0
    outer loop
      vertex -63.0809 -64.7222 3
      vertex -63.1465 -64.6128 0
      vertex -63.1465 -64.6128 3
    endloop
  endfacet
  facet normal 0.857631 0.514265 0
    outer loop
      vertex -63.1465 -64.6128 0
      vertex -63.0809 -64.7222 3
      vertex -63.0809 -64.7222 0
    endloop
  endfacet
  facet normal -0.989199 -0.146577 0
    outer loop
      vertex -60.7063 -63.8726 0
      vertex -60.725 -63.7464 10
      vertex -60.725 -63.7464 0
    endloop
  endfacet
  facet normal -0.989199 -0.146577 0
    outer loop
      vertex -60.725 -63.7464 10
      vertex -60.7063 -63.8726 0
      vertex -60.7063 -63.8726 10
    endloop
  endfacet
  facet normal -0.99878 -0.0493902 0
    outer loop
      vertex -60.7 -64 0
      vertex -60.7063 -63.8726 10
      vertex -60.7063 -63.8726 0
    endloop
  endfacet
  facet normal -0.99878 -0.0493902 0
    outer loop
      vertex -60.7063 -63.8726 10
      vertex -60.7 -64 0
      vertex -60.7 -64 10
    endloop
  endfacet
  facet normal 0.671775 -0.740755 0
    outer loop
      vertex -62.9192 -63.0808 0
      vertex -62.8247 -62.9951 10
      vertex -62.9192 -63.0808 10
    endloop
  endfacet
  facet normal 0.671775 -0.740755 0
    outer loop
      vertex -62.8247 -62.9951 10
      vertex -62.9192 -63.0808 0
      vertex -62.8247 -62.9951 0
    endloop
  endfacet
  facet normal -0.904089 0.427345 0
    outer loop
      vertex -60.8535 -64.6128 0
      vertex -60.799 -64.4975 10
      vertex -60.799 -64.4975 0
    endloop
  endfacet
  facet normal -0.904089 0.427345 0
    outer loop
      vertex -60.799 -64.4975 10
      vertex -60.8535 -64.6128 0
      vertex -60.8535 -64.6128 10
    endloop
  endfacet
  facet normal 0 0 -1
    outer loop
      vertex -60.7063 -64.1274 10
      vertex -60.7063 -63.8726 10
      vertex -60.7 -64 10
    endloop
  endfacet
  facet normal 0 0 -1
    outer loop
      vertex -60.725 -64.2536 10
      vertex -60.7063 -63.8726 10
      vertex -60.7063 -64.1274 10
    endloop
  endfacet
  facet normal 0 0 -1
    outer loop
      vertex -60.725 -64.2536 10
      vertex -60.725 -63.7464 10
      vertex -60.7063 -63.8726 10
    endloop
  endfacet
  facet normal 0 0 -1
    outer loop
      vertex -60.756 -64.3774 10
      vertex -60.725 -63.7464 10
      vertex -60.725 -64.2536 10
    endloop
  endfacet
  facet normal 0 0 -1
    outer loop
      vertex -60.756 -64.3774 10
      vertex -60.756 -63.6226 10
      vertex -60.725 -63.7464 10
    endloop
  endfacet
  facet normal 0 0 -1
    outer loop
      vertex -60.799 -64.4975 10
      vertex -60.756 -63.6226 10
      vertex -60.756 -64.3774 10
    endloop
  endfacet
  facet normal 0 0 -1
    outer loop
      vertex -60.799 -64.4975 10
      vertex -60.799 -63.5025 10
      vertex -60.756 -63.6226 10
    endloop
  endfacet
  facet normal 0 0 -1
    outer loop
      vertex -60.8535 -64.6128 10
      vertex -60.799 -63.5025 10
      vertex -60.799 -64.4975 10
    endloop
  endfacet
  facet normal 0 0 -1
    outer loop
      vertex -60.8535 -64.6128 10
      vertex -60.8535 -63.3872 10
      vertex -60.799 -63.5025 10
    endloop
  endfacet
  facet normal 0 0 -1
    outer loop
      vertex -60.9191 -64.7222 10
      vertex -60.8535 -63.3872 10
      vertex -60.8535 -64.6128 10
    endloop
  endfacet
  facet normal 0 0 -1
    outer loop
      vertex -60.9191 -64.7222 10
      vertex -60.9191 -63.2778 10
      vertex -60.8535 -63.3872 10
    endloop
  endfacet
  facet normal 0 0 -1
    outer loop
      vertex -60.9951 -64.8247 10
      vertex -60.9191 -63.2778 10
      vertex -60.9191 -64.7222 10
    endloop
  endfacet
  facet normal 0 0 -1
    outer loop
      vertex -60.9951 -64.8247 10
      vertex -60.9951 -63.1753 10
      vertex -60.9191 -63.2778 10
    endloop
  endfacet
  facet normal 0 0 -1
    outer loop
      vertex -61.0808 -64.9192 10
      vertex -60.9951 -63.1753 10
      vertex -60.9951 -64.8247 10
    endloop
  endfacet
  facet normal 0 0 -1
    outer loop
      vertex -61.0808 -64.9192 10
      vertex -61.0808 -63.0808 10
      vertex -60.9951 -63.1753 10
    endloop
  endfacet
  facet normal 0 0 -1
    outer loop
      vertex -61.1753 -65.0049 10
      vertex -61.0808 -63.0808 10
      vertex -61.0808 -64.9192 10
    endloop
  endfacet
  facet normal 0 0 -1
    outer loop
      vertex -61.1753 -65.0049 10
      vertex -61.1753 -62.9951 10
      vertex -61.0808 -63.0808 10
    endloop
  endfacet
  facet normal 0 0 -1
    outer loop
      vertex -61.2778 -65.0809 10
      vertex -61.1753 -62.9951 10
      vertex -61.1753 -65.0049 10
    endloop
  endfacet
  facet normal 0 0 -1
    outer loop
      vertex -61.2778 -65.0809 10
      vertex -61.2778 -62.9191 10
      vertex -61.1753 -62.9951 10
    endloop
  endfacet
  facet normal 0 0 -1
    outer loop
      vertex -61.3872 -65.1465 10
      vertex -61.2778 -62.9191 10
      vertex -61.2778 -65.0809 10
    endloop
  endfacet
  facet normal 0 0 -1
    outer loop
      vertex -61.3872 -65.1465 10
      vertex -61.3872 -62.8535 10
      vertex -61.2778 -62.9191 10
    endloop
  endfacet
  facet normal 0 0 -1
    outer loop
      vertex -61.5025 -65.201 10
      vertex -61.3872 -62.8535 10
      vertex -61.3872 -65.1465 10
    endloop
  endfacet
  facet normal 0 0 -1
    outer loop
      vertex -61.5025 -65.201 10
      vertex -61.5025 -62.799 10
      vertex -61.3872 -62.8535 10
    endloop
  endfacet
  facet normal 0 0 -1
    outer loop
      vertex -61.6226 -65.244 10
      vertex -61.5025 -62.799 10
      vertex -61.5025 -65.201 10
    endloop
  endfacet
  facet normal 0 0 -1
    outer loop
      vertex -61.6226 -65.244 10
      vertex -61.6226 -62.756 10
      vertex -61.5025 -62.799 10
    endloop
  endfacet
  facet normal 0 0 -1
    outer loop
      vertex -61.7464 -65.275 10
      vertex -61.6226 -62.756 10
      vertex -61.6226 -65.244 10
    endloop
  endfacet
  facet normal 0 0 -1
    outer loop
      vertex -61.7464 -65.275 10
      vertex -61.7464 -62.725 10
      vertex -61.6226 -62.756 10
    endloop
  endfacet
  facet normal 0 0 -1
    outer loop
      vertex -61.8726 -65.2937 10
      vertex -61.7464 -62.725 10
      vertex -61.7464 -65.275 10
    endloop
  endfacet
  facet normal 0 0 -1
    outer loop
      vertex -61.8726 -65.2937 10
      vertex -61.8726 -62.7063 10
      vertex -61.7464 -62.725 10
    endloop
  endfacet
  facet normal 0 0 -1
    outer loop
      vertex -62 -65.3 10
      vertex -61.8726 -62.7063 10
      vertex -61.8726 -65.2937 10
    endloop
  endfacet
  facet normal 0 0 -1
    outer loop
      vertex -62 -65.3 10
      vertex -62 -62.7 10
      vertex -61.8726 -62.7063 10
    endloop
  endfacet
  facet normal 0 0 -1
    outer loop
      vertex -62.1274 -65.2937 10
      vertex -62 -62.7 10
      vertex -62 -65.3 10
    endloop
  endfacet
  facet normal 0 0 -1
    outer loop
      vertex -62.1274 -65.2937 10
      vertex -62.1274 -62.7063 10
      vertex -62 -62.7 10
    endloop
  endfacet
  facet normal 0 0 -1
    outer loop
      vertex -62.2536 -65.275 10
      vertex -62.1274 -62.7063 10
      vertex -62.1274 -65.2937 10
    endloop
  endfacet
  facet normal 0 0 -1
    outer loop
      vertex -62.2536 -65.275 10
      vertex -62.2536 -62.725 10
      vertex -62.1274 -62.7063 10
    endloop
  endfacet
  facet normal 0 0 -1
    outer loop
      vertex -62.3774 -65.244 10
      vertex -62.2536 -62.725 10
      vertex -62.2536 -65.275 10
    endloop
  endfacet
  facet normal 0 0 -1
    outer loop
      vertex -62.3774 -65.244 10
      vertex -62.3774 -62.756 10
      vertex -62.2536 -62.725 10
    endloop
  endfacet
  facet normal 0 0 -1
    outer loop
      vertex -62.4975 -65.201 10
      vertex -62.3774 -62.756 10
      vertex -62.3774 -65.244 10
    endloop
  endfacet
  facet normal 0 0 -1
    outer loop
      vertex -62.4975 -65.201 10
      vertex -62.4975 -62.799 10
      vertex -62.3774 -62.756 10
    endloop
  endfacet
  facet normal 0 0 -1
    outer loop
      vertex -62.6128 -65.1465 10
      vertex -62.4975 -62.799 10
      vertex -62.4975 -65.201 10
    endloop
  endfacet
  facet normal 0 0 -1
    outer loop
      vertex -62.6128 -65.1465 10
      vertex -62.6128 -62.8535 10
      vertex -62.4975 -62.799 10
    endloop
  endfacet
  facet normal 0 0 -1
    outer loop
      vertex -62.7222 -65.0809 10
      vertex -62.6128 -62.8535 10
      vertex -62.6128 -65.1465 10
    endloop
  endfacet
  facet normal 0 0 -1
    outer loop
      vertex -62.7222 -65.0809 10
      vertex -62.7222 -62.9191 10
      vertex -62.6128 -62.8535 10
    endloop
  endfacet
  facet normal 0 0 -1
    outer loop
      vertex -62.8247 -65.0049 10
      vertex -62.7222 -62.9191 10
      vertex -62.7222 -65.0809 10
    endloop
  endfacet
  facet normal 0 0 -1
    outer loop
      vertex -62.8247 -65.0049 10
      vertex -62.8247 -62.9951 10
      vertex -62.7222 -62.9191 10
    endloop
  endfacet
  facet normal 0 0 -1
    outer loop
      vertex -62.9192 -64.9192 10
      vertex -62.8247 -62.9951 10
      vertex -62.8247 -65.0049 10
    endloop
  endfacet
  facet normal 0 0 -1
    outer loop
      vertex -62.9192 -64.9192 10
      vertex -62.9192 -63.0808 10
      vertex -62.8247 -62.9951 10
    endloop
  endfacet
  facet normal 0 0 -1
    outer loop
      vertex -63 -64.8301 10
      vertex -62.9192 -63.0808 10
      vertex -62.9192 -64.9192 10
    endloop
  endfacet
  facet normal 0 0 -1
    outer loop
      vertex -62.9192 -63.0808 10
      vertex -63 -64.8301 10
      vertex -63 -63.1699 10
    endloop
  endfacet
  facet normal 0.97005 0.242904 0
    outer loop
      vertex -63.244 -64.3774 3
      vertex -63.275 -64.2536 0
      vertex -63.275 -64.2536 3
    endloop
  endfacet
  facet normal 0.97005 0.242904 0
    outer loop
      vertex -63.275 -64.2536 0
      vertex -63.244 -64.3774 3
      vertex -63.244 -64.3774 0
    endloop
  endfacet
  facet normal -0.242904 -0.97005 0
    outer loop
      vertex -61.7464 -62.725 0
      vertex -61.6226 -62.756 10
      vertex -61.7464 -62.725 10
    endloop
  endfacet
  facet normal -0.242904 -0.97005 -0
    outer loop
      vertex -61.6226 -62.756 10
      vertex -61.7464 -62.725 0
      vertex -61.6226 -62.756 0
    endloop
  endfacet
  facet normal -0.595602 -0.803279 0
    outer loop
      vertex -61.2778 -62.9191 0
      vertex -61.1753 -62.9951 10
      vertex -61.2778 -62.9191 10
    endloop
  endfacet
  facet normal -0.595602 -0.803279 -0
    outer loop
      vertex -61.1753 -62.9951 10
      vertex -61.2778 -62.9191 0
      vertex -61.1753 -62.9951 0
    endloop
  endfacet
  facet normal 0.146577 0.989199 -0
    outer loop
      vertex -62.1274 -65.2937 0
      vertex -62.2536 -65.275 10
      vertex -62.1274 -65.2937 10
    endloop
  endfacet
  facet normal 0.146577 0.989199 0
    outer loop
      vertex -62.2536 -65.275 10
      vertex -62.1274 -65.2937 0
      vertex -62.2536 -65.275 0
    endloop
  endfacet
  facet normal -0.740755 0.671775 0
    outer loop
      vertex -61.0808 -64.9192 0
      vertex -60.9951 -64.8247 10
      vertex -60.9951 -64.8247 0
    endloop
  endfacet
  facet normal -0.740755 0.671775 0
    outer loop
      vertex -60.9951 -64.8247 10
      vertex -61.0808 -64.9192 0
      vertex -61.0808 -64.9192 10
    endloop
  endfacet
  facet normal 0.427345 0.904089 -0
    outer loop
      vertex -62.4975 -65.201 0
      vertex -62.6128 -65.1465 10
      vertex -62.4975 -65.201 10
    endloop
  endfacet
  facet normal 0.427345 0.904089 0
    outer loop
      vertex -62.6128 -65.1465 10
      vertex -62.4975 -65.201 0
      vertex -62.6128 -65.1465 0
    endloop
  endfacet
  facet normal -0.941476 -0.337081 0
    outer loop
      vertex -60.756 -63.6226 0
      vertex -60.799 -63.5025 10
      vertex -60.799 -63.5025 0
    endloop
  endfacet
  facet normal -0.941476 -0.337081 0
    outer loop
      vertex -60.799 -63.5025 10
      vertex -60.756 -63.6226 0
      vertex -60.756 -63.6226 10
    endloop
  endfacet
  facet normal 0.242904 -0.97005 0
    outer loop
      vertex -62.3774 -62.756 0
      vertex -62.2536 -62.725 10
      vertex -62.3774 -62.756 10
    endloop
  endfacet
  facet normal 0.242904 -0.97005 0
    outer loop
      vertex -62.2536 -62.725 10
      vertex -62.3774 -62.756 0
      vertex -62.2536 -62.725 0
    endloop
  endfacet
  facet normal -0.857631 0.514265 0
    outer loop
      vertex -60.9191 -64.7222 0
      vertex -60.8535 -64.6128 10
      vertex -60.8535 -64.6128 0
    endloop
  endfacet
  facet normal -0.857631 0.514265 0
    outer loop
      vertex -60.8535 -64.6128 10
      vertex -60.9191 -64.7222 0
      vertex -60.9191 -64.7222 10
    endloop
  endfacet
  facet normal 0.146577 -0.989199 0
    outer loop
      vertex -62.2536 -62.725 0
      vertex -62.1274 -62.7063 10
      vertex -62.2536 -62.725 10
    endloop
  endfacet
  facet normal 0.146577 -0.989199 0
    outer loop
      vertex -62.1274 -62.7063 10
      vertex -62.2536 -62.725 0
      vertex -62.1274 -62.7063 0
    endloop
  endfacet
  facet normal 0.0493902 0.99878 -0
    outer loop
      vertex -62 -65.3 0
      vertex -62.1274 -65.2937 10
      vertex -62 -65.3 10
    endloop
  endfacet
  facet normal 0.0493902 0.99878 0
    outer loop
      vertex -62.1274 -65.2937 10
      vertex -62 -65.3 0
      vertex -62.1274 -65.2937 0
    endloop
  endfacet
  facet normal 0.514265 0.857631 -0
    outer loop
      vertex -62.6128 -65.1465 0
      vertex -62.7222 -65.0809 10
      vertex -62.6128 -65.1465 10
    endloop
  endfacet
  facet normal 0.514265 0.857631 0
    outer loop
      vertex -62.7222 -65.0809 10
      vertex -62.6128 -65.1465 0
      vertex -62.7222 -65.0809 0
    endloop
  endfacet
  facet normal 0.941476 -0.337081 0
    outer loop
      vertex -63.244 -63.6226 3
      vertex -63.201 -63.5025 0
      vertex -63.201 -63.5025 3
    endloop
  endfacet
  facet normal 0.941476 -0.337081 0
    outer loop
      vertex -63.201 -63.5025 0
      vertex -63.244 -63.6226 3
      vertex -63.244 -63.6226 0
    endloop
  endfacet
  facet normal 0.74056 0.67199 0
    outer loop
      vertex -63 -64.8301 3
      vertex -63.0049 -64.8247 0
      vertex -63.0049 -64.8247 3
    endloop
  endfacet
  facet normal 0.740767 0.671762 -0
    outer loop
      vertex -62.9192 -64.9192 0
      vertex -63 -64.8301 3
      vertex -62.9192 -64.9192 10
    endloop
  endfacet
  facet normal 0.740755 0.671775 -7.05481e-07
    outer loop
      vertex -63 -64.8301 3
      vertex -62.9192 -64.9192 0
      vertex -63.0049 -64.8247 0
    endloop
  endfacet
  facet normal 0.740767 0.671762 0
    outer loop
      vertex -63 -64.8301 10
      vertex -62.9192 -64.9192 10
      vertex -63 -64.8301 3
    endloop
  endfacet
  facet normal 0.337081 -0.941476 0
    outer loop
      vertex -62.4975 -62.799 0
      vertex -62.3774 -62.756 10
      vertex -62.4975 -62.799 10
    endloop
  endfacet
  facet normal 0.337081 -0.941476 0
    outer loop
      vertex -62.3774 -62.756 10
      vertex -62.4975 -62.799 0
      vertex -62.3774 -62.756 0
    endloop
  endfacet
  facet normal 0.427345 -0.904089 0
    outer loop
      vertex -62.6128 -62.8535 0
      vertex -62.4975 -62.799 10
      vertex -62.6128 -62.8535 10
    endloop
  endfacet
  facet normal 0.427345 -0.904089 0
    outer loop
      vertex -62.4975 -62.799 10
      vertex -62.6128 -62.8535 0
      vertex -62.4975 -62.799 0
    endloop
  endfacet
  facet normal -0.242904 0.97005 0
    outer loop
      vertex -61.6226 -65.244 0
      vertex -61.7464 -65.275 10
      vertex -61.6226 -65.244 10
    endloop
  endfacet
  facet normal -0.242904 0.97005 0
    outer loop
      vertex -61.7464 -65.275 10
      vertex -61.6226 -65.244 0
      vertex -61.7464 -65.275 0
    endloop
  endfacet
  facet normal -0.146577 0.989199 0
    outer loop
      vertex -61.7464 -65.275 0
      vertex -61.8726 -65.2937 10
      vertex -61.7464 -65.275 10
    endloop
  endfacet
  facet normal -0.146577 0.989199 0
    outer loop
      vertex -61.8726 -65.2937 10
      vertex -61.7464 -65.275 0
      vertex -61.8726 -65.2937 0
    endloop
  endfacet
  facet normal -0.671775 -0.740755 0
    outer loop
      vertex -61.1753 -62.9951 0
      vertex -61.0808 -63.0808 10
      vertex -61.1753 -62.9951 10
    endloop
  endfacet
  facet normal -0.671775 -0.740755 -0
    outer loop
      vertex -61.0808 -63.0808 10
      vertex -61.1753 -62.9951 0
      vertex -61.0808 -63.0808 0
    endloop
  endfacet
  facet normal 0.514265 -0.857631 0
    outer loop
      vertex -62.7222 -62.9191 0
      vertex -62.6128 -62.8535 10
      vertex -62.7222 -62.9191 10
    endloop
  endfacet
  facet normal 0.514265 -0.857631 0
    outer loop
      vertex -62.6128 -62.8535 10
      vertex -62.7222 -62.9191 0
      vertex -62.6128 -62.8535 0
    endloop
  endfacet
  facet normal 0.989199 0.146577 0
    outer loop
      vertex -63.275 -64.2536 3
      vertex -63.2937 -64.1274 0
      vertex -63.2937 -64.1274 3
    endloop
  endfacet
  facet normal 0.989199 0.146577 0
    outer loop
      vertex -63.2937 -64.1274 0
      vertex -63.275 -64.2536 3
      vertex -63.275 -64.2536 0
    endloop
  endfacet
  facet normal 0.740767 -0.671762 0
    outer loop
      vertex -63 -63.1699 3
      vertex -62.9192 -63.0808 10
      vertex -63 -63.1699 10
    endloop
  endfacet
  facet normal 0.740767 -0.671762 0
    outer loop
      vertex -62.9192 -63.0808 10
      vertex -63 -63.1699 3
      vertex -62.9192 -63.0808 0
    endloop
  endfacet
  facet normal 0.74056 -0.67199 0
    outer loop
      vertex -63.0049 -63.1753 0
      vertex -63 -63.1699 3
      vertex -63.0049 -63.1753 3
    endloop
  endfacet
  facet normal 0.740755 -0.671775 -7.05481e-07
    outer loop
      vertex -63 -63.1699 3
      vertex -63.0049 -63.1753 0
      vertex -62.9192 -63.0808 0
    endloop
  endfacet
  facet normal 0.595602 -0.803279 0
    outer loop
      vertex -62.8247 -62.9951 0
      vertex -62.7222 -62.9191 10
      vertex -62.8247 -62.9951 10
    endloop
  endfacet
  facet normal 0.595602 -0.803279 0
    outer loop
      vertex -62.7222 -62.9191 10
      vertex -62.8247 -62.9951 0
      vertex -62.7222 -62.9191 0
    endloop
  endfacet
  facet normal 0.989199 -0.146577 0
    outer loop
      vertex -63.2937 -63.8726 3
      vertex -63.275 -63.7464 0
      vertex -63.275 -63.7464 3
    endloop
  endfacet
  facet normal 0.989199 -0.146577 0
    outer loop
      vertex -63.275 -63.7464 0
      vertex -63.2937 -63.8726 3
      vertex -63.2937 -63.8726 0
    endloop
  endfacet
  facet normal -0.740755 -0.671775 0
    outer loop
      vertex -60.9951 -63.1753 0
      vertex -61.0808 -63.0808 10
      vertex -61.0808 -63.0808 0
    endloop
  endfacet
  facet normal -0.740755 -0.671775 0
    outer loop
      vertex -61.0808 -63.0808 10
      vertex -60.9951 -63.1753 0
      vertex -60.9951 -63.1753 10
    endloop
  endfacet
  facet normal 0.803279 -0.595602 0
    outer loop
      vertex -63.0809 -63.2778 3
      vertex -63.0049 -63.1753 0
      vertex -63.0049 -63.1753 3
    endloop
  endfacet
  facet normal 0.803279 -0.595602 0
    outer loop
      vertex -63.0049 -63.1753 0
      vertex -63.0809 -63.2778 3
      vertex -63.0809 -63.2778 0
    endloop
  endfacet
  facet normal 0.99878 0.0493902 0
    outer loop
      vertex -63.2937 -64.1274 3
      vertex -63.3 -64 0
      vertex -63.3 -64 3
    endloop
  endfacet
  facet normal 0.99878 0.0493902 0
    outer loop
      vertex -63.3 -64 0
      vertex -63.2937 -64.1274 3
      vertex -63.2937 -64.1274 0
    endloop
  endfacet
  facet normal 0.99878 -0.0493902 0
    outer loop
      vertex -63.3 -64 3
      vertex -63.2937 -63.8726 0
      vertex -63.2937 -63.8726 3
    endloop
  endfacet
  facet normal 0.99878 -0.0493902 0
    outer loop
      vertex -63.2937 -63.8726 0
      vertex -63.3 -64 3
      vertex -63.3 -64 0
    endloop
  endfacet
  facet normal 1 -0 0
    outer loop
      vertex -60 -105 45
      vertex -60 105 0
      vertex -60 105 45
    endloop
  endfacet
  facet normal 1 0 0
    outer loop
      vertex -60 105 0
      vertex -60 -105 45
      vertex -60 -105 0
    endloop
  endfacet
  facet normal 0 0 -1
    outer loop
      vertex -90.9191 64.7222 0
      vertex -63.2937 63.8726 0
      vertex -90.8535 64.6128 0
    endloop
  endfacet
  facet normal 0 0 -1
    outer loop
      vertex -68.8247 95.9951 0
      vertex -90.7063 96.8726 0
      vertex -90.7 97 0
    endloop
  endfacet
  facet normal 0 0 -1
    outer loop
      vertex -90.9951 64.8247 0
      vertex -63.2937 63.8726 0
      vertex -90.9191 64.7222 0
    endloop
  endfacet
  facet normal 0 0 -1
    outer loop
      vertex -68.8247 95.9951 0
      vertex -90.725 96.7464 0
      vertex -90.7063 96.8726 0
    endloop
  endfacet
  facet normal 0 0 -1
    outer loop
      vertex -63.2937 63.8726 0
      vertex -90.9951 64.8247 0
      vertex -68.4975 95.799 0
    endloop
  endfacet
  facet normal 0 0 -1
    outer loop
      vertex -68.8247 95.9951 0
      vertex -90.756 96.6226 0
      vertex -90.725 96.7464 0
    endloop
  endfacet
  facet normal 0 0 -1
    outer loop
      vertex -91.0808 64.9192 0
      vertex -68.4975 95.799 0
      vertex -90.9951 64.8247 0
    endloop
  endfacet
  facet normal 0 0 -1
    outer loop
      vertex -68.8247 95.9951 0
      vertex -90.799 96.5025 0
      vertex -90.756 96.6226 0
    endloop
  endfacet
  facet normal -0 0 -1
    outer loop
      vertex -68.4975 95.799 0
      vertex -91.0808 64.9192 0
      vertex -68.6128 95.8535 0
    endloop
  endfacet
  facet normal 0 0 -1
    outer loop
      vertex -68.8247 95.9951 0
      vertex -90.8535 96.3872 0
      vertex -90.799 96.5025 0
    endloop
  endfacet
  facet normal 0 0 -1
    outer loop
      vertex -91.1753 65.0049 0
      vertex -68.6128 95.8535 0
      vertex -91.0808 64.9192 0
    endloop
  endfacet
  facet normal 0 0 -1
    outer loop
      vertex -68.8247 95.9951 0
      vertex -90.9191 96.2778 0
      vertex -90.8535 96.3872 0
    endloop
  endfacet
  facet normal -0 0 -1
    outer loop
      vertex -68.6128 95.8535 0
      vertex -91.1753 65.0049 0
      vertex -68.7222 95.9191 0
    endloop
  endfacet
  facet normal 0 0 -1
    outer loop
      vertex -68.8247 95.9951 0
      vertex -90.9951 96.1753 0
      vertex -90.9191 96.2778 0
    endloop
  endfacet
  facet normal 0 0 -1
    outer loop
      vertex -91.2778 65.0809 0
      vertex -68.7222 95.9191 0
      vertex -91.1753 65.0049 0
    endloop
  endfacet
  facet normal 0 0 -1
    outer loop
      vertex -68.8247 95.9951 0
      vertex -91.0808 96.0808 0
      vertex -90.9951 96.1753 0
    endloop
  endfacet
  facet normal 0 0 -1
    outer loop
      vertex -68.7222 95.9191 0
      vertex -91.1753 95.9951 0
      vertex -68.8247 95.9951 0
    endloop
  endfacet
  facet normal 0 0 -1
    outer loop
      vertex -68.8247 95.9951 0
      vertex -91.1753 95.9951 0
      vertex -91.0808 96.0808 0
    endloop
  endfacet
  facet normal 0 0 -1
    outer loop
      vertex -91.2778 95.9191 0
      vertex -68.7222 95.9191 0
      vertex -91.2778 65.0809 0
    endloop
  endfacet
  facet normal 0 0 -1
    outer loop
      vertex -68.7222 95.9191 0
      vertex -91.2778 95.9191 0
      vertex -91.1753 95.9951 0
    endloop
  endfacet
  facet normal 0 0 -1
    outer loop
      vertex -91.3872 65.1465 0
      vertex -91.2778 95.9191 0
      vertex -91.2778 65.0809 0
    endloop
  endfacet
  facet normal 0 0 -1
    outer loop
      vertex -91.3872 65.1465 0
      vertex -91.3872 95.8535 0
      vertex -91.2778 95.9191 0
    endloop
  endfacet
  facet normal 0 0 -1
    outer loop
      vertex -91.5025 65.201 0
      vertex -91.3872 95.8535 0
      vertex -91.3872 65.1465 0
    endloop
  endfacet
  facet normal 0 0 -1
    outer loop
      vertex -91.5025 65.201 0
      vertex -91.5025 95.799 0
      vertex -91.3872 95.8535 0
    endloop
  endfacet
  facet normal 0 0 -1
    outer loop
      vertex -91.6226 65.244 0
      vertex -91.5025 95.799 0
      vertex -91.5025 65.201 0
    endloop
  endfacet
  facet normal 0 0 -1
    outer loop
      vertex -91.6226 65.244 0
      vertex -91.6226 95.756 0
      vertex -91.5025 95.799 0
    endloop
  endfacet
  facet normal 0 0 -1
    outer loop
      vertex -91.7464 65.275 0
      vertex -91.6226 95.756 0
      vertex -91.6226 65.244 0
    endloop
  endfacet
  facet normal 0 0 -1
    outer loop
      vertex -91.7464 65.275 0
      vertex -91.7464 95.725 0
      vertex -91.6226 95.756 0
    endloop
  endfacet
  facet normal 0 0 -1
    outer loop
      vertex -91.8726 65.2937 0
      vertex -91.7464 95.725 0
      vertex -91.7464 65.275 0
    endloop
  endfacet
  facet normal 0 0 -1
    outer loop
      vertex -91.8726 65.2937 0
      vertex -91.8726 95.7063 0
      vertex -91.7464 95.725 0
    endloop
  endfacet
  facet normal 0 0 -1
    outer loop
      vertex -92 65.3 0
      vertex -91.8726 95.7063 0
      vertex -91.8726 65.2937 0
    endloop
  endfacet
  facet normal 0 0 -1
    outer loop
      vertex -92 65.3 0
      vertex -92 95.7 0
      vertex -91.8726 95.7063 0
    endloop
  endfacet
  facet normal 0 0 -1
    outer loop
      vertex -92.1274 65.2937 0
      vertex -92 95.7 0
      vertex -92 65.3 0
    endloop
  endfacet
  facet normal 0 0 -1
    outer loop
      vertex -92.1274 65.2937 0
      vertex -92.1274 95.7063 0
      vertex -92 95.7 0
    endloop
  endfacet
  facet normal 0 0 -1
    outer loop
      vertex -92.2536 65.275 0
      vertex -92.1274 95.7063 0
      vertex -92.1274 65.2937 0
    endloop
  endfacet
  facet normal 0 0 -1
    outer loop
      vertex -92.2536 65.275 0
      vertex -92.2536 95.725 0
      vertex -92.1274 95.7063 0
    endloop
  endfacet
  facet normal 0 0 -1
    outer loop
      vertex -92.3774 65.244 0
      vertex -92.2536 95.725 0
      vertex -92.2536 65.275 0
    endloop
  endfacet
  facet normal 0 0 -1
    outer loop
      vertex -92.3774 65.244 0
      vertex -92.3774 95.756 0
      vertex -92.2536 95.725 0
    endloop
  endfacet
  facet normal 0 0 -1
    outer loop
      vertex -92.4975 65.201 0
      vertex -92.3774 95.756 0
      vertex -92.3774 65.244 0
    endloop
  endfacet
  facet normal 0 0 -1
    outer loop
      vertex -92.4975 65.201 0
      vertex -92.4975 95.799 0
      vertex -92.3774 95.756 0
    endloop
  endfacet
  facet normal 0 0 -1
    outer loop
      vertex -92.6128 65.1465 0
      vertex -92.4975 95.799 0
      vertex -92.4975 65.201 0
    endloop
  endfacet
  facet normal 0 0 -1
    outer loop
      vertex -92.6128 65.1465 0
      vertex -92.6128 95.8535 0
      vertex -92.4975 95.799 0
    endloop
  endfacet
  facet normal 0 0 -1
    outer loop
      vertex -92.7222 65.0809 0
      vertex -92.6128 95.8535 0
      vertex -92.6128 65.1465 0
    endloop
  endfacet
  facet normal 0 0 -1
    outer loop
      vertex -92.7222 65.0809 0
      vertex -92.7222 95.9191 0
      vertex -92.6128 95.8535 0
    endloop
  endfacet
  facet normal 0 0 -1
    outer loop
      vertex -92.8247 65.0049 0
      vertex -92.7222 95.9191 0
      vertex -92.7222 65.0809 0
    endloop
  endfacet
  facet normal 0 0 -1
    outer loop
      vertex -92.8247 65.0049 0
      vertex -92.8247 95.9951 0
      vertex -92.7222 95.9191 0
    endloop
  endfacet
  facet normal 0 0 -1
    outer loop
      vertex -92.9192 64.9192 0
      vertex -92.8247 95.9951 0
      vertex -92.8247 65.0049 0
    endloop
  endfacet
  facet normal 0 0 -1
    outer loop
      vertex -92.9192 64.9192 0
      vertex -92.9192 96.0808 0
      vertex -92.8247 95.9951 0
    endloop
  endfacet
  facet normal 0 0 -1
    outer loop
      vertex -93.0049 64.8247 0
      vertex -92.9192 96.0808 0
      vertex -92.9192 64.9192 0
    endloop
  endfacet
  facet normal 0 0 -1
    outer loop
      vertex -93.0049 64.8247 0
      vertex -93.0049 96.1753 0
      vertex -92.9192 96.0808 0
    endloop
  endfacet
  facet normal 0 0 -1
    outer loop
      vertex -93.0809 64.7222 0
      vertex -93.0049 96.1753 0
      vertex -93.0049 64.8247 0
    endloop
  endfacet
  facet normal 0 0 -1
    outer loop
      vertex -93.0809 64.7222 0
      vertex -93.0809 96.2778 0
      vertex -93.0049 96.1753 0
    endloop
  endfacet
  facet normal 0 0 -1
    outer loop
      vertex -93.1465 64.6128 0
      vertex -93.0809 96.2778 0
      vertex -93.0809 64.7222 0
    endloop
  endfacet
  facet normal 0 0 -1
    outer loop
      vertex -93.1465 64.6128 0
      vertex -93.1465 96.3872 0
      vertex -93.0809 96.2778 0
    endloop
  endfacet
  facet normal 0 0 -1
    outer loop
      vertex -100 105 0
      vertex -93.1465 64.6128 0
      vertex -93.201 64.4975 0
    endloop
  endfacet
  facet normal 0 0 -1
    outer loop
      vertex -93.1465 64.6128 0
      vertex -100 105 0
      vertex -93.1465 96.3872 0
    endloop
  endfacet
  facet normal 0 0 -1
    outer loop
      vertex -100 105 0
      vertex -93.201 64.4975 0
      vertex -93.244 64.3774 0
    endloop
  endfacet
  facet normal 0 0 -1
    outer loop
      vertex -93.1465 96.3872 0
      vertex -100 105 0
      vertex -93.201 96.5025 0
    endloop
  endfacet
  facet normal 0 0 -1
    outer loop
      vertex -100 105 0
      vertex -93.244 64.3774 0
      vertex -93.275 64.2536 0
    endloop
  endfacet
  facet normal 0 0 -1
    outer loop
      vertex -93.201 96.5025 0
      vertex -100 105 0
      vertex -93.244 96.6226 0
    endloop
  endfacet
  facet normal 0 0 -1
    outer loop
      vertex -100 105 0
      vertex -93.275 64.2536 0
      vertex -93.2937 64.1274 0
    endloop
  endfacet
  facet normal 0 0 -1
    outer loop
      vertex -93.244 96.6226 0
      vertex -100 105 0
      vertex -93.275 96.7464 0
    endloop
  endfacet
  facet normal 0 0 -1
    outer loop
      vertex -100 105 0
      vertex -93.2937 64.1274 0
      vertex -93.3 64 0
    endloop
  endfacet
  facet normal 0 0 -1
    outer loop
      vertex -93.275 96.7464 0
      vertex -100 105 0
      vertex -93.2937 96.8726 0
    endloop
  endfacet
  facet normal 0 0 -1
    outer loop
      vertex -63.275 63.7464 0
      vertex -90.7 64 0
      vertex -63.2937 63.8726 0
    endloop
  endfacet
  facet normal 0 0 -1
    outer loop
      vertex -62.3774 62.756 0
      vertex -90.7063 63.8726 0
      vertex -90.7 64 0
    endloop
  endfacet
  facet normal 0 0 -1
    outer loop
      vertex -62.9192 -63.0808 0
      vertex -91.0808 -63.0808 0
      vertex -62.8247 -62.9951 0
    endloop
  endfacet
  facet normal 0 0 -1
    outer loop
      vertex -62.3774 62.756 0
      vertex -90.725 63.7464 0
      vertex -90.7063 63.8726 0
    endloop
  endfacet
  facet normal 0 0 -1
    outer loop
      vertex -91.1753 -62.9951 0
      vertex -62.8247 -62.9951 0
      vertex -91.0808 -63.0808 0
    endloop
  endfacet
  facet normal 0 0 -1
    outer loop
      vertex -62.3774 62.756 0
      vertex -90.756 63.6226 0
      vertex -90.725 63.7464 0
    endloop
  endfacet
  facet normal 0 0 -1
    outer loop
      vertex -62.8247 -62.9951 0
      vertex -91.1753 -62.9951 0
      vertex -62.7222 -62.9191 0
    endloop
  endfacet
  facet normal 0 0 -1
    outer loop
      vertex -62.3774 62.756 0
      vertex -90.799 63.5025 0
      vertex -90.756 63.6226 0
    endloop
  endfacet
  facet normal 0 0 -1
    outer loop
      vertex -91.2778 -62.9191 0
      vertex -62.7222 -62.9191 0
      vertex -91.1753 -62.9951 0
    endloop
  endfacet
  facet normal 0 0 -1
    outer loop
      vertex -62.3774 62.756 0
      vertex -90.8535 63.3872 0
      vertex -90.799 63.5025 0
    endloop
  endfacet
  facet normal 0 0 -1
    outer loop
      vertex -62.7222 -62.9191 0
      vertex -91.2778 -62.9191 0
      vertex -62.6128 -62.8535 0
    endloop
  endfacet
  facet normal 0 0 -1
    outer loop
      vertex -62.3774 62.756 0
      vertex -90.9191 63.2778 0
      vertex -90.8535 63.3872 0
    endloop
  endfacet
  facet normal 0 0 -1
    outer loop
      vertex -91.3872 -62.8535 0
      vertex -62.6128 -62.8535 0
      vertex -91.2778 -62.9191 0
    endloop
  endfacet
  facet normal 0 0 -1
    outer loop
      vertex -62.3774 62.756 0
      vertex -90.9951 63.1753 0
      vertex -90.9191 63.2778 0
    endloop
  endfacet
  facet normal 0 0 -1
    outer loop
      vertex -62.6128 -62.8535 0
      vertex -91.3872 -62.8535 0
      vertex -62.4975 -62.799 0
    endloop
  endfacet
  facet normal 0 0 -1
    outer loop
      vertex -62.3774 62.756 0
      vertex -91.0808 63.0808 0
      vertex -90.9951 63.1753 0
    endloop
  endfacet
  facet normal 0 0 -1
    outer loop
      vertex -91.5025 -62.799 0
      vertex -62.4975 -62.799 0
      vertex -91.3872 -62.8535 0
    endloop
  endfacet
  facet normal 0 0 -1
    outer loop
      vertex -62.3774 62.756 0
      vertex -91.1753 62.9951 0
      vertex -91.0808 63.0808 0
    endloop
  endfacet
  facet normal 0 0 -1
    outer loop
      vertex -62.4975 -62.799 0
      vertex -91.5025 -62.799 0
      vertex -62.3774 -62.756 0
    endloop
  endfacet
  facet normal 0 0 -1
    outer loop
      vertex -62.3774 62.756 0
      vertex -91.2778 62.9191 0
      vertex -91.1753 62.9951 0
    endloop
  endfacet
  facet normal 0 0 -1
    outer loop
      vertex -91.6226 -62.756 0
      vertex -62.3774 -62.756 0
      vertex -91.5025 -62.799 0
    endloop
  endfacet
  facet normal 0 0 -1
    outer loop
      vertex -62.3774 62.756 0
      vertex -91.3872 62.8535 0
      vertex -91.2778 62.9191 0
    endloop
  endfacet
  facet normal 0 0 -1
    outer loop
      vertex -91.7464 -62.725 0
      vertex -62.3774 -62.756 0
      vertex -91.6226 -62.756 0
    endloop
  endfacet
  facet normal 0 0 -1
    outer loop
      vertex -62.3774 62.756 0
      vertex -91.5025 62.799 0
      vertex -91.3872 62.8535 0
    endloop
  endfacet
  facet normal 0 0 -1
    outer loop
      vertex -62.3774 -62.756 0
      vertex -91.7464 -62.725 0
      vertex -62.3774 62.756 0
    endloop
  endfacet
  facet normal 0 0 -1
    outer loop
      vertex -62.3774 62.756 0
      vertex -91.6226 62.756 0
      vertex -91.5025 62.799 0
    endloop
  endfacet
  facet normal 0 0 -1
    outer loop
      vertex -91.7464 62.725 0
      vertex -62.3774 62.756 0
      vertex -91.7464 -62.725 0
    endloop
  endfacet
  facet normal -0 0 -1
    outer loop
      vertex -62.3774 62.756 0
      vertex -91.7464 62.725 0
      vertex -91.6226 62.756 0
    endloop
  endfacet
  facet normal 0 0 -1
    outer loop
      vertex -91.8726 -62.7063 0
      vertex -91.7464 62.725 0
      vertex -91.7464 -62.725 0
    endloop
  endfacet
  facet normal 0 0 -1
    outer loop
      vertex -91.8726 -62.7063 0
      vertex -91.8726 62.7063 0
      vertex -91.7464 62.725 0
    endloop
  endfacet
  facet normal 0 0 -1
    outer loop
      vertex -92 -62.7 0
      vertex -91.8726 62.7063 0
      vertex -91.8726 -62.7063 0
    endloop
  endfacet
  facet normal 0 0 -1
    outer loop
      vertex -92 -62.7 0
      vertex -92 62.7 0
      vertex -91.8726 62.7063 0
    endloop
  endfacet
  facet normal 0 0 -1
    outer loop
      vertex -92.1274 -62.7063 0
      vertex -92 62.7 0
      vertex -92 -62.7 0
    endloop
  endfacet
  facet normal 0 0 -1
    outer loop
      vertex -92.1274 -62.7063 0
      vertex -92.1274 62.7063 0
      vertex -92 62.7 0
    endloop
  endfacet
  facet normal 0 0 -1
    outer loop
      vertex -92.2536 -62.725 0
      vertex -92.1274 62.7063 0
      vertex -92.1274 -62.7063 0
    endloop
  endfacet
  facet normal 0 0 -1
    outer loop
      vertex -92.2536 -62.725 0
      vertex -92.2536 62.725 0
      vertex -92.1274 62.7063 0
    endloop
  endfacet
  facet normal 0 0 -1
    outer loop
      vertex -92.3774 -62.756 0
      vertex -92.2536 62.725 0
      vertex -92.2536 -62.725 0
    endloop
  endfacet
  facet normal 0 0 -1
    outer loop
      vertex -92.3774 -62.756 0
      vertex -92.3774 62.756 0
      vertex -92.2536 62.725 0
    endloop
  endfacet
  facet normal 0 0 -1
    outer loop
      vertex -92.4975 -62.799 0
      vertex -92.3774 62.756 0
      vertex -92.3774 -62.756 0
    endloop
  endfacet
  facet normal 0 0 -1
    outer loop
      vertex -92.4975 -62.799 0
      vertex -92.4975 62.799 0
      vertex -92.3774 62.756 0
    endloop
  endfacet
  facet normal 0 0 -1
    outer loop
      vertex -92.6128 -62.8535 0
      vertex -92.4975 62.799 0
      vertex -92.4975 -62.799 0
    endloop
  endfacet
  facet normal 0 0 -1
    outer loop
      vertex -92.6128 -62.8535 0
      vertex -92.6128 62.8535 0
      vertex -92.4975 62.799 0
    endloop
  endfacet
  facet normal 0 0 -1
    outer loop
      vertex -92.7222 -62.9191 0
      vertex -92.6128 62.8535 0
      vertex -92.6128 -62.8535 0
    endloop
  endfacet
  facet normal 0 0 -1
    outer loop
      vertex -92.7222 -62.9191 0
      vertex -92.7222 62.9191 0
      vertex -92.6128 62.8535 0
    endloop
  endfacet
  facet normal 0 0 -1
    outer loop
      vertex -92.8247 -62.9951 0
      vertex -92.7222 62.9191 0
      vertex -92.7222 -62.9191 0
    endloop
  endfacet
  facet normal 0 0 -1
    outer loop
      vertex -92.8247 -62.9951 0
      vertex -92.8247 62.9951 0
      vertex -92.7222 62.9191 0
    endloop
  endfacet
  facet normal 0 0 -1
    outer loop
      vertex -92.9192 -63.0808 0
      vertex -92.8247 62.9951 0
      vertex -92.8247 -62.9951 0
    endloop
  endfacet
  facet normal 0 0 -1
    outer loop
      vertex -92.9192 -63.0808 0
      vertex -92.9192 63.0808 0
      vertex -92.8247 62.9951 0
    endloop
  endfacet
  facet normal 0 0 -1
    outer loop
      vertex -93.0049 -63.1753 0
      vertex -92.9192 63.0808 0
      vertex -92.9192 -63.0808 0
    endloop
  endfacet
  facet normal 0 0 -1
    outer loop
      vertex -93.0049 -63.1753 0
      vertex -93.0049 63.1753 0
      vertex -92.9192 63.0808 0
    endloop
  endfacet
  facet normal 0 0 -1
    outer loop
      vertex -93.0809 -63.2778 0
      vertex -93.0049 63.1753 0
      vertex -93.0049 -63.1753 0
    endloop
  endfacet
  facet normal 0 0 -1
    outer loop
      vertex -93.0809 -63.2778 0
      vertex -93.0809 63.2778 0
      vertex -93.0049 63.1753 0
    endloop
  endfacet
  facet normal 0 0 -1
    outer loop
      vertex -93.1465 -63.3872 0
      vertex -93.0809 63.2778 0
      vertex -93.0809 -63.2778 0
    endloop
  endfacet
  facet normal 0 0 -1
    outer loop
      vertex -93.1465 -63.3872 0
      vertex -93.1465 63.3872 0
      vertex -93.0809 63.2778 0
    endloop
  endfacet
  facet normal 0 0 -1
    outer loop
      vertex -93.201 -63.5025 0
      vertex -93.1465 63.3872 0
      vertex -93.1465 -63.3872 0
    endloop
  endfacet
  facet normal 0 0 -1
    outer loop
      vertex -93.201 -63.5025 0
      vertex -93.201 63.5025 0
      vertex -93.1465 63.3872 0
    endloop
  endfacet
  facet normal 0 0 -1
    outer loop
      vertex -93.244 -63.6226 0
      vertex -93.201 63.5025 0
      vertex -93.201 -63.5025 0
    endloop
  endfacet
  facet normal 0 0 -1
    outer loop
      vertex -93.244 -63.6226 0
      vertex -93.244 63.6226 0
      vertex -93.201 63.5025 0
    endloop
  endfacet
  facet normal 0 0 -1
    outer loop
      vertex -93.275 -63.7464 0
      vertex -93.244 63.6226 0
      vertex -93.244 -63.6226 0
    endloop
  endfacet
  facet normal 0 0 -1
    outer loop
      vertex -93.275 -63.7464 0
      vertex -93.275 63.7464 0
      vertex -93.244 63.6226 0
    endloop
  endfacet
  facet normal 0 0 -1
    outer loop
      vertex -93.2937 -63.8726 0
      vertex -93.275 63.7464 0
      vertex -93.275 -63.7464 0
    endloop
  endfacet
  facet normal 0 0 -1
    outer loop
      vertex -93.2937 -63.8726 0
      vertex -93.2937 63.8726 0
      vertex -93.275 63.7464 0
    endloop
  endfacet
  facet normal 0 0 -1
    outer loop
      vertex -100 -105 0
      vertex -93.2937 -63.8726 0
      vertex -93.3 -64 0
    endloop
  endfacet
  facet normal -0 0 -1
    outer loop
      vertex -93.2937 -63.8726 0
      vertex -100 -105 0
      vertex -93.2937 63.8726 0
    endloop
  endfacet
  facet normal 0 0 -1
    outer loop
      vertex -69.1465 -96.3872 0
      vertex -90.8535 -96.3872 0
      vertex -69.0809 -96.2778 0
    endloop
  endfacet
  facet normal 0 0 -1
    outer loop
      vertex -68.8247 -95.9951 0
      vertex -90.7063 -64.1274 0
      vertex -90.7 -64 0
    endloop
  endfacet
  facet normal 0 0 -1
    outer loop
      vertex -90.9191 -96.2778 0
      vertex -69.0809 -96.2778 0
      vertex -90.8535 -96.3872 0
    endloop
  endfacet
  facet normal 0 0 -1
    outer loop
      vertex -68.8247 -95.9951 0
      vertex -90.725 -64.2536 0
      vertex -90.7063 -64.1274 0
    endloop
  endfacet
  facet normal 0 0 -1
    outer loop
      vertex -69.0809 -96.2778 0
      vertex -90.9191 -96.2778 0
      vertex -69.0049 -96.1753 0
    endloop
  endfacet
  facet normal 0 0 -1
    outer loop
      vertex -68.8247 -95.9951 0
      vertex -90.756 -64.3774 0
      vertex -90.725 -64.2536 0
    endloop
  endfacet
  facet normal 0 0 -1
    outer loop
      vertex -90.9951 -96.1753 0
      vertex -69.0049 -96.1753 0
      vertex -90.9191 -96.2778 0
    endloop
  endfacet
  facet normal 0 0 -1
    outer loop
      vertex -68.8247 -95.9951 0
      vertex -90.799 -64.4975 0
      vertex -90.756 -64.3774 0
    endloop
  endfacet
  facet normal 0 0 -1
    outer loop
      vertex -69.0049 -96.1753 0
      vertex -90.9951 -96.1753 0
      vertex -68.9192 -96.0808 0
    endloop
  endfacet
  facet normal 0 0 -1
    outer loop
      vertex -68.8247 -95.9951 0
      vertex -90.8535 -64.6128 0
      vertex -90.799 -64.4975 0
    endloop
  endfacet
  facet normal 0 0 -1
    outer loop
      vertex -91.0808 -96.0808 0
      vertex -68.9192 -96.0808 0
      vertex -90.9951 -96.1753 0
    endloop
  endfacet
  facet normal 0 0 -1
    outer loop
      vertex -68.8247 -95.9951 0
      vertex -90.9191 -64.7222 0
      vertex -90.8535 -64.6128 0
    endloop
  endfacet
  facet normal 0 0 -1
    outer loop
      vertex -68.9192 -96.0808 0
      vertex -91.0808 -96.0808 0
      vertex -68.8247 -95.9951 0
    endloop
  endfacet
  facet normal 0 0 -1
    outer loop
      vertex -68.8247 -95.9951 0
      vertex -90.9951 -64.8247 0
      vertex -90.9191 -64.7222 0
    endloop
  endfacet
  facet normal 0 0 -1
    outer loop
      vertex -91.1753 -95.9951 0
      vertex -68.8247 -95.9951 0
      vertex -91.0808 -96.0808 0
    endloop
  endfacet
  facet normal 0 0 -1
    outer loop
      vertex -68.8247 -95.9951 0
      vertex -91.0808 -64.9192 0
      vertex -90.9951 -64.8247 0
    endloop
  endfacet
  facet normal 0 0 -1
    outer loop
      vertex -91.1753 -65.0049 0
      vertex -68.8247 -95.9951 0
      vertex -91.1753 -95.9951 0
    endloop
  endfacet
  facet normal 0 0 -1
    outer loop
      vertex -68.8247 -95.9951 0
      vertex -91.1753 -65.0049 0
      vertex -91.0808 -64.9192 0
    endloop
  endfacet
  facet normal 0 0 -1
    outer loop
      vertex -91.2778 -95.9191 0
      vertex -91.1753 -65.0049 0
      vertex -91.1753 -95.9951 0
    endloop
  endfacet
  facet normal 0 0 -1
    outer loop
      vertex -91.2778 -95.9191 0
      vertex -91.2778 -65.0809 0
      vertex -91.1753 -65.0049 0
    endloop
  endfacet
  facet normal 0 0 -1
    outer loop
      vertex -91.3872 -95.8535 0
      vertex -91.2778 -65.0809 0
      vertex -91.2778 -95.9191 0
    endloop
  endfacet
  facet normal 0 0 -1
    outer loop
      vertex -91.3872 -95.8535 0
      vertex -91.3872 -65.1465 0
      vertex -91.2778 -65.0809 0
    endloop
  endfacet
  facet normal 0 0 -1
    outer loop
      vertex -91.5025 -95.799 0
      vertex -91.3872 -65.1465 0
      vertex -91.3872 -95.8535 0
    endloop
  endfacet
  facet normal 0 0 -1
    outer loop
      vertex -91.5025 -95.799 0
      vertex -91.5025 -65.201 0
      vertex -91.3872 -65.1465 0
    endloop
  endfacet
  facet normal 0 0 -1
    outer loop
      vertex -91.6226 -95.756 0
      vertex -91.5025 -65.201 0
      vertex -91.5025 -95.799 0
    endloop
  endfacet
  facet normal 0 0 -1
    outer loop
      vertex -91.6226 -95.756 0
      vertex -91.6226 -65.244 0
      vertex -91.5025 -65.201 0
    endloop
  endfacet
  facet normal 0 0 -1
    outer loop
      vertex -91.7464 -95.725 0
      vertex -91.6226 -65.244 0
      vertex -91.6226 -95.756 0
    endloop
  endfacet
  facet normal 0 0 -1
    outer loop
      vertex -91.7464 -95.725 0
      vertex -91.7464 -65.275 0
      vertex -91.6226 -65.244 0
    endloop
  endfacet
  facet normal 0 0 -1
    outer loop
      vertex -91.8726 -95.7063 0
      vertex -91.7464 -65.275 0
      vertex -91.7464 -95.725 0
    endloop
  endfacet
  facet normal 0 0 -1
    outer loop
      vertex -91.8726 -95.7063 0
      vertex -91.8726 -65.2937 0
      vertex -91.7464 -65.275 0
    endloop
  endfacet
  facet normal 0 0 -1
    outer loop
      vertex -92 -95.7 0
      vertex -91.8726 -65.2937 0
      vertex -91.8726 -95.7063 0
    endloop
  endfacet
  facet normal 0 0 -1
    outer loop
      vertex -92 -95.7 0
      vertex -92 -65.3 0
      vertex -91.8726 -65.2937 0
    endloop
  endfacet
  facet normal 0 0 -1
    outer loop
      vertex -92.1274 -95.7063 0
      vertex -92 -65.3 0
      vertex -92 -95.7 0
    endloop
  endfacet
  facet normal 0 0 -1
    outer loop
      vertex -92.1274 -95.7063 0
      vertex -92.1274 -65.2937 0
      vertex -92 -65.3 0
    endloop
  endfacet
  facet normal 0 0 -1
    outer loop
      vertex -92.2536 -95.725 0
      vertex -92.1274 -65.2937 0
      vertex -92.1274 -95.7063 0
    endloop
  endfacet
  facet normal 0 0 -1
    outer loop
      vertex -92.2536 -95.725 0
      vertex -92.2536 -65.275 0
      vertex -92.1274 -65.2937 0
    endloop
  endfacet
  facet normal 0 0 -1
    outer loop
      vertex -92.3774 -95.756 0
      vertex -92.2536 -65.275 0
      vertex -92.2536 -95.725 0
    endloop
  endfacet
  facet normal 0 0 -1
    outer loop
      vertex -92.3774 -95.756 0
      vertex -92.3774 -65.244 0
      vertex -92.2536 -65.275 0
    endloop
  endfacet
  facet normal 0 0 -1
    outer loop
      vertex -92.4975 -95.799 0
      vertex -92.3774 -65.244 0
      vertex -92.3774 -95.756 0
    endloop
  endfacet
  facet normal 0 0 -1
    outer loop
      vertex -92.4975 -95.799 0
      vertex -92.4975 -65.201 0
      vertex -92.3774 -65.244 0
    endloop
  endfacet
  facet normal 0 0 -1
    outer loop
      vertex -92.6128 -95.8535 0
      vertex -92.4975 -65.201 0
      vertex -92.4975 -95.799 0
    endloop
  endfacet
  facet normal 0 0 -1
    outer loop
      vertex -92.6128 -95.8535 0
      vertex -92.6128 -65.1465 0
      vertex -92.4975 -65.201 0
    endloop
  endfacet
  facet normal 0 0 -1
    outer loop
      vertex -92.7222 -95.9191 0
      vertex -92.6128 -65.1465 0
      vertex -92.6128 -95.8535 0
    endloop
  endfacet
  facet normal 0 0 -1
    outer loop
      vertex -92.7222 -95.9191 0
      vertex -92.7222 -65.0809 0
      vertex -92.6128 -65.1465 0
    endloop
  endfacet
  facet normal 0 0 -1
    outer loop
      vertex -92.8247 -95.9951 0
      vertex -92.7222 -65.0809 0
      vertex -92.7222 -95.9191 0
    endloop
  endfacet
  facet normal 0 0 -1
    outer loop
      vertex -92.8247 -95.9951 0
      vertex -92.8247 -65.0049 0
      vertex -92.7222 -65.0809 0
    endloop
  endfacet
  facet normal 0 0 -1
    outer loop
      vertex -92.9192 -96.0808 0
      vertex -92.8247 -65.0049 0
      vertex -92.8247 -95.9951 0
    endloop
  endfacet
  facet normal 0 0 -1
    outer loop
      vertex -92.9192 -96.0808 0
      vertex -92.9192 -64.9192 0
      vertex -92.8247 -65.0049 0
    endloop
  endfacet
  facet normal 0 0 -1
    outer loop
      vertex -93.0049 -96.1753 0
      vertex -92.9192 -64.9192 0
      vertex -92.9192 -96.0808 0
    endloop
  endfacet
  facet normal 0 0 -1
    outer loop
      vertex -93.0049 -96.1753 0
      vertex -93.0049 -64.8247 0
      vertex -92.9192 -64.9192 0
    endloop
  endfacet
  facet normal 0 0 -1
    outer loop
      vertex -93.0809 -96.2778 0
      vertex -93.0049 -64.8247 0
      vertex -93.0049 -96.1753 0
    endloop
  endfacet
  facet normal 0 0 -1
    outer loop
      vertex -93.0809 -96.2778 0
      vertex -93.0809 -64.7222 0
      vertex -93.0049 -64.8247 0
    endloop
  endfacet
  facet normal 0 0 -1
    outer loop
      vertex -93.1465 -96.3872 0
      vertex -93.0809 -64.7222 0
      vertex -93.0809 -96.2778 0
    endloop
  endfacet
  facet normal 0 0 -1
    outer loop
      vertex -93.1465 -96.3872 0
      vertex -93.1465 -64.6128 0
      vertex -93.0809 -64.7222 0
    endloop
  endfacet
  facet normal 0 0 -1
    outer loop
      vertex -100 -105 0
      vertex -93.1465 -96.3872 0
      vertex -93.201 -96.5025 0
    endloop
  endfacet
  facet normal -0 0 -1
    outer loop
      vertex -93.1465 -96.3872 0
      vertex -100 -105 0
      vertex -93.1465 -64.6128 0
    endloop
  endfacet
  facet normal 0 0 -1
    outer loop
      vertex -100 -105 0
      vertex -93.201 -96.5025 0
      vertex -93.244 -96.6226 0
    endloop
  endfacet
  facet normal -0 0 -1
    outer loop
      vertex -93.1465 -64.6128 0
      vertex -100 -105 0
      vertex -93.201 -64.4975 0
    endloop
  endfacet
  facet normal 0 0 -1
    outer loop
      vertex -100 -105 0
      vertex -93.244 -96.6226 0
      vertex -93.275 -96.7464 0
    endloop
  endfacet
  facet normal -0 0 -1
    outer loop
      vertex -93.201 -64.4975 0
      vertex -100 -105 0
      vertex -93.244 -64.3774 0
    endloop
  endfacet
  facet normal 0 0 -1
    outer loop
      vertex -100 -105 0
      vertex -93.275 -96.7464 0
      vertex -93.2937 -96.8726 0
    endloop
  endfacet
  facet normal -0 0 -1
    outer loop
      vertex -93.244 -64.3774 0
      vertex -100 -105 0
      vertex -93.275 -64.2536 0
    endloop
  endfacet
  facet normal 0 0 -1
    outer loop
      vertex -100 -105 0
      vertex -93.2937 -96.8726 0
      vertex -93.3 -97 0
    endloop
  endfacet
  facet normal -0 0 -1
    outer loop
      vertex -93.275 -64.2536 0
      vertex -100 -105 0
      vertex -93.2937 -64.1274 0
    endloop
  endfacet
  facet normal -0 0 -1
    outer loop
      vertex -62.3774 -65.244 0
      vertex -68 -95.7 0
      vertex -62.4975 -65.201 0
    endloop
  endfacet
  facet normal 0 0 -1
    outer loop
      vertex -63.2937 63.8726 0
      vertex -66.7063 96.8726 0
      vertex -66.7 97 0
    endloop
  endfacet
  facet normal 0 0 -1
    outer loop
      vertex -68.1274 -95.7063 0
      vertex -62.4975 -65.201 0
      vertex -68 -95.7 0
    endloop
  endfacet
  facet normal 0 0 -1
    outer loop
      vertex -63.2937 63.8726 0
      vertex -66.725 96.7464 0
      vertex -66.7063 96.8726 0
    endloop
  endfacet
  facet normal -0 0 -1
    outer loop
      vertex -62.4975 -65.201 0
      vertex -68.1274 -95.7063 0
      vertex -62.6128 -65.1465 0
    endloop
  endfacet
  facet normal 0 0 -1
    outer loop
      vertex -63.2937 63.8726 0
      vertex -66.756 96.6226 0
      vertex -66.725 96.7464 0
    endloop
  endfacet
  facet normal 0 0 -1
    outer loop
      vertex -68.2536 -95.725 0
      vertex -62.6128 -65.1465 0
      vertex -68.1274 -95.7063 0
    endloop
  endfacet
  facet normal 0 0 -1
    outer loop
      vertex -63.2937 63.8726 0
      vertex -66.799 96.5025 0
      vertex -66.756 96.6226 0
    endloop
  endfacet
  facet normal -0 0 -1
    outer loop
      vertex -62.6128 -65.1465 0
      vertex -68.2536 -95.725 0
      vertex -62.7222 -65.0809 0
    endloop
  endfacet
  facet normal 0 0 -1
    outer loop
      vertex -63.2937 63.8726 0
      vertex -66.8535 96.3872 0
      vertex -66.799 96.5025 0
    endloop
  endfacet
  facet normal 0 0 -1
    outer loop
      vertex -68.3774 -95.756 0
      vertex -62.7222 -65.0809 0
      vertex -68.2536 -95.725 0
    endloop
  endfacet
  facet normal 0 0 -1
    outer loop
      vertex -63.2937 63.8726 0
      vertex -66.9191 96.2778 0
      vertex -66.8535 96.3872 0
    endloop
  endfacet
  facet normal -0 0 -1
    outer loop
      vertex -62.7222 -65.0809 0
      vertex -68.3774 -95.756 0
      vertex -62.8247 -65.0049 0
    endloop
  endfacet
  facet normal 0 0 -1
    outer loop
      vertex -63.2937 63.8726 0
      vertex -66.9951 96.1753 0
      vertex -66.9191 96.2778 0
    endloop
  endfacet
  facet normal 0 0 -1
    outer loop
      vertex -90.7063 -63.8726 0
      vertex -63.2937 -63.8726 0
      vertex -90.7 -64 0
    endloop
  endfacet
  facet normal 0 0 -1
    outer loop
      vertex -63.2937 63.8726 0
      vertex -67.0808 96.0808 0
      vertex -66.9951 96.1753 0
    endloop
  endfacet
  facet normal 0 0 -1
    outer loop
      vertex -68.4975 -95.799 0
      vertex -62.8247 -65.0049 0
      vertex -68.3774 -95.756 0
    endloop
  endfacet
  facet normal 0 0 -1
    outer loop
      vertex -63.244 63.6226 0
      vertex -90.7 64 0
      vertex -63.275 63.7464 0
    endloop
  endfacet
  facet normal -0 0 -1
    outer loop
      vertex -62.8247 -65.0049 0
      vertex -68.4975 -95.799 0
      vertex -62.9192 -64.9192 0
    endloop
  endfacet
  facet normal 0 0 -1
    outer loop
      vertex -90.7063 64.1274 0
      vertex -63.2937 63.8726 0
      vertex -90.7 64 0
    endloop
  endfacet
  facet normal 0 0 -1
    outer loop
      vertex -68.6128 -95.8535 0
      vertex -62.9192 -64.9192 0
      vertex -68.4975 -95.799 0
    endloop
  endfacet
  facet normal 0 0 -1
    outer loop
      vertex -63.2937 63.8726 0
      vertex -67.1753 95.9951 0
      vertex -67.0808 96.0808 0
    endloop
  endfacet
  facet normal 0 0 -1
    outer loop
      vertex -90.7 -64 0
      vertex -62.9192 -64.9192 0
      vertex -68.6128 -95.8535 0
    endloop
  endfacet
  facet normal 0 0 -1
    outer loop
      vertex -63.2937 63.8726 0
      vertex -67.2778 95.9191 0
      vertex -67.1753 95.9951 0
    endloop
  endfacet
  facet normal 0 0 -1
    outer loop
      vertex -62.9192 -64.9192 0
      vertex -90.7 -64 0
      vertex -63.0049 -64.8247 0
    endloop
  endfacet
  facet normal 0 0 -1
    outer loop
      vertex -63.2937 63.8726 0
      vertex -67.3872 95.8535 0
      vertex -67.2778 95.9191 0
    endloop
  endfacet
  facet normal 0 0 -1
    outer loop
      vertex -63.0049 -64.8247 0
      vertex -90.7 -64 0
      vertex -63.0809 -64.7222 0
    endloop
  endfacet
  facet normal 0 0 -1
    outer loop
      vertex -63.2937 63.8726 0
      vertex -67.5025 95.799 0
      vertex -67.3872 95.8535 0
    endloop
  endfacet
  facet normal 0 0 -1
    outer loop
      vertex -63.0809 -64.7222 0
      vertex -90.7 -64 0
      vertex -63.1465 -64.6128 0
    endloop
  endfacet
  facet normal 0 0 -1
    outer loop
      vertex -63.2937 63.8726 0
      vertex -67.6226 95.756 0
      vertex -67.5025 95.799 0
    endloop
  endfacet
  facet normal 0 0 -1
    outer loop
      vertex -63.1465 -64.6128 0
      vertex -90.7 -64 0
      vertex -63.201 -64.4975 0
    endloop
  endfacet
  facet normal 0 0 -1
    outer loop
      vertex -63.2937 63.8726 0
      vertex -67.7464 95.725 0
      vertex -67.6226 95.756 0
    endloop
  endfacet
  facet normal 0 0 -1
    outer loop
      vertex -63.244 -64.3774 0
      vertex -90.7 -64 0
      vertex -63.275 -64.2536 0
    endloop
  endfacet
  facet normal 0 0 -1
    outer loop
      vertex -63.2937 63.8726 0
      vertex -67.8726 95.7063 0
      vertex -67.7464 95.725 0
    endloop
  endfacet
  facet normal 0 0 -1
    outer loop
      vertex -63.275 -64.2536 0
      vertex -90.7 -64 0
      vertex -63.2937 -64.1274 0
    endloop
  endfacet
  facet normal 0 0 -1
    outer loop
      vertex -63.2937 63.8726 0
      vertex -68 95.7 0
      vertex -67.8726 95.7063 0
    endloop
  endfacet
  facet normal 0 0 -1
    outer loop
      vertex -63.2937 -64.1274 0
      vertex -90.7 -64 0
      vertex -63.3 -64 0
    endloop
  endfacet
  facet normal 0 0 -1
    outer loop
      vertex -63.2937 63.8726 0
      vertex -68.1274 95.7063 0
      vertex -68 95.7 0
    endloop
  endfacet
  facet normal 0 0 -1
    outer loop
      vertex -63.3 -64 0
      vertex -90.7 -64 0
      vertex -63.2937 -63.8726 0
    endloop
  endfacet
  facet normal 0 0 -1
    outer loop
      vertex -63.2937 63.8726 0
      vertex -68.2536 95.725 0
      vertex -68.1274 95.7063 0
    endloop
  endfacet
  facet normal 0 0 -1
    outer loop
      vertex -63.201 -64.4975 0
      vertex -90.7 -64 0
      vertex -63.244 -64.3774 0
    endloop
  endfacet
  facet normal 0 0 -1
    outer loop
      vertex -63.2937 63.8726 0
      vertex -68.3774 95.756 0
      vertex -68.2536 95.725 0
    endloop
  endfacet
  facet normal 0 0 -1
    outer loop
      vertex -90.7 -64 0
      vertex -68.6128 -95.8535 0
      vertex -68.7222 -95.9191 0
    endloop
  endfacet
  facet normal 0 0 -1
    outer loop
      vertex -63.2937 63.8726 0
      vertex -68.4975 95.799 0
      vertex -68.3774 95.756 0
    endloop
  endfacet
  facet normal 0 0 -1
    outer loop
      vertex -90.7 -64 0
      vertex -68.7222 -95.9191 0
      vertex -68.8247 -95.9951 0
    endloop
  endfacet
  facet normal 0 0 -1
    outer loop
      vertex -90.725 64.2536 0
      vertex -63.2937 63.8726 0
      vertex -90.7063 64.1274 0
    endloop
  endfacet
  facet normal 0 0 -1
    outer loop
      vertex -69.201 -96.5025 0
      vertex -90.799 -96.5025 0
      vertex -69.1465 -96.3872 0
    endloop
  endfacet
  facet normal 0 0 -1
    outer loop
      vertex -90.756 64.3774 0
      vertex -63.2937 63.8726 0
      vertex -90.725 64.2536 0
    endloop
  endfacet
  facet normal 0 0 -1
    outer loop
      vertex -90.799 -96.5025 0
      vertex -69.201 -96.5025 0
      vertex -90.756 -96.6226 0
    endloop
  endfacet
  facet normal 0 0 -1
    outer loop
      vertex -90.799 64.4975 0
      vertex -63.2937 63.8726 0
      vertex -90.756 64.3774 0
    endloop
  endfacet
  facet normal 0 0 -1
    outer loop
      vertex -69.244 -96.6226 0
      vertex -90.756 -96.6226 0
      vertex -69.201 -96.5025 0
    endloop
  endfacet
  facet normal 0 0 -1
    outer loop
      vertex -90.8535 64.6128 0
      vertex -63.2937 63.8726 0
      vertex -90.799 64.4975 0
    endloop
  endfacet
  facet normal 0 0 -1
    outer loop
      vertex -90.756 -96.6226 0
      vertex -69.244 -96.6226 0
      vertex -90.725 -96.7464 0
    endloop
  endfacet
  facet normal 0 0 -1
    outer loop
      vertex -68.8247 95.9951 0
      vertex -90.7 97 0
      vertex -68.9192 96.0808 0
    endloop
  endfacet
  facet normal 0 0 -1
    outer loop
      vertex -69.275 -96.7464 0
      vertex -90.725 -96.7464 0
      vertex -69.244 -96.6226 0
    endloop
  endfacet
  facet normal 0 0 -1
    outer loop
      vertex -68.9192 96.0808 0
      vertex -90.7 97 0
      vertex -69.0049 96.1753 0
    endloop
  endfacet
  facet normal 0 0 -1
    outer loop
      vertex -90.725 -96.7464 0
      vertex -69.275 -96.7464 0
      vertex -90.7063 -96.8726 0
    endloop
  endfacet
  facet normal 0 0 -1
    outer loop
      vertex -69.0049 96.1753 0
      vertex -90.7 97 0
      vertex -69.0809 96.2778 0
    endloop
  endfacet
  facet normal 0 0 -1
    outer loop
      vertex -69.2937 -96.8726 0
      vertex -90.7063 -96.8726 0
      vertex -69.275 -96.7464 0
    endloop
  endfacet
  facet normal 0 0 -1
    outer loop
      vertex -69.0809 96.2778 0
      vertex -90.7 97 0
      vertex -69.1465 96.3872 0
    endloop
  endfacet
  facet normal 0 0 -1
    outer loop
      vertex -90.7063 -96.8726 0
      vertex -69.2937 -96.8726 0
      vertex -90.7 -97 0
    endloop
  endfacet
  facet normal 0 0 -1
    outer loop
      vertex -69.1465 96.3872 0
      vertex -90.7 97 0
      vertex -69.201 96.5025 0
    endloop
  endfacet
  facet normal 0 0 -1
    outer loop
      vertex -90.7 -97 0
      vertex -69.2937 -96.8726 0
      vertex -69.3 -97 0
    endloop
  endfacet
  facet normal 0 0 -1
    outer loop
      vertex -69.201 96.5025 0
      vertex -90.7 97 0
      vertex -69.244 96.6226 0
    endloop
  endfacet
  facet normal 0 0 -1
    outer loop
      vertex -60.7063 -63.8726 0
      vertex -60.7 64 0
      vertex -60.7 -64 0
    endloop
  endfacet
  facet normal 0 0 -1
    outer loop
      vertex -60.7063 -63.8726 0
      vertex -60.7063 63.8726 0
      vertex -60.7 64 0
    endloop
  endfacet
  facet normal 0 0 -1
    outer loop
      vertex -60.725 -63.7464 0
      vertex -60.7063 63.8726 0
      vertex -60.7063 -63.8726 0
    endloop
  endfacet
  facet normal 0 0 -1
    outer loop
      vertex -60.725 -63.7464 0
      vertex -60.725 63.7464 0
      vertex -60.7063 63.8726 0
    endloop
  endfacet
  facet normal 0 0 -1
    outer loop
      vertex -60.756 -63.6226 0
      vertex -60.725 63.7464 0
      vertex -60.725 -63.7464 0
    endloop
  endfacet
  facet normal 0 0 -1
    outer loop
      vertex -60.756 -63.6226 0
      vertex -60.756 63.6226 0
      vertex -60.725 63.7464 0
    endloop
  endfacet
  facet normal 0 0 -1
    outer loop
      vertex -60.799 -63.5025 0
      vertex -60.756 63.6226 0
      vertex -60.756 -63.6226 0
    endloop
  endfacet
  facet normal 0 0 -1
    outer loop
      vertex -60.799 -63.5025 0
      vertex -60.799 63.5025 0
      vertex -60.756 63.6226 0
    endloop
  endfacet
  facet normal 0 0 -1
    outer loop
      vertex -60.8535 -63.3872 0
      vertex -60.799 63.5025 0
      vertex -60.799 -63.5025 0
    endloop
  endfacet
  facet normal 0 0 -1
    outer loop
      vertex -60.8535 -63.3872 0
      vertex -60.8535 63.3872 0
      vertex -60.799 63.5025 0
    endloop
  endfacet
  facet normal 0 0 -1
    outer loop
      vertex -60.9191 -63.2778 0
      vertex -60.8535 63.3872 0
      vertex -60.8535 -63.3872 0
    endloop
  endfacet
  facet normal 0 0 -1
    outer loop
      vertex -60.9191 -63.2778 0
      vertex -60.9191 63.2778 0
      vertex -60.8535 63.3872 0
    endloop
  endfacet
  facet normal 0 0 -1
    outer loop
      vertex -60.9951 -63.1753 0
      vertex -60.9191 63.2778 0
      vertex -60.9191 -63.2778 0
    endloop
  endfacet
  facet normal 0 0 -1
    outer loop
      vertex -60.9951 -63.1753 0
      vertex -60.9951 63.1753 0
      vertex -60.9191 63.2778 0
    endloop
  endfacet
  facet normal 0 0 -1
    outer loop
      vertex -61.0808 -63.0808 0
      vertex -60.9951 63.1753 0
      vertex -60.9951 -63.1753 0
    endloop
  endfacet
  facet normal 0 0 -1
    outer loop
      vertex -61.0808 -63.0808 0
      vertex -61.0808 63.0808 0
      vertex -60.9951 63.1753 0
    endloop
  endfacet
  facet normal 0 0 -1
    outer loop
      vertex -61.1753 -62.9951 0
      vertex -61.0808 63.0808 0
      vertex -61.0808 -63.0808 0
    endloop
  endfacet
  facet normal 0 0 -1
    outer loop
      vertex -61.1753 -62.9951 0
      vertex -61.1753 62.9951 0
      vertex -61.0808 63.0808 0
    endloop
  endfacet
  facet normal 0 0 -1
    outer loop
      vertex -61.2778 -62.9191 0
      vertex -61.1753 62.9951 0
      vertex -61.1753 -62.9951 0
    endloop
  endfacet
  facet normal 0 0 -1
    outer loop
      vertex -61.2778 -62.9191 0
      vertex -61.2778 62.9191 0
      vertex -61.1753 62.9951 0
    endloop
  endfacet
  facet normal 0 0 -1
    outer loop
      vertex -61.3872 -62.8535 0
      vertex -61.2778 62.9191 0
      vertex -61.2778 -62.9191 0
    endloop
  endfacet
  facet normal 0 0 -1
    outer loop
      vertex -61.3872 -62.8535 0
      vertex -61.3872 62.8535 0
      vertex -61.2778 62.9191 0
    endloop
  endfacet
  facet normal 0 0 -1
    outer loop
      vertex -61.5025 -62.799 0
      vertex -61.3872 62.8535 0
      vertex -61.3872 -62.8535 0
    endloop
  endfacet
  facet normal 0 0 -1
    outer loop
      vertex -61.5025 -62.799 0
      vertex -61.5025 62.799 0
      vertex -61.3872 62.8535 0
    endloop
  endfacet
  facet normal 0 0 -1
    outer loop
      vertex -61.6226 -62.756 0
      vertex -61.5025 62.799 0
      vertex -61.5025 -62.799 0
    endloop
  endfacet
  facet normal 0 0 -1
    outer loop
      vertex -61.6226 -62.756 0
      vertex -61.6226 62.756 0
      vertex -61.5025 62.799 0
    endloop
  endfacet
  facet normal 0 0 -1
    outer loop
      vertex -61.7464 -62.725 0
      vertex -61.6226 62.756 0
      vertex -61.6226 -62.756 0
    endloop
  endfacet
  facet normal 0 0 -1
    outer loop
      vertex -61.7464 -62.725 0
      vertex -61.7464 62.725 0
      vertex -61.6226 62.756 0
    endloop
  endfacet
  facet normal 0 0 -1
    outer loop
      vertex -61.8726 -62.7063 0
      vertex -61.7464 62.725 0
      vertex -61.7464 -62.725 0
    endloop
  endfacet
  facet normal 0 0 -1
    outer loop
      vertex -61.8726 -62.7063 0
      vertex -61.8726 62.7063 0
      vertex -61.7464 62.725 0
    endloop
  endfacet
  facet normal 0 0 -1
    outer loop
      vertex -62 -62.7 0
      vertex -61.8726 62.7063 0
      vertex -61.8726 -62.7063 0
    endloop
  endfacet
  facet normal 0 0 -1
    outer loop
      vertex -62 -62.7 0
      vertex -62 62.7 0
      vertex -61.8726 62.7063 0
    endloop
  endfacet
  facet normal 0 0 -1
    outer loop
      vertex -62.1274 -62.7063 0
      vertex -62 62.7 0
      vertex -62 -62.7 0
    endloop
  endfacet
  facet normal 0 0 -1
    outer loop
      vertex -62.1274 -62.7063 0
      vertex -62.1274 62.7063 0
      vertex -62 62.7 0
    endloop
  endfacet
  facet normal 0 0 -1
    outer loop
      vertex -62.2536 -62.725 0
      vertex -62.1274 62.7063 0
      vertex -62.1274 -62.7063 0
    endloop
  endfacet
  facet normal 0 0 -1
    outer loop
      vertex -62.2536 -62.725 0
      vertex -62.2536 62.725 0
      vertex -62.1274 62.7063 0
    endloop
  endfacet
  facet normal 0 0 -1
    outer loop
      vertex -62.3774 -62.756 0
      vertex -62.2536 62.725 0
      vertex -62.2536 -62.725 0
    endloop
  endfacet
  facet normal 0 0 -1
    outer loop
      vertex -62.3774 -62.756 0
      vertex -62.3774 62.756 0
      vertex -62.2536 62.725 0
    endloop
  endfacet
  facet normal 0 0 -1
    outer loop
      vertex -90.9951 -63.1753 0
      vertex -63.0049 -63.1753 0
      vertex -90.9191 -63.2778 0
    endloop
  endfacet
  facet normal 0 0 -1
    outer loop
      vertex -63.0049 -63.1753 0
      vertex -90.9951 -63.1753 0
      vertex -62.9192 -63.0808 0
    endloop
  endfacet
  facet normal 0 0 -1
    outer loop
      vertex -63.0809 -63.2778 0
      vertex -90.9191 -63.2778 0
      vertex -63.0049 -63.1753 0
    endloop
  endfacet
  facet normal 0 0 -1
    outer loop
      vertex -91.0808 -63.0808 0
      vertex -62.9192 -63.0808 0
      vertex -90.9951 -63.1753 0
    endloop
  endfacet
  facet normal 0 0 -1
    outer loop
      vertex -90.9191 -63.2778 0
      vertex -63.0809 -63.2778 0
      vertex -90.8535 -63.3872 0
    endloop
  endfacet
  facet normal 0 0 -1
    outer loop
      vertex -62.3774 62.756 0
      vertex -90.7 64 0
      vertex -62.4975 62.799 0
    endloop
  endfacet
  facet normal 0 0 -1
    outer loop
      vertex -63.1465 -63.3872 0
      vertex -90.8535 -63.3872 0
      vertex -63.0809 -63.2778 0
    endloop
  endfacet
  facet normal 0 0 -1
    outer loop
      vertex -62.4975 62.799 0
      vertex -90.7 64 0
      vertex -62.6128 62.8535 0
    endloop
  endfacet
  facet normal 0 0 -1
    outer loop
      vertex -90.8535 -63.3872 0
      vertex -63.1465 -63.3872 0
      vertex -90.799 -63.5025 0
    endloop
  endfacet
  facet normal 0 0 -1
    outer loop
      vertex -62.6128 62.8535 0
      vertex -90.7 64 0
      vertex -62.7222 62.9191 0
    endloop
  endfacet
  facet normal 0 0 -1
    outer loop
      vertex -63.201 -63.5025 0
      vertex -90.799 -63.5025 0
      vertex -63.1465 -63.3872 0
    endloop
  endfacet
  facet normal 0 0 -1
    outer loop
      vertex -62.7222 62.9191 0
      vertex -90.7 64 0
      vertex -62.8247 62.9951 0
    endloop
  endfacet
  facet normal 0 0 -1
    outer loop
      vertex -90.799 -63.5025 0
      vertex -63.201 -63.5025 0
      vertex -90.756 -63.6226 0
    endloop
  endfacet
  facet normal 0 0 -1
    outer loop
      vertex -62.8247 62.9951 0
      vertex -90.7 64 0
      vertex -62.9192 63.0808 0
    endloop
  endfacet
  facet normal 0 0 -1
    outer loop
      vertex -63.244 -63.6226 0
      vertex -90.756 -63.6226 0
      vertex -63.201 -63.5025 0
    endloop
  endfacet
  facet normal 0 0 -1
    outer loop
      vertex -62.9192 63.0808 0
      vertex -90.7 64 0
      vertex -63.0049 63.1753 0
    endloop
  endfacet
  facet normal 0 0 -1
    outer loop
      vertex -90.756 -63.6226 0
      vertex -63.244 -63.6226 0
      vertex -90.725 -63.7464 0
    endloop
  endfacet
  facet normal 0 0 -1
    outer loop
      vertex -63.0049 63.1753 0
      vertex -90.7 64 0
      vertex -63.0809 63.2778 0
    endloop
  endfacet
  facet normal 0 0 -1
    outer loop
      vertex -63.275 -63.7464 0
      vertex -90.725 -63.7464 0
      vertex -63.244 -63.6226 0
    endloop
  endfacet
  facet normal 0 0 -1
    outer loop
      vertex -63.0809 63.2778 0
      vertex -90.7 64 0
      vertex -63.1465 63.3872 0
    endloop
  endfacet
  facet normal 0 0 -1
    outer loop
      vertex -90.725 -63.7464 0
      vertex -63.275 -63.7464 0
      vertex -90.7063 -63.8726 0
    endloop
  endfacet
  facet normal 0 0 -1
    outer loop
      vertex -63.1465 63.3872 0
      vertex -90.7 64 0
      vertex -63.201 63.5025 0
    endloop
  endfacet
  facet normal 0 0 -1
    outer loop
      vertex -90.7063 -63.8726 0
      vertex -63.275 -63.7464 0
      vertex -63.2937 -63.8726 0
    endloop
  endfacet
  facet normal 0 0 -1
    outer loop
      vertex -63.201 63.5025 0
      vertex -90.7 64 0
      vertex -63.244 63.6226 0
    endloop
  endfacet
  facet normal 0 0 -1
    outer loop
      vertex -67.8726 -95.7063 0
      vertex -62.2536 -65.275 0
      vertex -67.7464 -95.725 0
    endloop
  endfacet
  facet normal -0 0 -1
    outer loop
      vertex -62.2536 -65.275 0
      vertex -67.8726 -95.7063 0
      vertex -62.3774 -65.244 0
    endloop
  endfacet
  facet normal 0 0 -1
    outer loop
      vertex -60 -105 0
      vertex -60.7 -64 0
      vertex -60 105 0
    endloop
  endfacet
  facet normal 0 0 -1
    outer loop
      vertex -60 -105 0
      vertex -60.7063 -64.1274 0
      vertex -60.7 -64 0
    endloop
  endfacet
  facet normal 0 0 -1
    outer loop
      vertex -60 -105 0
      vertex -60.725 -64.2536 0
      vertex -60.7063 -64.1274 0
    endloop
  endfacet
  facet normal 0 0 -1
    outer loop
      vertex -60 -105 0
      vertex -60.756 -64.3774 0
      vertex -60.725 -64.2536 0
    endloop
  endfacet
  facet normal 0 0 -1
    outer loop
      vertex -60 -105 0
      vertex -60.799 -64.4975 0
      vertex -60.756 -64.3774 0
    endloop
  endfacet
  facet normal 0 0 -1
    outer loop
      vertex -60 -105 0
      vertex -60.8535 -64.6128 0
      vertex -60.799 -64.4975 0
    endloop
  endfacet
  facet normal 0 0 -1
    outer loop
      vertex -60 -105 0
      vertex -60.9191 -64.7222 0
      vertex -60.8535 -64.6128 0
    endloop
  endfacet
  facet normal 0 0 -1
    outer loop
      vertex -60 -105 0
      vertex -60.9951 -64.8247 0
      vertex -60.9191 -64.7222 0
    endloop
  endfacet
  facet normal 0 0 -1
    outer loop
      vertex -60 -105 0
      vertex -61.0808 -64.9192 0
      vertex -60.9951 -64.8247 0
    endloop
  endfacet
  facet normal 0 0 -1
    outer loop
      vertex -66.8535 -96.3872 0
      vertex -61.0808 -64.9192 0
      vertex -60 -105 0
    endloop
  endfacet
  facet normal 0 0 -1
    outer loop
      vertex -66.7063 -96.8726 0
      vertex -60 -105 0
      vertex -66.7 -97 0
    endloop
  endfacet
  facet normal 0 0 -1
    outer loop
      vertex -66.725 -96.7464 0
      vertex -60 -105 0
      vertex -66.7063 -96.8726 0
    endloop
  endfacet
  facet normal 0 0 -1
    outer loop
      vertex -66.756 -96.6226 0
      vertex -60 -105 0
      vertex -66.725 -96.7464 0
    endloop
  endfacet
  facet normal 0 0 -1
    outer loop
      vertex -66.799 -96.5025 0
      vertex -60 -105 0
      vertex -66.756 -96.6226 0
    endloop
  endfacet
  facet normal 0 0 -1
    outer loop
      vertex -66.8535 -96.3872 0
      vertex -60 -105 0
      vertex -66.799 -96.5025 0
    endloop
  endfacet
  facet normal 0 0 -1
    outer loop
      vertex -61.0808 -64.9192 0
      vertex -66.8535 -96.3872 0
      vertex -61.1753 -65.0049 0
    endloop
  endfacet
  facet normal 0 0 -1
    outer loop
      vertex -66.9191 -96.2778 0
      vertex -61.1753 -65.0049 0
      vertex -66.8535 -96.3872 0
    endloop
  endfacet
  facet normal 0 0 -1
    outer loop
      vertex -61.1753 -65.0049 0
      vertex -66.9191 -96.2778 0
      vertex -61.2778 -65.0809 0
    endloop
  endfacet
  facet normal 0 0 -1
    outer loop
      vertex -66.9951 -96.1753 0
      vertex -61.2778 -65.0809 0
      vertex -66.9191 -96.2778 0
    endloop
  endfacet
  facet normal 0 0 -1
    outer loop
      vertex -61.2778 -65.0809 0
      vertex -66.9951 -96.1753 0
      vertex -61.3872 -65.1465 0
    endloop
  endfacet
  facet normal 0 0 -1
    outer loop
      vertex -67.0808 -96.0808 0
      vertex -61.3872 -65.1465 0
      vertex -66.9951 -96.1753 0
    endloop
  endfacet
  facet normal 0 0 -1
    outer loop
      vertex -61.3872 -65.1465 0
      vertex -67.0808 -96.0808 0
      vertex -61.5025 -65.201 0
    endloop
  endfacet
  facet normal 0 0 -1
    outer loop
      vertex -67.1753 -95.9951 0
      vertex -61.5025 -65.201 0
      vertex -67.0808 -96.0808 0
    endloop
  endfacet
  facet normal 0 0 -1
    outer loop
      vertex -61.5025 -65.201 0
      vertex -67.1753 -95.9951 0
      vertex -61.6226 -65.244 0
    endloop
  endfacet
  facet normal 0 0 -1
    outer loop
      vertex -67.2778 -95.9191 0
      vertex -61.6226 -65.244 0
      vertex -67.1753 -95.9951 0
    endloop
  endfacet
  facet normal 0 0 -1
    outer loop
      vertex -61.6226 -65.244 0
      vertex -67.2778 -95.9191 0
      vertex -61.7464 -65.275 0
    endloop
  endfacet
  facet normal 0 0 -1
    outer loop
      vertex -67.3872 -95.8535 0
      vertex -61.7464 -65.275 0
      vertex -67.2778 -95.9191 0
    endloop
  endfacet
  facet normal 0 0 -1
    outer loop
      vertex -61.7464 -65.275 0
      vertex -67.3872 -95.8535 0
      vertex -61.8726 -65.2937 0
    endloop
  endfacet
  facet normal 0 0 -1
    outer loop
      vertex -67.5025 -95.799 0
      vertex -61.8726 -65.2937 0
      vertex -67.3872 -95.8535 0
    endloop
  endfacet
  facet normal 0 0 -1
    outer loop
      vertex -61.8726 -65.2937 0
      vertex -67.5025 -95.799 0
      vertex -62 -65.3 0
    endloop
  endfacet
  facet normal 0 0 -1
    outer loop
      vertex -67.6226 -95.756 0
      vertex -62 -65.3 0
      vertex -67.5025 -95.799 0
    endloop
  endfacet
  facet normal -0 0 -1
    outer loop
      vertex -62 -65.3 0
      vertex -67.6226 -95.756 0
      vertex -62.1274 -65.2937 0
    endloop
  endfacet
  facet normal 0 0 -1
    outer loop
      vertex -68 -95.7 0
      vertex -62.3774 -65.244 0
      vertex -67.8726 -95.7063 0
    endloop
  endfacet
  facet normal -0 0 -1
    outer loop
      vertex -62.1274 -65.2937 0
      vertex -67.7464 -95.725 0
      vertex -62.2536 -65.275 0
    endloop
  endfacet
  facet normal 0 0 -1
    outer loop
      vertex -67.7464 -95.725 0
      vertex -62.1274 -65.2937 0
      vertex -67.6226 -95.756 0
    endloop
  endfacet
  facet normal 0 0 -1
    outer loop
      vertex -60 -105 0
      vertex -66.7063 -97.1274 0
      vertex -66.7 -97 0
    endloop
  endfacet
  facet normal 0 0 -1
    outer loop
      vertex -60 -105 0
      vertex -66.725 -97.2536 0
      vertex -66.7063 -97.1274 0
    endloop
  endfacet
  facet normal 0 0 -1
    outer loop
      vertex -60 -105 0
      vertex -66.756 -97.3774 0
      vertex -66.725 -97.2536 0
    endloop
  endfacet
  facet normal 0 0 -1
    outer loop
      vertex -60 -105 0
      vertex -66.799 -97.4975 0
      vertex -66.756 -97.3774 0
    endloop
  endfacet
  facet normal 0 0 -1
    outer loop
      vertex -60 -105 0
      vertex -66.8535 -97.6128 0
      vertex -66.799 -97.4975 0
    endloop
  endfacet
  facet normal 0 0 -1
    outer loop
      vertex -60 -105 0
      vertex -66.9191 -97.7222 0
      vertex -66.8535 -97.6128 0
    endloop
  endfacet
  facet normal 0 0 -1
    outer loop
      vertex -60 -105 0
      vertex -66.9951 -97.8247 0
      vertex -66.9191 -97.7222 0
    endloop
  endfacet
  facet normal 0 0 -1
    outer loop
      vertex -60 -105 0
      vertex -67.0808 -97.9192 0
      vertex -66.9951 -97.8247 0
    endloop
  endfacet
  facet normal 0 0 -1
    outer loop
      vertex -60 -105 0
      vertex -67.1753 -98.0049 0
      vertex -67.0808 -97.9192 0
    endloop
  endfacet
  facet normal 0 0 -1
    outer loop
      vertex -60 -105 0
      vertex -67.2778 -98.0809 0
      vertex -67.1753 -98.0049 0
    endloop
  endfacet
  facet normal 0 0 -1
    outer loop
      vertex -60 -105 0
      vertex -67.3872 -98.1465 0
      vertex -67.2778 -98.0809 0
    endloop
  endfacet
  facet normal 0 0 -1
    outer loop
      vertex -60 -105 0
      vertex -67.5025 -98.201 0
      vertex -67.3872 -98.1465 0
    endloop
  endfacet
  facet normal 0 0 -1
    outer loop
      vertex -60 -105 0
      vertex -67.6226 -98.244 0
      vertex -67.5025 -98.201 0
    endloop
  endfacet
  facet normal 0 0 -1
    outer loop
      vertex -60 -105 0
      vertex -67.7464 -98.275 0
      vertex -67.6226 -98.244 0
    endloop
  endfacet
  facet normal 0 0 -1
    outer loop
      vertex -60 -105 0
      vertex -67.8726 -98.2937 0
      vertex -67.7464 -98.275 0
    endloop
  endfacet
  facet normal 0 0 -1
    outer loop
      vertex -60 -105 0
      vertex -68 -98.3 0
      vertex -67.8726 -98.2937 0
    endloop
  endfacet
  facet normal 0 0 -1
    outer loop
      vertex -60 -105 0
      vertex -68.1274 -98.2937 0
      vertex -68 -98.3 0
    endloop
  endfacet
  facet normal 0 0 -1
    outer loop
      vertex -60 -105 0
      vertex -68.2536 -98.275 0
      vertex -68.1274 -98.2937 0
    endloop
  endfacet
  facet normal 0 0 -1
    outer loop
      vertex -60 -105 0
      vertex -68.3774 -98.244 0
      vertex -68.2536 -98.275 0
    endloop
  endfacet
  facet normal 0 0 -1
    outer loop
      vertex -60 -105 0
      vertex -68.4975 -98.201 0
      vertex -68.3774 -98.244 0
    endloop
  endfacet
  facet normal 0 0 -1
    outer loop
      vertex -60 -105 0
      vertex -68.6128 -98.1465 0
      vertex -68.4975 -98.201 0
    endloop
  endfacet
  facet normal 0 0 -1
    outer loop
      vertex -91.3872 -98.1465 0
      vertex -68.6128 -98.1465 0
      vertex -60 -105 0
    endloop
  endfacet
  facet normal 0 0 -1
    outer loop
      vertex -68.6128 -98.1465 0
      vertex -91.3872 -98.1465 0
      vertex -68.7222 -98.0809 0
    endloop
  endfacet
  facet normal 0 0 -1
    outer loop
      vertex -90.8535 -96.3872 0
      vertex -69.1465 -96.3872 0
      vertex -90.799 -96.5025 0
    endloop
  endfacet
  facet normal 0 0 -1
    outer loop
      vertex -69.2937 -97.1274 0
      vertex -90.7 -97 0
      vertex -69.3 -97 0
    endloop
  endfacet
  facet normal 0 0 -1
    outer loop
      vertex -90.7063 -97.1274 0
      vertex -69.2937 -97.1274 0
      vertex -69.275 -97.2536 0
    endloop
  endfacet
  facet normal 0 0 -1
    outer loop
      vertex -90.725 -97.2536 0
      vertex -69.275 -97.2536 0
      vertex -69.244 -97.3774 0
    endloop
  endfacet
  facet normal 0 0 -1
    outer loop
      vertex -90.756 -97.3774 0
      vertex -69.244 -97.3774 0
      vertex -69.201 -97.4975 0
    endloop
  endfacet
  facet normal 0 0 -1
    outer loop
      vertex -90.799 -97.4975 0
      vertex -69.201 -97.4975 0
      vertex -69.1465 -97.6128 0
    endloop
  endfacet
  facet normal 0 0 -1
    outer loop
      vertex -90.8535 -97.6128 0
      vertex -69.1465 -97.6128 0
      vertex -69.0809 -97.7222 0
    endloop
  endfacet
  facet normal 0 0 -1
    outer loop
      vertex -90.9191 -97.7222 0
      vertex -69.0809 -97.7222 0
      vertex -69.0049 -97.8247 0
    endloop
  endfacet
  facet normal 0 0 -1
    outer loop
      vertex -90.9951 -97.8247 0
      vertex -69.0049 -97.8247 0
      vertex -68.9192 -97.9192 0
    endloop
  endfacet
  facet normal 0 0 -1
    outer loop
      vertex -91.0808 -97.9192 0
      vertex -68.9192 -97.9192 0
      vertex -68.8247 -98.0049 0
    endloop
  endfacet
  facet normal 0 -0 -1
    outer loop
      vertex -91.2778 -98.0809 0
      vertex -68.7222 -98.0809 0
      vertex -91.3872 -98.1465 0
    endloop
  endfacet
  facet normal 0 0 -1
    outer loop
      vertex -69.2937 -97.1274 0
      vertex -90.7063 -97.1274 0
      vertex -90.7 -97 0
    endloop
  endfacet
  facet normal 0 0 -1
    outer loop
      vertex -69.275 -97.2536 0
      vertex -90.725 -97.2536 0
      vertex -90.7063 -97.1274 0
    endloop
  endfacet
  facet normal 0 0 -1
    outer loop
      vertex -69.244 -97.3774 0
      vertex -90.756 -97.3774 0
      vertex -90.725 -97.2536 0
    endloop
  endfacet
  facet normal 0 0 -1
    outer loop
      vertex -69.201 -97.4975 0
      vertex -90.799 -97.4975 0
      vertex -90.756 -97.3774 0
    endloop
  endfacet
  facet normal 0 0 -1
    outer loop
      vertex -69.1465 -97.6128 0
      vertex -90.8535 -97.6128 0
      vertex -90.799 -97.4975 0
    endloop
  endfacet
  facet normal 0 0 -1
    outer loop
      vertex -69.0809 -97.7222 0
      vertex -90.9191 -97.7222 0
      vertex -90.8535 -97.6128 0
    endloop
  endfacet
  facet normal 0 0 -1
    outer loop
      vertex -69.0049 -97.8247 0
      vertex -90.9951 -97.8247 0
      vertex -90.9191 -97.7222 0
    endloop
  endfacet
  facet normal 0 0 -1
    outer loop
      vertex -68.9192 -97.9192 0
      vertex -91.0808 -97.9192 0
      vertex -90.9951 -97.8247 0
    endloop
  endfacet
  facet normal 0 0 -1
    outer loop
      vertex -68.8247 -98.0049 0
      vertex -91.1753 -98.0049 0
      vertex -91.0808 -97.9192 0
    endloop
  endfacet
  facet normal -0 0 -1
    outer loop
      vertex -68.8247 -98.0049 0
      vertex -91.2778 -98.0809 0
      vertex -91.1753 -98.0049 0
    endloop
  endfacet
  facet normal 0 0 -1
    outer loop
      vertex -68.7222 -98.0809 0
      vertex -91.2778 -98.0809 0
      vertex -68.8247 -98.0049 0
    endloop
  endfacet
  facet normal 0 0 -1
    outer loop
      vertex -100 -105 0
      vertex -91.3872 -98.1465 0
      vertex -60 -105 0
    endloop
  endfacet
  facet normal 0 0 -1
    outer loop
      vertex -91.3872 -98.1465 0
      vertex -100 -105 0
      vertex -91.5025 -98.201 0
    endloop
  endfacet
  facet normal 0 0 -1
    outer loop
      vertex -91.5025 -98.201 0
      vertex -100 -105 0
      vertex -91.6226 -98.244 0
    endloop
  endfacet
  facet normal 0 0 -1
    outer loop
      vertex -91.6226 -98.244 0
      vertex -100 -105 0
      vertex -91.7464 -98.275 0
    endloop
  endfacet
  facet normal 0 0 -1
    outer loop
      vertex -91.7464 -98.275 0
      vertex -100 -105 0
      vertex -91.8726 -98.2937 0
    endloop
  endfacet
  facet normal 0 0 -1
    outer loop
      vertex -91.8726 -98.2937 0
      vertex -100 -105 0
      vertex -92 -98.3 0
    endloop
  endfacet
  facet normal -0 0 -1
    outer loop
      vertex -92 -98.3 0
      vertex -100 -105 0
      vertex -92.1274 -98.2937 0
    endloop
  endfacet
  facet normal -0 0 -1
    outer loop
      vertex -93.2937 -64.1274 0
      vertex -100 -105 0
      vertex -93.3 -64 0
    endloop
  endfacet
  facet normal 0 0 -1
    outer loop
      vertex -100 105 0
      vertex -93.2937 63.8726 0
      vertex -100 -105 0
    endloop
  endfacet
  facet normal 0 0 -1
    outer loop
      vertex -93.2937 63.8726 0
      vertex -100 105 0
      vertex -93.3 64 0
    endloop
  endfacet
  facet normal -0 0 -1
    outer loop
      vertex -93.2937 -97.1274 0
      vertex -100 -105 0
      vertex -93.3 -97 0
    endloop
  endfacet
  facet normal -0 0 -1
    outer loop
      vertex -93.275 -97.2536 0
      vertex -100 -105 0
      vertex -93.2937 -97.1274 0
    endloop
  endfacet
  facet normal -0 0 -1
    outer loop
      vertex -93.244 -97.3774 0
      vertex -100 -105 0
      vertex -93.275 -97.2536 0
    endloop
  endfacet
  facet normal -0 0 -1
    outer loop
      vertex -93.201 -97.4975 0
      vertex -100 -105 0
      vertex -93.244 -97.3774 0
    endloop
  endfacet
  facet normal -0 0 -1
    outer loop
      vertex -93.1465 -97.6128 0
      vertex -100 -105 0
      vertex -93.201 -97.4975 0
    endloop
  endfacet
  facet normal -0 0 -1
    outer loop
      vertex -93.0809 -97.7222 0
      vertex -100 -105 0
      vertex -93.1465 -97.6128 0
    endloop
  endfacet
  facet normal -0 0 -1
    outer loop
      vertex -93.0049 -97.8247 0
      vertex -100 -105 0
      vertex -93.0809 -97.7222 0
    endloop
  endfacet
  facet normal -0 0 -1
    outer loop
      vertex -92.9192 -97.9192 0
      vertex -100 -105 0
      vertex -93.0049 -97.8247 0
    endloop
  endfacet
  facet normal -0 0 -1
    outer loop
      vertex -92.8247 -98.0049 0
      vertex -100 -105 0
      vertex -92.9192 -97.9192 0
    endloop
  endfacet
  facet normal -0 0 -1
    outer loop
      vertex -92.7222 -98.0809 0
      vertex -100 -105 0
      vertex -92.8247 -98.0049 0
    endloop
  endfacet
  facet normal -0 0 -1
    outer loop
      vertex -92.6128 -98.1465 0
      vertex -100 -105 0
      vertex -92.7222 -98.0809 0
    endloop
  endfacet
  facet normal -0 0 -1
    outer loop
      vertex -92.4975 -98.201 0
      vertex -100 -105 0
      vertex -92.6128 -98.1465 0
    endloop
  endfacet
  facet normal -0 0 -1
    outer loop
      vertex -92.3774 -98.244 0
      vertex -100 -105 0
      vertex -92.4975 -98.201 0
    endloop
  endfacet
  facet normal -0 0 -1
    outer loop
      vertex -92.2536 -98.275 0
      vertex -100 -105 0
      vertex -92.3774 -98.244 0
    endloop
  endfacet
  facet normal -0 0 -1
    outer loop
      vertex -92.1274 -98.2937 0
      vertex -100 -105 0
      vertex -92.2536 -98.275 0
    endloop
  endfacet
  facet normal 0 0 -1
    outer loop
      vertex -60.7 64 0
      vertex -60 105 0
      vertex -60.7 -64 0
    endloop
  endfacet
  facet normal 0 0 -1
    outer loop
      vertex -60.7063 64.1274 0
      vertex -60 105 0
      vertex -60.7 64 0
    endloop
  endfacet
  facet normal 0 0 -1
    outer loop
      vertex -60.725 64.2536 0
      vertex -60 105 0
      vertex -60.7063 64.1274 0
    endloop
  endfacet
  facet normal 0 0 -1
    outer loop
      vertex -60.756 64.3774 0
      vertex -60 105 0
      vertex -60.725 64.2536 0
    endloop
  endfacet
  facet normal 0 0 -1
    outer loop
      vertex -60.799 64.4975 0
      vertex -60 105 0
      vertex -60.756 64.3774 0
    endloop
  endfacet
  facet normal 0 0 -1
    outer loop
      vertex -60.8535 64.6128 0
      vertex -60 105 0
      vertex -60.799 64.4975 0
    endloop
  endfacet
  facet normal 0 0 -1
    outer loop
      vertex -60.9191 64.7222 0
      vertex -60 105 0
      vertex -60.8535 64.6128 0
    endloop
  endfacet
  facet normal 0 0 -1
    outer loop
      vertex -60.9951 64.8247 0
      vertex -60 105 0
      vertex -60.9191 64.7222 0
    endloop
  endfacet
  facet normal 0 0 -1
    outer loop
      vertex -61.0808 64.9192 0
      vertex -60 105 0
      vertex -60.9951 64.8247 0
    endloop
  endfacet
  facet normal 0 0 -1
    outer loop
      vertex -61.1753 65.0049 0
      vertex -60 105 0
      vertex -61.0808 64.9192 0
    endloop
  endfacet
  facet normal 0 0 -1
    outer loop
      vertex -66.7 97 0
      vertex -61.1753 65.0049 0
      vertex -61.2778 65.0809 0
    endloop
  endfacet
  facet normal 0 0 -1
    outer loop
      vertex -66.7 97 0
      vertex -61.2778 65.0809 0
      vertex -61.3872 65.1465 0
    endloop
  endfacet
  facet normal 0 0 -1
    outer loop
      vertex -66.7 97 0
      vertex -61.3872 65.1465 0
      vertex -61.5025 65.201 0
    endloop
  endfacet
  facet normal 0 0 -1
    outer loop
      vertex -66.7 97 0
      vertex -61.5025 65.201 0
      vertex -61.6226 65.244 0
    endloop
  endfacet
  facet normal 0 0 -1
    outer loop
      vertex -66.7 97 0
      vertex -61.6226 65.244 0
      vertex -61.7464 65.275 0
    endloop
  endfacet
  facet normal 0 0 -1
    outer loop
      vertex -66.7 97 0
      vertex -61.7464 65.275 0
      vertex -61.8726 65.2937 0
    endloop
  endfacet
  facet normal 0 0 -1
    outer loop
      vertex -66.7 97 0
      vertex -61.8726 65.2937 0
      vertex -62 65.3 0
    endloop
  endfacet
  facet normal 0 0 -1
    outer loop
      vertex -66.7 97 0
      vertex -62 65.3 0
      vertex -62.1274 65.2937 0
    endloop
  endfacet
  facet normal 0 0 -1
    outer loop
      vertex -66.7 97 0
      vertex -62.1274 65.2937 0
      vertex -62.2536 65.275 0
    endloop
  endfacet
  facet normal 0 0 -1
    outer loop
      vertex -66.7 97 0
      vertex -62.2536 65.275 0
      vertex -62.3774 65.244 0
    endloop
  endfacet
  facet normal 0 0 -1
    outer loop
      vertex -66.7 97 0
      vertex -62.3774 65.244 0
      vertex -62.4975 65.201 0
    endloop
  endfacet
  facet normal 0 0 -1
    outer loop
      vertex -66.7 97 0
      vertex -62.4975 65.201 0
      vertex -62.6128 65.1465 0
    endloop
  endfacet
  facet normal 0 0 -1
    outer loop
      vertex -66.7 97 0
      vertex -62.6128 65.1465 0
      vertex -62.7222 65.0809 0
    endloop
  endfacet
  facet normal 0 0 -1
    outer loop
      vertex -66.7 97 0
      vertex -62.7222 65.0809 0
      vertex -62.8247 65.0049 0
    endloop
  endfacet
  facet normal 0 0 -1
    outer loop
      vertex -66.7 97 0
      vertex -62.8247 65.0049 0
      vertex -62.9192 64.9192 0
    endloop
  endfacet
  facet normal 0 0 -1
    outer loop
      vertex -66.7 97 0
      vertex -62.9192 64.9192 0
      vertex -63.0049 64.8247 0
    endloop
  endfacet
  facet normal 0 0 -1
    outer loop
      vertex -66.7 97 0
      vertex -63.0049 64.8247 0
      vertex -63.0809 64.7222 0
    endloop
  endfacet
  facet normal 0 0 -1
    outer loop
      vertex -66.7 97 0
      vertex -63.0809 64.7222 0
      vertex -63.1465 64.6128 0
    endloop
  endfacet
  facet normal 0 0 -1
    outer loop
      vertex -66.7 97 0
      vertex -63.1465 64.6128 0
      vertex -63.201 64.4975 0
    endloop
  endfacet
  facet normal 0 0 -1
    outer loop
      vertex -66.7 97 0
      vertex -63.201 64.4975 0
      vertex -63.244 64.3774 0
    endloop
  endfacet
  facet normal 0 0 -1
    outer loop
      vertex -66.7 97 0
      vertex -63.244 64.3774 0
      vertex -63.275 64.2536 0
    endloop
  endfacet
  facet normal 0 0 -1
    outer loop
      vertex -66.7 97 0
      vertex -63.275 64.2536 0
      vertex -63.2937 64.1274 0
    endloop
  endfacet
  facet normal 0 0 -1
    outer loop
      vertex -63.2937 63.8726 0
      vertex -66.7 97 0
      vertex -63.3 64 0
    endloop
  endfacet
  facet normal 0 0 -1
    outer loop
      vertex -66.7 97 0
      vertex -63.2937 64.1274 0
      vertex -63.3 64 0
    endloop
  endfacet
  facet normal 0 0 -1
    outer loop
      vertex -61.1753 65.0049 0
      vertex -66.7 97 0
      vertex -60 105 0
    endloop
  endfacet
  facet normal 0 0 -1
    outer loop
      vertex -66.7063 97.1274 0
      vertex -60 105 0
      vertex -66.7 97 0
    endloop
  endfacet
  facet normal 0 0 -1
    outer loop
      vertex -66.725 97.2536 0
      vertex -60 105 0
      vertex -66.7063 97.1274 0
    endloop
  endfacet
  facet normal 0 0 -1
    outer loop
      vertex -66.756 97.3774 0
      vertex -60 105 0
      vertex -66.725 97.2536 0
    endloop
  endfacet
  facet normal 0 0 -1
    outer loop
      vertex -66.799 97.4975 0
      vertex -60 105 0
      vertex -66.756 97.3774 0
    endloop
  endfacet
  facet normal 0 0 -1
    outer loop
      vertex -66.8535 97.6128 0
      vertex -60 105 0
      vertex -66.799 97.4975 0
    endloop
  endfacet
  facet normal 0 0 -1
    outer loop
      vertex -66.9191 97.7222 0
      vertex -60 105 0
      vertex -66.8535 97.6128 0
    endloop
  endfacet
  facet normal 0 0 -1
    outer loop
      vertex -66.9951 97.8247 0
      vertex -60 105 0
      vertex -66.9191 97.7222 0
    endloop
  endfacet
  facet normal 0 0 -1
    outer loop
      vertex -67.0808 97.9192 0
      vertex -60 105 0
      vertex -66.9951 97.8247 0
    endloop
  endfacet
  facet normal 0 0 -1
    outer loop
      vertex -67.1753 98.0049 0
      vertex -60 105 0
      vertex -67.0808 97.9192 0
    endloop
  endfacet
  facet normal 0 0 -1
    outer loop
      vertex -67.2778 98.0809 0
      vertex -60 105 0
      vertex -67.1753 98.0049 0
    endloop
  endfacet
  facet normal 0 0 -1
    outer loop
      vertex -67.3872 98.1465 0
      vertex -60 105 0
      vertex -67.2778 98.0809 0
    endloop
  endfacet
  facet normal 0 0 -1
    outer loop
      vertex -67.5025 98.201 0
      vertex -60 105 0
      vertex -67.3872 98.1465 0
    endloop
  endfacet
  facet normal 0 0 -1
    outer loop
      vertex -67.6226 98.244 0
      vertex -60 105 0
      vertex -67.5025 98.201 0
    endloop
  endfacet
  facet normal 0 0 -1
    outer loop
      vertex -67.7464 98.275 0
      vertex -60 105 0
      vertex -67.6226 98.244 0
    endloop
  endfacet
  facet normal 0 0 -1
    outer loop
      vertex -67.8726 98.2937 0
      vertex -60 105 0
      vertex -67.7464 98.275 0
    endloop
  endfacet
  facet normal 0 0 -1
    outer loop
      vertex -68 98.3 0
      vertex -60 105 0
      vertex -67.8726 98.2937 0
    endloop
  endfacet
  facet normal 0 0 -1
    outer loop
      vertex -68.1274 98.2937 0
      vertex -60 105 0
      vertex -68 98.3 0
    endloop
  endfacet
  facet normal 0 0 -1
    outer loop
      vertex -68.2536 98.275 0
      vertex -60 105 0
      vertex -68.1274 98.2937 0
    endloop
  endfacet
  facet normal 0 0 -1
    outer loop
      vertex -68.3774 98.244 0
      vertex -60 105 0
      vertex -68.2536 98.275 0
    endloop
  endfacet
  facet normal 0 0 -1
    outer loop
      vertex -68.4975 98.201 0
      vertex -60 105 0
      vertex -68.3774 98.244 0
    endloop
  endfacet
  facet normal 0 0 -1
    outer loop
      vertex -68.6128 98.1465 0
      vertex -60 105 0
      vertex -68.4975 98.201 0
    endloop
  endfacet
  facet normal 0 0 -1
    outer loop
      vertex -91.3872 98.1465 0
      vertex -68.6128 98.1465 0
      vertex -68.7222 98.0809 0
    endloop
  endfacet
  facet normal 0 0 -1
    outer loop
      vertex -91.2778 98.0809 0
      vertex -68.7222 98.0809 0
      vertex -68.8247 98.0049 0
    endloop
  endfacet
  facet normal 0 0 -1
    outer loop
      vertex -69.244 96.6226 0
      vertex -90.7 97 0
      vertex -69.275 96.7464 0
    endloop
  endfacet
  facet normal 0 0 -1
    outer loop
      vertex -69.275 96.7464 0
      vertex -90.7 97 0
      vertex -69.2937 96.8726 0
    endloop
  endfacet
  facet normal 0 0 -1
    outer loop
      vertex -69.2937 96.8726 0
      vertex -90.7 97 0
      vertex -69.3 97 0
    endloop
  endfacet
  facet normal 0 0 -1
    outer loop
      vertex -69.3 97 0
      vertex -90.7 97 0
      vertex -69.2937 97.1274 0
    endloop
  endfacet
  facet normal 0 0 -1
    outer loop
      vertex -90.7063 97.1274 0
      vertex -69.2937 97.1274 0
      vertex -90.7 97 0
    endloop
  endfacet
  facet normal 0 0 -1
    outer loop
      vertex -69.2937 97.1274 0
      vertex -90.7063 97.1274 0
      vertex -69.275 97.2536 0
    endloop
  endfacet
  facet normal 0 0 -1
    outer loop
      vertex -90.725 97.2536 0
      vertex -69.275 97.2536 0
      vertex -90.7063 97.1274 0
    endloop
  endfacet
  facet normal 0 0 -1
    outer loop
      vertex -69.275 97.2536 0
      vertex -90.725 97.2536 0
      vertex -69.244 97.3774 0
    endloop
  endfacet
  facet normal 0 0 -1
    outer loop
      vertex -90.756 97.3774 0
      vertex -69.244 97.3774 0
      vertex -90.725 97.2536 0
    endloop
  endfacet
  facet normal 0 0 -1
    outer loop
      vertex -69.244 97.3774 0
      vertex -90.756 97.3774 0
      vertex -69.201 97.4975 0
    endloop
  endfacet
  facet normal 0 0 -1
    outer loop
      vertex -90.799 97.4975 0
      vertex -69.201 97.4975 0
      vertex -90.756 97.3774 0
    endloop
  endfacet
  facet normal 0 0 -1
    outer loop
      vertex -69.201 97.4975 0
      vertex -90.799 97.4975 0
      vertex -69.1465 97.6128 0
    endloop
  endfacet
  facet normal 0 0 -1
    outer loop
      vertex -90.8535 97.6128 0
      vertex -69.1465 97.6128 0
      vertex -90.799 97.4975 0
    endloop
  endfacet
  facet normal 0 0 -1
    outer loop
      vertex -69.1465 97.6128 0
      vertex -90.8535 97.6128 0
      vertex -69.0809 97.7222 0
    endloop
  endfacet
  facet normal 0 0 -1
    outer loop
      vertex -90.9191 97.7222 0
      vertex -69.0809 97.7222 0
      vertex -90.8535 97.6128 0
    endloop
  endfacet
  facet normal 0 0 -1
    outer loop
      vertex -69.0809 97.7222 0
      vertex -90.9191 97.7222 0
      vertex -69.0049 97.8247 0
    endloop
  endfacet
  facet normal 0 0 -1
    outer loop
      vertex -90.9951 97.8247 0
      vertex -69.0049 97.8247 0
      vertex -90.9191 97.7222 0
    endloop
  endfacet
  facet normal 0 0 -1
    outer loop
      vertex -69.0049 97.8247 0
      vertex -90.9951 97.8247 0
      vertex -68.9192 97.9192 0
    endloop
  endfacet
  facet normal 0 0 -1
    outer loop
      vertex -91.0808 97.9192 0
      vertex -68.9192 97.9192 0
      vertex -90.9951 97.8247 0
    endloop
  endfacet
  facet normal 0 0 -1
    outer loop
      vertex -68.9192 97.9192 0
      vertex -91.0808 97.9192 0
      vertex -68.8247 98.0049 0
    endloop
  endfacet
  facet normal 0 0 -1
    outer loop
      vertex -91.1753 98.0049 0
      vertex -68.8247 98.0049 0
      vertex -91.0808 97.9192 0
    endloop
  endfacet
  facet normal 0 0 -1
    outer loop
      vertex -91.2778 98.0809 0
      vertex -68.8247 98.0049 0
      vertex -91.1753 98.0049 0
    endloop
  endfacet
  facet normal 0 0 -1
    outer loop
      vertex -68.7222 98.0809 0
      vertex -91.2778 98.0809 0
      vertex -91.3872 98.1465 0
    endloop
  endfacet
  facet normal 0 0 -1
    outer loop
      vertex -68.6128 98.1465 0
      vertex -91.3872 98.1465 0
      vertex -60 105 0
    endloop
  endfacet
  facet normal 0 0 -1
    outer loop
      vertex -100 105 0
      vertex -91.3872 98.1465 0
      vertex -91.5025 98.201 0
    endloop
  endfacet
  facet normal 0 0 -1
    outer loop
      vertex -100 105 0
      vertex -91.5025 98.201 0
      vertex -91.6226 98.244 0
    endloop
  endfacet
  facet normal 0 0 -1
    outer loop
      vertex -100 105 0
      vertex -91.6226 98.244 0
      vertex -91.7464 98.275 0
    endloop
  endfacet
  facet normal 0 0 -1
    outer loop
      vertex -100 105 0
      vertex -91.7464 98.275 0
      vertex -91.8726 98.2937 0
    endloop
  endfacet
  facet normal 0 0 -1
    outer loop
      vertex -100 105 0
      vertex -91.8726 98.2937 0
      vertex -92 98.3 0
    endloop
  endfacet
  facet normal 0 0 -1
    outer loop
      vertex -100 105 0
      vertex -92 98.3 0
      vertex -92.1274 98.2937 0
    endloop
  endfacet
  facet normal 0 0 -1
    outer loop
      vertex -100 105 0
      vertex -92.1274 98.2937 0
      vertex -92.2536 98.275 0
    endloop
  endfacet
  facet normal 0 0 -1
    outer loop
      vertex -91.3872 98.1465 0
      vertex -100 105 0
      vertex -60 105 0
    endloop
  endfacet
  facet normal 0 0 -1
    outer loop
      vertex -92.3774 98.244 0
      vertex -100 105 0
      vertex -92.2536 98.275 0
    endloop
  endfacet
  facet normal 0 0 -1
    outer loop
      vertex -92.4975 98.201 0
      vertex -100 105 0
      vertex -92.3774 98.244 0
    endloop
  endfacet
  facet normal 0 0 -1
    outer loop
      vertex -92.6128 98.1465 0
      vertex -100 105 0
      vertex -92.4975 98.201 0
    endloop
  endfacet
  facet normal 0 0 -1
    outer loop
      vertex -92.7222 98.0809 0
      vertex -100 105 0
      vertex -92.6128 98.1465 0
    endloop
  endfacet
  facet normal 0 0 -1
    outer loop
      vertex -92.8247 98.0049 0
      vertex -100 105 0
      vertex -92.7222 98.0809 0
    endloop
  endfacet
  facet normal 0 0 -1
    outer loop
      vertex -92.9192 97.9192 0
      vertex -100 105 0
      vertex -92.8247 98.0049 0
    endloop
  endfacet
  facet normal 0 0 -1
    outer loop
      vertex -93.0049 97.8247 0
      vertex -100 105 0
      vertex -92.9192 97.9192 0
    endloop
  endfacet
  facet normal 0 0 -1
    outer loop
      vertex -93.0809 97.7222 0
      vertex -100 105 0
      vertex -93.0049 97.8247 0
    endloop
  endfacet
  facet normal 0 0 -1
    outer loop
      vertex -93.1465 97.6128 0
      vertex -100 105 0
      vertex -93.0809 97.7222 0
    endloop
  endfacet
  facet normal 0 0 -1
    outer loop
      vertex -93.201 97.4975 0
      vertex -100 105 0
      vertex -93.1465 97.6128 0
    endloop
  endfacet
  facet normal 0 0 -1
    outer loop
      vertex -93.244 97.3774 0
      vertex -100 105 0
      vertex -93.201 97.4975 0
    endloop
  endfacet
  facet normal 0 0 -1
    outer loop
      vertex -93.275 97.2536 0
      vertex -100 105 0
      vertex -93.244 97.3774 0
    endloop
  endfacet
  facet normal 0 0 -1
    outer loop
      vertex -93.2937 97.1274 0
      vertex -100 105 0
      vertex -93.275 97.2536 0
    endloop
  endfacet
  facet normal 0 0 -1
    outer loop
      vertex -93.3 97 0
      vertex -100 105 0
      vertex -93.2937 97.1274 0
    endloop
  endfacet
  facet normal 0 0 -1
    outer loop
      vertex -93.2937 96.8726 0
      vertex -100 105 0
      vertex -93.3 97 0
    endloop
  endfacet
  facet normal 0 0 1
    outer loop
      vertex -60 105 45
      vertex -63 102 45
      vertex -60 -105 45
    endloop
  endfacet
  facet normal 0 0 1
    outer loop
      vertex -60 105 45
      vertex -97 102 45
      vertex -63 102 45
    endloop
  endfacet
  facet normal 0 0 1
    outer loop
      vertex -97 102 45
      vertex -100 105 45
      vertex -97 -102 45
    endloop
  endfacet
  facet normal -0 0 1
    outer loop
      vertex -100 105 45
      vertex -97 102 45
      vertex -60 105 45
    endloop
  endfacet
  facet normal -0 0 1
    outer loop
      vertex -63 -102 45
      vertex -60 -105 45
      vertex -63 102 45
    endloop
  endfacet
  facet normal -0 0 1
    outer loop
      vertex -97 -102 45
      vertex -60 -105 45
      vertex -63 -102 45
    endloop
  endfacet
  facet normal 0 0 1
    outer loop
      vertex -97 -102 45
      vertex -100 -105 45
      vertex -60 -105 45
    endloop
  endfacet
  facet normal 0 0 1
    outer loop
      vertex -100 -105 45
      vertex -97 -102 45
      vertex -100 105 45
    endloop
  endfacet
  facet normal -1 0 0
    outer loop
      vertex -100 -105 0
      vertex -100 105 45
      vertex -100 105 0
    endloop
  endfacet
  facet normal -1 -0 0
    outer loop
      vertex -100 105 45
      vertex -100 -105 0
      vertex -100 -105 45
    endloop
  endfacet
  facet normal 0 -1 0
    outer loop
      vertex -100 -105 0
      vertex -60 -105 45
      vertex -100 -105 45
    endloop
  endfacet
  facet normal 0 -1 -0
    outer loop
      vertex -60 -105 45
      vertex -100 -105 0
      vertex -60 -105 0
    endloop
  endfacet
  facet normal 0 1 -0
    outer loop
      vertex -60 105 0
      vertex -100 105 45
      vertex -60 105 45
    endloop
  endfacet
  facet normal 0 1 0
    outer loop
      vertex -100 105 45
      vertex -60 105 0
      vertex -100 105 0
    endloop
  endfacet
  facet normal -1 0 0
    outer loop
      vertex -63 -64.8301 3
      vertex -63 -102 3
      vertex -63 -64.8301 10
    endloop
  endfacet
  facet normal -1 0 0
    outer loop
      vertex -63 63.1699 3
      vertex -63 -63.1699 3
      vertex -63 63.1699 10
    endloop
  endfacet
  facet normal -1 0 0
    outer loop
      vertex -63 64.8301 10
      vertex -63 102 3
      vertex -63 64.8301 3
    endloop
  endfacet
  facet normal -1 0 0
    outer loop
      vertex -63 102 3
      vertex -63 64.8301 10
      vertex -63 102 45
    endloop
  endfacet
  facet normal -1 0 0
    outer loop
      vertex -63 63.1699 10
      vertex -63 102 45
      vertex -63 64.8301 10
    endloop
  endfacet
  facet normal -1 0 0
    outer loop
      vertex -63 -63.1699 10
      vertex -63 63.1699 10
      vertex -63 -63.1699 3
    endloop
  endfacet
  facet normal -1 0 0
    outer loop
      vertex -63 63.1699 10
      vertex -63 -63.1699 10
      vertex -63 102 45
    endloop
  endfacet
  facet normal -1 0 0
    outer loop
      vertex -63 -102 45
      vertex -63 -63.1699 10
      vertex -63 -64.8301 10
    endloop
  endfacet
  facet normal -1 0 0
    outer loop
      vertex -63 -102 45
      vertex -63 -64.8301 10
      vertex -63 -102 3
    endloop
  endfacet
  facet normal -1 0 0
    outer loop
      vertex -63 -63.1699 10
      vertex -63 -102 45
      vertex -63 102 45
    endloop
  endfacet
  facet normal 0 0 1
    outer loop
      vertex -90.9191 -64.7222 3
      vertex -63.2937 -63.8726 3
      vertex -90.8535 -64.6128 3
    endloop
  endfacet
  facet normal 0 0 1
    outer loop
      vertex -68.8247 -95.9951 3
      vertex -90.7063 -96.8726 3
      vertex -90.7 -97 3
    endloop
  endfacet
  facet normal 0 0 1
    outer loop
      vertex -90.9951 -64.8247 3
      vertex -63.2937 -63.8726 3
      vertex -90.9191 -64.7222 3
    endloop
  endfacet
  facet normal 0 0 1
    outer loop
      vertex -68.8247 -95.9951 3
      vertex -90.725 -96.7464 3
      vertex -90.7063 -96.8726 3
    endloop
  endfacet
  facet normal 0 0 1
    outer loop
      vertex -63.2937 -63.8726 3
      vertex -90.9951 -64.8247 3
      vertex -68.4975 -95.799 3
    endloop
  endfacet
  facet normal 0 0 1
    outer loop
      vertex -68.8247 -95.9951 3
      vertex -90.756 -96.6226 3
      vertex -90.725 -96.7464 3
    endloop
  endfacet
  facet normal -0 0 1
    outer loop
      vertex -91.0808 -64.9192 3
      vertex -68.4975 -95.799 3
      vertex -90.9951 -64.8247 3
    endloop
  endfacet
  facet normal 0 0 1
    outer loop
      vertex -68.8247 -95.9951 3
      vertex -90.799 -96.5025 3
      vertex -90.756 -96.6226 3
    endloop
  endfacet
  facet normal 0 0 1
    outer loop
      vertex -68.4975 -95.799 3
      vertex -91.0808 -64.9192 3
      vertex -68.6128 -95.8535 3
    endloop
  endfacet
  facet normal 0 0 1
    outer loop
      vertex -68.8247 -95.9951 3
      vertex -90.8535 -96.3872 3
      vertex -90.799 -96.5025 3
    endloop
  endfacet
  facet normal -0 0 1
    outer loop
      vertex -91.1753 -65.0049 3
      vertex -68.6128 -95.8535 3
      vertex -91.0808 -64.9192 3
    endloop
  endfacet
  facet normal 0 0 1
    outer loop
      vertex -68.8247 -95.9951 3
      vertex -90.9191 -96.2778 3
      vertex -90.8535 -96.3872 3
    endloop
  endfacet
  facet normal 0 0 1
    outer loop
      vertex -68.6128 -95.8535 3
      vertex -91.1753 -65.0049 3
      vertex -68.7222 -95.9191 3
    endloop
  endfacet
  facet normal 0 0 1
    outer loop
      vertex -68.8247 -95.9951 3
      vertex -90.9951 -96.1753 3
      vertex -90.9191 -96.2778 3
    endloop
  endfacet
  facet normal -0 0 1
    outer loop
      vertex -91.2778 -65.0809 3
      vertex -68.7222 -95.9191 3
      vertex -91.1753 -65.0049 3
    endloop
  endfacet
  facet normal 0 0 1
    outer loop
      vertex -68.8247 -95.9951 3
      vertex -91.0808 -96.0808 3
      vertex -90.9951 -96.1753 3
    endloop
  endfacet
  facet normal 0 0 1
    outer loop
      vertex -68.7222 -95.9191 3
      vertex -91.1753 -95.9951 3
      vertex -68.8247 -95.9951 3
    endloop
  endfacet
  facet normal 0 0 1
    outer loop
      vertex -68.8247 -95.9951 3
      vertex -91.1753 -95.9951 3
      vertex -91.0808 -96.0808 3
    endloop
  endfacet
  facet normal 0 0 1
    outer loop
      vertex -91.2778 -95.9191 3
      vertex -68.7222 -95.9191 3
      vertex -91.2778 -65.0809 3
    endloop
  endfacet
  facet normal 0 0 1
    outer loop
      vertex -68.7222 -95.9191 3
      vertex -91.2778 -95.9191 3
      vertex -91.1753 -95.9951 3
    endloop
  endfacet
  facet normal -0 0 1
    outer loop
      vertex -91.3872 -65.1465 3
      vertex -91.2778 -95.9191 3
      vertex -91.2778 -65.0809 3
    endloop
  endfacet
  facet normal 0 0 1
    outer loop
      vertex -91.3872 -65.1465 3
      vertex -91.3872 -95.8535 3
      vertex -91.2778 -95.9191 3
    endloop
  endfacet
  facet normal -0 0 1
    outer loop
      vertex -91.5025 -65.201 3
      vertex -91.3872 -95.8535 3
      vertex -91.3872 -65.1465 3
    endloop
  endfacet
  facet normal 0 0 1
    outer loop
      vertex -91.5025 -65.201 3
      vertex -91.5025 -95.799 3
      vertex -91.3872 -95.8535 3
    endloop
  endfacet
  facet normal -0 0 1
    outer loop
      vertex -91.6226 -65.244 3
      vertex -91.5025 -95.799 3
      vertex -91.5025 -65.201 3
    endloop
  endfacet
  facet normal 0 0 1
    outer loop
      vertex -91.6226 -65.244 3
      vertex -91.6226 -95.756 3
      vertex -91.5025 -95.799 3
    endloop
  endfacet
  facet normal -0 0 1
    outer loop
      vertex -91.7464 -65.275 3
      vertex -91.6226 -95.756 3
      vertex -91.6226 -65.244 3
    endloop
  endfacet
  facet normal 0 0 1
    outer loop
      vertex -91.7464 -65.275 3
      vertex -91.7464 -95.725 3
      vertex -91.6226 -95.756 3
    endloop
  endfacet
  facet normal -0 0 1
    outer loop
      vertex -91.8726 -65.2937 3
      vertex -91.7464 -95.725 3
      vertex -91.7464 -65.275 3
    endloop
  endfacet
  facet normal 0 0 1
    outer loop
      vertex -91.8726 -65.2937 3
      vertex -91.8726 -95.7063 3
      vertex -91.7464 -95.725 3
    endloop
  endfacet
  facet normal -0 0 1
    outer loop
      vertex -92 -65.3 3
      vertex -91.8726 -95.7063 3
      vertex -91.8726 -65.2937 3
    endloop
  endfacet
  facet normal 0 0 1
    outer loop
      vertex -92 -65.3 3
      vertex -92 -95.7 3
      vertex -91.8726 -95.7063 3
    endloop
  endfacet
  facet normal 0 0 1
    outer loop
      vertex -92.1274 -65.2937 3
      vertex -92 -95.7 3
      vertex -92 -65.3 3
    endloop
  endfacet
  facet normal 0 0 1
    outer loop
      vertex -92.1274 -65.2937 3
      vertex -92.1274 -95.7063 3
      vertex -92 -95.7 3
    endloop
  endfacet
  facet normal 0 0 1
    outer loop
      vertex -92.2536 -65.275 3
      vertex -92.1274 -95.7063 3
      vertex -92.1274 -65.2937 3
    endloop
  endfacet
  facet normal 0 0 1
    outer loop
      vertex -92.2536 -65.275 3
      vertex -92.2536 -95.725 3
      vertex -92.1274 -95.7063 3
    endloop
  endfacet
  facet normal 0 0 1
    outer loop
      vertex -92.3774 -65.244 3
      vertex -92.2536 -95.725 3
      vertex -92.2536 -65.275 3
    endloop
  endfacet
  facet normal 0 0 1
    outer loop
      vertex -92.3774 -65.244 3
      vertex -92.3774 -95.756 3
      vertex -92.2536 -95.725 3
    endloop
  endfacet
  facet normal 0 0 1
    outer loop
      vertex -92.4975 -65.201 3
      vertex -92.3774 -95.756 3
      vertex -92.3774 -65.244 3
    endloop
  endfacet
  facet normal 0 0 1
    outer loop
      vertex -92.4975 -65.201 3
      vertex -92.4975 -95.799 3
      vertex -92.3774 -95.756 3
    endloop
  endfacet
  facet normal 0 0 1
    outer loop
      vertex -92.6128 -65.1465 3
      vertex -92.4975 -95.799 3
      vertex -92.4975 -65.201 3
    endloop
  endfacet
  facet normal 0 0 1
    outer loop
      vertex -92.6128 -65.1465 3
      vertex -92.6128 -95.8535 3
      vertex -92.4975 -95.799 3
    endloop
  endfacet
  facet normal 0 0 1
    outer loop
      vertex -92.7222 -65.0809 3
      vertex -92.6128 -95.8535 3
      vertex -92.6128 -65.1465 3
    endloop
  endfacet
  facet normal 0 0 1
    outer loop
      vertex -92.7222 -65.0809 3
      vertex -92.7222 -95.9191 3
      vertex -92.6128 -95.8535 3
    endloop
  endfacet
  facet normal 0 0 1
    outer loop
      vertex -92.8247 -65.0049 3
      vertex -92.7222 -95.9191 3
      vertex -92.7222 -65.0809 3
    endloop
  endfacet
  facet normal 0 0 1
    outer loop
      vertex -92.8247 -65.0049 3
      vertex -92.8247 -95.9951 3
      vertex -92.7222 -95.9191 3
    endloop
  endfacet
  facet normal 0 0 1
    outer loop
      vertex -92.9192 -64.9192 3
      vertex -92.8247 -95.9951 3
      vertex -92.8247 -65.0049 3
    endloop
  endfacet
  facet normal 0 0 1
    outer loop
      vertex -92.9192 -64.9192 3
      vertex -92.9192 -96.0808 3
      vertex -92.8247 -95.9951 3
    endloop
  endfacet
  facet normal 0 0 1
    outer loop
      vertex -93.0049 -64.8247 3
      vertex -92.9192 -96.0808 3
      vertex -92.9192 -64.9192 3
    endloop
  endfacet
  facet normal 0 0 1
    outer loop
      vertex -93.0049 -64.8247 3
      vertex -93.0049 -96.1753 3
      vertex -92.9192 -96.0808 3
    endloop
  endfacet
  facet normal 0 0 1
    outer loop
      vertex -93.0809 -64.7222 3
      vertex -93.0049 -96.1753 3
      vertex -93.0049 -64.8247 3
    endloop
  endfacet
  facet normal 0 0 1
    outer loop
      vertex -93.0809 -64.7222 3
      vertex -93.0809 -96.2778 3
      vertex -93.0049 -96.1753 3
    endloop
  endfacet
  facet normal 0 0 1
    outer loop
      vertex -93.1465 -64.6128 3
      vertex -93.0809 -96.2778 3
      vertex -93.0809 -64.7222 3
    endloop
  endfacet
  facet normal 0 0 1
    outer loop
      vertex -93.1465 -64.6128 3
      vertex -93.1465 -96.3872 3
      vertex -93.0809 -96.2778 3
    endloop
  endfacet
  facet normal 0 0 1
    outer loop
      vertex -97 -102 3
      vertex -93.1465 -64.6128 3
      vertex -93.201 -64.4975 3
    endloop
  endfacet
  facet normal 0 0 1
    outer loop
      vertex -93.1465 -64.6128 3
      vertex -97 -102 3
      vertex -93.1465 -96.3872 3
    endloop
  endfacet
  facet normal 0 0 1
    outer loop
      vertex -97 -102 3
      vertex -93.201 -64.4975 3
      vertex -93.244 -64.3774 3
    endloop
  endfacet
  facet normal 0 0 1
    outer loop
      vertex -93.1465 -96.3872 3
      vertex -97 -102 3
      vertex -93.201 -96.5025 3
    endloop
  endfacet
  facet normal 0 0 1
    outer loop
      vertex -97 -102 3
      vertex -93.244 -64.3774 3
      vertex -93.275 -64.2536 3
    endloop
  endfacet
  facet normal 0 0 1
    outer loop
      vertex -93.201 -96.5025 3
      vertex -97 -102 3
      vertex -93.244 -96.6226 3
    endloop
  endfacet
  facet normal 0 0 1
    outer loop
      vertex -97 -102 3
      vertex -93.275 -64.2536 3
      vertex -93.2937 -64.1274 3
    endloop
  endfacet
  facet normal 0 0 1
    outer loop
      vertex -93.244 -96.6226 3
      vertex -97 -102 3
      vertex -93.275 -96.7464 3
    endloop
  endfacet
  facet normal 0 0 1
    outer loop
      vertex -97 -102 3
      vertex -93.2937 -64.1274 3
      vertex -93.3 -64 3
    endloop
  endfacet
  facet normal 0 0 1
    outer loop
      vertex -93.275 -96.7464 3
      vertex -97 -102 3
      vertex -93.2937 -96.8726 3
    endloop
  endfacet
  facet normal 0 0 1
    outer loop
      vertex -63.275 -63.7464 3
      vertex -90.7 -64 3
      vertex -63.2937 -63.8726 3
    endloop
  endfacet
  facet normal 0 0 1
    outer loop
      vertex -63 -63.1699 3
      vertex -90.7063 -63.8726 3
      vertex -90.7 -64 3
    endloop
  endfacet
  facet normal 0 0 1
    outer loop
      vertex -90.9191 63.2778 3
      vertex -63.0809 63.2778 3
      vertex -90.8535 63.3872 3
    endloop
  endfacet
  facet normal 0 0 1
    outer loop
      vertex -63 -63.1699 3
      vertex -90.725 -63.7464 3
      vertex -90.7063 -63.8726 3
    endloop
  endfacet
  facet normal 0 0 1
    outer loop
      vertex -63.0809 63.2778 3
      vertex -90.9191 63.2778 3
      vertex -63.0049 63.1753 3
    endloop
  endfacet
  facet normal 0 0 1
    outer loop
      vertex -63 -63.1699 3
      vertex -90.756 -63.6226 3
      vertex -90.725 -63.7464 3
    endloop
  endfacet
  facet normal 0 0 1
    outer loop
      vertex -90.9951 63.1753 3
      vertex -63.0049 63.1753 3
      vertex -90.9191 63.2778 3
    endloop
  endfacet
  facet normal 0 0 1
    outer loop
      vertex -63 -63.1699 3
      vertex -90.799 -63.5025 3
      vertex -90.756 -63.6226 3
    endloop
  endfacet
  facet normal 0 0 1
    outer loop
      vertex -63.0049 63.1753 3
      vertex -90.9951 63.1753 3
      vertex -63 63.1699 3
    endloop
  endfacet
  facet normal 0 0 1
    outer loop
      vertex -63 -63.1699 3
      vertex -90.8535 -63.3872 3
      vertex -90.799 -63.5025 3
    endloop
  endfacet
  facet normal 0 0 1
    outer loop
      vertex -91.0808 63.0808 3
      vertex -63 63.1699 3
      vertex -90.9951 63.1753 3
    endloop
  endfacet
  facet normal 0 0 1
    outer loop
      vertex -63 -63.1699 3
      vertex -90.9191 -63.2778 3
      vertex -90.8535 -63.3872 3
    endloop
  endfacet
  facet normal 0 0 1
    outer loop
      vertex -91.1753 62.9951 3
      vertex -63 63.1699 3
      vertex -91.0808 63.0808 3
    endloop
  endfacet
  facet normal 0 0 1
    outer loop
      vertex -63 -63.1699 3
      vertex -90.9951 -63.1753 3
      vertex -90.9191 -63.2778 3
    endloop
  endfacet
  facet normal 0 0 1
    outer loop
      vertex -91.2778 62.9191 3
      vertex -63 63.1699 3
      vertex -91.1753 62.9951 3
    endloop
  endfacet
  facet normal 0 0 1
    outer loop
      vertex -63 -63.1699 3
      vertex -91.0808 -63.0808 3
      vertex -90.9951 -63.1753 3
    endloop
  endfacet
  facet normal 0 0 1
    outer loop
      vertex -91.3872 62.8535 3
      vertex -63 63.1699 3
      vertex -91.2778 62.9191 3
    endloop
  endfacet
  facet normal 0 0 1
    outer loop
      vertex -63 -63.1699 3
      vertex -91.1753 -62.9951 3
      vertex -91.0808 -63.0808 3
    endloop
  endfacet
  facet normal 0 0 1
    outer loop
      vertex -91.5025 62.799 3
      vertex -63 63.1699 3
      vertex -91.3872 62.8535 3
    endloop
  endfacet
  facet normal 0 0 1
    outer loop
      vertex -63 -63.1699 3
      vertex -91.2778 -62.9191 3
      vertex -91.1753 -62.9951 3
    endloop
  endfacet
  facet normal 0 0 1
    outer loop
      vertex -91.6226 62.756 3
      vertex -63 63.1699 3
      vertex -91.5025 62.799 3
    endloop
  endfacet
  facet normal 0 0 1
    outer loop
      vertex -63 -63.1699 3
      vertex -91.3872 -62.8535 3
      vertex -91.2778 -62.9191 3
    endloop
  endfacet
  facet normal 0 0 1
    outer loop
      vertex -63 63.1699 3
      vertex -91.6226 62.756 3
      vertex -63 -63.1699 3
    endloop
  endfacet
  facet normal 0 0 1
    outer loop
      vertex -63 -63.1699 3
      vertex -91.5025 -62.799 3
      vertex -91.3872 -62.8535 3
    endloop
  endfacet
  facet normal -0 0 1
    outer loop
      vertex -91.6226 -62.756 3
      vertex -63 -63.1699 3
      vertex -91.6226 62.756 3
    endloop
  endfacet
  facet normal 0 0 1
    outer loop
      vertex -63 -63.1699 3
      vertex -91.6226 -62.756 3
      vertex -91.5025 -62.799 3
    endloop
  endfacet
  facet normal -0 0 1
    outer loop
      vertex -91.7464 62.725 3
      vertex -91.6226 -62.756 3
      vertex -91.6226 62.756 3
    endloop
  endfacet
  facet normal 0 0 1
    outer loop
      vertex -91.7464 62.725 3
      vertex -91.7464 -62.725 3
      vertex -91.6226 -62.756 3
    endloop
  endfacet
  facet normal -0 0 1
    outer loop
      vertex -91.8726 62.7063 3
      vertex -91.7464 -62.725 3
      vertex -91.7464 62.725 3
    endloop
  endfacet
  facet normal 0 0 1
    outer loop
      vertex -91.8726 62.7063 3
      vertex -91.8726 -62.7063 3
      vertex -91.7464 -62.725 3
    endloop
  endfacet
  facet normal -0 0 1
    outer loop
      vertex -92 62.7 3
      vertex -91.8726 -62.7063 3
      vertex -91.8726 62.7063 3
    endloop
  endfacet
  facet normal 0 0 1
    outer loop
      vertex -92 62.7 3
      vertex -92 -62.7 3
      vertex -91.8726 -62.7063 3
    endloop
  endfacet
  facet normal 0 0 1
    outer loop
      vertex -92.1274 62.7063 3
      vertex -92 -62.7 3
      vertex -92 62.7 3
    endloop
  endfacet
  facet normal 0 0 1
    outer loop
      vertex -92.1274 62.7063 3
      vertex -92.1274 -62.7063 3
      vertex -92 -62.7 3
    endloop
  endfacet
  facet normal 0 0 1
    outer loop
      vertex -92.2536 62.725 3
      vertex -92.1274 -62.7063 3
      vertex -92.1274 62.7063 3
    endloop
  endfacet
  facet normal 0 0 1
    outer loop
      vertex -92.2536 62.725 3
      vertex -92.2536 -62.725 3
      vertex -92.1274 -62.7063 3
    endloop
  endfacet
  facet normal 0 0 1
    outer loop
      vertex -92.3774 62.756 3
      vertex -92.2536 -62.725 3
      vertex -92.2536 62.725 3
    endloop
  endfacet
  facet normal 0 0 1
    outer loop
      vertex -92.3774 62.756 3
      vertex -92.3774 -62.756 3
      vertex -92.2536 -62.725 3
    endloop
  endfacet
  facet normal 0 0 1
    outer loop
      vertex -92.4975 62.799 3
      vertex -92.3774 -62.756 3
      vertex -92.3774 62.756 3
    endloop
  endfacet
  facet normal 0 0 1
    outer loop
      vertex -92.4975 62.799 3
      vertex -92.4975 -62.799 3
      vertex -92.3774 -62.756 3
    endloop
  endfacet
  facet normal 0 0 1
    outer loop
      vertex -92.6128 62.8535 3
      vertex -92.4975 -62.799 3
      vertex -92.4975 62.799 3
    endloop
  endfacet
  facet normal 0 0 1
    outer loop
      vertex -92.6128 62.8535 3
      vertex -92.6128 -62.8535 3
      vertex -92.4975 -62.799 3
    endloop
  endfacet
  facet normal 0 0 1
    outer loop
      vertex -92.7222 62.9191 3
      vertex -92.6128 -62.8535 3
      vertex -92.6128 62.8535 3
    endloop
  endfacet
  facet normal 0 0 1
    outer loop
      vertex -92.7222 62.9191 3
      vertex -92.7222 -62.9191 3
      vertex -92.6128 -62.8535 3
    endloop
  endfacet
  facet normal 0 0 1
    outer loop
      vertex -92.8247 62.9951 3
      vertex -92.7222 -62.9191 3
      vertex -92.7222 62.9191 3
    endloop
  endfacet
  facet normal 0 0 1
    outer loop
      vertex -92.8247 62.9951 3
      vertex -92.8247 -62.9951 3
      vertex -92.7222 -62.9191 3
    endloop
  endfacet
  facet normal 0 0 1
    outer loop
      vertex -92.9192 63.0808 3
      vertex -92.8247 -62.9951 3
      vertex -92.8247 62.9951 3
    endloop
  endfacet
  facet normal 0 0 1
    outer loop
      vertex -92.9192 63.0808 3
      vertex -92.9192 -63.0808 3
      vertex -92.8247 -62.9951 3
    endloop
  endfacet
  facet normal 0 0 1
    outer loop
      vertex -93.0049 63.1753 3
      vertex -92.9192 -63.0808 3
      vertex -92.9192 63.0808 3
    endloop
  endfacet
  facet normal 0 0 1
    outer loop
      vertex -93.0049 63.1753 3
      vertex -93.0049 -63.1753 3
      vertex -92.9192 -63.0808 3
    endloop
  endfacet
  facet normal 0 0 1
    outer loop
      vertex -93.0809 63.2778 3
      vertex -93.0049 -63.1753 3
      vertex -93.0049 63.1753 3
    endloop
  endfacet
  facet normal 0 0 1
    outer loop
      vertex -93.0809 63.2778 3
      vertex -93.0809 -63.2778 3
      vertex -93.0049 -63.1753 3
    endloop
  endfacet
  facet normal 0 0 1
    outer loop
      vertex -93.1465 63.3872 3
      vertex -93.0809 -63.2778 3
      vertex -93.0809 63.2778 3
    endloop
  endfacet
  facet normal 0 0 1
    outer loop
      vertex -93.1465 63.3872 3
      vertex -93.1465 -63.3872 3
      vertex -93.0809 -63.2778 3
    endloop
  endfacet
  facet normal 0 0 1
    outer loop
      vertex -93.201 63.5025 3
      vertex -93.1465 -63.3872 3
      vertex -93.1465 63.3872 3
    endloop
  endfacet
  facet normal 0 0 1
    outer loop
      vertex -93.201 63.5025 3
      vertex -93.201 -63.5025 3
      vertex -93.1465 -63.3872 3
    endloop
  endfacet
  facet normal 0 0 1
    outer loop
      vertex -93.244 63.6226 3
      vertex -93.201 -63.5025 3
      vertex -93.201 63.5025 3
    endloop
  endfacet
  facet normal 0 0 1
    outer loop
      vertex -93.244 63.6226 3
      vertex -93.244 -63.6226 3
      vertex -93.201 -63.5025 3
    endloop
  endfacet
  facet normal 0 0 1
    outer loop
      vertex -93.275 63.7464 3
      vertex -93.244 -63.6226 3
      vertex -93.244 63.6226 3
    endloop
  endfacet
  facet normal 0 0 1
    outer loop
      vertex -93.275 63.7464 3
      vertex -93.275 -63.7464 3
      vertex -93.244 -63.6226 3
    endloop
  endfacet
  facet normal 0 0 1
    outer loop
      vertex -93.2937 63.8726 3
      vertex -93.275 -63.7464 3
      vertex -93.275 63.7464 3
    endloop
  endfacet
  facet normal 0 0 1
    outer loop
      vertex -93.2937 63.8726 3
      vertex -93.2937 -63.8726 3
      vertex -93.275 -63.7464 3
    endloop
  endfacet
  facet normal 0 0 1
    outer loop
      vertex -97 102 3
      vertex -93.2937 63.8726 3
      vertex -93.3 64 3
    endloop
  endfacet
  facet normal 0 0 1
    outer loop
      vertex -93.2937 63.8726 3
      vertex -97 102 3
      vertex -93.2937 -63.8726 3
    endloop
  endfacet
  facet normal 0 0 1
    outer loop
      vertex -69.1465 96.3872 3
      vertex -90.8535 96.3872 3
      vertex -69.0809 96.2778 3
    endloop
  endfacet
  facet normal 0 0 1
    outer loop
      vertex -68.8247 95.9951 3
      vertex -90.7063 64.1274 3
      vertex -90.7 64 3
    endloop
  endfacet
  facet normal 0 0 1
    outer loop
      vertex -90.9191 96.2778 3
      vertex -69.0809 96.2778 3
      vertex -90.8535 96.3872 3
    endloop
  endfacet
  facet normal 0 0 1
    outer loop
      vertex -68.8247 95.9951 3
      vertex -90.725 64.2536 3
      vertex -90.7063 64.1274 3
    endloop
  endfacet
  facet normal 0 0 1
    outer loop
      vertex -69.0809 96.2778 3
      vertex -90.9191 96.2778 3
      vertex -69.0049 96.1753 3
    endloop
  endfacet
  facet normal 0 0 1
    outer loop
      vertex -68.8247 95.9951 3
      vertex -90.756 64.3774 3
      vertex -90.725 64.2536 3
    endloop
  endfacet
  facet normal 0 0 1
    outer loop
      vertex -90.9951 96.1753 3
      vertex -69.0049 96.1753 3
      vertex -90.9191 96.2778 3
    endloop
  endfacet
  facet normal 0 0 1
    outer loop
      vertex -68.8247 95.9951 3
      vertex -90.799 64.4975 3
      vertex -90.756 64.3774 3
    endloop
  endfacet
  facet normal 0 0 1
    outer loop
      vertex -69.0049 96.1753 3
      vertex -90.9951 96.1753 3
      vertex -68.9192 96.0808 3
    endloop
  endfacet
  facet normal 0 0 1
    outer loop
      vertex -68.8247 95.9951 3
      vertex -90.8535 64.6128 3
      vertex -90.799 64.4975 3
    endloop
  endfacet
  facet normal 0 0 1
    outer loop
      vertex -91.0808 96.0808 3
      vertex -68.9192 96.0808 3
      vertex -90.9951 96.1753 3
    endloop
  endfacet
  facet normal 0 0 1
    outer loop
      vertex -68.8247 95.9951 3
      vertex -90.9191 64.7222 3
      vertex -90.8535 64.6128 3
    endloop
  endfacet
  facet normal 0 0 1
    outer loop
      vertex -68.9192 96.0808 3
      vertex -91.0808 96.0808 3
      vertex -68.8247 95.9951 3
    endloop
  endfacet
  facet normal 0 0 1
    outer loop
      vertex -68.8247 95.9951 3
      vertex -90.9951 64.8247 3
      vertex -90.9191 64.7222 3
    endloop
  endfacet
  facet normal 0 0 1
    outer loop
      vertex -91.1753 95.9951 3
      vertex -68.8247 95.9951 3
      vertex -91.0808 96.0808 3
    endloop
  endfacet
  facet normal 0 0 1
    outer loop
      vertex -68.8247 95.9951 3
      vertex -91.0808 64.9192 3
      vertex -90.9951 64.8247 3
    endloop
  endfacet
  facet normal 0 0 1
    outer loop
      vertex -91.1753 65.0049 3
      vertex -68.8247 95.9951 3
      vertex -91.1753 95.9951 3
    endloop
  endfacet
  facet normal 0 0 1
    outer loop
      vertex -68.8247 95.9951 3
      vertex -91.1753 65.0049 3
      vertex -91.0808 64.9192 3
    endloop
  endfacet
  facet normal -0 0 1
    outer loop
      vertex -91.2778 95.9191 3
      vertex -91.1753 65.0049 3
      vertex -91.1753 95.9951 3
    endloop
  endfacet
  facet normal 0 0 1
    outer loop
      vertex -91.2778 95.9191 3
      vertex -91.2778 65.0809 3
      vertex -91.1753 65.0049 3
    endloop
  endfacet
  facet normal -0 0 1
    outer loop
      vertex -91.3872 95.8535 3
      vertex -91.2778 65.0809 3
      vertex -91.2778 95.9191 3
    endloop
  endfacet
  facet normal 0 0 1
    outer loop
      vertex -91.3872 95.8535 3
      vertex -91.3872 65.1465 3
      vertex -91.2778 65.0809 3
    endloop
  endfacet
  facet normal -0 0 1
    outer loop
      vertex -91.5025 95.799 3
      vertex -91.3872 65.1465 3
      vertex -91.3872 95.8535 3
    endloop
  endfacet
  facet normal 0 0 1
    outer loop
      vertex -91.5025 95.799 3
      vertex -91.5025 65.201 3
      vertex -91.3872 65.1465 3
    endloop
  endfacet
  facet normal -0 0 1
    outer loop
      vertex -91.6226 95.756 3
      vertex -91.5025 65.201 3
      vertex -91.5025 95.799 3
    endloop
  endfacet
  facet normal 0 0 1
    outer loop
      vertex -91.6226 95.756 3
      vertex -91.6226 65.244 3
      vertex -91.5025 65.201 3
    endloop
  endfacet
  facet normal -0 0 1
    outer loop
      vertex -91.7464 95.725 3
      vertex -91.6226 65.244 3
      vertex -91.6226 95.756 3
    endloop
  endfacet
  facet normal 0 0 1
    outer loop
      vertex -91.7464 95.725 3
      vertex -91.7464 65.275 3
      vertex -91.6226 65.244 3
    endloop
  endfacet
  facet normal -0 0 1
    outer loop
      vertex -91.8726 95.7063 3
      vertex -91.7464 65.275 3
      vertex -91.7464 95.725 3
    endloop
  endfacet
  facet normal 0 0 1
    outer loop
      vertex -91.8726 95.7063 3
      vertex -91.8726 65.2937 3
      vertex -91.7464 65.275 3
    endloop
  endfacet
  facet normal -0 0 1
    outer loop
      vertex -92 95.7 3
      vertex -91.8726 65.2937 3
      vertex -91.8726 95.7063 3
    endloop
  endfacet
  facet normal 0 0 1
    outer loop
      vertex -92 95.7 3
      vertex -92 65.3 3
      vertex -91.8726 65.2937 3
    endloop
  endfacet
  facet normal 0 0 1
    outer loop
      vertex -92.1274 95.7063 3
      vertex -92 65.3 3
      vertex -92 95.7 3
    endloop
  endfacet
  facet normal 0 0 1
    outer loop
      vertex -92.1274 95.7063 3
      vertex -92.1274 65.2937 3
      vertex -92 65.3 3
    endloop
  endfacet
  facet normal 0 0 1
    outer loop
      vertex -92.2536 95.725 3
      vertex -92.1274 65.2937 3
      vertex -92.1274 95.7063 3
    endloop
  endfacet
  facet normal 0 0 1
    outer loop
      vertex -92.2536 95.725 3
      vertex -92.2536 65.275 3
      vertex -92.1274 65.2937 3
    endloop
  endfacet
  facet normal 0 0 1
    outer loop
      vertex -92.3774 95.756 3
      vertex -92.2536 65.275 3
      vertex -92.2536 95.725 3
    endloop
  endfacet
  facet normal 0 0 1
    outer loop
      vertex -92.3774 95.756 3
      vertex -92.3774 65.244 3
      vertex -92.2536 65.275 3
    endloop
  endfacet
  facet normal 0 0 1
    outer loop
      vertex -92.4975 95.799 3
      vertex -92.3774 65.244 3
      vertex -92.3774 95.756 3
    endloop
  endfacet
  facet normal 0 0 1
    outer loop
      vertex -92.4975 95.799 3
      vertex -92.4975 65.201 3
      vertex -92.3774 65.244 3
    endloop
  endfacet
  facet normal 0 0 1
    outer loop
      vertex -92.6128 95.8535 3
      vertex -92.4975 65.201 3
      vertex -92.4975 95.799 3
    endloop
  endfacet
  facet normal 0 0 1
    outer loop
      vertex -92.6128 95.8535 3
      vertex -92.6128 65.1465 3
      vertex -92.4975 65.201 3
    endloop
  endfacet
  facet normal 0 0 1
    outer loop
      vertex -92.7222 95.9191 3
      vertex -92.6128 65.1465 3
      vertex -92.6128 95.8535 3
    endloop
  endfacet
  facet normal 0 0 1
    outer loop
      vertex -92.7222 95.9191 3
      vertex -92.7222 65.0809 3
      vertex -92.6128 65.1465 3
    endloop
  endfacet
  facet normal 0 0 1
    outer loop
      vertex -92.8247 95.9951 3
      vertex -92.7222 65.0809 3
      vertex -92.7222 95.9191 3
    endloop
  endfacet
  facet normal 0 0 1
    outer loop
      vertex -92.8247 95.9951 3
      vertex -92.8247 65.0049 3
      vertex -92.7222 65.0809 3
    endloop
  endfacet
  facet normal 0 0 1
    outer loop
      vertex -92.9192 96.0808 3
      vertex -92.8247 65.0049 3
      vertex -92.8247 95.9951 3
    endloop
  endfacet
  facet normal 0 0 1
    outer loop
      vertex -92.9192 96.0808 3
      vertex -92.9192 64.9192 3
      vertex -92.8247 65.0049 3
    endloop
  endfacet
  facet normal 0 0 1
    outer loop
      vertex -93.0049 96.1753 3
      vertex -92.9192 64.9192 3
      vertex -92.9192 96.0808 3
    endloop
  endfacet
  facet normal 0 0 1
    outer loop
      vertex -93.0049 96.1753 3
      vertex -93.0049 64.8247 3
      vertex -92.9192 64.9192 3
    endloop
  endfacet
  facet normal 0 0 1
    outer loop
      vertex -93.0809 96.2778 3
      vertex -93.0049 64.8247 3
      vertex -93.0049 96.1753 3
    endloop
  endfacet
  facet normal 0 0 1
    outer loop
      vertex -93.0809 96.2778 3
      vertex -93.0809 64.7222 3
      vertex -93.0049 64.8247 3
    endloop
  endfacet
  facet normal 0 0 1
    outer loop
      vertex -93.1465 96.3872 3
      vertex -93.0809 64.7222 3
      vertex -93.0809 96.2778 3
    endloop
  endfacet
  facet normal 0 0 1
    outer loop
      vertex -93.1465 96.3872 3
      vertex -93.1465 64.6128 3
      vertex -93.0809 64.7222 3
    endloop
  endfacet
  facet normal 0 0 1
    outer loop
      vertex -97 102 3
      vertex -93.1465 96.3872 3
      vertex -93.201 96.5025 3
    endloop
  endfacet
  facet normal 0 0 1
    outer loop
      vertex -93.1465 96.3872 3
      vertex -97 102 3
      vertex -93.1465 64.6128 3
    endloop
  endfacet
  facet normal 0 0 1
    outer loop
      vertex -97 102 3
      vertex -93.201 96.5025 3
      vertex -93.244 96.6226 3
    endloop
  endfacet
  facet normal 0 0 1
    outer loop
      vertex -93.1465 64.6128 3
      vertex -97 102 3
      vertex -93.201 64.4975 3
    endloop
  endfacet
  facet normal 0 0 1
    outer loop
      vertex -97 102 3
      vertex -93.244 96.6226 3
      vertex -93.275 96.7464 3
    endloop
  endfacet
  facet normal 0 0 1
    outer loop
      vertex -93.201 64.4975 3
      vertex -97 102 3
      vertex -93.244 64.3774 3
    endloop
  endfacet
  facet normal 0 0 1
    outer loop
      vertex -97 102 3
      vertex -93.275 96.7464 3
      vertex -93.2937 96.8726 3
    endloop
  endfacet
  facet normal 0 0 1
    outer loop
      vertex -93.244 64.3774 3
      vertex -97 102 3
      vertex -93.275 64.2536 3
    endloop
  endfacet
  facet normal 0 0 1
    outer loop
      vertex -97 102 3
      vertex -93.2937 96.8726 3
      vertex -93.3 97 3
    endloop
  endfacet
  facet normal 0 0 1
    outer loop
      vertex -93.275 64.2536 3
      vertex -97 102 3
      vertex -93.2937 64.1274 3
    endloop
  endfacet
  facet normal -0 0 1
    outer loop
      vertex -67.5025 95.799 3
      vertex -63 64.8301 3
      vertex -67.3872 95.8535 3
    endloop
  endfacet
  facet normal 0 0 1
    outer loop
      vertex -63.2937 -63.8726 3
      vertex -66.7063 -96.8726 3
      vertex -66.7 -97 3
    endloop
  endfacet
  facet normal -0 0 1
    outer loop
      vertex -67.6226 95.756 3
      vertex -63 64.8301 3
      vertex -67.5025 95.799 3
    endloop
  endfacet
  facet normal 0 0 1
    outer loop
      vertex -63.2937 -63.8726 3
      vertex -66.725 -96.7464 3
      vertex -66.7063 -96.8726 3
    endloop
  endfacet
  facet normal -0 0 1
    outer loop
      vertex -67.7464 95.725 3
      vertex -63 64.8301 3
      vertex -67.6226 95.756 3
    endloop
  endfacet
  facet normal 0 0 1
    outer loop
      vertex -63.2937 -63.8726 3
      vertex -66.756 -96.6226 3
      vertex -66.725 -96.7464 3
    endloop
  endfacet
  facet normal -0 0 1
    outer loop
      vertex -67.8726 95.7063 3
      vertex -63 64.8301 3
      vertex -67.7464 95.725 3
    endloop
  endfacet
  facet normal 0 0 1
    outer loop
      vertex -63.2937 -63.8726 3
      vertex -66.799 -96.5025 3
      vertex -66.756 -96.6226 3
    endloop
  endfacet
  facet normal -0 0 1
    outer loop
      vertex -68 95.7 3
      vertex -63 64.8301 3
      vertex -67.8726 95.7063 3
    endloop
  endfacet
  facet normal 0 0 1
    outer loop
      vertex -63.2937 -63.8726 3
      vertex -66.8535 -96.3872 3
      vertex -66.799 -96.5025 3
    endloop
  endfacet
  facet normal 0 0 1
    outer loop
      vertex -68.1274 95.7063 3
      vertex -63 64.8301 3
      vertex -68 95.7 3
    endloop
  endfacet
  facet normal 0 0 1
    outer loop
      vertex -63.2937 -63.8726 3
      vertex -66.9191 -96.2778 3
      vertex -66.8535 -96.3872 3
    endloop
  endfacet
  facet normal 0 0 1
    outer loop
      vertex -68.2536 95.725 3
      vertex -63 64.8301 3
      vertex -68.1274 95.7063 3
    endloop
  endfacet
  facet normal 0 0 1
    outer loop
      vertex -63.2937 -63.8726 3
      vertex -66.9951 -96.1753 3
      vertex -66.9191 -96.2778 3
    endloop
  endfacet
  facet normal 0 0 1
    outer loop
      vertex -90.7063 63.8726 3
      vertex -63.2937 63.8726 3
      vertex -90.7 64 3
    endloop
  endfacet
  facet normal 0 0 1
    outer loop
      vertex -63.2937 -63.8726 3
      vertex -67.0808 -96.0808 3
      vertex -66.9951 -96.1753 3
    endloop
  endfacet
  facet normal 0 0 1
    outer loop
      vertex -68.3774 95.756 3
      vertex -63 64.8301 3
      vertex -68.2536 95.725 3
    endloop
  endfacet
  facet normal 0 0 1
    outer loop
      vertex -63.244 -63.6226 3
      vertex -90.7 -64 3
      vertex -63.275 -63.7464 3
    endloop
  endfacet
  facet normal 0 0 1
    outer loop
      vertex -68.4975 95.799 3
      vertex -63 64.8301 3
      vertex -68.3774 95.756 3
    endloop
  endfacet
  facet normal 0 0 1
    outer loop
      vertex -90.7063 -64.1274 3
      vertex -63.2937 -63.8726 3
      vertex -90.7 -64 3
    endloop
  endfacet
  facet normal 0 0 1
    outer loop
      vertex -68.6128 95.8535 3
      vertex -63 64.8301 3
      vertex -68.4975 95.799 3
    endloop
  endfacet
  facet normal 0 0 1
    outer loop
      vertex -63.2937 -63.8726 3
      vertex -67.1753 -95.9951 3
      vertex -67.0808 -96.0808 3
    endloop
  endfacet
  facet normal 0 0 1
    outer loop
      vertex -90.7 64 3
      vertex -63 64.8301 3
      vertex -68.6128 95.8535 3
    endloop
  endfacet
  facet normal 0 0 1
    outer loop
      vertex -63.2937 -63.8726 3
      vertex -67.2778 -95.9191 3
      vertex -67.1753 -95.9951 3
    endloop
  endfacet
  facet normal 0 0 1
    outer loop
      vertex -63 64.8301 3
      vertex -90.7 64 3
      vertex -63.0049 64.8247 3
    endloop
  endfacet
  facet normal 0 0 1
    outer loop
      vertex -63.2937 -63.8726 3
      vertex -67.3872 -95.8535 3
      vertex -67.2778 -95.9191 3
    endloop
  endfacet
  facet normal 0 0 1
    outer loop
      vertex -63.0049 64.8247 3
      vertex -90.7 64 3
      vertex -63.0809 64.7222 3
    endloop
  endfacet
  facet normal 0 0 1
    outer loop
      vertex -63.2937 -63.8726 3
      vertex -67.5025 -95.799 3
      vertex -67.3872 -95.8535 3
    endloop
  endfacet
  facet normal 0 0 1
    outer loop
      vertex -63.0809 64.7222 3
      vertex -90.7 64 3
      vertex -63.1465 64.6128 3
    endloop
  endfacet
  facet normal 0 0 1
    outer loop
      vertex -63.2937 -63.8726 3
      vertex -67.6226 -95.756 3
      vertex -67.5025 -95.799 3
    endloop
  endfacet
  facet normal 0 0 1
    outer loop
      vertex -63.1465 64.6128 3
      vertex -90.7 64 3
      vertex -63.201 64.4975 3
    endloop
  endfacet
  facet normal 0 0 1
    outer loop
      vertex -63.2937 -63.8726 3
      vertex -67.7464 -95.725 3
      vertex -67.6226 -95.756 3
    endloop
  endfacet
  facet normal 0 0 1
    outer loop
      vertex -63.244 64.3774 3
      vertex -90.7 64 3
      vertex -63.275 64.2536 3
    endloop
  endfacet
  facet normal 0 0 1
    outer loop
      vertex -63.2937 -63.8726 3
      vertex -67.8726 -95.7063 3
      vertex -67.7464 -95.725 3
    endloop
  endfacet
  facet normal 0 0 1
    outer loop
      vertex -63.275 64.2536 3
      vertex -90.7 64 3
      vertex -63.2937 64.1274 3
    endloop
  endfacet
  facet normal 0 0 1
    outer loop
      vertex -63.2937 -63.8726 3
      vertex -68 -95.7 3
      vertex -67.8726 -95.7063 3
    endloop
  endfacet
  facet normal 0 0 1
    outer loop
      vertex -63.2937 64.1274 3
      vertex -90.7 64 3
      vertex -63.3 64 3
    endloop
  endfacet
  facet normal 0 0 1
    outer loop
      vertex -63.2937 -63.8726 3
      vertex -68.1274 -95.7063 3
      vertex -68 -95.7 3
    endloop
  endfacet
  facet normal 0 0 1
    outer loop
      vertex -63.3 64 3
      vertex -90.7 64 3
      vertex -63.2937 63.8726 3
    endloop
  endfacet
  facet normal 0 0 1
    outer loop
      vertex -63.2937 -63.8726 3
      vertex -68.2536 -95.725 3
      vertex -68.1274 -95.7063 3
    endloop
  endfacet
  facet normal 0 0 1
    outer loop
      vertex -63.201 64.4975 3
      vertex -90.7 64 3
      vertex -63.244 64.3774 3
    endloop
  endfacet
  facet normal 0 0 1
    outer loop
      vertex -63.2937 -63.8726 3
      vertex -68.3774 -95.756 3
      vertex -68.2536 -95.725 3
    endloop
  endfacet
  facet normal 0 0 1
    outer loop
      vertex -90.7 64 3
      vertex -68.6128 95.8535 3
      vertex -68.7222 95.9191 3
    endloop
  endfacet
  facet normal 0 0 1
    outer loop
      vertex -63.2937 -63.8726 3
      vertex -68.4975 -95.799 3
      vertex -68.3774 -95.756 3
    endloop
  endfacet
  facet normal 0 0 1
    outer loop
      vertex -90.7 64 3
      vertex -68.7222 95.9191 3
      vertex -68.8247 95.9951 3
    endloop
  endfacet
  facet normal 0 0 1
    outer loop
      vertex -90.725 -64.2536 3
      vertex -63.2937 -63.8726 3
      vertex -90.7063 -64.1274 3
    endloop
  endfacet
  facet normal 0 0 1
    outer loop
      vertex -69.201 96.5025 3
      vertex -90.799 96.5025 3
      vertex -69.1465 96.3872 3
    endloop
  endfacet
  facet normal 0 0 1
    outer loop
      vertex -90.756 -64.3774 3
      vertex -63.2937 -63.8726 3
      vertex -90.725 -64.2536 3
    endloop
  endfacet
  facet normal 0 0 1
    outer loop
      vertex -90.799 96.5025 3
      vertex -69.201 96.5025 3
      vertex -90.756 96.6226 3
    endloop
  endfacet
  facet normal 0 0 1
    outer loop
      vertex -90.799 -64.4975 3
      vertex -63.2937 -63.8726 3
      vertex -90.756 -64.3774 3
    endloop
  endfacet
  facet normal 0 0 1
    outer loop
      vertex -69.244 96.6226 3
      vertex -90.756 96.6226 3
      vertex -69.201 96.5025 3
    endloop
  endfacet
  facet normal 0 0 1
    outer loop
      vertex -90.8535 -64.6128 3
      vertex -63.2937 -63.8726 3
      vertex -90.799 -64.4975 3
    endloop
  endfacet
  facet normal 0 0 1
    outer loop
      vertex -90.756 96.6226 3
      vertex -69.244 96.6226 3
      vertex -90.725 96.7464 3
    endloop
  endfacet
  facet normal 0 0 1
    outer loop
      vertex -68.8247 -95.9951 3
      vertex -90.7 -97 3
      vertex -68.9192 -96.0808 3
    endloop
  endfacet
  facet normal 0 0 1
    outer loop
      vertex -69.275 96.7464 3
      vertex -90.725 96.7464 3
      vertex -69.244 96.6226 3
    endloop
  endfacet
  facet normal 0 0 1
    outer loop
      vertex -68.9192 -96.0808 3
      vertex -90.7 -97 3
      vertex -69.0049 -96.1753 3
    endloop
  endfacet
  facet normal 0 0 1
    outer loop
      vertex -90.725 96.7464 3
      vertex -69.275 96.7464 3
      vertex -90.7063 96.8726 3
    endloop
  endfacet
  facet normal 0 0 1
    outer loop
      vertex -69.0049 -96.1753 3
      vertex -90.7 -97 3
      vertex -69.0809 -96.2778 3
    endloop
  endfacet
  facet normal 0 0 1
    outer loop
      vertex -69.2937 96.8726 3
      vertex -90.7063 96.8726 3
      vertex -69.275 96.7464 3
    endloop
  endfacet
  facet normal 0 0 1
    outer loop
      vertex -69.0809 -96.2778 3
      vertex -90.7 -97 3
      vertex -69.1465 -96.3872 3
    endloop
  endfacet
  facet normal 0 0 1
    outer loop
      vertex -90.7063 96.8726 3
      vertex -69.2937 96.8726 3
      vertex -90.7 97 3
    endloop
  endfacet
  facet normal 0 0 1
    outer loop
      vertex -69.1465 -96.3872 3
      vertex -90.7 -97 3
      vertex -69.201 -96.5025 3
    endloop
  endfacet
  facet normal -0 0 1
    outer loop
      vertex -90.7 97 3
      vertex -69.2937 96.8726 3
      vertex -69.3 97 3
    endloop
  endfacet
  facet normal 0 0 1
    outer loop
      vertex -69.201 -96.5025 3
      vertex -90.7 -97 3
      vertex -69.244 -96.6226 3
    endloop
  endfacet
  facet normal 0 0 1
    outer loop
      vertex -66.7063 96.8726 3
      vertex -63 102 3
      vertex -66.7 97 3
    endloop
  endfacet
  facet normal 0 0 1
    outer loop
      vertex -66.725 96.7464 3
      vertex -63 102 3
      vertex -66.7063 96.8726 3
    endloop
  endfacet
  facet normal 0 0 1
    outer loop
      vertex -66.756 96.6226 3
      vertex -63 102 3
      vertex -66.725 96.7464 3
    endloop
  endfacet
  facet normal 0 0 1
    outer loop
      vertex -66.799 96.5025 3
      vertex -63 102 3
      vertex -66.756 96.6226 3
    endloop
  endfacet
  facet normal 0 0 1
    outer loop
      vertex -66.8535 96.3872 3
      vertex -63 102 3
      vertex -66.799 96.5025 3
    endloop
  endfacet
  facet normal 0 0 1
    outer loop
      vertex -63 102 3
      vertex -66.8535 96.3872 3
      vertex -63 64.8301 3
    endloop
  endfacet
  facet normal -0 0 1
    outer loop
      vertex -66.9191 96.2778 3
      vertex -63 64.8301 3
      vertex -66.8535 96.3872 3
    endloop
  endfacet
  facet normal -0 0 1
    outer loop
      vertex -66.9951 96.1753 3
      vertex -63 64.8301 3
      vertex -66.9191 96.2778 3
    endloop
  endfacet
  facet normal -0 0 1
    outer loop
      vertex -67.3872 95.8535 3
      vertex -63 64.8301 3
      vertex -67.2778 95.9191 3
    endloop
  endfacet
  facet normal -0 0 1
    outer loop
      vertex -67.0808 96.0808 3
      vertex -63 64.8301 3
      vertex -66.9951 96.1753 3
    endloop
  endfacet
  facet normal 0 0 1
    outer loop
      vertex -63 102 3
      vertex -66.7063 97.1274 3
      vertex -66.7 97 3
    endloop
  endfacet
  facet normal 0 0 1
    outer loop
      vertex -63 102 3
      vertex -66.725 97.2536 3
      vertex -66.7063 97.1274 3
    endloop
  endfacet
  facet normal 0 0 1
    outer loop
      vertex -63 102 3
      vertex -66.756 97.3774 3
      vertex -66.725 97.2536 3
    endloop
  endfacet
  facet normal 0 0 1
    outer loop
      vertex -63 102 3
      vertex -66.799 97.4975 3
      vertex -66.756 97.3774 3
    endloop
  endfacet
  facet normal 0 0 1
    outer loop
      vertex -63 102 3
      vertex -66.8535 97.6128 3
      vertex -66.799 97.4975 3
    endloop
  endfacet
  facet normal 0 0 1
    outer loop
      vertex -63 102 3
      vertex -66.9191 97.7222 3
      vertex -66.8535 97.6128 3
    endloop
  endfacet
  facet normal 0 0 1
    outer loop
      vertex -63 102 3
      vertex -66.9951 97.8247 3
      vertex -66.9191 97.7222 3
    endloop
  endfacet
  facet normal 0 0 1
    outer loop
      vertex -63 102 3
      vertex -67.0808 97.9192 3
      vertex -66.9951 97.8247 3
    endloop
  endfacet
  facet normal 0 0 1
    outer loop
      vertex -63 102 3
      vertex -67.1753 98.0049 3
      vertex -67.0808 97.9192 3
    endloop
  endfacet
  facet normal 0 0 1
    outer loop
      vertex -63 102 3
      vertex -67.2778 98.0809 3
      vertex -67.1753 98.0049 3
    endloop
  endfacet
  facet normal 0 0 1
    outer loop
      vertex -63 102 3
      vertex -67.3872 98.1465 3
      vertex -67.2778 98.0809 3
    endloop
  endfacet
  facet normal 0 0 1
    outer loop
      vertex -63 102 3
      vertex -67.5025 98.201 3
      vertex -67.3872 98.1465 3
    endloop
  endfacet
  facet normal 0 0 1
    outer loop
      vertex -63 102 3
      vertex -67.6226 98.244 3
      vertex -67.5025 98.201 3
    endloop
  endfacet
  facet normal 0 0 1
    outer loop
      vertex -63 102 3
      vertex -67.7464 98.275 3
      vertex -67.6226 98.244 3
    endloop
  endfacet
  facet normal 0 0 1
    outer loop
      vertex -63 102 3
      vertex -67.8726 98.2937 3
      vertex -67.7464 98.275 3
    endloop
  endfacet
  facet normal 0 0 1
    outer loop
      vertex -63 102 3
      vertex -68 98.3 3
      vertex -67.8726 98.2937 3
    endloop
  endfacet
  facet normal 0 0 1
    outer loop
      vertex -63 102 3
      vertex -68.1274 98.2937 3
      vertex -68 98.3 3
    endloop
  endfacet
  facet normal 0 0 1
    outer loop
      vertex -63 102 3
      vertex -68.2536 98.275 3
      vertex -68.1274 98.2937 3
    endloop
  endfacet
  facet normal 0 0 1
    outer loop
      vertex -63 102 3
      vertex -68.3774 98.244 3
      vertex -68.2536 98.275 3
    endloop
  endfacet
  facet normal 0 0 1
    outer loop
      vertex -63 102 3
      vertex -68.4975 98.201 3
      vertex -68.3774 98.244 3
    endloop
  endfacet
  facet normal 0 0 1
    outer loop
      vertex -63 102 3
      vertex -68.6128 98.1465 3
      vertex -68.4975 98.201 3
    endloop
  endfacet
  facet normal 0 0 1
    outer loop
      vertex -91.3872 98.1465 3
      vertex -68.6128 98.1465 3
      vertex -63 102 3
    endloop
  endfacet
  facet normal 0 0 1
    outer loop
      vertex -90.8535 96.3872 3
      vertex -69.1465 96.3872 3
      vertex -90.799 96.5025 3
    endloop
  endfacet
  facet normal 0 0 1
    outer loop
      vertex -69.2937 97.1274 3
      vertex -90.7 97 3
      vertex -69.3 97 3
    endloop
  endfacet
  facet normal 0 0 1
    outer loop
      vertex -90.7063 97.1274 3
      vertex -69.2937 97.1274 3
      vertex -69.275 97.2536 3
    endloop
  endfacet
  facet normal 0 0 1
    outer loop
      vertex -90.725 97.2536 3
      vertex -69.275 97.2536 3
      vertex -69.244 97.3774 3
    endloop
  endfacet
  facet normal 0 0 1
    outer loop
      vertex -90.756 97.3774 3
      vertex -69.244 97.3774 3
      vertex -69.201 97.4975 3
    endloop
  endfacet
  facet normal 0 0 1
    outer loop
      vertex -90.799 97.4975 3
      vertex -69.201 97.4975 3
      vertex -69.1465 97.6128 3
    endloop
  endfacet
  facet normal 0 0 1
    outer loop
      vertex -90.8535 97.6128 3
      vertex -69.1465 97.6128 3
      vertex -69.0809 97.7222 3
    endloop
  endfacet
  facet normal 0 0 1
    outer loop
      vertex -90.9191 97.7222 3
      vertex -69.0809 97.7222 3
      vertex -69.0049 97.8247 3
    endloop
  endfacet
  facet normal 0 0 1
    outer loop
      vertex -90.9951 97.8247 3
      vertex -69.0049 97.8247 3
      vertex -68.9192 97.9192 3
    endloop
  endfacet
  facet normal 0 0 1
    outer loop
      vertex -91.0808 97.9192 3
      vertex -68.9192 97.9192 3
      vertex -68.8247 98.0049 3
    endloop
  endfacet
  facet normal 0 0 1
    outer loop
      vertex -91.1753 98.0049 3
      vertex -68.8247 98.0049 3
      vertex -68.7222 98.0809 3
    endloop
  endfacet
  facet normal 0 0 1
    outer loop
      vertex -68.6128 98.1465 3
      vertex -91.3872 98.1465 3
      vertex -68.7222 98.0809 3
    endloop
  endfacet
  facet normal 0 0 1
    outer loop
      vertex -69.2937 97.1274 3
      vertex -90.7063 97.1274 3
      vertex -90.7 97 3
    endloop
  endfacet
  facet normal 0 0 1
    outer loop
      vertex -69.275 97.2536 3
      vertex -90.725 97.2536 3
      vertex -90.7063 97.1274 3
    endloop
  endfacet
  facet normal 0 0 1
    outer loop
      vertex -69.244 97.3774 3
      vertex -90.756 97.3774 3
      vertex -90.725 97.2536 3
    endloop
  endfacet
  facet normal 0 0 1
    outer loop
      vertex -69.201 97.4975 3
      vertex -90.799 97.4975 3
      vertex -90.756 97.3774 3
    endloop
  endfacet
  facet normal 0 0 1
    outer loop
      vertex -69.1465 97.6128 3
      vertex -90.8535 97.6128 3
      vertex -90.799 97.4975 3
    endloop
  endfacet
  facet normal 0 0 1
    outer loop
      vertex -69.0809 97.7222 3
      vertex -90.9191 97.7222 3
      vertex -90.8535 97.6128 3
    endloop
  endfacet
  facet normal 0 0 1
    outer loop
      vertex -69.0049 97.8247 3
      vertex -90.9951 97.8247 3
      vertex -90.9191 97.7222 3
    endloop
  endfacet
  facet normal 0 0 1
    outer loop
      vertex -68.9192 97.9192 3
      vertex -91.0808 97.9192 3
      vertex -90.9951 97.8247 3
    endloop
  endfacet
  facet normal 0 0 1
    outer loop
      vertex -68.8247 98.0049 3
      vertex -91.1753 98.0049 3
      vertex -91.0808 97.9192 3
    endloop
  endfacet
  facet normal 0 0 1
    outer loop
      vertex -68.7222 98.0809 3
      vertex -91.2778 98.0809 3
      vertex -91.1753 98.0049 3
    endloop
  endfacet
  facet normal 0 0 1
    outer loop
      vertex -68.7222 98.0809 3
      vertex -91.3872 98.1465 3
      vertex -91.2778 98.0809 3
    endloop
  endfacet
  facet normal -0 0 1
    outer loop
      vertex -97 102 3
      vertex -91.3872 98.1465 3
      vertex -63 102 3
    endloop
  endfacet
  facet normal 0 0 1
    outer loop
      vertex -91.3872 98.1465 3
      vertex -97 102 3
      vertex -91.5025 98.201 3
    endloop
  endfacet
  facet normal 0 0 1
    outer loop
      vertex -91.5025 98.201 3
      vertex -97 102 3
      vertex -91.6226 98.244 3
    endloop
  endfacet
  facet normal 0 0 1
    outer loop
      vertex -91.6226 98.244 3
      vertex -97 102 3
      vertex -91.7464 98.275 3
    endloop
  endfacet
  facet normal 0 0 1
    outer loop
      vertex -91.7464 98.275 3
      vertex -97 102 3
      vertex -91.8726 98.2937 3
    endloop
  endfacet
  facet normal 0 0 1
    outer loop
      vertex -91.8726 98.2937 3
      vertex -97 102 3
      vertex -92 98.3 3
    endloop
  endfacet
  facet normal 0 0 1
    outer loop
      vertex -93.2937 64.1274 3
      vertex -97 102 3
      vertex -93.3 64 3
    endloop
  endfacet
  facet normal 0 0 1
    outer loop
      vertex -97 -102 3
      vertex -93.2937 -63.8726 3
      vertex -97 102 3
    endloop
  endfacet
  facet normal 0 0 1
    outer loop
      vertex -93.2937 -63.8726 3
      vertex -97 -102 3
      vertex -93.3 -64 3
    endloop
  endfacet
  facet normal 0 0 1
    outer loop
      vertex -93.2937 97.1274 3
      vertex -97 102 3
      vertex -93.3 97 3
    endloop
  endfacet
  facet normal 0 0 1
    outer loop
      vertex -93.275 97.2536 3
      vertex -97 102 3
      vertex -93.2937 97.1274 3
    endloop
  endfacet
  facet normal 0 0 1
    outer loop
      vertex -93.244 97.3774 3
      vertex -97 102 3
      vertex -93.275 97.2536 3
    endloop
  endfacet
  facet normal 0 0 1
    outer loop
      vertex -93.201 97.4975 3
      vertex -97 102 3
      vertex -93.244 97.3774 3
    endloop
  endfacet
  facet normal 0 0 1
    outer loop
      vertex -93.1465 97.6128 3
      vertex -97 102 3
      vertex -93.201 97.4975 3
    endloop
  endfacet
  facet normal 0 0 1
    outer loop
      vertex -93.0809 97.7222 3
      vertex -97 102 3
      vertex -93.1465 97.6128 3
    endloop
  endfacet
  facet normal 0 0 1
    outer loop
      vertex -93.0049 97.8247 3
      vertex -97 102 3
      vertex -93.0809 97.7222 3
    endloop
  endfacet
  facet normal 0 0 1
    outer loop
      vertex -92.9192 97.9192 3
      vertex -97 102 3
      vertex -93.0049 97.8247 3
    endloop
  endfacet
  facet normal 0 0 1
    outer loop
      vertex -92.8247 98.0049 3
      vertex -97 102 3
      vertex -92.9192 97.9192 3
    endloop
  endfacet
  facet normal 0 0 1
    outer loop
      vertex -92.7222 98.0809 3
      vertex -97 102 3
      vertex -92.8247 98.0049 3
    endloop
  endfacet
  facet normal 0 0 1
    outer loop
      vertex -92.6128 98.1465 3
      vertex -97 102 3
      vertex -92.7222 98.0809 3
    endloop
  endfacet
  facet normal 0 0 1
    outer loop
      vertex -92.4975 98.201 3
      vertex -97 102 3
      vertex -92.6128 98.1465 3
    endloop
  endfacet
  facet normal 0 0 1
    outer loop
      vertex -92.3774 98.244 3
      vertex -97 102 3
      vertex -92.4975 98.201 3
    endloop
  endfacet
  facet normal 0 0 1
    outer loop
      vertex -92.2536 98.275 3
      vertex -97 102 3
      vertex -92.3774 98.244 3
    endloop
  endfacet
  facet normal 0 0 1
    outer loop
      vertex -92.1274 98.2937 3
      vertex -97 102 3
      vertex -92.2536 98.275 3
    endloop
  endfacet
  facet normal 0 0 1
    outer loop
      vertex -92 98.3 3
      vertex -97 102 3
      vertex -92.1274 98.2937 3
    endloop
  endfacet
  facet normal 0 0 1
    outer loop
      vertex -63.201 63.5025 3
      vertex -90.799 63.5025 3
      vertex -63.1465 63.3872 3
    endloop
  endfacet
  facet normal 0 0 1
    outer loop
      vertex -90.8535 63.3872 3
      vertex -63.1465 63.3872 3
      vertex -90.799 63.5025 3
    endloop
  endfacet
  facet normal 0 0 1
    outer loop
      vertex -90.799 63.5025 3
      vertex -63.201 63.5025 3
      vertex -90.756 63.6226 3
    endloop
  endfacet
  facet normal 0 0 1
    outer loop
      vertex -63.1465 63.3872 3
      vertex -90.8535 63.3872 3
      vertex -63.0809 63.2778 3
    endloop
  endfacet
  facet normal 0 0 1
    outer loop
      vertex -63.244 63.6226 3
      vertex -90.756 63.6226 3
      vertex -63.201 63.5025 3
    endloop
  endfacet
  facet normal 0 0 1
    outer loop
      vertex -63 -63.1699 3
      vertex -90.7 -64 3
      vertex -63.0049 -63.1753 3
    endloop
  endfacet
  facet normal 0 0 1
    outer loop
      vertex -90.756 63.6226 3
      vertex -63.244 63.6226 3
      vertex -90.725 63.7464 3
    endloop
  endfacet
  facet normal 0 0 1
    outer loop
      vertex -63.0049 -63.1753 3
      vertex -90.7 -64 3
      vertex -63.0809 -63.2778 3
    endloop
  endfacet
  facet normal 0 0 1
    outer loop
      vertex -63.275 63.7464 3
      vertex -90.725 63.7464 3
      vertex -63.244 63.6226 3
    endloop
  endfacet
  facet normal 0 0 1
    outer loop
      vertex -63.0809 -63.2778 3
      vertex -90.7 -64 3
      vertex -63.1465 -63.3872 3
    endloop
  endfacet
  facet normal 0 0 1
    outer loop
      vertex -90.725 63.7464 3
      vertex -63.275 63.7464 3
      vertex -90.7063 63.8726 3
    endloop
  endfacet
  facet normal 0 0 1
    outer loop
      vertex -63.1465 -63.3872 3
      vertex -90.7 -64 3
      vertex -63.201 -63.5025 3
    endloop
  endfacet
  facet normal -0 0 1
    outer loop
      vertex -90.7063 63.8726 3
      vertex -63.275 63.7464 3
      vertex -63.2937 63.8726 3
    endloop
  endfacet
  facet normal 0 0 1
    outer loop
      vertex -63.201 -63.5025 3
      vertex -90.7 -64 3
      vertex -63.244 -63.6226 3
    endloop
  endfacet
  facet normal -0 0 1
    outer loop
      vertex -67.1753 95.9951 3
      vertex -63 64.8301 3
      vertex -67.0808 96.0808 3
    endloop
  endfacet
  facet normal -0 0 1
    outer loop
      vertex -67.2778 95.9191 3
      vertex -63 64.8301 3
      vertex -67.1753 95.9951 3
    endloop
  endfacet
  facet normal 0 0 1
    outer loop
      vertex -66.7 -97 3
      vertex -63 -64.8301 3
      vertex -63.0049 -64.8247 3
    endloop
  endfacet
  facet normal 0 0 1
    outer loop
      vertex -66.7 -97 3
      vertex -63.0049 -64.8247 3
      vertex -63.0809 -64.7222 3
    endloop
  endfacet
  facet normal 0 0 1
    outer loop
      vertex -66.7 -97 3
      vertex -63.0809 -64.7222 3
      vertex -63.1465 -64.6128 3
    endloop
  endfacet
  facet normal 0 0 1
    outer loop
      vertex -66.7 -97 3
      vertex -63.1465 -64.6128 3
      vertex -63.201 -64.4975 3
    endloop
  endfacet
  facet normal 0 0 1
    outer loop
      vertex -66.7 -97 3
      vertex -63.201 -64.4975 3
      vertex -63.244 -64.3774 3
    endloop
  endfacet
  facet normal 0 0 1
    outer loop
      vertex -66.7 -97 3
      vertex -63.244 -64.3774 3
      vertex -63.275 -64.2536 3
    endloop
  endfacet
  facet normal 0 0 1
    outer loop
      vertex -66.7 -97 3
      vertex -63.275 -64.2536 3
      vertex -63.2937 -64.1274 3
    endloop
  endfacet
  facet normal 0 0 1
    outer loop
      vertex -66.7 -97 3
      vertex -63.2937 -64.1274 3
      vertex -63.3 -64 3
    endloop
  endfacet
  facet normal 0 0 1
    outer loop
      vertex -63.2937 -63.8726 3
      vertex -66.7 -97 3
      vertex -63.3 -64 3
    endloop
  endfacet
  facet normal 0 0 1
    outer loop
      vertex -63 -64.8301 3
      vertex -66.7 -97 3
      vertex -63 -102 3
    endloop
  endfacet
  facet normal -0 0 1
    outer loop
      vertex -66.7063 -97.1274 3
      vertex -63 -102 3
      vertex -66.7 -97 3
    endloop
  endfacet
  facet normal -0 0 1
    outer loop
      vertex -66.725 -97.2536 3
      vertex -63 -102 3
      vertex -66.7063 -97.1274 3
    endloop
  endfacet
  facet normal -0 0 1
    outer loop
      vertex -66.756 -97.3774 3
      vertex -63 -102 3
      vertex -66.725 -97.2536 3
    endloop
  endfacet
  facet normal -0 0 1
    outer loop
      vertex -66.799 -97.4975 3
      vertex -63 -102 3
      vertex -66.756 -97.3774 3
    endloop
  endfacet
  facet normal -0 0 1
    outer loop
      vertex -66.8535 -97.6128 3
      vertex -63 -102 3
      vertex -66.799 -97.4975 3
    endloop
  endfacet
  facet normal -0 0 1
    outer loop
      vertex -66.9191 -97.7222 3
      vertex -63 -102 3
      vertex -66.8535 -97.6128 3
    endloop
  endfacet
  facet normal -0 0 1
    outer loop
      vertex -66.9951 -97.8247 3
      vertex -63 -102 3
      vertex -66.9191 -97.7222 3
    endloop
  endfacet
  facet normal -0 0 1
    outer loop
      vertex -67.0808 -97.9192 3
      vertex -63 -102 3
      vertex -66.9951 -97.8247 3
    endloop
  endfacet
  facet normal -0 0 1
    outer loop
      vertex -67.1753 -98.0049 3
      vertex -63 -102 3
      vertex -67.0808 -97.9192 3
    endloop
  endfacet
  facet normal -0 0 1
    outer loop
      vertex -67.2778 -98.0809 3
      vertex -63 -102 3
      vertex -67.1753 -98.0049 3
    endloop
  endfacet
  facet normal -0 0 1
    outer loop
      vertex -67.3872 -98.1465 3
      vertex -63 -102 3
      vertex -67.2778 -98.0809 3
    endloop
  endfacet
  facet normal -0 0 1
    outer loop
      vertex -67.5025 -98.201 3
      vertex -63 -102 3
      vertex -67.3872 -98.1465 3
    endloop
  endfacet
  facet normal -0 0 1
    outer loop
      vertex -67.6226 -98.244 3
      vertex -63 -102 3
      vertex -67.5025 -98.201 3
    endloop
  endfacet
  facet normal -0 0 1
    outer loop
      vertex -67.7464 -98.275 3
      vertex -63 -102 3
      vertex -67.6226 -98.244 3
    endloop
  endfacet
  facet normal -0 0 1
    outer loop
      vertex -67.8726 -98.2937 3
      vertex -63 -102 3
      vertex -67.7464 -98.275 3
    endloop
  endfacet
  facet normal -0 0 1
    outer loop
      vertex -68 -98.3 3
      vertex -63 -102 3
      vertex -67.8726 -98.2937 3
    endloop
  endfacet
  facet normal 0 0 1
    outer loop
      vertex -68.1274 -98.2937 3
      vertex -63 -102 3
      vertex -68 -98.3 3
    endloop
  endfacet
  facet normal 0 0 1
    outer loop
      vertex -68.2536 -98.275 3
      vertex -63 -102 3
      vertex -68.1274 -98.2937 3
    endloop
  endfacet
  facet normal 0 0 1
    outer loop
      vertex -68.3774 -98.244 3
      vertex -63 -102 3
      vertex -68.2536 -98.275 3
    endloop
  endfacet
  facet normal 0 0 1
    outer loop
      vertex -68.4975 -98.201 3
      vertex -63 -102 3
      vertex -68.3774 -98.244 3
    endloop
  endfacet
  facet normal 0 0 1
    outer loop
      vertex -68.6128 -98.1465 3
      vertex -63 -102 3
      vertex -68.4975 -98.201 3
    endloop
  endfacet
  facet normal 0 0 1
    outer loop
      vertex -91.3872 -98.1465 3
      vertex -68.6128 -98.1465 3
      vertex -68.7222 -98.0809 3
    endloop
  endfacet
  facet normal 0 0 1
    outer loop
      vertex -69.244 -96.6226 3
      vertex -90.7 -97 3
      vertex -69.275 -96.7464 3
    endloop
  endfacet
  facet normal 0 0 1
    outer loop
      vertex -69.275 -96.7464 3
      vertex -90.7 -97 3
      vertex -69.2937 -96.8726 3
    endloop
  endfacet
  facet normal 0 0 1
    outer loop
      vertex -69.2937 -96.8726 3
      vertex -90.7 -97 3
      vertex -69.3 -97 3
    endloop
  endfacet
  facet normal 0 0 1
    outer loop
      vertex -69.3 -97 3
      vertex -90.7 -97 3
      vertex -69.2937 -97.1274 3
    endloop
  endfacet
  facet normal 0 0 1
    outer loop
      vertex -90.7063 -97.1274 3
      vertex -69.2937 -97.1274 3
      vertex -90.7 -97 3
    endloop
  endfacet
  facet normal 0 0 1
    outer loop
      vertex -69.2937 -97.1274 3
      vertex -90.7063 -97.1274 3
      vertex -69.275 -97.2536 3
    endloop
  endfacet
  facet normal 0 0 1
    outer loop
      vertex -90.725 -97.2536 3
      vertex -69.275 -97.2536 3
      vertex -90.7063 -97.1274 3
    endloop
  endfacet
  facet normal 0 0 1
    outer loop
      vertex -69.275 -97.2536 3
      vertex -90.725 -97.2536 3
      vertex -69.244 -97.3774 3
    endloop
  endfacet
  facet normal 0 0 1
    outer loop
      vertex -90.756 -97.3774 3
      vertex -69.244 -97.3774 3
      vertex -90.725 -97.2536 3
    endloop
  endfacet
  facet normal 0 0 1
    outer loop
      vertex -69.244 -97.3774 3
      vertex -90.756 -97.3774 3
      vertex -69.201 -97.4975 3
    endloop
  endfacet
  facet normal 0 0 1
    outer loop
      vertex -90.799 -97.4975 3
      vertex -69.201 -97.4975 3
      vertex -90.756 -97.3774 3
    endloop
  endfacet
  facet normal 0 0 1
    outer loop
      vertex -69.201 -97.4975 3
      vertex -90.799 -97.4975 3
      vertex -69.1465 -97.6128 3
    endloop
  endfacet
  facet normal 0 0 1
    outer loop
      vertex -90.8535 -97.6128 3
      vertex -69.1465 -97.6128 3
      vertex -90.799 -97.4975 3
    endloop
  endfacet
  facet normal 0 0 1
    outer loop
      vertex -69.1465 -97.6128 3
      vertex -90.8535 -97.6128 3
      vertex -69.0809 -97.7222 3
    endloop
  endfacet
  facet normal 0 0 1
    outer loop
      vertex -90.9191 -97.7222 3
      vertex -69.0809 -97.7222 3
      vertex -90.8535 -97.6128 3
    endloop
  endfacet
  facet normal 0 0 1
    outer loop
      vertex -69.0809 -97.7222 3
      vertex -90.9191 -97.7222 3
      vertex -69.0049 -97.8247 3
    endloop
  endfacet
  facet normal 0 0 1
    outer loop
      vertex -90.9951 -97.8247 3
      vertex -69.0049 -97.8247 3
      vertex -90.9191 -97.7222 3
    endloop
  endfacet
  facet normal 0 0 1
    outer loop
      vertex -69.0049 -97.8247 3
      vertex -90.9951 -97.8247 3
      vertex -68.9192 -97.9192 3
    endloop
  endfacet
  facet normal 0 0 1
    outer loop
      vertex -91.0808 -97.9192 3
      vertex -68.9192 -97.9192 3
      vertex -90.9951 -97.8247 3
    endloop
  endfacet
  facet normal 0 0 1
    outer loop
      vertex -68.9192 -97.9192 3
      vertex -91.0808 -97.9192 3
      vertex -68.8247 -98.0049 3
    endloop
  endfacet
  facet normal 0 0 1
    outer loop
      vertex -91.1753 -98.0049 3
      vertex -68.8247 -98.0049 3
      vertex -91.0808 -97.9192 3
    endloop
  endfacet
  facet normal 0 0 1
    outer loop
      vertex -68.8247 -98.0049 3
      vertex -91.1753 -98.0049 3
      vertex -68.7222 -98.0809 3
    endloop
  endfacet
  facet normal 0 0 1
    outer loop
      vertex -91.2778 -98.0809 3
      vertex -68.7222 -98.0809 3
      vertex -91.1753 -98.0049 3
    endloop
  endfacet
  facet normal 0 0 1
    outer loop
      vertex -91.3872 -98.1465 3
      vertex -68.7222 -98.0809 3
      vertex -91.2778 -98.0809 3
    endloop
  endfacet
  facet normal 0 0 1
    outer loop
      vertex -68.6128 -98.1465 3
      vertex -91.3872 -98.1465 3
      vertex -63 -102 3
    endloop
  endfacet
  facet normal 0 0 1
    outer loop
      vertex -97 -102 3
      vertex -91.3872 -98.1465 3
      vertex -91.5025 -98.201 3
    endloop
  endfacet
  facet normal 0 0 1
    outer loop
      vertex -97 -102 3
      vertex -91.5025 -98.201 3
      vertex -91.6226 -98.244 3
    endloop
  endfacet
  facet normal 0 0 1
    outer loop
      vertex -97 -102 3
      vertex -91.6226 -98.244 3
      vertex -91.7464 -98.275 3
    endloop
  endfacet
  facet normal 0 0 1
    outer loop
      vertex -97 -102 3
      vertex -91.7464 -98.275 3
      vertex -91.8726 -98.2937 3
    endloop
  endfacet
  facet normal 0 0 1
    outer loop
      vertex -97 -102 3
      vertex -91.8726 -98.2937 3
      vertex -92 -98.3 3
    endloop
  endfacet
  facet normal 0 0 1
    outer loop
      vertex -97 -102 3
      vertex -92 -98.3 3
      vertex -92.1274 -98.2937 3
    endloop
  endfacet
  facet normal 0 0 1
    outer loop
      vertex -91.3872 -98.1465 3
      vertex -97 -102 3
      vertex -63 -102 3
    endloop
  endfacet
  facet normal 0 0 1
    outer loop
      vertex -92.2536 -98.275 3
      vertex -97 -102 3
      vertex -92.1274 -98.2937 3
    endloop
  endfacet
  facet normal 0 0 1
    outer loop
      vertex -92.3774 -98.244 3
      vertex -97 -102 3
      vertex -92.2536 -98.275 3
    endloop
  endfacet
  facet normal 0 0 1
    outer loop
      vertex -92.4975 -98.201 3
      vertex -97 -102 3
      vertex -92.3774 -98.244 3
    endloop
  endfacet
  facet normal 0 0 1
    outer loop
      vertex -92.6128 -98.1465 3
      vertex -97 -102 3
      vertex -92.4975 -98.201 3
    endloop
  endfacet
  facet normal 0 0 1
    outer loop
      vertex -92.7222 -98.0809 3
      vertex -97 -102 3
      vertex -92.6128 -98.1465 3
    endloop
  endfacet
  facet normal 0 0 1
    outer loop
      vertex -92.8247 -98.0049 3
      vertex -97 -102 3
      vertex -92.7222 -98.0809 3
    endloop
  endfacet
  facet normal 0 0 1
    outer loop
      vertex -92.9192 -97.9192 3
      vertex -97 -102 3
      vertex -92.8247 -98.0049 3
    endloop
  endfacet
  facet normal 0 0 1
    outer loop
      vertex -93.0049 -97.8247 3
      vertex -97 -102 3
      vertex -92.9192 -97.9192 3
    endloop
  endfacet
  facet normal 0 0 1
    outer loop
      vertex -93.0809 -97.7222 3
      vertex -97 -102 3
      vertex -93.0049 -97.8247 3
    endloop
  endfacet
  facet normal 0 0 1
    outer loop
      vertex -93.1465 -97.6128 3
      vertex -97 -102 3
      vertex -93.0809 -97.7222 3
    endloop
  endfacet
  facet normal 0 0 1
    outer loop
      vertex -93.201 -97.4975 3
      vertex -97 -102 3
      vertex -93.1465 -97.6128 3
    endloop
  endfacet
  facet normal 0 0 1
    outer loop
      vertex -93.244 -97.3774 3
      vertex -97 -102 3
      vertex -93.201 -97.4975 3
    endloop
  endfacet
  facet normal 0 0 1
    outer loop
      vertex -93.275 -97.2536 3
      vertex -97 -102 3
      vertex -93.244 -97.3774 3
    endloop
  endfacet
  facet normal 0 0 1
    outer loop
      vertex -93.2937 -97.1274 3
      vertex -97 -102 3
      vertex -93.275 -97.2536 3
    endloop
  endfacet
  facet normal 0 0 1
    outer loop
      vertex -93.3 -97 3
      vertex -97 -102 3
      vertex -93.2937 -97.1274 3
    endloop
  endfacet
  facet normal 0 0 1
    outer loop
      vertex -93.2937 -96.8726 3
      vertex -97 -102 3
      vertex -93.3 -97 3
    endloop
  endfacet
  facet normal 1 -0 0
    outer loop
      vertex -97 -102 45
      vertex -97 102 3
      vertex -97 102 45
    endloop
  endfacet
  facet normal 1 0 0
    outer loop
      vertex -97 102 3
      vertex -97 -102 45
      vertex -97 -102 3
    endloop
  endfacet
  facet normal 0 1 -0
    outer loop
      vertex -63 -102 3
      vertex -97 -102 45
      vertex -63 -102 45
    endloop
  endfacet
  facet normal 0 1 0
    outer loop
      vertex -97 -102 45
      vertex -63 -102 3
      vertex -97 -102 3
    endloop
  endfacet
  facet normal 0 -1 0
    outer loop
      vertex -97 102 3
      vertex -63 102 45
      vertex -97 102 45
    endloop
  endfacet
  facet normal 0 -1 -0
    outer loop
      vertex -63 102 45
      vertex -97 102 3
      vertex -63 102 3
    endloop
  endfacet
endsolid OpenSCAD_Model
