solid OpenSCAD_Model
  facet normal 1 0 0
    outer loop
      vertex 195.5 48.5 53
      vertex 195.5 -48.5 53
      vertex 195.5 48.5 3
    endloop
  endfacet
  facet normal 1 -0 0
    outer loop
      vertex 195.5 48.5 3
      vertex 195.5 71 0
      vertex 195.5 71 3
    endloop
  endfacet
  facet normal 1 0 0
    outer loop
      vertex 195.5 -48.5 3
      vertex 195.5 48.5 3
      vertex 195.5 -48.5 53
    endloop
  endfacet
  facet normal 1 -0 0
    outer loop
      vertex 195.5 -48.5 3
      vertex 195.5 71 0
      vertex 195.5 48.5 3
    endloop
  endfacet
  facet normal 1 0 0
    outer loop
      vertex 195.5 -71 0
      vertex 195.5 -48.5 3
      vertex 195.5 -71 3
    endloop
  endfacet
  facet normal 1 0 0
    outer loop
      vertex 195.5 -48.5 3
      vertex 195.5 -71 0
      vertex 195.5 71 0
    endloop
  endfacet
  facet normal 0 0 1
    outer loop
      vertex 195.5 48.5 53
      vertex 192.5 45.5 53
      vertex 195.5 -48.5 53
    endloop
  endfacet
  facet normal -0 0 1
    outer loop
      vertex 94 48.5 53
      vertex 192.5 45.5 53
      vertex 195.5 48.5 53
    endloop
  endfacet
  facet normal 0 0 1
    outer loop
      vertex 192.5 45.5 53
      vertex 94 48.5 53
      vertex 94 45.5 53
    endloop
  endfacet
  facet normal -0 0 1
    outer loop
      vertex 192.5 -45.5 53
      vertex 195.5 -48.5 53
      vertex 192.5 45.5 53
    endloop
  endfacet
  facet normal 0 0 1
    outer loop
      vertex 94 -48.5 53
      vertex 192.5 -45.5 53
      vertex 94 -45.5 53
    endloop
  endfacet
  facet normal 0 0 1
    outer loop
      vertex 192.5 -45.5 53
      vertex 94 -48.5 53
      vertex 195.5 -48.5 53
    endloop
  endfacet
  facet normal 0 0 1
    outer loop
      vertex 101.8 -54.5 3
      vertex 94 -54.5 3
      vertex 101.8 -55.5 3
    endloop
  endfacet
  facet normal 0 0 1
    outer loop
      vertex 125.308 -63.8334 3
      vertex 109.692 -63.8334 3
      vertex 109.7 -64 3
    endloop
  endfacet
  facet normal 0 0 1
    outer loop
      vertex 125.333 -63.6683 3
      vertex 109.667 -63.6683 3
      vertex 109.692 -63.8334 3
    endloop
  endfacet
  facet normal 0 0 1
    outer loop
      vertex 120 -54.5 3
      vertex 109.627 -63.5065 3
      vertex 109.667 -63.6683 3
    endloop
  endfacet
  facet normal 0 0 1
    outer loop
      vertex 120 -54.5 3
      vertex 109.571 -63.3494 3
      vertex 109.627 -63.5065 3
    endloop
  endfacet
  facet normal 0 0 1
    outer loop
      vertex 120 -54.5 3
      vertex 109.499 -63.1986 3
      vertex 109.571 -63.3494 3
    endloop
  endfacet
  facet normal 0 0 1
    outer loop
      vertex 120 -54.5 3
      vertex 109.413 -63.0555 3
      vertex 109.499 -63.1986 3
    endloop
  endfacet
  facet normal 0 0 1
    outer loop
      vertex 120 -54.5 3
      vertex 109.314 -62.9215 3
      vertex 109.413 -63.0555 3
    endloop
  endfacet
  facet normal 0 0 1
    outer loop
      vertex 120 -54.5 3
      vertex 109.202 -62.7979 3
      vertex 109.314 -62.9215 3
    endloop
  endfacet
  facet normal 0 0 1
    outer loop
      vertex 120 -54.5 3
      vertex 109.078 -62.6859 3
      vertex 109.202 -62.7979 3
    endloop
  endfacet
  facet normal 0 0 1
    outer loop
      vertex 120 -54.5 3
      vertex 108.944 -62.5865 3
      vertex 109.078 -62.6859 3
    endloop
  endfacet
  facet normal -0 0 1
    outer loop
      vertex 106.2 -55.5 3
      vertex 108.944 -62.5865 3
      vertex 120 -54.5 3
    endloop
  endfacet
  facet normal 0 0 1
    outer loop
      vertex 108.944 -62.5865 3
      vertex 106.2 -55.5 3
      vertex 108.801 -62.5007 3
    endloop
  endfacet
  facet normal 0 0 1
    outer loop
      vertex 108.801 -62.5007 3
      vertex 106.2 -55.5 3
      vertex 108.651 -62.4294 3
    endloop
  endfacet
  facet normal 0 0 1
    outer loop
      vertex 108.651 -62.4294 3
      vertex 106.2 -55.5 3
      vertex 108.493 -62.3732 3
    endloop
  endfacet
  facet normal 0 0 1
    outer loop
      vertex 108.493 -62.3732 3
      vertex 106.2 -55.5 3
      vertex 108.332 -62.3327 3
    endloop
  endfacet
  facet normal 0 0 1
    outer loop
      vertex 108.332 -62.3327 3
      vertex 106.2 -55.5 3
      vertex 108.167 -62.3082 3
    endloop
  endfacet
  facet normal 0 0 1
    outer loop
      vertex 108.167 -62.3082 3
      vertex 106.2 -55.5 3
      vertex 108 -62.3 3
    endloop
  endfacet
  facet normal 0 0 1
    outer loop
      vertex 108 -62.3 3
      vertex 106.2 -55.5 3
      vertex 107.833 -62.3082 3
    endloop
  endfacet
  facet normal 0 0 1
    outer loop
      vertex 107.833 -62.3082 3
      vertex 106.2 -55.5 3
      vertex 107.668 -62.3327 3
    endloop
  endfacet
  facet normal 0 0 1
    outer loop
      vertex 107.668 -62.3327 3
      vertex 106.2 -55.5 3
      vertex 107.507 -62.3732 3
    endloop
  endfacet
  facet normal 0 0 1
    outer loop
      vertex 107.507 -62.3732 3
      vertex 106.2 -55.5 3
      vertex 107.349 -62.4294 3
    endloop
  endfacet
  facet normal 0 0 1
    outer loop
      vertex 107.349 -62.4294 3
      vertex 106.2 -55.5 3
      vertex 107.199 -62.5007 3
    endloop
  endfacet
  facet normal 0 0 1
    outer loop
      vertex 106.373 -63.5065 3
      vertex 101.8 -55.5 3
      vertex 106.333 -63.6683 3
    endloop
  endfacet
  facet normal 0 0 1
    outer loop
      vertex 106.429 -63.3494 3
      vertex 101.8 -55.5 3
      vertex 106.373 -63.5065 3
    endloop
  endfacet
  facet normal 0 0 1
    outer loop
      vertex 106.501 -63.1986 3
      vertex 101.8 -55.5 3
      vertex 106.429 -63.3494 3
    endloop
  endfacet
  facet normal 0 0 1
    outer loop
      vertex 106.587 -63.0555 3
      vertex 101.8 -55.5 3
      vertex 106.501 -63.1986 3
    endloop
  endfacet
  facet normal 0 0 1
    outer loop
      vertex 106.686 -62.9215 3
      vertex 101.8 -55.5 3
      vertex 106.587 -63.0555 3
    endloop
  endfacet
  facet normal 0 0 1
    outer loop
      vertex 106.798 -62.7979 3
      vertex 101.8 -55.5 3
      vertex 106.686 -62.9215 3
    endloop
  endfacet
  facet normal 0 0 1
    outer loop
      vertex 106.922 -62.6859 3
      vertex 101.8 -55.5 3
      vertex 106.798 -62.7979 3
    endloop
  endfacet
  facet normal -0 0 1
    outer loop
      vertex 101.8 -55.5 3
      vertex 106.922 -62.6859 3
      vertex 106.2 -55.5 3
    endloop
  endfacet
  facet normal 0 0 1
    outer loop
      vertex 107.056 -62.5865 3
      vertex 106.2 -55.5 3
      vertex 106.922 -62.6859 3
    endloop
  endfacet
  facet normal 0 0 1
    outer loop
      vertex 107.199 -62.5007 3
      vertex 106.2 -55.5 3
      vertex 107.056 -62.5865 3
    endloop
  endfacet
  facet normal 0 0 1
    outer loop
      vertex 106.2 -55.5 3
      vertex 120 -54.5 3
      vertex 106.2 -54.5 3
    endloop
  endfacet
  facet normal -0 0 1
    outer loop
      vertex 128.692 -63.8334 3
      vertex 195.5 -71 3
      vertex 195.5 -48.5 3
    endloop
  endfacet
  facet normal 0 0 1
    outer loop
      vertex 195.5 -71 3
      vertex 128.692 -63.8334 3
      vertex 128.7 -64 3
    endloop
  endfacet
  facet normal 0 0 1
    outer loop
      vertex 195.5 -48.5 3
      vertex 128.667 -63.6683 3
      vertex 128.692 -63.8334 3
    endloop
  endfacet
  facet normal 0 0 1
    outer loop
      vertex 195.5 -48.5 3
      vertex 128.627 -63.5065 3
      vertex 128.667 -63.6683 3
    endloop
  endfacet
  facet normal 0 0 1
    outer loop
      vertex 195.5 -48.5 3
      vertex 128.571 -63.3494 3
      vertex 128.627 -63.5065 3
    endloop
  endfacet
  facet normal 0 0 1
    outer loop
      vertex 195.5 -48.5 3
      vertex 128.499 -63.1986 3
      vertex 128.571 -63.3494 3
    endloop
  endfacet
  facet normal 0 0 1
    outer loop
      vertex 195.5 -48.5 3
      vertex 128.413 -63.0555 3
      vertex 128.499 -63.1986 3
    endloop
  endfacet
  facet normal 0 0 1
    outer loop
      vertex 195.5 -48.5 3
      vertex 128.314 -62.9215 3
      vertex 128.413 -63.0555 3
    endloop
  endfacet
  facet normal 0 0 1
    outer loop
      vertex 195.5 -48.5 3
      vertex 128.202 -62.7979 3
      vertex 128.314 -62.9215 3
    endloop
  endfacet
  facet normal -0 0 1
    outer loop
      vertex 120 -48.5 3
      vertex 128.202 -62.7979 3
      vertex 195.5 -48.5 3
    endloop
  endfacet
  facet normal 0 0 1
    outer loop
      vertex 128.202 -62.7979 3
      vertex 120 -48.5 3
      vertex 128.078 -62.6859 3
    endloop
  endfacet
  facet normal 0 0 1
    outer loop
      vertex 128.078 -62.6859 3
      vertex 120 -48.5 3
      vertex 127.944 -62.5865 3
    endloop
  endfacet
  facet normal 0 0 1
    outer loop
      vertex 127.944 -62.5865 3
      vertex 120 -48.5 3
      vertex 127.801 -62.5007 3
    endloop
  endfacet
  facet normal 0 0 1
    outer loop
      vertex 127.801 -62.5007 3
      vertex 120 -48.5 3
      vertex 127.651 -62.4294 3
    endloop
  endfacet
  facet normal 0 0 1
    outer loop
      vertex 127.651 -62.4294 3
      vertex 120 -48.5 3
      vertex 127.493 -62.3732 3
    endloop
  endfacet
  facet normal -0 0 1
    outer loop
      vertex 120 -54.5 3
      vertex 127.493 -62.3732 3
      vertex 120 -48.5 3
    endloop
  endfacet
  facet normal 0 0 1
    outer loop
      vertex 127.493 -62.3732 3
      vertex 120 -54.5 3
      vertex 127.332 -62.3327 3
    endloop
  endfacet
  facet normal 0 0 1
    outer loop
      vertex 127.332 -62.3327 3
      vertex 120 -54.5 3
      vertex 127.167 -62.3082 3
    endloop
  endfacet
  facet normal 0 0 1
    outer loop
      vertex 127.167 -62.3082 3
      vertex 120 -54.5 3
      vertex 127 -62.3 3
    endloop
  endfacet
  facet normal 0 0 1
    outer loop
      vertex 109.667 -63.6683 3
      vertex 125.333 -63.6683 3
      vertex 120 -54.5 3
    endloop
  endfacet
  facet normal 0 0 1
    outer loop
      vertex 125.373 -63.5065 3
      vertex 120 -54.5 3
      vertex 125.333 -63.6683 3
    endloop
  endfacet
  facet normal 0 0 1
    outer loop
      vertex 125.429 -63.3494 3
      vertex 120 -54.5 3
      vertex 125.373 -63.5065 3
    endloop
  endfacet
  facet normal 0 0 1
    outer loop
      vertex 125.501 -63.1986 3
      vertex 120 -54.5 3
      vertex 125.429 -63.3494 3
    endloop
  endfacet
  facet normal 0 0 1
    outer loop
      vertex 125.587 -63.0555 3
      vertex 120 -54.5 3
      vertex 125.501 -63.1986 3
    endloop
  endfacet
  facet normal 0 0 1
    outer loop
      vertex 125.686 -62.9215 3
      vertex 120 -54.5 3
      vertex 125.587 -63.0555 3
    endloop
  endfacet
  facet normal 0 0 1
    outer loop
      vertex 125.798 -62.7979 3
      vertex 120 -54.5 3
      vertex 125.686 -62.9215 3
    endloop
  endfacet
  facet normal 0 0 1
    outer loop
      vertex 125.922 -62.6859 3
      vertex 120 -54.5 3
      vertex 125.798 -62.7979 3
    endloop
  endfacet
  facet normal 0 0 1
    outer loop
      vertex 126.056 -62.5865 3
      vertex 120 -54.5 3
      vertex 125.922 -62.6859 3
    endloop
  endfacet
  facet normal 0 0 1
    outer loop
      vertex 126.199 -62.5007 3
      vertex 120 -54.5 3
      vertex 126.056 -62.5865 3
    endloop
  endfacet
  facet normal 0 0 1
    outer loop
      vertex 126.349 -62.4294 3
      vertex 120 -54.5 3
      vertex 126.199 -62.5007 3
    endloop
  endfacet
  facet normal 0 0 1
    outer loop
      vertex 126.507 -62.3732 3
      vertex 120 -54.5 3
      vertex 126.349 -62.4294 3
    endloop
  endfacet
  facet normal 0 0 1
    outer loop
      vertex 126.668 -62.3327 3
      vertex 120 -54.5 3
      vertex 126.507 -62.3732 3
    endloop
  endfacet
  facet normal 0 0 1
    outer loop
      vertex 126.833 -62.3082 3
      vertex 120 -54.5 3
      vertex 126.668 -62.3327 3
    endloop
  endfacet
  facet normal 0 0 1
    outer loop
      vertex 127 -62.3 3
      vertex 120 -54.5 3
      vertex 126.833 -62.3082 3
    endloop
  endfacet
  facet normal -0 0 1
    outer loop
      vertex 128.692 -64.1666 3
      vertex 195.5 -71 3
      vertex 128.7 -64 3
    endloop
  endfacet
  facet normal -0 0 1
    outer loop
      vertex 128.667 -64.3316 3
      vertex 195.5 -71 3
      vertex 128.692 -64.1666 3
    endloop
  endfacet
  facet normal -0 0 1
    outer loop
      vertex 128.627 -64.4935 3
      vertex 195.5 -71 3
      vertex 128.667 -64.3316 3
    endloop
  endfacet
  facet normal -0 0 1
    outer loop
      vertex 128.571 -64.6506 3
      vertex 195.5 -71 3
      vertex 128.627 -64.4935 3
    endloop
  endfacet
  facet normal -0 0 1
    outer loop
      vertex 128.499 -64.8014 3
      vertex 195.5 -71 3
      vertex 128.571 -64.6506 3
    endloop
  endfacet
  facet normal -0 0 1
    outer loop
      vertex 128.413 -64.9445 3
      vertex 195.5 -71 3
      vertex 128.499 -64.8014 3
    endloop
  endfacet
  facet normal -0 0 1
    outer loop
      vertex 128.314 -65.0785 3
      vertex 195.5 -71 3
      vertex 128.413 -64.9445 3
    endloop
  endfacet
  facet normal -0 0 1
    outer loop
      vertex 128.202 -65.2021 3
      vertex 195.5 -71 3
      vertex 128.314 -65.0785 3
    endloop
  endfacet
  facet normal -0 0 1
    outer loop
      vertex 128.078 -65.3141 3
      vertex 195.5 -71 3
      vertex 128.202 -65.2021 3
    endloop
  endfacet
  facet normal -0 0 1
    outer loop
      vertex 127.944 -65.4135 3
      vertex 195.5 -71 3
      vertex 128.078 -65.3141 3
    endloop
  endfacet
  facet normal -0 0 1
    outer loop
      vertex 127.801 -65.4993 3
      vertex 195.5 -71 3
      vertex 127.944 -65.4135 3
    endloop
  endfacet
  facet normal -0 0 1
    outer loop
      vertex 127.651 -65.5706 3
      vertex 195.5 -71 3
      vertex 127.801 -65.4993 3
    endloop
  endfacet
  facet normal -0 0 1
    outer loop
      vertex 127.493 -65.6268 3
      vertex 195.5 -71 3
      vertex 127.651 -65.5706 3
    endloop
  endfacet
  facet normal -0 0 1
    outer loop
      vertex 127.332 -65.6673 3
      vertex 195.5 -71 3
      vertex 127.493 -65.6268 3
    endloop
  endfacet
  facet normal -0 0 1
    outer loop
      vertex 127.167 -65.6918 3
      vertex 195.5 -71 3
      vertex 127.332 -65.6673 3
    endloop
  endfacet
  facet normal 0 0 1
    outer loop
      vertex 94 -71 3
      vertex 127.167 -65.6918 3
      vertex 127 -65.7 3
    endloop
  endfacet
  facet normal 0 0 1
    outer loop
      vertex 94 -71 3
      vertex 127 -65.7 3
      vertex 126.833 -65.6918 3
    endloop
  endfacet
  facet normal 0 0 1
    outer loop
      vertex 109.692 -63.8334 3
      vertex 125.308 -63.8334 3
      vertex 125.333 -63.6683 3
    endloop
  endfacet
  facet normal 0 0 1
    outer loop
      vertex 125.308 -63.8334 3
      vertex 109.7 -64 3
      vertex 125.3 -64 3
    endloop
  endfacet
  facet normal 0 0 1
    outer loop
      vertex 125.3 -64 3
      vertex 109.7 -64 3
      vertex 125.308 -64.1666 3
    endloop
  endfacet
  facet normal 0 0 1
    outer loop
      vertex 109.692 -64.1666 3
      vertex 125.308 -64.1666 3
      vertex 109.7 -64 3
    endloop
  endfacet
  facet normal 0 0 1
    outer loop
      vertex 125.308 -64.1666 3
      vertex 109.692 -64.1666 3
      vertex 125.333 -64.3316 3
    endloop
  endfacet
  facet normal 0 0 1
    outer loop
      vertex 109.667 -64.3316 3
      vertex 125.333 -64.3316 3
      vertex 109.692 -64.1666 3
    endloop
  endfacet
  facet normal 0 0 1
    outer loop
      vertex 125.333 -64.3316 3
      vertex 109.667 -64.3316 3
      vertex 125.373 -64.4935 3
    endloop
  endfacet
  facet normal 0 0 1
    outer loop
      vertex 109.627 -64.4935 3
      vertex 125.373 -64.4935 3
      vertex 109.667 -64.3316 3
    endloop
  endfacet
  facet normal 0 0 1
    outer loop
      vertex 125.373 -64.4935 3
      vertex 109.627 -64.4935 3
      vertex 125.429 -64.6506 3
    endloop
  endfacet
  facet normal 0 0 1
    outer loop
      vertex 109.571 -64.6506 3
      vertex 125.429 -64.6506 3
      vertex 109.627 -64.4935 3
    endloop
  endfacet
  facet normal 0 0 1
    outer loop
      vertex 125.429 -64.6506 3
      vertex 109.571 -64.6506 3
      vertex 125.501 -64.8014 3
    endloop
  endfacet
  facet normal 0 0 1
    outer loop
      vertex 109.499 -64.8014 3
      vertex 125.501 -64.8014 3
      vertex 109.571 -64.6506 3
    endloop
  endfacet
  facet normal 0 0 1
    outer loop
      vertex 125.501 -64.8014 3
      vertex 109.499 -64.8014 3
      vertex 125.587 -64.9445 3
    endloop
  endfacet
  facet normal 0 0 1
    outer loop
      vertex 109.413 -64.9445 3
      vertex 125.587 -64.9445 3
      vertex 109.499 -64.8014 3
    endloop
  endfacet
  facet normal 0 0 1
    outer loop
      vertex 125.587 -64.9445 3
      vertex 109.413 -64.9445 3
      vertex 125.686 -65.0785 3
    endloop
  endfacet
  facet normal 0 0 1
    outer loop
      vertex 109.314 -65.0785 3
      vertex 125.686 -65.0785 3
      vertex 109.413 -64.9445 3
    endloop
  endfacet
  facet normal 0 0 1
    outer loop
      vertex 125.686 -65.0785 3
      vertex 109.314 -65.0785 3
      vertex 125.798 -65.2021 3
    endloop
  endfacet
  facet normal 0 0 1
    outer loop
      vertex 109.202 -65.2021 3
      vertex 125.798 -65.2021 3
      vertex 109.314 -65.0785 3
    endloop
  endfacet
  facet normal 0 0 1
    outer loop
      vertex 125.798 -65.2021 3
      vertex 109.202 -65.2021 3
      vertex 125.922 -65.3141 3
    endloop
  endfacet
  facet normal 0 0 1
    outer loop
      vertex 109.078 -65.3141 3
      vertex 125.922 -65.3141 3
      vertex 109.202 -65.2021 3
    endloop
  endfacet
  facet normal 0 0 1
    outer loop
      vertex 125.922 -65.3141 3
      vertex 109.078 -65.3141 3
      vertex 126.056 -65.4135 3
    endloop
  endfacet
  facet normal 0 0 1
    outer loop
      vertex 108.944 -65.4135 3
      vertex 126.056 -65.4135 3
      vertex 109.078 -65.3141 3
    endloop
  endfacet
  facet normal 0 0 1
    outer loop
      vertex 126.056 -65.4135 3
      vertex 108.944 -65.4135 3
      vertex 126.199 -65.4993 3
    endloop
  endfacet
  facet normal 0 0 1
    outer loop
      vertex 108.801 -65.4993 3
      vertex 126.199 -65.4993 3
      vertex 108.944 -65.4135 3
    endloop
  endfacet
  facet normal 0 0 1
    outer loop
      vertex 126.199 -65.4993 3
      vertex 108.801 -65.4993 3
      vertex 126.349 -65.5706 3
    endloop
  endfacet
  facet normal 0 0 1
    outer loop
      vertex 108.651 -65.5706 3
      vertex 126.349 -65.5706 3
      vertex 108.801 -65.4993 3
    endloop
  endfacet
  facet normal 0 0 1
    outer loop
      vertex 126.349 -65.5706 3
      vertex 108.651 -65.5706 3
      vertex 126.507 -65.6268 3
    endloop
  endfacet
  facet normal 0 0 1
    outer loop
      vertex 108.493 -65.6268 3
      vertex 126.507 -65.6268 3
      vertex 108.651 -65.5706 3
    endloop
  endfacet
  facet normal 0 0 1
    outer loop
      vertex 126.507 -65.6268 3
      vertex 108.493 -65.6268 3
      vertex 126.668 -65.6673 3
    endloop
  endfacet
  facet normal 0 0 1
    outer loop
      vertex 108.332 -65.6673 3
      vertex 126.668 -65.6673 3
      vertex 108.493 -65.6268 3
    endloop
  endfacet
  facet normal 0 0 1
    outer loop
      vertex 94 -71 3
      vertex 126.668 -65.6673 3
      vertex 108.332 -65.6673 3
    endloop
  endfacet
  facet normal 0 0 1
    outer loop
      vertex 126.668 -65.6673 3
      vertex 94 -71 3
      vertex 126.833 -65.6918 3
    endloop
  endfacet
  facet normal 0 0 1
    outer loop
      vertex 94 -71 3
      vertex 108.332 -65.6673 3
      vertex 108.167 -65.6918 3
    endloop
  endfacet
  facet normal 0 0 1
    outer loop
      vertex 94 -71 3
      vertex 108.167 -65.6918 3
      vertex 108 -65.7 3
    endloop
  endfacet
  facet normal 0 0 1
    outer loop
      vertex 94 -71 3
      vertex 108 -65.7 3
      vertex 107.833 -65.6918 3
    endloop
  endfacet
  facet normal 0 0 1
    outer loop
      vertex 106.333 -63.6683 3
      vertex 101.8 -55.5 3
      vertex 106.308 -63.8334 3
    endloop
  endfacet
  facet normal 0 0 1
    outer loop
      vertex 94 -71 3
      vertex 106.308 -63.8334 3
      vertex 101.8 -55.5 3
    endloop
  endfacet
  facet normal 0 0 1
    outer loop
      vertex 106.308 -63.8334 3
      vertex 94 -71 3
      vertex 106.3 -64 3
    endloop
  endfacet
  facet normal 0 0 1
    outer loop
      vertex 106.3 -64 3
      vertex 94 -71 3
      vertex 106.308 -64.1666 3
    endloop
  endfacet
  facet normal 0 0 1
    outer loop
      vertex 106.308 -64.1666 3
      vertex 94 -71 3
      vertex 106.333 -64.3316 3
    endloop
  endfacet
  facet normal 0 0 1
    outer loop
      vertex 106.333 -64.3316 3
      vertex 94 -71 3
      vertex 106.373 -64.4935 3
    endloop
  endfacet
  facet normal 0 0 1
    outer loop
      vertex 106.373 -64.4935 3
      vertex 94 -71 3
      vertex 106.429 -64.6506 3
    endloop
  endfacet
  facet normal 0 0 1
    outer loop
      vertex 94 -71 3
      vertex 101.8 -55.5 3
      vertex 94 -54.5 3
    endloop
  endfacet
  facet normal 0 0 1
    outer loop
      vertex 106.429 -64.6506 3
      vertex 94 -71 3
      vertex 106.501 -64.8014 3
    endloop
  endfacet
  facet normal 0 0 1
    outer loop
      vertex 106.501 -64.8014 3
      vertex 94 -71 3
      vertex 106.587 -64.9445 3
    endloop
  endfacet
  facet normal 0 0 1
    outer loop
      vertex 106.587 -64.9445 3
      vertex 94 -71 3
      vertex 106.686 -65.0785 3
    endloop
  endfacet
  facet normal 0 0 1
    outer loop
      vertex 106.686 -65.0785 3
      vertex 94 -71 3
      vertex 106.798 -65.2021 3
    endloop
  endfacet
  facet normal 0 0 1
    outer loop
      vertex 127.167 -65.6918 3
      vertex 94 -71 3
      vertex 195.5 -71 3
    endloop
  endfacet
  facet normal 0 0 1
    outer loop
      vertex 107.668 -65.6673 3
      vertex 94 -71 3
      vertex 107.833 -65.6918 3
    endloop
  endfacet
  facet normal 0 0 1
    outer loop
      vertex 107.507 -65.6268 3
      vertex 94 -71 3
      vertex 107.668 -65.6673 3
    endloop
  endfacet
  facet normal 0 0 1
    outer loop
      vertex 107.349 -65.5706 3
      vertex 94 -71 3
      vertex 107.507 -65.6268 3
    endloop
  endfacet
  facet normal 0 0 1
    outer loop
      vertex 107.199 -65.4993 3
      vertex 94 -71 3
      vertex 107.349 -65.5706 3
    endloop
  endfacet
  facet normal 0 0 1
    outer loop
      vertex 107.056 -65.4135 3
      vertex 94 -71 3
      vertex 107.199 -65.4993 3
    endloop
  endfacet
  facet normal 0 0 1
    outer loop
      vertex 106.922 -65.3141 3
      vertex 94 -71 3
      vertex 107.056 -65.4135 3
    endloop
  endfacet
  facet normal 0 0 1
    outer loop
      vertex 106.798 -65.2021 3
      vertex 94 -71 3
      vertex 106.922 -65.3141 3
    endloop
  endfacet
  facet normal 0 0 1
    outer loop
      vertex 128.692 63.8334 3
      vertex 195.5 71 3
      vertex 128.7 64 3
    endloop
  endfacet
  facet normal 0 0 1
    outer loop
      vertex 195.5 71 3
      vertex 128.692 64.1666 3
      vertex 128.7 64 3
    endloop
  endfacet
  facet normal 0 0 1
    outer loop
      vertex 195.5 71 3
      vertex 128.667 64.3316 3
      vertex 128.692 64.1666 3
    endloop
  endfacet
  facet normal 0 0 1
    outer loop
      vertex 195.5 71 3
      vertex 128.627 64.4935 3
      vertex 128.667 64.3316 3
    endloop
  endfacet
  facet normal 0 0 1
    outer loop
      vertex 195.5 71 3
      vertex 128.571 64.6506 3
      vertex 128.627 64.4935 3
    endloop
  endfacet
  facet normal 0 0 1
    outer loop
      vertex 195.5 71 3
      vertex 128.499 64.8014 3
      vertex 128.571 64.6506 3
    endloop
  endfacet
  facet normal 0 0 1
    outer loop
      vertex 195.5 71 3
      vertex 128.413 64.9445 3
      vertex 128.499 64.8014 3
    endloop
  endfacet
  facet normal 0 0 1
    outer loop
      vertex 195.5 71 3
      vertex 128.314 65.0785 3
      vertex 128.413 64.9445 3
    endloop
  endfacet
  facet normal 0 0 1
    outer loop
      vertex 195.5 71 3
      vertex 128.202 65.2021 3
      vertex 128.314 65.0785 3
    endloop
  endfacet
  facet normal 0 0 1
    outer loop
      vertex 195.5 71 3
      vertex 128.078 65.3141 3
      vertex 128.202 65.2021 3
    endloop
  endfacet
  facet normal 0 0 1
    outer loop
      vertex 195.5 71 3
      vertex 127.944 65.4135 3
      vertex 128.078 65.3141 3
    endloop
  endfacet
  facet normal 0 0 1
    outer loop
      vertex 195.5 71 3
      vertex 127.801 65.4993 3
      vertex 127.944 65.4135 3
    endloop
  endfacet
  facet normal 0 0 1
    outer loop
      vertex 195.5 71 3
      vertex 127.651 65.5706 3
      vertex 127.801 65.4993 3
    endloop
  endfacet
  facet normal 0 0 1
    outer loop
      vertex 195.5 71 3
      vertex 127.493 65.6268 3
      vertex 127.651 65.5706 3
    endloop
  endfacet
  facet normal 0 0 1
    outer loop
      vertex 195.5 71 3
      vertex 127.332 65.6673 3
      vertex 127.493 65.6268 3
    endloop
  endfacet
  facet normal 0 0 1
    outer loop
      vertex 195.5 71 3
      vertex 127.167 65.6918 3
      vertex 127.332 65.6673 3
    endloop
  endfacet
  facet normal -0 0 1
    outer loop
      vertex 94 71 3
      vertex 127.167 65.6918 3
      vertex 195.5 71 3
    endloop
  endfacet
  facet normal 0 0 1
    outer loop
      vertex 127.167 65.6918 3
      vertex 94 71 3
      vertex 127 65.7 3
    endloop
  endfacet
  facet normal 0 0 1
    outer loop
      vertex 109.7 64 3
      vertex 125.3 64 3
      vertex 125.308 64.1666 3
    endloop
  endfacet
  facet normal 0 0 1
    outer loop
      vertex 109.692 64.1666 3
      vertex 125.308 64.1666 3
      vertex 125.333 64.3316 3
    endloop
  endfacet
  facet normal 0 0 1
    outer loop
      vertex 109.667 64.3316 3
      vertex 125.333 64.3316 3
      vertex 125.373 64.4935 3
    endloop
  endfacet
  facet normal 0 0 1
    outer loop
      vertex 109.627 64.4935 3
      vertex 125.373 64.4935 3
      vertex 125.429 64.6506 3
    endloop
  endfacet
  facet normal 0 0 1
    outer loop
      vertex 109.571 64.6506 3
      vertex 125.429 64.6506 3
      vertex 125.501 64.8014 3
    endloop
  endfacet
  facet normal 0 0 1
    outer loop
      vertex 125.3 64 3
      vertex 109.7 64 3
      vertex 109.692 63.8334 3
    endloop
  endfacet
  facet normal 0 0 1
    outer loop
      vertex 109.499 64.8014 3
      vertex 125.501 64.8014 3
      vertex 125.587 64.9445 3
    endloop
  endfacet
  facet normal 0 0 1
    outer loop
      vertex 109.413 64.9445 3
      vertex 125.587 64.9445 3
      vertex 125.686 65.0785 3
    endloop
  endfacet
  facet normal 0 0 1
    outer loop
      vertex 109.314 65.0785 3
      vertex 125.686 65.0785 3
      vertex 125.798 65.2021 3
    endloop
  endfacet
  facet normal 0 0 1
    outer loop
      vertex 109.202 65.2021 3
      vertex 125.798 65.2021 3
      vertex 125.922 65.3141 3
    endloop
  endfacet
  facet normal 0 0 1
    outer loop
      vertex 109.078 65.3141 3
      vertex 125.922 65.3141 3
      vertex 126.056 65.4135 3
    endloop
  endfacet
  facet normal 0 0 1
    outer loop
      vertex 108.944 65.4135 3
      vertex 126.056 65.4135 3
      vertex 126.199 65.4993 3
    endloop
  endfacet
  facet normal 0 0 1
    outer loop
      vertex 108.801 65.4993 3
      vertex 126.199 65.4993 3
      vertex 126.349 65.5706 3
    endloop
  endfacet
  facet normal 0 0 1
    outer loop
      vertex 108.651 65.5706 3
      vertex 126.349 65.5706 3
      vertex 126.507 65.6268 3
    endloop
  endfacet
  facet normal 0 0 1
    outer loop
      vertex 108.493 65.6268 3
      vertex 126.507 65.6268 3
      vertex 126.668 65.6673 3
    endloop
  endfacet
  facet normal 0 0 1
    outer loop
      vertex 94 71 3
      vertex 126.668 65.6673 3
      vertex 126.833 65.6918 3
    endloop
  endfacet
  facet normal 0 0 1
    outer loop
      vertex 125.308 64.1666 3
      vertex 109.692 64.1666 3
      vertex 109.7 64 3
    endloop
  endfacet
  facet normal 0 0 1
    outer loop
      vertex 125.333 64.3316 3
      vertex 109.667 64.3316 3
      vertex 109.692 64.1666 3
    endloop
  endfacet
  facet normal 0 0 1
    outer loop
      vertex 125.373 64.4935 3
      vertex 109.627 64.4935 3
      vertex 109.667 64.3316 3
    endloop
  endfacet
  facet normal 0 0 1
    outer loop
      vertex 127 65.7 3
      vertex 94 71 3
      vertex 126.833 65.6918 3
    endloop
  endfacet
  facet normal 0 0 1
    outer loop
      vertex 125.429 64.6506 3
      vertex 109.571 64.6506 3
      vertex 109.627 64.4935 3
    endloop
  endfacet
  facet normal 0 0 1
    outer loop
      vertex 125.501 64.8014 3
      vertex 109.499 64.8014 3
      vertex 109.571 64.6506 3
    endloop
  endfacet
  facet normal 0 0 1
    outer loop
      vertex 125.587 64.9445 3
      vertex 109.413 64.9445 3
      vertex 109.499 64.8014 3
    endloop
  endfacet
  facet normal 0 0 1
    outer loop
      vertex 125.686 65.0785 3
      vertex 109.314 65.0785 3
      vertex 109.413 64.9445 3
    endloop
  endfacet
  facet normal 0 0 1
    outer loop
      vertex 125.798 65.2021 3
      vertex 109.202 65.2021 3
      vertex 109.314 65.0785 3
    endloop
  endfacet
  facet normal 0 0 1
    outer loop
      vertex 125.922 65.3141 3
      vertex 109.078 65.3141 3
      vertex 109.202 65.2021 3
    endloop
  endfacet
  facet normal 0 0 1
    outer loop
      vertex 126.056 65.4135 3
      vertex 108.944 65.4135 3
      vertex 109.078 65.3141 3
    endloop
  endfacet
  facet normal 0 0 1
    outer loop
      vertex 126.199 65.4993 3
      vertex 108.801 65.4993 3
      vertex 108.944 65.4135 3
    endloop
  endfacet
  facet normal 0 0 1
    outer loop
      vertex 126.349 65.5706 3
      vertex 108.651 65.5706 3
      vertex 108.801 65.4993 3
    endloop
  endfacet
  facet normal 0 0 1
    outer loop
      vertex 126.507 65.6268 3
      vertex 108.493 65.6268 3
      vertex 108.651 65.5706 3
    endloop
  endfacet
  facet normal 0 0 1
    outer loop
      vertex 126.668 65.6673 3
      vertex 94 71 3
      vertex 108.332 65.6673 3
    endloop
  endfacet
  facet normal 0 0 1
    outer loop
      vertex 126.668 65.6673 3
      vertex 108.332 65.6673 3
      vertex 108.493 65.6268 3
    endloop
  endfacet
  facet normal 0 0 1
    outer loop
      vertex 108.332 65.6673 3
      vertex 94 71 3
      vertex 108.167 65.6918 3
    endloop
  endfacet
  facet normal 0 0 1
    outer loop
      vertex 108.167 65.6918 3
      vertex 94 71 3
      vertex 108 65.7 3
    endloop
  endfacet
  facet normal 0 0 1
    outer loop
      vertex 106.308 64.1666 3
      vertex 94 71 3
      vertex 106.3 64 3
    endloop
  endfacet
  facet normal 0 0 1
    outer loop
      vertex 106.333 64.3316 3
      vertex 94 71 3
      vertex 106.308 64.1666 3
    endloop
  endfacet
  facet normal 0 0 1
    outer loop
      vertex 106.373 64.4935 3
      vertex 94 71 3
      vertex 106.333 64.3316 3
    endloop
  endfacet
  facet normal 0 0 1
    outer loop
      vertex 106.429 64.6506 3
      vertex 94 71 3
      vertex 106.373 64.4935 3
    endloop
  endfacet
  facet normal 0 0 1
    outer loop
      vertex 106.501 64.8014 3
      vertex 94 71 3
      vertex 106.429 64.6506 3
    endloop
  endfacet
  facet normal 0 0 1
    outer loop
      vertex 106.587 64.9445 3
      vertex 94 71 3
      vertex 106.501 64.8014 3
    endloop
  endfacet
  facet normal 0 0 1
    outer loop
      vertex 106.686 65.0785 3
      vertex 94 71 3
      vertex 106.587 64.9445 3
    endloop
  endfacet
  facet normal 0 0 1
    outer loop
      vertex 106.798 65.2021 3
      vertex 94 71 3
      vertex 106.686 65.0785 3
    endloop
  endfacet
  facet normal 0 0 1
    outer loop
      vertex 106.922 65.3141 3
      vertex 94 71 3
      vertex 106.798 65.2021 3
    endloop
  endfacet
  facet normal 0 0 1
    outer loop
      vertex 107.056 65.4135 3
      vertex 94 71 3
      vertex 106.922 65.3141 3
    endloop
  endfacet
  facet normal 0 0 1
    outer loop
      vertex 107.199 65.4993 3
      vertex 94 71 3
      vertex 107.056 65.4135 3
    endloop
  endfacet
  facet normal 0 0 1
    outer loop
      vertex 107.349 65.5706 3
      vertex 94 71 3
      vertex 107.199 65.4993 3
    endloop
  endfacet
  facet normal 0 0 1
    outer loop
      vertex 107.507 65.6268 3
      vertex 94 71 3
      vertex 107.349 65.5706 3
    endloop
  endfacet
  facet normal 0 0 1
    outer loop
      vertex 107.668 65.6673 3
      vertex 94 71 3
      vertex 107.507 65.6268 3
    endloop
  endfacet
  facet normal 0 0 1
    outer loop
      vertex 107.833 65.6918 3
      vertex 94 71 3
      vertex 107.668 65.6673 3
    endloop
  endfacet
  facet normal 0 0 1
    outer loop
      vertex 108 65.7 3
      vertex 94 71 3
      vertex 107.833 65.6918 3
    endloop
  endfacet
  facet normal 0 0 1
    outer loop
      vertex 195.5 71 3
      vertex 128.692 63.8334 3
      vertex 195.5 48.5 3
    endloop
  endfacet
  facet normal -0 0 1
    outer loop
      vertex 128.667 63.6683 3
      vertex 195.5 48.5 3
      vertex 128.692 63.8334 3
    endloop
  endfacet
  facet normal -0 0 1
    outer loop
      vertex 128.627 63.5065 3
      vertex 195.5 48.5 3
      vertex 128.667 63.6683 3
    endloop
  endfacet
  facet normal -0 0 1
    outer loop
      vertex 128.571 63.3494 3
      vertex 195.5 48.5 3
      vertex 128.627 63.5065 3
    endloop
  endfacet
  facet normal -0 0 1
    outer loop
      vertex 128.499 63.1986 3
      vertex 195.5 48.5 3
      vertex 128.571 63.3494 3
    endloop
  endfacet
  facet normal -0 0 1
    outer loop
      vertex 128.413 63.0555 3
      vertex 195.5 48.5 3
      vertex 128.499 63.1986 3
    endloop
  endfacet
  facet normal -0 0 1
    outer loop
      vertex 128.314 62.9215 3
      vertex 195.5 48.5 3
      vertex 128.413 63.0555 3
    endloop
  endfacet
  facet normal -0 0 1
    outer loop
      vertex 128.202 62.7979 3
      vertex 195.5 48.5 3
      vertex 128.314 62.9215 3
    endloop
  endfacet
  facet normal 0 0 1
    outer loop
      vertex 120 48.5 3
      vertex 128.202 62.7979 3
      vertex 128.078 62.6859 3
    endloop
  endfacet
  facet normal 0 0 1
    outer loop
      vertex 120 48.5 3
      vertex 128.078 62.6859 3
      vertex 127.944 62.5865 3
    endloop
  endfacet
  facet normal 0 0 1
    outer loop
      vertex 120 48.5 3
      vertex 127.944 62.5865 3
      vertex 127.801 62.5007 3
    endloop
  endfacet
  facet normal 0 0 1
    outer loop
      vertex 120 48.5 3
      vertex 127.801 62.5007 3
      vertex 127.651 62.4294 3
    endloop
  endfacet
  facet normal 0 0 1
    outer loop
      vertex 120 48.5 3
      vertex 127.651 62.4294 3
      vertex 127.493 62.3732 3
    endloop
  endfacet
  facet normal 0 0 1
    outer loop
      vertex 120 54.5 3
      vertex 127.493 62.3732 3
      vertex 127.332 62.3327 3
    endloop
  endfacet
  facet normal 0 0 1
    outer loop
      vertex 120 54.5 3
      vertex 127.332 62.3327 3
      vertex 127.167 62.3082 3
    endloop
  endfacet
  facet normal 0 0 1
    outer loop
      vertex 120 54.5 3
      vertex 127.167 62.3082 3
      vertex 127 62.3 3
    endloop
  endfacet
  facet normal 0 0 1
    outer loop
      vertex 120 54.5 3
      vertex 127 62.3 3
      vertex 126.833 62.3082 3
    endloop
  endfacet
  facet normal 0 0 1
    outer loop
      vertex 120 54.5 3
      vertex 126.833 62.3082 3
      vertex 126.668 62.3327 3
    endloop
  endfacet
  facet normal 0 0 1
    outer loop
      vertex 120 54.5 3
      vertex 125.308 63.8334 3
      vertex 125.3 64 3
    endloop
  endfacet
  facet normal 0 0 1
    outer loop
      vertex 120 54.5 3
      vertex 125.333 63.6683 3
      vertex 125.308 63.8334 3
    endloop
  endfacet
  facet normal 0 0 1
    outer loop
      vertex 120 54.5 3
      vertex 125.373 63.5065 3
      vertex 125.333 63.6683 3
    endloop
  endfacet
  facet normal 0 0 1
    outer loop
      vertex 120 54.5 3
      vertex 125.429 63.3494 3
      vertex 125.373 63.5065 3
    endloop
  endfacet
  facet normal 0 0 1
    outer loop
      vertex 120 54.5 3
      vertex 125.501 63.1986 3
      vertex 125.429 63.3494 3
    endloop
  endfacet
  facet normal 0 0 1
    outer loop
      vertex 120 54.5 3
      vertex 125.587 63.0555 3
      vertex 125.501 63.1986 3
    endloop
  endfacet
  facet normal 0 0 1
    outer loop
      vertex 120 54.5 3
      vertex 125.686 62.9215 3
      vertex 125.587 63.0555 3
    endloop
  endfacet
  facet normal 0 0 1
    outer loop
      vertex 120 54.5 3
      vertex 125.798 62.7979 3
      vertex 125.686 62.9215 3
    endloop
  endfacet
  facet normal 0 0 1
    outer loop
      vertex 120 54.5 3
      vertex 125.922 62.6859 3
      vertex 125.798 62.7979 3
    endloop
  endfacet
  facet normal 0 0 1
    outer loop
      vertex 120 54.5 3
      vertex 126.056 62.5865 3
      vertex 125.922 62.6859 3
    endloop
  endfacet
  facet normal 0 0 1
    outer loop
      vertex 120 54.5 3
      vertex 126.199 62.5007 3
      vertex 126.056 62.5865 3
    endloop
  endfacet
  facet normal 0 0 1
    outer loop
      vertex 120 54.5 3
      vertex 126.349 62.4294 3
      vertex 126.199 62.5007 3
    endloop
  endfacet
  facet normal 0 0 1
    outer loop
      vertex 120 54.5 3
      vertex 126.507 62.3732 3
      vertex 126.349 62.4294 3
    endloop
  endfacet
  facet normal 0 0 1
    outer loop
      vertex 120 54.5 3
      vertex 126.668 62.3327 3
      vertex 126.507 62.3732 3
    endloop
  endfacet
  facet normal 0 0 1
    outer loop
      vertex 127.493 62.3732 3
      vertex 120 54.5 3
      vertex 120 48.5 3
    endloop
  endfacet
  facet normal 0 0 1
    outer loop
      vertex 128.202 62.7979 3
      vertex 120 48.5 3
      vertex 195.5 48.5 3
    endloop
  endfacet
  facet normal 0 0 1
    outer loop
      vertex 125.3 64 3
      vertex 109.692 63.8334 3
      vertex 109.667 63.6683 3
    endloop
  endfacet
  facet normal 0 0 1
    outer loop
      vertex 125.3 64 3
      vertex 109.667 63.6683 3
      vertex 120 54.5 3
    endloop
  endfacet
  facet normal -0 0 1
    outer loop
      vertex 109.627 63.5065 3
      vertex 120 54.5 3
      vertex 109.667 63.6683 3
    endloop
  endfacet
  facet normal -0 0 1
    outer loop
      vertex 109.571 63.3494 3
      vertex 120 54.5 3
      vertex 109.627 63.5065 3
    endloop
  endfacet
  facet normal -0 0 1
    outer loop
      vertex 109.499 63.1986 3
      vertex 120 54.5 3
      vertex 109.571 63.3494 3
    endloop
  endfacet
  facet normal -0 0 1
    outer loop
      vertex 109.413 63.0555 3
      vertex 120 54.5 3
      vertex 109.499 63.1986 3
    endloop
  endfacet
  facet normal -0 0 1
    outer loop
      vertex 109.314 62.9215 3
      vertex 120 54.5 3
      vertex 109.413 63.0555 3
    endloop
  endfacet
  facet normal -0 0 1
    outer loop
      vertex 109.202 62.7979 3
      vertex 120 54.5 3
      vertex 109.314 62.9215 3
    endloop
  endfacet
  facet normal -0 0 1
    outer loop
      vertex 109.078 62.6859 3
      vertex 120 54.5 3
      vertex 109.202 62.7979 3
    endloop
  endfacet
  facet normal -0 0 1
    outer loop
      vertex 108.944 62.5865 3
      vertex 120 54.5 3
      vertex 109.078 62.6859 3
    endloop
  endfacet
  facet normal -0 0 1
    outer loop
      vertex 108.801 62.5007 3
      vertex 120 54.5 3
      vertex 108.944 62.5865 3
    endloop
  endfacet
  facet normal -0 0 1
    outer loop
      vertex 108.651 62.4294 3
      vertex 120 54.5 3
      vertex 108.801 62.5007 3
    endloop
  endfacet
  facet normal -0 0 1
    outer loop
      vertex 108.493 62.3732 3
      vertex 120 54.5 3
      vertex 108.651 62.4294 3
    endloop
  endfacet
  facet normal -0 0 1
    outer loop
      vertex 108.332 62.3327 3
      vertex 120 54.5 3
      vertex 108.493 62.3732 3
    endloop
  endfacet
  facet normal -0 0 1
    outer loop
      vertex 108.167 62.3082 3
      vertex 120 54.5 3
      vertex 108.332 62.3327 3
    endloop
  endfacet
  facet normal -0 0 1
    outer loop
      vertex 108 62.3 3
      vertex 120 54.5 3
      vertex 108.167 62.3082 3
    endloop
  endfacet
  facet normal 0 0 1
    outer loop
      vertex 107.833 62.3082 3
      vertex 120 54.5 3
      vertex 108 62.3 3
    endloop
  endfacet
  facet normal 0 0 1
    outer loop
      vertex 94 54.5 3
      vertex 107.833 62.3082 3
      vertex 107.668 62.3327 3
    endloop
  endfacet
  facet normal 0 0 1
    outer loop
      vertex 94 54.5 3
      vertex 107.668 62.3327 3
      vertex 107.507 62.3732 3
    endloop
  endfacet
  facet normal 0 0 1
    outer loop
      vertex 94 54.5 3
      vertex 107.507 62.3732 3
      vertex 107.349 62.4294 3
    endloop
  endfacet
  facet normal 0 0 1
    outer loop
      vertex 94 54.5 3
      vertex 107.349 62.4294 3
      vertex 107.199 62.5007 3
    endloop
  endfacet
  facet normal 0 0 1
    outer loop
      vertex 94 54.5 3
      vertex 107.199 62.5007 3
      vertex 107.056 62.5865 3
    endloop
  endfacet
  facet normal 0 0 1
    outer loop
      vertex 94 71 3
      vertex 106.308 63.8334 3
      vertex 106.3 64 3
    endloop
  endfacet
  facet normal 0 0 1
    outer loop
      vertex 94 54.5 3
      vertex 106.308 63.8334 3
      vertex 94 71 3
    endloop
  endfacet
  facet normal 0 0 1
    outer loop
      vertex 106.308 63.8334 3
      vertex 94 54.5 3
      vertex 106.333 63.6683 3
    endloop
  endfacet
  facet normal 0 0 1
    outer loop
      vertex 106.333 63.6683 3
      vertex 94 54.5 3
      vertex 106.373 63.5065 3
    endloop
  endfacet
  facet normal 0 0 1
    outer loop
      vertex 106.373 63.5065 3
      vertex 94 54.5 3
      vertex 106.429 63.3494 3
    endloop
  endfacet
  facet normal 0 0 1
    outer loop
      vertex 106.429 63.3494 3
      vertex 94 54.5 3
      vertex 106.501 63.1986 3
    endloop
  endfacet
  facet normal 0 0 1
    outer loop
      vertex 106.501 63.1986 3
      vertex 94 54.5 3
      vertex 106.587 63.0555 3
    endloop
  endfacet
  facet normal 0 0 1
    outer loop
      vertex 106.587 63.0555 3
      vertex 94 54.5 3
      vertex 106.686 62.9215 3
    endloop
  endfacet
  facet normal 0 0 1
    outer loop
      vertex 106.686 62.9215 3
      vertex 94 54.5 3
      vertex 106.798 62.7979 3
    endloop
  endfacet
  facet normal 0 0 1
    outer loop
      vertex 106.798 62.7979 3
      vertex 94 54.5 3
      vertex 106.922 62.6859 3
    endloop
  endfacet
  facet normal 0 0 1
    outer loop
      vertex 107.833 62.3082 3
      vertex 94 54.5 3
      vertex 120 54.5 3
    endloop
  endfacet
  facet normal 0 0 1
    outer loop
      vertex 106.922 62.6859 3
      vertex 94 54.5 3
      vertex 107.056 62.5865 3
    endloop
  endfacet
  facet normal 0 0 1
    outer loop
      vertex 192.5 45.5 3
      vertex 186.5 33.5 3
      vertex 192.5 -45.5 3
    endloop
  endfacet
  facet normal 0 0 1
    outer loop
      vertex 192.5 45.5 3
      vertex 133 33.5 3
      vertex 186.5 33.5 3
    endloop
  endfacet
  facet normal 0 0 1
    outer loop
      vertex 133 33.5 3
      vertex 120 45.5 3
      vertex 133 -33.5 3
    endloop
  endfacet
  facet normal -0 0 1
    outer loop
      vertex 120 45.5 3
      vertex 133 33.5 3
      vertex 192.5 45.5 3
    endloop
  endfacet
  facet normal -0 0 1
    outer loop
      vertex 186.5 -33.5 3
      vertex 192.5 -45.5 3
      vertex 186.5 33.5 3
    endloop
  endfacet
  facet normal -0 0 1
    outer loop
      vertex 133 -33.5 3
      vertex 192.5 -45.5 3
      vertex 186.5 -33.5 3
    endloop
  endfacet
  facet normal 0 0 1
    outer loop
      vertex 133 -33.5 3
      vertex 120 -45.5 3
      vertex 192.5 -45.5 3
    endloop
  endfacet
  facet normal 0 0 1
    outer loop
      vertex 120 -45.5 3
      vertex 133 -33.5 3
      vertex 120 45.5 3
    endloop
  endfacet
  facet normal -1 0 0
    outer loop
      vertex 94 71 0
      vertex 94 54.5 3
      vertex 94 71 3
    endloop
  endfacet
  facet normal -1 0 0
    outer loop
      vertex 94 54.5 3
      vertex 94 48.5 20
      vertex 94 54.5 20
    endloop
  endfacet
  facet normal -1 0 0
    outer loop
      vertex 94 48.5 20
      vertex 94 45.5 20
      vertex 94 48.5 53
    endloop
  endfacet
  facet normal -1 0 0
    outer loop
      vertex 94 54.5 3
      vertex 94 45.5 20
      vertex 94 48.5 20
    endloop
  endfacet
  facet normal -1 0 0
    outer loop
      vertex 94 54.5 3
      vertex 94 -45.5 20
      vertex 94 45.5 20
    endloop
  endfacet
  facet normal -1 0 0
    outer loop
      vertex 94 -54.5 3
      vertex 94 54.5 3
      vertex 94 71 0
    endloop
  endfacet
  facet normal -1 0 0
    outer loop
      vertex 94 -45.5 20
      vertex 94 -48.5 20
      vertex 94 -45.5 53
    endloop
  endfacet
  facet normal -1 0 0
    outer loop
      vertex 94 54.5 3
      vertex 94 -54.5 3
      vertex 94 -45.5 20
    endloop
  endfacet
  facet normal -1 -0 0
    outer loop
      vertex 94 -45.5 20
      vertex 94 -54.5 3
      vertex 94 -48.5 20
    endloop
  endfacet
  facet normal -1 0 0
    outer loop
      vertex 94 -71 0
      vertex 94 -54.5 3
      vertex 94 71 0
    endloop
  endfacet
  facet normal -1 -0 0
    outer loop
      vertex 94 -54.5 3
      vertex 94 -71 0
      vertex 94 -71 3
    endloop
  endfacet
  facet normal -1 -0 0
    outer loop
      vertex 94 48.5 53
      vertex 94 45.5 20
      vertex 94 45.5 53
    endloop
  endfacet
  facet normal -1 -0 0
    outer loop
      vertex 94 -45.5 53
      vertex 94 -48.5 20
      vertex 94 -48.5 53
    endloop
  endfacet
  facet normal -1 -0 0
    outer loop
      vertex 94 -48.5 20
      vertex 94 -54.5 3
      vertex 94 -54.5 20
    endloop
  endfacet
  facet normal 0 1 0
    outer loop
      vertex 192.5 -45.5 53
      vertex 119 -45.5 37
      vertex 94 -45.5 53
    endloop
  endfacet
  facet normal 0 1 0
    outer loop
      vertex 192.5 -45.5 53
      vertex 119 -45.5 29
      vertex 119 -45.5 37
    endloop
  endfacet
  facet normal 0 1 0
    outer loop
      vertex 119 -45.5 29
      vertex 110 -45.5 24
      vertex 109 -45.5 29
    endloop
  endfacet
  facet normal 0 1 -0
    outer loop
      vertex 120 -45.5 20
      vertex 119 -45.5 29
      vertex 192.5 -45.5 53
    endloop
  endfacet
  facet normal 0 1 0
    outer loop
      vertex 119 -45.5 29
      vertex 120 -45.5 20
      vertex 110 -45.5 24
    endloop
  endfacet
  facet normal 0 1 -0
    outer loop
      vertex 192.5 -45.5 3
      vertex 120 -45.5 20
      vertex 192.5 -45.5 53
    endloop
  endfacet
  facet normal 0 1 0
    outer loop
      vertex 120 -45.5 20
      vertex 192.5 -45.5 3
      vertex 120 -45.5 3
    endloop
  endfacet
  facet normal 0 1 -0
    outer loop
      vertex 109 -45.5 37
      vertex 94 -45.5 53
      vertex 119 -45.5 37
    endloop
  endfacet
  facet normal 0 1 0
    outer loop
      vertex 98 -45.5 24
      vertex 109 -45.5 37
      vertex 109 -45.5 29
    endloop
  endfacet
  facet normal 0 1 0
    outer loop
      vertex 98 -45.5 24
      vertex 109 -45.5 29
      vertex 110 -45.5 24
    endloop
  endfacet
  facet normal 0 1 0
    outer loop
      vertex 109 -45.5 37
      vertex 98 -45.5 24
      vertex 94 -45.5 53
    endloop
  endfacet
  facet normal 0 1 0
    outer loop
      vertex 94 -45.5 20
      vertex 98 -45.5 24
      vertex 98 -45.5 20
    endloop
  endfacet
  facet normal 0 1 0
    outer loop
      vertex 98 -45.5 24
      vertex 94 -45.5 20
      vertex 94 -45.5 53
    endloop
  endfacet
  facet normal 0 1 0
    outer loop
      vertex 110 -45.5 24
      vertex 120 -45.5 20
      vertex 110 -45.5 20
    endloop
  endfacet
  facet normal 0 -1 0
    outer loop
      vertex 120 -48.5 20
      vertex 94 -48.5 53
      vertex 94 -48.5 20
    endloop
  endfacet
  facet normal 0 -1 0
    outer loop
      vertex 94 -48.5 53
      vertex 120 -48.5 20
      vertex 195.5 -48.5 53
    endloop
  endfacet
  facet normal 0 -1 0
    outer loop
      vertex 195.5 -48.5 3
      vertex 120 -48.5 20
      vertex 120 -48.5 3
    endloop
  endfacet
  facet normal 0 -1 0
    outer loop
      vertex 120 -48.5 20
      vertex 195.5 -48.5 3
      vertex 195.5 -48.5 53
    endloop
  endfacet
  facet normal 0 1 -0
    outer loop
      vertex 116.801 48.5 34.4993
      vertex 94 48.5 53
      vertex 195.5 48.5 53
    endloop
  endfacet
  facet normal 0 1 0
    outer loop
      vertex 94 48.5 53
      vertex 116.167 48.5 34.6918
      vertex 116 48.5 34.7
    endloop
  endfacet
  facet normal 0 1 0
    outer loop
      vertex 94 48.5 53
      vertex 116.332 48.5 34.6673
      vertex 116.167 48.5 34.6918
    endloop
  endfacet
  facet normal 0 1 0
    outer loop
      vertex 94 48.5 53
      vertex 116.493 48.5 34.6268
      vertex 116.332 48.5 34.6673
    endloop
  endfacet
  facet normal 0 1 0
    outer loop
      vertex 94 48.5 53
      vertex 116.651 48.5 34.5706
      vertex 116.493 48.5 34.6268
    endloop
  endfacet
  facet normal 0 1 0
    outer loop
      vertex 94 48.5 53
      vertex 116.801 48.5 34.4993
      vertex 116.651 48.5 34.5706
    endloop
  endfacet
  facet normal 0 1 0
    outer loop
      vertex 195.5 48.5 53
      vertex 116.944 48.5 34.4135
      vertex 116.801 48.5 34.4993
    endloop
  endfacet
  facet normal 0 1 0
    outer loop
      vertex 195.5 48.5 53
      vertex 117.078 48.5 34.3141
      vertex 116.944 48.5 34.4135
    endloop
  endfacet
  facet normal 0 1 0
    outer loop
      vertex 195.5 48.5 53
      vertex 117.202 48.5 34.2021
      vertex 117.078 48.5 34.3141
    endloop
  endfacet
  facet normal 0 1 0
    outer loop
      vertex 195.5 48.5 53
      vertex 117.314 48.5 34.0785
      vertex 117.202 48.5 34.2021
    endloop
  endfacet
  facet normal 0 1 0
    outer loop
      vertex 195.5 48.5 53
      vertex 117.413 48.5 33.9445
      vertex 117.314 48.5 34.0785
    endloop
  endfacet
  facet normal 0 1 0
    outer loop
      vertex 195.5 48.5 53
      vertex 117.499 48.5 33.8014
      vertex 117.413 48.5 33.9445
    endloop
  endfacet
  facet normal 0 1 0
    outer loop
      vertex 195.5 48.5 53
      vertex 117.571 48.5 33.6506
      vertex 117.499 48.5 33.8014
    endloop
  endfacet
  facet normal 0 1 0
    outer loop
      vertex 195.5 48.5 53
      vertex 117.627 48.5 33.4935
      vertex 117.571 48.5 33.6506
    endloop
  endfacet
  facet normal 0 1 0
    outer loop
      vertex 195.5 48.5 53
      vertex 117.667 48.5 33.3317
      vertex 117.627 48.5 33.4935
    endloop
  endfacet
  facet normal 0 1 0
    outer loop
      vertex 195.5 48.5 53
      vertex 117.692 48.5 33.1666
      vertex 117.667 48.5 33.3317
    endloop
  endfacet
  facet normal 0 1 0
    outer loop
      vertex 195.5 48.5 53
      vertex 117.7 48.5 33
      vertex 117.692 48.5 33.1666
    endloop
  endfacet
  facet normal 0 1 -0
    outer loop
      vertex 120 48.5 20
      vertex 117.7 48.5 33
      vertex 195.5 48.5 53
    endloop
  endfacet
  facet normal 0 1 0
    outer loop
      vertex 117.7 48.5 33
      vertex 120 48.5 20
      vertex 117.692 48.5 32.8334
    endloop
  endfacet
  facet normal 0 1 0
    outer loop
      vertex 117.692 48.5 32.8334
      vertex 120 48.5 20
      vertex 117.667 48.5 32.6683
    endloop
  endfacet
  facet normal 0 1 0
    outer loop
      vertex 117.667 48.5 32.6683
      vertex 120 48.5 20
      vertex 117.627 48.5 32.5065
    endloop
  endfacet
  facet normal 0 1 0
    outer loop
      vertex 117.627 48.5 32.5065
      vertex 120 48.5 20
      vertex 117.571 48.5 32.3494
    endloop
  endfacet
  facet normal 0 1 0
    outer loop
      vertex 117.571 48.5 32.3494
      vertex 120 48.5 20
      vertex 117.499 48.5 32.1986
    endloop
  endfacet
  facet normal 0 1 0
    outer loop
      vertex 117.499 48.5 32.1986
      vertex 120 48.5 20
      vertex 117.413 48.5 32.0555
    endloop
  endfacet
  facet normal 0 1 0
    outer loop
      vertex 117.413 48.5 32.0555
      vertex 120 48.5 20
      vertex 117.314 48.5 31.9215
    endloop
  endfacet
  facet normal 0 1 0
    outer loop
      vertex 117.314 48.5 31.9215
      vertex 120 48.5 20
      vertex 117.202 48.5 31.7979
    endloop
  endfacet
  facet normal 0 1 0
    outer loop
      vertex 117.202 48.5 31.7979
      vertex 120 48.5 20
      vertex 117.078 48.5 31.6859
    endloop
  endfacet
  facet normal 0 1 0
    outer loop
      vertex 117.078 48.5 31.6859
      vertex 120 48.5 20
      vertex 116.944 48.5 31.5865
    endloop
  endfacet
  facet normal 0 1 0
    outer loop
      vertex 116.944 48.5 31.5865
      vertex 120 48.5 20
      vertex 116.801 48.5 31.5007
    endloop
  endfacet
  facet normal 0 1 0
    outer loop
      vertex 116.801 48.5 31.5007
      vertex 120 48.5 20
      vertex 116.651 48.5 31.4294
    endloop
  endfacet
  facet normal 0 1 0
    outer loop
      vertex 120 48.5 20
      vertex 116 48.5 31.3
      vertex 116.167 48.5 31.3082
    endloop
  endfacet
  facet normal 0 1 0
    outer loop
      vertex 120 48.5 20
      vertex 116.167 48.5 31.3082
      vertex 116.332 48.5 31.3327
    endloop
  endfacet
  facet normal 0 1 0
    outer loop
      vertex 120 48.5 20
      vertex 116.332 48.5 31.3327
      vertex 116.493 48.5 31.3732
    endloop
  endfacet
  facet normal 0 1 0
    outer loop
      vertex 116.651 48.5 31.4294
      vertex 120 48.5 20
      vertex 116.493 48.5 31.3732
    endloop
  endfacet
  facet normal 0 1 0
    outer loop
      vertex 116 48.5 31.3
      vertex 120 48.5 20
      vertex 110.2 48.5 20.7
    endloop
  endfacet
  facet normal 0 1 -0
    outer loop
      vertex 195.5 48.5 3
      vertex 120 48.5 20
      vertex 195.5 48.5 53
    endloop
  endfacet
  facet normal 0 1 0
    outer loop
      vertex 120 48.5 20
      vertex 195.5 48.5 3
      vertex 120 48.5 3
    endloop
  endfacet
  facet normal 0 1 -0
    outer loop
      vertex 115.833 48.5 34.6918
      vertex 94 48.5 53
      vertex 116 48.5 34.7
    endloop
  endfacet
  facet normal 0 1 -0
    outer loop
      vertex 115.668 48.5 34.6673
      vertex 94 48.5 53
      vertex 115.833 48.5 34.6918
    endloop
  endfacet
  facet normal 0 1 -0
    outer loop
      vertex 115.507 48.5 34.6268
      vertex 94 48.5 53
      vertex 115.668 48.5 34.6673
    endloop
  endfacet
  facet normal 0 1 -0
    outer loop
      vertex 115.349 48.5 34.5706
      vertex 94 48.5 53
      vertex 115.507 48.5 34.6268
    endloop
  endfacet
  facet normal 0 1 -0
    outer loop
      vertex 115.199 48.5 34.4993
      vertex 94 48.5 53
      vertex 115.349 48.5 34.5706
    endloop
  endfacet
  facet normal 0 1 -0
    outer loop
      vertex 115.056 48.5 34.4135
      vertex 94 48.5 53
      vertex 115.199 48.5 34.4993
    endloop
  endfacet
  facet normal 0 1 -0
    outer loop
      vertex 114.922 48.5 34.3141
      vertex 94 48.5 53
      vertex 115.056 48.5 34.4135
    endloop
  endfacet
  facet normal 0 1 -0
    outer loop
      vertex 114.798 48.5 34.2021
      vertex 94 48.5 53
      vertex 114.922 48.5 34.3141
    endloop
  endfacet
  facet normal 0 1 -0
    outer loop
      vertex 114.686 48.5 34.0785
      vertex 94 48.5 53
      vertex 114.798 48.5 34.2021
    endloop
  endfacet
  facet normal 0 1 -0
    outer loop
      vertex 114.587 48.5 33.9445
      vertex 94 48.5 53
      vertex 114.686 48.5 34.0785
    endloop
  endfacet
  facet normal 0 1 -0
    outer loop
      vertex 114.501 48.5 33.8014
      vertex 94 48.5 53
      vertex 114.587 48.5 33.9445
    endloop
  endfacet
  facet normal 0 1 -0
    outer loop
      vertex 114.429 48.5 33.6506
      vertex 94 48.5 53
      vertex 114.501 48.5 33.8014
    endloop
  endfacet
  facet normal 0 1 -0
    outer loop
      vertex 114.373 48.5 33.4935
      vertex 94 48.5 53
      vertex 114.429 48.5 33.6506
    endloop
  endfacet
  facet normal 0 1 -0
    outer loop
      vertex 114.333 48.5 33.3317
      vertex 94 48.5 53
      vertex 114.373 48.5 33.4935
    endloop
  endfacet
  facet normal 0 1 0
    outer loop
      vertex 97.8 48.5 20.7
      vertex 114.333 48.5 33.3317
      vertex 114.308 48.5 33.1666
    endloop
  endfacet
  facet normal 0 1 0
    outer loop
      vertex 97.8 48.5 20.7
      vertex 114.308 48.5 33.1666
      vertex 114.3 48.5 33
    endloop
  endfacet
  facet normal 0 1 0
    outer loop
      vertex 97.8 48.5 20.7
      vertex 114.3 48.5 33
      vertex 114.308 48.5 32.8334
    endloop
  endfacet
  facet normal 0 1 0
    outer loop
      vertex 97.8 48.5 20.7
      vertex 114.308 48.5 32.8334
      vertex 114.333 48.5 32.6683
    endloop
  endfacet
  facet normal 0 1 0
    outer loop
      vertex 97.8 48.5 20.7
      vertex 114.333 48.5 32.6683
      vertex 114.373 48.5 32.5065
    endloop
  endfacet
  facet normal 0 1 0
    outer loop
      vertex 110.2 48.5 20.7
      vertex 114.373 48.5 32.5065
      vertex 114.429 48.5 32.3494
    endloop
  endfacet
  facet normal 0 1 0
    outer loop
      vertex 110.2 48.5 20.7
      vertex 114.429 48.5 32.3494
      vertex 114.501 48.5 32.1986
    endloop
  endfacet
  facet normal 0 1 0
    outer loop
      vertex 110.2 48.5 20.7
      vertex 114.501 48.5 32.1986
      vertex 114.587 48.5 32.0555
    endloop
  endfacet
  facet normal 0 1 0
    outer loop
      vertex 110.2 48.5 20.7
      vertex 114.587 48.5 32.0555
      vertex 114.686 48.5 31.9215
    endloop
  endfacet
  facet normal 0 1 0
    outer loop
      vertex 110.2 48.5 20.7
      vertex 114.686 48.5 31.9215
      vertex 114.798 48.5 31.7979
    endloop
  endfacet
  facet normal 0 1 0
    outer loop
      vertex 110.2 48.5 20.7
      vertex 115.833 48.5 31.3082
      vertex 116 48.5 31.3
    endloop
  endfacet
  facet normal 0 1 0
    outer loop
      vertex 110.2 48.5 20.7
      vertex 115.668 48.5 31.3327
      vertex 115.833 48.5 31.3082
    endloop
  endfacet
  facet normal 0 1 0
    outer loop
      vertex 110.2 48.5 20.7
      vertex 115.507 48.5 31.3732
      vertex 115.668 48.5 31.3327
    endloop
  endfacet
  facet normal 0 1 0
    outer loop
      vertex 110.2 48.5 20.7
      vertex 115.349 48.5 31.4294
      vertex 115.507 48.5 31.3732
    endloop
  endfacet
  facet normal 0 1 0
    outer loop
      vertex 110.2 48.5 20.7
      vertex 115.199 48.5 31.5007
      vertex 115.349 48.5 31.4294
    endloop
  endfacet
  facet normal 0 1 0
    outer loop
      vertex 110.2 48.5 20.7
      vertex 115.056 48.5 31.5865
      vertex 115.199 48.5 31.5007
    endloop
  endfacet
  facet normal 0 1 0
    outer loop
      vertex 110.2 48.5 20.7
      vertex 114.922 48.5 31.6859
      vertex 115.056 48.5 31.5865
    endloop
  endfacet
  facet normal 0 1 0
    outer loop
      vertex 110.2 48.5 20.7
      vertex 114.798 48.5 31.7979
      vertex 114.922 48.5 31.6859
    endloop
  endfacet
  facet normal 0 1 0
    outer loop
      vertex 114.373 48.5 32.5065
      vertex 110.2 48.5 20.7
      vertex 97.8 48.5 20.7
    endloop
  endfacet
  facet normal 0 1 0
    outer loop
      vertex 114.333 48.5 33.3317
      vertex 97.8 48.5 20.7
      vertex 94 48.5 53
    endloop
  endfacet
  facet normal 0 1 0
    outer loop
      vertex 94 48.5 20
      vertex 97.8 48.5 20.7
      vertex 97.8 48.5 20
    endloop
  endfacet
  facet normal 0 1 0
    outer loop
      vertex 97.8 48.5 20.7
      vertex 94 48.5 20
      vertex 94 48.5 53
    endloop
  endfacet
  facet normal 0 1 0
    outer loop
      vertex 110.2 48.5 20.7
      vertex 120 48.5 20
      vertex 110.2 48.5 20
    endloop
  endfacet
  facet normal 0 -1 0
    outer loop
      vertex 119 45.5 37
      vertex 94 45.5 53
      vertex 109 45.5 37
    endloop
  endfacet
  facet normal 0 -1 0
    outer loop
      vertex 98 45.5 24
      vertex 109 45.5 37
      vertex 94 45.5 53
    endloop
  endfacet
  facet normal 0 -1 0
    outer loop
      vertex 110 45.5 24
      vertex 109 45.5 29
      vertex 98 45.5 24
    endloop
  endfacet
  facet normal 0 -1 -0
    outer loop
      vertex 109 45.5 37
      vertex 98 45.5 24
      vertex 109 45.5 29
    endloop
  endfacet
  facet normal 0 -1 0
    outer loop
      vertex 94 45.5 20
      vertex 98 45.5 24
      vertex 94 45.5 53
    endloop
  endfacet
  facet normal 0 -1 -0
    outer loop
      vertex 98 45.5 24
      vertex 94 45.5 20
      vertex 98 45.5 20
    endloop
  endfacet
  facet normal 0 -1 0
    outer loop
      vertex 94 45.5 53
      vertex 119 45.5 37
      vertex 192.5 45.5 53
    endloop
  endfacet
  facet normal 0 -1 0
    outer loop
      vertex 119 45.5 29
      vertex 192.5 45.5 53
      vertex 119 45.5 37
    endloop
  endfacet
  facet normal 0 -1 0
    outer loop
      vertex 109 45.5 29
      vertex 110 45.5 24
      vertex 119 45.5 29
    endloop
  endfacet
  facet normal 0 -1 0
    outer loop
      vertex 120 45.5 20
      vertex 119 45.5 29
      vertex 110 45.5 24
    endloop
  endfacet
  facet normal 0 -1 0
    outer loop
      vertex 120 45.5 20
      vertex 110 45.5 24
      vertex 110 45.5 20
    endloop
  endfacet
  facet normal 0 -1 0
    outer loop
      vertex 119 45.5 29
      vertex 120 45.5 20
      vertex 192.5 45.5 53
    endloop
  endfacet
  facet normal 0 -1 0
    outer loop
      vertex 192.5 45.5 3
      vertex 120 45.5 20
      vertex 120 45.5 3
    endloop
  endfacet
  facet normal 0 -1 0
    outer loop
      vertex 120 45.5 20
      vertex 192.5 45.5 3
      vertex 192.5 45.5 53
    endloop
  endfacet
  facet normal 1 -0 0
    outer loop
      vertex 120 -45.5 20
      vertex 120 45.5 3
      vertex 120 45.5 20
    endloop
  endfacet
  facet normal 1 0 0
    outer loop
      vertex 120 45.5 3
      vertex 120 -45.5 20
      vertex 120 -45.5 3
    endloop
  endfacet
  facet normal 1 0 0
    outer loop
      vertex 120 -49 39
      vertex 120 -54.5 20
      vertex 120 -49 20
    endloop
  endfacet
  facet normal 1 -0 0
    outer loop
      vertex 120 -55 39
      vertex 120 -54.5 20
      vertex 120 -49 39
    endloop
  endfacet
  facet normal 1 0 0
    outer loop
      vertex 120 -54.5 20
      vertex 120 -55 39
      vertex 120 -55 20
    endloop
  endfacet
  facet normal 1 -0 0
    outer loop
      vertex 120 -49 20
      vertex 120 -48.5 3
      vertex 120 -48.5 20
    endloop
  endfacet
  facet normal 1 0 0
    outer loop
      vertex 120 -54.5 3
      vertex 120 -49 20
      vertex 120 -54.5 20
    endloop
  endfacet
  facet normal 1 0 0
    outer loop
      vertex 120 -49 20
      vertex 120 -54.5 3
      vertex 120 -48.5 3
    endloop
  endfacet
  facet normal 1 0 0
    outer loop
      vertex 120 55 39
      vertex 120 54.5 20
      vertex 120 55 20
    endloop
  endfacet
  facet normal 1 -0 0
    outer loop
      vertex 120 49 39
      vertex 120 54.5 20
      vertex 120 55 39
    endloop
  endfacet
  facet normal 1 0 0
    outer loop
      vertex 120 49 20
      vertex 120 54.5 20
      vertex 120 49 39
    endloop
  endfacet
  facet normal 1 0 0
    outer loop
      vertex 120 54.5 20
      vertex 120 49 20
      vertex 120 54.5 3
    endloop
  endfacet
  facet normal 1 0 0
    outer loop
      vertex 120 48.5 3
      vertex 120 49 20
      vertex 120 48.5 20
    endloop
  endfacet
  facet normal 1 0 0
    outer loop
      vertex 120 49 20
      vertex 120 48.5 3
      vertex 120 54.5 3
    endloop
  endfacet
  facet normal -0 0 1
    outer loop
      vertex 112 -49 39
      vertex 120 -55 39
      vertex 120 -49 39
    endloop
  endfacet
  facet normal 0 0 1
    outer loop
      vertex 120 -55 39
      vertex 112 -49 39
      vertex 112 -55 39
    endloop
  endfacet
  facet normal 0 0 1
    outer loop
      vertex 120 45.5 20
      vertex 115 0 20
      vertex 120 -45.5 20
    endloop
  endfacet
  facet normal 0 0 1
    outer loop
      vertex 120 45.5 20
      vertex 114.995 0.0980167 20
      vertex 115 0 20
    endloop
  endfacet
  facet normal 0 0 1
    outer loop
      vertex 120 45.5 20
      vertex 114.981 0.19509 20
      vertex 114.995 0.0980167 20
    endloop
  endfacet
  facet normal 0 0 1
    outer loop
      vertex 120 45.5 20
      vertex 114.957 0.290284 20
      vertex 114.981 0.19509 20
    endloop
  endfacet
  facet normal 0 0 1
    outer loop
      vertex 120 45.5 20
      vertex 114.924 0.382683 20
      vertex 114.957 0.290284 20
    endloop
  endfacet
  facet normal 0 0 1
    outer loop
      vertex 120 45.5 20
      vertex 114.882 0.471396 20
      vertex 114.924 0.382683 20
    endloop
  endfacet
  facet normal 0 0 1
    outer loop
      vertex 120 45.5 20
      vertex 114.831 0.55557 20
      vertex 114.882 0.471396 20
    endloop
  endfacet
  facet normal 0 0 1
    outer loop
      vertex 120 45.5 20
      vertex 114.773 0.634393 20
      vertex 114.831 0.55557 20
    endloop
  endfacet
  facet normal 0 0 1
    outer loop
      vertex 120 45.5 20
      vertex 114.707 0.707107 20
      vertex 114.773 0.634393 20
    endloop
  endfacet
  facet normal 0 0 1
    outer loop
      vertex 120 45.5 20
      vertex 114.634 0.77301 20
      vertex 114.707 0.707107 20
    endloop
  endfacet
  facet normal 0 0 1
    outer loop
      vertex 120 45.5 20
      vertex 114.556 0.83147 20
      vertex 114.634 0.77301 20
    endloop
  endfacet
  facet normal 0 0 1
    outer loop
      vertex 120 45.5 20
      vertex 114.471 0.881921 20
      vertex 114.556 0.83147 20
    endloop
  endfacet
  facet normal 0 0 1
    outer loop
      vertex 120 45.5 20
      vertex 114.383 0.923879 20
      vertex 114.471 0.881921 20
    endloop
  endfacet
  facet normal 0 0 1
    outer loop
      vertex 120 45.5 20
      vertex 114.29 0.95694 20
      vertex 114.383 0.923879 20
    endloop
  endfacet
  facet normal 0 0 1
    outer loop
      vertex 120 45.5 20
      vertex 114.195 0.980784 20
      vertex 114.29 0.95694 20
    endloop
  endfacet
  facet normal 0 0 1
    outer loop
      vertex 120 45.5 20
      vertex 114.098 0.995184 20
      vertex 114.195 0.980784 20
    endloop
  endfacet
  facet normal 0 0 1
    outer loop
      vertex 120 45.5 20
      vertex 114 1 20
      vertex 114.098 0.995184 20
    endloop
  endfacet
  facet normal -0 0 1
    outer loop
      vertex 110 45.5 20
      vertex 114 1 20
      vertex 120 45.5 20
    endloop
  endfacet
  facet normal 0 0 1
    outer loop
      vertex 114 1 20
      vertex 110 45.5 20
      vertex 113.902 0.995184 20
    endloop
  endfacet
  facet normal 0 0 1
    outer loop
      vertex 113.902 0.995184 20
      vertex 110 45.5 20
      vertex 113.805 0.980784 20
    endloop
  endfacet
  facet normal 0 0 1
    outer loop
      vertex 113.805 0.980784 20
      vertex 110 45.5 20
      vertex 113.71 0.95694 20
    endloop
  endfacet
  facet normal 0 0 1
    outer loop
      vertex 113.71 0.95694 20
      vertex 110 45.5 20
      vertex 113.617 0.923879 20
    endloop
  endfacet
  facet normal 0 0 1
    outer loop
      vertex 113.617 0.923879 20
      vertex 110 45.5 20
      vertex 113.529 0.881921 20
    endloop
  endfacet
  facet normal 0 0 1
    outer loop
      vertex 113.529 0.881921 20
      vertex 110 45.5 20
      vertex 113.444 0.83147 20
    endloop
  endfacet
  facet normal 0 0 1
    outer loop
      vertex 113.444 0.83147 20
      vertex 110 45.5 20
      vertex 113.366 0.77301 20
    endloop
  endfacet
  facet normal 0 0 1
    outer loop
      vertex 113.366 0.77301 20
      vertex 110 45.5 20
      vertex 113.293 0.707107 20
    endloop
  endfacet
  facet normal 0 0 1
    outer loop
      vertex 113.293 0.707107 20
      vertex 110 45.5 20
      vertex 113.227 0.634393 20
    endloop
  endfacet
  facet normal 0 0 1
    outer loop
      vertex 113.227 0.634393 20
      vertex 110 45.5 20
      vertex 113.169 0.55557 20
    endloop
  endfacet
  facet normal 0 0 1
    outer loop
      vertex 113.169 0.55557 20
      vertex 110 45.5 20
      vertex 113.118 0.471396 20
    endloop
  endfacet
  facet normal 0 0 1
    outer loop
      vertex 113.118 0.471396 20
      vertex 110 45.5 20
      vertex 113.076 0.382683 20
    endloop
  endfacet
  facet normal 0 0 1
    outer loop
      vertex 113.076 0.382683 20
      vertex 110 45.5 20
      vertex 113.043 0.290284 20
    endloop
  endfacet
  facet normal 0 0 1
    outer loop
      vertex 113.005 0.0980167 20
      vertex 110 45.5 20
      vertex 113 0 20
    endloop
  endfacet
  facet normal 0 0 1
    outer loop
      vertex 113.019 0.19509 20
      vertex 110 45.5 20
      vertex 113.005 0.0980167 20
    endloop
  endfacet
  facet normal 0 0 1
    outer loop
      vertex 113.043 0.290284 20
      vertex 110 45.5 20
      vertex 113.019 0.19509 20
    endloop
  endfacet
  facet normal -0 0 1
    outer loop
      vertex 114.995 -0.0980167 20
      vertex 120 -45.5 20
      vertex 115 0 20
    endloop
  endfacet
  facet normal -0 0 1
    outer loop
      vertex 114.981 -0.19509 20
      vertex 120 -45.5 20
      vertex 114.995 -0.0980167 20
    endloop
  endfacet
  facet normal -0 0 1
    outer loop
      vertex 114.957 -0.290284 20
      vertex 120 -45.5 20
      vertex 114.981 -0.19509 20
    endloop
  endfacet
  facet normal -0 0 1
    outer loop
      vertex 114.924 -0.382683 20
      vertex 120 -45.5 20
      vertex 114.957 -0.290284 20
    endloop
  endfacet
  facet normal -0 0 1
    outer loop
      vertex 114.882 -0.471396 20
      vertex 120 -45.5 20
      vertex 114.924 -0.382683 20
    endloop
  endfacet
  facet normal -0 0 1
    outer loop
      vertex 114.831 -0.55557 20
      vertex 120 -45.5 20
      vertex 114.882 -0.471396 20
    endloop
  endfacet
  facet normal -0 0 1
    outer loop
      vertex 114.773 -0.634393 20
      vertex 120 -45.5 20
      vertex 114.831 -0.55557 20
    endloop
  endfacet
  facet normal -0 0 1
    outer loop
      vertex 114.707 -0.707107 20
      vertex 120 -45.5 20
      vertex 114.773 -0.634393 20
    endloop
  endfacet
  facet normal -0 0 1
    outer loop
      vertex 114.634 -0.77301 20
      vertex 120 -45.5 20
      vertex 114.707 -0.707107 20
    endloop
  endfacet
  facet normal -0 0 1
    outer loop
      vertex 114.556 -0.83147 20
      vertex 120 -45.5 20
      vertex 114.634 -0.77301 20
    endloop
  endfacet
  facet normal -0 0 1
    outer loop
      vertex 114.471 -0.881921 20
      vertex 120 -45.5 20
      vertex 114.556 -0.83147 20
    endloop
  endfacet
  facet normal -0 0 1
    outer loop
      vertex 114.383 -0.923879 20
      vertex 120 -45.5 20
      vertex 114.471 -0.881921 20
    endloop
  endfacet
  facet normal -0 0 1
    outer loop
      vertex 114.29 -0.95694 20
      vertex 120 -45.5 20
      vertex 114.383 -0.923879 20
    endloop
  endfacet
  facet normal -0 0 1
    outer loop
      vertex 114.195 -0.980784 20
      vertex 120 -45.5 20
      vertex 114.29 -0.95694 20
    endloop
  endfacet
  facet normal -0 0 1
    outer loop
      vertex 114.098 -0.995184 20
      vertex 120 -45.5 20
      vertex 114.195 -0.980784 20
    endloop
  endfacet
  facet normal -0 0 1
    outer loop
      vertex 114 -1 20
      vertex 120 -45.5 20
      vertex 114.098 -0.995184 20
    endloop
  endfacet
  facet normal 0 0 1
    outer loop
      vertex 110 -45.5 20
      vertex 114 -1 20
      vertex 113.902 -0.995184 20
    endloop
  endfacet
  facet normal 0 0 1
    outer loop
      vertex 110 -45.5 20
      vertex 113.902 -0.995184 20
      vertex 113.805 -0.980784 20
    endloop
  endfacet
  facet normal 0 0 1
    outer loop
      vertex 110 -45.5 20
      vertex 113.805 -0.980784 20
      vertex 113.71 -0.95694 20
    endloop
  endfacet
  facet normal 0 0 1
    outer loop
      vertex 110 -45.5 20
      vertex 113.71 -0.95694 20
      vertex 113.617 -0.923879 20
    endloop
  endfacet
  facet normal 0 0 1
    outer loop
      vertex 110 -45.5 20
      vertex 113.617 -0.923879 20
      vertex 113.529 -0.881921 20
    endloop
  endfacet
  facet normal 0 0 1
    outer loop
      vertex 110 -45.5 20
      vertex 113.529 -0.881921 20
      vertex 113.444 -0.83147 20
    endloop
  endfacet
  facet normal 0 0 1
    outer loop
      vertex 110 -45.5 20
      vertex 113.444 -0.83147 20
      vertex 113.366 -0.77301 20
    endloop
  endfacet
  facet normal 0 0 1
    outer loop
      vertex 110 -45.5 20
      vertex 113.366 -0.77301 20
      vertex 113.293 -0.707107 20
    endloop
  endfacet
  facet normal 0 0 1
    outer loop
      vertex 110 -45.5 20
      vertex 113.293 -0.707107 20
      vertex 113.227 -0.634393 20
    endloop
  endfacet
  facet normal 0 0 1
    outer loop
      vertex 110 -45.5 20
      vertex 113.227 -0.634393 20
      vertex 113.169 -0.55557 20
    endloop
  endfacet
  facet normal 0 0 1
    outer loop
      vertex 110 -45.5 20
      vertex 113.169 -0.55557 20
      vertex 113.118 -0.471396 20
    endloop
  endfacet
  facet normal 0 0 1
    outer loop
      vertex 110 -45.5 20
      vertex 113.118 -0.471396 20
      vertex 113.076 -0.382683 20
    endloop
  endfacet
  facet normal 0 0 1
    outer loop
      vertex 110 -45.5 20
      vertex 113.076 -0.382683 20
      vertex 113.043 -0.290284 20
    endloop
  endfacet
  facet normal 0 0 1
    outer loop
      vertex 110 -45.5 20
      vertex 113.043 -0.290284 20
      vertex 113.019 -0.19509 20
    endloop
  endfacet
  facet normal 0 0 1
    outer loop
      vertex 110 -45.5 20
      vertex 113 0 20
      vertex 110 45.5 20
    endloop
  endfacet
  facet normal 0 0 1
    outer loop
      vertex 114 -1 20
      vertex 110 -45.5 20
      vertex 120 -45.5 20
    endloop
  endfacet
  facet normal 0 0 1
    outer loop
      vertex 113.005 -0.0980167 20
      vertex 110 -45.5 20
      vertex 113.019 -0.19509 20
    endloop
  endfacet
  facet normal 0 0 1
    outer loop
      vertex 113 0 20
      vertex 110 -45.5 20
      vertex 113.005 -0.0980167 20
    endloop
  endfacet
  facet normal 0 0 1
    outer loop
      vertex 120 -48.5 20
      vertex 112 -49 20
      vertex 120 -49 20
    endloop
  endfacet
  facet normal -0 0 1
    outer loop
      vertex 94 -48.5 20
      vertex 112 -49 20
      vertex 120 -48.5 20
    endloop
  endfacet
  facet normal 0 0 1
    outer loop
      vertex 94 -54.5 20
      vertex 112 -49 20
      vertex 94 -48.5 20
    endloop
  endfacet
  facet normal 0 0 1
    outer loop
      vertex 112 -49 20
      vertex 94 -54.5 20
      vertex 112 -54.5 20
    endloop
  endfacet
  facet normal -0 0 1
    outer loop
      vertex 94 45.5 20
      vertex 98 -45.5 20
      vertex 98 45.5 20
    endloop
  endfacet
  facet normal 0 0 1
    outer loop
      vertex 98 -45.5 20
      vertex 94 45.5 20
      vertex 94 -45.5 20
    endloop
  endfacet
  facet normal 0 0 1
    outer loop
      vertex 112 54.5 20
      vertex 110.2 54.5 20
      vertex 112 49 20
    endloop
  endfacet
  facet normal -0 0 1
    outer loop
      vertex 112 49 20
      vertex 120 48.5 20
      vertex 120 49 20
    endloop
  endfacet
  facet normal 0 0 1
    outer loop
      vertex 112 49 20
      vertex 110.2 48.5 20
      vertex 120 48.5 20
    endloop
  endfacet
  facet normal 0 0 1
    outer loop
      vertex 110.2 48.5 20
      vertex 112 49 20
      vertex 110.2 54.5 20
    endloop
  endfacet
  facet normal -0 0 1
    outer loop
      vertex 94 54.5 20
      vertex 97.8 48.5 20
      vertex 97.8 54.5 20
    endloop
  endfacet
  facet normal 0 0 1
    outer loop
      vertex 97.8 48.5 20
      vertex 94 54.5 20
      vertex 94 48.5 20
    endloop
  endfacet
  facet normal 0 0 -1
    outer loop
      vertex 112 -55 20
      vertex 120 -54.5 20
      vertex 120 -55 20
    endloop
  endfacet
  facet normal -0 0 -1
    outer loop
      vertex 120 -54.5 20
      vertex 112 -55 20
      vertex 112 -54.5 20
    endloop
  endfacet
  facet normal 0 0 -1
    outer loop
      vertex 112 54.5 20
      vertex 120 55 20
      vertex 120 54.5 20
    endloop
  endfacet
  facet normal -0 0 -1
    outer loop
      vertex 120 55 20
      vertex 112 54.5 20
      vertex 112 55 20
    endloop
  endfacet
  facet normal -1 0 0
    outer loop
      vertex 112 -54.5 20
      vertex 112 -49 39
      vertex 112 -49 20
    endloop
  endfacet
  facet normal -1 0 0
    outer loop
      vertex 112 -55 39
      vertex 112 -54.5 20
      vertex 112 -55 20
    endloop
  endfacet
  facet normal -1 0 0
    outer loop
      vertex 112 -54.5 20
      vertex 112 -55 39
      vertex 112 -49 39
    endloop
  endfacet
  facet normal 0 1 -0
    outer loop
      vertex 120 -49 20
      vertex 112 -49 39
      vertex 120 -49 39
    endloop
  endfacet
  facet normal 0 1 0
    outer loop
      vertex 112 -49 39
      vertex 120 -49 20
      vertex 112 -49 20
    endloop
  endfacet
  facet normal 0 -1 0
    outer loop
      vertex 112 -55 20
      vertex 120 -55 39
      vertex 112 -55 39
    endloop
  endfacet
  facet normal 0 -1 -0
    outer loop
      vertex 120 -55 39
      vertex 112 -55 20
      vertex 120 -55 20
    endloop
  endfacet
  facet normal -0 0 1
    outer loop
      vertex 112 55 39
      vertex 120 49 39
      vertex 120 55 39
    endloop
  endfacet
  facet normal 0 0 1
    outer loop
      vertex 120 49 39
      vertex 112 55 39
      vertex 112 49 39
    endloop
  endfacet
  facet normal -1 0 0
    outer loop
      vertex 112 54.5 20
      vertex 112 55 39
      vertex 112 55 20
    endloop
  endfacet
  facet normal -1 0 0
    outer loop
      vertex 112 49 39
      vertex 112 54.5 20
      vertex 112 49 20
    endloop
  endfacet
  facet normal -1 0 0
    outer loop
      vertex 112 54.5 20
      vertex 112 49 39
      vertex 112 55 39
    endloop
  endfacet
  facet normal 0 1 0
    outer loop
      vertex 120 55 39
      vertex 116 55 34.7
      vertex 112 55 39
    endloop
  endfacet
  facet normal 0 1 0
    outer loop
      vertex 120 55 39
      vertex 116.167 55 34.6918
      vertex 116 55 34.7
    endloop
  endfacet
  facet normal 0 1 0
    outer loop
      vertex 120 55 39
      vertex 116.332 55 34.6673
      vertex 116.167 55 34.6918
    endloop
  endfacet
  facet normal 0 1 0
    outer loop
      vertex 120 55 39
      vertex 116.493 55 34.6268
      vertex 116.332 55 34.6673
    endloop
  endfacet
  facet normal 0 1 0
    outer loop
      vertex 120 55 39
      vertex 116.651 55 34.5706
      vertex 116.493 55 34.6268
    endloop
  endfacet
  facet normal 0 1 0
    outer loop
      vertex 120 55 39
      vertex 116.801 55 34.4993
      vertex 116.651 55 34.5706
    endloop
  endfacet
  facet normal 0 1 0
    outer loop
      vertex 120 55 39
      vertex 116.944 55 34.4135
      vertex 116.801 55 34.4993
    endloop
  endfacet
  facet normal 0 1 0
    outer loop
      vertex 120 55 39
      vertex 117.078 55 34.3141
      vertex 116.944 55 34.4135
    endloop
  endfacet
  facet normal 0 1 0
    outer loop
      vertex 120 55 39
      vertex 117.202 55 34.2021
      vertex 117.078 55 34.3141
    endloop
  endfacet
  facet normal 0 1 0
    outer loop
      vertex 120 55 39
      vertex 117.314 55 34.0785
      vertex 117.202 55 34.2021
    endloop
  endfacet
  facet normal 0 1 0
    outer loop
      vertex 120 55 39
      vertex 117.413 55 33.9445
      vertex 117.314 55 34.0785
    endloop
  endfacet
  facet normal 0 1 0
    outer loop
      vertex 120 55 39
      vertex 117.499 55 33.8014
      vertex 117.413 55 33.9445
    endloop
  endfacet
  facet normal 0 1 0
    outer loop
      vertex 120 55 39
      vertex 117.571 55 33.6506
      vertex 117.499 55 33.8014
    endloop
  endfacet
  facet normal 0 1 0
    outer loop
      vertex 120 55 39
      vertex 117.627 55 33.4935
      vertex 117.571 55 33.6506
    endloop
  endfacet
  facet normal 0 1 0
    outer loop
      vertex 120 55 39
      vertex 117.667 55 33.3317
      vertex 117.627 55 33.4935
    endloop
  endfacet
  facet normal 0 1 0
    outer loop
      vertex 120 55 39
      vertex 117.692 55 33.1666
      vertex 117.667 55 33.3317
    endloop
  endfacet
  facet normal 0 1 0
    outer loop
      vertex 120 55 39
      vertex 117.7 55 33
      vertex 117.692 55 33.1666
    endloop
  endfacet
  facet normal 0 1 0
    outer loop
      vertex 120 55 39
      vertex 117.692 55 32.8334
      vertex 117.7 55 33
    endloop
  endfacet
  facet normal 0 1 0
    outer loop
      vertex 120 55 39
      vertex 117.667 55 32.6683
      vertex 117.692 55 32.8334
    endloop
  endfacet
  facet normal 0 1 -0
    outer loop
      vertex 120 55 20
      vertex 117.667 55 32.6683
      vertex 120 55 39
    endloop
  endfacet
  facet normal 0 1 0
    outer loop
      vertex 117.667 55 32.6683
      vertex 120 55 20
      vertex 117.627 55 32.5065
    endloop
  endfacet
  facet normal 0 1 0
    outer loop
      vertex 116.167 55 31.3082
      vertex 120 55 20
      vertex 116 55 31.3
    endloop
  endfacet
  facet normal 0 1 0
    outer loop
      vertex 116.332 55 31.3327
      vertex 120 55 20
      vertex 116.167 55 31.3082
    endloop
  endfacet
  facet normal 0 1 0
    outer loop
      vertex 116.493 55 31.3732
      vertex 120 55 20
      vertex 116.332 55 31.3327
    endloop
  endfacet
  facet normal 0 1 0
    outer loop
      vertex 116.651 55 31.4294
      vertex 120 55 20
      vertex 116.493 55 31.3732
    endloop
  endfacet
  facet normal 0 1 0
    outer loop
      vertex 116.801 55 31.5007
      vertex 120 55 20
      vertex 116.651 55 31.4294
    endloop
  endfacet
  facet normal 0 1 0
    outer loop
      vertex 116.944 55 31.5865
      vertex 120 55 20
      vertex 116.801 55 31.5007
    endloop
  endfacet
  facet normal 0 1 0
    outer loop
      vertex 117.078 55 31.6859
      vertex 120 55 20
      vertex 116.944 55 31.5865
    endloop
  endfacet
  facet normal 0 1 0
    outer loop
      vertex 117.202 55 31.7979
      vertex 120 55 20
      vertex 117.078 55 31.6859
    endloop
  endfacet
  facet normal 0 1 0
    outer loop
      vertex 117.314 55 31.9215
      vertex 120 55 20
      vertex 117.202 55 31.7979
    endloop
  endfacet
  facet normal 0 1 0
    outer loop
      vertex 117.413 55 32.0555
      vertex 120 55 20
      vertex 117.314 55 31.9215
    endloop
  endfacet
  facet normal 0 1 0
    outer loop
      vertex 117.499 55 32.1986
      vertex 120 55 20
      vertex 117.413 55 32.0555
    endloop
  endfacet
  facet normal 0 1 0
    outer loop
      vertex 117.571 55 32.3494
      vertex 120 55 20
      vertex 117.499 55 32.1986
    endloop
  endfacet
  facet normal 0 1 0
    outer loop
      vertex 117.627 55 32.5065
      vertex 120 55 20
      vertex 117.571 55 32.3494
    endloop
  endfacet
  facet normal 0 1 -0
    outer loop
      vertex 115.833 55 34.6918
      vertex 112 55 39
      vertex 116 55 34.7
    endloop
  endfacet
  facet normal 0 1 -0
    outer loop
      vertex 115.668 55 34.6673
      vertex 112 55 39
      vertex 115.833 55 34.6918
    endloop
  endfacet
  facet normal 0 1 -0
    outer loop
      vertex 115.507 55 34.6268
      vertex 112 55 39
      vertex 115.668 55 34.6673
    endloop
  endfacet
  facet normal 0 1 -0
    outer loop
      vertex 115.349 55 34.5706
      vertex 112 55 39
      vertex 115.507 55 34.6268
    endloop
  endfacet
  facet normal 0 1 -0
    outer loop
      vertex 115.199 55 34.4993
      vertex 112 55 39
      vertex 115.349 55 34.5706
    endloop
  endfacet
  facet normal 0 1 -0
    outer loop
      vertex 115.056 55 34.4135
      vertex 112 55 39
      vertex 115.199 55 34.4993
    endloop
  endfacet
  facet normal 0 1 -0
    outer loop
      vertex 114.922 55 34.3141
      vertex 112 55 39
      vertex 115.056 55 34.4135
    endloop
  endfacet
  facet normal 0 1 -0
    outer loop
      vertex 114.798 55 34.2021
      vertex 112 55 39
      vertex 114.922 55 34.3141
    endloop
  endfacet
  facet normal 0 1 -0
    outer loop
      vertex 114.686 55 34.0785
      vertex 112 55 39
      vertex 114.798 55 34.2021
    endloop
  endfacet
  facet normal 0 1 -0
    outer loop
      vertex 114.587 55 33.9445
      vertex 112 55 39
      vertex 114.686 55 34.0785
    endloop
  endfacet
  facet normal 0 1 -0
    outer loop
      vertex 114.501 55 33.8014
      vertex 112 55 39
      vertex 114.587 55 33.9445
    endloop
  endfacet
  facet normal 0 1 -0
    outer loop
      vertex 114.429 55 33.6506
      vertex 112 55 39
      vertex 114.501 55 33.8014
    endloop
  endfacet
  facet normal 0 1 -0
    outer loop
      vertex 114.373 55 33.4935
      vertex 112 55 39
      vertex 114.429 55 33.6506
    endloop
  endfacet
  facet normal 0 1 -0
    outer loop
      vertex 114.333 55 33.3317
      vertex 112 55 39
      vertex 114.373 55 33.4935
    endloop
  endfacet
  facet normal 0 1 -0
    outer loop
      vertex 114.308 55 33.1666
      vertex 112 55 39
      vertex 114.333 55 33.3317
    endloop
  endfacet
  facet normal 0 1 -0
    outer loop
      vertex 114.3 55 33
      vertex 112 55 39
      vertex 114.308 55 33.1666
    endloop
  endfacet
  facet normal 0 1 0
    outer loop
      vertex 114.308 55 32.8334
      vertex 112 55 39
      vertex 114.3 55 33
    endloop
  endfacet
  facet normal 0 1 0
    outer loop
      vertex 114.333 55 32.6683
      vertex 112 55 39
      vertex 114.308 55 32.8334
    endloop
  endfacet
  facet normal 0 1 0
    outer loop
      vertex 112 55 20
      vertex 114.333 55 32.6683
      vertex 114.373 55 32.5065
    endloop
  endfacet
  facet normal 0 1 0
    outer loop
      vertex 112 55 20
      vertex 114.373 55 32.5065
      vertex 114.429 55 32.3494
    endloop
  endfacet
  facet normal 0 1 0
    outer loop
      vertex 112 55 20
      vertex 116 55 31.3
      vertex 120 55 20
    endloop
  endfacet
  facet normal 0 1 0
    outer loop
      vertex 116 55 31.3
      vertex 112 55 20
      vertex 115.833 55 31.3082
    endloop
  endfacet
  facet normal 0 1 0
    outer loop
      vertex 115.833 55 31.3082
      vertex 112 55 20
      vertex 115.668 55 31.3327
    endloop
  endfacet
  facet normal 0 1 0
    outer loop
      vertex 115.668 55 31.3327
      vertex 112 55 20
      vertex 115.507 55 31.3732
    endloop
  endfacet
  facet normal 0 1 0
    outer loop
      vertex 115.507 55 31.3732
      vertex 112 55 20
      vertex 115.349 55 31.4294
    endloop
  endfacet
  facet normal 0 1 0
    outer loop
      vertex 115.349 55 31.4294
      vertex 112 55 20
      vertex 115.199 55 31.5007
    endloop
  endfacet
  facet normal 0 1 0
    outer loop
      vertex 115.199 55 31.5007
      vertex 112 55 20
      vertex 115.056 55 31.5865
    endloop
  endfacet
  facet normal 0 1 0
    outer loop
      vertex 115.056 55 31.5865
      vertex 112 55 20
      vertex 114.922 55 31.6859
    endloop
  endfacet
  facet normal 0 1 0
    outer loop
      vertex 114.922 55 31.6859
      vertex 112 55 20
      vertex 114.798 55 31.7979
    endloop
  endfacet
  facet normal 0 1 0
    outer loop
      vertex 114.798 55 31.7979
      vertex 112 55 20
      vertex 114.686 55 31.9215
    endloop
  endfacet
  facet normal 0 1 0
    outer loop
      vertex 114.686 55 31.9215
      vertex 112 55 20
      vertex 114.587 55 32.0555
    endloop
  endfacet
  facet normal 0 1 0
    outer loop
      vertex 114.587 55 32.0555
      vertex 112 55 20
      vertex 114.501 55 32.1986
    endloop
  endfacet
  facet normal 0 1 0
    outer loop
      vertex 114.333 55 32.6683
      vertex 112 55 20
      vertex 112 55 39
    endloop
  endfacet
  facet normal 0 1 0
    outer loop
      vertex 114.501 55 32.1986
      vertex 112 55 20
      vertex 114.429 55 32.3494
    endloop
  endfacet
  facet normal 0 -1 0
    outer loop
      vertex 112 49 39
      vertex 116 49 34.7
      vertex 120 49 39
    endloop
  endfacet
  facet normal 0 -1 0
    outer loop
      vertex 112 49 39
      vertex 115.833 49 34.6918
      vertex 116 49 34.7
    endloop
  endfacet
  facet normal 0 -1 0
    outer loop
      vertex 112 49 39
      vertex 115.668 49 34.6673
      vertex 115.833 49 34.6918
    endloop
  endfacet
  facet normal 0 -1 0
    outer loop
      vertex 112 49 39
      vertex 115.507 49 34.6268
      vertex 115.668 49 34.6673
    endloop
  endfacet
  facet normal 0 -1 0
    outer loop
      vertex 112 49 39
      vertex 115.349 49 34.5706
      vertex 115.507 49 34.6268
    endloop
  endfacet
  facet normal 0 -1 0
    outer loop
      vertex 112 49 39
      vertex 115.199 49 34.4993
      vertex 115.349 49 34.5706
    endloop
  endfacet
  facet normal 0 -1 0
    outer loop
      vertex 112 49 39
      vertex 115.056 49 34.4135
      vertex 115.199 49 34.4993
    endloop
  endfacet
  facet normal 0 -1 0
    outer loop
      vertex 112 49 39
      vertex 114.922 49 34.3141
      vertex 115.056 49 34.4135
    endloop
  endfacet
  facet normal 0 -1 0
    outer loop
      vertex 112 49 39
      vertex 114.798 49 34.2021
      vertex 114.922 49 34.3141
    endloop
  endfacet
  facet normal 0 -1 0
    outer loop
      vertex 112 49 39
      vertex 114.686 49 34.0785
      vertex 114.798 49 34.2021
    endloop
  endfacet
  facet normal 0 -1 0
    outer loop
      vertex 112 49 39
      vertex 114.587 49 33.9445
      vertex 114.686 49 34.0785
    endloop
  endfacet
  facet normal 0 -1 0
    outer loop
      vertex 112 49 39
      vertex 114.501 49 33.8014
      vertex 114.587 49 33.9445
    endloop
  endfacet
  facet normal 0 -1 0
    outer loop
      vertex 112 49 39
      vertex 114.429 49 33.6506
      vertex 114.501 49 33.8014
    endloop
  endfacet
  facet normal 0 -1 0
    outer loop
      vertex 112 49 39
      vertex 114.373 49 33.4935
      vertex 114.429 49 33.6506
    endloop
  endfacet
  facet normal 0 -1 0
    outer loop
      vertex 112 49 39
      vertex 114.333 49 33.3317
      vertex 114.373 49 33.4935
    endloop
  endfacet
  facet normal 0 -1 0
    outer loop
      vertex 112 49 39
      vertex 114.308 49 33.1666
      vertex 114.333 49 33.3317
    endloop
  endfacet
  facet normal 0 -1 0
    outer loop
      vertex 112 49 39
      vertex 114.3 49 33
      vertex 114.308 49 33.1666
    endloop
  endfacet
  facet normal 0 -1 0
    outer loop
      vertex 112 49 39
      vertex 114.308 49 32.8334
      vertex 114.3 49 33
    endloop
  endfacet
  facet normal 0 -1 0
    outer loop
      vertex 112 49 39
      vertex 114.333 49 32.6683
      vertex 114.308 49 32.8334
    endloop
  endfacet
  facet normal 0 -1 0
    outer loop
      vertex 112 49 20
      vertex 114.333 49 32.6683
      vertex 112 49 39
    endloop
  endfacet
  facet normal 0 -1 -0
    outer loop
      vertex 114.333 49 32.6683
      vertex 112 49 20
      vertex 114.373 49 32.5065
    endloop
  endfacet
  facet normal 0 -1 -0
    outer loop
      vertex 115.833 49 31.3082
      vertex 112 49 20
      vertex 116 49 31.3
    endloop
  endfacet
  facet normal 0 -1 -0
    outer loop
      vertex 115.668 49 31.3327
      vertex 112 49 20
      vertex 115.833 49 31.3082
    endloop
  endfacet
  facet normal 0 -1 -0
    outer loop
      vertex 115.507 49 31.3732
      vertex 112 49 20
      vertex 115.668 49 31.3327
    endloop
  endfacet
  facet normal 0 -1 -0
    outer loop
      vertex 115.349 49 31.4294
      vertex 112 49 20
      vertex 115.507 49 31.3732
    endloop
  endfacet
  facet normal 0 -1 -0
    outer loop
      vertex 115.199 49 31.5007
      vertex 112 49 20
      vertex 115.349 49 31.4294
    endloop
  endfacet
  facet normal 0 -1 -0
    outer loop
      vertex 115.056 49 31.5865
      vertex 112 49 20
      vertex 115.199 49 31.5007
    endloop
  endfacet
  facet normal 0 -1 -0
    outer loop
      vertex 114.922 49 31.6859
      vertex 112 49 20
      vertex 115.056 49 31.5865
    endloop
  endfacet
  facet normal 0 -1 -0
    outer loop
      vertex 114.798 49 31.7979
      vertex 112 49 20
      vertex 114.922 49 31.6859
    endloop
  endfacet
  facet normal 0 -1 -0
    outer loop
      vertex 114.686 49 31.9215
      vertex 112 49 20
      vertex 114.798 49 31.7979
    endloop
  endfacet
  facet normal 0 -1 -0
    outer loop
      vertex 114.587 49 32.0555
      vertex 112 49 20
      vertex 114.686 49 31.9215
    endloop
  endfacet
  facet normal 0 -1 -0
    outer loop
      vertex 114.501 49 32.1986
      vertex 112 49 20
      vertex 114.587 49 32.0555
    endloop
  endfacet
  facet normal 0 -1 -0
    outer loop
      vertex 114.429 49 32.3494
      vertex 112 49 20
      vertex 114.501 49 32.1986
    endloop
  endfacet
  facet normal 0 -1 -0
    outer loop
      vertex 114.373 49 32.5065
      vertex 112 49 20
      vertex 114.429 49 32.3494
    endloop
  endfacet
  facet normal 0 -1 0
    outer loop
      vertex 116.167 49 34.6918
      vertex 120 49 39
      vertex 116 49 34.7
    endloop
  endfacet
  facet normal 0 -1 0
    outer loop
      vertex 116.332 49 34.6673
      vertex 120 49 39
      vertex 116.167 49 34.6918
    endloop
  endfacet
  facet normal 0 -1 0
    outer loop
      vertex 116.493 49 34.6268
      vertex 120 49 39
      vertex 116.332 49 34.6673
    endloop
  endfacet
  facet normal 0 -1 0
    outer loop
      vertex 116.651 49 34.5706
      vertex 120 49 39
      vertex 116.493 49 34.6268
    endloop
  endfacet
  facet normal 0 -1 0
    outer loop
      vertex 116.801 49 34.4993
      vertex 120 49 39
      vertex 116.651 49 34.5706
    endloop
  endfacet
  facet normal 0 -1 0
    outer loop
      vertex 116.944 49 34.4135
      vertex 120 49 39
      vertex 116.801 49 34.4993
    endloop
  endfacet
  facet normal 0 -1 0
    outer loop
      vertex 117.078 49 34.3141
      vertex 120 49 39
      vertex 116.944 49 34.4135
    endloop
  endfacet
  facet normal 0 -1 0
    outer loop
      vertex 117.202 49 34.2021
      vertex 120 49 39
      vertex 117.078 49 34.3141
    endloop
  endfacet
  facet normal 0 -1 0
    outer loop
      vertex 117.314 49 34.0785
      vertex 120 49 39
      vertex 117.202 49 34.2021
    endloop
  endfacet
  facet normal 0 -1 0
    outer loop
      vertex 117.413 49 33.9445
      vertex 120 49 39
      vertex 117.314 49 34.0785
    endloop
  endfacet
  facet normal 0 -1 0
    outer loop
      vertex 117.499 49 33.8014
      vertex 120 49 39
      vertex 117.413 49 33.9445
    endloop
  endfacet
  facet normal 0 -1 0
    outer loop
      vertex 117.571 49 33.6506
      vertex 120 49 39
      vertex 117.499 49 33.8014
    endloop
  endfacet
  facet normal 0 -1 0
    outer loop
      vertex 117.627 49 33.4935
      vertex 120 49 39
      vertex 117.571 49 33.6506
    endloop
  endfacet
  facet normal 0 -1 0
    outer loop
      vertex 117.667 49 33.3317
      vertex 120 49 39
      vertex 117.627 49 33.4935
    endloop
  endfacet
  facet normal 0 -1 0
    outer loop
      vertex 117.692 49 33.1666
      vertex 120 49 39
      vertex 117.667 49 33.3317
    endloop
  endfacet
  facet normal 0 -1 0
    outer loop
      vertex 117.7 49 33
      vertex 120 49 39
      vertex 117.692 49 33.1666
    endloop
  endfacet
  facet normal 0 -1 0
    outer loop
      vertex 117.692 49 32.8334
      vertex 120 49 39
      vertex 117.7 49 33
    endloop
  endfacet
  facet normal 0 -1 0
    outer loop
      vertex 117.667 49 32.6683
      vertex 120 49 39
      vertex 117.692 49 32.8334
    endloop
  endfacet
  facet normal 0 -1 0
    outer loop
      vertex 120 49 20
      vertex 117.667 49 32.6683
      vertex 117.627 49 32.5065
    endloop
  endfacet
  facet normal 0 -1 0
    outer loop
      vertex 120 49 20
      vertex 117.627 49 32.5065
      vertex 117.571 49 32.3494
    endloop
  endfacet
  facet normal 0 -1 0
    outer loop
      vertex 120 49 20
      vertex 116 49 31.3
      vertex 112 49 20
    endloop
  endfacet
  facet normal 0 -1 0
    outer loop
      vertex 116 49 31.3
      vertex 120 49 20
      vertex 116.167 49 31.3082
    endloop
  endfacet
  facet normal 0 -1 0
    outer loop
      vertex 116.167 49 31.3082
      vertex 120 49 20
      vertex 116.332 49 31.3327
    endloop
  endfacet
  facet normal 0 -1 0
    outer loop
      vertex 116.332 49 31.3327
      vertex 120 49 20
      vertex 116.493 49 31.3732
    endloop
  endfacet
  facet normal 0 -1 0
    outer loop
      vertex 116.493 49 31.3732
      vertex 120 49 20
      vertex 116.651 49 31.4294
    endloop
  endfacet
  facet normal 0 -1 0
    outer loop
      vertex 116.651 49 31.4294
      vertex 120 49 20
      vertex 116.801 49 31.5007
    endloop
  endfacet
  facet normal 0 -1 0
    outer loop
      vertex 116.801 49 31.5007
      vertex 120 49 20
      vertex 116.944 49 31.5865
    endloop
  endfacet
  facet normal 0 -1 0
    outer loop
      vertex 116.944 49 31.5865
      vertex 120 49 20
      vertex 117.078 49 31.6859
    endloop
  endfacet
  facet normal 0 -1 0
    outer loop
      vertex 117.078 49 31.6859
      vertex 120 49 20
      vertex 117.202 49 31.7979
    endloop
  endfacet
  facet normal 0 -1 0
    outer loop
      vertex 117.202 49 31.7979
      vertex 120 49 20
      vertex 117.314 49 31.9215
    endloop
  endfacet
  facet normal 0 -1 0
    outer loop
      vertex 117.314 49 31.9215
      vertex 120 49 20
      vertex 117.413 49 32.0555
    endloop
  endfacet
  facet normal 0 -1 0
    outer loop
      vertex 117.413 49 32.0555
      vertex 120 49 20
      vertex 117.499 49 32.1986
    endloop
  endfacet
  facet normal 0 -1 0
    outer loop
      vertex 117.667 49 32.6683
      vertex 120 49 20
      vertex 120 49 39
    endloop
  endfacet
  facet normal 0 -1 0
    outer loop
      vertex 117.499 49 32.1986
      vertex 120 49 20
      vertex 117.571 49 32.3494
    endloop
  endfacet
  facet normal 0 0 -1
    outer loop
      vertex 108.167 -62.3082 0
      vertex 133 -33.5 0
      vertex 108.332 -62.3327 0
    endloop
  endfacet
  facet normal 0 0 -1
    outer loop
      vertex 112.35 0 0
      vertex 109.692 63.8334 0
      vertex 109.7 64 0
    endloop
  endfacet
  facet normal 0 0 -1
    outer loop
      vertex 108 -62.3 0
      vertex 133 -33.5 0
      vertex 108.167 -62.3082 0
    endloop
  endfacet
  facet normal 0 0 -1
    outer loop
      vertex 112.35 0 0
      vertex 109.667 63.6683 0
      vertex 109.692 63.8334 0
    endloop
  endfacet
  facet normal 0 0 -1
    outer loop
      vertex 107.833 -62.3082 0
      vertex 133 -33.5 0
      vertex 108 -62.3 0
    endloop
  endfacet
  facet normal 0 0 -1
    outer loop
      vertex 112.35 0 0
      vertex 109.627 63.5065 0
      vertex 109.667 63.6683 0
    endloop
  endfacet
  facet normal 0 0 -1
    outer loop
      vertex 107.668 -62.3327 0
      vertex 133 -33.5 0
      vertex 107.833 -62.3082 0
    endloop
  endfacet
  facet normal 0 0 -1
    outer loop
      vertex 112.35 0 0
      vertex 109.571 63.3494 0
      vertex 109.627 63.5065 0
    endloop
  endfacet
  facet normal -0 0 -1
    outer loop
      vertex 133 -33.5 0
      vertex 107.668 -62.3327 0
      vertex 113.369 -1.5244 0
    endloop
  endfacet
  facet normal 0 0 -1
    outer loop
      vertex 112.35 0 0
      vertex 109.499 63.1986 0
      vertex 109.571 63.3494 0
    endloop
  endfacet
  facet normal -0 0 -1
    outer loop
      vertex 113.369 -1.5244 0
      vertex 107.668 -62.3327 0
      vertex 113.222 -1.45517 0
    endloop
  endfacet
  facet normal 0 0 -1
    outer loop
      vertex 112.35 0 0
      vertex 109.413 63.0555 0
      vertex 109.499 63.1986 0
    endloop
  endfacet
  facet normal 0 0 -1
    outer loop
      vertex 107.507 -62.3732 0
      vertex 113.222 -1.45517 0
      vertex 107.668 -62.3327 0
    endloop
  endfacet
  facet normal 0 0 -1
    outer loop
      vertex 112.35 0 0
      vertex 109.314 62.9215 0
      vertex 109.413 63.0555 0
    endloop
  endfacet
  facet normal -0 0 -1
    outer loop
      vertex 113.222 -1.45517 0
      vertex 107.507 -62.3732 0
      vertex 113.083 -1.37192 0
    endloop
  endfacet
  facet normal 0 0 -1
    outer loop
      vertex 112.35 0 0
      vertex 109.202 62.7979 0
      vertex 109.314 62.9215 0
    endloop
  endfacet
  facet normal 0 0 -1
    outer loop
      vertex 107.349 -62.4294 0
      vertex 113.083 -1.37192 0
      vertex 107.507 -62.3732 0
    endloop
  endfacet
  facet normal 0 0 -1
    outer loop
      vertex 112.35 0 0
      vertex 109.078 62.6859 0
      vertex 109.202 62.7979 0
    endloop
  endfacet
  facet normal -0 0 -1
    outer loop
      vertex 113.083 -1.37192 0
      vertex 107.349 -62.4294 0
      vertex 112.953 -1.27547 0
    endloop
  endfacet
  facet normal 0 0 -1
    outer loop
      vertex 112.35 0 0
      vertex 108.944 62.5865 0
      vertex 109.078 62.6859 0
    endloop
  endfacet
  facet normal 0 0 -1
    outer loop
      vertex 107.199 -62.5007 0
      vertex 112.953 -1.27547 0
      vertex 107.349 -62.4294 0
    endloop
  endfacet
  facet normal 0 0 -1
    outer loop
      vertex 112.35 0 0
      vertex 108.801 62.5007 0
      vertex 108.944 62.5865 0
    endloop
  endfacet
  facet normal -0 0 -1
    outer loop
      vertex 112.953 -1.27547 0
      vertex 107.199 -62.5007 0
      vertex 112.833 -1.16673 0
    endloop
  endfacet
  facet normal 0 0 -1
    outer loop
      vertex 112.35 0 0
      vertex 108.651 62.4294 0
      vertex 108.801 62.5007 0
    endloop
  endfacet
  facet normal 0 0 -1
    outer loop
      vertex 107.056 -62.5865 0
      vertex 112.833 -1.16673 0
      vertex 107.199 -62.5007 0
    endloop
  endfacet
  facet normal 0 0 -1
    outer loop
      vertex 112.35 0 0
      vertex 108.493 62.3732 0
      vertex 108.651 62.4294 0
    endloop
  endfacet
  facet normal -0 0 -1
    outer loop
      vertex 112.833 -1.16673 0
      vertex 107.056 -62.5865 0
      vertex 112.725 -1.04675 0
    endloop
  endfacet
  facet normal 0 0 -1
    outer loop
      vertex 112.35 0 0
      vertex 108.332 62.3327 0
      vertex 108.493 62.3732 0
    endloop
  endfacet
  facet normal 0 0 -1
    outer loop
      vertex 106.922 -62.6859 0
      vertex 112.725 -1.04675 0
      vertex 107.056 -62.5865 0
    endloop
  endfacet
  facet normal 0 0 -1
    outer loop
      vertex 112.35 0 0
      vertex 108.167 62.3082 0
      vertex 108.332 62.3327 0
    endloop
  endfacet
  facet normal -0 0 -1
    outer loop
      vertex 112.725 -1.04675 0
      vertex 106.922 -62.6859 0
      vertex 112.628 -0.916691 0
    endloop
  endfacet
  facet normal 0 0 -1
    outer loop
      vertex 112.35 0 0
      vertex 108 62.3 0
      vertex 108.167 62.3082 0
    endloop
  endfacet
  facet normal 0 0 -1
    outer loop
      vertex 94 -71 0
      vertex 112.628 -0.916691 0
      vertex 106.922 -62.6859 0
    endloop
  endfacet
  facet normal 0 0 -1
    outer loop
      vertex 112.35 0 0
      vertex 107.833 62.3082 0
      vertex 108 62.3 0
    endloop
  endfacet
  facet normal -0 0 -1
    outer loop
      vertex 112.628 -0.916691 0
      vertex 94 -71 0
      vertex 112.545 -0.777804 0
    endloop
  endfacet
  facet normal 0 0 -1
    outer loop
      vertex 112.35 0 0
      vertex 107.668 62.3327 0
      vertex 107.833 62.3082 0
    endloop
  endfacet
  facet normal -0 0 -1
    outer loop
      vertex 112.545 -0.777804 0
      vertex 94 -71 0
      vertex 112.476 -0.631427 0
    endloop
  endfacet
  facet normal 0 0 -1
    outer loop
      vertex 112.35 0 0
      vertex 107.507 62.3732 0
      vertex 107.668 62.3327 0
    endloop
  endfacet
  facet normal -0 0 -1
    outer loop
      vertex 112.476 -0.631427 0
      vertex 94 -71 0
      vertex 112.421 -0.47897 0
    endloop
  endfacet
  facet normal 0 0 -1
    outer loop
      vertex 112.35 0 0
      vertex 107.349 62.4294 0
      vertex 107.507 62.3732 0
    endloop
  endfacet
  facet normal -0 0 -1
    outer loop
      vertex 112.421 -0.47897 0
      vertex 94 -71 0
      vertex 112.382 -0.321898 0
    endloop
  endfacet
  facet normal 0 0 -1
    outer loop
      vertex 112.35 0 0
      vertex 107.199 62.5007 0
      vertex 107.349 62.4294 0
    endloop
  endfacet
  facet normal -0 0 -1
    outer loop
      vertex 112.382 -0.321898 0
      vertex 94 -71 0
      vertex 112.358 -0.161728 0
    endloop
  endfacet
  facet normal 0 0 -1
    outer loop
      vertex 112.35 0 0
      vertex 107.056 62.5865 0
      vertex 107.199 62.5007 0
    endloop
  endfacet
  facet normal -0 0 -1
    outer loop
      vertex 112.358 -0.161728 0
      vertex 94 -71 0
      vertex 112.35 0 0
    endloop
  endfacet
  facet normal 0 0 -1
    outer loop
      vertex 112.35 0 0
      vertex 106.922 62.6859 0
      vertex 107.056 62.5865 0
    endloop
  endfacet
  facet normal 0 0 -1
    outer loop
      vertex 94 -71 0
      vertex 106.922 -62.6859 0
      vertex 106.798 -62.7979 0
    endloop
  endfacet
  facet normal 0 0 -1
    outer loop
      vertex 94 71 0
      vertex 112.35 0 0
      vertex 94 -71 0
    endloop
  endfacet
  facet normal 0 0 -1
    outer loop
      vertex 94 -71 0
      vertex 106.798 -62.7979 0
      vertex 106.686 -62.9215 0
    endloop
  endfacet
  facet normal 0 0 -1
    outer loop
      vertex 112.35 0 0
      vertex 94 71 0
      vertex 106.922 62.6859 0
    endloop
  endfacet
  facet normal 0 0 -1
    outer loop
      vertex 94 -71 0
      vertex 106.686 -62.9215 0
      vertex 106.587 -63.0555 0
    endloop
  endfacet
  facet normal 0 0 -1
    outer loop
      vertex 106.922 62.6859 0
      vertex 94 71 0
      vertex 106.798 62.7979 0
    endloop
  endfacet
  facet normal 0 0 -1
    outer loop
      vertex 94 -71 0
      vertex 106.587 -63.0555 0
      vertex 106.501 -63.1986 0
    endloop
  endfacet
  facet normal 0 0 -1
    outer loop
      vertex 106.798 62.7979 0
      vertex 94 71 0
      vertex 106.686 62.9215 0
    endloop
  endfacet
  facet normal 0 0 -1
    outer loop
      vertex 94 -71 0
      vertex 106.501 -63.1986 0
      vertex 106.429 -63.3494 0
    endloop
  endfacet
  facet normal 0 0 -1
    outer loop
      vertex 106.686 62.9215 0
      vertex 94 71 0
      vertex 106.587 63.0555 0
    endloop
  endfacet
  facet normal 0 0 -1
    outer loop
      vertex 94 -71 0
      vertex 106.429 -63.3494 0
      vertex 106.373 -63.5065 0
    endloop
  endfacet
  facet normal 0 0 -1
    outer loop
      vertex 106.587 63.0555 0
      vertex 94 71 0
      vertex 106.501 63.1986 0
    endloop
  endfacet
  facet normal 0 0 -1
    outer loop
      vertex 94 -71 0
      vertex 106.373 -63.5065 0
      vertex 106.333 -63.6683 0
    endloop
  endfacet
  facet normal 0 0 -1
    outer loop
      vertex 106.501 63.1986 0
      vertex 94 71 0
      vertex 106.429 63.3494 0
    endloop
  endfacet
  facet normal 0 0 -1
    outer loop
      vertex 94 -71 0
      vertex 106.333 -63.6683 0
      vertex 106.308 -63.8334 0
    endloop
  endfacet
  facet normal 0 0 -1
    outer loop
      vertex 106.429 63.3494 0
      vertex 94 71 0
      vertex 106.373 63.5065 0
    endloop
  endfacet
  facet normal 0 0 -1
    outer loop
      vertex 94 -71 0
      vertex 106.308 -63.8334 0
      vertex 106.3 -64 0
    endloop
  endfacet
  facet normal 0 0 -1
    outer loop
      vertex 106.373 63.5065 0
      vertex 94 71 0
      vertex 106.333 63.6683 0
    endloop
  endfacet
  facet normal -0 0 -1
    outer loop
      vertex 186.5 -33.5 0
      vertex 128.627 -63.5065 0
      vertex 133 -33.5 0
    endloop
  endfacet
  facet normal 0 0 -1
    outer loop
      vertex 133 33.5 0
      vertex 128.692 63.8334 0
      vertex 128.7 64 0
    endloop
  endfacet
  facet normal 0 0 -1
    outer loop
      vertex 128.571 -63.3494 0
      vertex 133 -33.5 0
      vertex 128.627 -63.5065 0
    endloop
  endfacet
  facet normal 0 0 -1
    outer loop
      vertex 133 33.5 0
      vertex 128.667 63.6683 0
      vertex 128.692 63.8334 0
    endloop
  endfacet
  facet normal 0 0 -1
    outer loop
      vertex 128.499 -63.1986 0
      vertex 133 -33.5 0
      vertex 128.571 -63.3494 0
    endloop
  endfacet
  facet normal 0 0 -1
    outer loop
      vertex 133 33.5 0
      vertex 128.627 63.5065 0
      vertex 128.667 63.6683 0
    endloop
  endfacet
  facet normal 0 0 -1
    outer loop
      vertex 128.413 -63.0555 0
      vertex 133 -33.5 0
      vertex 128.499 -63.1986 0
    endloop
  endfacet
  facet normal 0 0 -1
    outer loop
      vertex 133 33.5 0
      vertex 128.571 63.3494 0
      vertex 128.627 63.5065 0
    endloop
  endfacet
  facet normal 0 0 -1
    outer loop
      vertex 128.314 -62.9215 0
      vertex 133 -33.5 0
      vertex 128.413 -63.0555 0
    endloop
  endfacet
  facet normal 0 0 -1
    outer loop
      vertex 115.642 0.161728 0
      vertex 133 33.5 0
      vertex 115.65 0 0
    endloop
  endfacet
  facet normal 0 -0 -1
    outer loop
      vertex 115.642 -0.161728 0
      vertex 133 -33.5 0
      vertex 115.618 -0.321898 0
    endloop
  endfacet
  facet normal 0 0 -1
    outer loop
      vertex 133 33.5 0
      vertex 128.499 63.1986 0
      vertex 128.571 63.3494 0
    endloop
  endfacet
  facet normal 0 0 -1
    outer loop
      vertex 128.202 -62.7979 0
      vertex 133 -33.5 0
      vertex 128.314 -62.9215 0
    endloop
  endfacet
  facet normal 0 0 -1
    outer loop
      vertex 115.618 0.321898 0
      vertex 133 33.5 0
      vertex 115.642 0.161728 0
    endloop
  endfacet
  facet normal 0 0 -1
    outer loop
      vertex 128.078 -62.6859 0
      vertex 133 -33.5 0
      vertex 128.202 -62.7979 0
    endloop
  endfacet
  facet normal 0 0 -1
    outer loop
      vertex 133 33.5 0
      vertex 128.413 63.0555 0
      vertex 128.499 63.1986 0
    endloop
  endfacet
  facet normal 0 0 -1
    outer loop
      vertex 127.944 -62.5865 0
      vertex 133 -33.5 0
      vertex 128.078 -62.6859 0
    endloop
  endfacet
  facet normal 0 0 -1
    outer loop
      vertex 115.579 0.47897 0
      vertex 133 33.5 0
      vertex 115.618 0.321898 0
    endloop
  endfacet
  facet normal 0 0 -1
    outer loop
      vertex 127.801 -62.5007 0
      vertex 133 -33.5 0
      vertex 127.944 -62.5865 0
    endloop
  endfacet
  facet normal 0 0 -1
    outer loop
      vertex 133 33.5 0
      vertex 128.314 62.9215 0
      vertex 128.413 63.0555 0
    endloop
  endfacet
  facet normal 0 0 -1
    outer loop
      vertex 127.651 -62.4294 0
      vertex 133 -33.5 0
      vertex 127.801 -62.5007 0
    endloop
  endfacet
  facet normal 0 0 -1
    outer loop
      vertex 115.524 0.631427 0
      vertex 133 33.5 0
      vertex 115.579 0.47897 0
    endloop
  endfacet
  facet normal 0 0 -1
    outer loop
      vertex 127.493 -62.3732 0
      vertex 133 -33.5 0
      vertex 127.651 -62.4294 0
    endloop
  endfacet
  facet normal 0 0 -1
    outer loop
      vertex 133 33.5 0
      vertex 128.202 62.7979 0
      vertex 128.314 62.9215 0
    endloop
  endfacet
  facet normal 0 0 -1
    outer loop
      vertex 127.332 -62.3327 0
      vertex 133 -33.5 0
      vertex 127.493 -62.3732 0
    endloop
  endfacet
  facet normal 0 0 -1
    outer loop
      vertex 115.455 0.777804 0
      vertex 133 33.5 0
      vertex 115.524 0.631427 0
    endloop
  endfacet
  facet normal 0 0 -1
    outer loop
      vertex 127.167 -62.3082 0
      vertex 133 -33.5 0
      vertex 127.332 -62.3327 0
    endloop
  endfacet
  facet normal 0 0 -1
    outer loop
      vertex 133 33.5 0
      vertex 128.078 62.6859 0
      vertex 128.202 62.7979 0
    endloop
  endfacet
  facet normal 0 0 -1
    outer loop
      vertex 127 -62.3 0
      vertex 133 -33.5 0
      vertex 127.167 -62.3082 0
    endloop
  endfacet
  facet normal 0 0 -1
    outer loop
      vertex 115.372 0.916691 0
      vertex 133 33.5 0
      vertex 115.455 0.777804 0
    endloop
  endfacet
  facet normal 0 0 -1
    outer loop
      vertex 126.833 -62.3082 0
      vertex 133 -33.5 0
      vertex 127 -62.3 0
    endloop
  endfacet
  facet normal 0 0 -1
    outer loop
      vertex 133 33.5 0
      vertex 127.944 62.5865 0
      vertex 128.078 62.6859 0
    endloop
  endfacet
  facet normal 0 0 -1
    outer loop
      vertex 126.668 -62.3327 0
      vertex 133 -33.5 0
      vertex 126.833 -62.3082 0
    endloop
  endfacet
  facet normal 0 0 -1
    outer loop
      vertex 115.275 1.04675 0
      vertex 133 33.5 0
      vertex 115.372 0.916691 0
    endloop
  endfacet
  facet normal 0 0 -1
    outer loop
      vertex 126.507 -62.3732 0
      vertex 133 -33.5 0
      vertex 126.668 -62.3327 0
    endloop
  endfacet
  facet normal 0 0 -1
    outer loop
      vertex 133 33.5 0
      vertex 127.801 62.5007 0
      vertex 127.944 62.5865 0
    endloop
  endfacet
  facet normal 0 0 -1
    outer loop
      vertex 126.349 -62.4294 0
      vertex 133 -33.5 0
      vertex 126.507 -62.3732 0
    endloop
  endfacet
  facet normal 0 0 -1
    outer loop
      vertex 115.167 1.16673 0
      vertex 133 33.5 0
      vertex 115.275 1.04675 0
    endloop
  endfacet
  facet normal 0 0 -1
    outer loop
      vertex 126.199 -62.5007 0
      vertex 133 -33.5 0
      vertex 126.349 -62.4294 0
    endloop
  endfacet
  facet normal 0 0 -1
    outer loop
      vertex 133 33.5 0
      vertex 127.651 62.4294 0
      vertex 127.801 62.5007 0
    endloop
  endfacet
  facet normal 0 0 -1
    outer loop
      vertex 109.413 -63.0555 0
      vertex 125.587 -63.0555 0
      vertex 109.499 -63.1986 0
    endloop
  endfacet
  facet normal 0 0 -1
    outer loop
      vertex 115.047 1.27547 0
      vertex 133 33.5 0
      vertex 115.167 1.16673 0
    endloop
  endfacet
  facet normal 0 0 -1
    outer loop
      vertex 125.501 -63.1986 0
      vertex 109.499 -63.1986 0
      vertex 125.587 -63.0555 0
    endloop
  endfacet
  facet normal 0 0 -1
    outer loop
      vertex 133 33.5 0
      vertex 127.493 62.3732 0
      vertex 127.651 62.4294 0
    endloop
  endfacet
  facet normal 0 0 -1
    outer loop
      vertex 109.499 -63.1986 0
      vertex 125.501 -63.1986 0
      vertex 109.571 -63.3494 0
    endloop
  endfacet
  facet normal 0 0 -1
    outer loop
      vertex 114.917 1.37192 0
      vertex 133 33.5 0
      vertex 115.047 1.27547 0
    endloop
  endfacet
  facet normal 0 0 -1
    outer loop
      vertex 125.429 -63.3494 0
      vertex 109.571 -63.3494 0
      vertex 125.501 -63.1986 0
    endloop
  endfacet
  facet normal 0 0 -1
    outer loop
      vertex 133 33.5 0
      vertex 127.332 62.3327 0
      vertex 127.493 62.3732 0
    endloop
  endfacet
  facet normal 0 0 -1
    outer loop
      vertex 109.571 -63.3494 0
      vertex 125.429 -63.3494 0
      vertex 109.627 -63.5065 0
    endloop
  endfacet
  facet normal 0 0 -1
    outer loop
      vertex 114.778 1.45517 0
      vertex 133 33.5 0
      vertex 114.917 1.37192 0
    endloop
  endfacet
  facet normal 0 0 -1
    outer loop
      vertex 125.373 -63.5065 0
      vertex 109.627 -63.5065 0
      vertex 125.429 -63.3494 0
    endloop
  endfacet
  facet normal 0 0 -1
    outer loop
      vertex 133 33.5 0
      vertex 127.167 62.3082 0
      vertex 127.332 62.3327 0
    endloop
  endfacet
  facet normal 0 0 -1
    outer loop
      vertex 109.627 -63.5065 0
      vertex 125.373 -63.5065 0
      vertex 109.667 -63.6683 0
    endloop
  endfacet
  facet normal 0 0 -1
    outer loop
      vertex 114.631 1.5244 0
      vertex 133 33.5 0
      vertex 114.778 1.45517 0
    endloop
  endfacet
  facet normal 0 0 -1
    outer loop
      vertex 125.333 -63.6683 0
      vertex 109.667 -63.6683 0
      vertex 125.373 -63.5065 0
    endloop
  endfacet
  facet normal 0 0 -1
    outer loop
      vertex 133 33.5 0
      vertex 127 62.3 0
      vertex 127.167 62.3082 0
    endloop
  endfacet
  facet normal 0 0 -1
    outer loop
      vertex 109.667 -63.6683 0
      vertex 125.333 -63.6683 0
      vertex 109.692 -63.8334 0
    endloop
  endfacet
  facet normal 0 0 -1
    outer loop
      vertex 114.479 1.57895 0
      vertex 133 33.5 0
      vertex 114.631 1.5244 0
    endloop
  endfacet
  facet normal 0 0 -1
    outer loop
      vertex 125.308 -63.8334 0
      vertex 109.692 -63.8334 0
      vertex 125.333 -63.6683 0
    endloop
  endfacet
  facet normal 0 0 -1
    outer loop
      vertex 133 33.5 0
      vertex 126.833 62.3082 0
      vertex 127 62.3 0
    endloop
  endfacet
  facet normal 0 0 -1
    outer loop
      vertex 109.692 -63.8334 0
      vertex 125.308 -63.8334 0
      vertex 109.7 -64 0
    endloop
  endfacet
  facet normal 0 0 -1
    outer loop
      vertex 114.322 1.6183 0
      vertex 133 33.5 0
      vertex 114.479 1.57895 0
    endloop
  endfacet
  facet normal 0 0 -1
    outer loop
      vertex 109.7 -64 0
      vertex 125.308 -63.8334 0
      vertex 125.3 -64 0
    endloop
  endfacet
  facet normal 0 0 -1
    outer loop
      vertex 133 33.5 0
      vertex 126.668 62.3327 0
      vertex 126.833 62.3082 0
    endloop
  endfacet
  facet normal 0 0 -1
    outer loop
      vertex 195.5 -71 0
      vertex 186.5 -33.5 0
      vertex 195.5 71 0
    endloop
  endfacet
  facet normal 0 0 -1
    outer loop
      vertex 128.692 -63.8334 0
      vertex 195.5 -71 0
      vertex 128.7 -64 0
    endloop
  endfacet
  facet normal 0 0 -1
    outer loop
      vertex 128.667 -63.6683 0
      vertex 186.5 -33.5 0
      vertex 128.692 -63.8334 0
    endloop
  endfacet
  facet normal 0 0 -1
    outer loop
      vertex 195.5 -71 0
      vertex 128.692 -63.8334 0
      vertex 186.5 -33.5 0
    endloop
  endfacet
  facet normal 0 0 -1
    outer loop
      vertex 195.5 -71 0
      vertex 128.692 -64.1666 0
      vertex 128.7 -64 0
    endloop
  endfacet
  facet normal 0 0 -1
    outer loop
      vertex 195.5 -71 0
      vertex 128.667 -64.3316 0
      vertex 128.692 -64.1666 0
    endloop
  endfacet
  facet normal 0 0 -1
    outer loop
      vertex 195.5 -71 0
      vertex 128.627 -64.4935 0
      vertex 128.667 -64.3316 0
    endloop
  endfacet
  facet normal 0 0 -1
    outer loop
      vertex 195.5 -71 0
      vertex 128.571 -64.6506 0
      vertex 128.627 -64.4935 0
    endloop
  endfacet
  facet normal 0 0 -1
    outer loop
      vertex 195.5 -71 0
      vertex 128.499 -64.8014 0
      vertex 128.571 -64.6506 0
    endloop
  endfacet
  facet normal 0 0 -1
    outer loop
      vertex 195.5 -71 0
      vertex 128.413 -64.9445 0
      vertex 128.499 -64.8014 0
    endloop
  endfacet
  facet normal 0 0 -1
    outer loop
      vertex 195.5 -71 0
      vertex 128.314 -65.0785 0
      vertex 128.413 -64.9445 0
    endloop
  endfacet
  facet normal 0 0 -1
    outer loop
      vertex 195.5 -71 0
      vertex 128.202 -65.2021 0
      vertex 128.314 -65.0785 0
    endloop
  endfacet
  facet normal 0 0 -1
    outer loop
      vertex 195.5 -71 0
      vertex 128.078 -65.3141 0
      vertex 128.202 -65.2021 0
    endloop
  endfacet
  facet normal 0 0 -1
    outer loop
      vertex 195.5 -71 0
      vertex 127.944 -65.4135 0
      vertex 128.078 -65.3141 0
    endloop
  endfacet
  facet normal 0 0 -1
    outer loop
      vertex 195.5 -71 0
      vertex 127.801 -65.4993 0
      vertex 127.944 -65.4135 0
    endloop
  endfacet
  facet normal 0 0 -1
    outer loop
      vertex 195.5 -71 0
      vertex 127.651 -65.5706 0
      vertex 127.801 -65.4993 0
    endloop
  endfacet
  facet normal 0 0 -1
    outer loop
      vertex 195.5 -71 0
      vertex 127.493 -65.6268 0
      vertex 127.651 -65.5706 0
    endloop
  endfacet
  facet normal 0 0 -1
    outer loop
      vertex 195.5 -71 0
      vertex 127.332 -65.6673 0
      vertex 127.493 -65.6268 0
    endloop
  endfacet
  facet normal 0 0 -1
    outer loop
      vertex 195.5 -71 0
      vertex 127.167 -65.6918 0
      vertex 127.332 -65.6673 0
    endloop
  endfacet
  facet normal 0 0 -1
    outer loop
      vertex 94 -71 0
      vertex 127.167 -65.6918 0
      vertex 195.5 -71 0
    endloop
  endfacet
  facet normal 0 0 -1
    outer loop
      vertex 127.167 -65.6918 0
      vertex 94 -71 0
      vertex 127 -65.7 0
    endloop
  endfacet
  facet normal 0 0 -1
    outer loop
      vertex 114.162 1.64205 0
      vertex 133 33.5 0
      vertex 114.322 1.6183 0
    endloop
  endfacet
  facet normal 0 0 -1
    outer loop
      vertex 109.7 -64 0
      vertex 125.3 -64 0
      vertex 125.308 -64.1666 0
    endloop
  endfacet
  facet normal 0 0 -1
    outer loop
      vertex 109.692 -64.1666 0
      vertex 125.308 -64.1666 0
      vertex 125.333 -64.3316 0
    endloop
  endfacet
  facet normal 0 0 -1
    outer loop
      vertex 133 -33.5 0
      vertex 115.65 0 0
      vertex 133 33.5 0
    endloop
  endfacet
  facet normal 0 -0 -1
    outer loop
      vertex 115.65 0 0
      vertex 133 -33.5 0
      vertex 115.642 -0.161728 0
    endloop
  endfacet
  facet normal 0 0 -1
    outer loop
      vertex 133 -33.5 0
      vertex 115.579 -0.47897 0
      vertex 115.618 -0.321898 0
    endloop
  endfacet
  facet normal 0 0 -1
    outer loop
      vertex 133 -33.5 0
      vertex 115.524 -0.631427 0
      vertex 115.579 -0.47897 0
    endloop
  endfacet
  facet normal 0 0 -1
    outer loop
      vertex 133 -33.5 0
      vertex 115.455 -0.777804 0
      vertex 115.524 -0.631427 0
    endloop
  endfacet
  facet normal 0 0 -1
    outer loop
      vertex 133 -33.5 0
      vertex 115.372 -0.916691 0
      vertex 115.455 -0.777804 0
    endloop
  endfacet
  facet normal 0 0 -1
    outer loop
      vertex 133 -33.5 0
      vertex 115.275 -1.04675 0
      vertex 115.372 -0.916691 0
    endloop
  endfacet
  facet normal 0 0 -1
    outer loop
      vertex 133 -33.5 0
      vertex 115.167 -1.16673 0
      vertex 115.275 -1.04675 0
    endloop
  endfacet
  facet normal 0 0 -1
    outer loop
      vertex 133 -33.5 0
      vertex 115.047 -1.27547 0
      vertex 115.167 -1.16673 0
    endloop
  endfacet
  facet normal 0 0 -1
    outer loop
      vertex 133 -33.5 0
      vertex 114.917 -1.37192 0
      vertex 115.047 -1.27547 0
    endloop
  endfacet
  facet normal 0 0 -1
    outer loop
      vertex 133 -33.5 0
      vertex 114.778 -1.45517 0
      vertex 114.917 -1.37192 0
    endloop
  endfacet
  facet normal 0 0 -1
    outer loop
      vertex 133 -33.5 0
      vertex 114.631 -1.5244 0
      vertex 114.778 -1.45517 0
    endloop
  endfacet
  facet normal 0 0 -1
    outer loop
      vertex 133 -33.5 0
      vertex 114.479 -1.57895 0
      vertex 114.631 -1.5244 0
    endloop
  endfacet
  facet normal 0 0 -1
    outer loop
      vertex 133 -33.5 0
      vertex 114.322 -1.6183 0
      vertex 114.479 -1.57895 0
    endloop
  endfacet
  facet normal 0 0 -1
    outer loop
      vertex 133 -33.5 0
      vertex 114.162 -1.64205 0
      vertex 114.322 -1.6183 0
    endloop
  endfacet
  facet normal 0 0 -1
    outer loop
      vertex 125.587 -63.0555 0
      vertex 109.413 -63.0555 0
      vertex 125.686 -62.9215 0
    endloop
  endfacet
  facet normal 0 0 -1
    outer loop
      vertex 133 -33.5 0
      vertex 114 -1.65 0
      vertex 114.162 -1.64205 0
    endloop
  endfacet
  facet normal 0 0 -1
    outer loop
      vertex 133 -33.5 0
      vertex 113.838 -1.64205 0
      vertex 114 -1.65 0
    endloop
  endfacet
  facet normal 0 0 -1
    outer loop
      vertex 133 -33.5 0
      vertex 113.678 -1.6183 0
      vertex 113.838 -1.64205 0
    endloop
  endfacet
  facet normal 0 0 -1
    outer loop
      vertex 133 -33.5 0
      vertex 113.521 -1.57895 0
      vertex 113.678 -1.6183 0
    endloop
  endfacet
  facet normal 0 0 -1
    outer loop
      vertex 133 -33.5 0
      vertex 113.369 -1.5244 0
      vertex 113.521 -1.57895 0
    endloop
  endfacet
  facet normal 0 0 -1
    outer loop
      vertex 109.314 -62.9215 0
      vertex 125.686 -62.9215 0
      vertex 109.413 -63.0555 0
    endloop
  endfacet
  facet normal 0 0 -1
    outer loop
      vertex 125.686 -62.9215 0
      vertex 109.314 -62.9215 0
      vertex 125.798 -62.7979 0
    endloop
  endfacet
  facet normal 0 0 -1
    outer loop
      vertex 109.202 -62.7979 0
      vertex 125.798 -62.7979 0
      vertex 109.314 -62.9215 0
    endloop
  endfacet
  facet normal 0 0 -1
    outer loop
      vertex 125.798 -62.7979 0
      vertex 109.202 -62.7979 0
      vertex 125.922 -62.6859 0
    endloop
  endfacet
  facet normal 0 0 -1
    outer loop
      vertex 109.078 -62.6859 0
      vertex 125.922 -62.6859 0
      vertex 109.202 -62.7979 0
    endloop
  endfacet
  facet normal 0 0 -1
    outer loop
      vertex 125.922 -62.6859 0
      vertex 109.078 -62.6859 0
      vertex 126.056 -62.5865 0
    endloop
  endfacet
  facet normal 0 0 -1
    outer loop
      vertex 108.944 -62.5865 0
      vertex 126.056 -62.5865 0
      vertex 109.078 -62.6859 0
    endloop
  endfacet
  facet normal 0 0 -1
    outer loop
      vertex 126.056 -62.5865 0
      vertex 108.944 -62.5865 0
      vertex 126.199 -62.5007 0
    endloop
  endfacet
  facet normal 0 0 -1
    outer loop
      vertex 108.801 -62.5007 0
      vertex 126.199 -62.5007 0
      vertex 108.944 -62.5865 0
    endloop
  endfacet
  facet normal 0 0 -1
    outer loop
      vertex 108.493 -62.3732 0
      vertex 133 -33.5 0
      vertex 108.651 -62.4294 0
    endloop
  endfacet
  facet normal 0 0 -1
    outer loop
      vertex 108.651 -62.4294 0
      vertex 133 -33.5 0
      vertex 108.801 -62.5007 0
    endloop
  endfacet
  facet normal 0 0 -1
    outer loop
      vertex 126.199 -62.5007 0
      vertex 108.801 -62.5007 0
      vertex 133 -33.5 0
    endloop
  endfacet
  facet normal 0 0 -1
    outer loop
      vertex 109.667 -64.3316 0
      vertex 125.333 -64.3316 0
      vertex 125.373 -64.4935 0
    endloop
  endfacet
  facet normal 0 0 -1
    outer loop
      vertex 109.627 -64.4935 0
      vertex 125.373 -64.4935 0
      vertex 125.429 -64.6506 0
    endloop
  endfacet
  facet normal 0 0 -1
    outer loop
      vertex 109.571 -64.6506 0
      vertex 125.429 -64.6506 0
      vertex 125.501 -64.8014 0
    endloop
  endfacet
  facet normal 0 0 -1
    outer loop
      vertex 109.499 -64.8014 0
      vertex 125.501 -64.8014 0
      vertex 125.587 -64.9445 0
    endloop
  endfacet
  facet normal 0 0 -1
    outer loop
      vertex 109.413 -64.9445 0
      vertex 125.587 -64.9445 0
      vertex 125.686 -65.0785 0
    endloop
  endfacet
  facet normal 0 0 -1
    outer loop
      vertex 109.314 -65.0785 0
      vertex 125.686 -65.0785 0
      vertex 125.798 -65.2021 0
    endloop
  endfacet
  facet normal 0 0 -1
    outer loop
      vertex 109.202 -65.2021 0
      vertex 125.798 -65.2021 0
      vertex 125.922 -65.3141 0
    endloop
  endfacet
  facet normal 0 0 -1
    outer loop
      vertex 109.078 -65.3141 0
      vertex 125.922 -65.3141 0
      vertex 126.056 -65.4135 0
    endloop
  endfacet
  facet normal 0 0 -1
    outer loop
      vertex 108.944 -65.4135 0
      vertex 126.056 -65.4135 0
      vertex 126.199 -65.4993 0
    endloop
  endfacet
  facet normal 0 0 -1
    outer loop
      vertex 108.801 -65.4993 0
      vertex 126.199 -65.4993 0
      vertex 126.349 -65.5706 0
    endloop
  endfacet
  facet normal 0 0 -1
    outer loop
      vertex 108.651 -65.5706 0
      vertex 126.349 -65.5706 0
      vertex 126.507 -65.6268 0
    endloop
  endfacet
  facet normal 0 0 -1
    outer loop
      vertex 108.493 -65.6268 0
      vertex 126.507 -65.6268 0
      vertex 126.668 -65.6673 0
    endloop
  endfacet
  facet normal 0 0 -1
    outer loop
      vertex 94 -71 0
      vertex 126.668 -65.6673 0
      vertex 126.833 -65.6918 0
    endloop
  endfacet
  facet normal 0 0 -1
    outer loop
      vertex 125.308 -64.1666 0
      vertex 109.692 -64.1666 0
      vertex 109.7 -64 0
    endloop
  endfacet
  facet normal 0 0 -1
    outer loop
      vertex 125.333 -64.3316 0
      vertex 109.667 -64.3316 0
      vertex 109.692 -64.1666 0
    endloop
  endfacet
  facet normal 0 0 -1
    outer loop
      vertex 125.373 -64.4935 0
      vertex 109.627 -64.4935 0
      vertex 109.667 -64.3316 0
    endloop
  endfacet
  facet normal -0 0 -1
    outer loop
      vertex 127 -65.7 0
      vertex 94 -71 0
      vertex 126.833 -65.6918 0
    endloop
  endfacet
  facet normal 0 0 -1
    outer loop
      vertex 125.429 -64.6506 0
      vertex 109.571 -64.6506 0
      vertex 109.627 -64.4935 0
    endloop
  endfacet
  facet normal 0 0 -1
    outer loop
      vertex 125.501 -64.8014 0
      vertex 109.499 -64.8014 0
      vertex 109.571 -64.6506 0
    endloop
  endfacet
  facet normal 0 0 -1
    outer loop
      vertex 125.587 -64.9445 0
      vertex 109.413 -64.9445 0
      vertex 109.499 -64.8014 0
    endloop
  endfacet
  facet normal 0 0 -1
    outer loop
      vertex 125.686 -65.0785 0
      vertex 109.314 -65.0785 0
      vertex 109.413 -64.9445 0
    endloop
  endfacet
  facet normal 0 0 -1
    outer loop
      vertex 125.798 -65.2021 0
      vertex 109.202 -65.2021 0
      vertex 109.314 -65.0785 0
    endloop
  endfacet
  facet normal 0 0 -1
    outer loop
      vertex 125.922 -65.3141 0
      vertex 109.078 -65.3141 0
      vertex 109.202 -65.2021 0
    endloop
  endfacet
  facet normal 0 0 -1
    outer loop
      vertex 126.056 -65.4135 0
      vertex 108.944 -65.4135 0
      vertex 109.078 -65.3141 0
    endloop
  endfacet
  facet normal 0 0 -1
    outer loop
      vertex 126.199 -65.4993 0
      vertex 108.801 -65.4993 0
      vertex 108.944 -65.4135 0
    endloop
  endfacet
  facet normal 0 0 -1
    outer loop
      vertex 126.349 -65.5706 0
      vertex 108.651 -65.5706 0
      vertex 108.801 -65.4993 0
    endloop
  endfacet
  facet normal 0 0 -1
    outer loop
      vertex 126.507 -65.6268 0
      vertex 108.493 -65.6268 0
      vertex 108.651 -65.5706 0
    endloop
  endfacet
  facet normal -0 0 -1
    outer loop
      vertex 126.668 -65.6673 0
      vertex 94 -71 0
      vertex 108.332 -65.6673 0
    endloop
  endfacet
  facet normal 0 0 -1
    outer loop
      vertex 126.668 -65.6673 0
      vertex 108.332 -65.6673 0
      vertex 108.493 -65.6268 0
    endloop
  endfacet
  facet normal 0 0 -1
    outer loop
      vertex 108.332 -65.6673 0
      vertex 94 -71 0
      vertex 108.167 -65.6918 0
    endloop
  endfacet
  facet normal 0 0 -1
    outer loop
      vertex 108.167 -65.6918 0
      vertex 94 -71 0
      vertex 108 -65.7 0
    endloop
  endfacet
  facet normal 0 0 -1
    outer loop
      vertex 106.333 63.6683 0
      vertex 94 71 0
      vertex 106.308 63.8334 0
    endloop
  endfacet
  facet normal -0 0 -1
    outer loop
      vertex 106.308 -64.1666 0
      vertex 94 -71 0
      vertex 106.3 -64 0
    endloop
  endfacet
  facet normal -0 0 -1
    outer loop
      vertex 106.333 -64.3316 0
      vertex 94 -71 0
      vertex 106.308 -64.1666 0
    endloop
  endfacet
  facet normal -0 0 -1
    outer loop
      vertex 106.373 -64.4935 0
      vertex 94 -71 0
      vertex 106.333 -64.3316 0
    endloop
  endfacet
  facet normal -0 0 -1
    outer loop
      vertex 106.429 -64.6506 0
      vertex 94 -71 0
      vertex 106.373 -64.4935 0
    endloop
  endfacet
  facet normal -0 0 -1
    outer loop
      vertex 106.501 -64.8014 0
      vertex 94 -71 0
      vertex 106.429 -64.6506 0
    endloop
  endfacet
  facet normal -0 0 -1
    outer loop
      vertex 106.587 -64.9445 0
      vertex 94 -71 0
      vertex 106.501 -64.8014 0
    endloop
  endfacet
  facet normal -0 0 -1
    outer loop
      vertex 106.686 -65.0785 0
      vertex 94 -71 0
      vertex 106.587 -64.9445 0
    endloop
  endfacet
  facet normal -0 0 -1
    outer loop
      vertex 106.798 -65.2021 0
      vertex 94 -71 0
      vertex 106.686 -65.0785 0
    endloop
  endfacet
  facet normal -0 0 -1
    outer loop
      vertex 106.922 -65.3141 0
      vertex 94 -71 0
      vertex 106.798 -65.2021 0
    endloop
  endfacet
  facet normal -0 0 -1
    outer loop
      vertex 107.056 -65.4135 0
      vertex 94 -71 0
      vertex 106.922 -65.3141 0
    endloop
  endfacet
  facet normal -0 0 -1
    outer loop
      vertex 107.199 -65.4993 0
      vertex 94 -71 0
      vertex 107.056 -65.4135 0
    endloop
  endfacet
  facet normal -0 0 -1
    outer loop
      vertex 107.349 -65.5706 0
      vertex 94 -71 0
      vertex 107.199 -65.4993 0
    endloop
  endfacet
  facet normal -0 0 -1
    outer loop
      vertex 107.507 -65.6268 0
      vertex 94 -71 0
      vertex 107.349 -65.5706 0
    endloop
  endfacet
  facet normal -0 0 -1
    outer loop
      vertex 107.668 -65.6673 0
      vertex 94 -71 0
      vertex 107.507 -65.6268 0
    endloop
  endfacet
  facet normal -0 0 -1
    outer loop
      vertex 107.833 -65.6918 0
      vertex 94 -71 0
      vertex 107.668 -65.6673 0
    endloop
  endfacet
  facet normal -0 0 -1
    outer loop
      vertex 108 -65.7 0
      vertex 94 -71 0
      vertex 107.833 -65.6918 0
    endloop
  endfacet
  facet normal 0 0 -1
    outer loop
      vertex 186.5 33.5 0
      vertex 195.5 71 0
      vertex 186.5 -33.5 0
    endloop
  endfacet
  facet normal 0 0 -1
    outer loop
      vertex 128.7 64 0
      vertex 186.5 33.5 0
      vertex 133 33.5 0
    endloop
  endfacet
  facet normal 0 0 -1
    outer loop
      vertex 128.627 -63.5065 0
      vertex 186.5 -33.5 0
      vertex 128.667 -63.6683 0
    endloop
  endfacet
  facet normal 0 0 -1
    outer loop
      vertex 186.5 33.5 0
      vertex 128.7 64 0
      vertex 195.5 71 0
    endloop
  endfacet
  facet normal 0 0 -1
    outer loop
      vertex 128.692 64.1666 0
      vertex 195.5 71 0
      vertex 128.7 64 0
    endloop
  endfacet
  facet normal 0 0 -1
    outer loop
      vertex 128.667 64.3316 0
      vertex 195.5 71 0
      vertex 128.692 64.1666 0
    endloop
  endfacet
  facet normal 0 0 -1
    outer loop
      vertex 128.627 64.4935 0
      vertex 195.5 71 0
      vertex 128.667 64.3316 0
    endloop
  endfacet
  facet normal 0 0 -1
    outer loop
      vertex 128.571 64.6506 0
      vertex 195.5 71 0
      vertex 128.627 64.4935 0
    endloop
  endfacet
  facet normal 0 0 -1
    outer loop
      vertex 128.499 64.8014 0
      vertex 195.5 71 0
      vertex 128.571 64.6506 0
    endloop
  endfacet
  facet normal 0 0 -1
    outer loop
      vertex 128.413 64.9445 0
      vertex 195.5 71 0
      vertex 128.499 64.8014 0
    endloop
  endfacet
  facet normal 0 0 -1
    outer loop
      vertex 128.314 65.0785 0
      vertex 195.5 71 0
      vertex 128.413 64.9445 0
    endloop
  endfacet
  facet normal 0 0 -1
    outer loop
      vertex 128.202 65.2021 0
      vertex 195.5 71 0
      vertex 128.314 65.0785 0
    endloop
  endfacet
  facet normal 0 0 -1
    outer loop
      vertex 128.078 65.3141 0
      vertex 195.5 71 0
      vertex 128.202 65.2021 0
    endloop
  endfacet
  facet normal 0 0 -1
    outer loop
      vertex 127.944 65.4135 0
      vertex 195.5 71 0
      vertex 128.078 65.3141 0
    endloop
  endfacet
  facet normal 0 0 -1
    outer loop
      vertex 127.801 65.4993 0
      vertex 195.5 71 0
      vertex 127.944 65.4135 0
    endloop
  endfacet
  facet normal 0 0 -1
    outer loop
      vertex 127.651 65.5706 0
      vertex 195.5 71 0
      vertex 127.801 65.4993 0
    endloop
  endfacet
  facet normal 0 0 -1
    outer loop
      vertex 127.493 65.6268 0
      vertex 195.5 71 0
      vertex 127.651 65.5706 0
    endloop
  endfacet
  facet normal 0 0 -1
    outer loop
      vertex 127.332 65.6673 0
      vertex 195.5 71 0
      vertex 127.493 65.6268 0
    endloop
  endfacet
  facet normal 0 0 -1
    outer loop
      vertex 127.167 65.6918 0
      vertex 195.5 71 0
      vertex 127.332 65.6673 0
    endloop
  endfacet
  facet normal 0 0 -1
    outer loop
      vertex 94 71 0
      vertex 127.167 65.6918 0
      vertex 127 65.7 0
    endloop
  endfacet
  facet normal 0 0 -1
    outer loop
      vertex 94 71 0
      vertex 127 65.7 0
      vertex 126.833 65.6918 0
    endloop
  endfacet
  facet normal 0 0 -1
    outer loop
      vertex 133 33.5 0
      vertex 126.507 62.3732 0
      vertex 126.668 62.3327 0
    endloop
  endfacet
  facet normal 0 0 -1
    outer loop
      vertex 114 1.65 0
      vertex 133 33.5 0
      vertex 114.162 1.64205 0
    endloop
  endfacet
  facet normal 0 0 -1
    outer loop
      vertex 133 33.5 0
      vertex 126.349 62.4294 0
      vertex 126.507 62.3732 0
    endloop
  endfacet
  facet normal 0 0 -1
    outer loop
      vertex 113.838 1.64205 0
      vertex 133 33.5 0
      vertex 114 1.65 0
    endloop
  endfacet
  facet normal -0 -0 -1
    outer loop
      vertex 126.199 62.5007 0
      vertex 133 33.5 0
      vertex 109.7 64 0
    endloop
  endfacet
  facet normal 0 0 -1
    outer loop
      vertex 133 33.5 0
      vertex 126.199 62.5007 0
      vertex 126.349 62.4294 0
    endloop
  endfacet
  facet normal 0 0 -1
    outer loop
      vertex 126.056 62.5865 0
      vertex 109.7 64 0
      vertex 125.922 62.6859 0
    endloop
  endfacet
  facet normal 0 0 -1
    outer loop
      vertex 125.922 62.6859 0
      vertex 109.7 64 0
      vertex 125.798 62.7979 0
    endloop
  endfacet
  facet normal 0 0 -1
    outer loop
      vertex 125.798 62.7979 0
      vertex 109.7 64 0
      vertex 125.686 62.9215 0
    endloop
  endfacet
  facet normal 0 0 -1
    outer loop
      vertex 125.686 62.9215 0
      vertex 109.7 64 0
      vertex 125.587 63.0555 0
    endloop
  endfacet
  facet normal 0 0 -1
    outer loop
      vertex 125.587 63.0555 0
      vertex 109.7 64 0
      vertex 125.501 63.1986 0
    endloop
  endfacet
  facet normal 0 0 -1
    outer loop
      vertex 125.501 63.1986 0
      vertex 109.7 64 0
      vertex 125.429 63.3494 0
    endloop
  endfacet
  facet normal 0 0 -1
    outer loop
      vertex 125.429 63.3494 0
      vertex 109.7 64 0
      vertex 125.373 63.5065 0
    endloop
  endfacet
  facet normal 0 0 -1
    outer loop
      vertex 125.373 63.5065 0
      vertex 109.7 64 0
      vertex 125.333 63.6683 0
    endloop
  endfacet
  facet normal 0 0 -1
    outer loop
      vertex 125.333 63.6683 0
      vertex 109.7 64 0
      vertex 125.308 63.8334 0
    endloop
  endfacet
  facet normal 0 0 -1
    outer loop
      vertex 125.308 63.8334 0
      vertex 109.7 64 0
      vertex 125.3 64 0
    endloop
  endfacet
  facet normal 0 0 -1
    outer loop
      vertex 125.3 64 0
      vertex 109.7 64 0
      vertex 125.308 64.1666 0
    endloop
  endfacet
  facet normal 0 0 -1
    outer loop
      vertex 126.199 62.5007 0
      vertex 109.7 64 0
      vertex 126.056 62.5865 0
    endloop
  endfacet
  facet normal 0 0 -1
    outer loop
      vertex 113.678 1.6183 0
      vertex 133 33.5 0
      vertex 113.838 1.64205 0
    endloop
  endfacet
  facet normal 0 0 -1
    outer loop
      vertex 113.521 1.57895 0
      vertex 133 33.5 0
      vertex 113.678 1.6183 0
    endloop
  endfacet
  facet normal 0 0 -1
    outer loop
      vertex 113.369 1.5244 0
      vertex 133 33.5 0
      vertex 113.521 1.57895 0
    endloop
  endfacet
  facet normal -0 0 -1
    outer loop
      vertex 133 33.5 0
      vertex 113.369 1.5244 0
      vertex 109.7 64 0
    endloop
  endfacet
  facet normal 0 0 -1
    outer loop
      vertex 109.7 64 0
      vertex 113.369 1.5244 0
      vertex 113.222 1.45517 0
    endloop
  endfacet
  facet normal 0 0 -1
    outer loop
      vertex 109.7 64 0
      vertex 113.222 1.45517 0
      vertex 113.083 1.37192 0
    endloop
  endfacet
  facet normal 0 0 -1
    outer loop
      vertex 109.7 64 0
      vertex 113.083 1.37192 0
      vertex 112.953 1.27547 0
    endloop
  endfacet
  facet normal 0 0 -1
    outer loop
      vertex 109.7 64 0
      vertex 112.953 1.27547 0
      vertex 112.833 1.16673 0
    endloop
  endfacet
  facet normal 0 0 -1
    outer loop
      vertex 109.7 64 0
      vertex 112.833 1.16673 0
      vertex 112.725 1.04675 0
    endloop
  endfacet
  facet normal 0 0 -1
    outer loop
      vertex 109.7 64 0
      vertex 112.725 1.04675 0
      vertex 112.628 0.916691 0
    endloop
  endfacet
  facet normal 0 0 -1
    outer loop
      vertex 109.7 64 0
      vertex 112.628 0.916691 0
      vertex 112.545 0.777804 0
    endloop
  endfacet
  facet normal 0 0 -1
    outer loop
      vertex 109.7 64 0
      vertex 112.545 0.777804 0
      vertex 112.476 0.631427 0
    endloop
  endfacet
  facet normal 0 0 -1
    outer loop
      vertex 109.7 64 0
      vertex 112.476 0.631427 0
      vertex 112.421 0.47897 0
    endloop
  endfacet
  facet normal 0 0 -1
    outer loop
      vertex 109.7 64 0
      vertex 112.421 0.47897 0
      vertex 112.382 0.321898 0
    endloop
  endfacet
  facet normal 0 0 -1
    outer loop
      vertex 108.332 -62.3327 0
      vertex 133 -33.5 0
      vertex 108.493 -62.3732 0
    endloop
  endfacet
  facet normal 0 0 -1
    outer loop
      vertex 109.7 64 0
      vertex 112.358 0.161728 0
      vertex 112.35 0 0
    endloop
  endfacet
  facet normal 0 0 -1
    outer loop
      vertex 109.7 64 0
      vertex 112.382 0.321898 0
      vertex 112.358 0.161728 0
    endloop
  endfacet
  facet normal 0 0 -1
    outer loop
      vertex 109.692 64.1666 0
      vertex 125.308 64.1666 0
      vertex 109.7 64 0
    endloop
  endfacet
  facet normal 0 0 -1
    outer loop
      vertex 125.308 64.1666 0
      vertex 109.692 64.1666 0
      vertex 125.333 64.3316 0
    endloop
  endfacet
  facet normal 0 0 -1
    outer loop
      vertex 109.667 64.3316 0
      vertex 125.333 64.3316 0
      vertex 109.692 64.1666 0
    endloop
  endfacet
  facet normal 0 0 -1
    outer loop
      vertex 125.333 64.3316 0
      vertex 109.667 64.3316 0
      vertex 125.373 64.4935 0
    endloop
  endfacet
  facet normal 0 0 -1
    outer loop
      vertex 109.627 64.4935 0
      vertex 125.373 64.4935 0
      vertex 109.667 64.3316 0
    endloop
  endfacet
  facet normal 0 0 -1
    outer loop
      vertex 125.373 64.4935 0
      vertex 109.627 64.4935 0
      vertex 125.429 64.6506 0
    endloop
  endfacet
  facet normal 0 0 -1
    outer loop
      vertex 109.571 64.6506 0
      vertex 125.429 64.6506 0
      vertex 109.627 64.4935 0
    endloop
  endfacet
  facet normal 0 0 -1
    outer loop
      vertex 125.429 64.6506 0
      vertex 109.571 64.6506 0
      vertex 125.501 64.8014 0
    endloop
  endfacet
  facet normal 0 0 -1
    outer loop
      vertex 109.499 64.8014 0
      vertex 125.501 64.8014 0
      vertex 109.571 64.6506 0
    endloop
  endfacet
  facet normal 0 0 -1
    outer loop
      vertex 125.501 64.8014 0
      vertex 109.499 64.8014 0
      vertex 125.587 64.9445 0
    endloop
  endfacet
  facet normal 0 0 -1
    outer loop
      vertex 109.413 64.9445 0
      vertex 125.587 64.9445 0
      vertex 109.499 64.8014 0
    endloop
  endfacet
  facet normal 0 0 -1
    outer loop
      vertex 125.587 64.9445 0
      vertex 109.413 64.9445 0
      vertex 125.686 65.0785 0
    endloop
  endfacet
  facet normal 0 0 -1
    outer loop
      vertex 109.314 65.0785 0
      vertex 125.686 65.0785 0
      vertex 109.413 64.9445 0
    endloop
  endfacet
  facet normal 0 0 -1
    outer loop
      vertex 125.686 65.0785 0
      vertex 109.314 65.0785 0
      vertex 125.798 65.2021 0
    endloop
  endfacet
  facet normal 0 0 -1
    outer loop
      vertex 109.202 65.2021 0
      vertex 125.798 65.2021 0
      vertex 109.314 65.0785 0
    endloop
  endfacet
  facet normal 0 0 -1
    outer loop
      vertex 125.798 65.2021 0
      vertex 109.202 65.2021 0
      vertex 125.922 65.3141 0
    endloop
  endfacet
  facet normal 0 0 -1
    outer loop
      vertex 109.078 65.3141 0
      vertex 125.922 65.3141 0
      vertex 109.202 65.2021 0
    endloop
  endfacet
  facet normal 0 0 -1
    outer loop
      vertex 125.922 65.3141 0
      vertex 109.078 65.3141 0
      vertex 126.056 65.4135 0
    endloop
  endfacet
  facet normal 0 0 -1
    outer loop
      vertex 108.944 65.4135 0
      vertex 126.056 65.4135 0
      vertex 109.078 65.3141 0
    endloop
  endfacet
  facet normal 0 0 -1
    outer loop
      vertex 126.056 65.4135 0
      vertex 108.944 65.4135 0
      vertex 126.199 65.4993 0
    endloop
  endfacet
  facet normal 0 0 -1
    outer loop
      vertex 108.801 65.4993 0
      vertex 126.199 65.4993 0
      vertex 108.944 65.4135 0
    endloop
  endfacet
  facet normal 0 0 -1
    outer loop
      vertex 126.199 65.4993 0
      vertex 108.801 65.4993 0
      vertex 126.349 65.5706 0
    endloop
  endfacet
  facet normal 0 0 -1
    outer loop
      vertex 108.651 65.5706 0
      vertex 126.349 65.5706 0
      vertex 108.801 65.4993 0
    endloop
  endfacet
  facet normal 0 0 -1
    outer loop
      vertex 126.349 65.5706 0
      vertex 108.651 65.5706 0
      vertex 126.507 65.6268 0
    endloop
  endfacet
  facet normal 0 0 -1
    outer loop
      vertex 108.493 65.6268 0
      vertex 126.507 65.6268 0
      vertex 108.651 65.5706 0
    endloop
  endfacet
  facet normal 0 0 -1
    outer loop
      vertex 126.507 65.6268 0
      vertex 108.493 65.6268 0
      vertex 126.668 65.6673 0
    endloop
  endfacet
  facet normal 0 0 -1
    outer loop
      vertex 108.332 65.6673 0
      vertex 126.668 65.6673 0
      vertex 108.493 65.6268 0
    endloop
  endfacet
  facet normal 0 0 -1
    outer loop
      vertex 94 71 0
      vertex 126.668 65.6673 0
      vertex 108.332 65.6673 0
    endloop
  endfacet
  facet normal 0 0 -1
    outer loop
      vertex 126.668 65.6673 0
      vertex 94 71 0
      vertex 126.833 65.6918 0
    endloop
  endfacet
  facet normal 0 0 -1
    outer loop
      vertex 94 71 0
      vertex 108.332 65.6673 0
      vertex 108.167 65.6918 0
    endloop
  endfacet
  facet normal 0 0 -1
    outer loop
      vertex 94 71 0
      vertex 108.167 65.6918 0
      vertex 108 65.7 0
    endloop
  endfacet
  facet normal 0 0 -1
    outer loop
      vertex 94 71 0
      vertex 108 65.7 0
      vertex 107.833 65.6918 0
    endloop
  endfacet
  facet normal 0 0 -1
    outer loop
      vertex 106.308 63.8334 0
      vertex 94 71 0
      vertex 106.3 64 0
    endloop
  endfacet
  facet normal 0 0 -1
    outer loop
      vertex 127.167 65.6918 0
      vertex 94 71 0
      vertex 195.5 71 0
    endloop
  endfacet
  facet normal 0 0 -1
    outer loop
      vertex 107.668 65.6673 0
      vertex 94 71 0
      vertex 107.833 65.6918 0
    endloop
  endfacet
  facet normal 0 0 -1
    outer loop
      vertex 107.507 65.6268 0
      vertex 94 71 0
      vertex 107.668 65.6673 0
    endloop
  endfacet
  facet normal 0 0 -1
    outer loop
      vertex 107.349 65.5706 0
      vertex 94 71 0
      vertex 107.507 65.6268 0
    endloop
  endfacet
  facet normal 0 0 -1
    outer loop
      vertex 107.199 65.4993 0
      vertex 94 71 0
      vertex 107.349 65.5706 0
    endloop
  endfacet
  facet normal 0 0 -1
    outer loop
      vertex 107.056 65.4135 0
      vertex 94 71 0
      vertex 107.199 65.4993 0
    endloop
  endfacet
  facet normal 0 0 -1
    outer loop
      vertex 106.922 65.3141 0
      vertex 94 71 0
      vertex 107.056 65.4135 0
    endloop
  endfacet
  facet normal 0 0 -1
    outer loop
      vertex 106.798 65.2021 0
      vertex 94 71 0
      vertex 106.922 65.3141 0
    endloop
  endfacet
  facet normal 0 0 -1
    outer loop
      vertex 106.686 65.0785 0
      vertex 94 71 0
      vertex 106.798 65.2021 0
    endloop
  endfacet
  facet normal 0 0 -1
    outer loop
      vertex 106.587 64.9445 0
      vertex 94 71 0
      vertex 106.686 65.0785 0
    endloop
  endfacet
  facet normal 0 0 -1
    outer loop
      vertex 106.501 64.8014 0
      vertex 94 71 0
      vertex 106.587 64.9445 0
    endloop
  endfacet
  facet normal 0 0 -1
    outer loop
      vertex 106.429 64.6506 0
      vertex 94 71 0
      vertex 106.501 64.8014 0
    endloop
  endfacet
  facet normal 0 0 -1
    outer loop
      vertex 106.373 64.4935 0
      vertex 94 71 0
      vertex 106.429 64.6506 0
    endloop
  endfacet
  facet normal 0 0 -1
    outer loop
      vertex 106.333 64.3316 0
      vertex 94 71 0
      vertex 106.373 64.4935 0
    endloop
  endfacet
  facet normal 0 0 -1
    outer loop
      vertex 106.308 64.1666 0
      vertex 94 71 0
      vertex 106.333 64.3316 0
    endloop
  endfacet
  facet normal 0 0 -1
    outer loop
      vertex 106.3 64 0
      vertex 94 71 0
      vertex 106.308 64.1666 0
    endloop
  endfacet
  facet normal 0 1 -0
    outer loop
      vertex 195.5 71 0
      vertex 94 71 3
      vertex 195.5 71 3
    endloop
  endfacet
  facet normal 0 1 0
    outer loop
      vertex 94 71 3
      vertex 195.5 71 0
      vertex 94 71 0
    endloop
  endfacet
  facet normal 0 -1 0
    outer loop
      vertex 94 -71 0
      vertex 195.5 -71 3
      vertex 94 -71 3
    endloop
  endfacet
  facet normal 0 -1 -0
    outer loop
      vertex 195.5 -71 3
      vertex 94 -71 0
      vertex 195.5 -71 0
    endloop
  endfacet
  facet normal -1 0 0
    outer loop
      vertex 192.5 -45.5 3
      vertex 192.5 45.5 53
      vertex 192.5 45.5 3
    endloop
  endfacet
  facet normal -1 -0 0
    outer loop
      vertex 192.5 45.5 53
      vertex 192.5 -45.5 3
      vertex 192.5 -45.5 53
    endloop
  endfacet
  facet normal 0 1 0
    outer loop
      vertex 110.2 54.5 10.3
      vertex 112 54.5 20
      vertex 120 54.5 20
    endloop
  endfacet
  facet normal 0 1 0
    outer loop
      vertex 112 54.5 20
      vertex 110.2 54.5 10.3
      vertex 110.2 54.5 20
    endloop
  endfacet
  facet normal 0 1 0
    outer loop
      vertex 94 54.5 3
      vertex 110.2 54.5 10.3
      vertex 120 54.5 3
    endloop
  endfacet
  facet normal 0 1 -0
    outer loop
      vertex 120 54.5 3
      vertex 110.2 54.5 10.3
      vertex 120 54.5 20
    endloop
  endfacet
  facet normal 0 1 -0
    outer loop
      vertex 97.8 54.5 10.3
      vertex 94 54.5 20
      vertex 97.8 54.5 20
    endloop
  endfacet
  facet normal 0 1 0
    outer loop
      vertex 97.8 54.5 10.3
      vertex 94 54.5 3
      vertex 94 54.5 20
    endloop
  endfacet
  facet normal 0 1 0
    outer loop
      vertex 110.2 54.5 10.3
      vertex 94 54.5 3
      vertex 97.8 54.5 10.3
    endloop
  endfacet
  facet normal 0 -1 0
    outer loop
      vertex 104 -54.5 17.7
      vertex 112 -54.5 20
      vertex 94 -54.5 20
    endloop
  endfacet
  facet normal 0 -1 0
    outer loop
      vertex 112 -54.5 20
      vertex 104 -54.5 17.7
      vertex 104.216 -54.5 17.6894
    endloop
  endfacet
  facet normal 0 -1 0
    outer loop
      vertex 94 -54.5 20
      vertex 103.784 -54.5 17.6894
      vertex 104 -54.5 17.7
    endloop
  endfacet
  facet normal 0 -1 0
    outer loop
      vertex 94 -54.5 20
      vertex 103.571 -54.5 17.6577
      vertex 103.784 -54.5 17.6894
    endloop
  endfacet
  facet normal 0 -1 0
    outer loop
      vertex 94 -54.5 20
      vertex 103.361 -54.5 17.6053
      vertex 103.571 -54.5 17.6577
    endloop
  endfacet
  facet normal 0 -1 0
    outer loop
      vertex 94 -54.5 20
      vertex 103.158 -54.5 17.5325
      vertex 103.361 -54.5 17.6053
    endloop
  endfacet
  facet normal 0 -1 0
    outer loop
      vertex 94 -54.5 20
      vertex 102.963 -54.5 17.4402
      vertex 103.158 -54.5 17.5325
    endloop
  endfacet
  facet normal 0 -1 0
    outer loop
      vertex 94 -54.5 20
      vertex 102.778 -54.5 17.3292
      vertex 102.963 -54.5 17.4402
    endloop
  endfacet
  facet normal 0 -1 0
    outer loop
      vertex 94 -54.5 20
      vertex 102.604 -54.5 17.2006
      vertex 102.778 -54.5 17.3292
    endloop
  endfacet
  facet normal 0 -1 0
    outer loop
      vertex 94 -54.5 20
      vertex 102.444 -54.5 17.0556
      vertex 102.604 -54.5 17.2006
    endloop
  endfacet
  facet normal 0 -1 0
    outer loop
      vertex 94 -54.5 20
      vertex 102.299 -54.5 16.8957
      vertex 102.444 -54.5 17.0556
    endloop
  endfacet
  facet normal 0 -1 0
    outer loop
      vertex 94 -54.5 20
      vertex 102.171 -54.5 16.7223
      vertex 102.299 -54.5 16.8957
    endloop
  endfacet
  facet normal 0 -1 0
    outer loop
      vertex 94 -54.5 20
      vertex 102.06 -54.5 16.5371
      vertex 102.171 -54.5 16.7223
    endloop
  endfacet
  facet normal 0 -1 0
    outer loop
      vertex 94 -54.5 20
      vertex 101.967 -54.5 16.3419
      vertex 102.06 -54.5 16.5371
    endloop
  endfacet
  facet normal 0 -1 0
    outer loop
      vertex 94 -54.5 20
      vertex 101.895 -54.5 16.1386
      vertex 101.967 -54.5 16.3419
    endloop
  endfacet
  facet normal 0 -1 0
    outer loop
      vertex 94 -54.5 20
      vertex 101.842 -54.5 15.9292
      vertex 101.895 -54.5 16.1386
    endloop
  endfacet
  facet normal 0 -1 0
    outer loop
      vertex 94 -54.5 20
      vertex 101.811 -54.5 15.7156
      vertex 101.842 -54.5 15.9292
    endloop
  endfacet
  facet normal 0 -1 0
    outer loop
      vertex 94 -54.5 20
      vertex 101.8 -54.5 15.5
      vertex 101.811 -54.5 15.7156
    endloop
  endfacet
  facet normal 0 -1 0
    outer loop
      vertex 94 -54.5 3
      vertex 101.8 -54.5 15.5
      vertex 94 -54.5 20
    endloop
  endfacet
  facet normal 0 -1 -0
    outer loop
      vertex 101.8 -54.5 15.5
      vertex 94 -54.5 3
      vertex 101.8 -54.5 3
    endloop
  endfacet
  facet normal 0 -1 0
    outer loop
      vertex 104.429 -54.5 17.6577
      vertex 112 -54.5 20
      vertex 104.216 -54.5 17.6894
    endloop
  endfacet
  facet normal 0 -1 0
    outer loop
      vertex 104.639 -54.5 17.6053
      vertex 112 -54.5 20
      vertex 104.429 -54.5 17.6577
    endloop
  endfacet
  facet normal 0 -1 0
    outer loop
      vertex 104.842 -54.5 17.5325
      vertex 112 -54.5 20
      vertex 104.639 -54.5 17.6053
    endloop
  endfacet
  facet normal 0 -1 0
    outer loop
      vertex 105.037 -54.5 17.4402
      vertex 112 -54.5 20
      vertex 104.842 -54.5 17.5325
    endloop
  endfacet
  facet normal 0 -1 0
    outer loop
      vertex 105.222 -54.5 17.3292
      vertex 112 -54.5 20
      vertex 105.037 -54.5 17.4402
    endloop
  endfacet
  facet normal 0 -1 0
    outer loop
      vertex 105.396 -54.5 17.2006
      vertex 112 -54.5 20
      vertex 105.222 -54.5 17.3292
    endloop
  endfacet
  facet normal 0 -1 0
    outer loop
      vertex 105.556 -54.5 17.0556
      vertex 112 -54.5 20
      vertex 105.396 -54.5 17.2006
    endloop
  endfacet
  facet normal 0 -1 0
    outer loop
      vertex 105.701 -54.5 16.8957
      vertex 112 -54.5 20
      vertex 105.556 -54.5 17.0556
    endloop
  endfacet
  facet normal 0 -1 0
    outer loop
      vertex 105.829 -54.5 16.7223
      vertex 112 -54.5 20
      vertex 105.701 -54.5 16.8957
    endloop
  endfacet
  facet normal 0 -1 0
    outer loop
      vertex 105.94 -54.5 16.5371
      vertex 112 -54.5 20
      vertex 105.829 -54.5 16.7223
    endloop
  endfacet
  facet normal 0 -1 0
    outer loop
      vertex 106.033 -54.5 16.3419
      vertex 112 -54.5 20
      vertex 105.94 -54.5 16.5371
    endloop
  endfacet
  facet normal 0 -1 0
    outer loop
      vertex 106.105 -54.5 16.1386
      vertex 112 -54.5 20
      vertex 106.033 -54.5 16.3419
    endloop
  endfacet
  facet normal 0 -1 0
    outer loop
      vertex 106.158 -54.5 15.9292
      vertex 112 -54.5 20
      vertex 106.105 -54.5 16.1386
    endloop
  endfacet
  facet normal 0 -1 0
    outer loop
      vertex 106.189 -54.5 15.7156
      vertex 112 -54.5 20
      vertex 106.158 -54.5 15.9292
    endloop
  endfacet
  facet normal 0 -1 0
    outer loop
      vertex 106.2 -54.5 15.5
      vertex 112 -54.5 20
      vertex 106.189 -54.5 15.7156
    endloop
  endfacet
  facet normal 0 -1 0
    outer loop
      vertex 120 -54.5 3
      vertex 112 -54.5 20
      vertex 106.2 -54.5 15.5
    endloop
  endfacet
  facet normal 0 -1 0
    outer loop
      vertex 120 -54.5 3
      vertex 106.2 -54.5 15.5
      vertex 106.2 -54.5 3
    endloop
  endfacet
  facet normal 0 -1 0
    outer loop
      vertex 112 -54.5 20
      vertex 120 -54.5 3
      vertex 120 -54.5 20
    endloop
  endfacet
  facet normal 1 -0 0
    outer loop
      vertex 119 -45.5 37
      vertex 119 45.5 29
      vertex 119 45.5 37
    endloop
  endfacet
  facet normal 1 0 0
    outer loop
      vertex 119 45.5 29
      vertex 119 -45.5 37
      vertex 119 -45.5 29
    endloop
  endfacet
  facet normal 0 0 1
    outer loop
      vertex 119 45.5 37
      vertex 115.65 0 37
      vertex 119 -45.5 37
    endloop
  endfacet
  facet normal 0 0 1
    outer loop
      vertex 119 45.5 37
      vertex 115.642 0.161728 37
      vertex 115.65 0 37
    endloop
  endfacet
  facet normal 0 0 1
    outer loop
      vertex 119 45.5 37
      vertex 115.618 0.321898 37
      vertex 115.642 0.161728 37
    endloop
  endfacet
  facet normal 0 0 1
    outer loop
      vertex 119 45.5 37
      vertex 115.579 0.47897 37
      vertex 115.618 0.321898 37
    endloop
  endfacet
  facet normal 0 0 1
    outer loop
      vertex 119 45.5 37
      vertex 115.524 0.631427 37
      vertex 115.579 0.47897 37
    endloop
  endfacet
  facet normal 0 0 1
    outer loop
      vertex 119 45.5 37
      vertex 115.455 0.777804 37
      vertex 115.524 0.631427 37
    endloop
  endfacet
  facet normal 0 0 1
    outer loop
      vertex 119 45.5 37
      vertex 115.372 0.916691 37
      vertex 115.455 0.777804 37
    endloop
  endfacet
  facet normal 0 0 1
    outer loop
      vertex 119 45.5 37
      vertex 115.275 1.04675 37
      vertex 115.372 0.916691 37
    endloop
  endfacet
  facet normal 0 0 1
    outer loop
      vertex 119 45.5 37
      vertex 115.167 1.16673 37
      vertex 115.275 1.04675 37
    endloop
  endfacet
  facet normal 0 0 1
    outer loop
      vertex 119 45.5 37
      vertex 115.047 1.27547 37
      vertex 115.167 1.16673 37
    endloop
  endfacet
  facet normal 0 0 1
    outer loop
      vertex 119 45.5 37
      vertex 114.917 1.37192 37
      vertex 115.047 1.27547 37
    endloop
  endfacet
  facet normal 0 0 1
    outer loop
      vertex 119 45.5 37
      vertex 114.778 1.45517 37
      vertex 114.917 1.37192 37
    endloop
  endfacet
  facet normal 0 0 1
    outer loop
      vertex 119 45.5 37
      vertex 114.631 1.5244 37
      vertex 114.778 1.45517 37
    endloop
  endfacet
  facet normal 0 0 1
    outer loop
      vertex 119 45.5 37
      vertex 114.479 1.57895 37
      vertex 114.631 1.5244 37
    endloop
  endfacet
  facet normal 0 0 1
    outer loop
      vertex 119 45.5 37
      vertex 114.322 1.6183 37
      vertex 114.479 1.57895 37
    endloop
  endfacet
  facet normal 0 0 1
    outer loop
      vertex 119 45.5 37
      vertex 114.162 1.64205 37
      vertex 114.322 1.6183 37
    endloop
  endfacet
  facet normal 0 0 1
    outer loop
      vertex 119 45.5 37
      vertex 114 1.65 37
      vertex 114.162 1.64205 37
    endloop
  endfacet
  facet normal -0 0 1
    outer loop
      vertex 109 45.5 37
      vertex 114 1.65 37
      vertex 119 45.5 37
    endloop
  endfacet
  facet normal 0 0 1
    outer loop
      vertex 114 1.65 37
      vertex 109 45.5 37
      vertex 113.838 1.64205 37
    endloop
  endfacet
  facet normal 0 0 1
    outer loop
      vertex 113.838 1.64205 37
      vertex 109 45.5 37
      vertex 113.678 1.6183 37
    endloop
  endfacet
  facet normal 0 0 1
    outer loop
      vertex 113.678 1.6183 37
      vertex 109 45.5 37
      vertex 113.521 1.57895 37
    endloop
  endfacet
  facet normal 0 0 1
    outer loop
      vertex 113.521 1.57895 37
      vertex 109 45.5 37
      vertex 113.369 1.5244 37
    endloop
  endfacet
  facet normal 0 0 1
    outer loop
      vertex 113.369 1.5244 37
      vertex 109 45.5 37
      vertex 113.222 1.45517 37
    endloop
  endfacet
  facet normal 0 0 1
    outer loop
      vertex 113.222 1.45517 37
      vertex 109 45.5 37
      vertex 113.083 1.37192 37
    endloop
  endfacet
  facet normal 0 0 1
    outer loop
      vertex 113.083 1.37192 37
      vertex 109 45.5 37
      vertex 112.953 1.27547 37
    endloop
  endfacet
  facet normal 0 0 1
    outer loop
      vertex 112.953 1.27547 37
      vertex 109 45.5 37
      vertex 112.833 1.16673 37
    endloop
  endfacet
  facet normal 0 0 1
    outer loop
      vertex 112.833 1.16673 37
      vertex 109 45.5 37
      vertex 112.725 1.04675 37
    endloop
  endfacet
  facet normal 0 0 1
    outer loop
      vertex 112.725 1.04675 37
      vertex 109 45.5 37
      vertex 112.628 0.916691 37
    endloop
  endfacet
  facet normal 0 0 1
    outer loop
      vertex 112.628 0.916691 37
      vertex 109 45.5 37
      vertex 112.545 0.777804 37
    endloop
  endfacet
  facet normal 0 0 1
    outer loop
      vertex 112.545 0.777804 37
      vertex 109 45.5 37
      vertex 112.476 0.631427 37
    endloop
  endfacet
  facet normal 0 0 1
    outer loop
      vertex 112.476 0.631427 37
      vertex 109 45.5 37
      vertex 112.421 0.47897 37
    endloop
  endfacet
  facet normal 0 0 1
    outer loop
      vertex 112.421 0.47897 37
      vertex 109 45.5 37
      vertex 112.382 0.321898 37
    endloop
  endfacet
  facet normal 0 0 1
    outer loop
      vertex 112.358 0.161728 37
      vertex 109 45.5 37
      vertex 112.35 0 37
    endloop
  endfacet
  facet normal 0 0 1
    outer loop
      vertex 112.382 0.321898 37
      vertex 109 45.5 37
      vertex 112.358 0.161728 37
    endloop
  endfacet
  facet normal -0 0 1
    outer loop
      vertex 115.642 -0.161728 37
      vertex 119 -45.5 37
      vertex 115.65 0 37
    endloop
  endfacet
  facet normal -0 0 1
    outer loop
      vertex 115.618 -0.321898 37
      vertex 119 -45.5 37
      vertex 115.642 -0.161728 37
    endloop
  endfacet
  facet normal -0 0 1
    outer loop
      vertex 115.579 -0.47897 37
      vertex 119 -45.5 37
      vertex 115.618 -0.321898 37
    endloop
  endfacet
  facet normal -0 0 1
    outer loop
      vertex 115.524 -0.631427 37
      vertex 119 -45.5 37
      vertex 115.579 -0.47897 37
    endloop
  endfacet
  facet normal -0 0 1
    outer loop
      vertex 115.455 -0.777804 37
      vertex 119 -45.5 37
      vertex 115.524 -0.631427 37
    endloop
  endfacet
  facet normal -0 0 1
    outer loop
      vertex 115.372 -0.916691 37
      vertex 119 -45.5 37
      vertex 115.455 -0.777804 37
    endloop
  endfacet
  facet normal -0 0 1
    outer loop
      vertex 115.275 -1.04675 37
      vertex 119 -45.5 37
      vertex 115.372 -0.916691 37
    endloop
  endfacet
  facet normal -0 0 1
    outer loop
      vertex 115.167 -1.16673 37
      vertex 119 -45.5 37
      vertex 115.275 -1.04675 37
    endloop
  endfacet
  facet normal -0 0 1
    outer loop
      vertex 115.047 -1.27547 37
      vertex 119 -45.5 37
      vertex 115.167 -1.16673 37
    endloop
  endfacet
  facet normal -0 0 1
    outer loop
      vertex 114.917 -1.37192 37
      vertex 119 -45.5 37
      vertex 115.047 -1.27547 37
    endloop
  endfacet
  facet normal -0 0 1
    outer loop
      vertex 114.778 -1.45517 37
      vertex 119 -45.5 37
      vertex 114.917 -1.37192 37
    endloop
  endfacet
  facet normal -0 0 1
    outer loop
      vertex 114.631 -1.5244 37
      vertex 119 -45.5 37
      vertex 114.778 -1.45517 37
    endloop
  endfacet
  facet normal -0 0 1
    outer loop
      vertex 114.479 -1.57895 37
      vertex 119 -45.5 37
      vertex 114.631 -1.5244 37
    endloop
  endfacet
  facet normal -0 0 1
    outer loop
      vertex 114.322 -1.6183 37
      vertex 119 -45.5 37
      vertex 114.479 -1.57895 37
    endloop
  endfacet
  facet normal -0 0 1
    outer loop
      vertex 114.162 -1.64205 37
      vertex 119 -45.5 37
      vertex 114.322 -1.6183 37
    endloop
  endfacet
  facet normal -0 0 1
    outer loop
      vertex 114 -1.65 37
      vertex 119 -45.5 37
      vertex 114.162 -1.64205 37
    endloop
  endfacet
  facet normal 0 0 1
    outer loop
      vertex 109 -45.5 37
      vertex 114 -1.65 37
      vertex 113.838 -1.64205 37
    endloop
  endfacet
  facet normal 0 0 1
    outer loop
      vertex 109 -45.5 37
      vertex 113.838 -1.64205 37
      vertex 113.678 -1.6183 37
    endloop
  endfacet
  facet normal 0 0 1
    outer loop
      vertex 109 -45.5 37
      vertex 113.678 -1.6183 37
      vertex 113.521 -1.57895 37
    endloop
  endfacet
  facet normal 0 0 1
    outer loop
      vertex 109 -45.5 37
      vertex 113.521 -1.57895 37
      vertex 113.369 -1.5244 37
    endloop
  endfacet
  facet normal 0 0 1
    outer loop
      vertex 109 -45.5 37
      vertex 113.369 -1.5244 37
      vertex 113.222 -1.45517 37
    endloop
  endfacet
  facet normal 0 0 1
    outer loop
      vertex 109 -45.5 37
      vertex 113.222 -1.45517 37
      vertex 113.083 -1.37192 37
    endloop
  endfacet
  facet normal 0 0 1
    outer loop
      vertex 109 -45.5 37
      vertex 113.083 -1.37192 37
      vertex 112.953 -1.27547 37
    endloop
  endfacet
  facet normal 0 0 1
    outer loop
      vertex 109 -45.5 37
      vertex 112.953 -1.27547 37
      vertex 112.833 -1.16673 37
    endloop
  endfacet
  facet normal 0 0 1
    outer loop
      vertex 109 -45.5 37
      vertex 112.833 -1.16673 37
      vertex 112.725 -1.04675 37
    endloop
  endfacet
  facet normal 0 0 1
    outer loop
      vertex 109 -45.5 37
      vertex 112.725 -1.04675 37
      vertex 112.628 -0.916691 37
    endloop
  endfacet
  facet normal 0 0 1
    outer loop
      vertex 109 -45.5 37
      vertex 112.628 -0.916691 37
      vertex 112.545 -0.777804 37
    endloop
  endfacet
  facet normal 0 0 1
    outer loop
      vertex 109 -45.5 37
      vertex 112.545 -0.777804 37
      vertex 112.476 -0.631427 37
    endloop
  endfacet
  facet normal 0 0 1
    outer loop
      vertex 109 -45.5 37
      vertex 112.476 -0.631427 37
      vertex 112.421 -0.47897 37
    endloop
  endfacet
  facet normal 0 0 1
    outer loop
      vertex 109 -45.5 37
      vertex 112.421 -0.47897 37
      vertex 112.382 -0.321898 37
    endloop
  endfacet
  facet normal 0 0 1
    outer loop
      vertex 109 -45.5 37
      vertex 112.382 -0.321898 37
      vertex 112.358 -0.161728 37
    endloop
  endfacet
  facet normal 0 0 1
    outer loop
      vertex 109 -45.5 37
      vertex 112.35 0 37
      vertex 109 45.5 37
    endloop
  endfacet
  facet normal 0 0 1
    outer loop
      vertex 114 -1.65 37
      vertex 109 -45.5 37
      vertex 119 -45.5 37
    endloop
  endfacet
  facet normal 0 0 1
    outer loop
      vertex 112.35 0 37
      vertex 109 -45.5 37
      vertex 112.358 -0.161728 37
    endloop
  endfacet
  facet normal 0 0 -1
    outer loop
      vertex 119 -45.5 29
      vertex 115 0 29
      vertex 119 45.5 29
    endloop
  endfacet
  facet normal 0 0 -1
    outer loop
      vertex 119 -45.5 29
      vertex 114.995 -0.0980167 29
      vertex 115 0 29
    endloop
  endfacet
  facet normal 0 0 -1
    outer loop
      vertex 119 -45.5 29
      vertex 114.981 -0.19509 29
      vertex 114.995 -0.0980167 29
    endloop
  endfacet
  facet normal 0 0 -1
    outer loop
      vertex 119 -45.5 29
      vertex 114.957 -0.290284 29
      vertex 114.981 -0.19509 29
    endloop
  endfacet
  facet normal 0 0 -1
    outer loop
      vertex 119 -45.5 29
      vertex 114.924 -0.382683 29
      vertex 114.957 -0.290284 29
    endloop
  endfacet
  facet normal 0 0 -1
    outer loop
      vertex 119 -45.5 29
      vertex 114.882 -0.471396 29
      vertex 114.924 -0.382683 29
    endloop
  endfacet
  facet normal 0 0 -1
    outer loop
      vertex 119 -45.5 29
      vertex 114.831 -0.55557 29
      vertex 114.882 -0.471396 29
    endloop
  endfacet
  facet normal 0 0 -1
    outer loop
      vertex 119 -45.5 29
      vertex 114.773 -0.634393 29
      vertex 114.831 -0.55557 29
    endloop
  endfacet
  facet normal 0 0 -1
    outer loop
      vertex 119 -45.5 29
      vertex 114.707 -0.707107 29
      vertex 114.773 -0.634393 29
    endloop
  endfacet
  facet normal 0 0 -1
    outer loop
      vertex 119 -45.5 29
      vertex 114.634 -0.77301 29
      vertex 114.707 -0.707107 29
    endloop
  endfacet
  facet normal 0 0 -1
    outer loop
      vertex 119 -45.5 29
      vertex 114.556 -0.83147 29
      vertex 114.634 -0.77301 29
    endloop
  endfacet
  facet normal 0 0 -1
    outer loop
      vertex 119 -45.5 29
      vertex 114.471 -0.881921 29
      vertex 114.556 -0.83147 29
    endloop
  endfacet
  facet normal 0 0 -1
    outer loop
      vertex 119 -45.5 29
      vertex 114.383 -0.923879 29
      vertex 114.471 -0.881921 29
    endloop
  endfacet
  facet normal 0 0 -1
    outer loop
      vertex 119 -45.5 29
      vertex 114.29 -0.95694 29
      vertex 114.383 -0.923879 29
    endloop
  endfacet
  facet normal 0 0 -1
    outer loop
      vertex 119 -45.5 29
      vertex 114.195 -0.980784 29
      vertex 114.29 -0.95694 29
    endloop
  endfacet
  facet normal 0 0 -1
    outer loop
      vertex 119 -45.5 29
      vertex 114.098 -0.995184 29
      vertex 114.195 -0.980784 29
    endloop
  endfacet
  facet normal 0 0 -1
    outer loop
      vertex 119 -45.5 29
      vertex 114 -1 29
      vertex 114.098 -0.995184 29
    endloop
  endfacet
  facet normal 0 0 -1
    outer loop
      vertex 109 -45.5 29
      vertex 114 -1 29
      vertex 119 -45.5 29
    endloop
  endfacet
  facet normal -0 0 -1
    outer loop
      vertex 114 -1 29
      vertex 109 -45.5 29
      vertex 113.902 -0.995184 29
    endloop
  endfacet
  facet normal -0 0 -1
    outer loop
      vertex 113.902 -0.995184 29
      vertex 109 -45.5 29
      vertex 113.805 -0.980784 29
    endloop
  endfacet
  facet normal -0 0 -1
    outer loop
      vertex 113.805 -0.980784 29
      vertex 109 -45.5 29
      vertex 113.71 -0.95694 29
    endloop
  endfacet
  facet normal -0 0 -1
    outer loop
      vertex 113.71 -0.95694 29
      vertex 109 -45.5 29
      vertex 113.617 -0.923879 29
    endloop
  endfacet
  facet normal -0 0 -1
    outer loop
      vertex 113.617 -0.923879 29
      vertex 109 -45.5 29
      vertex 113.529 -0.881921 29
    endloop
  endfacet
  facet normal -0 0 -1
    outer loop
      vertex 113.529 -0.881921 29
      vertex 109 -45.5 29
      vertex 113.444 -0.83147 29
    endloop
  endfacet
  facet normal -0 0 -1
    outer loop
      vertex 113.444 -0.83147 29
      vertex 109 -45.5 29
      vertex 113.366 -0.77301 29
    endloop
  endfacet
  facet normal -0 0 -1
    outer loop
      vertex 113.366 -0.77301 29
      vertex 109 -45.5 29
      vertex 113.293 -0.707107 29
    endloop
  endfacet
  facet normal -0 0 -1
    outer loop
      vertex 113.293 -0.707107 29
      vertex 109 -45.5 29
      vertex 113.227 -0.634393 29
    endloop
  endfacet
  facet normal -0 0 -1
    outer loop
      vertex 113.227 -0.634393 29
      vertex 109 -45.5 29
      vertex 113.169 -0.55557 29
    endloop
  endfacet
  facet normal -0 0 -1
    outer loop
      vertex 113.169 -0.55557 29
      vertex 109 -45.5 29
      vertex 113.118 -0.471396 29
    endloop
  endfacet
  facet normal -0 0 -1
    outer loop
      vertex 113.118 -0.471396 29
      vertex 109 -45.5 29
      vertex 113.076 -0.382683 29
    endloop
  endfacet
  facet normal -0 0 -1
    outer loop
      vertex 113.076 -0.382683 29
      vertex 109 -45.5 29
      vertex 113.043 -0.290284 29
    endloop
  endfacet
  facet normal -0 0 -1
    outer loop
      vertex 113.043 -0.290284 29
      vertex 109 -45.5 29
      vertex 113.019 -0.19509 29
    endloop
  endfacet
  facet normal -0 0 -1
    outer loop
      vertex 113.005 -0.0980167 29
      vertex 109 -45.5 29
      vertex 113 0 29
    endloop
  endfacet
  facet normal -0 0 -1
    outer loop
      vertex 113.019 -0.19509 29
      vertex 109 -45.5 29
      vertex 113.005 -0.0980167 29
    endloop
  endfacet
  facet normal 0 0 -1
    outer loop
      vertex 114.995 0.0980167 29
      vertex 119 45.5 29
      vertex 115 0 29
    endloop
  endfacet
  facet normal 0 0 -1
    outer loop
      vertex 114.981 0.19509 29
      vertex 119 45.5 29
      vertex 114.995 0.0980167 29
    endloop
  endfacet
  facet normal 0 0 -1
    outer loop
      vertex 114.957 0.290284 29
      vertex 119 45.5 29
      vertex 114.981 0.19509 29
    endloop
  endfacet
  facet normal 0 0 -1
    outer loop
      vertex 114.924 0.382683 29
      vertex 119 45.5 29
      vertex 114.957 0.290284 29
    endloop
  endfacet
  facet normal 0 0 -1
    outer loop
      vertex 114.882 0.471396 29
      vertex 119 45.5 29
      vertex 114.924 0.382683 29
    endloop
  endfacet
  facet normal 0 0 -1
    outer loop
      vertex 114.831 0.55557 29
      vertex 119 45.5 29
      vertex 114.882 0.471396 29
    endloop
  endfacet
  facet normal 0 0 -1
    outer loop
      vertex 114.773 0.634393 29
      vertex 119 45.5 29
      vertex 114.831 0.55557 29
    endloop
  endfacet
  facet normal 0 0 -1
    outer loop
      vertex 114.707 0.707107 29
      vertex 119 45.5 29
      vertex 114.773 0.634393 29
    endloop
  endfacet
  facet normal 0 0 -1
    outer loop
      vertex 114.634 0.77301 29
      vertex 119 45.5 29
      vertex 114.707 0.707107 29
    endloop
  endfacet
  facet normal 0 0 -1
    outer loop
      vertex 114.556 0.83147 29
      vertex 119 45.5 29
      vertex 114.634 0.77301 29
    endloop
  endfacet
  facet normal 0 0 -1
    outer loop
      vertex 114.471 0.881921 29
      vertex 119 45.5 29
      vertex 114.556 0.83147 29
    endloop
  endfacet
  facet normal 0 0 -1
    outer loop
      vertex 114.383 0.923879 29
      vertex 119 45.5 29
      vertex 114.471 0.881921 29
    endloop
  endfacet
  facet normal 0 0 -1
    outer loop
      vertex 114.29 0.95694 29
      vertex 119 45.5 29
      vertex 114.383 0.923879 29
    endloop
  endfacet
  facet normal 0 0 -1
    outer loop
      vertex 114.195 0.980784 29
      vertex 119 45.5 29
      vertex 114.29 0.95694 29
    endloop
  endfacet
  facet normal 0 0 -1
    outer loop
      vertex 114.098 0.995184 29
      vertex 119 45.5 29
      vertex 114.195 0.980784 29
    endloop
  endfacet
  facet normal 0 0 -1
    outer loop
      vertex 114 1 29
      vertex 119 45.5 29
      vertex 114.098 0.995184 29
    endloop
  endfacet
  facet normal 0 0 -1
    outer loop
      vertex 109 45.5 29
      vertex 114 1 29
      vertex 113.902 0.995184 29
    endloop
  endfacet
  facet normal 0 0 -1
    outer loop
      vertex 109 45.5 29
      vertex 113.902 0.995184 29
      vertex 113.805 0.980784 29
    endloop
  endfacet
  facet normal 0 0 -1
    outer loop
      vertex 109 45.5 29
      vertex 113.805 0.980784 29
      vertex 113.71 0.95694 29
    endloop
  endfacet
  facet normal 0 0 -1
    outer loop
      vertex 109 45.5 29
      vertex 113.71 0.95694 29
      vertex 113.617 0.923879 29
    endloop
  endfacet
  facet normal 0 0 -1
    outer loop
      vertex 109 45.5 29
      vertex 113.617 0.923879 29
      vertex 113.529 0.881921 29
    endloop
  endfacet
  facet normal 0 0 -1
    outer loop
      vertex 109 45.5 29
      vertex 113.529 0.881921 29
      vertex 113.444 0.83147 29
    endloop
  endfacet
  facet normal 0 0 -1
    outer loop
      vertex 109 45.5 29
      vertex 113.444 0.83147 29
      vertex 113.366 0.77301 29
    endloop
  endfacet
  facet normal 0 0 -1
    outer loop
      vertex 109 45.5 29
      vertex 113.366 0.77301 29
      vertex 113.293 0.707107 29
    endloop
  endfacet
  facet normal 0 0 -1
    outer loop
      vertex 109 45.5 29
      vertex 113.293 0.707107 29
      vertex 113.227 0.634393 29
    endloop
  endfacet
  facet normal 0 0 -1
    outer loop
      vertex 109 45.5 29
      vertex 113.227 0.634393 29
      vertex 113.169 0.55557 29
    endloop
  endfacet
  facet normal 0 0 -1
    outer loop
      vertex 109 45.5 29
      vertex 113.169 0.55557 29
      vertex 113.118 0.471396 29
    endloop
  endfacet
  facet normal 0 0 -1
    outer loop
      vertex 109 45.5 29
      vertex 113.118 0.471396 29
      vertex 113.076 0.382683 29
    endloop
  endfacet
  facet normal 0 0 -1
    outer loop
      vertex 109 45.5 29
      vertex 113.076 0.382683 29
      vertex 113.043 0.290284 29
    endloop
  endfacet
  facet normal 0 0 -1
    outer loop
      vertex 109 45.5 29
      vertex 113.043 0.290284 29
      vertex 113.019 0.19509 29
    endloop
  endfacet
  facet normal 0 0 -1
    outer loop
      vertex 109 45.5 29
      vertex 113.019 0.19509 29
      vertex 113.005 0.0980167 29
    endloop
  endfacet
  facet normal 0 0 -1
    outer loop
      vertex 109 45.5 29
      vertex 113 0 29
      vertex 109 -45.5 29
    endloop
  endfacet
  facet normal 0 0 -1
    outer loop
      vertex 114 1 29
      vertex 109 45.5 29
      vertex 119 45.5 29
    endloop
  endfacet
  facet normal 0 0 -1
    outer loop
      vertex 113 0 29
      vertex 109 45.5 29
      vertex 113.005 0.0980167 29
    endloop
  endfacet
  facet normal -1 0 0
    outer loop
      vertex 109 -45.5 29
      vertex 109 45.5 37
      vertex 109 45.5 29
    endloop
  endfacet
  facet normal -1 -0 0
    outer loop
      vertex 109 45.5 37
      vertex 109 -45.5 29
      vertex 109 -45.5 37
    endloop
  endfacet
  facet normal -0.988729 -0.149717 0
    outer loop
      vertex 109.692 -63.8334 0
      vertex 109.667 -63.6683 3
      vertex 109.667 -63.6683 0
    endloop
  endfacet
  facet normal -0.988729 -0.149717 0
    outer loop
      vertex 109.667 -63.6683 3
      vertex 109.692 -63.8334 0
      vertex 109.692 -63.8334 3
    endloop
  endfacet
  facet normal -0.998849 -0.0479639 0
    outer loop
      vertex 109.7 -64 0
      vertex 109.692 -63.8334 3
      vertex 109.692 -63.8334 0
    endloop
  endfacet
  facet normal -0.998849 -0.0479639 0
    outer loop
      vertex 109.692 -63.8334 3
      vertex 109.7 -64 0
      vertex 109.7 -64 3
    endloop
  endfacet
  facet normal -0.970774 -0.239994 0
    outer loop
      vertex 109.667 -63.6683 0
      vertex 109.627 -63.5065 3
      vertex 109.627 -63.5065 0
    endloop
  endfacet
  facet normal -0.970774 -0.239994 0
    outer loop
      vertex 109.627 -63.5065 3
      vertex 109.667 -63.6683 0
      vertex 109.667 -63.6683 3
    endloop
  endfacet
  facet normal -0.429302 0.903161 0
    outer loop
      vertex 108.801 -65.4993 0
      vertex 108.651 -65.5706 3
      vertex 108.801 -65.4993 3
    endloop
  endfacet
  facet normal -0.429302 0.903161 0
    outer loop
      vertex 108.651 -65.5706 3
      vertex 108.801 -65.4993 0
      vertex 108.651 -65.5706 0
    endloop
  endfacet
  facet normal 0.0490427 -0.998797 0
    outer loop
      vertex 107.833 -62.3082 0
      vertex 108 -62.3 3
      vertex 107.833 -62.3082 3
    endloop
  endfacet
  facet normal 0.0490427 -0.998797 0
    outer loop
      vertex 108 -62.3 3
      vertex 107.833 -62.3082 0
      vertex 108 -62.3 0
    endloop
  endfacet
  facet normal 0.429302 -0.903161 0
    outer loop
      vertex 107.199 -62.5007 0
      vertex 107.349 -62.4294 3
      vertex 107.199 -62.5007 3
    endloop
  endfacet
  facet normal 0.429302 -0.903161 0
    outer loop
      vertex 107.349 -62.4294 3
      vertex 107.199 -62.5007 0
      vertex 107.349 -62.4294 0
    endloop
  endfacet
  facet normal -0.741024 -0.671478 0
    outer loop
      vertex 109.314 -62.9215 0
      vertex 109.202 -62.7979 3
      vertex 109.202 -62.7979 0
    endloop
  endfacet
  facet normal -0.741024 -0.671478 0
    outer loop
      vertex 109.202 -62.7979 3
      vertex 109.314 -62.9215 0
      vertex 109.314 -62.9215 3
    endloop
  endfacet
  facet normal 0.146875 0.989155 -0
    outer loop
      vertex 107.833 -65.6918 0
      vertex 107.668 -65.6673 3
      vertex 107.833 -65.6918 3
    endloop
  endfacet
  facet normal 0.146875 0.989155 0
    outer loop
      vertex 107.668 -65.6673 3
      vertex 107.833 -65.6918 0
      vertex 107.668 -65.6673 0
    endloop
  endfacet
  facet normal -0.429302 -0.903161 0
    outer loop
      vertex 108.651 -62.4294 0
      vertex 108.801 -62.5007 3
      vertex 108.651 -62.4294 3
    endloop
  endfacet
  facet normal -0.429302 -0.903161 -0
    outer loop
      vertex 108.801 -62.5007 3
      vertex 108.651 -62.4294 0
      vertex 108.801 -62.5007 0
    endloop
  endfacet
  facet normal 0.146875 -0.989155 0
    outer loop
      vertex 107.668 -62.3327 0
      vertex 107.833 -62.3082 3
      vertex 107.668 -62.3327 3
    endloop
  endfacet
  facet normal 0.146875 -0.989155 0
    outer loop
      vertex 107.833 -62.3082 3
      vertex 107.668 -62.3327 0
      vertex 107.833 -62.3082 0
    endloop
  endfacet
  facet normal -0.243953 0.969787 0
    outer loop
      vertex 108.493 -65.6268 0
      vertex 108.332 -65.6673 3
      vertex 108.493 -65.6268 3
    endloop
  endfacet
  facet normal -0.243953 0.969787 0
    outer loop
      vertex 108.332 -65.6673 3
      vertex 108.493 -65.6268 0
      vertex 108.332 -65.6673 0
    endloop
  endfacet
  facet normal 0.595772 -0.803154 0
    outer loop
      vertex 106.922 -62.6859 0
      vertex 107.056 -62.5865 3
      vertex 106.922 -62.6859 3
    endloop
  endfacet
  facet normal 0.595772 -0.803154 0
    outer loop
      vertex 107.056 -62.5865 3
      vertex 106.922 -62.6859 0
      vertex 107.056 -62.5865 0
    endloop
  endfacet
  facet normal 0.902418 -0.430863 0
    outer loop
      vertex 106.429 -63.3494 3
      vertex 106.501 -63.1986 0
      vertex 106.501 -63.1986 3
    endloop
  endfacet
  facet normal 0.902418 -0.430863 0
    outer loop
      vertex 106.501 -63.1986 0
      vertex 106.429 -63.3494 3
      vertex 106.429 -63.3494 0
    endloop
  endfacet
  facet normal 0.429302 0.903161 -0
    outer loop
      vertex 107.349 -65.5706 0
      vertex 107.199 -65.4993 3
      vertex 107.349 -65.5706 3
    endloop
  endfacet
  facet normal 0.429302 0.903161 0
    outer loop
      vertex 107.199 -65.4993 3
      vertex 107.349 -65.5706 0
      vertex 107.199 -65.4993 0
    endloop
  endfacet
  facet normal 0.595772 0.803154 -0
    outer loop
      vertex 107.056 -65.4135 0
      vertex 106.922 -65.3141 3
      vertex 107.056 -65.4135 3
    endloop
  endfacet
  facet normal 0.595772 0.803154 0
    outer loop
      vertex 106.922 -65.3141 3
      vertex 107.056 -65.4135 0
      vertex 106.922 -65.3141 0
    endloop
  endfacet
  facet normal 0.902418 0.430863 0
    outer loop
      vertex 106.501 -64.8014 3
      vertex 106.429 -64.6506 0
      vertex 106.429 -64.6506 3
    endloop
  endfacet
  facet normal 0.902418 0.430863 0
    outer loop
      vertex 106.429 -64.6506 0
      vertex 106.501 -64.8014 3
      vertex 106.501 -64.8014 0
    endloop
  endfacet
  facet normal -0.514496 -0.857493 0
    outer loop
      vertex 108.801 -62.5007 0
      vertex 108.944 -62.5865 3
      vertex 108.801 -62.5007 3
    endloop
  endfacet
  facet normal -0.514496 -0.857493 -0
    outer loop
      vertex 108.944 -62.5865 3
      vertex 108.801 -62.5007 0
      vertex 108.944 -62.5865 0
    endloop
  endfacet
  facet normal 0.998849 0.0479639 0
    outer loop
      vertex 106.308 -64.1666 3
      vertex 106.3 -64 0
      vertex 106.3 -64 3
    endloop
  endfacet
  facet normal 0.998849 0.0479639 0
    outer loop
      vertex 106.3 -64 0
      vertex 106.308 -64.1666 3
      vertex 106.308 -64.1666 0
    endloop
  endfacet
  facet normal 0.335127 0.942173 -0
    outer loop
      vertex 107.507 -65.6268 0
      vertex 107.349 -65.5706 3
      vertex 107.507 -65.6268 3
    endloop
  endfacet
  facet normal 0.335127 0.942173 0
    outer loop
      vertex 107.349 -65.5706 3
      vertex 107.507 -65.6268 0
      vertex 107.349 -65.5706 0
    endloop
  endfacet
  facet normal -0.595772 -0.803154 0
    outer loop
      vertex 108.944 -62.5865 0
      vertex 109.078 -62.6859 3
      vertex 108.944 -62.5865 3
    endloop
  endfacet
  facet normal -0.595772 -0.803154 -0
    outer loop
      vertex 109.078 -62.6859 3
      vertex 108.944 -62.5865 0
      vertex 109.078 -62.6859 0
    endloop
  endfacet
  facet normal -0.970809 0.239854 0
    outer loop
      vertex 109.627 -64.4935 0
      vertex 109.667 -64.3316 3
      vertex 109.667 -64.3316 0
    endloop
  endfacet
  facet normal -0.970809 0.239854 0
    outer loop
      vertex 109.667 -64.3316 3
      vertex 109.627 -64.4935 0
      vertex 109.627 -64.4935 3
    endloop
  endfacet
  facet normal 0.941945 0.335767 0
    outer loop
      vertex 106.429 -64.6506 3
      vertex 106.373 -64.4935 0
      vertex 106.373 -64.4935 3
    endloop
  endfacet
  facet normal 0.941945 0.335767 0
    outer loop
      vertex 106.373 -64.4935 0
      vertex 106.429 -64.6506 3
      vertex 106.429 -64.6506 0
    endloop
  endfacet
  facet normal -0.243953 -0.969787 0
    outer loop
      vertex 108.332 -62.3327 0
      vertex 108.493 -62.3732 3
      vertex 108.332 -62.3327 3
    endloop
  endfacet
  facet normal -0.243953 -0.969787 -0
    outer loop
      vertex 108.493 -62.3732 3
      vertex 108.332 -62.3327 0
      vertex 108.493 -62.3732 0
    endloop
  endfacet
  facet normal 0.741024 -0.671478 0
    outer loop
      vertex 106.686 -62.9215 3
      vertex 106.798 -62.7979 0
      vertex 106.798 -62.7979 3
    endloop
  endfacet
  facet normal 0.741024 -0.671478 0
    outer loop
      vertex 106.798 -62.7979 0
      vertex 106.686 -62.9215 3
      vertex 106.686 -62.9215 0
    endloop
  endfacet
  facet normal -0.0490427 0.998797 0
    outer loop
      vertex 108.167 -65.6918 0
      vertex 108 -65.7 3
      vertex 108.167 -65.6918 3
    endloop
  endfacet
  facet normal -0.0490427 0.998797 0
    outer loop
      vertex 108 -65.7 3
      vertex 108.167 -65.6918 0
      vertex 108 -65.7 0
    endloop
  endfacet
  facet normal -0.804301 -0.594222 0
    outer loop
      vertex 109.413 -63.0555 0
      vertex 109.314 -62.9215 3
      vertex 109.314 -62.9215 0
    endloop
  endfacet
  facet normal -0.804301 -0.594222 0
    outer loop
      vertex 109.314 -62.9215 3
      vertex 109.413 -63.0555 0
      vertex 109.413 -63.0555 3
    endloop
  endfacet
  facet normal 0.970809 0.239854 0
    outer loop
      vertex 106.373 -64.4935 3
      vertex 106.333 -64.3316 0
      vertex 106.333 -64.3316 3
    endloop
  endfacet
  facet normal 0.970809 0.239854 0
    outer loop
      vertex 106.333 -64.3316 0
      vertex 106.373 -64.4935 3
      vertex 106.373 -64.4935 0
    endloop
  endfacet
  facet normal -0.988716 0.149805 0
    outer loop
      vertex 109.667 -64.3316 0
      vertex 109.692 -64.1666 3
      vertex 109.692 -64.1666 0
    endloop
  endfacet
  facet normal -0.988716 0.149805 0
    outer loop
      vertex 109.692 -64.1666 3
      vertex 109.667 -64.3316 0
      vertex 109.667 -64.3316 3
    endloop
  endfacet
  facet normal -0.514496 0.857493 0
    outer loop
      vertex 108.944 -65.4135 0
      vertex 108.801 -65.4993 3
      vertex 108.944 -65.4135 3
    endloop
  endfacet
  facet normal -0.514496 0.857493 0
    outer loop
      vertex 108.801 -65.4993 3
      vertex 108.944 -65.4135 0
      vertex 108.801 -65.4993 0
    endloop
  endfacet
  facet normal 0.941945 -0.335767 0
    outer loop
      vertex 106.373 -63.5065 3
      vertex 106.429 -63.3494 0
      vertex 106.429 -63.3494 3
    endloop
  endfacet
  facet normal 0.941945 -0.335767 0
    outer loop
      vertex 106.429 -63.3494 0
      vertex 106.373 -63.5065 3
      vertex 106.373 -63.5065 0
    endloop
  endfacet
  facet normal -0.670286 -0.742103 0
    outer loop
      vertex 109.078 -62.6859 0
      vertex 109.202 -62.7979 3
      vertex 109.078 -62.6859 3
    endloop
  endfacet
  facet normal -0.670286 -0.742103 -0
    outer loop
      vertex 109.202 -62.7979 3
      vertex 109.078 -62.6859 0
      vertex 109.202 -62.7979 0
    endloop
  endfacet
  facet normal 0.988729 -0.149717 0
    outer loop
      vertex 106.308 -63.8334 3
      vertex 106.333 -63.6683 0
      vertex 106.333 -63.6683 3
    endloop
  endfacet
  facet normal 0.988729 -0.149717 0
    outer loop
      vertex 106.333 -63.6683 0
      vertex 106.308 -63.8334 3
      vertex 106.308 -63.8334 0
    endloop
  endfacet
  facet normal -0.902418 0.430863 0
    outer loop
      vertex 109.499 -64.8014 0
      vertex 109.571 -64.6506 3
      vertex 109.571 -64.6506 0
    endloop
  endfacet
  facet normal -0.902418 0.430863 0
    outer loop
      vertex 109.571 -64.6506 3
      vertex 109.499 -64.8014 0
      vertex 109.499 -64.8014 3
    endloop
  endfacet
  facet normal -0.335127 -0.942173 0
    outer loop
      vertex 108.493 -62.3732 0
      vertex 108.651 -62.4294 3
      vertex 108.493 -62.3732 3
    endloop
  endfacet
  facet normal -0.335127 -0.942173 -0
    outer loop
      vertex 108.651 -62.4294 3
      vertex 108.493 -62.3732 0
      vertex 108.651 -62.4294 0
    endloop
  endfacet
  facet normal -0.998849 0.0479639 0
    outer loop
      vertex 109.692 -64.1666 0
      vertex 109.7 -64 3
      vertex 109.7 -64 0
    endloop
  endfacet
  facet normal -0.998849 0.0479639 0
    outer loop
      vertex 109.7 -64 3
      vertex 109.692 -64.1666 0
      vertex 109.692 -64.1666 3
    endloop
  endfacet
  facet normal -0.146875 0.989155 0
    outer loop
      vertex 108.332 -65.6673 0
      vertex 108.167 -65.6918 3
      vertex 108.332 -65.6673 3
    endloop
  endfacet
  facet normal -0.146875 0.989155 0
    outer loop
      vertex 108.167 -65.6918 3
      vertex 108.332 -65.6673 0
      vertex 108.167 -65.6918 0
    endloop
  endfacet
  facet normal -0.941945 -0.335767 0
    outer loop
      vertex 109.627 -63.5065 0
      vertex 109.571 -63.3494 3
      vertex 109.571 -63.3494 0
    endloop
  endfacet
  facet normal -0.941945 -0.335767 0
    outer loop
      vertex 109.571 -63.3494 3
      vertex 109.627 -63.5065 0
      vertex 109.627 -63.5065 3
    endloop
  endfacet
  facet normal -0.804301 0.594222 0
    outer loop
      vertex 109.314 -65.0785 0
      vertex 109.413 -64.9445 3
      vertex 109.413 -64.9445 0
    endloop
  endfacet
  facet normal -0.804301 0.594222 0
    outer loop
      vertex 109.413 -64.9445 3
      vertex 109.314 -65.0785 0
      vertex 109.314 -65.0785 3
    endloop
  endfacet
  facet normal -0.857123 0.515112 0
    outer loop
      vertex 109.413 -64.9445 0
      vertex 109.499 -64.8014 3
      vertex 109.499 -64.8014 0
    endloop
  endfacet
  facet normal -0.857123 0.515112 0
    outer loop
      vertex 109.499 -64.8014 3
      vertex 109.413 -64.9445 0
      vertex 109.413 -64.9445 3
    endloop
  endfacet
  facet normal 0.243953 -0.969787 0
    outer loop
      vertex 107.507 -62.3732 0
      vertex 107.668 -62.3327 3
      vertex 107.507 -62.3732 3
    endloop
  endfacet
  facet normal 0.243953 -0.969787 0
    outer loop
      vertex 107.668 -62.3327 3
      vertex 107.507 -62.3732 0
      vertex 107.668 -62.3327 0
    endloop
  endfacet
  facet normal -0.941945 0.335767 0
    outer loop
      vertex 109.571 -64.6506 0
      vertex 109.627 -64.4935 3
      vertex 109.627 -64.4935 0
    endloop
  endfacet
  facet normal -0.941945 0.335767 0
    outer loop
      vertex 109.627 -64.4935 3
      vertex 109.571 -64.6506 0
      vertex 109.571 -64.6506 3
    endloop
  endfacet
  facet normal -0.0490427 -0.998797 0
    outer loop
      vertex 108 -62.3 0
      vertex 108.167 -62.3082 3
      vertex 108 -62.3 3
    endloop
  endfacet
  facet normal -0.0490427 -0.998797 -0
    outer loop
      vertex 108.167 -62.3082 3
      vertex 108 -62.3 0
      vertex 108.167 -62.3082 0
    endloop
  endfacet
  facet normal 0.514496 -0.857493 0
    outer loop
      vertex 107.056 -62.5865 0
      vertex 107.199 -62.5007 3
      vertex 107.056 -62.5865 3
    endloop
  endfacet
  facet normal 0.514496 -0.857493 0
    outer loop
      vertex 107.199 -62.5007 3
      vertex 107.056 -62.5865 0
      vertex 107.199 -62.5007 0
    endloop
  endfacet
  facet normal -0.902418 -0.430863 0
    outer loop
      vertex 109.571 -63.3494 0
      vertex 109.499 -63.1986 3
      vertex 109.499 -63.1986 0
    endloop
  endfacet
  facet normal -0.902418 -0.430863 0
    outer loop
      vertex 109.499 -63.1986 3
      vertex 109.571 -63.3494 0
      vertex 109.571 -63.3494 3
    endloop
  endfacet
  facet normal -0.146875 -0.989155 0
    outer loop
      vertex 108.167 -62.3082 0
      vertex 108.332 -62.3327 3
      vertex 108.167 -62.3082 3
    endloop
  endfacet
  facet normal -0.146875 -0.989155 -0
    outer loop
      vertex 108.332 -62.3327 3
      vertex 108.167 -62.3082 0
      vertex 108.332 -62.3327 0
    endloop
  endfacet
  facet normal 0.243953 0.969787 -0
    outer loop
      vertex 107.668 -65.6673 0
      vertex 107.507 -65.6268 3
      vertex 107.668 -65.6673 3
    endloop
  endfacet
  facet normal 0.243953 0.969787 0
    outer loop
      vertex 107.507 -65.6268 3
      vertex 107.668 -65.6673 0
      vertex 107.507 -65.6268 0
    endloop
  endfacet
  facet normal 0.857123 0.515112 0
    outer loop
      vertex 106.587 -64.9445 3
      vertex 106.501 -64.8014 0
      vertex 106.501 -64.8014 3
    endloop
  endfacet
  facet normal 0.857123 0.515112 0
    outer loop
      vertex 106.501 -64.8014 0
      vertex 106.587 -64.9445 3
      vertex 106.587 -64.9445 0
    endloop
  endfacet
  facet normal -0.857123 -0.515112 0
    outer loop
      vertex 109.499 -63.1986 0
      vertex 109.413 -63.0555 3
      vertex 109.413 -63.0555 0
    endloop
  endfacet
  facet normal -0.857123 -0.515112 0
    outer loop
      vertex 109.413 -63.0555 3
      vertex 109.499 -63.1986 0
      vertex 109.499 -63.1986 3
    endloop
  endfacet
  facet normal 0.335127 -0.942173 0
    outer loop
      vertex 107.349 -62.4294 0
      vertex 107.507 -62.3732 3
      vertex 107.349 -62.4294 3
    endloop
  endfacet
  facet normal 0.335127 -0.942173 0
    outer loop
      vertex 107.507 -62.3732 3
      vertex 107.349 -62.4294 0
      vertex 107.507 -62.3732 0
    endloop
  endfacet
  facet normal 0.741024 0.671478 0
    outer loop
      vertex 106.798 -65.2021 3
      vertex 106.686 -65.0785 0
      vertex 106.686 -65.0785 3
    endloop
  endfacet
  facet normal 0.741024 0.671478 0
    outer loop
      vertex 106.686 -65.0785 0
      vertex 106.798 -65.2021 3
      vertex 106.798 -65.2021 0
    endloop
  endfacet
  facet normal 0.670286 -0.742103 0
    outer loop
      vertex 106.798 -62.7979 0
      vertex 106.922 -62.6859 3
      vertex 106.798 -62.7979 3
    endloop
  endfacet
  facet normal 0.670286 -0.742103 0
    outer loop
      vertex 106.922 -62.6859 3
      vertex 106.798 -62.7979 0
      vertex 106.922 -62.6859 0
    endloop
  endfacet
  facet normal 0.514496 0.857493 -0
    outer loop
      vertex 107.199 -65.4993 0
      vertex 107.056 -65.4135 3
      vertex 107.199 -65.4993 3
    endloop
  endfacet
  facet normal 0.514496 0.857493 0
    outer loop
      vertex 107.056 -65.4135 3
      vertex 107.199 -65.4993 0
      vertex 107.056 -65.4135 0
    endloop
  endfacet
  facet normal 0.970774 -0.239994 0
    outer loop
      vertex 106.333 -63.6683 3
      vertex 106.373 -63.5065 0
      vertex 106.373 -63.5065 3
    endloop
  endfacet
  facet normal 0.970774 -0.239994 0
    outer loop
      vertex 106.373 -63.5065 0
      vertex 106.333 -63.6683 3
      vertex 106.333 -63.6683 0
    endloop
  endfacet
  facet normal -0.335127 0.942173 0
    outer loop
      vertex 108.651 -65.5706 0
      vertex 108.493 -65.6268 3
      vertex 108.651 -65.5706 3
    endloop
  endfacet
  facet normal -0.335127 0.942173 0
    outer loop
      vertex 108.493 -65.6268 3
      vertex 108.651 -65.5706 0
      vertex 108.493 -65.6268 0
    endloop
  endfacet
  facet normal 0.804301 0.594222 0
    outer loop
      vertex 106.686 -65.0785 3
      vertex 106.587 -64.9445 0
      vertex 106.587 -64.9445 3
    endloop
  endfacet
  facet normal 0.804301 0.594222 0
    outer loop
      vertex 106.587 -64.9445 0
      vertex 106.686 -65.0785 3
      vertex 106.686 -65.0785 0
    endloop
  endfacet
  facet normal 0.988716 0.149805 0
    outer loop
      vertex 106.333 -64.3316 3
      vertex 106.308 -64.1666 0
      vertex 106.308 -64.1666 3
    endloop
  endfacet
  facet normal 0.988716 0.149805 0
    outer loop
      vertex 106.308 -64.1666 0
      vertex 106.333 -64.3316 3
      vertex 106.333 -64.3316 0
    endloop
  endfacet
  facet normal -0.595772 0.803154 0
    outer loop
      vertex 109.078 -65.3141 0
      vertex 108.944 -65.4135 3
      vertex 109.078 -65.3141 3
    endloop
  endfacet
  facet normal -0.595772 0.803154 0
    outer loop
      vertex 108.944 -65.4135 3
      vertex 109.078 -65.3141 0
      vertex 108.944 -65.4135 0
    endloop
  endfacet
  facet normal 0.670286 0.742103 -0
    outer loop
      vertex 106.922 -65.3141 0
      vertex 106.798 -65.2021 3
      vertex 106.922 -65.3141 3
    endloop
  endfacet
  facet normal 0.670286 0.742103 0
    outer loop
      vertex 106.798 -65.2021 3
      vertex 106.922 -65.3141 0
      vertex 106.798 -65.2021 0
    endloop
  endfacet
  facet normal 0.804301 -0.594222 0
    outer loop
      vertex 106.587 -63.0555 3
      vertex 106.686 -62.9215 0
      vertex 106.686 -62.9215 3
    endloop
  endfacet
  facet normal 0.804301 -0.594222 0
    outer loop
      vertex 106.686 -62.9215 0
      vertex 106.587 -63.0555 3
      vertex 106.587 -63.0555 0
    endloop
  endfacet
  facet normal 0.857123 -0.515112 0
    outer loop
      vertex 106.501 -63.1986 3
      vertex 106.587 -63.0555 0
      vertex 106.587 -63.0555 3
    endloop
  endfacet
  facet normal 0.857123 -0.515112 0
    outer loop
      vertex 106.587 -63.0555 0
      vertex 106.501 -63.1986 3
      vertex 106.501 -63.1986 0
    endloop
  endfacet
  facet normal 0.0490427 0.998797 -0
    outer loop
      vertex 108 -65.7 0
      vertex 107.833 -65.6918 3
      vertex 108 -65.7 3
    endloop
  endfacet
  facet normal 0.0490427 0.998797 0
    outer loop
      vertex 107.833 -65.6918 3
      vertex 108 -65.7 0
      vertex 107.833 -65.6918 0
    endloop
  endfacet
  facet normal 0.998849 -0.0479639 0
    outer loop
      vertex 106.3 -64 3
      vertex 106.308 -63.8334 0
      vertex 106.308 -63.8334 3
    endloop
  endfacet
  facet normal 0.998849 -0.0479639 0
    outer loop
      vertex 106.308 -63.8334 0
      vertex 106.3 -64 3
      vertex 106.3 -64 0
    endloop
  endfacet
  facet normal -0.741024 0.671478 0
    outer loop
      vertex 109.202 -65.2021 0
      vertex 109.314 -65.0785 3
      vertex 109.314 -65.0785 0
    endloop
  endfacet
  facet normal -0.741024 0.671478 0
    outer loop
      vertex 109.314 -65.0785 3
      vertex 109.202 -65.2021 0
      vertex 109.202 -65.2021 3
    endloop
  endfacet
  facet normal -0.670286 0.742103 0
    outer loop
      vertex 109.202 -65.2021 0
      vertex 109.078 -65.3141 3
      vertex 109.202 -65.2021 3
    endloop
  endfacet
  facet normal -0.670286 0.742103 0
    outer loop
      vertex 109.078 -65.3141 3
      vertex 109.202 -65.2021 0
      vertex 109.078 -65.3141 0
    endloop
  endfacet
  facet normal 0.902418 -0.430863 0
    outer loop
      vertex 106.429 64.6506 3
      vertex 106.501 64.8014 0
      vertex 106.501 64.8014 3
    endloop
  endfacet
  facet normal 0.902418 -0.430863 0
    outer loop
      vertex 106.501 64.8014 0
      vertex 106.429 64.6506 3
      vertex 106.429 64.6506 0
    endloop
  endfacet
  facet normal -0.988716 -0.149805 0
    outer loop
      vertex 109.692 64.1666 0
      vertex 109.667 64.3316 3
      vertex 109.667 64.3316 0
    endloop
  endfacet
  facet normal -0.988716 -0.149805 0
    outer loop
      vertex 109.667 64.3316 3
      vertex 109.692 64.1666 0
      vertex 109.692 64.1666 3
    endloop
  endfacet
  facet normal -0.998849 -0.0479639 0
    outer loop
      vertex 109.7 64 0
      vertex 109.692 64.1666 3
      vertex 109.692 64.1666 0
    endloop
  endfacet
  facet normal -0.998849 -0.0479639 0
    outer loop
      vertex 109.692 64.1666 3
      vertex 109.7 64 0
      vertex 109.7 64 3
    endloop
  endfacet
  facet normal -0.970809 -0.239854 0
    outer loop
      vertex 109.667 64.3316 0
      vertex 109.627 64.4935 3
      vertex 109.627 64.4935 0
    endloop
  endfacet
  facet normal -0.970809 -0.239854 0
    outer loop
      vertex 109.627 64.4935 3
      vertex 109.667 64.3316 0
      vertex 109.667 64.3316 3
    endloop
  endfacet
  facet normal -0.146875 -0.989155 0
    outer loop
      vertex 108.167 65.6918 0
      vertex 108.332 65.6673 3
      vertex 108.167 65.6918 3
    endloop
  endfacet
  facet normal -0.146875 -0.989155 -0
    outer loop
      vertex 108.332 65.6673 3
      vertex 108.167 65.6918 0
      vertex 108.332 65.6673 0
    endloop
  endfacet
  facet normal 0.146875 -0.989155 0
    outer loop
      vertex 107.668 65.6673 0
      vertex 107.833 65.6918 3
      vertex 107.668 65.6673 3
    endloop
  endfacet
  facet normal 0.146875 -0.989155 0
    outer loop
      vertex 107.833 65.6918 3
      vertex 107.668 65.6673 0
      vertex 107.833 65.6918 0
    endloop
  endfacet
  facet normal -0.804301 -0.594222 0
    outer loop
      vertex 109.413 64.9445 0
      vertex 109.314 65.0785 3
      vertex 109.314 65.0785 0
    endloop
  endfacet
  facet normal -0.804301 -0.594222 0
    outer loop
      vertex 109.314 65.0785 3
      vertex 109.413 64.9445 0
      vertex 109.413 64.9445 3
    endloop
  endfacet
  facet normal -0.514496 0.857493 0
    outer loop
      vertex 108.944 62.5865 0
      vertex 108.801 62.5007 3
      vertex 108.944 62.5865 3
    endloop
  endfacet
  facet normal -0.514496 0.857493 0
    outer loop
      vertex 108.801 62.5007 3
      vertex 108.944 62.5865 0
      vertex 108.801 62.5007 0
    endloop
  endfacet
  facet normal -0.595772 -0.803154 0
    outer loop
      vertex 108.944 65.4135 0
      vertex 109.078 65.3141 3
      vertex 108.944 65.4135 3
    endloop
  endfacet
  facet normal -0.595772 -0.803154 -0
    outer loop
      vertex 109.078 65.3141 3
      vertex 108.944 65.4135 0
      vertex 109.078 65.3141 0
    endloop
  endfacet
  facet normal -0.998849 0.0479639 0
    outer loop
      vertex 109.692 63.8334 0
      vertex 109.7 64 3
      vertex 109.7 64 0
    endloop
  endfacet
  facet normal -0.998849 0.0479639 0
    outer loop
      vertex 109.7 64 3
      vertex 109.692 63.8334 0
      vertex 109.692 63.8334 3
    endloop
  endfacet
  facet normal 0.243953 -0.969787 0
    outer loop
      vertex 107.507 65.6268 0
      vertex 107.668 65.6673 3
      vertex 107.507 65.6268 3
    endloop
  endfacet
  facet normal 0.243953 -0.969787 0
    outer loop
      vertex 107.668 65.6673 3
      vertex 107.507 65.6268 0
      vertex 107.668 65.6673 0
    endloop
  endfacet
  facet normal 0.804301 -0.594222 0
    outer loop
      vertex 106.587 64.9445 3
      vertex 106.686 65.0785 0
      vertex 106.686 65.0785 3
    endloop
  endfacet
  facet normal 0.804301 -0.594222 0
    outer loop
      vertex 106.686 65.0785 0
      vertex 106.587 64.9445 3
      vertex 106.587 64.9445 0
    endloop
  endfacet
  facet normal 0.429302 0.903161 -0
    outer loop
      vertex 107.349 62.4294 0
      vertex 107.199 62.5007 3
      vertex 107.349 62.4294 3
    endloop
  endfacet
  facet normal 0.429302 0.903161 0
    outer loop
      vertex 107.199 62.5007 3
      vertex 107.349 62.4294 0
      vertex 107.199 62.5007 0
    endloop
  endfacet
  facet normal -0.429302 -0.903161 0
    outer loop
      vertex 108.651 65.5706 0
      vertex 108.801 65.4993 3
      vertex 108.651 65.5706 3
    endloop
  endfacet
  facet normal -0.429302 -0.903161 -0
    outer loop
      vertex 108.801 65.4993 3
      vertex 108.651 65.5706 0
      vertex 108.801 65.4993 0
    endloop
  endfacet
  facet normal 0.988729 0.149717 0
    outer loop
      vertex 106.333 63.6683 3
      vertex 106.308 63.8334 0
      vertex 106.308 63.8334 3
    endloop
  endfacet
  facet normal 0.988729 0.149717 0
    outer loop
      vertex 106.308 63.8334 0
      vertex 106.333 63.6683 3
      vertex 106.333 63.6683 0
    endloop
  endfacet
  facet normal -0.670286 0.742103 0
    outer loop
      vertex 109.202 62.7979 0
      vertex 109.078 62.6859 3
      vertex 109.202 62.7979 3
    endloop
  endfacet
  facet normal -0.670286 0.742103 0
    outer loop
      vertex 109.078 62.6859 3
      vertex 109.202 62.7979 0
      vertex 109.078 62.6859 0
    endloop
  endfacet
  facet normal 0.429302 -0.903161 0
    outer loop
      vertex 107.199 65.4993 0
      vertex 107.349 65.5706 3
      vertex 107.199 65.4993 3
    endloop
  endfacet
  facet normal 0.429302 -0.903161 0
    outer loop
      vertex 107.349 65.5706 3
      vertex 107.199 65.4993 0
      vertex 107.349 65.5706 0
    endloop
  endfacet
  facet normal -0.970774 0.239994 0
    outer loop
      vertex 109.627 63.5065 0
      vertex 109.667 63.6683 3
      vertex 109.667 63.6683 0
    endloop
  endfacet
  facet normal -0.970774 0.239994 0
    outer loop
      vertex 109.667 63.6683 3
      vertex 109.627 63.5065 0
      vertex 109.627 63.5065 3
    endloop
  endfacet
  facet normal -0.243953 0.969787 0
    outer loop
      vertex 108.493 62.3732 0
      vertex 108.332 62.3327 3
      vertex 108.493 62.3732 3
    endloop
  endfacet
  facet normal -0.243953 0.969787 0
    outer loop
      vertex 108.332 62.3327 3
      vertex 108.493 62.3732 0
      vertex 108.332 62.3327 0
    endloop
  endfacet
  facet normal 0.988716 -0.149805 0
    outer loop
      vertex 106.308 64.1666 3
      vertex 106.333 64.3316 0
      vertex 106.333 64.3316 3
    endloop
  endfacet
  facet normal 0.988716 -0.149805 0
    outer loop
      vertex 106.333 64.3316 0
      vertex 106.308 64.1666 3
      vertex 106.308 64.1666 0
    endloop
  endfacet
  facet normal 0.514496 0.857493 -0
    outer loop
      vertex 107.199 62.5007 0
      vertex 107.056 62.5865 3
      vertex 107.199 62.5007 3
    endloop
  endfacet
  facet normal 0.514496 0.857493 0
    outer loop
      vertex 107.056 62.5865 3
      vertex 107.199 62.5007 0
      vertex 107.056 62.5865 0
    endloop
  endfacet
  facet normal 0.970809 -0.239854 0
    outer loop
      vertex 106.333 64.3316 3
      vertex 106.373 64.4935 0
      vertex 106.373 64.4935 3
    endloop
  endfacet
  facet normal 0.970809 -0.239854 0
    outer loop
      vertex 106.373 64.4935 0
      vertex 106.333 64.3316 3
      vertex 106.333 64.3316 0
    endloop
  endfacet
  facet normal -0.804301 0.594222 0
    outer loop
      vertex 109.314 62.9215 0
      vertex 109.413 63.0555 3
      vertex 109.413 63.0555 0
    endloop
  endfacet
  facet normal -0.804301 0.594222 0
    outer loop
      vertex 109.413 63.0555 3
      vertex 109.314 62.9215 0
      vertex 109.314 62.9215 3
    endloop
  endfacet
  facet normal 0.595772 0.803154 -0
    outer loop
      vertex 107.056 62.5865 0
      vertex 106.922 62.6859 3
      vertex 107.056 62.5865 3
    endloop
  endfacet
  facet normal 0.595772 0.803154 0
    outer loop
      vertex 106.922 62.6859 3
      vertex 107.056 62.5865 0
      vertex 106.922 62.6859 0
    endloop
  endfacet
  facet normal 0.335127 0.942173 -0
    outer loop
      vertex 107.507 62.3732 0
      vertex 107.349 62.4294 3
      vertex 107.507 62.3732 3
    endloop
  endfacet
  facet normal 0.335127 0.942173 0
    outer loop
      vertex 107.349 62.4294 3
      vertex 107.507 62.3732 0
      vertex 107.349 62.4294 0
    endloop
  endfacet
  facet normal -0.335127 -0.942173 0
    outer loop
      vertex 108.493 65.6268 0
      vertex 108.651 65.5706 3
      vertex 108.493 65.6268 3
    endloop
  endfacet
  facet normal -0.335127 -0.942173 -0
    outer loop
      vertex 108.651 65.5706 3
      vertex 108.493 65.6268 0
      vertex 108.651 65.5706 0
    endloop
  endfacet
  facet normal 0.741024 0.671478 0
    outer loop
      vertex 106.798 62.7979 3
      vertex 106.686 62.9215 0
      vertex 106.686 62.9215 3
    endloop
  endfacet
  facet normal 0.741024 0.671478 0
    outer loop
      vertex 106.686 62.9215 0
      vertex 106.798 62.7979 3
      vertex 106.798 62.7979 0
    endloop
  endfacet
  facet normal -0.514496 -0.857493 0
    outer loop
      vertex 108.801 65.4993 0
      vertex 108.944 65.4135 3
      vertex 108.801 65.4993 3
    endloop
  endfacet
  facet normal -0.514496 -0.857493 -0
    outer loop
      vertex 108.944 65.4135 3
      vertex 108.801 65.4993 0
      vertex 108.944 65.4135 0
    endloop
  endfacet
  facet normal 0.335127 -0.942173 0
    outer loop
      vertex 107.349 65.5706 0
      vertex 107.507 65.6268 3
      vertex 107.349 65.5706 3
    endloop
  endfacet
  facet normal 0.335127 -0.942173 0
    outer loop
      vertex 107.507 65.6268 3
      vertex 107.349 65.5706 0
      vertex 107.507 65.6268 0
    endloop
  endfacet
  facet normal 0.902418 0.430863 0
    outer loop
      vertex 106.501 63.1986 3
      vertex 106.429 63.3494 0
      vertex 106.429 63.3494 3
    endloop
  endfacet
  facet normal 0.902418 0.430863 0
    outer loop
      vertex 106.429 63.3494 0
      vertex 106.501 63.1986 3
      vertex 106.501 63.1986 0
    endloop
  endfacet
  facet normal 0.941945 0.335767 0
    outer loop
      vertex 106.429 63.3494 3
      vertex 106.373 63.5065 0
      vertex 106.373 63.5065 3
    endloop
  endfacet
  facet normal 0.941945 0.335767 0
    outer loop
      vertex 106.373 63.5065 0
      vertex 106.429 63.3494 3
      vertex 106.429 63.3494 0
    endloop
  endfacet
  facet normal -0.902418 -0.430863 0
    outer loop
      vertex 109.571 64.6506 0
      vertex 109.499 64.8014 3
      vertex 109.499 64.8014 0
    endloop
  endfacet
  facet normal -0.902418 -0.430863 0
    outer loop
      vertex 109.499 64.8014 3
      vertex 109.571 64.6506 0
      vertex 109.571 64.6506 3
    endloop
  endfacet
  facet normal 0.970774 0.239994 0
    outer loop
      vertex 106.373 63.5065 3
      vertex 106.333 63.6683 0
      vertex 106.333 63.6683 3
    endloop
  endfacet
  facet normal 0.970774 0.239994 0
    outer loop
      vertex 106.333 63.6683 0
      vertex 106.373 63.5065 3
      vertex 106.373 63.5065 0
    endloop
  endfacet
  facet normal 0.595772 -0.803154 0
    outer loop
      vertex 106.922 65.3141 0
      vertex 107.056 65.4135 3
      vertex 106.922 65.3141 3
    endloop
  endfacet
  facet normal 0.595772 -0.803154 0
    outer loop
      vertex 107.056 65.4135 3
      vertex 106.922 65.3141 0
      vertex 107.056 65.4135 0
    endloop
  endfacet
  facet normal 0.670286 0.742103 -0
    outer loop
      vertex 106.922 62.6859 0
      vertex 106.798 62.7979 3
      vertex 106.922 62.6859 3
    endloop
  endfacet
  facet normal 0.670286 0.742103 0
    outer loop
      vertex 106.798 62.7979 3
      vertex 106.922 62.6859 0
      vertex 106.798 62.7979 0
    endloop
  endfacet
  facet normal 0.146875 0.989155 -0
    outer loop
      vertex 107.833 62.3082 0
      vertex 107.668 62.3327 3
      vertex 107.833 62.3082 3
    endloop
  endfacet
  facet normal 0.146875 0.989155 0
    outer loop
      vertex 107.668 62.3327 3
      vertex 107.833 62.3082 0
      vertex 107.668 62.3327 0
    endloop
  endfacet
  facet normal -0.741024 0.671478 0
    outer loop
      vertex 109.202 62.7979 0
      vertex 109.314 62.9215 3
      vertex 109.314 62.9215 0
    endloop
  endfacet
  facet normal -0.741024 0.671478 0
    outer loop
      vertex 109.314 62.9215 3
      vertex 109.202 62.7979 0
      vertex 109.202 62.7979 3
    endloop
  endfacet
  facet normal -0.146875 0.989155 0
    outer loop
      vertex 108.332 62.3327 0
      vertex 108.167 62.3082 3
      vertex 108.332 62.3327 3
    endloop
  endfacet
  facet normal -0.146875 0.989155 0
    outer loop
      vertex 108.167 62.3082 3
      vertex 108.332 62.3327 0
      vertex 108.167 62.3082 0
    endloop
  endfacet
  facet normal 0.514496 -0.857493 0
    outer loop
      vertex 107.056 65.4135 0
      vertex 107.199 65.4993 3
      vertex 107.056 65.4135 3
    endloop
  endfacet
  facet normal 0.514496 -0.857493 0
    outer loop
      vertex 107.199 65.4993 3
      vertex 107.056 65.4135 0
      vertex 107.199 65.4993 0
    endloop
  endfacet
  facet normal -0.0490427 -0.998797 0
    outer loop
      vertex 108 65.7 0
      vertex 108.167 65.6918 3
      vertex 108 65.7 3
    endloop
  endfacet
  facet normal -0.0490427 -0.998797 -0
    outer loop
      vertex 108.167 65.6918 3
      vertex 108 65.7 0
      vertex 108.167 65.6918 0
    endloop
  endfacet
  facet normal -0.941945 -0.335767 0
    outer loop
      vertex 109.627 64.4935 0
      vertex 109.571 64.6506 3
      vertex 109.571 64.6506 0
    endloop
  endfacet
  facet normal -0.941945 -0.335767 0
    outer loop
      vertex 109.571 64.6506 3
      vertex 109.627 64.4935 0
      vertex 109.627 64.4935 3
    endloop
  endfacet
  facet normal -0.243953 -0.969787 0
    outer loop
      vertex 108.332 65.6673 0
      vertex 108.493 65.6268 3
      vertex 108.332 65.6673 3
    endloop
  endfacet
  facet normal -0.243953 -0.969787 -0
    outer loop
      vertex 108.493 65.6268 3
      vertex 108.332 65.6673 0
      vertex 108.493 65.6268 0
    endloop
  endfacet
  facet normal 0.941945 -0.335767 0
    outer loop
      vertex 106.373 64.4935 3
      vertex 106.429 64.6506 0
      vertex 106.429 64.6506 3
    endloop
  endfacet
  facet normal 0.941945 -0.335767 0
    outer loop
      vertex 106.429 64.6506 0
      vertex 106.373 64.4935 3
      vertex 106.373 64.4935 0
    endloop
  endfacet
  facet normal -0.670286 -0.742103 0
    outer loop
      vertex 109.078 65.3141 0
      vertex 109.202 65.2021 3
      vertex 109.078 65.3141 3
    endloop
  endfacet
  facet normal -0.670286 -0.742103 -0
    outer loop
      vertex 109.202 65.2021 3
      vertex 109.078 65.3141 0
      vertex 109.202 65.2021 0
    endloop
  endfacet
  facet normal 0.0490427 -0.998797 0
    outer loop
      vertex 107.833 65.6918 0
      vertex 108 65.7 3
      vertex 107.833 65.6918 3
    endloop
  endfacet
  facet normal 0.0490427 -0.998797 0
    outer loop
      vertex 108 65.7 3
      vertex 107.833 65.6918 0
      vertex 108 65.7 0
    endloop
  endfacet
  facet normal -0.429302 0.903161 0
    outer loop
      vertex 108.801 62.5007 0
      vertex 108.651 62.4294 3
      vertex 108.801 62.5007 3
    endloop
  endfacet
  facet normal -0.429302 0.903161 0
    outer loop
      vertex 108.651 62.4294 3
      vertex 108.801 62.5007 0
      vertex 108.651 62.4294 0
    endloop
  endfacet
  facet normal -0.988729 0.149717 0
    outer loop
      vertex 109.667 63.6683 0
      vertex 109.692 63.8334 3
      vertex 109.692 63.8334 0
    endloop
  endfacet
  facet normal -0.988729 0.149717 0
    outer loop
      vertex 109.692 63.8334 3
      vertex 109.667 63.6683 0
      vertex 109.667 63.6683 3
    endloop
  endfacet
  facet normal -0.857123 -0.515112 0
    outer loop
      vertex 109.499 64.8014 0
      vertex 109.413 64.9445 3
      vertex 109.413 64.9445 0
    endloop
  endfacet
  facet normal -0.857123 -0.515112 0
    outer loop
      vertex 109.413 64.9445 3
      vertex 109.499 64.8014 0
      vertex 109.499 64.8014 3
    endloop
  endfacet
  facet normal 0.0490427 0.998797 -0
    outer loop
      vertex 108 62.3 0
      vertex 107.833 62.3082 3
      vertex 108 62.3 3
    endloop
  endfacet
  facet normal 0.0490427 0.998797 0
    outer loop
      vertex 107.833 62.3082 3
      vertex 108 62.3 0
      vertex 107.833 62.3082 0
    endloop
  endfacet
  facet normal 0.670286 -0.742103 0
    outer loop
      vertex 106.798 65.2021 0
      vertex 106.922 65.3141 3
      vertex 106.798 65.2021 3
    endloop
  endfacet
  facet normal 0.670286 -0.742103 0
    outer loop
      vertex 106.922 65.3141 3
      vertex 106.798 65.2021 0
      vertex 106.922 65.3141 0
    endloop
  endfacet
  facet normal 0.741024 -0.671478 0
    outer loop
      vertex 106.686 65.0785 3
      vertex 106.798 65.2021 0
      vertex 106.798 65.2021 3
    endloop
  endfacet
  facet normal 0.741024 -0.671478 0
    outer loop
      vertex 106.798 65.2021 0
      vertex 106.686 65.0785 3
      vertex 106.686 65.0785 0
    endloop
  endfacet
  facet normal -0.902418 0.430863 0
    outer loop
      vertex 109.499 63.1986 0
      vertex 109.571 63.3494 3
      vertex 109.571 63.3494 0
    endloop
  endfacet
  facet normal -0.902418 0.430863 0
    outer loop
      vertex 109.571 63.3494 3
      vertex 109.499 63.1986 0
      vertex 109.499 63.1986 3
    endloop
  endfacet
  facet normal -0.0490427 0.998797 0
    outer loop
      vertex 108.167 62.3082 0
      vertex 108 62.3 3
      vertex 108.167 62.3082 3
    endloop
  endfacet
  facet normal -0.0490427 0.998797 0
    outer loop
      vertex 108 62.3 3
      vertex 108.167 62.3082 0
      vertex 108 62.3 0
    endloop
  endfacet
  facet normal -0.941945 0.335767 0
    outer loop
      vertex 109.571 63.3494 0
      vertex 109.627 63.5065 3
      vertex 109.627 63.5065 0
    endloop
  endfacet
  facet normal -0.941945 0.335767 0
    outer loop
      vertex 109.627 63.5065 3
      vertex 109.571 63.3494 0
      vertex 109.571 63.3494 3
    endloop
  endfacet
  facet normal -0.741024 -0.671478 0
    outer loop
      vertex 109.314 65.0785 0
      vertex 109.202 65.2021 3
      vertex 109.202 65.2021 0
    endloop
  endfacet
  facet normal -0.741024 -0.671478 0
    outer loop
      vertex 109.202 65.2021 3
      vertex 109.314 65.0785 0
      vertex 109.314 65.0785 3
    endloop
  endfacet
  facet normal 0.243953 0.969787 -0
    outer loop
      vertex 107.668 62.3327 0
      vertex 107.507 62.3732 3
      vertex 107.668 62.3327 3
    endloop
  endfacet
  facet normal 0.243953 0.969787 0
    outer loop
      vertex 107.507 62.3732 3
      vertex 107.668 62.3327 0
      vertex 107.507 62.3732 0
    endloop
  endfacet
  facet normal -0.595772 0.803154 0
    outer loop
      vertex 109.078 62.6859 0
      vertex 108.944 62.5865 3
      vertex 109.078 62.6859 3
    endloop
  endfacet
  facet normal -0.595772 0.803154 0
    outer loop
      vertex 108.944 62.5865 3
      vertex 109.078 62.6859 0
      vertex 108.944 62.5865 0
    endloop
  endfacet
  facet normal -0.857123 0.515112 0
    outer loop
      vertex 109.413 63.0555 0
      vertex 109.499 63.1986 3
      vertex 109.499 63.1986 0
    endloop
  endfacet
  facet normal -0.857123 0.515112 0
    outer loop
      vertex 109.499 63.1986 3
      vertex 109.413 63.0555 0
      vertex 109.413 63.0555 3
    endloop
  endfacet
  facet normal 0.804301 0.594222 0
    outer loop
      vertex 106.686 62.9215 3
      vertex 106.587 63.0555 0
      vertex 106.587 63.0555 3
    endloop
  endfacet
  facet normal 0.804301 0.594222 0
    outer loop
      vertex 106.587 63.0555 0
      vertex 106.686 62.9215 3
      vertex 106.686 62.9215 0
    endloop
  endfacet
  facet normal 0.857123 -0.515112 0
    outer loop
      vertex 106.501 64.8014 3
      vertex 106.587 64.9445 0
      vertex 106.587 64.9445 3
    endloop
  endfacet
  facet normal 0.857123 -0.515112 0
    outer loop
      vertex 106.587 64.9445 0
      vertex 106.501 64.8014 3
      vertex 106.501 64.8014 0
    endloop
  endfacet
  facet normal -0.335127 0.942173 0
    outer loop
      vertex 108.651 62.4294 0
      vertex 108.493 62.3732 3
      vertex 108.651 62.4294 3
    endloop
  endfacet
  facet normal -0.335127 0.942173 0
    outer loop
      vertex 108.493 62.3732 3
      vertex 108.651 62.4294 0
      vertex 108.493 62.3732 0
    endloop
  endfacet
  facet normal 0.857123 0.515112 0
    outer loop
      vertex 106.587 63.0555 3
      vertex 106.501 63.1986 0
      vertex 106.501 63.1986 3
    endloop
  endfacet
  facet normal 0.857123 0.515112 0
    outer loop
      vertex 106.501 63.1986 0
      vertex 106.587 63.0555 3
      vertex 106.587 63.0555 0
    endloop
  endfacet
  facet normal 0.998849 -0.0479639 0
    outer loop
      vertex 106.3 64 3
      vertex 106.308 64.1666 0
      vertex 106.308 64.1666 3
    endloop
  endfacet
  facet normal 0.998849 -0.0479639 0
    outer loop
      vertex 106.308 64.1666 0
      vertex 106.3 64 3
      vertex 106.3 64 0
    endloop
  endfacet
  facet normal 0.998849 0.0479639 0
    outer loop
      vertex 106.308 63.8334 3
      vertex 106.3 64 0
      vertex 106.3 64 3
    endloop
  endfacet
  facet normal 0.998849 0.0479639 0
    outer loop
      vertex 106.3 64 0
      vertex 106.308 63.8334 3
      vertex 106.308 63.8334 0
    endloop
  endfacet
  facet normal -0.988729 -0.149717 0
    outer loop
      vertex 128.692 -63.8334 0
      vertex 128.667 -63.6683 3
      vertex 128.667 -63.6683 0
    endloop
  endfacet
  facet normal -0.988729 -0.149717 0
    outer loop
      vertex 128.667 -63.6683 3
      vertex 128.692 -63.8334 0
      vertex 128.692 -63.8334 3
    endloop
  endfacet
  facet normal -0.998849 -0.0479639 0
    outer loop
      vertex 128.7 -64 0
      vertex 128.692 -63.8334 3
      vertex 128.692 -63.8334 0
    endloop
  endfacet
  facet normal -0.998849 -0.0479639 0
    outer loop
      vertex 128.692 -63.8334 3
      vertex 128.7 -64 0
      vertex 128.7 -64 3
    endloop
  endfacet
  facet normal -0.970774 -0.239994 0
    outer loop
      vertex 128.667 -63.6683 0
      vertex 128.627 -63.5065 3
      vertex 128.627 -63.5065 0
    endloop
  endfacet
  facet normal -0.970774 -0.239994 0
    outer loop
      vertex 128.627 -63.5065 3
      vertex 128.667 -63.6683 0
      vertex 128.667 -63.6683 3
    endloop
  endfacet
  facet normal -0.429302 0.903161 0
    outer loop
      vertex 127.801 -65.4993 0
      vertex 127.651 -65.5706 3
      vertex 127.801 -65.4993 3
    endloop
  endfacet
  facet normal -0.429302 0.903161 0
    outer loop
      vertex 127.651 -65.5706 3
      vertex 127.801 -65.4993 0
      vertex 127.651 -65.5706 0
    endloop
  endfacet
  facet normal 0.0490427 -0.998797 0
    outer loop
      vertex 126.833 -62.3082 0
      vertex 127 -62.3 3
      vertex 126.833 -62.3082 3
    endloop
  endfacet
  facet normal 0.0490427 -0.998797 0
    outer loop
      vertex 127 -62.3 3
      vertex 126.833 -62.3082 0
      vertex 127 -62.3 0
    endloop
  endfacet
  facet normal 0.429302 -0.903161 0
    outer loop
      vertex 126.199 -62.5007 0
      vertex 126.349 -62.4294 3
      vertex 126.199 -62.5007 3
    endloop
  endfacet
  facet normal 0.429302 -0.903161 0
    outer loop
      vertex 126.349 -62.4294 3
      vertex 126.199 -62.5007 0
      vertex 126.349 -62.4294 0
    endloop
  endfacet
  facet normal -0.741024 -0.671478 0
    outer loop
      vertex 128.314 -62.9215 0
      vertex 128.202 -62.7979 3
      vertex 128.202 -62.7979 0
    endloop
  endfacet
  facet normal -0.741024 -0.671478 0
    outer loop
      vertex 128.202 -62.7979 3
      vertex 128.314 -62.9215 0
      vertex 128.314 -62.9215 3
    endloop
  endfacet
  facet normal 0.146875 0.989155 -0
    outer loop
      vertex 126.833 -65.6918 0
      vertex 126.668 -65.6673 3
      vertex 126.833 -65.6918 3
    endloop
  endfacet
  facet normal 0.146875 0.989155 0
    outer loop
      vertex 126.668 -65.6673 3
      vertex 126.833 -65.6918 0
      vertex 126.668 -65.6673 0
    endloop
  endfacet
  facet normal -0.429302 -0.903161 0
    outer loop
      vertex 127.651 -62.4294 0
      vertex 127.801 -62.5007 3
      vertex 127.651 -62.4294 3
    endloop
  endfacet
  facet normal -0.429302 -0.903161 -0
    outer loop
      vertex 127.801 -62.5007 3
      vertex 127.651 -62.4294 0
      vertex 127.801 -62.5007 0
    endloop
  endfacet
  facet normal 0.146875 -0.989155 0
    outer loop
      vertex 126.668 -62.3327 0
      vertex 126.833 -62.3082 3
      vertex 126.668 -62.3327 3
    endloop
  endfacet
  facet normal 0.146875 -0.989155 0
    outer loop
      vertex 126.833 -62.3082 3
      vertex 126.668 -62.3327 0
      vertex 126.833 -62.3082 0
    endloop
  endfacet
  facet normal -0.243953 0.969787 0
    outer loop
      vertex 127.493 -65.6268 0
      vertex 127.332 -65.6673 3
      vertex 127.493 -65.6268 3
    endloop
  endfacet
  facet normal -0.243953 0.969787 0
    outer loop
      vertex 127.332 -65.6673 3
      vertex 127.493 -65.6268 0
      vertex 127.332 -65.6673 0
    endloop
  endfacet
  facet normal 0.595772 -0.803154 0
    outer loop
      vertex 125.922 -62.6859 0
      vertex 126.056 -62.5865 3
      vertex 125.922 -62.6859 3
    endloop
  endfacet
  facet normal 0.595772 -0.803154 0
    outer loop
      vertex 126.056 -62.5865 3
      vertex 125.922 -62.6859 0
      vertex 126.056 -62.5865 0
    endloop
  endfacet
  facet normal 0.902418 -0.430863 0
    outer loop
      vertex 125.429 -63.3494 3
      vertex 125.501 -63.1986 0
      vertex 125.501 -63.1986 3
    endloop
  endfacet
  facet normal 0.902418 -0.430863 0
    outer loop
      vertex 125.501 -63.1986 0
      vertex 125.429 -63.3494 3
      vertex 125.429 -63.3494 0
    endloop
  endfacet
  facet normal 0.429302 0.903161 -0
    outer loop
      vertex 126.349 -65.5706 0
      vertex 126.199 -65.4993 3
      vertex 126.349 -65.5706 3
    endloop
  endfacet
  facet normal 0.429302 0.903161 0
    outer loop
      vertex 126.199 -65.4993 3
      vertex 126.349 -65.5706 0
      vertex 126.199 -65.4993 0
    endloop
  endfacet
  facet normal -0.335127 0.942173 0
    outer loop
      vertex 127.651 -65.5706 0
      vertex 127.493 -65.6268 3
      vertex 127.651 -65.5706 3
    endloop
  endfacet
  facet normal -0.335127 0.942173 0
    outer loop
      vertex 127.493 -65.6268 3
      vertex 127.651 -65.5706 0
      vertex 127.493 -65.6268 0
    endloop
  endfacet
  facet normal 0.595772 0.803154 -0
    outer loop
      vertex 126.056 -65.4135 0
      vertex 125.922 -65.3141 3
      vertex 126.056 -65.4135 3
    endloop
  endfacet
  facet normal 0.595772 0.803154 0
    outer loop
      vertex 125.922 -65.3141 3
      vertex 126.056 -65.4135 0
      vertex 125.922 -65.3141 0
    endloop
  endfacet
  facet normal 0.902418 0.430863 0
    outer loop
      vertex 125.501 -64.8014 3
      vertex 125.429 -64.6506 0
      vertex 125.429 -64.6506 3
    endloop
  endfacet
  facet normal 0.902418 0.430863 0
    outer loop
      vertex 125.429 -64.6506 0
      vertex 125.501 -64.8014 3
      vertex 125.501 -64.8014 0
    endloop
  endfacet
  facet normal -0.514496 -0.857493 0
    outer loop
      vertex 127.801 -62.5007 0
      vertex 127.944 -62.5865 3
      vertex 127.801 -62.5007 3
    endloop
  endfacet
  facet normal -0.514496 -0.857493 -0
    outer loop
      vertex 127.944 -62.5865 3
      vertex 127.801 -62.5007 0
      vertex 127.944 -62.5865 0
    endloop
  endfacet
  facet normal 0.998849 0.0479639 0
    outer loop
      vertex 125.308 -64.1666 3
      vertex 125.3 -64 0
      vertex 125.3 -64 3
    endloop
  endfacet
  facet normal 0.998849 0.0479639 0
    outer loop
      vertex 125.3 -64 0
      vertex 125.308 -64.1666 3
      vertex 125.308 -64.1666 0
    endloop
  endfacet
  facet normal -0.595772 -0.803154 0
    outer loop
      vertex 127.944 -62.5865 0
      vertex 128.078 -62.6859 3
      vertex 127.944 -62.5865 3
    endloop
  endfacet
  facet normal -0.595772 -0.803154 -0
    outer loop
      vertex 128.078 -62.6859 3
      vertex 127.944 -62.5865 0
      vertex 128.078 -62.6859 0
    endloop
  endfacet
  facet normal -0.970809 0.239854 0
    outer loop
      vertex 128.627 -64.4935 0
      vertex 128.667 -64.3316 3
      vertex 128.667 -64.3316 0
    endloop
  endfacet
  facet normal -0.970809 0.239854 0
    outer loop
      vertex 128.667 -64.3316 3
      vertex 128.627 -64.4935 0
      vertex 128.627 -64.4935 3
    endloop
  endfacet
  facet normal 0.941945 0.335767 0
    outer loop
      vertex 125.429 -64.6506 3
      vertex 125.373 -64.4935 0
      vertex 125.373 -64.4935 3
    endloop
  endfacet
  facet normal 0.941945 0.335767 0
    outer loop
      vertex 125.373 -64.4935 0
      vertex 125.429 -64.6506 3
      vertex 125.429 -64.6506 0
    endloop
  endfacet
  facet normal -0.243953 -0.969787 0
    outer loop
      vertex 127.332 -62.3327 0
      vertex 127.493 -62.3732 3
      vertex 127.332 -62.3327 3
    endloop
  endfacet
  facet normal -0.243953 -0.969787 -0
    outer loop
      vertex 127.493 -62.3732 3
      vertex 127.332 -62.3327 0
      vertex 127.493 -62.3732 0
    endloop
  endfacet
  facet normal 0.741024 -0.671478 0
    outer loop
      vertex 125.686 -62.9215 3
      vertex 125.798 -62.7979 0
      vertex 125.798 -62.7979 3
    endloop
  endfacet
  facet normal 0.741024 -0.671478 0
    outer loop
      vertex 125.798 -62.7979 0
      vertex 125.686 -62.9215 3
      vertex 125.686 -62.9215 0
    endloop
  endfacet
  facet normal -0.0490427 0.998797 0
    outer loop
      vertex 127.167 -65.6918 0
      vertex 127 -65.7 3
      vertex 127.167 -65.6918 3
    endloop
  endfacet
  facet normal -0.0490427 0.998797 0
    outer loop
      vertex 127 -65.7 3
      vertex 127.167 -65.6918 0
      vertex 127 -65.7 0
    endloop
  endfacet
  facet normal -0.804301 -0.594222 0
    outer loop
      vertex 128.413 -63.0555 0
      vertex 128.314 -62.9215 3
      vertex 128.314 -62.9215 0
    endloop
  endfacet
  facet normal -0.804301 -0.594222 0
    outer loop
      vertex 128.314 -62.9215 3
      vertex 128.413 -63.0555 0
      vertex 128.413 -63.0555 3
    endloop
  endfacet
  facet normal 0.970809 0.239854 0
    outer loop
      vertex 125.373 -64.4935 3
      vertex 125.333 -64.3316 0
      vertex 125.333 -64.3316 3
    endloop
  endfacet
  facet normal 0.970809 0.239854 0
    outer loop
      vertex 125.333 -64.3316 0
      vertex 125.373 -64.4935 3
      vertex 125.373 -64.4935 0
    endloop
  endfacet
  facet normal -0.988716 0.149805 0
    outer loop
      vertex 128.667 -64.3316 0
      vertex 128.692 -64.1666 3
      vertex 128.692 -64.1666 0
    endloop
  endfacet
  facet normal -0.988716 0.149805 0
    outer loop
      vertex 128.692 -64.1666 3
      vertex 128.667 -64.3316 0
      vertex 128.667 -64.3316 3
    endloop
  endfacet
  facet normal -0.514496 0.857493 0
    outer loop
      vertex 127.944 -65.4135 0
      vertex 127.801 -65.4993 3
      vertex 127.944 -65.4135 3
    endloop
  endfacet
  facet normal -0.514496 0.857493 0
    outer loop
      vertex 127.801 -65.4993 3
      vertex 127.944 -65.4135 0
      vertex 127.801 -65.4993 0
    endloop
  endfacet
  facet normal 0.941945 -0.335767 0
    outer loop
      vertex 125.373 -63.5065 3
      vertex 125.429 -63.3494 0
      vertex 125.429 -63.3494 3
    endloop
  endfacet
  facet normal 0.941945 -0.335767 0
    outer loop
      vertex 125.429 -63.3494 0
      vertex 125.373 -63.5065 3
      vertex 125.373 -63.5065 0
    endloop
  endfacet
  facet normal -0.670286 -0.742103 0
    outer loop
      vertex 128.078 -62.6859 0
      vertex 128.202 -62.7979 3
      vertex 128.078 -62.6859 3
    endloop
  endfacet
  facet normal -0.670286 -0.742103 -0
    outer loop
      vertex 128.202 -62.7979 3
      vertex 128.078 -62.6859 0
      vertex 128.202 -62.7979 0
    endloop
  endfacet
  facet normal 0.988729 -0.149717 0
    outer loop
      vertex 125.308 -63.8334 3
      vertex 125.333 -63.6683 0
      vertex 125.333 -63.6683 3
    endloop
  endfacet
  facet normal 0.988729 -0.149717 0
    outer loop
      vertex 125.333 -63.6683 0
      vertex 125.308 -63.8334 3
      vertex 125.308 -63.8334 0
    endloop
  endfacet
  facet normal -0.902418 0.430863 0
    outer loop
      vertex 128.499 -64.8014 0
      vertex 128.571 -64.6506 3
      vertex 128.571 -64.6506 0
    endloop
  endfacet
  facet normal -0.902418 0.430863 0
    outer loop
      vertex 128.571 -64.6506 3
      vertex 128.499 -64.8014 0
      vertex 128.499 -64.8014 3
    endloop
  endfacet
  facet normal -0.335127 -0.942173 0
    outer loop
      vertex 127.493 -62.3732 0
      vertex 127.651 -62.4294 3
      vertex 127.493 -62.3732 3
    endloop
  endfacet
  facet normal -0.335127 -0.942173 -0
    outer loop
      vertex 127.651 -62.4294 3
      vertex 127.493 -62.3732 0
      vertex 127.651 -62.4294 0
    endloop
  endfacet
  facet normal -0.998849 0.0479639 0
    outer loop
      vertex 128.692 -64.1666 0
      vertex 128.7 -64 3
      vertex 128.7 -64 0
    endloop
  endfacet
  facet normal -0.998849 0.0479639 0
    outer loop
      vertex 128.7 -64 3
      vertex 128.692 -64.1666 0
      vertex 128.692 -64.1666 3
    endloop
  endfacet
  facet normal -0.146875 0.989155 0
    outer loop
      vertex 127.332 -65.6673 0
      vertex 127.167 -65.6918 3
      vertex 127.332 -65.6673 3
    endloop
  endfacet
  facet normal -0.146875 0.989155 0
    outer loop
      vertex 127.167 -65.6918 3
      vertex 127.332 -65.6673 0
      vertex 127.167 -65.6918 0
    endloop
  endfacet
  facet normal -0.941945 -0.335767 0
    outer loop
      vertex 128.627 -63.5065 0
      vertex 128.571 -63.3494 3
      vertex 128.571 -63.3494 0
    endloop
  endfacet
  facet normal -0.941945 -0.335767 0
    outer loop
      vertex 128.571 -63.3494 3
      vertex 128.627 -63.5065 0
      vertex 128.627 -63.5065 3
    endloop
  endfacet
  facet normal -0.804301 0.594222 0
    outer loop
      vertex 128.314 -65.0785 0
      vertex 128.413 -64.9445 3
      vertex 128.413 -64.9445 0
    endloop
  endfacet
  facet normal -0.804301 0.594222 0
    outer loop
      vertex 128.413 -64.9445 3
      vertex 128.314 -65.0785 0
      vertex 128.314 -65.0785 3
    endloop
  endfacet
  facet normal -0.857123 0.515112 0
    outer loop
      vertex 128.413 -64.9445 0
      vertex 128.499 -64.8014 3
      vertex 128.499 -64.8014 0
    endloop
  endfacet
  facet normal -0.857123 0.515112 0
    outer loop
      vertex 128.499 -64.8014 3
      vertex 128.413 -64.9445 0
      vertex 128.413 -64.9445 3
    endloop
  endfacet
  facet normal 0.243953 -0.969787 0
    outer loop
      vertex 126.507 -62.3732 0
      vertex 126.668 -62.3327 3
      vertex 126.507 -62.3732 3
    endloop
  endfacet
  facet normal 0.243953 -0.969787 0
    outer loop
      vertex 126.668 -62.3327 3
      vertex 126.507 -62.3732 0
      vertex 126.668 -62.3327 0
    endloop
  endfacet
  facet normal -0.941945 0.335767 0
    outer loop
      vertex 128.571 -64.6506 0
      vertex 128.627 -64.4935 3
      vertex 128.627 -64.4935 0
    endloop
  endfacet
  facet normal -0.941945 0.335767 0
    outer loop
      vertex 128.627 -64.4935 3
      vertex 128.571 -64.6506 0
      vertex 128.571 -64.6506 3
    endloop
  endfacet
  facet normal -0.0490427 -0.998797 0
    outer loop
      vertex 127 -62.3 0
      vertex 127.167 -62.3082 3
      vertex 127 -62.3 3
    endloop
  endfacet
  facet normal -0.0490427 -0.998797 -0
    outer loop
      vertex 127.167 -62.3082 3
      vertex 127 -62.3 0
      vertex 127.167 -62.3082 0
    endloop
  endfacet
  facet normal 0.514496 -0.857493 0
    outer loop
      vertex 126.056 -62.5865 0
      vertex 126.199 -62.5007 3
      vertex 126.056 -62.5865 3
    endloop
  endfacet
  facet normal 0.514496 -0.857493 0
    outer loop
      vertex 126.199 -62.5007 3
      vertex 126.056 -62.5865 0
      vertex 126.199 -62.5007 0
    endloop
  endfacet
  facet normal -0.902418 -0.430863 0
    outer loop
      vertex 128.571 -63.3494 0
      vertex 128.499 -63.1986 3
      vertex 128.499 -63.1986 0
    endloop
  endfacet
  facet normal -0.902418 -0.430863 0
    outer loop
      vertex 128.499 -63.1986 3
      vertex 128.571 -63.3494 0
      vertex 128.571 -63.3494 3
    endloop
  endfacet
  facet normal -0.146875 -0.989155 0
    outer loop
      vertex 127.167 -62.3082 0
      vertex 127.332 -62.3327 3
      vertex 127.167 -62.3082 3
    endloop
  endfacet
  facet normal -0.146875 -0.989155 -0
    outer loop
      vertex 127.332 -62.3327 3
      vertex 127.167 -62.3082 0
      vertex 127.332 -62.3327 0
    endloop
  endfacet
  facet normal 0.243953 0.969787 -0
    outer loop
      vertex 126.668 -65.6673 0
      vertex 126.507 -65.6268 3
      vertex 126.668 -65.6673 3
    endloop
  endfacet
  facet normal 0.243953 0.969787 0
    outer loop
      vertex 126.507 -65.6268 3
      vertex 126.668 -65.6673 0
      vertex 126.507 -65.6268 0
    endloop
  endfacet
  facet normal 0.857123 0.515112 0
    outer loop
      vertex 125.587 -64.9445 3
      vertex 125.501 -64.8014 0
      vertex 125.501 -64.8014 3
    endloop
  endfacet
  facet normal 0.857123 0.515112 0
    outer loop
      vertex 125.501 -64.8014 0
      vertex 125.587 -64.9445 3
      vertex 125.587 -64.9445 0
    endloop
  endfacet
  facet normal -0.857123 -0.515112 0
    outer loop
      vertex 128.499 -63.1986 0
      vertex 128.413 -63.0555 3
      vertex 128.413 -63.0555 0
    endloop
  endfacet
  facet normal -0.857123 -0.515112 0
    outer loop
      vertex 128.413 -63.0555 3
      vertex 128.499 -63.1986 0
      vertex 128.499 -63.1986 3
    endloop
  endfacet
  facet normal 0.335127 -0.942173 0
    outer loop
      vertex 126.349 -62.4294 0
      vertex 126.507 -62.3732 3
      vertex 126.349 -62.4294 3
    endloop
  endfacet
  facet normal 0.335127 -0.942173 0
    outer loop
      vertex 126.507 -62.3732 3
      vertex 126.349 -62.4294 0
      vertex 126.507 -62.3732 0
    endloop
  endfacet
  facet normal 0.741024 0.671478 0
    outer loop
      vertex 125.798 -65.2021 3
      vertex 125.686 -65.0785 0
      vertex 125.686 -65.0785 3
    endloop
  endfacet
  facet normal 0.741024 0.671478 0
    outer loop
      vertex 125.686 -65.0785 0
      vertex 125.798 -65.2021 3
      vertex 125.798 -65.2021 0
    endloop
  endfacet
  facet normal 0.670286 -0.742103 0
    outer loop
      vertex 125.798 -62.7979 0
      vertex 125.922 -62.6859 3
      vertex 125.798 -62.7979 3
    endloop
  endfacet
  facet normal 0.670286 -0.742103 0
    outer loop
      vertex 125.922 -62.6859 3
      vertex 125.798 -62.7979 0
      vertex 125.922 -62.6859 0
    endloop
  endfacet
  facet normal 0.514496 0.857493 -0
    outer loop
      vertex 126.199 -65.4993 0
      vertex 126.056 -65.4135 3
      vertex 126.199 -65.4993 3
    endloop
  endfacet
  facet normal 0.514496 0.857493 0
    outer loop
      vertex 126.056 -65.4135 3
      vertex 126.199 -65.4993 0
      vertex 126.056 -65.4135 0
    endloop
  endfacet
  facet normal 0.970774 -0.239994 0
    outer loop
      vertex 125.333 -63.6683 3
      vertex 125.373 -63.5065 0
      vertex 125.373 -63.5065 3
    endloop
  endfacet
  facet normal 0.970774 -0.239994 0
    outer loop
      vertex 125.373 -63.5065 0
      vertex 125.333 -63.6683 3
      vertex 125.333 -63.6683 0
    endloop
  endfacet
  facet normal 0.804301 0.594222 0
    outer loop
      vertex 125.686 -65.0785 3
      vertex 125.587 -64.9445 0
      vertex 125.587 -64.9445 3
    endloop
  endfacet
  facet normal 0.804301 0.594222 0
    outer loop
      vertex 125.587 -64.9445 0
      vertex 125.686 -65.0785 3
      vertex 125.686 -65.0785 0
    endloop
  endfacet
  facet normal 0.988716 0.149805 0
    outer loop
      vertex 125.333 -64.3316 3
      vertex 125.308 -64.1666 0
      vertex 125.308 -64.1666 3
    endloop
  endfacet
  facet normal 0.988716 0.149805 0
    outer loop
      vertex 125.308 -64.1666 0
      vertex 125.333 -64.3316 3
      vertex 125.333 -64.3316 0
    endloop
  endfacet
  facet normal -0.595772 0.803154 0
    outer loop
      vertex 128.078 -65.3141 0
      vertex 127.944 -65.4135 3
      vertex 128.078 -65.3141 3
    endloop
  endfacet
  facet normal -0.595772 0.803154 0
    outer loop
      vertex 127.944 -65.4135 3
      vertex 128.078 -65.3141 0
      vertex 127.944 -65.4135 0
    endloop
  endfacet
  facet normal 0.670286 0.742103 -0
    outer loop
      vertex 125.922 -65.3141 0
      vertex 125.798 -65.2021 3
      vertex 125.922 -65.3141 3
    endloop
  endfacet
  facet normal 0.670286 0.742103 0
    outer loop
      vertex 125.798 -65.2021 3
      vertex 125.922 -65.3141 0
      vertex 125.798 -65.2021 0
    endloop
  endfacet
  facet normal 0.804301 -0.594222 0
    outer loop
      vertex 125.587 -63.0555 3
      vertex 125.686 -62.9215 0
      vertex 125.686 -62.9215 3
    endloop
  endfacet
  facet normal 0.804301 -0.594222 0
    outer loop
      vertex 125.686 -62.9215 0
      vertex 125.587 -63.0555 3
      vertex 125.587 -63.0555 0
    endloop
  endfacet
  facet normal 0.857123 -0.515112 0
    outer loop
      vertex 125.501 -63.1986 3
      vertex 125.587 -63.0555 0
      vertex 125.587 -63.0555 3
    endloop
  endfacet
  facet normal 0.857123 -0.515112 0
    outer loop
      vertex 125.587 -63.0555 0
      vertex 125.501 -63.1986 3
      vertex 125.501 -63.1986 0
    endloop
  endfacet
  facet normal 0.0490427 0.998797 -0
    outer loop
      vertex 127 -65.7 0
      vertex 126.833 -65.6918 3
      vertex 127 -65.7 3
    endloop
  endfacet
  facet normal 0.0490427 0.998797 0
    outer loop
      vertex 126.833 -65.6918 3
      vertex 127 -65.7 0
      vertex 126.833 -65.6918 0
    endloop
  endfacet
  facet normal 0.998849 -0.0479639 0
    outer loop
      vertex 125.3 -64 3
      vertex 125.308 -63.8334 0
      vertex 125.308 -63.8334 3
    endloop
  endfacet
  facet normal 0.998849 -0.0479639 0
    outer loop
      vertex 125.308 -63.8334 0
      vertex 125.3 -64 3
      vertex 125.3 -64 0
    endloop
  endfacet
  facet normal 0.335127 0.942173 -0
    outer loop
      vertex 126.507 -65.6268 0
      vertex 126.349 -65.5706 3
      vertex 126.507 -65.6268 3
    endloop
  endfacet
  facet normal 0.335127 0.942173 0
    outer loop
      vertex 126.349 -65.5706 3
      vertex 126.507 -65.6268 0
      vertex 126.349 -65.5706 0
    endloop
  endfacet
  facet normal -0.741024 0.671478 0
    outer loop
      vertex 128.202 -65.2021 0
      vertex 128.314 -65.0785 3
      vertex 128.314 -65.0785 0
    endloop
  endfacet
  facet normal -0.741024 0.671478 0
    outer loop
      vertex 128.314 -65.0785 3
      vertex 128.202 -65.2021 0
      vertex 128.202 -65.2021 3
    endloop
  endfacet
  facet normal -0.670286 0.742103 0
    outer loop
      vertex 128.202 -65.2021 0
      vertex 128.078 -65.3141 3
      vertex 128.202 -65.2021 3
    endloop
  endfacet
  facet normal -0.670286 0.742103 0
    outer loop
      vertex 128.078 -65.3141 3
      vertex 128.202 -65.2021 0
      vertex 128.078 -65.3141 0
    endloop
  endfacet
  facet normal 0.902418 -0.430863 0
    outer loop
      vertex 125.429 64.6506 3
      vertex 125.501 64.8014 0
      vertex 125.501 64.8014 3
    endloop
  endfacet
  facet normal 0.902418 -0.430863 0
    outer loop
      vertex 125.501 64.8014 0
      vertex 125.429 64.6506 3
      vertex 125.429 64.6506 0
    endloop
  endfacet
  facet normal -0.988716 -0.149805 0
    outer loop
      vertex 128.692 64.1666 0
      vertex 128.667 64.3316 3
      vertex 128.667 64.3316 0
    endloop
  endfacet
  facet normal -0.988716 -0.149805 0
    outer loop
      vertex 128.667 64.3316 3
      vertex 128.692 64.1666 0
      vertex 128.692 64.1666 3
    endloop
  endfacet
  facet normal -0.998849 -0.0479639 0
    outer loop
      vertex 128.7 64 0
      vertex 128.692 64.1666 3
      vertex 128.692 64.1666 0
    endloop
  endfacet
  facet normal -0.998849 -0.0479639 0
    outer loop
      vertex 128.692 64.1666 3
      vertex 128.7 64 0
      vertex 128.7 64 3
    endloop
  endfacet
  facet normal -0.970809 -0.239854 0
    outer loop
      vertex 128.667 64.3316 0
      vertex 128.627 64.4935 3
      vertex 128.627 64.4935 0
    endloop
  endfacet
  facet normal -0.970809 -0.239854 0
    outer loop
      vertex 128.627 64.4935 3
      vertex 128.667 64.3316 0
      vertex 128.667 64.3316 3
    endloop
  endfacet
  facet normal -0.146875 -0.989155 0
    outer loop
      vertex 127.167 65.6918 0
      vertex 127.332 65.6673 3
      vertex 127.167 65.6918 3
    endloop
  endfacet
  facet normal -0.146875 -0.989155 -0
    outer loop
      vertex 127.332 65.6673 3
      vertex 127.167 65.6918 0
      vertex 127.332 65.6673 0
    endloop
  endfacet
  facet normal 0.146875 -0.989155 0
    outer loop
      vertex 126.668 65.6673 0
      vertex 126.833 65.6918 3
      vertex 126.668 65.6673 3
    endloop
  endfacet
  facet normal 0.146875 -0.989155 0
    outer loop
      vertex 126.833 65.6918 3
      vertex 126.668 65.6673 0
      vertex 126.833 65.6918 0
    endloop
  endfacet
  facet normal -0.804301 -0.594222 0
    outer loop
      vertex 128.413 64.9445 0
      vertex 128.314 65.0785 3
      vertex 128.314 65.0785 0
    endloop
  endfacet
  facet normal -0.804301 -0.594222 0
    outer loop
      vertex 128.314 65.0785 3
      vertex 128.413 64.9445 0
      vertex 128.413 64.9445 3
    endloop
  endfacet
  facet normal -0.514496 0.857493 0
    outer loop
      vertex 127.944 62.5865 0
      vertex 127.801 62.5007 3
      vertex 127.944 62.5865 3
    endloop
  endfacet
  facet normal -0.514496 0.857493 0
    outer loop
      vertex 127.801 62.5007 3
      vertex 127.944 62.5865 0
      vertex 127.801 62.5007 0
    endloop
  endfacet
  facet normal -0.595772 -0.803154 0
    outer loop
      vertex 127.944 65.4135 0
      vertex 128.078 65.3141 3
      vertex 127.944 65.4135 3
    endloop
  endfacet
  facet normal -0.595772 -0.803154 -0
    outer loop
      vertex 128.078 65.3141 3
      vertex 127.944 65.4135 0
      vertex 128.078 65.3141 0
    endloop
  endfacet
  facet normal -0.998849 0.0479639 0
    outer loop
      vertex 128.692 63.8334 0
      vertex 128.7 64 3
      vertex 128.7 64 0
    endloop
  endfacet
  facet normal -0.998849 0.0479639 0
    outer loop
      vertex 128.7 64 3
      vertex 128.692 63.8334 0
      vertex 128.692 63.8334 3
    endloop
  endfacet
  facet normal 0.243953 -0.969787 0
    outer loop
      vertex 126.507 65.6268 0
      vertex 126.668 65.6673 3
      vertex 126.507 65.6268 3
    endloop
  endfacet
  facet normal 0.243953 -0.969787 0
    outer loop
      vertex 126.668 65.6673 3
      vertex 126.507 65.6268 0
      vertex 126.668 65.6673 0
    endloop
  endfacet
  facet normal 0.804301 -0.594222 0
    outer loop
      vertex 125.587 64.9445 3
      vertex 125.686 65.0785 0
      vertex 125.686 65.0785 3
    endloop
  endfacet
  facet normal 0.804301 -0.594222 0
    outer loop
      vertex 125.686 65.0785 0
      vertex 125.587 64.9445 3
      vertex 125.587 64.9445 0
    endloop
  endfacet
  facet normal 0.429302 0.903161 -0
    outer loop
      vertex 126.349 62.4294 0
      vertex 126.199 62.5007 3
      vertex 126.349 62.4294 3
    endloop
  endfacet
  facet normal 0.429302 0.903161 0
    outer loop
      vertex 126.199 62.5007 3
      vertex 126.349 62.4294 0
      vertex 126.199 62.5007 0
    endloop
  endfacet
  facet normal -0.429302 -0.903161 0
    outer loop
      vertex 127.651 65.5706 0
      vertex 127.801 65.4993 3
      vertex 127.651 65.5706 3
    endloop
  endfacet
  facet normal -0.429302 -0.903161 -0
    outer loop
      vertex 127.801 65.4993 3
      vertex 127.651 65.5706 0
      vertex 127.801 65.4993 0
    endloop
  endfacet
  facet normal 0.988729 0.149717 0
    outer loop
      vertex 125.333 63.6683 3
      vertex 125.308 63.8334 0
      vertex 125.308 63.8334 3
    endloop
  endfacet
  facet normal 0.988729 0.149717 0
    outer loop
      vertex 125.308 63.8334 0
      vertex 125.333 63.6683 3
      vertex 125.333 63.6683 0
    endloop
  endfacet
  facet normal -0.670286 0.742103 0
    outer loop
      vertex 128.202 62.7979 0
      vertex 128.078 62.6859 3
      vertex 128.202 62.7979 3
    endloop
  endfacet
  facet normal -0.670286 0.742103 0
    outer loop
      vertex 128.078 62.6859 3
      vertex 128.202 62.7979 0
      vertex 128.078 62.6859 0
    endloop
  endfacet
  facet normal 0.429302 -0.903161 0
    outer loop
      vertex 126.199 65.4993 0
      vertex 126.349 65.5706 3
      vertex 126.199 65.4993 3
    endloop
  endfacet
  facet normal 0.429302 -0.903161 0
    outer loop
      vertex 126.349 65.5706 3
      vertex 126.199 65.4993 0
      vertex 126.349 65.5706 0
    endloop
  endfacet
  facet normal -0.970774 0.239994 0
    outer loop
      vertex 128.627 63.5065 0
      vertex 128.667 63.6683 3
      vertex 128.667 63.6683 0
    endloop
  endfacet
  facet normal -0.970774 0.239994 0
    outer loop
      vertex 128.667 63.6683 3
      vertex 128.627 63.5065 0
      vertex 128.627 63.5065 3
    endloop
  endfacet
  facet normal -0.243953 0.969787 0
    outer loop
      vertex 127.493 62.3732 0
      vertex 127.332 62.3327 3
      vertex 127.493 62.3732 3
    endloop
  endfacet
  facet normal -0.243953 0.969787 0
    outer loop
      vertex 127.332 62.3327 3
      vertex 127.493 62.3732 0
      vertex 127.332 62.3327 0
    endloop
  endfacet
  facet normal 0.988716 -0.149805 0
    outer loop
      vertex 125.308 64.1666 3
      vertex 125.333 64.3316 0
      vertex 125.333 64.3316 3
    endloop
  endfacet
  facet normal 0.988716 -0.149805 0
    outer loop
      vertex 125.333 64.3316 0
      vertex 125.308 64.1666 3
      vertex 125.308 64.1666 0
    endloop
  endfacet
  facet normal 0.514496 0.857493 -0
    outer loop
      vertex 126.199 62.5007 0
      vertex 126.056 62.5865 3
      vertex 126.199 62.5007 3
    endloop
  endfacet
  facet normal 0.514496 0.857493 0
    outer loop
      vertex 126.056 62.5865 3
      vertex 126.199 62.5007 0
      vertex 126.056 62.5865 0
    endloop
  endfacet
  facet normal 0.970809 -0.239854 0
    outer loop
      vertex 125.333 64.3316 3
      vertex 125.373 64.4935 0
      vertex 125.373 64.4935 3
    endloop
  endfacet
  facet normal 0.970809 -0.239854 0
    outer loop
      vertex 125.373 64.4935 0
      vertex 125.333 64.3316 3
      vertex 125.333 64.3316 0
    endloop
  endfacet
  facet normal -0.804301 0.594222 0
    outer loop
      vertex 128.314 62.9215 0
      vertex 128.413 63.0555 3
      vertex 128.413 63.0555 0
    endloop
  endfacet
  facet normal -0.804301 0.594222 0
    outer loop
      vertex 128.413 63.0555 3
      vertex 128.314 62.9215 0
      vertex 128.314 62.9215 3
    endloop
  endfacet
  facet normal 0.595772 0.803154 -0
    outer loop
      vertex 126.056 62.5865 0
      vertex 125.922 62.6859 3
      vertex 126.056 62.5865 3
    endloop
  endfacet
  facet normal 0.595772 0.803154 0
    outer loop
      vertex 125.922 62.6859 3
      vertex 126.056 62.5865 0
      vertex 125.922 62.6859 0
    endloop
  endfacet
  facet normal 0.335127 0.942173 -0
    outer loop
      vertex 126.507 62.3732 0
      vertex 126.349 62.4294 3
      vertex 126.507 62.3732 3
    endloop
  endfacet
  facet normal 0.335127 0.942173 0
    outer loop
      vertex 126.349 62.4294 3
      vertex 126.507 62.3732 0
      vertex 126.349 62.4294 0
    endloop
  endfacet
  facet normal -0.335127 -0.942173 0
    outer loop
      vertex 127.493 65.6268 0
      vertex 127.651 65.5706 3
      vertex 127.493 65.6268 3
    endloop
  endfacet
  facet normal -0.335127 -0.942173 -0
    outer loop
      vertex 127.651 65.5706 3
      vertex 127.493 65.6268 0
      vertex 127.651 65.5706 0
    endloop
  endfacet
  facet normal 0.741024 0.671478 0
    outer loop
      vertex 125.798 62.7979 3
      vertex 125.686 62.9215 0
      vertex 125.686 62.9215 3
    endloop
  endfacet
  facet normal 0.741024 0.671478 0
    outer loop
      vertex 125.686 62.9215 0
      vertex 125.798 62.7979 3
      vertex 125.798 62.7979 0
    endloop
  endfacet
  facet normal -0.514496 -0.857493 0
    outer loop
      vertex 127.801 65.4993 0
      vertex 127.944 65.4135 3
      vertex 127.801 65.4993 3
    endloop
  endfacet
  facet normal -0.514496 -0.857493 -0
    outer loop
      vertex 127.944 65.4135 3
      vertex 127.801 65.4993 0
      vertex 127.944 65.4135 0
    endloop
  endfacet
  facet normal 0.335127 -0.942173 0
    outer loop
      vertex 126.349 65.5706 0
      vertex 126.507 65.6268 3
      vertex 126.349 65.5706 3
    endloop
  endfacet
  facet normal 0.335127 -0.942173 0
    outer loop
      vertex 126.507 65.6268 3
      vertex 126.349 65.5706 0
      vertex 126.507 65.6268 0
    endloop
  endfacet
  facet normal 0.902418 0.430863 0
    outer loop
      vertex 125.501 63.1986 3
      vertex 125.429 63.3494 0
      vertex 125.429 63.3494 3
    endloop
  endfacet
  facet normal 0.902418 0.430863 0
    outer loop
      vertex 125.429 63.3494 0
      vertex 125.501 63.1986 3
      vertex 125.501 63.1986 0
    endloop
  endfacet
  facet normal 0.941945 0.335767 0
    outer loop
      vertex 125.429 63.3494 3
      vertex 125.373 63.5065 0
      vertex 125.373 63.5065 3
    endloop
  endfacet
  facet normal 0.941945 0.335767 0
    outer loop
      vertex 125.373 63.5065 0
      vertex 125.429 63.3494 3
      vertex 125.429 63.3494 0
    endloop
  endfacet
  facet normal -0.902418 -0.430863 0
    outer loop
      vertex 128.571 64.6506 0
      vertex 128.499 64.8014 3
      vertex 128.499 64.8014 0
    endloop
  endfacet
  facet normal -0.902418 -0.430863 0
    outer loop
      vertex 128.499 64.8014 3
      vertex 128.571 64.6506 0
      vertex 128.571 64.6506 3
    endloop
  endfacet
  facet normal 0.970774 0.239994 0
    outer loop
      vertex 125.373 63.5065 3
      vertex 125.333 63.6683 0
      vertex 125.333 63.6683 3
    endloop
  endfacet
  facet normal 0.970774 0.239994 0
    outer loop
      vertex 125.333 63.6683 0
      vertex 125.373 63.5065 3
      vertex 125.373 63.5065 0
    endloop
  endfacet
  facet normal 0.595772 -0.803154 0
    outer loop
      vertex 125.922 65.3141 0
      vertex 126.056 65.4135 3
      vertex 125.922 65.3141 3
    endloop
  endfacet
  facet normal 0.595772 -0.803154 0
    outer loop
      vertex 126.056 65.4135 3
      vertex 125.922 65.3141 0
      vertex 126.056 65.4135 0
    endloop
  endfacet
  facet normal 0.146875 0.989155 -0
    outer loop
      vertex 126.833 62.3082 0
      vertex 126.668 62.3327 3
      vertex 126.833 62.3082 3
    endloop
  endfacet
  facet normal 0.146875 0.989155 0
    outer loop
      vertex 126.668 62.3327 3
      vertex 126.833 62.3082 0
      vertex 126.668 62.3327 0
    endloop
  endfacet
  facet normal -0.741024 0.671478 0
    outer loop
      vertex 128.202 62.7979 0
      vertex 128.314 62.9215 3
      vertex 128.314 62.9215 0
    endloop
  endfacet
  facet normal -0.741024 0.671478 0
    outer loop
      vertex 128.314 62.9215 3
      vertex 128.202 62.7979 0
      vertex 128.202 62.7979 3
    endloop
  endfacet
  facet normal -0.146875 0.989155 0
    outer loop
      vertex 127.332 62.3327 0
      vertex 127.167 62.3082 3
      vertex 127.332 62.3327 3
    endloop
  endfacet
  facet normal -0.146875 0.989155 0
    outer loop
      vertex 127.167 62.3082 3
      vertex 127.332 62.3327 0
      vertex 127.167 62.3082 0
    endloop
  endfacet
  facet normal 0.514496 -0.857493 0
    outer loop
      vertex 126.056 65.4135 0
      vertex 126.199 65.4993 3
      vertex 126.056 65.4135 3
    endloop
  endfacet
  facet normal 0.514496 -0.857493 0
    outer loop
      vertex 126.199 65.4993 3
      vertex 126.056 65.4135 0
      vertex 126.199 65.4993 0
    endloop
  endfacet
  facet normal -0.0490427 -0.998797 0
    outer loop
      vertex 127 65.7 0
      vertex 127.167 65.6918 3
      vertex 127 65.7 3
    endloop
  endfacet
  facet normal -0.0490427 -0.998797 -0
    outer loop
      vertex 127.167 65.6918 3
      vertex 127 65.7 0
      vertex 127.167 65.6918 0
    endloop
  endfacet
  facet normal 0.857123 0.515112 0
    outer loop
      vertex 125.587 63.0555 3
      vertex 125.501 63.1986 0
      vertex 125.501 63.1986 3
    endloop
  endfacet
  facet normal 0.857123 0.515112 0
    outer loop
      vertex 125.501 63.1986 0
      vertex 125.587 63.0555 3
      vertex 125.587 63.0555 0
    endloop
  endfacet
  facet normal -0.941945 -0.335767 0
    outer loop
      vertex 128.627 64.4935 0
      vertex 128.571 64.6506 3
      vertex 128.571 64.6506 0
    endloop
  endfacet
  facet normal -0.941945 -0.335767 0
    outer loop
      vertex 128.571 64.6506 3
      vertex 128.627 64.4935 0
      vertex 128.627 64.4935 3
    endloop
  endfacet
  facet normal -0.243953 -0.969787 0
    outer loop
      vertex 127.332 65.6673 0
      vertex 127.493 65.6268 3
      vertex 127.332 65.6673 3
    endloop
  endfacet
  facet normal -0.243953 -0.969787 -0
    outer loop
      vertex 127.493 65.6268 3
      vertex 127.332 65.6673 0
      vertex 127.493 65.6268 0
    endloop
  endfacet
  facet normal 0.941945 -0.335767 0
    outer loop
      vertex 125.373 64.4935 3
      vertex 125.429 64.6506 0
      vertex 125.429 64.6506 3
    endloop
  endfacet
  facet normal 0.941945 -0.335767 0
    outer loop
      vertex 125.429 64.6506 0
      vertex 125.373 64.4935 3
      vertex 125.373 64.4935 0
    endloop
  endfacet
  facet normal -0.670286 -0.742103 0
    outer loop
      vertex 128.078 65.3141 0
      vertex 128.202 65.2021 3
      vertex 128.078 65.3141 3
    endloop
  endfacet
  facet normal -0.670286 -0.742103 -0
    outer loop
      vertex 128.202 65.2021 3
      vertex 128.078 65.3141 0
      vertex 128.202 65.2021 0
    endloop
  endfacet
  facet normal 0.0490427 -0.998797 0
    outer loop
      vertex 126.833 65.6918 0
      vertex 127 65.7 3
      vertex 126.833 65.6918 3
    endloop
  endfacet
  facet normal 0.0490427 -0.998797 0
    outer loop
      vertex 127 65.7 3
      vertex 126.833 65.6918 0
      vertex 127 65.7 0
    endloop
  endfacet
  facet normal -0.429302 0.903161 0
    outer loop
      vertex 127.801 62.5007 0
      vertex 127.651 62.4294 3
      vertex 127.801 62.5007 3
    endloop
  endfacet
  facet normal -0.429302 0.903161 0
    outer loop
      vertex 127.651 62.4294 3
      vertex 127.801 62.5007 0
      vertex 127.651 62.4294 0
    endloop
  endfacet
  facet normal -0.988729 0.149717 0
    outer loop
      vertex 128.667 63.6683 0
      vertex 128.692 63.8334 3
      vertex 128.692 63.8334 0
    endloop
  endfacet
  facet normal -0.988729 0.149717 0
    outer loop
      vertex 128.692 63.8334 3
      vertex 128.667 63.6683 0
      vertex 128.667 63.6683 3
    endloop
  endfacet
  facet normal -0.857123 -0.515112 0
    outer loop
      vertex 128.499 64.8014 0
      vertex 128.413 64.9445 3
      vertex 128.413 64.9445 0
    endloop
  endfacet
  facet normal -0.857123 -0.515112 0
    outer loop
      vertex 128.413 64.9445 3
      vertex 128.499 64.8014 0
      vertex 128.499 64.8014 3
    endloop
  endfacet
  facet normal 0.0490427 0.998797 -0
    outer loop
      vertex 127 62.3 0
      vertex 126.833 62.3082 3
      vertex 127 62.3 3
    endloop
  endfacet
  facet normal 0.0490427 0.998797 0
    outer loop
      vertex 126.833 62.3082 3
      vertex 127 62.3 0
      vertex 126.833 62.3082 0
    endloop
  endfacet
  facet normal 0.670286 -0.742103 0
    outer loop
      vertex 125.798 65.2021 0
      vertex 125.922 65.3141 3
      vertex 125.798 65.2021 3
    endloop
  endfacet
  facet normal 0.670286 -0.742103 0
    outer loop
      vertex 125.922 65.3141 3
      vertex 125.798 65.2021 0
      vertex 125.922 65.3141 0
    endloop
  endfacet
  facet normal 0.741024 -0.671478 0
    outer loop
      vertex 125.686 65.0785 3
      vertex 125.798 65.2021 0
      vertex 125.798 65.2021 3
    endloop
  endfacet
  facet normal 0.741024 -0.671478 0
    outer loop
      vertex 125.798 65.2021 0
      vertex 125.686 65.0785 3
      vertex 125.686 65.0785 0
    endloop
  endfacet
  facet normal -0.902418 0.430863 0
    outer loop
      vertex 128.499 63.1986 0
      vertex 128.571 63.3494 3
      vertex 128.571 63.3494 0
    endloop
  endfacet
  facet normal -0.902418 0.430863 0
    outer loop
      vertex 128.571 63.3494 3
      vertex 128.499 63.1986 0
      vertex 128.499 63.1986 3
    endloop
  endfacet
  facet normal -0.0490427 0.998797 0
    outer loop
      vertex 127.167 62.3082 0
      vertex 127 62.3 3
      vertex 127.167 62.3082 3
    endloop
  endfacet
  facet normal -0.0490427 0.998797 0
    outer loop
      vertex 127 62.3 3
      vertex 127.167 62.3082 0
      vertex 127 62.3 0
    endloop
  endfacet
  facet normal 0.670286 0.742103 -0
    outer loop
      vertex 125.922 62.6859 0
      vertex 125.798 62.7979 3
      vertex 125.922 62.6859 3
    endloop
  endfacet
  facet normal 0.670286 0.742103 0
    outer loop
      vertex 125.798 62.7979 3
      vertex 125.922 62.6859 0
      vertex 125.798 62.7979 0
    endloop
  endfacet
  facet normal -0.941945 0.335767 0
    outer loop
      vertex 128.571 63.3494 0
      vertex 128.627 63.5065 3
      vertex 128.627 63.5065 0
    endloop
  endfacet
  facet normal -0.941945 0.335767 0
    outer loop
      vertex 128.627 63.5065 3
      vertex 128.571 63.3494 0
      vertex 128.571 63.3494 3
    endloop
  endfacet
  facet normal -0.741024 -0.671478 0
    outer loop
      vertex 128.314 65.0785 0
      vertex 128.202 65.2021 3
      vertex 128.202 65.2021 0
    endloop
  endfacet
  facet normal -0.741024 -0.671478 0
    outer loop
      vertex 128.202 65.2021 3
      vertex 128.314 65.0785 0
      vertex 128.314 65.0785 3
    endloop
  endfacet
  facet normal 0.243953 0.969787 -0
    outer loop
      vertex 126.668 62.3327 0
      vertex 126.507 62.3732 3
      vertex 126.668 62.3327 3
    endloop
  endfacet
  facet normal 0.243953 0.969787 0
    outer loop
      vertex 126.507 62.3732 3
      vertex 126.668 62.3327 0
      vertex 126.507 62.3732 0
    endloop
  endfacet
  facet normal -0.595772 0.803154 0
    outer loop
      vertex 128.078 62.6859 0
      vertex 127.944 62.5865 3
      vertex 128.078 62.6859 3
    endloop
  endfacet
  facet normal -0.595772 0.803154 0
    outer loop
      vertex 127.944 62.5865 3
      vertex 128.078 62.6859 0
      vertex 127.944 62.5865 0
    endloop
  endfacet
  facet normal -0.857123 0.515112 0
    outer loop
      vertex 128.413 63.0555 0
      vertex 128.499 63.1986 3
      vertex 128.499 63.1986 0
    endloop
  endfacet
  facet normal -0.857123 0.515112 0
    outer loop
      vertex 128.499 63.1986 3
      vertex 128.413 63.0555 0
      vertex 128.413 63.0555 3
    endloop
  endfacet
  facet normal 0.804301 0.594222 0
    outer loop
      vertex 125.686 62.9215 3
      vertex 125.587 63.0555 0
      vertex 125.587 63.0555 3
    endloop
  endfacet
  facet normal 0.804301 0.594222 0
    outer loop
      vertex 125.587 63.0555 0
      vertex 125.686 62.9215 3
      vertex 125.686 62.9215 0
    endloop
  endfacet
  facet normal 0.857123 -0.515112 0
    outer loop
      vertex 125.501 64.8014 3
      vertex 125.587 64.9445 0
      vertex 125.587 64.9445 3
    endloop
  endfacet
  facet normal 0.857123 -0.515112 0
    outer loop
      vertex 125.587 64.9445 0
      vertex 125.501 64.8014 3
      vertex 125.501 64.8014 0
    endloop
  endfacet
  facet normal -0.335127 0.942173 0
    outer loop
      vertex 127.651 62.4294 0
      vertex 127.493 62.3732 3
      vertex 127.651 62.4294 3
    endloop
  endfacet
  facet normal -0.335127 0.942173 0
    outer loop
      vertex 127.493 62.3732 3
      vertex 127.651 62.4294 0
      vertex 127.493 62.3732 0
    endloop
  endfacet
  facet normal 0.998849 -0.0479639 0
    outer loop
      vertex 125.3 64 3
      vertex 125.308 64.1666 0
      vertex 125.308 64.1666 3
    endloop
  endfacet
  facet normal 0.998849 -0.0479639 0
    outer loop
      vertex 125.308 64.1666 0
      vertex 125.3 64 3
      vertex 125.3 64 0
    endloop
  endfacet
  facet normal 0.998849 0.0479639 0
    outer loop
      vertex 125.308 63.8334 3
      vertex 125.3 64 0
      vertex 125.3 64 3
    endloop
  endfacet
  facet normal 0.998849 0.0479639 0
    outer loop
      vertex 125.3 64 0
      vertex 125.308 63.8334 3
      vertex 125.308 63.8334 0
    endloop
  endfacet
  facet normal -1 0 0
    outer loop
      vertex 110 45.6 2
      vertex 110 45.5 20
      vertex 110 45.6 24
    endloop
  endfacet
  facet normal -1 0 0
    outer loop
      vertex 110 45.6 2
      vertex 110 -45.5 20
      vertex 110 45.5 20
    endloop
  endfacet
  facet normal -1 0 0
    outer loop
      vertex 110 -45.6 2
      vertex 110 -45.5 20
      vertex 110 45.6 2
    endloop
  endfacet
  facet normal -1 0 0
    outer loop
      vertex 110 -45.6 24
      vertex 110 -45.5 20
      vertex 110 -45.6 2
    endloop
  endfacet
  facet normal -1 0 0
    outer loop
      vertex 110 -45.5 20
      vertex 110 -45.6 24
      vertex 110 -45.5 24
    endloop
  endfacet
  facet normal -1 -0 0
    outer loop
      vertex 110 45.6 24
      vertex 110 45.5 20
      vertex 110 45.5 24
    endloop
  endfacet
  facet normal 0 0 -1
    outer loop
      vertex 98 45.5 24
      vertex 110 45.6 24
      vertex 110 45.5 24
    endloop
  endfacet
  facet normal -0 0 -1
    outer loop
      vertex 110 45.6 24
      vertex 98 45.5 24
      vertex 98 45.6 24
    endloop
  endfacet
  facet normal 0 0 -1
    outer loop
      vertex 98 -45.6 24
      vertex 110 -45.5 24
      vertex 110 -45.6 24
    endloop
  endfacet
  facet normal -0 0 -1
    outer loop
      vertex 110 -45.5 24
      vertex 98 -45.6 24
      vertex 98 -45.5 24
    endloop
  endfacet
  facet normal -0 0 1
    outer loop
      vertex 98 45.6 2
      vertex 110 -45.6 2
      vertex 110 45.6 2
    endloop
  endfacet
  facet normal 0 0 1
    outer loop
      vertex 110 -45.6 2
      vertex 98 45.6 2
      vertex 98 -45.6 2
    endloop
  endfacet
  facet normal 1 0 0
    outer loop
      vertex 98 -45.5 24
      vertex 98 -45.6 24
      vertex 98 -45.5 20
    endloop
  endfacet
  facet normal 1 0 0
    outer loop
      vertex 98 45.5 20
      vertex 98 45.6 24
      vertex 98 45.5 24
    endloop
  endfacet
  facet normal 1 0 0
    outer loop
      vertex 98 45.6 24
      vertex 98 45.5 20
      vertex 98 45.6 2
    endloop
  endfacet
  facet normal 1 -0 0
    outer loop
      vertex 98 -45.5 20
      vertex 98 45.6 2
      vertex 98 45.5 20
    endloop
  endfacet
  facet normal 1 0 0
    outer loop
      vertex 98 -45.5 20
      vertex 98 -45.6 2
      vertex 98 45.6 2
    endloop
  endfacet
  facet normal 1 0 0
    outer loop
      vertex 98 -45.6 2
      vertex 98 -45.5 20
      vertex 98 -45.6 24
    endloop
  endfacet
  facet normal 0 -1 0
    outer loop
      vertex 98 45.6 2
      vertex 110 45.6 24
      vertex 98 45.6 24
    endloop
  endfacet
  facet normal 0 -1 -0
    outer loop
      vertex 110 45.6 24
      vertex 98 45.6 2
      vertex 110 45.6 2
    endloop
  endfacet
  facet normal 0 1 -0
    outer loop
      vertex 110 -45.6 2
      vertex 98 -45.6 24
      vertex 110 -45.6 24
    endloop
  endfacet
  facet normal 0 1 0
    outer loop
      vertex 98 -45.6 24
      vertex 110 -45.6 2
      vertex 98 -45.6 2
    endloop
  endfacet
  facet normal 0.33757 0 -0.9413
    outer loop
      vertex 103.158 -54.5 17.5325
      vertex 103.361 -47.5 17.6053
      vertex 103.361 -54.5 17.6053
    endloop
  endfacet
  facet normal 0.33757 0 -0.9413
    outer loop
      vertex 103.361 -47.5 17.6053
      vertex 103.158 -54.5 17.5325
      vertex 103.158 -47.5 17.5325
    endloop
  endfacet
  facet normal 0.242101 0 -0.970251
    outer loop
      vertex 103.361 -54.5 17.6053
      vertex 103.571 -47.5 17.6577
      vertex 103.571 -54.5 17.6577
    endloop
  endfacet
  facet normal 0.242101 0 -0.970251
    outer loop
      vertex 103.571 -47.5 17.6577
      vertex 103.361 -54.5 17.6053
      vertex 103.361 -47.5 17.6053
    endloop
  endfacet
  facet normal 0.902775 0 -0.430113
    outer loop
      vertex 102.06 -54.5 16.5371
      vertex 101.967 -47.5 16.3419
      vertex 102.06 -47.5 16.5371
    endloop
  endfacet
  facet normal 0.902775 0 -0.430113
    outer loop
      vertex 101.967 -47.5 16.3419
      vertex 102.06 -54.5 16.5371
      vertex 101.967 -54.5 16.3419
    endloop
  endfacet
  facet normal 0.857738 0 -0.514087
    outer loop
      vertex 102.171 -54.5 16.7223
      vertex 102.06 -47.5 16.5371
      vertex 102.171 -47.5 16.7223
    endloop
  endfacet
  facet normal 0.857738 0 -0.514087
    outer loop
      vertex 102.06 -47.5 16.5371
      vertex 102.171 -54.5 16.7223
      vertex 102.06 -54.5 16.5371
    endloop
  endfacet
  facet normal -0.242101 0 -0.970251
    outer loop
      vertex 104.429 -54.5 17.6577
      vertex 104.639 -47.5 17.6053
      vertex 104.639 -54.5 17.6053
    endloop
  endfacet
  facet normal -0.242101 0 -0.970251
    outer loop
      vertex 104.639 -47.5 17.6053
      vertex 104.429 -54.5 17.6577
      vertex 104.429 -47.5 17.6577
    endloop
  endfacet
  facet normal 0.594365 0 -0.804195
    outer loop
      vertex 102.604 -54.5 17.2006
      vertex 102.778 -47.5 17.3292
      vertex 102.778 -54.5 17.3292
    endloop
  endfacet
  facet normal 0.594365 0 -0.804195
    outer loop
      vertex 102.778 -47.5 17.3292
      vertex 102.604 -54.5 17.2006
      vertex 102.604 -47.5 17.2006
    endloop
  endfacet
  facet normal -0.514496 0 -0.857493
    outer loop
      vertex 105.037 -54.5 17.4402
      vertex 105.222 -47.5 17.3292
      vertex 105.222 -54.5 17.3292
    endloop
  endfacet
  facet normal -0.514496 0 -0.857493
    outer loop
      vertex 105.222 -47.5 17.3292
      vertex 105.037 -54.5 17.4402
      vertex 105.037 -47.5 17.4402
    endloop
  endfacet
  facet normal -0.804542 0 -0.593895
    outer loop
      vertex 105.829 -54.5 16.7223
      vertex 105.701 -47.5 16.8957
      vertex 105.829 -47.5 16.7223
    endloop
  endfacet
  facet normal -0.804542 -0 -0.593895
    outer loop
      vertex 105.701 -47.5 16.8957
      vertex 105.829 -54.5 16.7223
      vertex 105.701 -54.5 16.8957
    endloop
  endfacet
  facet normal -0.989632 0 -0.143626
    outer loop
      vertex 106.189 -54.5 15.7156
      vertex 106.158 -47.5 15.9292
      vertex 106.189 -47.5 15.7156
    endloop
  endfacet
  facet normal -0.989632 -0 -0.143626
    outer loop
      vertex 106.158 -47.5 15.9292
      vertex 106.189 -54.5 15.7156
      vertex 106.158 -54.5 15.9292
    endloop
  endfacet
  facet normal 0.94263 0 -0.333839
    outer loop
      vertex 101.967 -54.5 16.3419
      vertex 101.895 -47.5 16.1386
      vertex 101.967 -47.5 16.3419
    endloop
  endfacet
  facet normal 0.94263 0 -0.333839
    outer loop
      vertex 101.895 -47.5 16.1386
      vertex 101.967 -54.5 16.3419
      vertex 101.895 -54.5 16.1386
    endloop
  endfacet
  facet normal -0.96943 0 -0.245367
    outer loop
      vertex 106.158 -54.5 15.9292
      vertex 106.105 -47.5 16.1386
      vertex 106.158 -47.5 15.9292
    endloop
  endfacet
  facet normal -0.96943 -0 -0.245367
    outer loop
      vertex 106.105 -47.5 16.1386
      vertex 106.158 -54.5 15.9292
      vertex 106.105 -54.5 16.1386
    endloop
  endfacet
  facet normal -0.33757 0 -0.9413
    outer loop
      vertex 104.639 -54.5 17.6053
      vertex 104.842 -47.5 17.5325
      vertex 104.842 -54.5 17.5325
    endloop
  endfacet
  facet normal -0.33757 0 -0.9413
    outer loop
      vertex 104.842 -47.5 17.5325
      vertex 104.639 -54.5 17.6053
      vertex 104.639 -47.5 17.6053
    endloop
  endfacet
  facet normal -0.998701 0 -0.0509541
    outer loop
      vertex 106.2 -54.5 15.5
      vertex 106.189 -47.5 15.7156
      vertex 106.2 -47.5 15.5
    endloop
  endfacet
  facet normal -0.998701 -0 -0.0509541
    outer loop
      vertex 106.189 -47.5 15.7156
      vertex 106.2 -54.5 15.5
      vertex 106.189 -54.5 15.7156
    endloop
  endfacet
  facet normal -0.902775 0 -0.430113
    outer loop
      vertex 106.033 -54.5 16.3419
      vertex 105.94 -47.5 16.5371
      vertex 106.033 -47.5 16.3419
    endloop
  endfacet
  facet normal -0.902775 -0 -0.430113
    outer loop
      vertex 105.94 -47.5 16.5371
      vertex 106.033 -54.5 16.3419
      vertex 105.94 -54.5 16.5371
    endloop
  endfacet
  facet normal 0 -1 0
    outer loop
      vertex 103.784 -47.5 17.6894
      vertex 104.216 -47.5 17.6894
      vertex 104 -47.5 17.7
    endloop
  endfacet
  facet normal 0 -1 0
    outer loop
      vertex 103.571 -47.5 17.6577
      vertex 104.216 -47.5 17.6894
      vertex 103.784 -47.5 17.6894
    endloop
  endfacet
  facet normal 0 -1 0
    outer loop
      vertex 103.571 -47.5 17.6577
      vertex 104.429 -47.5 17.6577
      vertex 104.216 -47.5 17.6894
    endloop
  endfacet
  facet normal 0 -1 0
    outer loop
      vertex 103.361 -47.5 17.6053
      vertex 104.429 -47.5 17.6577
      vertex 103.571 -47.5 17.6577
    endloop
  endfacet
  facet normal 0 -1 0
    outer loop
      vertex 103.361 -47.5 17.6053
      vertex 104.639 -47.5 17.6053
      vertex 104.429 -47.5 17.6577
    endloop
  endfacet
  facet normal 0 -1 0
    outer loop
      vertex 103.158 -47.5 17.5325
      vertex 104.639 -47.5 17.6053
      vertex 103.361 -47.5 17.6053
    endloop
  endfacet
  facet normal 0 -1 0
    outer loop
      vertex 103.158 -47.5 17.5325
      vertex 104.842 -47.5 17.5325
      vertex 104.639 -47.5 17.6053
    endloop
  endfacet
  facet normal 0 -1 0
    outer loop
      vertex 102.963 -47.5 17.4402
      vertex 104.842 -47.5 17.5325
      vertex 103.158 -47.5 17.5325
    endloop
  endfacet
  facet normal 0 -1 0
    outer loop
      vertex 102.963 -47.5 17.4402
      vertex 105.037 -47.5 17.4402
      vertex 104.842 -47.5 17.5325
    endloop
  endfacet
  facet normal 0 -1 0
    outer loop
      vertex 102.778 -47.5 17.3292
      vertex 105.037 -47.5 17.4402
      vertex 102.963 -47.5 17.4402
    endloop
  endfacet
  facet normal 0 -1 0
    outer loop
      vertex 102.778 -47.5 17.3292
      vertex 105.222 -47.5 17.3292
      vertex 105.037 -47.5 17.4402
    endloop
  endfacet
  facet normal 0 -1 0
    outer loop
      vertex 102.604 -47.5 17.2006
      vertex 105.222 -47.5 17.3292
      vertex 102.778 -47.5 17.3292
    endloop
  endfacet
  facet normal 0 -1 0
    outer loop
      vertex 102.604 -47.5 17.2006
      vertex 105.396 -47.5 17.2006
      vertex 105.222 -47.5 17.3292
    endloop
  endfacet
  facet normal 0 -1 0
    outer loop
      vertex 102.444 -47.5 17.0556
      vertex 105.396 -47.5 17.2006
      vertex 102.604 -47.5 17.2006
    endloop
  endfacet
  facet normal 0 -1 0
    outer loop
      vertex 102.444 -47.5 17.0556
      vertex 105.556 -47.5 17.0556
      vertex 105.396 -47.5 17.2006
    endloop
  endfacet
  facet normal 0 -1 0
    outer loop
      vertex 102.299 -47.5 16.8957
      vertex 105.556 -47.5 17.0556
      vertex 102.444 -47.5 17.0556
    endloop
  endfacet
  facet normal 0 -1 0
    outer loop
      vertex 102.299 -47.5 16.8957
      vertex 105.701 -47.5 16.8957
      vertex 105.556 -47.5 17.0556
    endloop
  endfacet
  facet normal 0 -1 0
    outer loop
      vertex 102.171 -47.5 16.7223
      vertex 105.701 -47.5 16.8957
      vertex 102.299 -47.5 16.8957
    endloop
  endfacet
  facet normal 0 -1 0
    outer loop
      vertex 102.171 -47.5 16.7223
      vertex 105.829 -47.5 16.7223
      vertex 105.701 -47.5 16.8957
    endloop
  endfacet
  facet normal 0 -1 0
    outer loop
      vertex 102.06 -47.5 16.5371
      vertex 105.829 -47.5 16.7223
      vertex 102.171 -47.5 16.7223
    endloop
  endfacet
  facet normal 0 -1 0
    outer loop
      vertex 102.06 -47.5 16.5371
      vertex 105.94 -47.5 16.5371
      vertex 105.829 -47.5 16.7223
    endloop
  endfacet
  facet normal 0 -1 0
    outer loop
      vertex 101.967 -47.5 16.3419
      vertex 105.94 -47.5 16.5371
      vertex 102.06 -47.5 16.5371
    endloop
  endfacet
  facet normal 0 -1 0
    outer loop
      vertex 101.967 -47.5 16.3419
      vertex 106.033 -47.5 16.3419
      vertex 105.94 -47.5 16.5371
    endloop
  endfacet
  facet normal 0 -1 0
    outer loop
      vertex 101.895 -47.5 16.1386
      vertex 106.033 -47.5 16.3419
      vertex 101.967 -47.5 16.3419
    endloop
  endfacet
  facet normal 0 -1 0
    outer loop
      vertex 101.895 -47.5 16.1386
      vertex 106.105 -47.5 16.1386
      vertex 106.033 -47.5 16.3419
    endloop
  endfacet
  facet normal 0 -1 0
    outer loop
      vertex 101.842 -47.5 15.9292
      vertex 106.105 -47.5 16.1386
      vertex 101.895 -47.5 16.1386
    endloop
  endfacet
  facet normal 0 -1 0
    outer loop
      vertex 101.842 -47.5 15.9292
      vertex 106.158 -47.5 15.9292
      vertex 106.105 -47.5 16.1386
    endloop
  endfacet
  facet normal 0 -1 0
    outer loop
      vertex 101.811 -47.5 15.7156
      vertex 106.158 -47.5 15.9292
      vertex 101.842 -47.5 15.9292
    endloop
  endfacet
  facet normal 0 -1 0
    outer loop
      vertex 101.811 -47.5 15.7156
      vertex 106.189 -47.5 15.7156
      vertex 106.158 -47.5 15.9292
    endloop
  endfacet
  facet normal 0 -1 0
    outer loop
      vertex 101.8 -47.5 15.5
      vertex 106.189 -47.5 15.7156
      vertex 101.811 -47.5 15.7156
    endloop
  endfacet
  facet normal 0 -1 0
    outer loop
      vertex 101.8 -47.5 15.5
      vertex 106.2 -47.5 15.5
      vertex 106.189 -47.5 15.7156
    endloop
  endfacet
  facet normal 0 -1 0
    outer loop
      vertex 101.8 -47.5 1.5
      vertex 106.2 -47.5 15.5
      vertex 101.8 -47.5 15.5
    endloop
  endfacet
  facet normal 0 -1 -0
    outer loop
      vertex 106.2 -47.5 15.5
      vertex 101.8 -47.5 1.5
      vertex 106.2 -47.5 1.5
    endloop
  endfacet
  facet normal 0.514496 0 -0.857493
    outer loop
      vertex 102.778 -54.5 17.3292
      vertex 102.963 -47.5 17.4402
      vertex 102.963 -54.5 17.4402
    endloop
  endfacet
  facet normal 0.514496 0 -0.857493
    outer loop
      vertex 102.963 -47.5 17.4402
      vertex 102.778 -54.5 17.3292
      vertex 102.778 -47.5 17.3292
    endloop
  endfacet
  facet normal -0.147205 0 -0.989106
    outer loop
      vertex 104.216 -54.5 17.6894
      vertex 104.429 -47.5 17.6577
      vertex 104.429 -54.5 17.6577
    endloop
  endfacet
  facet normal -0.147205 0 -0.989106
    outer loop
      vertex 104.429 -47.5 17.6577
      vertex 104.216 -54.5 17.6894
      vertex 104.216 -47.5 17.6894
    endloop
  endfacet
  facet normal -0.857738 0 -0.514087
    outer loop
      vertex 105.94 -54.5 16.5371
      vertex 105.829 -47.5 16.7223
      vertex 105.94 -47.5 16.5371
    endloop
  endfacet
  facet normal -0.857738 -0 -0.514087
    outer loop
      vertex 105.829 -47.5 16.7223
      vertex 105.94 -54.5 16.5371
      vertex 105.829 -54.5 16.7223
    endloop
  endfacet
  facet normal 0.998701 0 -0.0509541
    outer loop
      vertex 101.811 -54.5 15.7156
      vertex 101.8 -47.5 15.5
      vertex 101.811 -47.5 15.7156
    endloop
  endfacet
  facet normal 0.998701 0 -0.0509541
    outer loop
      vertex 101.8 -47.5 15.5
      vertex 101.811 -54.5 15.7156
      vertex 101.8 -54.5 15.5
    endloop
  endfacet
  facet normal -0.94263 0 -0.333839
    outer loop
      vertex 106.105 -54.5 16.1386
      vertex 106.033 -47.5 16.3419
      vertex 106.105 -47.5 16.1386
    endloop
  endfacet
  facet normal -0.94263 -0 -0.333839
    outer loop
      vertex 106.033 -47.5 16.3419
      vertex 106.105 -54.5 16.1386
      vertex 106.033 -54.5 16.3419
    endloop
  endfacet
  facet normal 0.147205 0 -0.989106
    outer loop
      vertex 103.571 -54.5 17.6577
      vertex 103.784 -47.5 17.6894
      vertex 103.784 -54.5 17.6894
    endloop
  endfacet
  facet normal 0.147205 0 -0.989106
    outer loop
      vertex 103.784 -47.5 17.6894
      vertex 103.571 -54.5 17.6577
      vertex 103.571 -47.5 17.6577
    endloop
  endfacet
  facet normal -0.671519 0 -0.740987
    outer loop
      vertex 105.396 -54.5 17.2006
      vertex 105.556 -47.5 17.0556
      vertex 105.556 -54.5 17.0556
    endloop
  endfacet
  facet normal -0.671519 0 -0.740987
    outer loop
      vertex 105.556 -47.5 17.0556
      vertex 105.396 -54.5 17.2006
      vertex 105.396 -47.5 17.2006
    endloop
  endfacet
  facet normal 0.0490151 0 -0.998798
    outer loop
      vertex 103.784 -54.5 17.6894
      vertex 104 -47.5 17.7
      vertex 104 -54.5 17.7
    endloop
  endfacet
  facet normal 0.0490151 0 -0.998798
    outer loop
      vertex 104 -47.5 17.7
      vertex 103.784 -54.5 17.6894
      vertex 103.784 -47.5 17.6894
    endloop
  endfacet
  facet normal 0.671519 0 -0.740987
    outer loop
      vertex 102.444 -54.5 17.0556
      vertex 102.604 -47.5 17.2006
      vertex 102.604 -54.5 17.2006
    endloop
  endfacet
  facet normal 0.671519 0 -0.740987
    outer loop
      vertex 102.604 -47.5 17.2006
      vertex 102.444 -54.5 17.0556
      vertex 102.444 -47.5 17.0556
    endloop
  endfacet
  facet normal 0.96943 0 -0.245367
    outer loop
      vertex 101.895 -54.5 16.1386
      vertex 101.842 -47.5 15.9292
      vertex 101.895 -47.5 16.1386
    endloop
  endfacet
  facet normal 0.96943 0 -0.245367
    outer loop
      vertex 101.842 -47.5 15.9292
      vertex 101.895 -54.5 16.1386
      vertex 101.842 -54.5 15.9292
    endloop
  endfacet
  facet normal 0.427827 0 -0.90386
    outer loop
      vertex 102.963 -54.5 17.4402
      vertex 103.158 -47.5 17.5325
      vertex 103.158 -54.5 17.5325
    endloop
  endfacet
  facet normal 0.427827 0 -0.90386
    outer loop
      vertex 103.158 -47.5 17.5325
      vertex 102.963 -54.5 17.4402
      vertex 102.963 -47.5 17.4402
    endloop
  endfacet
  facet normal 0.740778 0 -0.67175
    outer loop
      vertex 102.444 -54.5 17.0556
      vertex 102.299 -47.5 16.8957
      vertex 102.444 -47.5 17.0556
    endloop
  endfacet
  facet normal 0.740778 0 -0.67175
    outer loop
      vertex 102.299 -47.5 16.8957
      vertex 102.444 -54.5 17.0556
      vertex 102.299 -54.5 16.8957
    endloop
  endfacet
  facet normal -0.427827 0 -0.90386
    outer loop
      vertex 104.842 -54.5 17.5325
      vertex 105.037 -47.5 17.4402
      vertex 105.037 -54.5 17.4402
    endloop
  endfacet
  facet normal -0.427827 0 -0.90386
    outer loop
      vertex 105.037 -47.5 17.4402
      vertex 104.842 -54.5 17.5325
      vertex 104.842 -47.5 17.5325
    endloop
  endfacet
  facet normal -0.0490151 0 -0.998798
    outer loop
      vertex 104 -54.5 17.7
      vertex 104.216 -47.5 17.6894
      vertex 104.216 -54.5 17.6894
    endloop
  endfacet
  facet normal -0.0490151 0 -0.998798
    outer loop
      vertex 104.216 -47.5 17.6894
      vertex 104 -54.5 17.7
      vertex 104 -47.5 17.7
    endloop
  endfacet
  facet normal 0.989632 0 -0.143626
    outer loop
      vertex 101.842 -54.5 15.9292
      vertex 101.811 -47.5 15.7156
      vertex 101.842 -47.5 15.9292
    endloop
  endfacet
  facet normal 0.989632 0 -0.143626
    outer loop
      vertex 101.811 -47.5 15.7156
      vertex 101.842 -54.5 15.9292
      vertex 101.811 -54.5 15.7156
    endloop
  endfacet
  facet normal -0.594365 0 -0.804195
    outer loop
      vertex 105.222 -54.5 17.3292
      vertex 105.396 -47.5 17.2006
      vertex 105.396 -54.5 17.2006
    endloop
  endfacet
  facet normal -0.594365 0 -0.804195
    outer loop
      vertex 105.396 -47.5 17.2006
      vertex 105.222 -54.5 17.3292
      vertex 105.222 -47.5 17.3292
    endloop
  endfacet
  facet normal 0.804542 0 -0.593895
    outer loop
      vertex 102.299 -54.5 16.8957
      vertex 102.171 -47.5 16.7223
      vertex 102.299 -47.5 16.8957
    endloop
  endfacet
  facet normal 0.804542 0 -0.593895
    outer loop
      vertex 102.171 -47.5 16.7223
      vertex 102.299 -54.5 16.8957
      vertex 102.171 -54.5 16.7223
    endloop
  endfacet
  facet normal -0.740778 0 -0.67175
    outer loop
      vertex 105.701 -54.5 16.8957
      vertex 105.556 -47.5 17.0556
      vertex 105.701 -47.5 16.8957
    endloop
  endfacet
  facet normal -0.740778 -0 -0.67175
    outer loop
      vertex 105.556 -47.5 17.0556
      vertex 105.701 -54.5 16.8957
      vertex 105.556 -54.5 17.0556
    endloop
  endfacet
  facet normal -1 0 0
    outer loop
      vertex 106.2 -47.5 1.5
      vertex 106.2 -54.5 3
      vertex 106.2 -47.5 15.5
    endloop
  endfacet
  facet normal -1 0 0
    outer loop
      vertex 106.2 -55.5 1.5
      vertex 106.2 -54.5 3
      vertex 106.2 -47.5 1.5
    endloop
  endfacet
  facet normal -1 -0 0
    outer loop
      vertex 106.2 -54.5 3
      vertex 106.2 -55.5 1.5
      vertex 106.2 -55.5 3
    endloop
  endfacet
  facet normal -1 -0 0
    outer loop
      vertex 106.2 -47.5 15.5
      vertex 106.2 -54.5 3
      vertex 106.2 -54.5 15.5
    endloop
  endfacet
  facet normal -0 0 1
    outer loop
      vertex 101.8 -47.5 1.5
      vertex 106.2 -55.5 1.5
      vertex 106.2 -47.5 1.5
    endloop
  endfacet
  facet normal 0 0 1
    outer loop
      vertex 106.2 -55.5 1.5
      vertex 101.8 -47.5 1.5
      vertex 101.8 -55.5 1.5
    endloop
  endfacet
  facet normal 1 0 0
    outer loop
      vertex 101.8 -54.5 3
      vertex 101.8 -47.5 15.5
      vertex 101.8 -54.5 15.5
    endloop
  endfacet
  facet normal 1 0 0
    outer loop
      vertex 101.8 -47.5 15.5
      vertex 101.8 -54.5 3
      vertex 101.8 -47.5 1.5
    endloop
  endfacet
  facet normal 1 0 0
    outer loop
      vertex 101.8 -55.5 1.5
      vertex 101.8 -54.5 3
      vertex 101.8 -55.5 3
    endloop
  endfacet
  facet normal 1 0 0
    outer loop
      vertex 101.8 -54.5 3
      vertex 101.8 -55.5 1.5
      vertex 101.8 -47.5 1.5
    endloop
  endfacet
  facet normal 0 1 -0
    outer loop
      vertex 106.2 -55.5 1.5
      vertex 101.8 -55.5 3
      vertex 106.2 -55.5 3
    endloop
  endfacet
  facet normal 0 1 0
    outer loop
      vertex 101.8 -55.5 3
      vertex 106.2 -55.5 1.5
      vertex 101.8 -55.5 1.5
    endloop
  endfacet
  facet normal -1 0 0
    outer loop
      vertex 110.2 54.5 10.3
      vertex 110.2 48.5 20
      vertex 110.2 54.5 20
    endloop
  endfacet
  facet normal -1 0 0
    outer loop
      vertex 110.2 47.5 10.3
      vertex 110.2 48.5 20
      vertex 110.2 54.5 10.3
    endloop
  endfacet
  facet normal -1 0 0
    outer loop
      vertex 110.2 47.5 20.7
      vertex 110.2 48.5 20
      vertex 110.2 47.5 10.3
    endloop
  endfacet
  facet normal -1 0 0
    outer loop
      vertex 110.2 48.5 20
      vertex 110.2 47.5 20.7
      vertex 110.2 48.5 20.7
    endloop
  endfacet
  facet normal 0 0 -1
    outer loop
      vertex 97.8 47.5 20.7
      vertex 110.2 48.5 20.7
      vertex 110.2 47.5 20.7
    endloop
  endfacet
  facet normal -0 0 -1
    outer loop
      vertex 110.2 48.5 20.7
      vertex 97.8 47.5 20.7
      vertex 97.8 48.5 20.7
    endloop
  endfacet
  facet normal -0 0 1
    outer loop
      vertex 97.8 54.5 10.3
      vertex 110.2 47.5 10.3
      vertex 110.2 54.5 10.3
    endloop
  endfacet
  facet normal 0 0 1
    outer loop
      vertex 110.2 47.5 10.3
      vertex 97.8 54.5 10.3
      vertex 97.8 47.5 10.3
    endloop
  endfacet
  facet normal 1 0 0
    outer loop
      vertex 97.8 48.5 20.7
      vertex 97.8 47.5 20.7
      vertex 97.8 48.5 20
    endloop
  endfacet
  facet normal 1 -0 0
    outer loop
      vertex 97.8 48.5 20
      vertex 97.8 54.5 10.3
      vertex 97.8 54.5 20
    endloop
  endfacet
  facet normal 1 0 0
    outer loop
      vertex 97.8 47.5 10.3
      vertex 97.8 48.5 20
      vertex 97.8 47.5 20.7
    endloop
  endfacet
  facet normal 1 0 0
    outer loop
      vertex 97.8 48.5 20
      vertex 97.8 47.5 10.3
      vertex 97.8 54.5 10.3
    endloop
  endfacet
  facet normal 0 1 -0
    outer loop
      vertex 110.2 47.5 10.3
      vertex 97.8 47.5 20.7
      vertex 110.2 47.5 20.7
    endloop
  endfacet
  facet normal 0 1 0
    outer loop
      vertex 97.8 47.5 20.7
      vertex 110.2 47.5 10.3
      vertex 97.8 47.5 10.3
    endloop
  endfacet
  facet normal -0.988729 0 0.149717
    outer loop
      vertex 117.667 47.5 32.6683
      vertex 117.692 48.5 32.8334
      vertex 117.667 48.5 32.6683
    endloop
  endfacet
  facet normal -0.988729 0 0.149717
    outer loop
      vertex 117.692 48.5 32.8334
      vertex 117.667 47.5 32.6683
      vertex 117.692 47.5 32.8334
    endloop
  endfacet
  facet normal -0.988729 0 0.149717
    outer loop
      vertex 117.667 49 32.6683
      vertex 117.692 55 32.8334
      vertex 117.667 55 32.6683
    endloop
  endfacet
  facet normal -0.988729 0 0.149717
    outer loop
      vertex 117.692 55 32.8334
      vertex 117.667 49 32.6683
      vertex 117.692 49 32.8334
    endloop
  endfacet
  facet normal -0.998849 0 0.0479639
    outer loop
      vertex 117.692 47.5 32.8334
      vertex 117.7 48.5 33
      vertex 117.692 48.5 32.8334
    endloop
  endfacet
  facet normal -0.998849 0 0.0479639
    outer loop
      vertex 117.7 48.5 33
      vertex 117.692 47.5 32.8334
      vertex 117.7 47.5 33
    endloop
  endfacet
  facet normal -0.998849 0 0.0479639
    outer loop
      vertex 117.692 49 32.8334
      vertex 117.7 55 33
      vertex 117.692 55 32.8334
    endloop
  endfacet
  facet normal -0.998849 0 0.0479639
    outer loop
      vertex 117.7 55 33
      vertex 117.692 49 32.8334
      vertex 117.7 49 33
    endloop
  endfacet
  facet normal -0.970774 0 0.239994
    outer loop
      vertex 117.627 47.5 32.5065
      vertex 117.667 48.5 32.6683
      vertex 117.627 48.5 32.5065
    endloop
  endfacet
  facet normal -0.970774 0 0.239994
    outer loop
      vertex 117.667 48.5 32.6683
      vertex 117.627 47.5 32.5065
      vertex 117.667 47.5 32.6683
    endloop
  endfacet
  facet normal -0.970774 0 0.239994
    outer loop
      vertex 117.627 49 32.5065
      vertex 117.667 55 32.6683
      vertex 117.627 55 32.5065
    endloop
  endfacet
  facet normal -0.970774 0 0.239994
    outer loop
      vertex 117.667 55 32.6683
      vertex 117.627 49 32.5065
      vertex 117.667 49 32.6683
    endloop
  endfacet
  facet normal -0.429302 0 -0.903161
    outer loop
      vertex 116.651 47.5 34.5706
      vertex 116.801 48.5 34.4993
      vertex 116.801 47.5 34.4993
    endloop
  endfacet
  facet normal -0.429302 0 -0.903161
    outer loop
      vertex 116.801 48.5 34.4993
      vertex 116.651 47.5 34.5706
      vertex 116.651 48.5 34.5706
    endloop
  endfacet
  facet normal -0.429302 0 -0.903161
    outer loop
      vertex 116.651 49 34.5706
      vertex 116.801 55 34.4993
      vertex 116.801 49 34.4993
    endloop
  endfacet
  facet normal -0.429302 0 -0.903161
    outer loop
      vertex 116.801 55 34.4993
      vertex 116.651 49 34.5706
      vertex 116.651 55 34.5706
    endloop
  endfacet
  facet normal 0.0490427 0 0.998797
    outer loop
      vertex 115.833 48.5 31.3082
      vertex 116 47.5 31.3
      vertex 116 48.5 31.3
    endloop
  endfacet
  facet normal 0.0490427 0 0.998797
    outer loop
      vertex 116 47.5 31.3
      vertex 115.833 48.5 31.3082
      vertex 115.833 47.5 31.3082
    endloop
  endfacet
  facet normal 0.0490427 0 0.998797
    outer loop
      vertex 115.833 55 31.3082
      vertex 116 49 31.3
      vertex 116 55 31.3
    endloop
  endfacet
  facet normal 0.0490427 0 0.998797
    outer loop
      vertex 116 49 31.3
      vertex 115.833 55 31.3082
      vertex 115.833 49 31.3082
    endloop
  endfacet
  facet normal 0.429302 0 0.903161
    outer loop
      vertex 115.199 48.5 31.5007
      vertex 115.349 47.5 31.4294
      vertex 115.349 48.5 31.4294
    endloop
  endfacet
  facet normal 0.429302 0 0.903161
    outer loop
      vertex 115.349 47.5 31.4294
      vertex 115.199 48.5 31.5007
      vertex 115.199 47.5 31.5007
    endloop
  endfacet
  facet normal 0.429302 0 0.903161
    outer loop
      vertex 115.199 55 31.5007
      vertex 115.349 49 31.4294
      vertex 115.349 55 31.4294
    endloop
  endfacet
  facet normal 0.429302 0 0.903161
    outer loop
      vertex 115.349 49 31.4294
      vertex 115.199 55 31.5007
      vertex 115.199 49 31.5007
    endloop
  endfacet
  facet normal -0.741024 0 0.671478
    outer loop
      vertex 117.202 47.5 31.7979
      vertex 117.314 48.5 31.9215
      vertex 117.202 48.5 31.7979
    endloop
  endfacet
  facet normal -0.741024 0 0.671478
    outer loop
      vertex 117.314 48.5 31.9215
      vertex 117.202 47.5 31.7979
      vertex 117.314 47.5 31.9215
    endloop
  endfacet
  facet normal -0.741024 0 0.671478
    outer loop
      vertex 117.202 49 31.7979
      vertex 117.314 55 31.9215
      vertex 117.202 55 31.7979
    endloop
  endfacet
  facet normal -0.741024 0 0.671478
    outer loop
      vertex 117.314 55 31.9215
      vertex 117.202 49 31.7979
      vertex 117.314 49 31.9215
    endloop
  endfacet
  facet normal 0.146875 0 -0.989155
    outer loop
      vertex 115.668 47.5 34.6673
      vertex 115.833 48.5 34.6918
      vertex 115.833 47.5 34.6918
    endloop
  endfacet
  facet normal 0.146875 0 -0.989155
    outer loop
      vertex 115.833 48.5 34.6918
      vertex 115.668 47.5 34.6673
      vertex 115.668 48.5 34.6673
    endloop
  endfacet
  facet normal 0.146875 0 -0.989155
    outer loop
      vertex 115.668 49 34.6673
      vertex 115.833 55 34.6918
      vertex 115.833 49 34.6918
    endloop
  endfacet
  facet normal 0.146875 0 -0.989155
    outer loop
      vertex 115.833 55 34.6918
      vertex 115.668 49 34.6673
      vertex 115.668 55 34.6673
    endloop
  endfacet
  facet normal -0.429302 0 0.903161
    outer loop
      vertex 116.651 48.5 31.4294
      vertex 116.801 47.5 31.5007
      vertex 116.801 48.5 31.5007
    endloop
  endfacet
  facet normal -0.429302 0 0.903161
    outer loop
      vertex 116.801 47.5 31.5007
      vertex 116.651 48.5 31.4294
      vertex 116.651 47.5 31.4294
    endloop
  endfacet
  facet normal -0.429302 0 0.903161
    outer loop
      vertex 116.651 55 31.4294
      vertex 116.801 49 31.5007
      vertex 116.801 55 31.5007
    endloop
  endfacet
  facet normal -0.429302 0 0.903161
    outer loop
      vertex 116.801 49 31.5007
      vertex 116.651 55 31.4294
      vertex 116.651 49 31.4294
    endloop
  endfacet
  facet normal 0.146875 0 0.989155
    outer loop
      vertex 115.668 48.5 31.3327
      vertex 115.833 47.5 31.3082
      vertex 115.833 48.5 31.3082
    endloop
  endfacet
  facet normal 0.146875 0 0.989155
    outer loop
      vertex 115.833 47.5 31.3082
      vertex 115.668 48.5 31.3327
      vertex 115.668 47.5 31.3327
    endloop
  endfacet
  facet normal 0.146875 0 0.989155
    outer loop
      vertex 115.668 55 31.3327
      vertex 115.833 49 31.3082
      vertex 115.833 55 31.3082
    endloop
  endfacet
  facet normal 0.146875 0 0.989155
    outer loop
      vertex 115.833 49 31.3082
      vertex 115.668 55 31.3327
      vertex 115.668 49 31.3327
    endloop
  endfacet
  facet normal -0.243953 0 -0.969787
    outer loop
      vertex 116.332 47.5 34.6673
      vertex 116.493 48.5 34.6268
      vertex 116.493 47.5 34.6268
    endloop
  endfacet
  facet normal -0.243953 0 -0.969787
    outer loop
      vertex 116.493 48.5 34.6268
      vertex 116.332 47.5 34.6673
      vertex 116.332 48.5 34.6673
    endloop
  endfacet
  facet normal -0.243953 0 -0.969787
    outer loop
      vertex 116.332 49 34.6673
      vertex 116.493 55 34.6268
      vertex 116.493 49 34.6268
    endloop
  endfacet
  facet normal -0.243953 0 -0.969787
    outer loop
      vertex 116.493 55 34.6268
      vertex 116.332 49 34.6673
      vertex 116.332 55 34.6673
    endloop
  endfacet
  facet normal 0.595772 0 0.803154
    outer loop
      vertex 114.922 48.5 31.6859
      vertex 115.056 47.5 31.5865
      vertex 115.056 48.5 31.5865
    endloop
  endfacet
  facet normal 0.595772 0 0.803154
    outer loop
      vertex 115.056 47.5 31.5865
      vertex 114.922 48.5 31.6859
      vertex 114.922 47.5 31.6859
    endloop
  endfacet
  facet normal 0.595772 0 0.803154
    outer loop
      vertex 114.922 55 31.6859
      vertex 115.056 49 31.5865
      vertex 115.056 55 31.5865
    endloop
  endfacet
  facet normal 0.595772 0 0.803154
    outer loop
      vertex 115.056 49 31.5865
      vertex 114.922 55 31.6859
      vertex 114.922 49 31.6859
    endloop
  endfacet
  facet normal 0.902418 -0 0.430863
    outer loop
      vertex 114.429 47.5 32.3494
      vertex 114.501 48.5 32.1986
      vertex 114.429 48.5 32.3494
    endloop
  endfacet
  facet normal 0.902418 0 0.430863
    outer loop
      vertex 114.501 48.5 32.1986
      vertex 114.429 47.5 32.3494
      vertex 114.501 47.5 32.1986
    endloop
  endfacet
  facet normal 0.902418 -0 0.430863
    outer loop
      vertex 114.429 49 32.3494
      vertex 114.501 55 32.1986
      vertex 114.429 55 32.3494
    endloop
  endfacet
  facet normal 0.902418 0 0.430863
    outer loop
      vertex 114.501 55 32.1986
      vertex 114.429 49 32.3494
      vertex 114.501 49 32.1986
    endloop
  endfacet
  facet normal 0.429302 0 -0.903161
    outer loop
      vertex 115.199 47.5 34.4993
      vertex 115.349 48.5 34.5706
      vertex 115.349 47.5 34.5706
    endloop
  endfacet
  facet normal 0.429302 0 -0.903161
    outer loop
      vertex 115.349 48.5 34.5706
      vertex 115.199 47.5 34.4993
      vertex 115.199 48.5 34.4993
    endloop
  endfacet
  facet normal 0.429302 0 -0.903161
    outer loop
      vertex 115.199 49 34.4993
      vertex 115.349 55 34.5706
      vertex 115.349 49 34.5706
    endloop
  endfacet
  facet normal 0.429302 0 -0.903161
    outer loop
      vertex 115.349 55 34.5706
      vertex 115.199 49 34.4993
      vertex 115.199 55 34.4993
    endloop
  endfacet
  facet normal -0.335127 0 -0.942173
    outer loop
      vertex 116.493 47.5 34.6268
      vertex 116.651 48.5 34.5706
      vertex 116.651 47.5 34.5706
    endloop
  endfacet
  facet normal -0.335127 0 -0.942173
    outer loop
      vertex 116.651 48.5 34.5706
      vertex 116.493 47.5 34.6268
      vertex 116.493 48.5 34.6268
    endloop
  endfacet
  facet normal -0.335127 0 -0.942173
    outer loop
      vertex 116.493 49 34.6268
      vertex 116.651 55 34.5706
      vertex 116.651 49 34.5706
    endloop
  endfacet
  facet normal -0.335127 0 -0.942173
    outer loop
      vertex 116.651 55 34.5706
      vertex 116.493 49 34.6268
      vertex 116.493 55 34.6268
    endloop
  endfacet
  facet normal 0.595772 0 -0.803154
    outer loop
      vertex 114.922 47.5 34.3141
      vertex 115.056 48.5 34.4135
      vertex 115.056 47.5 34.4135
    endloop
  endfacet
  facet normal 0.595772 0 -0.803154
    outer loop
      vertex 115.056 48.5 34.4135
      vertex 114.922 47.5 34.3141
      vertex 114.922 48.5 34.3141
    endloop
  endfacet
  facet normal 0.595772 0 -0.803154
    outer loop
      vertex 114.922 49 34.3141
      vertex 115.056 55 34.4135
      vertex 115.056 49 34.4135
    endloop
  endfacet
  facet normal 0.595772 0 -0.803154
    outer loop
      vertex 115.056 55 34.4135
      vertex 114.922 49 34.3141
      vertex 114.922 55 34.3141
    endloop
  endfacet
  facet normal 0.902418 0 -0.430863
    outer loop
      vertex 114.501 47.5 33.8014
      vertex 114.429 48.5 33.6506
      vertex 114.501 48.5 33.8014
    endloop
  endfacet
  facet normal 0.902418 0 -0.430863
    outer loop
      vertex 114.429 48.5 33.6506
      vertex 114.501 47.5 33.8014
      vertex 114.429 47.5 33.6506
    endloop
  endfacet
  facet normal 0.902418 0 -0.430863
    outer loop
      vertex 114.501 49 33.8014
      vertex 114.429 55 33.6506
      vertex 114.501 55 33.8014
    endloop
  endfacet
  facet normal 0.902418 0 -0.430863
    outer loop
      vertex 114.429 55 33.6506
      vertex 114.501 49 33.8014
      vertex 114.429 49 33.6506
    endloop
  endfacet
  facet normal -0.514496 0 0.857493
    outer loop
      vertex 116.801 48.5 31.5007
      vertex 116.944 47.5 31.5865
      vertex 116.944 48.5 31.5865
    endloop
  endfacet
  facet normal -0.514496 0 0.857493
    outer loop
      vertex 116.944 47.5 31.5865
      vertex 116.801 48.5 31.5007
      vertex 116.801 47.5 31.5007
    endloop
  endfacet
  facet normal -0.514496 0 0.857493
    outer loop
      vertex 116.801 55 31.5007
      vertex 116.944 49 31.5865
      vertex 116.944 55 31.5865
    endloop
  endfacet
  facet normal -0.514496 0 0.857493
    outer loop
      vertex 116.944 49 31.5865
      vertex 116.801 55 31.5007
      vertex 116.801 49 31.5007
    endloop
  endfacet
  facet normal -0.595772 0 -0.803154
    outer loop
      vertex 116.944 47.5 34.4135
      vertex 117.078 48.5 34.3141
      vertex 117.078 47.5 34.3141
    endloop
  endfacet
  facet normal -0.595772 0 -0.803154
    outer loop
      vertex 117.078 48.5 34.3141
      vertex 116.944 47.5 34.4135
      vertex 116.944 48.5 34.4135
    endloop
  endfacet
  facet normal -0.595772 0 -0.803154
    outer loop
      vertex 116.944 49 34.4135
      vertex 117.078 55 34.3141
      vertex 117.078 49 34.3141
    endloop
  endfacet
  facet normal -0.595772 0 -0.803154
    outer loop
      vertex 117.078 55 34.3141
      vertex 116.944 49 34.4135
      vertex 116.944 55 34.4135
    endloop
  endfacet
  facet normal 0.998849 0 -0.0479639
    outer loop
      vertex 114.308 47.5 33.1666
      vertex 114.3 48.5 33
      vertex 114.308 48.5 33.1666
    endloop
  endfacet
  facet normal 0.998849 0 -0.0479639
    outer loop
      vertex 114.3 48.5 33
      vertex 114.308 47.5 33.1666
      vertex 114.3 47.5 33
    endloop
  endfacet
  facet normal 0.998849 0 -0.0479639
    outer loop
      vertex 114.308 49 33.1666
      vertex 114.3 55 33
      vertex 114.308 55 33.1666
    endloop
  endfacet
  facet normal 0.998849 0 -0.0479639
    outer loop
      vertex 114.3 55 33
      vertex 114.308 49 33.1666
      vertex 114.3 49 33
    endloop
  endfacet
  facet normal 0.335127 0 -0.942173
    outer loop
      vertex 115.349 47.5 34.5706
      vertex 115.507 48.5 34.6268
      vertex 115.507 47.5 34.6268
    endloop
  endfacet
  facet normal 0.335127 0 -0.942173
    outer loop
      vertex 115.507 48.5 34.6268
      vertex 115.349 47.5 34.5706
      vertex 115.349 48.5 34.5706
    endloop
  endfacet
  facet normal 0.335127 0 -0.942173
    outer loop
      vertex 115.349 49 34.5706
      vertex 115.507 55 34.6268
      vertex 115.507 49 34.6268
    endloop
  endfacet
  facet normal 0.335127 0 -0.942173
    outer loop
      vertex 115.507 55 34.6268
      vertex 115.349 49 34.5706
      vertex 115.349 55 34.5706
    endloop
  endfacet
  facet normal -0.595772 0 0.803154
    outer loop
      vertex 116.944 48.5 31.5865
      vertex 117.078 47.5 31.6859
      vertex 117.078 48.5 31.6859
    endloop
  endfacet
  facet normal -0.595772 0 0.803154
    outer loop
      vertex 117.078 47.5 31.6859
      vertex 116.944 48.5 31.5865
      vertex 116.944 47.5 31.5865
    endloop
  endfacet
  facet normal -0.595772 0 0.803154
    outer loop
      vertex 116.944 55 31.5865
      vertex 117.078 49 31.6859
      vertex 117.078 55 31.6859
    endloop
  endfacet
  facet normal -0.595772 0 0.803154
    outer loop
      vertex 117.078 49 31.6859
      vertex 116.944 55 31.5865
      vertex 116.944 49 31.5865
    endloop
  endfacet
  facet normal -0.970774 0 -0.239994
    outer loop
      vertex 117.667 47.5 33.3317
      vertex 117.627 48.5 33.4935
      vertex 117.667 48.5 33.3317
    endloop
  endfacet
  facet normal -0.970774 -0 -0.239994
    outer loop
      vertex 117.627 48.5 33.4935
      vertex 117.667 47.5 33.3317
      vertex 117.627 47.5 33.4935
    endloop
  endfacet
  facet normal -0.970774 0 -0.239994
    outer loop
      vertex 117.667 49 33.3317
      vertex 117.627 55 33.4935
      vertex 117.667 55 33.3317
    endloop
  endfacet
  facet normal -0.970774 -0 -0.239994
    outer loop
      vertex 117.627 55 33.4935
      vertex 117.667 49 33.3317
      vertex 117.627 49 33.4935
    endloop
  endfacet
  facet normal 0.941945 0 -0.335767
    outer loop
      vertex 114.429 47.5 33.6506
      vertex 114.373 48.5 33.4935
      vertex 114.429 48.5 33.6506
    endloop
  endfacet
  facet normal 0.941945 0 -0.335767
    outer loop
      vertex 114.373 48.5 33.4935
      vertex 114.429 47.5 33.6506
      vertex 114.373 47.5 33.4935
    endloop
  endfacet
  facet normal 0.941945 0 -0.335767
    outer loop
      vertex 114.429 49 33.6506
      vertex 114.373 55 33.4935
      vertex 114.429 55 33.6506
    endloop
  endfacet
  facet normal 0.941945 0 -0.335767
    outer loop
      vertex 114.373 55 33.4935
      vertex 114.429 49 33.6506
      vertex 114.373 49 33.4935
    endloop
  endfacet
  facet normal -0.243953 0 0.969787
    outer loop
      vertex 116.332 48.5 31.3327
      vertex 116.493 47.5 31.3732
      vertex 116.493 48.5 31.3732
    endloop
  endfacet
  facet normal -0.243953 0 0.969787
    outer loop
      vertex 116.493 47.5 31.3732
      vertex 116.332 48.5 31.3327
      vertex 116.332 47.5 31.3327
    endloop
  endfacet
  facet normal -0.243953 0 0.969787
    outer loop
      vertex 116.332 55 31.3327
      vertex 116.493 49 31.3732
      vertex 116.493 55 31.3732
    endloop
  endfacet
  facet normal -0.243953 0 0.969787
    outer loop
      vertex 116.493 49 31.3732
      vertex 116.332 55 31.3327
      vertex 116.332 49 31.3327
    endloop
  endfacet
  facet normal 0.741024 -0 0.671478
    outer loop
      vertex 114.686 47.5 31.9215
      vertex 114.798 48.5 31.7979
      vertex 114.686 48.5 31.9215
    endloop
  endfacet
  facet normal 0.741024 0 0.671478
    outer loop
      vertex 114.798 48.5 31.7979
      vertex 114.686 47.5 31.9215
      vertex 114.798 47.5 31.7979
    endloop
  endfacet
  facet normal 0.741024 -0 0.671478
    outer loop
      vertex 114.686 49 31.9215
      vertex 114.798 55 31.7979
      vertex 114.686 55 31.9215
    endloop
  endfacet
  facet normal 0.741024 0 0.671478
    outer loop
      vertex 114.798 55 31.7979
      vertex 114.686 49 31.9215
      vertex 114.798 49 31.7979
    endloop
  endfacet
  facet normal -0.0490427 0 -0.998797
    outer loop
      vertex 116 47.5 34.7
      vertex 116.167 48.5 34.6918
      vertex 116.167 47.5 34.6918
    endloop
  endfacet
  facet normal -0.0490427 0 -0.998797
    outer loop
      vertex 116.167 48.5 34.6918
      vertex 116 47.5 34.7
      vertex 116 48.5 34.7
    endloop
  endfacet
  facet normal -0.0490427 0 -0.998797
    outer loop
      vertex 116 49 34.7
      vertex 116.167 55 34.6918
      vertex 116.167 49 34.6918
    endloop
  endfacet
  facet normal -0.0490427 0 -0.998797
    outer loop
      vertex 116.167 55 34.6918
      vertex 116 49 34.7
      vertex 116 55 34.7
    endloop
  endfacet
  facet normal -0.804301 0 0.594222
    outer loop
      vertex 117.314 47.5 31.9215
      vertex 117.413 48.5 32.0555
      vertex 117.314 48.5 31.9215
    endloop
  endfacet
  facet normal -0.804301 0 0.594222
    outer loop
      vertex 117.413 48.5 32.0555
      vertex 117.314 47.5 31.9215
      vertex 117.413 47.5 32.0555
    endloop
  endfacet
  facet normal -0.804301 0 0.594222
    outer loop
      vertex 117.314 49 31.9215
      vertex 117.413 55 32.0555
      vertex 117.314 55 31.9215
    endloop
  endfacet
  facet normal -0.804301 0 0.594222
    outer loop
      vertex 117.413 55 32.0555
      vertex 117.314 49 31.9215
      vertex 117.413 49 32.0555
    endloop
  endfacet
  facet normal 0.970774 0 -0.239994
    outer loop
      vertex 114.373 47.5 33.4935
      vertex 114.333 48.5 33.3317
      vertex 114.373 48.5 33.4935
    endloop
  endfacet
  facet normal 0.970774 0 -0.239994
    outer loop
      vertex 114.333 48.5 33.3317
      vertex 114.373 47.5 33.4935
      vertex 114.333 47.5 33.3317
    endloop
  endfacet
  facet normal 0.970774 0 -0.239994
    outer loop
      vertex 114.373 49 33.4935
      vertex 114.333 55 33.3317
      vertex 114.373 55 33.4935
    endloop
  endfacet
  facet normal 0.970774 0 -0.239994
    outer loop
      vertex 114.333 55 33.3317
      vertex 114.373 49 33.4935
      vertex 114.333 49 33.3317
    endloop
  endfacet
  facet normal -0.988729 0 -0.149717
    outer loop
      vertex 117.692 47.5 33.1666
      vertex 117.667 48.5 33.3317
      vertex 117.692 48.5 33.1666
    endloop
  endfacet
  facet normal -0.988729 -0 -0.149717
    outer loop
      vertex 117.667 48.5 33.3317
      vertex 117.692 47.5 33.1666
      vertex 117.667 47.5 33.3317
    endloop
  endfacet
  facet normal -0.988729 0 -0.149717
    outer loop
      vertex 117.692 49 33.1666
      vertex 117.667 55 33.3317
      vertex 117.692 55 33.1666
    endloop
  endfacet
  facet normal -0.988729 -0 -0.149717
    outer loop
      vertex 117.667 55 33.3317
      vertex 117.692 49 33.1666
      vertex 117.667 49 33.3317
    endloop
  endfacet
  facet normal -0.514496 0 -0.857493
    outer loop
      vertex 116.801 47.5 34.4993
      vertex 116.944 48.5 34.4135
      vertex 116.944 47.5 34.4135
    endloop
  endfacet
  facet normal -0.514496 0 -0.857493
    outer loop
      vertex 116.944 48.5 34.4135
      vertex 116.801 47.5 34.4993
      vertex 116.801 48.5 34.4993
    endloop
  endfacet
  facet normal -0.514496 0 -0.857493
    outer loop
      vertex 116.801 49 34.4993
      vertex 116.944 55 34.4135
      vertex 116.944 49 34.4135
    endloop
  endfacet
  facet normal -0.514496 0 -0.857493
    outer loop
      vertex 116.944 55 34.4135
      vertex 116.801 49 34.4993
      vertex 116.801 55 34.4993
    endloop
  endfacet
  facet normal 0.941945 -0 0.335767
    outer loop
      vertex 114.373 47.5 32.5065
      vertex 114.429 48.5 32.3494
      vertex 114.373 48.5 32.5065
    endloop
  endfacet
  facet normal 0.941945 0 0.335767
    outer loop
      vertex 114.429 48.5 32.3494
      vertex 114.373 47.5 32.5065
      vertex 114.429 47.5 32.3494
    endloop
  endfacet
  facet normal 0.941945 -0 0.335767
    outer loop
      vertex 114.373 49 32.5065
      vertex 114.429 55 32.3494
      vertex 114.373 55 32.5065
    endloop
  endfacet
  facet normal 0.941945 0 0.335767
    outer loop
      vertex 114.429 55 32.3494
      vertex 114.373 49 32.5065
      vertex 114.429 49 32.3494
    endloop
  endfacet
  facet normal -0.670286 0 0.742103
    outer loop
      vertex 117.078 48.5 31.6859
      vertex 117.202 47.5 31.7979
      vertex 117.202 48.5 31.7979
    endloop
  endfacet
  facet normal -0.670286 0 0.742103
    outer loop
      vertex 117.202 47.5 31.7979
      vertex 117.078 48.5 31.6859
      vertex 117.078 47.5 31.6859
    endloop
  endfacet
  facet normal -0.670286 0 0.742103
    outer loop
      vertex 117.078 55 31.6859
      vertex 117.202 49 31.7979
      vertex 117.202 55 31.7979
    endloop
  endfacet
  facet normal -0.670286 0 0.742103
    outer loop
      vertex 117.202 49 31.7979
      vertex 117.078 55 31.6859
      vertex 117.078 49 31.6859
    endloop
  endfacet
  facet normal 0.988729 -0 0.149717
    outer loop
      vertex 114.308 47.5 32.8334
      vertex 114.333 48.5 32.6683
      vertex 114.308 48.5 32.8334
    endloop
  endfacet
  facet normal 0.988729 0 0.149717
    outer loop
      vertex 114.333 48.5 32.6683
      vertex 114.308 47.5 32.8334
      vertex 114.333 47.5 32.6683
    endloop
  endfacet
  facet normal 0.988729 -0 0.149717
    outer loop
      vertex 114.308 49 32.8334
      vertex 114.333 55 32.6683
      vertex 114.308 55 32.8334
    endloop
  endfacet
  facet normal 0.988729 0 0.149717
    outer loop
      vertex 114.333 55 32.6683
      vertex 114.308 49 32.8334
      vertex 114.333 49 32.6683
    endloop
  endfacet
  facet normal -0.902418 0 -0.430863
    outer loop
      vertex 117.571 47.5 33.6506
      vertex 117.499 48.5 33.8014
      vertex 117.571 48.5 33.6506
    endloop
  endfacet
  facet normal -0.902418 -0 -0.430863
    outer loop
      vertex 117.499 48.5 33.8014
      vertex 117.571 47.5 33.6506
      vertex 117.499 47.5 33.8014
    endloop
  endfacet
  facet normal -0.902418 0 -0.430863
    outer loop
      vertex 117.571 49 33.6506
      vertex 117.499 55 33.8014
      vertex 117.571 55 33.6506
    endloop
  endfacet
  facet normal -0.902418 -0 -0.430863
    outer loop
      vertex 117.499 55 33.8014
      vertex 117.571 49 33.6506
      vertex 117.499 49 33.8014
    endloop
  endfacet
  facet normal -0.998849 0 -0.0479639
    outer loop
      vertex 117.7 47.5 33
      vertex 117.692 48.5 33.1666
      vertex 117.7 48.5 33
    endloop
  endfacet
  facet normal -0.998849 -0 -0.0479639
    outer loop
      vertex 117.692 48.5 33.1666
      vertex 117.7 47.5 33
      vertex 117.692 47.5 33.1666
    endloop
  endfacet
  facet normal -0.998849 0 -0.0479639
    outer loop
      vertex 117.7 49 33
      vertex 117.692 55 33.1666
      vertex 117.7 55 33
    endloop
  endfacet
  facet normal -0.998849 -0 -0.0479639
    outer loop
      vertex 117.692 55 33.1666
      vertex 117.7 49 33
      vertex 117.692 49 33.1666
    endloop
  endfacet
  facet normal 0 1 0
    outer loop
      vertex 116.167 47.5 34.6918
      vertex 115.833 47.5 34.6918
      vertex 116 47.5 34.7
    endloop
  endfacet
  facet normal 0 1 0
    outer loop
      vertex 116.332 47.5 34.6673
      vertex 115.833 47.5 34.6918
      vertex 116.167 47.5 34.6918
    endloop
  endfacet
  facet normal 0 1 0
    outer loop
      vertex 116.332 47.5 34.6673
      vertex 115.668 47.5 34.6673
      vertex 115.833 47.5 34.6918
    endloop
  endfacet
  facet normal 0 1 0
    outer loop
      vertex 116.493 47.5 34.6268
      vertex 115.668 47.5 34.6673
      vertex 116.332 47.5 34.6673
    endloop
  endfacet
  facet normal 0 1 0
    outer loop
      vertex 116.493 47.5 34.6268
      vertex 115.507 47.5 34.6268
      vertex 115.668 47.5 34.6673
    endloop
  endfacet
  facet normal 0 1 0
    outer loop
      vertex 116.651 47.5 34.5706
      vertex 115.507 47.5 34.6268
      vertex 116.493 47.5 34.6268
    endloop
  endfacet
  facet normal 0 1 0
    outer loop
      vertex 116.651 47.5 34.5706
      vertex 115.349 47.5 34.5706
      vertex 115.507 47.5 34.6268
    endloop
  endfacet
  facet normal 0 1 0
    outer loop
      vertex 116.801 47.5 34.4993
      vertex 115.349 47.5 34.5706
      vertex 116.651 47.5 34.5706
    endloop
  endfacet
  facet normal 0 1 0
    outer loop
      vertex 116.801 47.5 34.4993
      vertex 115.199 47.5 34.4993
      vertex 115.349 47.5 34.5706
    endloop
  endfacet
  facet normal 0 1 0
    outer loop
      vertex 116.944 47.5 34.4135
      vertex 115.199 47.5 34.4993
      vertex 116.801 47.5 34.4993
    endloop
  endfacet
  facet normal 0 1 0
    outer loop
      vertex 116.944 47.5 34.4135
      vertex 115.056 47.5 34.4135
      vertex 115.199 47.5 34.4993
    endloop
  endfacet
  facet normal 0 1 0
    outer loop
      vertex 117.078 47.5 34.3141
      vertex 115.056 47.5 34.4135
      vertex 116.944 47.5 34.4135
    endloop
  endfacet
  facet normal 0 1 0
    outer loop
      vertex 117.078 47.5 34.3141
      vertex 114.922 47.5 34.3141
      vertex 115.056 47.5 34.4135
    endloop
  endfacet
  facet normal 0 1 0
    outer loop
      vertex 117.202 47.5 34.2021
      vertex 114.922 47.5 34.3141
      vertex 117.078 47.5 34.3141
    endloop
  endfacet
  facet normal 0 1 0
    outer loop
      vertex 117.202 47.5 34.2021
      vertex 114.798 47.5 34.2021
      vertex 114.922 47.5 34.3141
    endloop
  endfacet
  facet normal 0 1 0
    outer loop
      vertex 117.314 47.5 34.0785
      vertex 114.798 47.5 34.2021
      vertex 117.202 47.5 34.2021
    endloop
  endfacet
  facet normal 0 1 0
    outer loop
      vertex 117.314 47.5 34.0785
      vertex 114.686 47.5 34.0785
      vertex 114.798 47.5 34.2021
    endloop
  endfacet
  facet normal 0 1 0
    outer loop
      vertex 117.413 47.5 33.9445
      vertex 114.686 47.5 34.0785
      vertex 117.314 47.5 34.0785
    endloop
  endfacet
  facet normal 0 1 0
    outer loop
      vertex 117.413 47.5 33.9445
      vertex 114.587 47.5 33.9445
      vertex 114.686 47.5 34.0785
    endloop
  endfacet
  facet normal 0 1 0
    outer loop
      vertex 117.499 47.5 33.8014
      vertex 114.587 47.5 33.9445
      vertex 117.413 47.5 33.9445
    endloop
  endfacet
  facet normal 0 1 0
    outer loop
      vertex 117.499 47.5 33.8014
      vertex 114.501 47.5 33.8014
      vertex 114.587 47.5 33.9445
    endloop
  endfacet
  facet normal 0 1 0
    outer loop
      vertex 117.571 47.5 33.6506
      vertex 114.501 47.5 33.8014
      vertex 117.499 47.5 33.8014
    endloop
  endfacet
  facet normal 0 1 0
    outer loop
      vertex 117.571 47.5 33.6506
      vertex 114.429 47.5 33.6506
      vertex 114.501 47.5 33.8014
    endloop
  endfacet
  facet normal 0 1 0
    outer loop
      vertex 117.627 47.5 33.4935
      vertex 114.429 47.5 33.6506
      vertex 117.571 47.5 33.6506
    endloop
  endfacet
  facet normal 0 1 0
    outer loop
      vertex 117.627 47.5 33.4935
      vertex 114.373 47.5 33.4935
      vertex 114.429 47.5 33.6506
    endloop
  endfacet
  facet normal 0 1 0
    outer loop
      vertex 117.667 47.5 33.3317
      vertex 114.373 47.5 33.4935
      vertex 117.627 47.5 33.4935
    endloop
  endfacet
  facet normal 0 1 0
    outer loop
      vertex 117.667 47.5 33.3317
      vertex 114.333 47.5 33.3317
      vertex 114.373 47.5 33.4935
    endloop
  endfacet
  facet normal 0 1 0
    outer loop
      vertex 117.692 47.5 33.1666
      vertex 114.333 47.5 33.3317
      vertex 117.667 47.5 33.3317
    endloop
  endfacet
  facet normal 0 1 0
    outer loop
      vertex 117.692 47.5 33.1666
      vertex 114.308 47.5 33.1666
      vertex 114.333 47.5 33.3317
    endloop
  endfacet
  facet normal 0 1 0
    outer loop
      vertex 117.7 47.5 33
      vertex 114.308 47.5 33.1666
      vertex 117.692 47.5 33.1666
    endloop
  endfacet
  facet normal 0 1 0
    outer loop
      vertex 117.7 47.5 33
      vertex 114.3 47.5 33
      vertex 114.308 47.5 33.1666
    endloop
  endfacet
  facet normal 0 1 -0
    outer loop
      vertex 117.692 47.5 32.8334
      vertex 114.3 47.5 33
      vertex 117.7 47.5 33
    endloop
  endfacet
  facet normal 0 1 0
    outer loop
      vertex 117.692 47.5 32.8334
      vertex 114.308 47.5 32.8334
      vertex 114.3 47.5 33
    endloop
  endfacet
  facet normal 0 1 -0
    outer loop
      vertex 117.667 47.5 32.6683
      vertex 114.308 47.5 32.8334
      vertex 117.692 47.5 32.8334
    endloop
  endfacet
  facet normal 0 1 0
    outer loop
      vertex 117.667 47.5 32.6683
      vertex 114.333 47.5 32.6683
      vertex 114.308 47.5 32.8334
    endloop
  endfacet
  facet normal 0 1 -0
    outer loop
      vertex 117.627 47.5 32.5065
      vertex 114.333 47.5 32.6683
      vertex 117.667 47.5 32.6683
    endloop
  endfacet
  facet normal 0 1 0
    outer loop
      vertex 117.627 47.5 32.5065
      vertex 114.373 47.5 32.5065
      vertex 114.333 47.5 32.6683
    endloop
  endfacet
  facet normal 0 1 -0
    outer loop
      vertex 117.571 47.5 32.3494
      vertex 114.373 47.5 32.5065
      vertex 117.627 47.5 32.5065
    endloop
  endfacet
  facet normal 0 1 0
    outer loop
      vertex 117.571 47.5 32.3494
      vertex 114.429 47.5 32.3494
      vertex 114.373 47.5 32.5065
    endloop
  endfacet
  facet normal 0 1 -0
    outer loop
      vertex 117.499 47.5 32.1986
      vertex 114.429 47.5 32.3494
      vertex 117.571 47.5 32.3494
    endloop
  endfacet
  facet normal 0 1 0
    outer loop
      vertex 117.499 47.5 32.1986
      vertex 114.501 47.5 32.1986
      vertex 114.429 47.5 32.3494
    endloop
  endfacet
  facet normal 0 1 -0
    outer loop
      vertex 117.413 47.5 32.0555
      vertex 114.501 47.5 32.1986
      vertex 117.499 47.5 32.1986
    endloop
  endfacet
  facet normal 0 1 0
    outer loop
      vertex 117.413 47.5 32.0555
      vertex 114.587 47.5 32.0555
      vertex 114.501 47.5 32.1986
    endloop
  endfacet
  facet normal 0 1 -0
    outer loop
      vertex 117.314 47.5 31.9215
      vertex 114.587 47.5 32.0555
      vertex 117.413 47.5 32.0555
    endloop
  endfacet
  facet normal 0 1 0
    outer loop
      vertex 117.314 47.5 31.9215
      vertex 114.686 47.5 31.9215
      vertex 114.587 47.5 32.0555
    endloop
  endfacet
  facet normal 0 1 -0
    outer loop
      vertex 117.202 47.5 31.7979
      vertex 114.686 47.5 31.9215
      vertex 117.314 47.5 31.9215
    endloop
  endfacet
  facet normal 0 1 0
    outer loop
      vertex 117.202 47.5 31.7979
      vertex 114.798 47.5 31.7979
      vertex 114.686 47.5 31.9215
    endloop
  endfacet
  facet normal 0 1 -0
    outer loop
      vertex 117.078 47.5 31.6859
      vertex 114.798 47.5 31.7979
      vertex 117.202 47.5 31.7979
    endloop
  endfacet
  facet normal 0 1 0
    outer loop
      vertex 117.078 47.5 31.6859
      vertex 114.922 47.5 31.6859
      vertex 114.798 47.5 31.7979
    endloop
  endfacet
  facet normal 0 1 -0
    outer loop
      vertex 116.944 47.5 31.5865
      vertex 114.922 47.5 31.6859
      vertex 117.078 47.5 31.6859
    endloop
  endfacet
  facet normal 0 1 0
    outer loop
      vertex 116.944 47.5 31.5865
      vertex 115.056 47.5 31.5865
      vertex 114.922 47.5 31.6859
    endloop
  endfacet
  facet normal 0 1 -0
    outer loop
      vertex 116.801 47.5 31.5007
      vertex 115.056 47.5 31.5865
      vertex 116.944 47.5 31.5865
    endloop
  endfacet
  facet normal 0 1 0
    outer loop
      vertex 116.801 47.5 31.5007
      vertex 115.199 47.5 31.5007
      vertex 115.056 47.5 31.5865
    endloop
  endfacet
  facet normal 0 1 -0
    outer loop
      vertex 116.651 47.5 31.4294
      vertex 115.199 47.5 31.5007
      vertex 116.801 47.5 31.5007
    endloop
  endfacet
  facet normal 0 1 0
    outer loop
      vertex 116.651 47.5 31.4294
      vertex 115.349 47.5 31.4294
      vertex 115.199 47.5 31.5007
    endloop
  endfacet
  facet normal 0 1 -0
    outer loop
      vertex 116.493 47.5 31.3732
      vertex 115.349 47.5 31.4294
      vertex 116.651 47.5 31.4294
    endloop
  endfacet
  facet normal 0 1 0
    outer loop
      vertex 116.493 47.5 31.3732
      vertex 115.507 47.5 31.3732
      vertex 115.349 47.5 31.4294
    endloop
  endfacet
  facet normal 0 1 -0
    outer loop
      vertex 116.332 47.5 31.3327
      vertex 115.507 47.5 31.3732
      vertex 116.493 47.5 31.3732
    endloop
  endfacet
  facet normal 0 1 0
    outer loop
      vertex 116.332 47.5 31.3327
      vertex 115.668 47.5 31.3327
      vertex 115.507 47.5 31.3732
    endloop
  endfacet
  facet normal 0 1 -0
    outer loop
      vertex 116.167 47.5 31.3082
      vertex 115.668 47.5 31.3327
      vertex 116.332 47.5 31.3327
    endloop
  endfacet
  facet normal 0 1 0
    outer loop
      vertex 116.167 47.5 31.3082
      vertex 115.833 47.5 31.3082
      vertex 115.668 47.5 31.3327
    endloop
  endfacet
  facet normal -0 1 0
    outer loop
      vertex 115.833 47.5 31.3082
      vertex 116.167 47.5 31.3082
      vertex 116 47.5 31.3
    endloop
  endfacet
  facet normal -0.146875 0 -0.989155
    outer loop
      vertex 116.167 47.5 34.6918
      vertex 116.332 48.5 34.6673
      vertex 116.332 47.5 34.6673
    endloop
  endfacet
  facet normal -0.146875 0 -0.989155
    outer loop
      vertex 116.332 48.5 34.6673
      vertex 116.167 47.5 34.6918
      vertex 116.167 48.5 34.6918
    endloop
  endfacet
  facet normal -0.146875 0 -0.989155
    outer loop
      vertex 116.167 49 34.6918
      vertex 116.332 55 34.6673
      vertex 116.332 49 34.6673
    endloop
  endfacet
  facet normal -0.146875 0 -0.989155
    outer loop
      vertex 116.332 55 34.6673
      vertex 116.167 49 34.6918
      vertex 116.167 55 34.6918
    endloop
  endfacet
  facet normal -0.941945 0 0.335767
    outer loop
      vertex 117.571 47.5 32.3494
      vertex 117.627 48.5 32.5065
      vertex 117.571 48.5 32.3494
    endloop
  endfacet
  facet normal -0.941945 0 0.335767
    outer loop
      vertex 117.627 48.5 32.5065
      vertex 117.571 47.5 32.3494
      vertex 117.627 47.5 32.5065
    endloop
  endfacet
  facet normal -0.941945 0 0.335767
    outer loop
      vertex 117.571 49 32.3494
      vertex 117.627 55 32.5065
      vertex 117.571 55 32.3494
    endloop
  endfacet
  facet normal -0.941945 0 0.335767
    outer loop
      vertex 117.627 55 32.5065
      vertex 117.571 49 32.3494
      vertex 117.627 49 32.5065
    endloop
  endfacet
  facet normal -0.804301 0 -0.594222
    outer loop
      vertex 117.413 47.5 33.9445
      vertex 117.314 48.5 34.0785
      vertex 117.413 48.5 33.9445
    endloop
  endfacet
  facet normal -0.804301 -0 -0.594222
    outer loop
      vertex 117.314 48.5 34.0785
      vertex 117.413 47.5 33.9445
      vertex 117.314 47.5 34.0785
    endloop
  endfacet
  facet normal -0.804301 0 -0.594222
    outer loop
      vertex 117.413 49 33.9445
      vertex 117.314 55 34.0785
      vertex 117.413 55 33.9445
    endloop
  endfacet
  facet normal -0.804301 -0 -0.594222
    outer loop
      vertex 117.314 55 34.0785
      vertex 117.413 49 33.9445
      vertex 117.314 49 34.0785
    endloop
  endfacet
  facet normal -0.857123 0 -0.515112
    outer loop
      vertex 117.499 47.5 33.8014
      vertex 117.413 48.5 33.9445
      vertex 117.499 48.5 33.8014
    endloop
  endfacet
  facet normal -0.857123 -0 -0.515112
    outer loop
      vertex 117.413 48.5 33.9445
      vertex 117.499 47.5 33.8014
      vertex 117.413 47.5 33.9445
    endloop
  endfacet
  facet normal -0.857123 0 -0.515112
    outer loop
      vertex 117.499 49 33.8014
      vertex 117.413 55 33.9445
      vertex 117.499 55 33.8014
    endloop
  endfacet
  facet normal -0.857123 -0 -0.515112
    outer loop
      vertex 117.413 55 33.9445
      vertex 117.499 49 33.8014
      vertex 117.413 49 33.9445
    endloop
  endfacet
  facet normal 0.243953 0 0.969787
    outer loop
      vertex 115.507 48.5 31.3732
      vertex 115.668 47.5 31.3327
      vertex 115.668 48.5 31.3327
    endloop
  endfacet
  facet normal 0.243953 0 0.969787
    outer loop
      vertex 115.668 47.5 31.3327
      vertex 115.507 48.5 31.3732
      vertex 115.507 47.5 31.3732
    endloop
  endfacet
  facet normal 0.243953 0 0.969787
    outer loop
      vertex 115.507 55 31.3732
      vertex 115.668 49 31.3327
      vertex 115.668 55 31.3327
    endloop
  endfacet
  facet normal 0.243953 0 0.969787
    outer loop
      vertex 115.668 49 31.3327
      vertex 115.507 55 31.3732
      vertex 115.507 49 31.3732
    endloop
  endfacet
  facet normal -0.941945 0 -0.335767
    outer loop
      vertex 117.627 47.5 33.4935
      vertex 117.571 48.5 33.6506
      vertex 117.627 48.5 33.4935
    endloop
  endfacet
  facet normal -0.941945 -0 -0.335767
    outer loop
      vertex 117.571 48.5 33.6506
      vertex 117.627 47.5 33.4935
      vertex 117.571 47.5 33.6506
    endloop
  endfacet
  facet normal -0.941945 0 -0.335767
    outer loop
      vertex 117.627 49 33.4935
      vertex 117.571 55 33.6506
      vertex 117.627 55 33.4935
    endloop
  endfacet
  facet normal -0.941945 -0 -0.335767
    outer loop
      vertex 117.571 55 33.6506
      vertex 117.627 49 33.4935
      vertex 117.571 49 33.6506
    endloop
  endfacet
  facet normal -0.0490427 0 0.998797
    outer loop
      vertex 116 48.5 31.3
      vertex 116.167 47.5 31.3082
      vertex 116.167 48.5 31.3082
    endloop
  endfacet
  facet normal -0.0490427 0 0.998797
    outer loop
      vertex 116.167 47.5 31.3082
      vertex 116 48.5 31.3
      vertex 116 47.5 31.3
    endloop
  endfacet
  facet normal -0.0490427 0 0.998797
    outer loop
      vertex 116 55 31.3
      vertex 116.167 49 31.3082
      vertex 116.167 55 31.3082
    endloop
  endfacet
  facet normal -0.0490427 0 0.998797
    outer loop
      vertex 116.167 49 31.3082
      vertex 116 55 31.3
      vertex 116 49 31.3
    endloop
  endfacet
  facet normal 0.514496 0 0.857493
    outer loop
      vertex 115.056 48.5 31.5865
      vertex 115.199 47.5 31.5007
      vertex 115.199 48.5 31.5007
    endloop
  endfacet
  facet normal 0.514496 0 0.857493
    outer loop
      vertex 115.199 47.5 31.5007
      vertex 115.056 48.5 31.5865
      vertex 115.056 47.5 31.5865
    endloop
  endfacet
  facet normal 0.514496 0 0.857493
    outer loop
      vertex 115.056 55 31.5865
      vertex 115.199 49 31.5007
      vertex 115.199 55 31.5007
    endloop
  endfacet
  facet normal 0.514496 0 0.857493
    outer loop
      vertex 115.199 49 31.5007
      vertex 115.056 55 31.5865
      vertex 115.056 49 31.5865
    endloop
  endfacet
  facet normal -0.902418 0 0.430863
    outer loop
      vertex 117.499 47.5 32.1986
      vertex 117.571 48.5 32.3494
      vertex 117.499 48.5 32.1986
    endloop
  endfacet
  facet normal -0.902418 0 0.430863
    outer loop
      vertex 117.571 48.5 32.3494
      vertex 117.499 47.5 32.1986
      vertex 117.571 47.5 32.3494
    endloop
  endfacet
  facet normal -0.902418 0 0.430863
    outer loop
      vertex 117.499 49 32.1986
      vertex 117.571 55 32.3494
      vertex 117.499 55 32.1986
    endloop
  endfacet
  facet normal -0.902418 0 0.430863
    outer loop
      vertex 117.571 55 32.3494
      vertex 117.499 49 32.1986
      vertex 117.571 49 32.3494
    endloop
  endfacet
  facet normal -0.146875 0 0.989155
    outer loop
      vertex 116.167 48.5 31.3082
      vertex 116.332 47.5 31.3327
      vertex 116.332 48.5 31.3327
    endloop
  endfacet
  facet normal -0.146875 0 0.989155
    outer loop
      vertex 116.332 47.5 31.3327
      vertex 116.167 48.5 31.3082
      vertex 116.167 47.5 31.3082
    endloop
  endfacet
  facet normal -0.146875 0 0.989155
    outer loop
      vertex 116.167 55 31.3082
      vertex 116.332 49 31.3327
      vertex 116.332 55 31.3327
    endloop
  endfacet
  facet normal -0.146875 0 0.989155
    outer loop
      vertex 116.332 49 31.3327
      vertex 116.167 55 31.3082
      vertex 116.167 49 31.3082
    endloop
  endfacet
  facet normal 0.243953 0 -0.969787
    outer loop
      vertex 115.507 47.5 34.6268
      vertex 115.668 48.5 34.6673
      vertex 115.668 47.5 34.6673
    endloop
  endfacet
  facet normal 0.243953 0 -0.969787
    outer loop
      vertex 115.668 48.5 34.6673
      vertex 115.507 47.5 34.6268
      vertex 115.507 48.5 34.6268
    endloop
  endfacet
  facet normal 0.243953 0 -0.969787
    outer loop
      vertex 115.507 49 34.6268
      vertex 115.668 55 34.6673
      vertex 115.668 49 34.6673
    endloop
  endfacet
  facet normal 0.243953 0 -0.969787
    outer loop
      vertex 115.668 55 34.6673
      vertex 115.507 49 34.6268
      vertex 115.507 55 34.6268
    endloop
  endfacet
  facet normal 0.857123 0 -0.515112
    outer loop
      vertex 114.587 47.5 33.9445
      vertex 114.501 48.5 33.8014
      vertex 114.587 48.5 33.9445
    endloop
  endfacet
  facet normal 0.857123 0 -0.515112
    outer loop
      vertex 114.501 48.5 33.8014
      vertex 114.587 47.5 33.9445
      vertex 114.501 47.5 33.8014
    endloop
  endfacet
  facet normal 0.857123 0 -0.515112
    outer loop
      vertex 114.587 49 33.9445
      vertex 114.501 55 33.8014
      vertex 114.587 55 33.9445
    endloop
  endfacet
  facet normal 0.857123 0 -0.515112
    outer loop
      vertex 114.501 55 33.8014
      vertex 114.587 49 33.9445
      vertex 114.501 49 33.8014
    endloop
  endfacet
  facet normal -0.857123 0 0.515112
    outer loop
      vertex 117.413 47.5 32.0555
      vertex 117.499 48.5 32.1986
      vertex 117.413 48.5 32.0555
    endloop
  endfacet
  facet normal -0.857123 0 0.515112
    outer loop
      vertex 117.499 48.5 32.1986
      vertex 117.413 47.5 32.0555
      vertex 117.499 47.5 32.1986
    endloop
  endfacet
  facet normal -0.857123 0 0.515112
    outer loop
      vertex 117.413 49 32.0555
      vertex 117.499 55 32.1986
      vertex 117.413 55 32.0555
    endloop
  endfacet
  facet normal -0.857123 0 0.515112
    outer loop
      vertex 117.499 55 32.1986
      vertex 117.413 49 32.0555
      vertex 117.499 49 32.1986
    endloop
  endfacet
  facet normal 0.335127 0 0.942173
    outer loop
      vertex 115.349 48.5 31.4294
      vertex 115.507 47.5 31.3732
      vertex 115.507 48.5 31.3732
    endloop
  endfacet
  facet normal 0.335127 0 0.942173
    outer loop
      vertex 115.507 47.5 31.3732
      vertex 115.349 48.5 31.4294
      vertex 115.349 47.5 31.4294
    endloop
  endfacet
  facet normal 0.335127 0 0.942173
    outer loop
      vertex 115.349 55 31.4294
      vertex 115.507 49 31.3732
      vertex 115.507 55 31.3732
    endloop
  endfacet
  facet normal 0.335127 0 0.942173
    outer loop
      vertex 115.507 49 31.3732
      vertex 115.349 55 31.4294
      vertex 115.349 49 31.4294
    endloop
  endfacet
  facet normal 0.741024 0 -0.671478
    outer loop
      vertex 114.798 47.5 34.2021
      vertex 114.686 48.5 34.0785
      vertex 114.798 48.5 34.2021
    endloop
  endfacet
  facet normal 0.741024 0 -0.671478
    outer loop
      vertex 114.686 48.5 34.0785
      vertex 114.798 47.5 34.2021
      vertex 114.686 47.5 34.0785
    endloop
  endfacet
  facet normal 0.741024 0 -0.671478
    outer loop
      vertex 114.798 49 34.2021
      vertex 114.686 55 34.0785
      vertex 114.798 55 34.2021
    endloop
  endfacet
  facet normal 0.741024 0 -0.671478
    outer loop
      vertex 114.686 55 34.0785
      vertex 114.798 49 34.2021
      vertex 114.686 49 34.0785
    endloop
  endfacet
  facet normal 0.670286 0 0.742103
    outer loop
      vertex 114.798 48.5 31.7979
      vertex 114.922 47.5 31.6859
      vertex 114.922 48.5 31.6859
    endloop
  endfacet
  facet normal 0.670286 0 0.742103
    outer loop
      vertex 114.922 47.5 31.6859
      vertex 114.798 48.5 31.7979
      vertex 114.798 47.5 31.7979
    endloop
  endfacet
  facet normal 0.670286 0 0.742103
    outer loop
      vertex 114.798 55 31.7979
      vertex 114.922 49 31.6859
      vertex 114.922 55 31.6859
    endloop
  endfacet
  facet normal 0.670286 0 0.742103
    outer loop
      vertex 114.922 49 31.6859
      vertex 114.798 55 31.7979
      vertex 114.798 49 31.7979
    endloop
  endfacet
  facet normal -0.335127 0 0.942173
    outer loop
      vertex 116.493 48.5 31.3732
      vertex 116.651 47.5 31.4294
      vertex 116.651 48.5 31.4294
    endloop
  endfacet
  facet normal -0.335127 0 0.942173
    outer loop
      vertex 116.651 47.5 31.4294
      vertex 116.493 48.5 31.3732
      vertex 116.493 47.5 31.3732
    endloop
  endfacet
  facet normal -0.335127 0 0.942173
    outer loop
      vertex 116.493 55 31.3732
      vertex 116.651 49 31.4294
      vertex 116.651 55 31.4294
    endloop
  endfacet
  facet normal -0.335127 0 0.942173
    outer loop
      vertex 116.651 49 31.4294
      vertex 116.493 55 31.3732
      vertex 116.493 49 31.3732
    endloop
  endfacet
  facet normal 0.514496 0 -0.857493
    outer loop
      vertex 115.056 47.5 34.4135
      vertex 115.199 48.5 34.4993
      vertex 115.199 47.5 34.4993
    endloop
  endfacet
  facet normal 0.514496 0 -0.857493
    outer loop
      vertex 115.199 48.5 34.4993
      vertex 115.056 47.5 34.4135
      vertex 115.056 48.5 34.4135
    endloop
  endfacet
  facet normal 0.514496 0 -0.857493
    outer loop
      vertex 115.056 49 34.4135
      vertex 115.199 55 34.4993
      vertex 115.199 49 34.4993
    endloop
  endfacet
  facet normal 0.514496 0 -0.857493
    outer loop
      vertex 115.199 55 34.4993
      vertex 115.056 49 34.4135
      vertex 115.056 55 34.4135
    endloop
  endfacet
  facet normal 0.970774 -0 0.239994
    outer loop
      vertex 114.333 47.5 32.6683
      vertex 114.373 48.5 32.5065
      vertex 114.333 48.5 32.6683
    endloop
  endfacet
  facet normal 0.970774 0 0.239994
    outer loop
      vertex 114.373 48.5 32.5065
      vertex 114.333 47.5 32.6683
      vertex 114.373 47.5 32.5065
    endloop
  endfacet
  facet normal 0.970774 -0 0.239994
    outer loop
      vertex 114.333 49 32.6683
      vertex 114.373 55 32.5065
      vertex 114.333 55 32.6683
    endloop
  endfacet
  facet normal 0.970774 0 0.239994
    outer loop
      vertex 114.373 55 32.5065
      vertex 114.333 49 32.6683
      vertex 114.373 49 32.5065
    endloop
  endfacet
  facet normal 0.804301 0 -0.594222
    outer loop
      vertex 114.686 47.5 34.0785
      vertex 114.587 48.5 33.9445
      vertex 114.686 48.5 34.0785
    endloop
  endfacet
  facet normal 0.804301 0 -0.594222
    outer loop
      vertex 114.587 48.5 33.9445
      vertex 114.686 47.5 34.0785
      vertex 114.587 47.5 33.9445
    endloop
  endfacet
  facet normal 0.804301 0 -0.594222
    outer loop
      vertex 114.686 49 34.0785
      vertex 114.587 55 33.9445
      vertex 114.686 55 34.0785
    endloop
  endfacet
  facet normal 0.804301 0 -0.594222
    outer loop
      vertex 114.587 55 33.9445
      vertex 114.686 49 34.0785
      vertex 114.587 49 33.9445
    endloop
  endfacet
  facet normal 0.988729 0 -0.149717
    outer loop
      vertex 114.333 47.5 33.3317
      vertex 114.308 48.5 33.1666
      vertex 114.333 48.5 33.3317
    endloop
  endfacet
  facet normal 0.988729 0 -0.149717
    outer loop
      vertex 114.308 48.5 33.1666
      vertex 114.333 47.5 33.3317
      vertex 114.308 47.5 33.1666
    endloop
  endfacet
  facet normal 0.988729 0 -0.149717
    outer loop
      vertex 114.333 49 33.3317
      vertex 114.308 55 33.1666
      vertex 114.333 55 33.3317
    endloop
  endfacet
  facet normal 0.988729 0 -0.149717
    outer loop
      vertex 114.308 55 33.1666
      vertex 114.333 49 33.3317
      vertex 114.308 49 33.1666
    endloop
  endfacet
  facet normal 0.670286 0 -0.742103
    outer loop
      vertex 114.798 47.5 34.2021
      vertex 114.922 48.5 34.3141
      vertex 114.922 47.5 34.3141
    endloop
  endfacet
  facet normal 0.670286 0 -0.742103
    outer loop
      vertex 114.922 48.5 34.3141
      vertex 114.798 47.5 34.2021
      vertex 114.798 48.5 34.2021
    endloop
  endfacet
  facet normal 0.670286 0 -0.742103
    outer loop
      vertex 114.798 49 34.2021
      vertex 114.922 55 34.3141
      vertex 114.922 49 34.3141
    endloop
  endfacet
  facet normal 0.670286 0 -0.742103
    outer loop
      vertex 114.922 55 34.3141
      vertex 114.798 49 34.2021
      vertex 114.798 55 34.2021
    endloop
  endfacet
  facet normal 0.804301 -0 0.594222
    outer loop
      vertex 114.587 47.5 32.0555
      vertex 114.686 48.5 31.9215
      vertex 114.587 48.5 32.0555
    endloop
  endfacet
  facet normal 0.804301 0 0.594222
    outer loop
      vertex 114.686 48.5 31.9215
      vertex 114.587 47.5 32.0555
      vertex 114.686 47.5 31.9215
    endloop
  endfacet
  facet normal 0.804301 -0 0.594222
    outer loop
      vertex 114.587 49 32.0555
      vertex 114.686 55 31.9215
      vertex 114.587 55 32.0555
    endloop
  endfacet
  facet normal 0.804301 0 0.594222
    outer loop
      vertex 114.686 55 31.9215
      vertex 114.587 49 32.0555
      vertex 114.686 49 31.9215
    endloop
  endfacet
  facet normal 0.857123 -0 0.515112
    outer loop
      vertex 114.501 47.5 32.1986
      vertex 114.587 48.5 32.0555
      vertex 114.501 48.5 32.1986
    endloop
  endfacet
  facet normal 0.857123 0 0.515112
    outer loop
      vertex 114.587 48.5 32.0555
      vertex 114.501 47.5 32.1986
      vertex 114.587 47.5 32.0555
    endloop
  endfacet
  facet normal 0.857123 -0 0.515112
    outer loop
      vertex 114.501 49 32.1986
      vertex 114.587 55 32.0555
      vertex 114.501 55 32.1986
    endloop
  endfacet
  facet normal 0.857123 0 0.515112
    outer loop
      vertex 114.587 55 32.0555
      vertex 114.501 49 32.1986
      vertex 114.587 49 32.0555
    endloop
  endfacet
  facet normal 0.0490427 0 -0.998797
    outer loop
      vertex 115.833 47.5 34.6918
      vertex 116 48.5 34.7
      vertex 116 47.5 34.7
    endloop
  endfacet
  facet normal 0.0490427 0 -0.998797
    outer loop
      vertex 116 48.5 34.7
      vertex 115.833 47.5 34.6918
      vertex 115.833 48.5 34.6918
    endloop
  endfacet
  facet normal 0.0490427 0 -0.998797
    outer loop
      vertex 115.833 49 34.6918
      vertex 116 55 34.7
      vertex 116 49 34.7
    endloop
  endfacet
  facet normal 0.0490427 0 -0.998797
    outer loop
      vertex 116 55 34.7
      vertex 115.833 49 34.6918
      vertex 115.833 55 34.6918
    endloop
  endfacet
  facet normal 0.998849 -0 0.0479639
    outer loop
      vertex 114.3 47.5 33
      vertex 114.308 48.5 32.8334
      vertex 114.3 48.5 33
    endloop
  endfacet
  facet normal 0.998849 0 0.0479639
    outer loop
      vertex 114.308 48.5 32.8334
      vertex 114.3 47.5 33
      vertex 114.308 47.5 32.8334
    endloop
  endfacet
  facet normal 0.998849 -0 0.0479639
    outer loop
      vertex 114.3 49 33
      vertex 114.308 55 32.8334
      vertex 114.3 55 33
    endloop
  endfacet
  facet normal 0.998849 0 0.0479639
    outer loop
      vertex 114.308 55 32.8334
      vertex 114.3 49 33
      vertex 114.308 49 32.8334
    endloop
  endfacet
  facet normal -0.741024 0 -0.671478
    outer loop
      vertex 117.314 47.5 34.0785
      vertex 117.202 48.5 34.2021
      vertex 117.314 48.5 34.0785
    endloop
  endfacet
  facet normal -0.741024 -0 -0.671478
    outer loop
      vertex 117.202 48.5 34.2021
      vertex 117.314 47.5 34.0785
      vertex 117.202 47.5 34.2021
    endloop
  endfacet
  facet normal -0.741024 0 -0.671478
    outer loop
      vertex 117.314 49 34.0785
      vertex 117.202 55 34.2021
      vertex 117.314 55 34.0785
    endloop
  endfacet
  facet normal -0.741024 -0 -0.671478
    outer loop
      vertex 117.202 55 34.2021
      vertex 117.314 49 34.0785
      vertex 117.202 49 34.2021
    endloop
  endfacet
  facet normal -0.670286 0 -0.742103
    outer loop
      vertex 117.078 47.5 34.3141
      vertex 117.202 48.5 34.2021
      vertex 117.202 47.5 34.2021
    endloop
  endfacet
  facet normal -0.670286 0 -0.742103
    outer loop
      vertex 117.202 48.5 34.2021
      vertex 117.078 47.5 34.3141
      vertex 117.078 48.5 34.3141
    endloop
  endfacet
  facet normal -0.670286 0 -0.742103
    outer loop
      vertex 117.078 49 34.3141
      vertex 117.202 55 34.2021
      vertex 117.202 49 34.2021
    endloop
  endfacet
  facet normal -0.670286 0 -0.742103
    outer loop
      vertex 117.202 55 34.2021
      vertex 117.078 49 34.3141
      vertex 117.078 55 34.3141
    endloop
  endfacet
  facet normal -0.988959 -0.148186 0
    outer loop
      vertex 115.642 0.161728 0
      vertex 115.618 0.321898 2
      vertex 115.618 0.321898 0
    endloop
  endfacet
  facet normal -0.988959 -0.148186 0
    outer loop
      vertex 115.618 0.321898 2
      vertex 115.642 0.161728 0
      vertex 115.642 0.161728 2
    endloop
  endfacet
  facet normal -0.998779 -0.0494054 0
    outer loop
      vertex 115.65 0 0
      vertex 115.642 0.161728 2
      vertex 115.642 0.161728 0
    endloop
  endfacet
  facet normal -0.998779 -0.0494054 0
    outer loop
      vertex 115.642 0.161728 2
      vertex 115.65 0 0
      vertex 115.65 0 2
    endloop
  endfacet
  facet normal -0.970531 -0.240977 0
    outer loop
      vertex 115.618 0.321898 0
      vertex 115.579 0.47897 2
      vertex 115.579 0.47897 0
    endloop
  endfacet
  facet normal -0.970531 -0.240977 0
    outer loop
      vertex 115.579 0.47897 2
      vertex 115.618 0.321898 0
      vertex 115.618 0.321898 2
    endloop
  endfacet
  facet normal -0.904541 -0.426387 0
    outer loop
      vertex 115.524 0.631427 0
      vertex 115.455 0.777804 2
      vertex 115.455 0.777804 0
    endloop
  endfacet
  facet normal -0.904541 -0.426387 0
    outer loop
      vertex 115.455 0.777804 2
      vertex 115.524 0.631427 0
      vertex 115.524 0.631427 2
    endloop
  endfacet
  facet normal -0.426067 0.904692 0
    outer loop
      vertex 114.778 -1.45517 0
      vertex 114.631 -1.5244 2
      vertex 114.778 -1.45517 2
    endloop
  endfacet
  facet normal -0.426067 0.904692 0
    outer loop
      vertex 114.631 -1.5244 2
      vertex 114.778 -1.45517 0
      vertex 114.631 -1.5244 0
    endloop
  endfacet
  facet normal -0.337787 0.941222 0
    outer loop
      vertex 114.631 -1.5244 0
      vertex 114.479 -1.57895 2
      vertex 114.631 -1.5244 2
    endloop
  endfacet
  facet normal -0.337787 0.941222 0
    outer loop
      vertex 114.479 -1.57895 2
      vertex 114.631 -1.5244 0
      vertex 114.479 -1.57895 0
    endloop
  endfacet
  facet normal -0.0490151 -0.998798 0
    outer loop
      vertex 114 1.65 0
      vertex 114.162 1.64205 2
      vertex 114 1.65 2
    endloop
  endfacet
  facet normal -0.0490151 -0.998798 -0
    outer loop
      vertex 114.162 1.64205 2
      vertex 114 1.65 0
      vertex 114.162 1.64205 0
    endloop
  endfacet
  facet normal -0.146829 0.989162 0
    outer loop
      vertex 114.322 -1.6183 0
      vertex 114.162 -1.64205 2
      vertex 114.322 -1.6183 2
    endloop
  endfacet
  facet normal -0.146829 0.989162 0
    outer loop
      vertex 114.162 -1.64205 2
      vertex 114.322 -1.6183 0
      vertex 114.162 -1.64205 0
    endloop
  endfacet
  facet normal 0.0490151 0.998798 -0
    outer loop
      vertex 114 -1.65 0
      vertex 113.838 -1.64205 2
      vertex 114 -1.65 2
    endloop
  endfacet
  facet normal 0.0490151 0.998798 0
    outer loop
      vertex 113.838 -1.64205 2
      vertex 114 -1.65 0
      vertex 113.838 -1.64205 0
    endloop
  endfacet
  facet normal 0.801607 -0.597851 0
    outer loop
      vertex 112.628 0.916691 2
      vertex 112.725 1.04675 0
      vertex 112.725 1.04675 2
    endloop
  endfacet
  facet normal 0.801607 -0.597851 0
    outer loop
      vertex 112.725 1.04675 0
      vertex 112.628 0.916691 2
      vertex 112.628 0.916691 0
    endloop
  endfacet
  facet normal 0.988959 -0.148186 0
    outer loop
      vertex 112.358 0.161728 2
      vertex 112.382 0.321898 0
      vertex 112.382 0.321898 2
    endloop
  endfacet
  facet normal 0.988959 -0.148186 0
    outer loop
      vertex 112.382 0.321898 0
      vertex 112.358 0.161728 2
      vertex 112.358 0.161728 0
    endloop
  endfacet
  facet normal 0.671486 0.741018 -0
    outer loop
      vertex 112.953 -1.27547 0
      vertex 112.833 -1.16673 2
      vertex 112.953 -1.27547 2
    endloop
  endfacet
  facet normal 0.671486 0.741018 0
    outer loop
      vertex 112.833 -1.16673 2
      vertex 112.953 -1.27547 0
      vertex 112.833 -1.16673 0
    endloop
  endfacet
  facet normal -0.801607 -0.597851 0
    outer loop
      vertex 115.372 0.916691 0
      vertex 115.275 1.04675 2
      vertex 115.275 1.04675 0
    endloop
  endfacet
  facet normal -0.801607 -0.597851 0
    outer loop
      vertex 115.275 1.04675 2
      vertex 115.372 0.916691 0
      vertex 115.372 0.916691 2
    endloop
  endfacet
  facet normal -0.513815 0.857901 0
    outer loop
      vertex 114.917 -1.37192 0
      vertex 114.778 -1.45517 2
      vertex 114.917 -1.37192 2
    endloop
  endfacet
  facet normal -0.513815 0.857901 0
    outer loop
      vertex 114.778 -1.45517 2
      vertex 114.917 -1.37192 0
      vertex 114.778 -1.45517 0
    endloop
  endfacet
  facet normal 0.337787 0.941222 -0
    outer loop
      vertex 113.521 -1.57895 0
      vertex 113.369 -1.5244 2
      vertex 113.521 -1.57895 2
    endloop
  endfacet
  facet normal 0.337787 0.941222 0
    outer loop
      vertex 113.369 -1.5244 2
      vertex 113.521 -1.57895 0
      vertex 113.369 -1.5244 0
    endloop
  endfacet
  facet normal -0.743239 0.669026 0
    outer loop
      vertex 115.167 -1.16673 0
      vertex 115.275 -1.04675 2
      vertex 115.275 -1.04675 0
    endloop
  endfacet
  facet normal -0.743239 0.669026 0
    outer loop
      vertex 115.275 -1.04675 2
      vertex 115.167 -1.16673 0
      vertex 115.167 -1.16673 2
    endloop
  endfacet
  facet normal 0.94066 -0.33935 0
    outer loop
      vertex 112.421 0.47897 2
      vertex 112.476 0.631427 0
      vertex 112.476 0.631427 2
    endloop
  endfacet
  facet normal 0.94066 -0.33935 0
    outer loop
      vertex 112.476 0.631427 0
      vertex 112.421 0.47897 2
      vertex 112.421 0.47897 0
    endloop
  endfacet
  facet normal -0.513815 -0.857901 0
    outer loop
      vertex 114.778 1.45517 0
      vertex 114.917 1.37192 2
      vertex 114.778 1.45517 2
    endloop
  endfacet
  facet normal -0.513815 -0.857901 -0
    outer loop
      vertex 114.917 1.37192 2
      vertex 114.778 1.45517 0
      vertex 114.917 1.37192 0
    endloop
  endfacet
  facet normal -0.426067 -0.904692 0
    outer loop
      vertex 114.631 1.5244 0
      vertex 114.778 1.45517 2
      vertex 114.631 1.5244 2
    endloop
  endfacet
  facet normal -0.426067 -0.904692 -0
    outer loop
      vertex 114.778 1.45517 2
      vertex 114.631 1.5244 0
      vertex 114.778 1.45517 0
    endloop
  endfacet
  facet normal -0.970531 0.240977 0
    outer loop
      vertex 115.579 -0.47897 0
      vertex 115.618 -0.321898 2
      vertex 115.618 -0.321898 0
    endloop
  endfacet
  facet normal -0.970531 0.240977 0
    outer loop
      vertex 115.618 -0.321898 2
      vertex 115.579 -0.47897 0
      vertex 115.579 -0.47897 2
    endloop
  endfacet
  facet normal 0.513815 -0.857901 0
    outer loop
      vertex 113.083 1.37192 0
      vertex 113.222 1.45517 2
      vertex 113.083 1.37192 2
    endloop
  endfacet
  facet normal 0.513815 -0.857901 0
    outer loop
      vertex 113.222 1.45517 2
      vertex 113.083 1.37192 0
      vertex 113.222 1.45517 0
    endloop
  endfacet
  facet normal 0.337787 -0.941222 0
    outer loop
      vertex 113.369 1.5244 0
      vertex 113.521 1.57895 2
      vertex 113.369 1.5244 2
    endloop
  endfacet
  facet normal 0.337787 -0.941222 0
    outer loop
      vertex 113.521 1.57895 2
      vertex 113.369 1.5244 0
      vertex 113.521 1.57895 0
    endloop
  endfacet
  facet normal 0.998779 0.0494054 0
    outer loop
      vertex 112.358 -0.161728 2
      vertex 112.35 0 0
      vertex 112.35 0 2
    endloop
  endfacet
  facet normal 0.998779 0.0494054 0
    outer loop
      vertex 112.35 0 0
      vertex 112.358 -0.161728 2
      vertex 112.358 -0.161728 0
    endloop
  endfacet
  facet normal -0.337787 -0.941222 0
    outer loop
      vertex 114.479 1.57895 0
      vertex 114.631 1.5244 2
      vertex 114.479 1.57895 2
    endloop
  endfacet
  facet normal -0.337787 -0.941222 -0
    outer loop
      vertex 114.631 1.5244 2
      vertex 114.479 1.57895 0
      vertex 114.631 1.5244 0
    endloop
  endfacet
  facet normal 0.59584 -0.803103 0
    outer loop
      vertex 112.953 1.27547 0
      vertex 113.083 1.37192 2
      vertex 112.953 1.27547 2
    endloop
  endfacet
  facet normal 0.59584 -0.803103 0
    outer loop
      vertex 113.083 1.37192 2
      vertex 112.953 1.27547 0
      vertex 113.083 1.37192 0
    endloop
  endfacet
  facet normal 0.94066 0.33935 0
    outer loop
      vertex 112.476 -0.631427 2
      vertex 112.421 -0.47897 0
      vertex 112.421 -0.47897 2
    endloop
  endfacet
  facet normal 0.94066 0.33935 0
    outer loop
      vertex 112.421 -0.47897 0
      vertex 112.476 -0.631427 2
      vertex 112.476 -0.631427 0
    endloop
  endfacet
  facet normal 0.970531 -0.240977 0
    outer loop
      vertex 112.382 0.321898 2
      vertex 112.421 0.47897 0
      vertex 112.421 0.47897 2
    endloop
  endfacet
  facet normal 0.970531 -0.240977 0
    outer loop
      vertex 112.421 0.47897 0
      vertex 112.382 0.321898 2
      vertex 112.382 0.321898 0
    endloop
  endfacet
  facet normal -0.671486 -0.741018 0
    outer loop
      vertex 115.047 1.27547 0
      vertex 115.167 1.16673 2
      vertex 115.047 1.27547 2
    endloop
  endfacet
  facet normal -0.671486 -0.741018 -0
    outer loop
      vertex 115.167 1.16673 2
      vertex 115.047 1.27547 0
      vertex 115.167 1.16673 0
    endloop
  endfacet
  facet normal -0.988959 0.148186 0
    outer loop
      vertex 115.618 -0.321898 0
      vertex 115.642 -0.161728 2
      vertex 115.642 -0.161728 0
    endloop
  endfacet
  facet normal -0.988959 0.148186 0
    outer loop
      vertex 115.642 -0.161728 2
      vertex 115.618 -0.321898 0
      vertex 115.618 -0.321898 2
    endloop
  endfacet
  facet normal -0.998779 0.0494054 0
    outer loop
      vertex 115.642 -0.161728 0
      vertex 115.65 0 2
      vertex 115.65 0 0
    endloop
  endfacet
  facet normal -0.998779 0.0494054 0
    outer loop
      vertex 115.65 0 2
      vertex 115.642 -0.161728 0
      vertex 115.642 -0.161728 2
    endloop
  endfacet
  facet normal -0.94066 0.33935 0
    outer loop
      vertex 115.524 -0.631427 0
      vertex 115.579 -0.47897 2
      vertex 115.579 -0.47897 0
    endloop
  endfacet
  facet normal -0.94066 0.33935 0
    outer loop
      vertex 115.579 -0.47897 2
      vertex 115.524 -0.631427 0
      vertex 115.524 -0.631427 2
    endloop
  endfacet
  facet normal 0.988959 0.148186 0
    outer loop
      vertex 112.382 -0.321898 2
      vertex 112.358 -0.161728 0
      vertex 112.358 -0.161728 2
    endloop
  endfacet
  facet normal 0.988959 0.148186 0
    outer loop
      vertex 112.358 -0.161728 0
      vertex 112.382 -0.321898 2
      vertex 112.382 -0.321898 0
    endloop
  endfacet
  facet normal 0.146829 0.989162 -0
    outer loop
      vertex 113.838 -1.64205 0
      vertex 113.678 -1.6183 2
      vertex 113.838 -1.64205 2
    endloop
  endfacet
  facet normal 0.146829 0.989162 0
    outer loop
      vertex 113.678 -1.6183 2
      vertex 113.838 -1.64205 0
      vertex 113.678 -1.6183 0
    endloop
  endfacet
  facet normal 0.146829 -0.989162 0
    outer loop
      vertex 113.678 1.6183 0
      vertex 113.838 1.64205 2
      vertex 113.678 1.6183 2
    endloop
  endfacet
  facet normal 0.146829 -0.989162 0
    outer loop
      vertex 113.838 1.64205 2
      vertex 113.678 1.6183 0
      vertex 113.838 1.64205 0
    endloop
  endfacet
  facet normal -0.858397 0.512985 0
    outer loop
      vertex 115.372 -0.916691 0
      vertex 115.455 -0.777804 2
      vertex 115.455 -0.777804 0
    endloop
  endfacet
  facet normal -0.858397 0.512985 0
    outer loop
      vertex 115.455 -0.777804 2
      vertex 115.372 -0.916691 0
      vertex 115.372 -0.916691 2
    endloop
  endfacet
  facet normal -0.94066 -0.33935 0
    outer loop
      vertex 115.579 0.47897 0
      vertex 115.524 0.631427 2
      vertex 115.524 0.631427 0
    endloop
  endfacet
  facet normal -0.94066 -0.33935 0
    outer loop
      vertex 115.524 0.631427 2
      vertex 115.579 0.47897 0
      vertex 115.579 0.47897 2
    endloop
  endfacet
  facet normal 0.858397 0.512985 0
    outer loop
      vertex 112.628 -0.916691 2
      vertex 112.545 -0.777804 0
      vertex 112.545 -0.777804 2
    endloop
  endfacet
  facet normal 0.858397 0.512985 0
    outer loop
      vertex 112.545 -0.777804 0
      vertex 112.628 -0.916691 2
      vertex 112.628 -0.916691 0
    endloop
  endfacet
  facet normal 0.743239 -0.669026 0
    outer loop
      vertex 112.725 1.04675 2
      vertex 112.833 1.16673 0
      vertex 112.833 1.16673 2
    endloop
  endfacet
  facet normal 0.743239 -0.669026 0
    outer loop
      vertex 112.833 1.16673 0
      vertex 112.725 1.04675 2
      vertex 112.725 1.04675 0
    endloop
  endfacet
  facet normal -0.243117 0.969997 0
    outer loop
      vertex 114.479 -1.57895 0
      vertex 114.322 -1.6183 2
      vertex 114.479 -1.57895 2
    endloop
  endfacet
  facet normal -0.243117 0.969997 0
    outer loop
      vertex 114.322 -1.6183 2
      vertex 114.479 -1.57895 0
      vertex 114.322 -1.6183 0
    endloop
  endfacet
  facet normal -0.743239 -0.669026 0
    outer loop
      vertex 115.275 1.04675 0
      vertex 115.167 1.16673 2
      vertex 115.167 1.16673 0
    endloop
  endfacet
  facet normal -0.743239 -0.669026 0
    outer loop
      vertex 115.167 1.16673 2
      vertex 115.275 1.04675 0
      vertex 115.275 1.04675 2
    endloop
  endfacet
  facet normal -0.59584 -0.803103 0
    outer loop
      vertex 114.917 1.37192 0
      vertex 115.047 1.27547 2
      vertex 114.917 1.37192 2
    endloop
  endfacet
  facet normal -0.59584 -0.803103 -0
    outer loop
      vertex 115.047 1.27547 2
      vertex 114.917 1.37192 0
      vertex 115.047 1.27547 0
    endloop
  endfacet
  facet normal 0.426067 0.904692 -0
    outer loop
      vertex 113.369 -1.5244 0
      vertex 113.222 -1.45517 2
      vertex 113.369 -1.5244 2
    endloop
  endfacet
  facet normal 0.426067 0.904692 0
    outer loop
      vertex 113.222 -1.45517 2
      vertex 113.369 -1.5244 0
      vertex 113.222 -1.45517 0
    endloop
  endfacet
  facet normal -0.858397 -0.512985 0
    outer loop
      vertex 115.455 0.777804 0
      vertex 115.372 0.916691 2
      vertex 115.372 0.916691 0
    endloop
  endfacet
  facet normal -0.858397 -0.512985 0
    outer loop
      vertex 115.372 0.916691 2
      vertex 115.455 0.777804 0
      vertex 115.455 0.777804 2
    endloop
  endfacet
  facet normal 0.671486 -0.741018 0
    outer loop
      vertex 112.833 1.16673 0
      vertex 112.953 1.27547 2
      vertex 112.833 1.16673 2
    endloop
  endfacet
  facet normal 0.671486 -0.741018 0
    outer loop
      vertex 112.953 1.27547 2
      vertex 112.833 1.16673 0
      vertex 112.953 1.27547 0
    endloop
  endfacet
  facet normal 0.426067 -0.904692 0
    outer loop
      vertex 113.222 1.45517 0
      vertex 113.369 1.5244 2
      vertex 113.222 1.45517 2
    endloop
  endfacet
  facet normal 0.426067 -0.904692 0
    outer loop
      vertex 113.369 1.5244 2
      vertex 113.222 1.45517 0
      vertex 113.369 1.5244 0
    endloop
  endfacet
  facet normal -0.801607 0.597851 0
    outer loop
      vertex 115.275 -1.04675 0
      vertex 115.372 -0.916691 2
      vertex 115.372 -0.916691 0
    endloop
  endfacet
  facet normal -0.801607 0.597851 0
    outer loop
      vertex 115.372 -0.916691 2
      vertex 115.275 -1.04675 0
      vertex 115.275 -1.04675 2
    endloop
  endfacet
  facet normal 0.243117 -0.969997 0
    outer loop
      vertex 113.521 1.57895 0
      vertex 113.678 1.6183 2
      vertex 113.521 1.57895 2
    endloop
  endfacet
  facet normal 0.243117 -0.969997 0
    outer loop
      vertex 113.678 1.6183 2
      vertex 113.521 1.57895 0
      vertex 113.678 1.6183 0
    endloop
  endfacet
  facet normal 0.801607 0.597851 0
    outer loop
      vertex 112.725 -1.04675 2
      vertex 112.628 -0.916691 0
      vertex 112.628 -0.916691 2
    endloop
  endfacet
  facet normal 0.801607 0.597851 0
    outer loop
      vertex 112.628 -0.916691 0
      vertex 112.725 -1.04675 2
      vertex 112.725 -1.04675 0
    endloop
  endfacet
  facet normal 0.743239 0.669026 0
    outer loop
      vertex 112.833 -1.16673 2
      vertex 112.725 -1.04675 0
      vertex 112.725 -1.04675 2
    endloop
  endfacet
  facet normal 0.743239 0.669026 0
    outer loop
      vertex 112.725 -1.04675 0
      vertex 112.833 -1.16673 2
      vertex 112.833 -1.16673 0
    endloop
  endfacet
  facet normal -0.0490151 0.998798 0
    outer loop
      vertex 114.162 -1.64205 0
      vertex 114 -1.65 2
      vertex 114.162 -1.64205 2
    endloop
  endfacet
  facet normal -0.0490151 0.998798 0
    outer loop
      vertex 114 -1.65 2
      vertex 114.162 -1.64205 0
      vertex 114 -1.65 0
    endloop
  endfacet
  facet normal 0.513815 0.857901 -0
    outer loop
      vertex 113.222 -1.45517 0
      vertex 113.083 -1.37192 2
      vertex 113.222 -1.45517 2
    endloop
  endfacet
  facet normal 0.513815 0.857901 0
    outer loop
      vertex 113.083 -1.37192 2
      vertex 113.222 -1.45517 0
      vertex 113.083 -1.37192 0
    endloop
  endfacet
  facet normal 0.970531 0.240977 0
    outer loop
      vertex 112.421 -0.47897 2
      vertex 112.382 -0.321898 0
      vertex 112.382 -0.321898 2
    endloop
  endfacet
  facet normal 0.970531 0.240977 0
    outer loop
      vertex 112.382 -0.321898 0
      vertex 112.421 -0.47897 2
      vertex 112.421 -0.47897 0
    endloop
  endfacet
  facet normal 0.59584 0.803103 -0
    outer loop
      vertex 113.083 -1.37192 0
      vertex 112.953 -1.27547 2
      vertex 113.083 -1.37192 2
    endloop
  endfacet
  facet normal 0.59584 0.803103 0
    outer loop
      vertex 112.953 -1.27547 2
      vertex 113.083 -1.37192 0
      vertex 112.953 -1.27547 0
    endloop
  endfacet
  facet normal 0.0490151 -0.998798 0
    outer loop
      vertex 113.838 1.64205 0
      vertex 114 1.65 2
      vertex 113.838 1.64205 2
    endloop
  endfacet
  facet normal 0.0490151 -0.998798 0
    outer loop
      vertex 114 1.65 2
      vertex 113.838 1.64205 0
      vertex 114 1.65 0
    endloop
  endfacet
  facet normal 0.243117 0.969997 -0
    outer loop
      vertex 113.678 -1.6183 0
      vertex 113.521 -1.57895 2
      vertex 113.678 -1.6183 2
    endloop
  endfacet
  facet normal 0.243117 0.969997 0
    outer loop
      vertex 113.521 -1.57895 2
      vertex 113.678 -1.6183 0
      vertex 113.521 -1.57895 0
    endloop
  endfacet
  facet normal -0.243117 -0.969997 0
    outer loop
      vertex 114.322 1.6183 0
      vertex 114.479 1.57895 2
      vertex 114.322 1.6183 2
    endloop
  endfacet
  facet normal -0.243117 -0.969997 -0
    outer loop
      vertex 114.479 1.57895 2
      vertex 114.322 1.6183 0
      vertex 114.479 1.57895 0
    endloop
  endfacet
  facet normal -0.59584 0.803103 0
    outer loop
      vertex 115.047 -1.27547 0
      vertex 114.917 -1.37192 2
      vertex 115.047 -1.27547 2
    endloop
  endfacet
  facet normal -0.59584 0.803103 0
    outer loop
      vertex 114.917 -1.37192 2
      vertex 115.047 -1.27547 0
      vertex 114.917 -1.37192 0
    endloop
  endfacet
  facet normal 0.858397 -0.512985 0
    outer loop
      vertex 112.545 0.777804 2
      vertex 112.628 0.916691 0
      vertex 112.628 0.916691 2
    endloop
  endfacet
  facet normal 0.858397 -0.512985 0
    outer loop
      vertex 112.628 0.916691 0
      vertex 112.545 0.777804 2
      vertex 112.545 0.777804 0
    endloop
  endfacet
  facet normal -0.671486 0.741018 0
    outer loop
      vertex 115.167 -1.16673 0
      vertex 115.047 -1.27547 2
      vertex 115.167 -1.16673 2
    endloop
  endfacet
  facet normal -0.671486 0.741018 0
    outer loop
      vertex 115.047 -1.27547 2
      vertex 115.167 -1.16673 0
      vertex 115.047 -1.27547 0
    endloop
  endfacet
  facet normal 0.904541 -0.426387 0
    outer loop
      vertex 112.476 0.631427 2
      vertex 112.545 0.777804 0
      vertex 112.545 0.777804 2
    endloop
  endfacet
  facet normal 0.904541 -0.426387 0
    outer loop
      vertex 112.545 0.777804 0
      vertex 112.476 0.631427 2
      vertex 112.476 0.631427 0
    endloop
  endfacet
  facet normal -0.904541 0.426387 0
    outer loop
      vertex 115.455 -0.777804 0
      vertex 115.524 -0.631427 2
      vertex 115.524 -0.631427 0
    endloop
  endfacet
  facet normal -0.904541 0.426387 0
    outer loop
      vertex 115.524 -0.631427 2
      vertex 115.455 -0.777804 0
      vertex 115.455 -0.777804 2
    endloop
  endfacet
  facet normal -0.146829 -0.989162 0
    outer loop
      vertex 114.162 1.64205 0
      vertex 114.322 1.6183 2
      vertex 114.162 1.64205 2
    endloop
  endfacet
  facet normal -0.146829 -0.989162 -0
    outer loop
      vertex 114.322 1.6183 2
      vertex 114.162 1.64205 0
      vertex 114.322 1.6183 0
    endloop
  endfacet
  facet normal 0.998779 -0.0494054 0
    outer loop
      vertex 112.35 0 2
      vertex 112.358 0.161728 0
      vertex 112.358 0.161728 2
    endloop
  endfacet
  facet normal 0.998779 -0.0494054 0
    outer loop
      vertex 112.358 0.161728 0
      vertex 112.35 0 2
      vertex 112.35 0 0
    endloop
  endfacet
  facet normal 0.904541 0.426387 0
    outer loop
      vertex 112.545 -0.777804 2
      vertex 112.476 -0.631427 0
      vertex 112.476 -0.631427 2
    endloop
  endfacet
  facet normal 0.904541 0.426387 0
    outer loop
      vertex 112.476 -0.631427 0
      vertex 112.545 -0.777804 2
      vertex 112.545 -0.777804 0
    endloop
  endfacet
  facet normal 0 0 -1
    outer loop
      vertex 115 0 2
      vertex 115.65 0 2
      vertex 115.642 -0.161728 2
    endloop
  endfacet
  facet normal 0 0 -1
    outer loop
      vertex 114.995 -0.0980167 2
      vertex 115.642 -0.161728 2
      vertex 115.618 -0.321898 2
    endloop
  endfacet
  facet normal 0 0 -1
    outer loop
      vertex 115.65 0 2
      vertex 115 0 2
      vertex 115.642 0.161728 2
    endloop
  endfacet
  facet normal 0 0 -1
    outer loop
      vertex 114.981 -0.19509 2
      vertex 115.618 -0.321898 2
      vertex 115.579 -0.47897 2
    endloop
  endfacet
  facet normal 0 0 -1
    outer loop
      vertex 114.995 0.0980167 2
      vertex 115.642 0.161728 2
      vertex 115 0 2
    endloop
  endfacet
  facet normal 0 0 -1
    outer loop
      vertex 114.957 -0.290284 2
      vertex 115.579 -0.47897 2
      vertex 115.524 -0.631427 2
    endloop
  endfacet
  facet normal -0 0 -1
    outer loop
      vertex 115.642 0.161728 2
      vertex 114.995 0.0980167 2
      vertex 115.618 0.321898 2
    endloop
  endfacet
  facet normal 0 0 -1
    outer loop
      vertex 114.924 -0.382683 2
      vertex 115.524 -0.631427 2
      vertex 115.455 -0.777804 2
    endloop
  endfacet
  facet normal 0 0 -1
    outer loop
      vertex 114.981 0.19509 2
      vertex 115.618 0.321898 2
      vertex 114.995 0.0980167 2
    endloop
  endfacet
  facet normal 0 0 -1
    outer loop
      vertex 114.882 -0.471396 2
      vertex 115.455 -0.777804 2
      vertex 115.372 -0.916691 2
    endloop
  endfacet
  facet normal -0 0 -1
    outer loop
      vertex 115.618 0.321898 2
      vertex 114.981 0.19509 2
      vertex 115.579 0.47897 2
    endloop
  endfacet
  facet normal 0 0 -1
    outer loop
      vertex 114.831 -0.55557 2
      vertex 115.372 -0.916691 2
      vertex 115.275 -1.04675 2
    endloop
  endfacet
  facet normal 0 0 -1
    outer loop
      vertex 114.957 0.290284 2
      vertex 115.579 0.47897 2
      vertex 114.981 0.19509 2
    endloop
  endfacet
  facet normal 0 0 -1
    outer loop
      vertex 114.773 -0.634393 2
      vertex 115.275 -1.04675 2
      vertex 115.167 -1.16673 2
    endloop
  endfacet
  facet normal -0 0 -1
    outer loop
      vertex 115.579 0.47897 2
      vertex 114.957 0.290284 2
      vertex 115.524 0.631427 2
    endloop
  endfacet
  facet normal 0 0 -1
    outer loop
      vertex 114.707 -0.707107 2
      vertex 115.167 -1.16673 2
      vertex 115.047 -1.27547 2
    endloop
  endfacet
  facet normal 0 0 -1
    outer loop
      vertex 114.924 0.382683 2
      vertex 115.524 0.631427 2
      vertex 114.957 0.290284 2
    endloop
  endfacet
  facet normal -0 0 -1
    outer loop
      vertex 115.524 0.631427 2
      vertex 114.924 0.382683 2
      vertex 115.455 0.777804 2
    endloop
  endfacet
  facet normal 0 0 -1
    outer loop
      vertex 115.642 -0.161728 2
      vertex 114.995 -0.0980167 2
      vertex 115 0 2
    endloop
  endfacet
  facet normal 0 0 -1
    outer loop
      vertex 115.618 -0.321898 2
      vertex 114.981 -0.19509 2
      vertex 114.995 -0.0980167 2
    endloop
  endfacet
  facet normal 0 0 -1
    outer loop
      vertex 115.579 -0.47897 2
      vertex 114.957 -0.290284 2
      vertex 114.981 -0.19509 2
    endloop
  endfacet
  facet normal 0 0 -1
    outer loop
      vertex 115.524 -0.631427 2
      vertex 114.924 -0.382683 2
      vertex 114.957 -0.290284 2
    endloop
  endfacet
  facet normal 0 0 -1
    outer loop
      vertex 114.634 -0.77301 2
      vertex 115.047 -1.27547 2
      vertex 114.917 -1.37192 2
    endloop
  endfacet
  facet normal 0 0 -1
    outer loop
      vertex 115.455 -0.777804 2
      vertex 114.882 -0.471396 2
      vertex 114.924 -0.382683 2
    endloop
  endfacet
  facet normal 0 0 -1
    outer loop
      vertex 115.372 -0.916691 2
      vertex 114.831 -0.55557 2
      vertex 114.882 -0.471396 2
    endloop
  endfacet
  facet normal 0 0 -1
    outer loop
      vertex 114.556 -0.83147 2
      vertex 114.917 -1.37192 2
      vertex 114.778 -1.45517 2
    endloop
  endfacet
  facet normal 0 0 -1
    outer loop
      vertex 115.275 -1.04675 2
      vertex 114.773 -0.634393 2
      vertex 114.831 -0.55557 2
    endloop
  endfacet
  facet normal 0 0 -1
    outer loop
      vertex 115.167 -1.16673 2
      vertex 114.707 -0.707107 2
      vertex 114.773 -0.634393 2
    endloop
  endfacet
  facet normal 0 0 -1
    outer loop
      vertex 115.047 -1.27547 2
      vertex 114.634 -0.77301 2
      vertex 114.707 -0.707107 2
    endloop
  endfacet
  facet normal 0 0 -1
    outer loop
      vertex 114.471 -0.881921 2
      vertex 114.778 -1.45517 2
      vertex 114.631 -1.5244 2
    endloop
  endfacet
  facet normal 0 0 -1
    outer loop
      vertex 114.917 -1.37192 2
      vertex 114.556 -0.83147 2
      vertex 114.634 -0.77301 2
    endloop
  endfacet
  facet normal 0 0 -1
    outer loop
      vertex 114.383 -0.923879 2
      vertex 114.631 -1.5244 2
      vertex 114.479 -1.57895 2
    endloop
  endfacet
  facet normal 0 0 -1
    outer loop
      vertex 114.778 -1.45517 2
      vertex 114.471 -0.881921 2
      vertex 114.556 -0.83147 2
    endloop
  endfacet
  facet normal 0 0 -1
    outer loop
      vertex 114.631 -1.5244 2
      vertex 114.383 -0.923879 2
      vertex 114.471 -0.881921 2
    endloop
  endfacet
  facet normal 0 0 -1
    outer loop
      vertex 114.29 -0.95694 2
      vertex 114.479 -1.57895 2
      vertex 114.322 -1.6183 2
    endloop
  endfacet
  facet normal 0 0 -1
    outer loop
      vertex 114.479 -1.57895 2
      vertex 114.29 -0.95694 2
      vertex 114.383 -0.923879 2
    endloop
  endfacet
  facet normal 0 0 -1
    outer loop
      vertex 114.322 -1.6183 2
      vertex 114.195 -0.980784 2
      vertex 114.29 -0.95694 2
    endloop
  endfacet
  facet normal 0 0 -1
    outer loop
      vertex 114.162 -1.64205 2
      vertex 114.195 -0.980784 2
      vertex 114.322 -1.6183 2
    endloop
  endfacet
  facet normal 0 0 -1
    outer loop
      vertex 114.162 -1.64205 2
      vertex 114.098 -0.995184 2
      vertex 114.195 -0.980784 2
    endloop
  endfacet
  facet normal 0 0 -1
    outer loop
      vertex 114 -1.65 2
      vertex 114.098 -0.995184 2
      vertex 114.162 -1.64205 2
    endloop
  endfacet
  facet normal 0 0 -1
    outer loop
      vertex 114 -1.65 2
      vertex 114 -1 2
      vertex 114.098 -0.995184 2
    endloop
  endfacet
  facet normal 0 0 -1
    outer loop
      vertex 114 -1.65 2
      vertex 113.902 -0.995184 2
      vertex 114 -1 2
    endloop
  endfacet
  facet normal 0 0 -1
    outer loop
      vertex 113.838 -1.64205 2
      vertex 113.902 -0.995184 2
      vertex 114 -1.65 2
    endloop
  endfacet
  facet normal 0 0 -1
    outer loop
      vertex 113.838 -1.64205 2
      vertex 113.805 -0.980784 2
      vertex 113.902 -0.995184 2
    endloop
  endfacet
  facet normal 0 0 -1
    outer loop
      vertex 113.678 -1.6183 2
      vertex 113.805 -0.980784 2
      vertex 113.838 -1.64205 2
    endloop
  endfacet
  facet normal -0 0 -1
    outer loop
      vertex 113.805 -0.980784 2
      vertex 113.678 -1.6183 2
      vertex 113.71 -0.95694 2
    endloop
  endfacet
  facet normal 0 0 -1
    outer loop
      vertex 113.521 -1.57895 2
      vertex 113.71 -0.95694 2
      vertex 113.678 -1.6183 2
    endloop
  endfacet
  facet normal -0 0 -1
    outer loop
      vertex 113.71 -0.95694 2
      vertex 113.521 -1.57895 2
      vertex 113.617 -0.923879 2
    endloop
  endfacet
  facet normal 0 0 -1
    outer loop
      vertex 113.369 -1.5244 2
      vertex 113.617 -0.923879 2
      vertex 113.521 -1.57895 2
    endloop
  endfacet
  facet normal -0 0 -1
    outer loop
      vertex 113.617 -0.923879 2
      vertex 113.369 -1.5244 2
      vertex 113.529 -0.881921 2
    endloop
  endfacet
  facet normal 0 0 -1
    outer loop
      vertex 113.222 -1.45517 2
      vertex 113.529 -0.881921 2
      vertex 113.369 -1.5244 2
    endloop
  endfacet
  facet normal -0 0 -1
    outer loop
      vertex 113.529 -0.881921 2
      vertex 113.222 -1.45517 2
      vertex 113.444 -0.83147 2
    endloop
  endfacet
  facet normal 0 0 -1
    outer loop
      vertex 113.083 -1.37192 2
      vertex 113.444 -0.83147 2
      vertex 113.222 -1.45517 2
    endloop
  endfacet
  facet normal -0 0 -1
    outer loop
      vertex 113.444 -0.83147 2
      vertex 113.083 -1.37192 2
      vertex 113.366 -0.77301 2
    endloop
  endfacet
  facet normal 0 0 -1
    outer loop
      vertex 112.953 -1.27547 2
      vertex 113.366 -0.77301 2
      vertex 113.083 -1.37192 2
    endloop
  endfacet
  facet normal -0 0 -1
    outer loop
      vertex 113.366 -0.77301 2
      vertex 112.953 -1.27547 2
      vertex 113.293 -0.707107 2
    endloop
  endfacet
  facet normal 0 0 -1
    outer loop
      vertex 112.833 -1.16673 2
      vertex 113.293 -0.707107 2
      vertex 112.953 -1.27547 2
    endloop
  endfacet
  facet normal -0 0 -1
    outer loop
      vertex 113.293 -0.707107 2
      vertex 112.833 -1.16673 2
      vertex 113.227 -0.634393 2
    endloop
  endfacet
  facet normal 0 0 -1
    outer loop
      vertex 112.725 -1.04675 2
      vertex 113.227 -0.634393 2
      vertex 112.833 -1.16673 2
    endloop
  endfacet
  facet normal -0 0 -1
    outer loop
      vertex 113.227 -0.634393 2
      vertex 112.725 -1.04675 2
      vertex 113.169 -0.55557 2
    endloop
  endfacet
  facet normal 0 0 -1
    outer loop
      vertex 112.628 -0.916691 2
      vertex 113.169 -0.55557 2
      vertex 112.725 -1.04675 2
    endloop
  endfacet
  facet normal -0 0 -1
    outer loop
      vertex 113.169 -0.55557 2
      vertex 112.628 -0.916691 2
      vertex 113.118 -0.471396 2
    endloop
  endfacet
  facet normal -0 0 -1
    outer loop
      vertex 113.118 -0.471396 2
      vertex 112.545 -0.777804 2
      vertex 113.076 -0.382683 2
    endloop
  endfacet
  facet normal 0 0 -1
    outer loop
      vertex 112.545 -0.777804 2
      vertex 113.118 -0.471396 2
      vertex 112.628 -0.916691 2
    endloop
  endfacet
  facet normal 0 0 -1
    outer loop
      vertex 114.882 0.471396 2
      vertex 115.455 0.777804 2
      vertex 114.924 0.382683 2
    endloop
  endfacet
  facet normal -0 0 -1
    outer loop
      vertex 115.455 0.777804 2
      vertex 114.882 0.471396 2
      vertex 115.372 0.916691 2
    endloop
  endfacet
  facet normal 0 0 -1
    outer loop
      vertex 114.831 0.55557 2
      vertex 115.372 0.916691 2
      vertex 114.882 0.471396 2
    endloop
  endfacet
  facet normal -0 0 -1
    outer loop
      vertex 115.372 0.916691 2
      vertex 114.831 0.55557 2
      vertex 115.275 1.04675 2
    endloop
  endfacet
  facet normal 0 0 -1
    outer loop
      vertex 114.773 0.634393 2
      vertex 115.275 1.04675 2
      vertex 114.831 0.55557 2
    endloop
  endfacet
  facet normal -0 0 -1
    outer loop
      vertex 115.275 1.04675 2
      vertex 114.773 0.634393 2
      vertex 115.167 1.16673 2
    endloop
  endfacet
  facet normal 0 0 -1
    outer loop
      vertex 114.707 0.707107 2
      vertex 115.167 1.16673 2
      vertex 114.773 0.634393 2
    endloop
  endfacet
  facet normal -0 0 -1
    outer loop
      vertex 115.167 1.16673 2
      vertex 114.707 0.707107 2
      vertex 115.047 1.27547 2
    endloop
  endfacet
  facet normal 0 0 -1
    outer loop
      vertex 114.634 0.77301 2
      vertex 115.047 1.27547 2
      vertex 114.707 0.707107 2
    endloop
  endfacet
  facet normal -0 0 -1
    outer loop
      vertex 115.047 1.27547 2
      vertex 114.634 0.77301 2
      vertex 114.917 1.37192 2
    endloop
  endfacet
  facet normal 0 0 -1
    outer loop
      vertex 114.556 0.83147 2
      vertex 114.917 1.37192 2
      vertex 114.634 0.77301 2
    endloop
  endfacet
  facet normal -0 0 -1
    outer loop
      vertex 114.917 1.37192 2
      vertex 114.556 0.83147 2
      vertex 114.778 1.45517 2
    endloop
  endfacet
  facet normal 0 0 -1
    outer loop
      vertex 114.471 0.881921 2
      vertex 114.778 1.45517 2
      vertex 114.556 0.83147 2
    endloop
  endfacet
  facet normal -0 0 -1
    outer loop
      vertex 114.778 1.45517 2
      vertex 114.471 0.881921 2
      vertex 114.631 1.5244 2
    endloop
  endfacet
  facet normal 0 0 -1
    outer loop
      vertex 114.383 0.923879 2
      vertex 114.631 1.5244 2
      vertex 114.471 0.881921 2
    endloop
  endfacet
  facet normal -0 0 -1
    outer loop
      vertex 114.631 1.5244 2
      vertex 114.383 0.923879 2
      vertex 114.479 1.57895 2
    endloop
  endfacet
  facet normal 0 0 -1
    outer loop
      vertex 114.29 0.95694 2
      vertex 114.479 1.57895 2
      vertex 114.383 0.923879 2
    endloop
  endfacet
  facet normal -0 0 -1
    outer loop
      vertex 114.479 1.57895 2
      vertex 114.29 0.95694 2
      vertex 114.322 1.6183 2
    endloop
  endfacet
  facet normal 0 0 -1
    outer loop
      vertex 114.195 0.980784 2
      vertex 114.322 1.6183 2
      vertex 114.29 0.95694 2
    endloop
  endfacet
  facet normal 0 0 -1
    outer loop
      vertex 114.195 0.980784 2
      vertex 114.162 1.64205 2
      vertex 114.322 1.6183 2
    endloop
  endfacet
  facet normal 0 0 -1
    outer loop
      vertex 114.098 0.995184 2
      vertex 114.162 1.64205 2
      vertex 114.195 0.980784 2
    endloop
  endfacet
  facet normal 0 0 -1
    outer loop
      vertex 114 1 2
      vertex 114.162 1.64205 2
      vertex 114.098 0.995184 2
    endloop
  endfacet
  facet normal 0 0 -1
    outer loop
      vertex 114 1 2
      vertex 114 1.65 2
      vertex 114.162 1.64205 2
    endloop
  endfacet
  facet normal 0 0 -1
    outer loop
      vertex 113.902 0.995184 2
      vertex 114 1.65 2
      vertex 114 1 2
    endloop
  endfacet
  facet normal 0 0 -1
    outer loop
      vertex 113.902 0.995184 2
      vertex 113.838 1.64205 2
      vertex 114 1.65 2
    endloop
  endfacet
  facet normal 0 0 -1
    outer loop
      vertex 113.805 0.980784 2
      vertex 113.838 1.64205 2
      vertex 113.902 0.995184 2
    endloop
  endfacet
  facet normal 0 0 -1
    outer loop
      vertex 113.678 1.6183 2
      vertex 113.805 0.980784 2
      vertex 113.71 0.95694 2
    endloop
  endfacet
  facet normal 0 0 -1
    outer loop
      vertex 113.805 0.980784 2
      vertex 113.678 1.6183 2
      vertex 113.838 1.64205 2
    endloop
  endfacet
  facet normal 0 0 -1
    outer loop
      vertex 113.521 1.57895 2
      vertex 113.71 0.95694 2
      vertex 113.617 0.923879 2
    endloop
  endfacet
  facet normal 0 0 -1
    outer loop
      vertex 113.369 1.5244 2
      vertex 113.617 0.923879 2
      vertex 113.529 0.881921 2
    endloop
  endfacet
  facet normal 0 0 -1
    outer loop
      vertex 113.71 0.95694 2
      vertex 113.521 1.57895 2
      vertex 113.678 1.6183 2
    endloop
  endfacet
  facet normal 0 0 -1
    outer loop
      vertex 113.222 1.45517 2
      vertex 113.529 0.881921 2
      vertex 113.444 0.83147 2
    endloop
  endfacet
  facet normal 0 0 -1
    outer loop
      vertex 113.617 0.923879 2
      vertex 113.369 1.5244 2
      vertex 113.521 1.57895 2
    endloop
  endfacet
  facet normal 0 0 -1
    outer loop
      vertex 113.083 1.37192 2
      vertex 113.444 0.83147 2
      vertex 113.366 0.77301 2
    endloop
  endfacet
  facet normal 0 0 -1
    outer loop
      vertex 112.953 1.27547 2
      vertex 113.366 0.77301 2
      vertex 113.293 0.707107 2
    endloop
  endfacet
  facet normal 0 0 -1
    outer loop
      vertex 112.833 1.16673 2
      vertex 113.293 0.707107 2
      vertex 113.227 0.634393 2
    endloop
  endfacet
  facet normal 0 0 -1
    outer loop
      vertex 113.529 0.881921 2
      vertex 113.222 1.45517 2
      vertex 113.369 1.5244 2
    endloop
  endfacet
  facet normal 0 0 -1
    outer loop
      vertex 112.725 1.04675 2
      vertex 113.227 0.634393 2
      vertex 113.169 0.55557 2
    endloop
  endfacet
  facet normal 0 0 -1
    outer loop
      vertex 112.628 0.916691 2
      vertex 113.169 0.55557 2
      vertex 113.118 0.471396 2
    endloop
  endfacet
  facet normal 0 0 -1
    outer loop
      vertex 113.444 0.83147 2
      vertex 113.083 1.37192 2
      vertex 113.222 1.45517 2
    endloop
  endfacet
  facet normal 0 0 -1
    outer loop
      vertex 112.545 0.777804 2
      vertex 113.118 0.471396 2
      vertex 113.076 0.382683 2
    endloop
  endfacet
  facet normal 0 0 -1
    outer loop
      vertex 112.476 0.631427 2
      vertex 113.076 0.382683 2
      vertex 113.043 0.290284 2
    endloop
  endfacet
  facet normal 0 0 -1
    outer loop
      vertex 112.421 0.47897 2
      vertex 113.043 0.290284 2
      vertex 113.019 0.19509 2
    endloop
  endfacet
  facet normal 0 0 -1
    outer loop
      vertex 112.382 0.321898 2
      vertex 113.019 0.19509 2
      vertex 113.005 0.0980167 2
    endloop
  endfacet
  facet normal 0 0 -1
    outer loop
      vertex 113.366 0.77301 2
      vertex 112.953 1.27547 2
      vertex 113.083 1.37192 2
    endloop
  endfacet
  facet normal 0 0 -1
    outer loop
      vertex 112.358 0.161728 2
      vertex 113.005 0.0980167 2
      vertex 113 0 2
    endloop
  endfacet
  facet normal 0 0 -1
    outer loop
      vertex 112.476 -0.631427 2
      vertex 113.076 -0.382683 2
      vertex 112.545 -0.777804 2
    endloop
  endfacet
  facet normal -0 0 -1
    outer loop
      vertex 113.076 -0.382683 2
      vertex 112.476 -0.631427 2
      vertex 113.043 -0.290284 2
    endloop
  endfacet
  facet normal 0 0 -1
    outer loop
      vertex 113.293 0.707107 2
      vertex 112.833 1.16673 2
      vertex 112.953 1.27547 2
    endloop
  endfacet
  facet normal 0 0 -1
    outer loop
      vertex 112.421 -0.47897 2
      vertex 113.043 -0.290284 2
      vertex 112.476 -0.631427 2
    endloop
  endfacet
  facet normal 0 0 -1
    outer loop
      vertex 113.227 0.634393 2
      vertex 112.725 1.04675 2
      vertex 112.833 1.16673 2
    endloop
  endfacet
  facet normal -0 0 -1
    outer loop
      vertex 113.043 -0.290284 2
      vertex 112.421 -0.47897 2
      vertex 113.019 -0.19509 2
    endloop
  endfacet
  facet normal 0 0 -1
    outer loop
      vertex 113.169 0.55557 2
      vertex 112.628 0.916691 2
      vertex 112.725 1.04675 2
    endloop
  endfacet
  facet normal 0 0 -1
    outer loop
      vertex 112.382 -0.321898 2
      vertex 113.019 -0.19509 2
      vertex 112.421 -0.47897 2
    endloop
  endfacet
  facet normal 0 0 -1
    outer loop
      vertex 113.118 0.471396 2
      vertex 112.545 0.777804 2
      vertex 112.628 0.916691 2
    endloop
  endfacet
  facet normal -0 0 -1
    outer loop
      vertex 113.019 -0.19509 2
      vertex 112.382 -0.321898 2
      vertex 113.005 -0.0980167 2
    endloop
  endfacet
  facet normal 0 0 -1
    outer loop
      vertex 113.076 0.382683 2
      vertex 112.476 0.631427 2
      vertex 112.545 0.777804 2
    endloop
  endfacet
  facet normal 0 0 -1
    outer loop
      vertex 112.358 -0.161728 2
      vertex 113.005 -0.0980167 2
      vertex 112.382 -0.321898 2
    endloop
  endfacet
  facet normal 0 0 -1
    outer loop
      vertex 113.043 0.290284 2
      vertex 112.421 0.47897 2
      vertex 112.476 0.631427 2
    endloop
  endfacet
  facet normal -0 0 -1
    outer loop
      vertex 113.005 -0.0980167 2
      vertex 112.358 -0.161728 2
      vertex 113 0 2
    endloop
  endfacet
  facet normal 0 0 -1
    outer loop
      vertex 113.019 0.19509 2
      vertex 112.382 0.321898 2
      vertex 112.421 0.47897 2
    endloop
  endfacet
  facet normal 0 0 -1
    outer loop
      vertex 112.35 0 2
      vertex 113 0 2
      vertex 112.358 -0.161728 2
    endloop
  endfacet
  facet normal 0 0 -1
    outer loop
      vertex 113.005 0.0980167 2
      vertex 112.358 0.161728 2
      vertex 112.382 0.321898 2
    endloop
  endfacet
  facet normal 0 0 -1
    outer loop
      vertex 113 0 2
      vertex 112.35 0 2
      vertex 112.358 0.161728 2
    endloop
  endfacet
  facet normal -0.146844 -0.98916 0
    outer loop
      vertex 114.098 0.995184 2
      vertex 114.195 0.980784 20
      vertex 114.098 0.995184 20
    endloop
  endfacet
  facet normal -0.146844 -0.98916 -0
    outer loop
      vertex 114.195 0.980784 20
      vertex 114.098 0.995184 2
      vertex 114.195 0.980784 2
    endloop
  endfacet
  facet normal -0.98976 -0.142744 0
    outer loop
      vertex 114.995 0.0980167 2
      vertex 114.981 0.19509 20
      vertex 114.981 0.19509 2
    endloop
  endfacet
  facet normal -0.98976 -0.142744 0
    outer loop
      vertex 114.981 0.19509 20
      vertex 114.995 0.0980167 2
      vertex 114.995 0.0980167 20
    endloop
  endfacet
  facet normal -0.998701 -0.0509455 0
    outer loop
      vertex 115 0 2
      vertex 114.995 0.0980167 20
      vertex 114.995 0.0980167 2
    endloop
  endfacet
  facet normal -0.998701 -0.0509455 0
    outer loop
      vertex 114.995 0.0980167 20
      vertex 115 0 2
      vertex 115 0 20
    endloop
  endfacet
  facet normal -0.969658 -0.244467 0
    outer loop
      vertex 114.981 0.19509 2
      vertex 114.957 0.290284 20
      vertex 114.957 0.290284 2
    endloop
  endfacet
  facet normal -0.969658 -0.244467 0
    outer loop
      vertex 114.957 0.290284 20
      vertex 114.981 0.19509 2
      vertex 114.981 0.19509 20
    endloop
  endfacet
  facet normal -0.0490836 -0.998795 0
    outer loop
      vertex 114 1 2
      vertex 114.098 0.995184 20
      vertex 114 1 20
    endloop
  endfacet
  facet normal -0.0490836 -0.998795 -0
    outer loop
      vertex 114.098 0.995184 20
      vertex 114 1 2
      vertex 114.098 0.995184 2
    endloop
  endfacet
  facet normal -0.805447 -0.592668 0
    outer loop
      vertex 114.831 0.55557 2
      vertex 114.773 0.634393 20
      vertex 114.773 0.634393 2
    endloop
  endfacet
  facet normal -0.805447 -0.592668 0
    outer loop
      vertex 114.773 0.634393 20
      vertex 114.831 0.55557 2
      vertex 114.831 0.55557 20
    endloop
  endfacet
  facet normal 0.941741 0.33634 0
    outer loop
      vertex 113.076 -0.382683 20
      vertex 113.043 -0.290284 2
      vertex 113.043 -0.290284 20
    endloop
  endfacet
  facet normal 0.941741 0.33634 0
    outer loop
      vertex 113.043 -0.290284 2
      vertex 113.076 -0.382683 20
      vertex 113.076 -0.382683 2
    endloop
  endfacet
  facet normal -0.740465 -0.672095 0
    outer loop
      vertex 114.773 0.634393 2
      vertex 114.707 0.707107 20
      vertex 114.707 0.707107 2
    endloop
  endfacet
  facet normal -0.740465 -0.672095 0
    outer loop
      vertex 114.707 0.707107 20
      vertex 114.773 0.634393 2
      vertex 114.773 0.634393 20
    endloop
  endfacet
  facet normal -0.998701 0.0509455 0
    outer loop
      vertex 114.995 -0.0980167 2
      vertex 115 0 20
      vertex 115 0 2
    endloop
  endfacet
  facet normal -0.998701 0.0509455 0
    outer loop
      vertex 115 0 20
      vertex 114.995 -0.0980167 2
      vertex 114.995 -0.0980167 20
    endloop
  endfacet
  facet normal -0.146844 0.98916 0
    outer loop
      vertex 114.195 -0.980784 2
      vertex 114.098 -0.995184 20
      vertex 114.195 -0.980784 20
    endloop
  endfacet
  facet normal -0.146844 0.98916 0
    outer loop
      vertex 114.098 -0.995184 20
      vertex 114.195 -0.980784 2
      vertex 114.098 -0.995184 2
    endloop
  endfacet
  facet normal -0.243439 -0.969916 0
    outer loop
      vertex 114.195 0.980784 2
      vertex 114.29 0.95694 20
      vertex 114.195 0.980784 20
    endloop
  endfacet
  facet normal -0.243439 -0.969916 -0
    outer loop
      vertex 114.29 0.95694 20
      vertex 114.195 0.980784 2
      vertex 114.29 0.95694 2
    endloop
  endfacet
  facet normal -0.0490836 0.998795 0
    outer loop
      vertex 114.098 -0.995184 2
      vertex 114 -1 20
      vertex 114.098 -0.995184 20
    endloop
  endfacet
  facet normal -0.0490836 0.998795 0
    outer loop
      vertex 114 -1 20
      vertex 114.098 -0.995184 2
      vertex 114 -1 2
    endloop
  endfacet
  facet normal -0.510406 0.859934 0
    outer loop
      vertex 114.556 -0.83147 2
      vertex 114.471 -0.881921 20
      vertex 114.556 -0.83147 20
    endloop
  endfacet
  facet normal -0.510406 0.859934 0
    outer loop
      vertex 114.471 -0.881921 20
      vertex 114.556 -0.83147 2
      vertex 114.471 -0.881921 2
    endloop
  endfacet
  facet normal 0.0490836 -0.998795 0
    outer loop
      vertex 113.902 0.995184 2
      vertex 114 1 20
      vertex 113.902 0.995184 20
    endloop
  endfacet
  facet normal 0.0490836 -0.998795 0
    outer loop
      vertex 114 1 20
      vertex 113.902 0.995184 2
      vertex 114 1 2
    endloop
  endfacet
  facet normal -0.805447 0.592668 0
    outer loop
      vertex 114.773 -0.634393 2
      vertex 114.831 -0.55557 20
      vertex 114.831 -0.55557 2
    endloop
  endfacet
  facet normal -0.805447 0.592668 0
    outer loop
      vertex 114.831 -0.55557 20
      vertex 114.773 -0.634393 2
      vertex 114.773 -0.634393 20
    endloop
  endfacet
  facet normal 0.243439 -0.969916 0
    outer loop
      vertex 113.71 0.95694 2
      vertex 113.805 0.980784 20
      vertex 113.71 0.95694 20
    endloop
  endfacet
  facet normal 0.243439 -0.969916 0
    outer loop
      vertex 113.805 0.980784 20
      vertex 113.71 0.95694 2
      vertex 113.805 0.980784 2
    endloop
  endfacet
  facet normal 0.510406 0.859934 -0
    outer loop
      vertex 113.529 -0.881921 2
      vertex 113.444 -0.83147 20
      vertex 113.529 -0.881921 20
    endloop
  endfacet
  facet normal 0.510406 0.859934 0
    outer loop
      vertex 113.444 -0.83147 20
      vertex 113.529 -0.881921 2
      vertex 113.444 -0.83147 2
    endloop
  endfacet
  facet normal -0.599737 -0.800197 0
    outer loop
      vertex 114.556 0.83147 2
      vertex 114.634 0.77301 20
      vertex 114.556 0.83147 20
    endloop
  endfacet
  facet normal -0.599737 -0.800197 -0
    outer loop
      vertex 114.634 0.77301 20
      vertex 114.556 0.83147 2
      vertex 114.634 0.77301 2
    endloop
  endfacet
  facet normal -0.969658 0.244467 0
    outer loop
      vertex 114.957 -0.290284 2
      vertex 114.981 -0.19509 20
      vertex 114.981 -0.19509 2
    endloop
  endfacet
  facet normal -0.969658 0.244467 0
    outer loop
      vertex 114.981 -0.19509 20
      vertex 114.957 -0.290284 2
      vertex 114.957 -0.290284 20
    endloop
  endfacet
  facet normal 0.969658 -0.244467 0
    outer loop
      vertex 113.019 0.19509 20
      vertex 113.043 0.290284 2
      vertex 113.043 0.290284 20
    endloop
  endfacet
  facet normal 0.969658 -0.244467 0
    outer loop
      vertex 113.043 0.290284 2
      vertex 113.019 0.19509 20
      vertex 113.019 0.19509 2
    endloop
  endfacet
  facet normal 0.903824 0.427904 0
    outer loop
      vertex 113.118 -0.471396 20
      vertex 113.076 -0.382683 2
      vertex 113.076 -0.382683 20
    endloop
  endfacet
  facet normal 0.903824 0.427904 0
    outer loop
      vertex 113.076 -0.382683 2
      vertex 113.118 -0.471396 20
      vertex 113.118 -0.471396 2
    endloop
  endfacet
  facet normal 0.599737 -0.800197 0
    outer loop
      vertex 113.366 0.77301 2
      vertex 113.444 0.83147 20
      vertex 113.366 0.77301 20
    endloop
  endfacet
  facet normal 0.599737 -0.800197 0
    outer loop
      vertex 113.444 0.83147 20
      vertex 113.366 0.77301 2
      vertex 113.444 0.83147 2
    endloop
  endfacet
  facet normal -0.510406 -0.859934 0
    outer loop
      vertex 114.471 0.881921 2
      vertex 114.556 0.83147 20
      vertex 114.471 0.881921 20
    endloop
  endfacet
  facet normal -0.510406 -0.859934 -0
    outer loop
      vertex 114.556 0.83147 20
      vertex 114.471 0.881921 2
      vertex 114.556 0.83147 2
    endloop
  endfacet
  facet normal -0.903824 0.427904 0
    outer loop
      vertex 114.882 -0.471396 2
      vertex 114.924 -0.382683 20
      vertex 114.924 -0.382683 2
    endloop
  endfacet
  facet normal -0.903824 0.427904 0
    outer loop
      vertex 114.924 -0.382683 20
      vertex 114.882 -0.471396 2
      vertex 114.882 -0.471396 20
    endloop
  endfacet
  facet normal 0.670104 -0.742267 0
    outer loop
      vertex 113.293 0.707107 2
      vertex 113.366 0.77301 20
      vertex 113.293 0.707107 20
    endloop
  endfacet
  facet normal 0.670104 -0.742267 0
    outer loop
      vertex 113.366 0.77301 20
      vertex 113.293 0.707107 2
      vertex 113.366 0.77301 2
    endloop
  endfacet
  facet normal -0.903824 -0.427904 0
    outer loop
      vertex 114.924 0.382683 2
      vertex 114.882 0.471396 20
      vertex 114.882 0.471396 2
    endloop
  endfacet
  facet normal -0.903824 -0.427904 0
    outer loop
      vertex 114.882 0.471396 20
      vertex 114.924 0.382683 2
      vertex 114.924 0.382683 20
    endloop
  endfacet
  facet normal 0.969658 0.244467 0
    outer loop
      vertex 113.043 -0.290284 20
      vertex 113.019 -0.19509 2
      vertex 113.019 -0.19509 20
    endloop
  endfacet
  facet normal 0.969658 0.244467 0
    outer loop
      vertex 113.019 -0.19509 2
      vertex 113.043 -0.290284 20
      vertex 113.043 -0.290284 2
    endloop
  endfacet
  facet normal -0.941741 -0.33634 0
    outer loop
      vertex 114.957 0.290284 2
      vertex 114.924 0.382683 20
      vertex 114.924 0.382683 2
    endloop
  endfacet
  facet normal -0.941741 -0.33634 0
    outer loop
      vertex 114.924 0.382683 20
      vertex 114.957 0.290284 2
      vertex 114.957 0.290284 20
    endloop
  endfacet
  facet normal 0.146844 0.98916 -0
    outer loop
      vertex 113.902 -0.995184 2
      vertex 113.805 -0.980784 20
      vertex 113.902 -0.995184 20
    endloop
  endfacet
  facet normal 0.146844 0.98916 0
    outer loop
      vertex 113.805 -0.980784 20
      vertex 113.902 -0.995184 2
      vertex 113.805 -0.980784 2
    endloop
  endfacet
  facet normal -0.430379 0.902648 0
    outer loop
      vertex 114.471 -0.881921 2
      vertex 114.383 -0.923879 20
      vertex 114.471 -0.881921 20
    endloop
  endfacet
  facet normal -0.430379 0.902648 0
    outer loop
      vertex 114.383 -0.923879 20
      vertex 114.471 -0.881921 2
      vertex 114.383 -0.923879 2
    endloop
  endfacet
  facet normal -0.430379 -0.902648 0
    outer loop
      vertex 114.383 0.923879 2
      vertex 114.471 0.881921 20
      vertex 114.383 0.923879 20
    endloop
  endfacet
  facet normal -0.430379 -0.902648 -0
    outer loop
      vertex 114.471 0.881921 20
      vertex 114.383 0.923879 2
      vertex 114.471 0.881921 2
    endloop
  endfacet
  facet normal -0.855263 0.518194 0
    outer loop
      vertex 114.831 -0.55557 2
      vertex 114.882 -0.471396 20
      vertex 114.882 -0.471396 2
    endloop
  endfacet
  facet normal -0.855263 0.518194 0
    outer loop
      vertex 114.882 -0.471396 20
      vertex 114.831 -0.55557 2
      vertex 114.831 -0.55557 20
    endloop
  endfacet
  facet normal -0.334959 0.942233 0
    outer loop
      vertex 114.383 -0.923879 2
      vertex 114.29 -0.95694 20
      vertex 114.383 -0.923879 20
    endloop
  endfacet
  facet normal -0.334959 0.942233 0
    outer loop
      vertex 114.29 -0.95694 20
      vertex 114.383 -0.923879 2
      vertex 114.29 -0.95694 2
    endloop
  endfacet
  facet normal -0.98976 0.142744 0
    outer loop
      vertex 114.981 -0.19509 2
      vertex 114.995 -0.0980167 20
      vertex 114.995 -0.0980167 2
    endloop
  endfacet
  facet normal -0.98976 0.142744 0
    outer loop
      vertex 114.995 -0.0980167 20
      vertex 114.981 -0.19509 2
      vertex 114.981 -0.19509 20
    endloop
  endfacet
  facet normal 0.334959 -0.942233 0
    outer loop
      vertex 113.617 0.923879 2
      vertex 113.71 0.95694 20
      vertex 113.617 0.923879 20
    endloop
  endfacet
  facet normal 0.334959 -0.942233 0
    outer loop
      vertex 113.71 0.95694 20
      vertex 113.617 0.923879 2
      vertex 113.71 0.95694 2
    endloop
  endfacet
  facet normal -0.334959 -0.942233 0
    outer loop
      vertex 114.29 0.95694 2
      vertex 114.383 0.923879 20
      vertex 114.29 0.95694 20
    endloop
  endfacet
  facet normal -0.334959 -0.942233 -0
    outer loop
      vertex 114.383 0.923879 20
      vertex 114.29 0.95694 2
      vertex 114.383 0.923879 2
    endloop
  endfacet
  facet normal 0.98976 -0.142744 0
    outer loop
      vertex 113.005 0.0980167 20
      vertex 113.019 0.19509 2
      vertex 113.019 0.19509 20
    endloop
  endfacet
  facet normal 0.98976 -0.142744 0
    outer loop
      vertex 113.019 0.19509 2
      vertex 113.005 0.0980167 20
      vertex 113.005 0.0980167 2
    endloop
  endfacet
  facet normal 0.146844 -0.98916 0
    outer loop
      vertex 113.805 0.980784 2
      vertex 113.902 0.995184 20
      vertex 113.805 0.980784 20
    endloop
  endfacet
  facet normal 0.146844 -0.98916 0
    outer loop
      vertex 113.902 0.995184 20
      vertex 113.805 0.980784 2
      vertex 113.902 0.995184 2
    endloop
  endfacet
  facet normal 0.510406 -0.859934 0
    outer loop
      vertex 113.444 0.83147 2
      vertex 113.529 0.881921 20
      vertex 113.444 0.83147 20
    endloop
  endfacet
  facet normal 0.510406 -0.859934 0
    outer loop
      vertex 113.529 0.881921 20
      vertex 113.444 0.83147 2
      vertex 113.529 0.881921 2
    endloop
  endfacet
  facet normal 0.430379 -0.902648 0
    outer loop
      vertex 113.529 0.881921 2
      vertex 113.617 0.923879 20
      vertex 113.529 0.881921 20
    endloop
  endfacet
  facet normal 0.430379 -0.902648 0
    outer loop
      vertex 113.617 0.923879 20
      vertex 113.529 0.881921 2
      vertex 113.617 0.923879 2
    endloop
  endfacet
  facet normal 0.998701 -0.0509455 0
    outer loop
      vertex 113 0 20
      vertex 113.005 0.0980167 2
      vertex 113.005 0.0980167 20
    endloop
  endfacet
  facet normal 0.998701 -0.0509455 0
    outer loop
      vertex 113.005 0.0980167 2
      vertex 113 0 20
      vertex 113 0 2
    endloop
  endfacet
  facet normal -0.855263 -0.518194 0
    outer loop
      vertex 114.882 0.471396 2
      vertex 114.831 0.55557 20
      vertex 114.831 0.55557 2
    endloop
  endfacet
  facet normal -0.855263 -0.518194 0
    outer loop
      vertex 114.831 0.55557 20
      vertex 114.882 0.471396 2
      vertex 114.882 0.471396 20
    endloop
  endfacet
  facet normal -0.740465 0.672095 0
    outer loop
      vertex 114.707 -0.707107 2
      vertex 114.773 -0.634393 20
      vertex 114.773 -0.634393 2
    endloop
  endfacet
  facet normal -0.740465 0.672095 0
    outer loop
      vertex 114.773 -0.634393 20
      vertex 114.707 -0.707107 2
      vertex 114.707 -0.707107 20
    endloop
  endfacet
  facet normal 0.855263 -0.518194 0
    outer loop
      vertex 113.118 0.471396 20
      vertex 113.169 0.55557 2
      vertex 113.169 0.55557 20
    endloop
  endfacet
  facet normal 0.855263 -0.518194 0
    outer loop
      vertex 113.169 0.55557 2
      vertex 113.118 0.471396 20
      vertex 113.118 0.471396 2
    endloop
  endfacet
  facet normal -0.941741 0.33634 0
    outer loop
      vertex 114.924 -0.382683 2
      vertex 114.957 -0.290284 20
      vertex 114.957 -0.290284 2
    endloop
  endfacet
  facet normal -0.941741 0.33634 0
    outer loop
      vertex 114.957 -0.290284 20
      vertex 114.924 -0.382683 2
      vertex 114.924 -0.382683 20
    endloop
  endfacet
  facet normal -0.670104 -0.742267 0
    outer loop
      vertex 114.634 0.77301 2
      vertex 114.707 0.707107 20
      vertex 114.634 0.77301 20
    endloop
  endfacet
  facet normal -0.670104 -0.742267 -0
    outer loop
      vertex 114.707 0.707107 20
      vertex 114.634 0.77301 2
      vertex 114.707 0.707107 2
    endloop
  endfacet
  facet normal 0.805447 0.592668 0
    outer loop
      vertex 113.227 -0.634393 20
      vertex 113.169 -0.55557 2
      vertex 113.169 -0.55557 20
    endloop
  endfacet
  facet normal 0.805447 0.592668 0
    outer loop
      vertex 113.169 -0.55557 2
      vertex 113.227 -0.634393 20
      vertex 113.227 -0.634393 2
    endloop
  endfacet
  facet normal 0.98976 0.142744 0
    outer loop
      vertex 113.019 -0.19509 20
      vertex 113.005 -0.0980167 2
      vertex 113.005 -0.0980167 20
    endloop
  endfacet
  facet normal 0.98976 0.142744 0
    outer loop
      vertex 113.005 -0.0980167 2
      vertex 113.019 -0.19509 20
      vertex 113.019 -0.19509 2
    endloop
  endfacet
  facet normal 0.740465 -0.672095 0
    outer loop
      vertex 113.227 0.634393 20
      vertex 113.293 0.707107 2
      vertex 113.293 0.707107 20
    endloop
  endfacet
  facet normal 0.740465 -0.672095 0
    outer loop
      vertex 113.293 0.707107 2
      vertex 113.227 0.634393 20
      vertex 113.227 0.634393 2
    endloop
  endfacet
  facet normal 0.243439 0.969916 -0
    outer loop
      vertex 113.805 -0.980784 2
      vertex 113.71 -0.95694 20
      vertex 113.805 -0.980784 20
    endloop
  endfacet
  facet normal 0.243439 0.969916 0
    outer loop
      vertex 113.71 -0.95694 20
      vertex 113.805 -0.980784 2
      vertex 113.71 -0.95694 2
    endloop
  endfacet
  facet normal 0.855263 0.518194 0
    outer loop
      vertex 113.169 -0.55557 20
      vertex 113.118 -0.471396 2
      vertex 113.118 -0.471396 20
    endloop
  endfacet
  facet normal 0.855263 0.518194 0
    outer loop
      vertex 113.118 -0.471396 2
      vertex 113.169 -0.55557 20
      vertex 113.169 -0.55557 2
    endloop
  endfacet
  facet normal -0.670104 0.742267 0
    outer loop
      vertex 114.707 -0.707107 2
      vertex 114.634 -0.77301 20
      vertex 114.707 -0.707107 20
    endloop
  endfacet
  facet normal -0.670104 0.742267 0
    outer loop
      vertex 114.634 -0.77301 20
      vertex 114.707 -0.707107 2
      vertex 114.634 -0.77301 2
    endloop
  endfacet
  facet normal 0.0490836 0.998795 -0
    outer loop
      vertex 114 -1 2
      vertex 113.902 -0.995184 20
      vertex 114 -1 20
    endloop
  endfacet
  facet normal 0.0490836 0.998795 0
    outer loop
      vertex 113.902 -0.995184 20
      vertex 114 -1 2
      vertex 113.902 -0.995184 2
    endloop
  endfacet
  facet normal -0.599737 0.800197 0
    outer loop
      vertex 114.634 -0.77301 2
      vertex 114.556 -0.83147 20
      vertex 114.634 -0.77301 20
    endloop
  endfacet
  facet normal -0.599737 0.800197 0
    outer loop
      vertex 114.556 -0.83147 20
      vertex 114.634 -0.77301 2
      vertex 114.556 -0.83147 2
    endloop
  endfacet
  facet normal 0.805447 -0.592668 0
    outer loop
      vertex 113.169 0.55557 20
      vertex 113.227 0.634393 2
      vertex 113.227 0.634393 20
    endloop
  endfacet
  facet normal 0.805447 -0.592668 0
    outer loop
      vertex 113.227 0.634393 2
      vertex 113.169 0.55557 20
      vertex 113.169 0.55557 2
    endloop
  endfacet
  facet normal -0.243439 0.969916 0
    outer loop
      vertex 114.29 -0.95694 2
      vertex 114.195 -0.980784 20
      vertex 114.29 -0.95694 20
    endloop
  endfacet
  facet normal -0.243439 0.969916 0
    outer loop
      vertex 114.195 -0.980784 20
      vertex 114.29 -0.95694 2
      vertex 114.195 -0.980784 2
    endloop
  endfacet
  facet normal 0.334959 0.942233 -0
    outer loop
      vertex 113.71 -0.95694 2
      vertex 113.617 -0.923879 20
      vertex 113.71 -0.95694 20
    endloop
  endfacet
  facet normal 0.334959 0.942233 0
    outer loop
      vertex 113.617 -0.923879 20
      vertex 113.71 -0.95694 2
      vertex 113.617 -0.923879 2
    endloop
  endfacet
  facet normal 0.599737 0.800197 -0
    outer loop
      vertex 113.444 -0.83147 2
      vertex 113.366 -0.77301 20
      vertex 113.444 -0.83147 20
    endloop
  endfacet
  facet normal 0.599737 0.800197 0
    outer loop
      vertex 113.366 -0.77301 20
      vertex 113.444 -0.83147 2
      vertex 113.366 -0.77301 2
    endloop
  endfacet
  facet normal 0.670104 0.742267 -0
    outer loop
      vertex 113.366 -0.77301 2
      vertex 113.293 -0.707107 20
      vertex 113.366 -0.77301 20
    endloop
  endfacet
  facet normal 0.670104 0.742267 0
    outer loop
      vertex 113.293 -0.707107 20
      vertex 113.366 -0.77301 2
      vertex 113.293 -0.707107 2
    endloop
  endfacet
  facet normal 0.998701 0.0509455 0
    outer loop
      vertex 113.005 -0.0980167 20
      vertex 113 0 2
      vertex 113 0 20
    endloop
  endfacet
  facet normal 0.998701 0.0509455 0
    outer loop
      vertex 113 0 2
      vertex 113.005 -0.0980167 20
      vertex 113.005 -0.0980167 2
    endloop
  endfacet
  facet normal 0.903824 -0.427904 0
    outer loop
      vertex 113.076 0.382683 20
      vertex 113.118 0.471396 2
      vertex 113.118 0.471396 20
    endloop
  endfacet
  facet normal 0.903824 -0.427904 0
    outer loop
      vertex 113.118 0.471396 2
      vertex 113.076 0.382683 20
      vertex 113.076 0.382683 2
    endloop
  endfacet
  facet normal 0.740465 0.672095 0
    outer loop
      vertex 113.293 -0.707107 20
      vertex 113.227 -0.634393 2
      vertex 113.227 -0.634393 20
    endloop
  endfacet
  facet normal 0.740465 0.672095 0
    outer loop
      vertex 113.227 -0.634393 2
      vertex 113.293 -0.707107 20
      vertex 113.293 -0.707107 2
    endloop
  endfacet
  facet normal 0.430379 0.902648 -0
    outer loop
      vertex 113.617 -0.923879 2
      vertex 113.529 -0.881921 20
      vertex 113.617 -0.923879 20
    endloop
  endfacet
  facet normal 0.430379 0.902648 0
    outer loop
      vertex 113.529 -0.881921 20
      vertex 113.617 -0.923879 2
      vertex 113.529 -0.881921 2
    endloop
  endfacet
  facet normal 0.941741 -0.33634 0
    outer loop
      vertex 113.043 0.290284 20
      vertex 113.076 0.382683 2
      vertex 113.076 0.382683 20
    endloop
  endfacet
  facet normal 0.941741 -0.33634 0
    outer loop
      vertex 113.076 0.382683 2
      vertex 113.043 0.290284 20
      vertex 113.043 0.290284 2
    endloop
  endfacet
  facet normal -0.988959 -0.148186 0
    outer loop
      vertex 115.642 0.161728 32
      vertex 115.618 0.321898 37
      vertex 115.618 0.321898 32
    endloop
  endfacet
  facet normal -0.988959 -0.148186 0
    outer loop
      vertex 115.618 0.321898 37
      vertex 115.642 0.161728 32
      vertex 115.642 0.161728 37
    endloop
  endfacet
  facet normal -0.998779 -0.0494054 0
    outer loop
      vertex 115.65 0 32
      vertex 115.642 0.161728 37
      vertex 115.642 0.161728 32
    endloop
  endfacet
  facet normal -0.998779 -0.0494054 0
    outer loop
      vertex 115.642 0.161728 37
      vertex 115.65 0 32
      vertex 115.65 0 37
    endloop
  endfacet
  facet normal -0.970531 -0.240977 0
    outer loop
      vertex 115.618 0.321898 32
      vertex 115.579 0.47897 37
      vertex 115.579 0.47897 32
    endloop
  endfacet
  facet normal -0.970531 -0.240977 0
    outer loop
      vertex 115.579 0.47897 37
      vertex 115.618 0.321898 32
      vertex 115.618 0.321898 37
    endloop
  endfacet
  facet normal -0.904541 -0.426387 0
    outer loop
      vertex 115.524 0.631427 32
      vertex 115.455 0.777804 37
      vertex 115.455 0.777804 32
    endloop
  endfacet
  facet normal -0.904541 -0.426387 0
    outer loop
      vertex 115.455 0.777804 37
      vertex 115.524 0.631427 32
      vertex 115.524 0.631427 37
    endloop
  endfacet
  facet normal -0.426067 0.904692 0
    outer loop
      vertex 114.778 -1.45517 32
      vertex 114.631 -1.5244 37
      vertex 114.778 -1.45517 37
    endloop
  endfacet
  facet normal -0.426067 0.904692 0
    outer loop
      vertex 114.631 -1.5244 37
      vertex 114.778 -1.45517 32
      vertex 114.631 -1.5244 32
    endloop
  endfacet
  facet normal -0.337787 0.941222 0
    outer loop
      vertex 114.631 -1.5244 32
      vertex 114.479 -1.57895 37
      vertex 114.631 -1.5244 37
    endloop
  endfacet
  facet normal -0.337787 0.941222 0
    outer loop
      vertex 114.479 -1.57895 37
      vertex 114.631 -1.5244 32
      vertex 114.479 -1.57895 32
    endloop
  endfacet
  facet normal -0.0490151 -0.998798 0
    outer loop
      vertex 114 1.65 32
      vertex 114.162 1.64205 37
      vertex 114 1.65 37
    endloop
  endfacet
  facet normal -0.0490151 -0.998798 -0
    outer loop
      vertex 114.162 1.64205 37
      vertex 114 1.65 32
      vertex 114.162 1.64205 32
    endloop
  endfacet
  facet normal -0.146829 0.989162 0
    outer loop
      vertex 114.322 -1.6183 32
      vertex 114.162 -1.64205 37
      vertex 114.322 -1.6183 37
    endloop
  endfacet
  facet normal -0.146829 0.989162 0
    outer loop
      vertex 114.162 -1.64205 37
      vertex 114.322 -1.6183 32
      vertex 114.162 -1.64205 32
    endloop
  endfacet
  facet normal 0.0490151 0.998798 -0
    outer loop
      vertex 114 -1.65 32
      vertex 113.838 -1.64205 37
      vertex 114 -1.65 37
    endloop
  endfacet
  facet normal 0.0490151 0.998798 0
    outer loop
      vertex 113.838 -1.64205 37
      vertex 114 -1.65 32
      vertex 113.838 -1.64205 32
    endloop
  endfacet
  facet normal 0.801607 -0.597851 0
    outer loop
      vertex 112.628 0.916691 37
      vertex 112.725 1.04675 32
      vertex 112.725 1.04675 37
    endloop
  endfacet
  facet normal 0.801607 -0.597851 0
    outer loop
      vertex 112.725 1.04675 32
      vertex 112.628 0.916691 37
      vertex 112.628 0.916691 32
    endloop
  endfacet
  facet normal 0.988959 -0.148186 0
    outer loop
      vertex 112.358 0.161728 37
      vertex 112.382 0.321898 32
      vertex 112.382 0.321898 37
    endloop
  endfacet
  facet normal 0.988959 -0.148186 0
    outer loop
      vertex 112.382 0.321898 32
      vertex 112.358 0.161728 37
      vertex 112.358 0.161728 32
    endloop
  endfacet
  facet normal 0.671486 0.741018 -0
    outer loop
      vertex 112.953 -1.27547 32
      vertex 112.833 -1.16673 37
      vertex 112.953 -1.27547 37
    endloop
  endfacet
  facet normal 0.671486 0.741018 0
    outer loop
      vertex 112.833 -1.16673 37
      vertex 112.953 -1.27547 32
      vertex 112.833 -1.16673 32
    endloop
  endfacet
  facet normal -0.801607 -0.597851 0
    outer loop
      vertex 115.372 0.916691 32
      vertex 115.275 1.04675 37
      vertex 115.275 1.04675 32
    endloop
  endfacet
  facet normal -0.801607 -0.597851 0
    outer loop
      vertex 115.275 1.04675 37
      vertex 115.372 0.916691 32
      vertex 115.372 0.916691 37
    endloop
  endfacet
  facet normal -0.513815 0.857901 0
    outer loop
      vertex 114.917 -1.37192 32
      vertex 114.778 -1.45517 37
      vertex 114.917 -1.37192 37
    endloop
  endfacet
  facet normal -0.513815 0.857901 0
    outer loop
      vertex 114.778 -1.45517 37
      vertex 114.917 -1.37192 32
      vertex 114.778 -1.45517 32
    endloop
  endfacet
  facet normal -0.743239 0.669026 0
    outer loop
      vertex 115.167 -1.16673 32
      vertex 115.275 -1.04675 37
      vertex 115.275 -1.04675 32
    endloop
  endfacet
  facet normal -0.743239 0.669026 0
    outer loop
      vertex 115.275 -1.04675 37
      vertex 115.167 -1.16673 32
      vertex 115.167 -1.16673 37
    endloop
  endfacet
  facet normal 0.94066 -0.33935 0
    outer loop
      vertex 112.421 0.47897 37
      vertex 112.476 0.631427 32
      vertex 112.476 0.631427 37
    endloop
  endfacet
  facet normal 0.94066 -0.33935 0
    outer loop
      vertex 112.476 0.631427 32
      vertex 112.421 0.47897 37
      vertex 112.421 0.47897 32
    endloop
  endfacet
  facet normal -0.513815 -0.857901 0
    outer loop
      vertex 114.778 1.45517 32
      vertex 114.917 1.37192 37
      vertex 114.778 1.45517 37
    endloop
  endfacet
  facet normal -0.513815 -0.857901 -0
    outer loop
      vertex 114.917 1.37192 37
      vertex 114.778 1.45517 32
      vertex 114.917 1.37192 32
    endloop
  endfacet
  facet normal -0.426067 -0.904692 0
    outer loop
      vertex 114.631 1.5244 32
      vertex 114.778 1.45517 37
      vertex 114.631 1.5244 37
    endloop
  endfacet
  facet normal -0.426067 -0.904692 -0
    outer loop
      vertex 114.778 1.45517 37
      vertex 114.631 1.5244 32
      vertex 114.778 1.45517 32
    endloop
  endfacet
  facet normal -0.970531 0.240977 0
    outer loop
      vertex 115.579 -0.47897 32
      vertex 115.618 -0.321898 37
      vertex 115.618 -0.321898 32
    endloop
  endfacet
  facet normal -0.970531 0.240977 0
    outer loop
      vertex 115.618 -0.321898 37
      vertex 115.579 -0.47897 32
      vertex 115.579 -0.47897 37
    endloop
  endfacet
  facet normal 0.513815 -0.857901 0
    outer loop
      vertex 113.083 1.37192 32
      vertex 113.222 1.45517 37
      vertex 113.083 1.37192 37
    endloop
  endfacet
  facet normal 0.513815 -0.857901 0
    outer loop
      vertex 113.222 1.45517 37
      vertex 113.083 1.37192 32
      vertex 113.222 1.45517 32
    endloop
  endfacet
  facet normal 0.337787 -0.941222 0
    outer loop
      vertex 113.369 1.5244 32
      vertex 113.521 1.57895 37
      vertex 113.369 1.5244 37
    endloop
  endfacet
  facet normal 0.337787 -0.941222 0
    outer loop
      vertex 113.521 1.57895 37
      vertex 113.369 1.5244 32
      vertex 113.521 1.57895 32
    endloop
  endfacet
  facet normal 0.998779 0.0494054 0
    outer loop
      vertex 112.358 -0.161728 37
      vertex 112.35 0 32
      vertex 112.35 0 37
    endloop
  endfacet
  facet normal 0.998779 0.0494054 0
    outer loop
      vertex 112.35 0 32
      vertex 112.358 -0.161728 37
      vertex 112.358 -0.161728 32
    endloop
  endfacet
  facet normal -0.337787 -0.941222 0
    outer loop
      vertex 114.479 1.57895 32
      vertex 114.631 1.5244 37
      vertex 114.479 1.57895 37
    endloop
  endfacet
  facet normal -0.337787 -0.941222 -0
    outer loop
      vertex 114.631 1.5244 37
      vertex 114.479 1.57895 32
      vertex 114.631 1.5244 32
    endloop
  endfacet
  facet normal 0.59584 -0.803103 0
    outer loop
      vertex 112.953 1.27547 32
      vertex 113.083 1.37192 37
      vertex 112.953 1.27547 37
    endloop
  endfacet
  facet normal 0.59584 -0.803103 0
    outer loop
      vertex 113.083 1.37192 37
      vertex 112.953 1.27547 32
      vertex 113.083 1.37192 32
    endloop
  endfacet
  facet normal 0.94066 0.33935 0
    outer loop
      vertex 112.476 -0.631427 37
      vertex 112.421 -0.47897 32
      vertex 112.421 -0.47897 37
    endloop
  endfacet
  facet normal 0.94066 0.33935 0
    outer loop
      vertex 112.421 -0.47897 32
      vertex 112.476 -0.631427 37
      vertex 112.476 -0.631427 32
    endloop
  endfacet
  facet normal 0.970531 -0.240977 0
    outer loop
      vertex 112.382 0.321898 37
      vertex 112.421 0.47897 32
      vertex 112.421 0.47897 37
    endloop
  endfacet
  facet normal 0.970531 -0.240977 0
    outer loop
      vertex 112.421 0.47897 32
      vertex 112.382 0.321898 37
      vertex 112.382 0.321898 32
    endloop
  endfacet
  facet normal -0.671486 -0.741018 0
    outer loop
      vertex 115.047 1.27547 32
      vertex 115.167 1.16673 37
      vertex 115.047 1.27547 37
    endloop
  endfacet
  facet normal -0.671486 -0.741018 -0
    outer loop
      vertex 115.167 1.16673 37
      vertex 115.047 1.27547 32
      vertex 115.167 1.16673 32
    endloop
  endfacet
  facet normal -0.988959 0.148186 0
    outer loop
      vertex 115.618 -0.321898 32
      vertex 115.642 -0.161728 37
      vertex 115.642 -0.161728 32
    endloop
  endfacet
  facet normal -0.988959 0.148186 0
    outer loop
      vertex 115.642 -0.161728 37
      vertex 115.618 -0.321898 32
      vertex 115.618 -0.321898 37
    endloop
  endfacet
  facet normal -0.998779 0.0494054 0
    outer loop
      vertex 115.642 -0.161728 32
      vertex 115.65 0 37
      vertex 115.65 0 32
    endloop
  endfacet
  facet normal -0.998779 0.0494054 0
    outer loop
      vertex 115.65 0 37
      vertex 115.642 -0.161728 32
      vertex 115.642 -0.161728 37
    endloop
  endfacet
  facet normal -0.94066 0.33935 0
    outer loop
      vertex 115.524 -0.631427 32
      vertex 115.579 -0.47897 37
      vertex 115.579 -0.47897 32
    endloop
  endfacet
  facet normal -0.94066 0.33935 0
    outer loop
      vertex 115.579 -0.47897 37
      vertex 115.524 -0.631427 32
      vertex 115.524 -0.631427 37
    endloop
  endfacet
  facet normal 0.988959 0.148186 0
    outer loop
      vertex 112.382 -0.321898 37
      vertex 112.358 -0.161728 32
      vertex 112.358 -0.161728 37
    endloop
  endfacet
  facet normal 0.988959 0.148186 0
    outer loop
      vertex 112.358 -0.161728 32
      vertex 112.382 -0.321898 37
      vertex 112.382 -0.321898 32
    endloop
  endfacet
  facet normal 0.146829 0.989162 -0
    outer loop
      vertex 113.838 -1.64205 32
      vertex 113.678 -1.6183 37
      vertex 113.838 -1.64205 37
    endloop
  endfacet
  facet normal 0.146829 0.989162 0
    outer loop
      vertex 113.678 -1.6183 37
      vertex 113.838 -1.64205 32
      vertex 113.678 -1.6183 32
    endloop
  endfacet
  facet normal 0.146829 -0.989162 0
    outer loop
      vertex 113.678 1.6183 32
      vertex 113.838 1.64205 37
      vertex 113.678 1.6183 37
    endloop
  endfacet
  facet normal 0.146829 -0.989162 0
    outer loop
      vertex 113.838 1.64205 37
      vertex 113.678 1.6183 32
      vertex 113.838 1.64205 32
    endloop
  endfacet
  facet normal -0.858397 0.512985 0
    outer loop
      vertex 115.372 -0.916691 32
      vertex 115.455 -0.777804 37
      vertex 115.455 -0.777804 32
    endloop
  endfacet
  facet normal -0.858397 0.512985 0
    outer loop
      vertex 115.455 -0.777804 37
      vertex 115.372 -0.916691 32
      vertex 115.372 -0.916691 37
    endloop
  endfacet
  facet normal -0.94066 -0.33935 0
    outer loop
      vertex 115.579 0.47897 32
      vertex 115.524 0.631427 37
      vertex 115.524 0.631427 32
    endloop
  endfacet
  facet normal -0.94066 -0.33935 0
    outer loop
      vertex 115.524 0.631427 37
      vertex 115.579 0.47897 32
      vertex 115.579 0.47897 37
    endloop
  endfacet
  facet normal 0.858397 0.512985 0
    outer loop
      vertex 112.628 -0.916691 37
      vertex 112.545 -0.777804 32
      vertex 112.545 -0.777804 37
    endloop
  endfacet
  facet normal 0.858397 0.512985 0
    outer loop
      vertex 112.545 -0.777804 32
      vertex 112.628 -0.916691 37
      vertex 112.628 -0.916691 32
    endloop
  endfacet
  facet normal 0.743239 -0.669026 0
    outer loop
      vertex 112.725 1.04675 37
      vertex 112.833 1.16673 32
      vertex 112.833 1.16673 37
    endloop
  endfacet
  facet normal 0.743239 -0.669026 0
    outer loop
      vertex 112.833 1.16673 32
      vertex 112.725 1.04675 37
      vertex 112.725 1.04675 32
    endloop
  endfacet
  facet normal -0.243117 0.969997 0
    outer loop
      vertex 114.479 -1.57895 32
      vertex 114.322 -1.6183 37
      vertex 114.479 -1.57895 37
    endloop
  endfacet
  facet normal -0.243117 0.969997 0
    outer loop
      vertex 114.322 -1.6183 37
      vertex 114.479 -1.57895 32
      vertex 114.322 -1.6183 32
    endloop
  endfacet
  facet normal -0.743239 -0.669026 0
    outer loop
      vertex 115.275 1.04675 32
      vertex 115.167 1.16673 37
      vertex 115.167 1.16673 32
    endloop
  endfacet
  facet normal -0.743239 -0.669026 0
    outer loop
      vertex 115.167 1.16673 37
      vertex 115.275 1.04675 32
      vertex 115.275 1.04675 37
    endloop
  endfacet
  facet normal -0.59584 -0.803103 0
    outer loop
      vertex 114.917 1.37192 32
      vertex 115.047 1.27547 37
      vertex 114.917 1.37192 37
    endloop
  endfacet
  facet normal -0.59584 -0.803103 -0
    outer loop
      vertex 115.047 1.27547 37
      vertex 114.917 1.37192 32
      vertex 115.047 1.27547 32
    endloop
  endfacet
  facet normal 0.426067 0.904692 -0
    outer loop
      vertex 113.369 -1.5244 32
      vertex 113.222 -1.45517 37
      vertex 113.369 -1.5244 37
    endloop
  endfacet
  facet normal 0.426067 0.904692 0
    outer loop
      vertex 113.222 -1.45517 37
      vertex 113.369 -1.5244 32
      vertex 113.222 -1.45517 32
    endloop
  endfacet
  facet normal -0.858397 -0.512985 0
    outer loop
      vertex 115.455 0.777804 32
      vertex 115.372 0.916691 37
      vertex 115.372 0.916691 32
    endloop
  endfacet
  facet normal -0.858397 -0.512985 0
    outer loop
      vertex 115.372 0.916691 37
      vertex 115.455 0.777804 32
      vertex 115.455 0.777804 37
    endloop
  endfacet
  facet normal 0.671486 -0.741018 0
    outer loop
      vertex 112.833 1.16673 32
      vertex 112.953 1.27547 37
      vertex 112.833 1.16673 37
    endloop
  endfacet
  facet normal 0.671486 -0.741018 0
    outer loop
      vertex 112.953 1.27547 37
      vertex 112.833 1.16673 32
      vertex 112.953 1.27547 32
    endloop
  endfacet
  facet normal 0.426067 -0.904692 0
    outer loop
      vertex 113.222 1.45517 32
      vertex 113.369 1.5244 37
      vertex 113.222 1.45517 37
    endloop
  endfacet
  facet normal 0.426067 -0.904692 0
    outer loop
      vertex 113.369 1.5244 37
      vertex 113.222 1.45517 32
      vertex 113.369 1.5244 32
    endloop
  endfacet
  facet normal 0 0 1
    outer loop
      vertex 115 0 32
      vertex 115.65 0 32
      vertex 115.642 0.161728 32
    endloop
  endfacet
  facet normal 0 0 1
    outer loop
      vertex 114.995 0.0980167 32
      vertex 115.642 0.161728 32
      vertex 115.618 0.321898 32
    endloop
  endfacet
  facet normal 0 0 1
    outer loop
      vertex 115.65 0 32
      vertex 115 0 32
      vertex 115.642 -0.161728 32
    endloop
  endfacet
  facet normal 0 0 1
    outer loop
      vertex 114.981 0.19509 32
      vertex 115.618 0.321898 32
      vertex 115.579 0.47897 32
    endloop
  endfacet
  facet normal -0 0 1
    outer loop
      vertex 114.995 -0.0980167 32
      vertex 115.642 -0.161728 32
      vertex 115 0 32
    endloop
  endfacet
  facet normal 0 0 1
    outer loop
      vertex 114.957 0.290284 32
      vertex 115.579 0.47897 32
      vertex 115.524 0.631427 32
    endloop
  endfacet
  facet normal 0 0 1
    outer loop
      vertex 115.642 -0.161728 32
      vertex 114.995 -0.0980167 32
      vertex 115.618 -0.321898 32
    endloop
  endfacet
  facet normal 0 0 1
    outer loop
      vertex 114.924 0.382683 32
      vertex 115.524 0.631427 32
      vertex 115.455 0.777804 32
    endloop
  endfacet
  facet normal -0 0 1
    outer loop
      vertex 114.981 -0.19509 32
      vertex 115.618 -0.321898 32
      vertex 114.995 -0.0980167 32
    endloop
  endfacet
  facet normal 0 0 1
    outer loop
      vertex 114.882 0.471396 32
      vertex 115.455 0.777804 32
      vertex 115.372 0.916691 32
    endloop
  endfacet
  facet normal 0 0 1
    outer loop
      vertex 115.618 -0.321898 32
      vertex 114.981 -0.19509 32
      vertex 115.579 -0.47897 32
    endloop
  endfacet
  facet normal 0 0 1
    outer loop
      vertex 114.831 0.55557 32
      vertex 115.372 0.916691 32
      vertex 115.275 1.04675 32
    endloop
  endfacet
  facet normal -0 0 1
    outer loop
      vertex 114.957 -0.290284 32
      vertex 115.579 -0.47897 32
      vertex 114.981 -0.19509 32
    endloop
  endfacet
  facet normal 0 0 1
    outer loop
      vertex 114.773 0.634393 32
      vertex 115.275 1.04675 32
      vertex 115.167 1.16673 32
    endloop
  endfacet
  facet normal 0 0 1
    outer loop
      vertex 115.579 -0.47897 32
      vertex 114.957 -0.290284 32
      vertex 115.524 -0.631427 32
    endloop
  endfacet
  facet normal 0 0 1
    outer loop
      vertex 114.707 0.707107 32
      vertex 115.167 1.16673 32
      vertex 115.047 1.27547 32
    endloop
  endfacet
  facet normal -0 0 1
    outer loop
      vertex 114.924 -0.382683 32
      vertex 115.524 -0.631427 32
      vertex 114.957 -0.290284 32
    endloop
  endfacet
  facet normal 0 0 1
    outer loop
      vertex 115.524 -0.631427 32
      vertex 114.924 -0.382683 32
      vertex 115.455 -0.777804 32
    endloop
  endfacet
  facet normal 0 0 1
    outer loop
      vertex 115.642 0.161728 32
      vertex 114.995 0.0980167 32
      vertex 115 0 32
    endloop
  endfacet
  facet normal 0 0 1
    outer loop
      vertex 115.618 0.321898 32
      vertex 114.981 0.19509 32
      vertex 114.995 0.0980167 32
    endloop
  endfacet
  facet normal 0 0 1
    outer loop
      vertex 115.579 0.47897 32
      vertex 114.957 0.290284 32
      vertex 114.981 0.19509 32
    endloop
  endfacet
  facet normal 0 0 1
    outer loop
      vertex 115.524 0.631427 32
      vertex 114.924 0.382683 32
      vertex 114.957 0.290284 32
    endloop
  endfacet
  facet normal 0 0 1
    outer loop
      vertex 114.634 0.77301 32
      vertex 115.047 1.27547 32
      vertex 114.917 1.37192 32
    endloop
  endfacet
  facet normal 0 0 1
    outer loop
      vertex 115.455 0.777804 32
      vertex 114.882 0.471396 32
      vertex 114.924 0.382683 32
    endloop
  endfacet
  facet normal 0 0 1
    outer loop
      vertex 115.372 0.916691 32
      vertex 114.831 0.55557 32
      vertex 114.882 0.471396 32
    endloop
  endfacet
  facet normal 0 0 1
    outer loop
      vertex 114.556 0.83147 32
      vertex 114.917 1.37192 32
      vertex 114.778 1.45517 32
    endloop
  endfacet
  facet normal 0 0 1
    outer loop
      vertex 115.275 1.04675 32
      vertex 114.773 0.634393 32
      vertex 114.831 0.55557 32
    endloop
  endfacet
  facet normal 0 0 1
    outer loop
      vertex 115.167 1.16673 32
      vertex 114.707 0.707107 32
      vertex 114.773 0.634393 32
    endloop
  endfacet
  facet normal 0 0 1
    outer loop
      vertex 115.047 1.27547 32
      vertex 114.634 0.77301 32
      vertex 114.707 0.707107 32
    endloop
  endfacet
  facet normal 0 0 1
    outer loop
      vertex 114.471 0.881921 32
      vertex 114.778 1.45517 32
      vertex 114.631 1.5244 32
    endloop
  endfacet
  facet normal 0 0 1
    outer loop
      vertex 114.917 1.37192 32
      vertex 114.556 0.83147 32
      vertex 114.634 0.77301 32
    endloop
  endfacet
  facet normal 0 0 1
    outer loop
      vertex 114.383 0.923879 32
      vertex 114.631 1.5244 32
      vertex 114.479 1.57895 32
    endloop
  endfacet
  facet normal 0 0 1
    outer loop
      vertex 114.778 1.45517 32
      vertex 114.471 0.881921 32
      vertex 114.556 0.83147 32
    endloop
  endfacet
  facet normal 0 0 1
    outer loop
      vertex 114.631 1.5244 32
      vertex 114.383 0.923879 32
      vertex 114.471 0.881921 32
    endloop
  endfacet
  facet normal 0 0 1
    outer loop
      vertex 114.29 0.95694 32
      vertex 114.479 1.57895 32
      vertex 114.322 1.6183 32
    endloop
  endfacet
  facet normal 0 0 1
    outer loop
      vertex 114.479 1.57895 32
      vertex 114.29 0.95694 32
      vertex 114.383 0.923879 32
    endloop
  endfacet
  facet normal 0 0 1
    outer loop
      vertex 114.322 1.6183 32
      vertex 114.195 0.980784 32
      vertex 114.29 0.95694 32
    endloop
  endfacet
  facet normal 0 0 1
    outer loop
      vertex 114.162 1.64205 32
      vertex 114.195 0.980784 32
      vertex 114.322 1.6183 32
    endloop
  endfacet
  facet normal 0 0 1
    outer loop
      vertex 114.162 1.64205 32
      vertex 114.098 0.995184 32
      vertex 114.195 0.980784 32
    endloop
  endfacet
  facet normal 0 0 1
    outer loop
      vertex 114 1.65 32
      vertex 114.098 0.995184 32
      vertex 114.162 1.64205 32
    endloop
  endfacet
  facet normal 0 0 1
    outer loop
      vertex 114 1.65 32
      vertex 114 1 32
      vertex 114.098 0.995184 32
    endloop
  endfacet
  facet normal 0 0 1
    outer loop
      vertex 114 1.65 32
      vertex 113.902 0.995184 32
      vertex 114 1 32
    endloop
  endfacet
  facet normal -0 0 1
    outer loop
      vertex 113.838 1.64205 32
      vertex 113.902 0.995184 32
      vertex 114 1.65 32
    endloop
  endfacet
  facet normal 0 0 1
    outer loop
      vertex 113.838 1.64205 32
      vertex 113.805 0.980784 32
      vertex 113.902 0.995184 32
    endloop
  endfacet
  facet normal -0 0 1
    outer loop
      vertex 113.678 1.6183 32
      vertex 113.805 0.980784 32
      vertex 113.838 1.64205 32
    endloop
  endfacet
  facet normal 0 0 1
    outer loop
      vertex 113.805 0.980784 32
      vertex 113.678 1.6183 32
      vertex 113.71 0.95694 32
    endloop
  endfacet
  facet normal -0 0 1
    outer loop
      vertex 113.521 1.57895 32
      vertex 113.71 0.95694 32
      vertex 113.678 1.6183 32
    endloop
  endfacet
  facet normal 0 0 1
    outer loop
      vertex 113.71 0.95694 32
      vertex 113.521 1.57895 32
      vertex 113.617 0.923879 32
    endloop
  endfacet
  facet normal -0 0 1
    outer loop
      vertex 113.369 1.5244 32
      vertex 113.617 0.923879 32
      vertex 113.521 1.57895 32
    endloop
  endfacet
  facet normal 0 0 1
    outer loop
      vertex 113.617 0.923879 32
      vertex 113.369 1.5244 32
      vertex 113.529 0.881921 32
    endloop
  endfacet
  facet normal -0 0 1
    outer loop
      vertex 113.222 1.45517 32
      vertex 113.529 0.881921 32
      vertex 113.369 1.5244 32
    endloop
  endfacet
  facet normal 0 0 1
    outer loop
      vertex 113.529 0.881921 32
      vertex 113.222 1.45517 32
      vertex 113.444 0.83147 32
    endloop
  endfacet
  facet normal -0 0 1
    outer loop
      vertex 113.083 1.37192 32
      vertex 113.444 0.83147 32
      vertex 113.222 1.45517 32
    endloop
  endfacet
  facet normal 0 0 1
    outer loop
      vertex 113.444 0.83147 32
      vertex 113.083 1.37192 32
      vertex 113.366 0.77301 32
    endloop
  endfacet
  facet normal -0 0 1
    outer loop
      vertex 112.953 1.27547 32
      vertex 113.366 0.77301 32
      vertex 113.083 1.37192 32
    endloop
  endfacet
  facet normal 0 0 1
    outer loop
      vertex 113.366 0.77301 32
      vertex 112.953 1.27547 32
      vertex 113.293 0.707107 32
    endloop
  endfacet
  facet normal -0 0 1
    outer loop
      vertex 112.833 1.16673 32
      vertex 113.293 0.707107 32
      vertex 112.953 1.27547 32
    endloop
  endfacet
  facet normal 0 0 1
    outer loop
      vertex 113.293 0.707107 32
      vertex 112.833 1.16673 32
      vertex 113.227 0.634393 32
    endloop
  endfacet
  facet normal -0 0 1
    outer loop
      vertex 112.725 1.04675 32
      vertex 113.227 0.634393 32
      vertex 112.833 1.16673 32
    endloop
  endfacet
  facet normal 0 0 1
    outer loop
      vertex 113.227 0.634393 32
      vertex 112.725 1.04675 32
      vertex 113.169 0.55557 32
    endloop
  endfacet
  facet normal -0 0 1
    outer loop
      vertex 112.628 0.916691 32
      vertex 113.169 0.55557 32
      vertex 112.725 1.04675 32
    endloop
  endfacet
  facet normal 0 0 1
    outer loop
      vertex 113.169 0.55557 32
      vertex 112.628 0.916691 32
      vertex 113.118 0.471396 32
    endloop
  endfacet
  facet normal 0 0 1
    outer loop
      vertex 113.118 0.471396 32
      vertex 112.545 0.777804 32
      vertex 113.076 0.382683 32
    endloop
  endfacet
  facet normal -0 0 1
    outer loop
      vertex 112.545 0.777804 32
      vertex 113.118 0.471396 32
      vertex 112.628 0.916691 32
    endloop
  endfacet
  facet normal -0 0 1
    outer loop
      vertex 114.882 -0.471396 32
      vertex 115.455 -0.777804 32
      vertex 114.924 -0.382683 32
    endloop
  endfacet
  facet normal 0 0 1
    outer loop
      vertex 115.455 -0.777804 32
      vertex 114.882 -0.471396 32
      vertex 115.372 -0.916691 32
    endloop
  endfacet
  facet normal -0 0 1
    outer loop
      vertex 114.831 -0.55557 32
      vertex 115.372 -0.916691 32
      vertex 114.882 -0.471396 32
    endloop
  endfacet
  facet normal 0 0 1
    outer loop
      vertex 115.372 -0.916691 32
      vertex 114.831 -0.55557 32
      vertex 115.275 -1.04675 32
    endloop
  endfacet
  facet normal -0 0 1
    outer loop
      vertex 114.773 -0.634393 32
      vertex 115.275 -1.04675 32
      vertex 114.831 -0.55557 32
    endloop
  endfacet
  facet normal 0 0 1
    outer loop
      vertex 115.275 -1.04675 32
      vertex 114.773 -0.634393 32
      vertex 115.167 -1.16673 32
    endloop
  endfacet
  facet normal -0 0 1
    outer loop
      vertex 114.707 -0.707107 32
      vertex 115.167 -1.16673 32
      vertex 114.773 -0.634393 32
    endloop
  endfacet
  facet normal 0 0 1
    outer loop
      vertex 115.167 -1.16673 32
      vertex 114.707 -0.707107 32
      vertex 115.047 -1.27547 32
    endloop
  endfacet
  facet normal -0 0 1
    outer loop
      vertex 114.634 -0.77301 32
      vertex 115.047 -1.27547 32
      vertex 114.707 -0.707107 32
    endloop
  endfacet
  facet normal 0 0 1
    outer loop
      vertex 115.047 -1.27547 32
      vertex 114.634 -0.77301 32
      vertex 114.917 -1.37192 32
    endloop
  endfacet
  facet normal -0 0 1
    outer loop
      vertex 114.556 -0.83147 32
      vertex 114.917 -1.37192 32
      vertex 114.634 -0.77301 32
    endloop
  endfacet
  facet normal 0 0 1
    outer loop
      vertex 114.917 -1.37192 32
      vertex 114.556 -0.83147 32
      vertex 114.778 -1.45517 32
    endloop
  endfacet
  facet normal -0 0 1
    outer loop
      vertex 114.471 -0.881921 32
      vertex 114.778 -1.45517 32
      vertex 114.556 -0.83147 32
    endloop
  endfacet
  facet normal 0 0 1
    outer loop
      vertex 114.778 -1.45517 32
      vertex 114.471 -0.881921 32
      vertex 114.631 -1.5244 32
    endloop
  endfacet
  facet normal -0 0 1
    outer loop
      vertex 114.383 -0.923879 32
      vertex 114.631 -1.5244 32
      vertex 114.471 -0.881921 32
    endloop
  endfacet
  facet normal 0 0 1
    outer loop
      vertex 114.631 -1.5244 32
      vertex 114.383 -0.923879 32
      vertex 114.479 -1.57895 32
    endloop
  endfacet
  facet normal -0 0 1
    outer loop
      vertex 114.29 -0.95694 32
      vertex 114.479 -1.57895 32
      vertex 114.383 -0.923879 32
    endloop
  endfacet
  facet normal 0 0 1
    outer loop
      vertex 114.479 -1.57895 32
      vertex 114.29 -0.95694 32
      vertex 114.322 -1.6183 32
    endloop
  endfacet
  facet normal -0 0 1
    outer loop
      vertex 114.195 -0.980784 32
      vertex 114.322 -1.6183 32
      vertex 114.29 -0.95694 32
    endloop
  endfacet
  facet normal 0 0 1
    outer loop
      vertex 114.195 -0.980784 32
      vertex 114.162 -1.64205 32
      vertex 114.322 -1.6183 32
    endloop
  endfacet
  facet normal -0 0 1
    outer loop
      vertex 114.098 -0.995184 32
      vertex 114.162 -1.64205 32
      vertex 114.195 -0.980784 32
    endloop
  endfacet
  facet normal -0 0 1
    outer loop
      vertex 114 -1 32
      vertex 114.162 -1.64205 32
      vertex 114.098 -0.995184 32
    endloop
  endfacet
  facet normal 0 0 1
    outer loop
      vertex 114 -1 32
      vertex 114 -1.65 32
      vertex 114.162 -1.64205 32
    endloop
  endfacet
  facet normal 0 0 1
    outer loop
      vertex 113.902 -0.995184 32
      vertex 114 -1.65 32
      vertex 114 -1 32
    endloop
  endfacet
  facet normal 0 0 1
    outer loop
      vertex 113.902 -0.995184 32
      vertex 113.838 -1.64205 32
      vertex 114 -1.65 32
    endloop
  endfacet
  facet normal 0 0 1
    outer loop
      vertex 113.805 -0.980784 32
      vertex 113.838 -1.64205 32
      vertex 113.902 -0.995184 32
    endloop
  endfacet
  facet normal 0 0 1
    outer loop
      vertex 113.678 -1.6183 32
      vertex 113.805 -0.980784 32
      vertex 113.71 -0.95694 32
    endloop
  endfacet
  facet normal 0 0 1
    outer loop
      vertex 113.805 -0.980784 32
      vertex 113.678 -1.6183 32
      vertex 113.838 -1.64205 32
    endloop
  endfacet
  facet normal 0 0 1
    outer loop
      vertex 113.521 -1.57895 32
      vertex 113.71 -0.95694 32
      vertex 113.617 -0.923879 32
    endloop
  endfacet
  facet normal 0 0 1
    outer loop
      vertex 113.369 -1.5244 32
      vertex 113.617 -0.923879 32
      vertex 113.529 -0.881921 32
    endloop
  endfacet
  facet normal 0 0 1
    outer loop
      vertex 113.71 -0.95694 32
      vertex 113.521 -1.57895 32
      vertex 113.678 -1.6183 32
    endloop
  endfacet
  facet normal 0 0 1
    outer loop
      vertex 113.222 -1.45517 32
      vertex 113.529 -0.881921 32
      vertex 113.444 -0.83147 32
    endloop
  endfacet
  facet normal 0 0 1
    outer loop
      vertex 113.617 -0.923879 32
      vertex 113.369 -1.5244 32
      vertex 113.521 -1.57895 32
    endloop
  endfacet
  facet normal 0 0 1
    outer loop
      vertex 113.083 -1.37192 32
      vertex 113.444 -0.83147 32
      vertex 113.366 -0.77301 32
    endloop
  endfacet
  facet normal 0 0 1
    outer loop
      vertex 112.953 -1.27547 32
      vertex 113.366 -0.77301 32
      vertex 113.293 -0.707107 32
    endloop
  endfacet
  facet normal 0 0 1
    outer loop
      vertex 112.833 -1.16673 32
      vertex 113.293 -0.707107 32
      vertex 113.227 -0.634393 32
    endloop
  endfacet
  facet normal 0 0 1
    outer loop
      vertex 113.529 -0.881921 32
      vertex 113.222 -1.45517 32
      vertex 113.369 -1.5244 32
    endloop
  endfacet
  facet normal 0 0 1
    outer loop
      vertex 112.725 -1.04675 32
      vertex 113.227 -0.634393 32
      vertex 113.169 -0.55557 32
    endloop
  endfacet
  facet normal 0 0 1
    outer loop
      vertex 112.628 -0.916691 32
      vertex 113.169 -0.55557 32
      vertex 113.118 -0.471396 32
    endloop
  endfacet
  facet normal 0 0 1
    outer loop
      vertex 113.444 -0.83147 32
      vertex 113.083 -1.37192 32
      vertex 113.222 -1.45517 32
    endloop
  endfacet
  facet normal 0 0 1
    outer loop
      vertex 112.545 -0.777804 32
      vertex 113.118 -0.471396 32
      vertex 113.076 -0.382683 32
    endloop
  endfacet
  facet normal 0 0 1
    outer loop
      vertex 112.476 -0.631427 32
      vertex 113.076 -0.382683 32
      vertex 113.043 -0.290284 32
    endloop
  endfacet
  facet normal 0 0 1
    outer loop
      vertex 112.421 -0.47897 32
      vertex 113.043 -0.290284 32
      vertex 113.019 -0.19509 32
    endloop
  endfacet
  facet normal 0 0 1
    outer loop
      vertex 112.382 -0.321898 32
      vertex 113.019 -0.19509 32
      vertex 113.005 -0.0980167 32
    endloop
  endfacet
  facet normal 0 0 1
    outer loop
      vertex 113.366 -0.77301 32
      vertex 112.953 -1.27547 32
      vertex 113.083 -1.37192 32
    endloop
  endfacet
  facet normal 0 0 1
    outer loop
      vertex 112.358 -0.161728 32
      vertex 113.005 -0.0980167 32
      vertex 113 0 32
    endloop
  endfacet
  facet normal -0 0 1
    outer loop
      vertex 112.476 0.631427 32
      vertex 113.076 0.382683 32
      vertex 112.545 0.777804 32
    endloop
  endfacet
  facet normal 0 0 1
    outer loop
      vertex 113.076 0.382683 32
      vertex 112.476 0.631427 32
      vertex 113.043 0.290284 32
    endloop
  endfacet
  facet normal 0 0 1
    outer loop
      vertex 113.293 -0.707107 32
      vertex 112.833 -1.16673 32
      vertex 112.953 -1.27547 32
    endloop
  endfacet
  facet normal -0 0 1
    outer loop
      vertex 112.421 0.47897 32
      vertex 113.043 0.290284 32
      vertex 112.476 0.631427 32
    endloop
  endfacet
  facet normal 0 0 1
    outer loop
      vertex 113.227 -0.634393 32
      vertex 112.725 -1.04675 32
      vertex 112.833 -1.16673 32
    endloop
  endfacet
  facet normal 0 0 1
    outer loop
      vertex 113.043 0.290284 32
      vertex 112.421 0.47897 32
      vertex 113.019 0.19509 32
    endloop
  endfacet
  facet normal 0 0 1
    outer loop
      vertex 113.169 -0.55557 32
      vertex 112.628 -0.916691 32
      vertex 112.725 -1.04675 32
    endloop
  endfacet
  facet normal -0 0 1
    outer loop
      vertex 112.382 0.321898 32
      vertex 113.019 0.19509 32
      vertex 112.421 0.47897 32
    endloop
  endfacet
  facet normal 0 0 1
    outer loop
      vertex 113.118 -0.471396 32
      vertex 112.545 -0.777804 32
      vertex 112.628 -0.916691 32
    endloop
  endfacet
  facet normal 0 0 1
    outer loop
      vertex 113.019 0.19509 32
      vertex 112.382 0.321898 32
      vertex 113.005 0.0980167 32
    endloop
  endfacet
  facet normal 0 0 1
    outer loop
      vertex 113.076 -0.382683 32
      vertex 112.476 -0.631427 32
      vertex 112.545 -0.777804 32
    endloop
  endfacet
  facet normal -0 0 1
    outer loop
      vertex 112.358 0.161728 32
      vertex 113.005 0.0980167 32
      vertex 112.382 0.321898 32
    endloop
  endfacet
  facet normal 0 0 1
    outer loop
      vertex 113.043 -0.290284 32
      vertex 112.421 -0.47897 32
      vertex 112.476 -0.631427 32
    endloop
  endfacet
  facet normal 0 0 1
    outer loop
      vertex 113.005 0.0980167 32
      vertex 112.358 0.161728 32
      vertex 113 0 32
    endloop
  endfacet
  facet normal 0 0 1
    outer loop
      vertex 113.019 -0.19509 32
      vertex 112.382 -0.321898 32
      vertex 112.421 -0.47897 32
    endloop
  endfacet
  facet normal 0 0 1
    outer loop
      vertex 112.35 0 32
      vertex 113 0 32
      vertex 112.358 0.161728 32
    endloop
  endfacet
  facet normal 0 0 1
    outer loop
      vertex 113.005 -0.0980167 32
      vertex 112.358 -0.161728 32
      vertex 112.382 -0.321898 32
    endloop
  endfacet
  facet normal 0 0 1
    outer loop
      vertex 113 0 32
      vertex 112.35 0 32
      vertex 112.358 -0.161728 32
    endloop
  endfacet
  facet normal -0.801607 0.597851 0
    outer loop
      vertex 115.275 -1.04675 32
      vertex 115.372 -0.916691 37
      vertex 115.372 -0.916691 32
    endloop
  endfacet
  facet normal -0.801607 0.597851 0
    outer loop
      vertex 115.372 -0.916691 37
      vertex 115.275 -1.04675 32
      vertex 115.275 -1.04675 37
    endloop
  endfacet
  facet normal 0.243117 -0.969997 0
    outer loop
      vertex 113.521 1.57895 32
      vertex 113.678 1.6183 37
      vertex 113.521 1.57895 37
    endloop
  endfacet
  facet normal 0.243117 -0.969997 0
    outer loop
      vertex 113.678 1.6183 37
      vertex 113.521 1.57895 32
      vertex 113.678 1.6183 32
    endloop
  endfacet
  facet normal 0.801607 0.597851 0
    outer loop
      vertex 112.725 -1.04675 37
      vertex 112.628 -0.916691 32
      vertex 112.628 -0.916691 37
    endloop
  endfacet
  facet normal 0.801607 0.597851 0
    outer loop
      vertex 112.628 -0.916691 32
      vertex 112.725 -1.04675 37
      vertex 112.725 -1.04675 32
    endloop
  endfacet
  facet normal 0.743239 0.669026 0
    outer loop
      vertex 112.833 -1.16673 37
      vertex 112.725 -1.04675 32
      vertex 112.725 -1.04675 37
    endloop
  endfacet
  facet normal 0.743239 0.669026 0
    outer loop
      vertex 112.725 -1.04675 32
      vertex 112.833 -1.16673 37
      vertex 112.833 -1.16673 32
    endloop
  endfacet
  facet normal -0.0490151 0.998798 0
    outer loop
      vertex 114.162 -1.64205 32
      vertex 114 -1.65 37
      vertex 114.162 -1.64205 37
    endloop
  endfacet
  facet normal -0.0490151 0.998798 0
    outer loop
      vertex 114 -1.65 37
      vertex 114.162 -1.64205 32
      vertex 114 -1.65 32
    endloop
  endfacet
  facet normal 0.513815 0.857901 -0
    outer loop
      vertex 113.222 -1.45517 32
      vertex 113.083 -1.37192 37
      vertex 113.222 -1.45517 37
    endloop
  endfacet
  facet normal 0.513815 0.857901 0
    outer loop
      vertex 113.083 -1.37192 37
      vertex 113.222 -1.45517 32
      vertex 113.083 -1.37192 32
    endloop
  endfacet
  facet normal 0.970531 0.240977 0
    outer loop
      vertex 112.421 -0.47897 37
      vertex 112.382 -0.321898 32
      vertex 112.382 -0.321898 37
    endloop
  endfacet
  facet normal 0.970531 0.240977 0
    outer loop
      vertex 112.382 -0.321898 32
      vertex 112.421 -0.47897 37
      vertex 112.421 -0.47897 32
    endloop
  endfacet
  facet normal 0.59584 0.803103 -0
    outer loop
      vertex 113.083 -1.37192 32
      vertex 112.953 -1.27547 37
      vertex 113.083 -1.37192 37
    endloop
  endfacet
  facet normal 0.59584 0.803103 0
    outer loop
      vertex 112.953 -1.27547 37
      vertex 113.083 -1.37192 32
      vertex 112.953 -1.27547 32
    endloop
  endfacet
  facet normal 0.0490151 -0.998798 0
    outer loop
      vertex 113.838 1.64205 32
      vertex 114 1.65 37
      vertex 113.838 1.64205 37
    endloop
  endfacet
  facet normal 0.0490151 -0.998798 0
    outer loop
      vertex 114 1.65 37
      vertex 113.838 1.64205 32
      vertex 114 1.65 32
    endloop
  endfacet
  facet normal 0.243117 0.969997 -0
    outer loop
      vertex 113.678 -1.6183 32
      vertex 113.521 -1.57895 37
      vertex 113.678 -1.6183 37
    endloop
  endfacet
  facet normal 0.243117 0.969997 0
    outer loop
      vertex 113.521 -1.57895 37
      vertex 113.678 -1.6183 32
      vertex 113.521 -1.57895 32
    endloop
  endfacet
  facet normal -0.243117 -0.969997 0
    outer loop
      vertex 114.322 1.6183 32
      vertex 114.479 1.57895 37
      vertex 114.322 1.6183 37
    endloop
  endfacet
  facet normal -0.243117 -0.969997 -0
    outer loop
      vertex 114.479 1.57895 37
      vertex 114.322 1.6183 32
      vertex 114.479 1.57895 32
    endloop
  endfacet
  facet normal 0.337787 0.941222 -0
    outer loop
      vertex 113.521 -1.57895 32
      vertex 113.369 -1.5244 37
      vertex 113.521 -1.57895 37
    endloop
  endfacet
  facet normal 0.337787 0.941222 0
    outer loop
      vertex 113.369 -1.5244 37
      vertex 113.521 -1.57895 32
      vertex 113.369 -1.5244 32
    endloop
  endfacet
  facet normal -0.59584 0.803103 0
    outer loop
      vertex 115.047 -1.27547 32
      vertex 114.917 -1.37192 37
      vertex 115.047 -1.27547 37
    endloop
  endfacet
  facet normal -0.59584 0.803103 0
    outer loop
      vertex 114.917 -1.37192 37
      vertex 115.047 -1.27547 32
      vertex 114.917 -1.37192 32
    endloop
  endfacet
  facet normal 0.858397 -0.512985 0
    outer loop
      vertex 112.545 0.777804 37
      vertex 112.628 0.916691 32
      vertex 112.628 0.916691 37
    endloop
  endfacet
  facet normal 0.858397 -0.512985 0
    outer loop
      vertex 112.628 0.916691 32
      vertex 112.545 0.777804 37
      vertex 112.545 0.777804 32
    endloop
  endfacet
  facet normal -0.671486 0.741018 0
    outer loop
      vertex 115.167 -1.16673 32
      vertex 115.047 -1.27547 37
      vertex 115.167 -1.16673 37
    endloop
  endfacet
  facet normal -0.671486 0.741018 0
    outer loop
      vertex 115.047 -1.27547 37
      vertex 115.167 -1.16673 32
      vertex 115.047 -1.27547 32
    endloop
  endfacet
  facet normal 0.904541 -0.426387 0
    outer loop
      vertex 112.476 0.631427 37
      vertex 112.545 0.777804 32
      vertex 112.545 0.777804 37
    endloop
  endfacet
  facet normal 0.904541 -0.426387 0
    outer loop
      vertex 112.545 0.777804 32
      vertex 112.476 0.631427 37
      vertex 112.476 0.631427 32
    endloop
  endfacet
  facet normal -0.904541 0.426387 0
    outer loop
      vertex 115.455 -0.777804 32
      vertex 115.524 -0.631427 37
      vertex 115.524 -0.631427 32
    endloop
  endfacet
  facet normal -0.904541 0.426387 0
    outer loop
      vertex 115.524 -0.631427 37
      vertex 115.455 -0.777804 32
      vertex 115.455 -0.777804 37
    endloop
  endfacet
  facet normal -0.146829 -0.989162 0
    outer loop
      vertex 114.162 1.64205 32
      vertex 114.322 1.6183 37
      vertex 114.162 1.64205 37
    endloop
  endfacet
  facet normal -0.146829 -0.989162 -0
    outer loop
      vertex 114.322 1.6183 37
      vertex 114.162 1.64205 32
      vertex 114.322 1.6183 32
    endloop
  endfacet
  facet normal 0.998779 -0.0494054 0
    outer loop
      vertex 112.35 0 37
      vertex 112.358 0.161728 32
      vertex 112.358 0.161728 37
    endloop
  endfacet
  facet normal 0.998779 -0.0494054 0
    outer loop
      vertex 112.358 0.161728 32
      vertex 112.35 0 37
      vertex 112.35 0 32
    endloop
  endfacet
  facet normal 0.904541 0.426387 0
    outer loop
      vertex 112.545 -0.777804 37
      vertex 112.476 -0.631427 32
      vertex 112.476 -0.631427 37
    endloop
  endfacet
  facet normal 0.904541 0.426387 0
    outer loop
      vertex 112.476 -0.631427 32
      vertex 112.545 -0.777804 37
      vertex 112.545 -0.777804 32
    endloop
  endfacet
  facet normal -0.146844 -0.98916 0
    outer loop
      vertex 114.098 0.995184 29
      vertex 114.195 0.980784 32
      vertex 114.098 0.995184 32
    endloop
  endfacet
  facet normal -0.146844 -0.98916 -0
    outer loop
      vertex 114.195 0.980784 32
      vertex 114.098 0.995184 29
      vertex 114.195 0.980784 29
    endloop
  endfacet
  facet normal -0.98976 -0.142744 0
    outer loop
      vertex 114.995 0.0980167 29
      vertex 114.981 0.19509 32
      vertex 114.981 0.19509 29
    endloop
  endfacet
  facet normal -0.98976 -0.142744 0
    outer loop
      vertex 114.981 0.19509 32
      vertex 114.995 0.0980167 29
      vertex 114.995 0.0980167 32
    endloop
  endfacet
  facet normal -0.998701 -0.0509455 0
    outer loop
      vertex 115 0 29
      vertex 114.995 0.0980167 32
      vertex 114.995 0.0980167 29
    endloop
  endfacet
  facet normal -0.998701 -0.0509455 0
    outer loop
      vertex 114.995 0.0980167 32
      vertex 115 0 29
      vertex 115 0 32
    endloop
  endfacet
  facet normal -0.969658 -0.244467 0
    outer loop
      vertex 114.981 0.19509 29
      vertex 114.957 0.290284 32
      vertex 114.957 0.290284 29
    endloop
  endfacet
  facet normal -0.969658 -0.244467 0
    outer loop
      vertex 114.957 0.290284 32
      vertex 114.981 0.19509 29
      vertex 114.981 0.19509 32
    endloop
  endfacet
  facet normal -0.0490836 -0.998795 0
    outer loop
      vertex 114 1 29
      vertex 114.098 0.995184 32
      vertex 114 1 32
    endloop
  endfacet
  facet normal -0.0490836 -0.998795 -0
    outer loop
      vertex 114.098 0.995184 32
      vertex 114 1 29
      vertex 114.098 0.995184 29
    endloop
  endfacet
  facet normal -0.805447 -0.592668 0
    outer loop
      vertex 114.831 0.55557 29
      vertex 114.773 0.634393 32
      vertex 114.773 0.634393 29
    endloop
  endfacet
  facet normal -0.805447 -0.592668 0
    outer loop
      vertex 114.773 0.634393 32
      vertex 114.831 0.55557 29
      vertex 114.831 0.55557 32
    endloop
  endfacet
  facet normal 0.941741 0.33634 0
    outer loop
      vertex 113.076 -0.382683 32
      vertex 113.043 -0.290284 29
      vertex 113.043 -0.290284 32
    endloop
  endfacet
  facet normal 0.941741 0.33634 0
    outer loop
      vertex 113.043 -0.290284 29
      vertex 113.076 -0.382683 32
      vertex 113.076 -0.382683 29
    endloop
  endfacet
  facet normal -0.740465 -0.672095 0
    outer loop
      vertex 114.773 0.634393 29
      vertex 114.707 0.707107 32
      vertex 114.707 0.707107 29
    endloop
  endfacet
  facet normal -0.740465 -0.672095 0
    outer loop
      vertex 114.707 0.707107 32
      vertex 114.773 0.634393 29
      vertex 114.773 0.634393 32
    endloop
  endfacet
  facet normal -0.998701 0.0509455 0
    outer loop
      vertex 114.995 -0.0980167 29
      vertex 115 0 32
      vertex 115 0 29
    endloop
  endfacet
  facet normal -0.998701 0.0509455 0
    outer loop
      vertex 115 0 32
      vertex 114.995 -0.0980167 29
      vertex 114.995 -0.0980167 32
    endloop
  endfacet
  facet normal -0.146844 0.98916 0
    outer loop
      vertex 114.195 -0.980784 29
      vertex 114.098 -0.995184 32
      vertex 114.195 -0.980784 32
    endloop
  endfacet
  facet normal -0.146844 0.98916 0
    outer loop
      vertex 114.098 -0.995184 32
      vertex 114.195 -0.980784 29
      vertex 114.098 -0.995184 29
    endloop
  endfacet
  facet normal -0.243439 -0.969916 0
    outer loop
      vertex 114.195 0.980784 29
      vertex 114.29 0.95694 32
      vertex 114.195 0.980784 32
    endloop
  endfacet
  facet normal -0.243439 -0.969916 -0
    outer loop
      vertex 114.29 0.95694 32
      vertex 114.195 0.980784 29
      vertex 114.29 0.95694 29
    endloop
  endfacet
  facet normal -0.510406 0.859934 0
    outer loop
      vertex 114.556 -0.83147 29
      vertex 114.471 -0.881921 32
      vertex 114.556 -0.83147 32
    endloop
  endfacet
  facet normal -0.510406 0.859934 0
    outer loop
      vertex 114.471 -0.881921 32
      vertex 114.556 -0.83147 29
      vertex 114.471 -0.881921 29
    endloop
  endfacet
  facet normal 0.0490836 -0.998795 0
    outer loop
      vertex 113.902 0.995184 29
      vertex 114 1 32
      vertex 113.902 0.995184 32
    endloop
  endfacet
  facet normal 0.0490836 -0.998795 0
    outer loop
      vertex 114 1 32
      vertex 113.902 0.995184 29
      vertex 114 1 29
    endloop
  endfacet
  facet normal -0.805447 0.592668 0
    outer loop
      vertex 114.773 -0.634393 29
      vertex 114.831 -0.55557 32
      vertex 114.831 -0.55557 29
    endloop
  endfacet
  facet normal -0.805447 0.592668 0
    outer loop
      vertex 114.831 -0.55557 32
      vertex 114.773 -0.634393 29
      vertex 114.773 -0.634393 32
    endloop
  endfacet
  facet normal 0.243439 -0.969916 0
    outer loop
      vertex 113.71 0.95694 29
      vertex 113.805 0.980784 32
      vertex 113.71 0.95694 32
    endloop
  endfacet
  facet normal 0.243439 -0.969916 0
    outer loop
      vertex 113.805 0.980784 32
      vertex 113.71 0.95694 29
      vertex 113.805 0.980784 29
    endloop
  endfacet
  facet normal 0.510406 0.859934 -0
    outer loop
      vertex 113.529 -0.881921 29
      vertex 113.444 -0.83147 32
      vertex 113.529 -0.881921 32
    endloop
  endfacet
  facet normal 0.510406 0.859934 0
    outer loop
      vertex 113.444 -0.83147 32
      vertex 113.529 -0.881921 29
      vertex 113.444 -0.83147 29
    endloop
  endfacet
  facet normal -0.599737 -0.800197 0
    outer loop
      vertex 114.556 0.83147 29
      vertex 114.634 0.77301 32
      vertex 114.556 0.83147 32
    endloop
  endfacet
  facet normal -0.599737 -0.800197 -0
    outer loop
      vertex 114.634 0.77301 32
      vertex 114.556 0.83147 29
      vertex 114.634 0.77301 29
    endloop
  endfacet
  facet normal -0.969658 0.244467 0
    outer loop
      vertex 114.957 -0.290284 29
      vertex 114.981 -0.19509 32
      vertex 114.981 -0.19509 29
    endloop
  endfacet
  facet normal -0.969658 0.244467 0
    outer loop
      vertex 114.981 -0.19509 32
      vertex 114.957 -0.290284 29
      vertex 114.957 -0.290284 32
    endloop
  endfacet
  facet normal 0.969658 -0.244467 0
    outer loop
      vertex 113.019 0.19509 32
      vertex 113.043 0.290284 29
      vertex 113.043 0.290284 32
    endloop
  endfacet
  facet normal 0.969658 -0.244467 0
    outer loop
      vertex 113.043 0.290284 29
      vertex 113.019 0.19509 32
      vertex 113.019 0.19509 29
    endloop
  endfacet
  facet normal 0.903824 0.427904 0
    outer loop
      vertex 113.118 -0.471396 32
      vertex 113.076 -0.382683 29
      vertex 113.076 -0.382683 32
    endloop
  endfacet
  facet normal 0.903824 0.427904 0
    outer loop
      vertex 113.076 -0.382683 29
      vertex 113.118 -0.471396 32
      vertex 113.118 -0.471396 29
    endloop
  endfacet
  facet normal 0.599737 -0.800197 0
    outer loop
      vertex 113.366 0.77301 29
      vertex 113.444 0.83147 32
      vertex 113.366 0.77301 32
    endloop
  endfacet
  facet normal 0.599737 -0.800197 0
    outer loop
      vertex 113.444 0.83147 32
      vertex 113.366 0.77301 29
      vertex 113.444 0.83147 29
    endloop
  endfacet
  facet normal -0.510406 -0.859934 0
    outer loop
      vertex 114.471 0.881921 29
      vertex 114.556 0.83147 32
      vertex 114.471 0.881921 32
    endloop
  endfacet
  facet normal -0.510406 -0.859934 -0
    outer loop
      vertex 114.556 0.83147 32
      vertex 114.471 0.881921 29
      vertex 114.556 0.83147 29
    endloop
  endfacet
  facet normal -0.903824 0.427904 0
    outer loop
      vertex 114.882 -0.471396 29
      vertex 114.924 -0.382683 32
      vertex 114.924 -0.382683 29
    endloop
  endfacet
  facet normal -0.903824 0.427904 0
    outer loop
      vertex 114.924 -0.382683 32
      vertex 114.882 -0.471396 29
      vertex 114.882 -0.471396 32
    endloop
  endfacet
  facet normal 0.670104 -0.742267 0
    outer loop
      vertex 113.293 0.707107 29
      vertex 113.366 0.77301 32
      vertex 113.293 0.707107 32
    endloop
  endfacet
  facet normal 0.670104 -0.742267 0
    outer loop
      vertex 113.366 0.77301 32
      vertex 113.293 0.707107 29
      vertex 113.366 0.77301 29
    endloop
  endfacet
  facet normal -0.903824 -0.427904 0
    outer loop
      vertex 114.924 0.382683 29
      vertex 114.882 0.471396 32
      vertex 114.882 0.471396 29
    endloop
  endfacet
  facet normal -0.903824 -0.427904 0
    outer loop
      vertex 114.882 0.471396 32
      vertex 114.924 0.382683 29
      vertex 114.924 0.382683 32
    endloop
  endfacet
  facet normal 0.969658 0.244467 0
    outer loop
      vertex 113.043 -0.290284 32
      vertex 113.019 -0.19509 29
      vertex 113.019 -0.19509 32
    endloop
  endfacet
  facet normal 0.969658 0.244467 0
    outer loop
      vertex 113.019 -0.19509 29
      vertex 113.043 -0.290284 32
      vertex 113.043 -0.290284 29
    endloop
  endfacet
  facet normal -0.941741 -0.33634 0
    outer loop
      vertex 114.957 0.290284 29
      vertex 114.924 0.382683 32
      vertex 114.924 0.382683 29
    endloop
  endfacet
  facet normal -0.941741 -0.33634 0
    outer loop
      vertex 114.924 0.382683 32
      vertex 114.957 0.290284 29
      vertex 114.957 0.290284 32
    endloop
  endfacet
  facet normal -0.0490836 0.998795 0
    outer loop
      vertex 114.098 -0.995184 29
      vertex 114 -1 32
      vertex 114.098 -0.995184 32
    endloop
  endfacet
  facet normal -0.0490836 0.998795 0
    outer loop
      vertex 114 -1 32
      vertex 114.098 -0.995184 29
      vertex 114 -1 29
    endloop
  endfacet
  facet normal 0.146844 0.98916 -0
    outer loop
      vertex 113.902 -0.995184 29
      vertex 113.805 -0.980784 32
      vertex 113.902 -0.995184 32
    endloop
  endfacet
  facet normal 0.146844 0.98916 0
    outer loop
      vertex 113.805 -0.980784 32
      vertex 113.902 -0.995184 29
      vertex 113.805 -0.980784 29
    endloop
  endfacet
  facet normal -0.430379 0.902648 0
    outer loop
      vertex 114.471 -0.881921 29
      vertex 114.383 -0.923879 32
      vertex 114.471 -0.881921 32
    endloop
  endfacet
  facet normal -0.430379 0.902648 0
    outer loop
      vertex 114.383 -0.923879 32
      vertex 114.471 -0.881921 29
      vertex 114.383 -0.923879 29
    endloop
  endfacet
  facet normal -0.430379 -0.902648 0
    outer loop
      vertex 114.383 0.923879 29
      vertex 114.471 0.881921 32
      vertex 114.383 0.923879 32
    endloop
  endfacet
  facet normal -0.430379 -0.902648 -0
    outer loop
      vertex 114.471 0.881921 32
      vertex 114.383 0.923879 29
      vertex 114.471 0.881921 29
    endloop
  endfacet
  facet normal -0.855263 0.518194 0
    outer loop
      vertex 114.831 -0.55557 29
      vertex 114.882 -0.471396 32
      vertex 114.882 -0.471396 29
    endloop
  endfacet
  facet normal -0.855263 0.518194 0
    outer loop
      vertex 114.882 -0.471396 32
      vertex 114.831 -0.55557 29
      vertex 114.831 -0.55557 32
    endloop
  endfacet
  facet normal -0.334959 0.942233 0
    outer loop
      vertex 114.383 -0.923879 29
      vertex 114.29 -0.95694 32
      vertex 114.383 -0.923879 32
    endloop
  endfacet
  facet normal -0.334959 0.942233 0
    outer loop
      vertex 114.29 -0.95694 32
      vertex 114.383 -0.923879 29
      vertex 114.29 -0.95694 29
    endloop
  endfacet
  facet normal -0.98976 0.142744 0
    outer loop
      vertex 114.981 -0.19509 29
      vertex 114.995 -0.0980167 32
      vertex 114.995 -0.0980167 29
    endloop
  endfacet
  facet normal -0.98976 0.142744 0
    outer loop
      vertex 114.995 -0.0980167 32
      vertex 114.981 -0.19509 29
      vertex 114.981 -0.19509 32
    endloop
  endfacet
  facet normal 0.334959 -0.942233 0
    outer loop
      vertex 113.617 0.923879 29
      vertex 113.71 0.95694 32
      vertex 113.617 0.923879 32
    endloop
  endfacet
  facet normal 0.334959 -0.942233 0
    outer loop
      vertex 113.71 0.95694 32
      vertex 113.617 0.923879 29
      vertex 113.71 0.95694 29
    endloop
  endfacet
  facet normal -0.334959 -0.942233 0
    outer loop
      vertex 114.29 0.95694 29
      vertex 114.383 0.923879 32
      vertex 114.29 0.95694 32
    endloop
  endfacet
  facet normal -0.334959 -0.942233 -0
    outer loop
      vertex 114.383 0.923879 32
      vertex 114.29 0.95694 29
      vertex 114.383 0.923879 29
    endloop
  endfacet
  facet normal 0.98976 -0.142744 0
    outer loop
      vertex 113.005 0.0980167 32
      vertex 113.019 0.19509 29
      vertex 113.019 0.19509 32
    endloop
  endfacet
  facet normal 0.98976 -0.142744 0
    outer loop
      vertex 113.019 0.19509 29
      vertex 113.005 0.0980167 32
      vertex 113.005 0.0980167 29
    endloop
  endfacet
  facet normal 0.146844 -0.98916 0
    outer loop
      vertex 113.805 0.980784 29
      vertex 113.902 0.995184 32
      vertex 113.805 0.980784 32
    endloop
  endfacet
  facet normal 0.146844 -0.98916 0
    outer loop
      vertex 113.902 0.995184 32
      vertex 113.805 0.980784 29
      vertex 113.902 0.995184 29
    endloop
  endfacet
  facet normal 0.510406 -0.859934 0
    outer loop
      vertex 113.444 0.83147 29
      vertex 113.529 0.881921 32
      vertex 113.444 0.83147 32
    endloop
  endfacet
  facet normal 0.510406 -0.859934 0
    outer loop
      vertex 113.529 0.881921 32
      vertex 113.444 0.83147 29
      vertex 113.529 0.881921 29
    endloop
  endfacet
  facet normal 0.430379 -0.902648 0
    outer loop
      vertex 113.529 0.881921 29
      vertex 113.617 0.923879 32
      vertex 113.529 0.881921 32
    endloop
  endfacet
  facet normal 0.430379 -0.902648 0
    outer loop
      vertex 113.617 0.923879 32
      vertex 113.529 0.881921 29
      vertex 113.617 0.923879 29
    endloop
  endfacet
  facet normal 0.998701 -0.0509455 0
    outer loop
      vertex 113 0 32
      vertex 113.005 0.0980167 29
      vertex 113.005 0.0980167 32
    endloop
  endfacet
  facet normal 0.998701 -0.0509455 0
    outer loop
      vertex 113.005 0.0980167 29
      vertex 113 0 32
      vertex 113 0 29
    endloop
  endfacet
  facet normal -0.855263 -0.518194 0
    outer loop
      vertex 114.882 0.471396 29
      vertex 114.831 0.55557 32
      vertex 114.831 0.55557 29
    endloop
  endfacet
  facet normal -0.855263 -0.518194 0
    outer loop
      vertex 114.831 0.55557 32
      vertex 114.882 0.471396 29
      vertex 114.882 0.471396 32
    endloop
  endfacet
  facet normal -0.740465 0.672095 0
    outer loop
      vertex 114.707 -0.707107 29
      vertex 114.773 -0.634393 32
      vertex 114.773 -0.634393 29
    endloop
  endfacet
  facet normal -0.740465 0.672095 0
    outer loop
      vertex 114.773 -0.634393 32
      vertex 114.707 -0.707107 29
      vertex 114.707 -0.707107 32
    endloop
  endfacet
  facet normal 0.855263 -0.518194 0
    outer loop
      vertex 113.118 0.471396 32
      vertex 113.169 0.55557 29
      vertex 113.169 0.55557 32
    endloop
  endfacet
  facet normal 0.855263 -0.518194 0
    outer loop
      vertex 113.169 0.55557 29
      vertex 113.118 0.471396 32
      vertex 113.118 0.471396 29
    endloop
  endfacet
  facet normal -0.941741 0.33634 0
    outer loop
      vertex 114.924 -0.382683 29
      vertex 114.957 -0.290284 32
      vertex 114.957 -0.290284 29
    endloop
  endfacet
  facet normal -0.941741 0.33634 0
    outer loop
      vertex 114.957 -0.290284 32
      vertex 114.924 -0.382683 29
      vertex 114.924 -0.382683 32
    endloop
  endfacet
  facet normal -0.670104 -0.742267 0
    outer loop
      vertex 114.634 0.77301 29
      vertex 114.707 0.707107 32
      vertex 114.634 0.77301 32
    endloop
  endfacet
  facet normal -0.670104 -0.742267 -0
    outer loop
      vertex 114.707 0.707107 32
      vertex 114.634 0.77301 29
      vertex 114.707 0.707107 29
    endloop
  endfacet
  facet normal 0.805447 0.592668 0
    outer loop
      vertex 113.227 -0.634393 32
      vertex 113.169 -0.55557 29
      vertex 113.169 -0.55557 32
    endloop
  endfacet
  facet normal 0.805447 0.592668 0
    outer loop
      vertex 113.169 -0.55557 29
      vertex 113.227 -0.634393 32
      vertex 113.227 -0.634393 29
    endloop
  endfacet
  facet normal 0.98976 0.142744 0
    outer loop
      vertex 113.019 -0.19509 32
      vertex 113.005 -0.0980167 29
      vertex 113.005 -0.0980167 32
    endloop
  endfacet
  facet normal 0.98976 0.142744 0
    outer loop
      vertex 113.005 -0.0980167 29
      vertex 113.019 -0.19509 32
      vertex 113.019 -0.19509 29
    endloop
  endfacet
  facet normal 0.740465 -0.672095 0
    outer loop
      vertex 113.227 0.634393 32
      vertex 113.293 0.707107 29
      vertex 113.293 0.707107 32
    endloop
  endfacet
  facet normal 0.740465 -0.672095 0
    outer loop
      vertex 113.293 0.707107 29
      vertex 113.227 0.634393 32
      vertex 113.227 0.634393 29
    endloop
  endfacet
  facet normal 0.243439 0.969916 -0
    outer loop
      vertex 113.805 -0.980784 29
      vertex 113.71 -0.95694 32
      vertex 113.805 -0.980784 32
    endloop
  endfacet
  facet normal 0.243439 0.969916 0
    outer loop
      vertex 113.71 -0.95694 32
      vertex 113.805 -0.980784 29
      vertex 113.71 -0.95694 29
    endloop
  endfacet
  facet normal 0.855263 0.518194 0
    outer loop
      vertex 113.169 -0.55557 32
      vertex 113.118 -0.471396 29
      vertex 113.118 -0.471396 32
    endloop
  endfacet
  facet normal 0.855263 0.518194 0
    outer loop
      vertex 113.118 -0.471396 29
      vertex 113.169 -0.55557 32
      vertex 113.169 -0.55557 29
    endloop
  endfacet
  facet normal -0.670104 0.742267 0
    outer loop
      vertex 114.707 -0.707107 29
      vertex 114.634 -0.77301 32
      vertex 114.707 -0.707107 32
    endloop
  endfacet
  facet normal -0.670104 0.742267 0
    outer loop
      vertex 114.634 -0.77301 32
      vertex 114.707 -0.707107 29
      vertex 114.634 -0.77301 29
    endloop
  endfacet
  facet normal 0.0490836 0.998795 -0
    outer loop
      vertex 114 -1 29
      vertex 113.902 -0.995184 32
      vertex 114 -1 32
    endloop
  endfacet
  facet normal 0.0490836 0.998795 0
    outer loop
      vertex 113.902 -0.995184 32
      vertex 114 -1 29
      vertex 113.902 -0.995184 29
    endloop
  endfacet
  facet normal -0.599737 0.800197 0
    outer loop
      vertex 114.634 -0.77301 29
      vertex 114.556 -0.83147 32
      vertex 114.634 -0.77301 32
    endloop
  endfacet
  facet normal -0.599737 0.800197 0
    outer loop
      vertex 114.556 -0.83147 32
      vertex 114.634 -0.77301 29
      vertex 114.556 -0.83147 29
    endloop
  endfacet
  facet normal 0.805447 -0.592668 0
    outer loop
      vertex 113.169 0.55557 32
      vertex 113.227 0.634393 29
      vertex 113.227 0.634393 32
    endloop
  endfacet
  facet normal 0.805447 -0.592668 0
    outer loop
      vertex 113.227 0.634393 29
      vertex 113.169 0.55557 32
      vertex 113.169 0.55557 29
    endloop
  endfacet
  facet normal -0.243439 0.969916 0
    outer loop
      vertex 114.29 -0.95694 29
      vertex 114.195 -0.980784 32
      vertex 114.29 -0.95694 32
    endloop
  endfacet
  facet normal -0.243439 0.969916 0
    outer loop
      vertex 114.195 -0.980784 32
      vertex 114.29 -0.95694 29
      vertex 114.195 -0.980784 29
    endloop
  endfacet
  facet normal 0.334959 0.942233 -0
    outer loop
      vertex 113.71 -0.95694 29
      vertex 113.617 -0.923879 32
      vertex 113.71 -0.95694 32
    endloop
  endfacet
  facet normal 0.334959 0.942233 0
    outer loop
      vertex 113.617 -0.923879 32
      vertex 113.71 -0.95694 29
      vertex 113.617 -0.923879 29
    endloop
  endfacet
  facet normal 0.599737 0.800197 -0
    outer loop
      vertex 113.444 -0.83147 29
      vertex 113.366 -0.77301 32
      vertex 113.444 -0.83147 32
    endloop
  endfacet
  facet normal 0.599737 0.800197 0
    outer loop
      vertex 113.366 -0.77301 32
      vertex 113.444 -0.83147 29
      vertex 113.366 -0.77301 29
    endloop
  endfacet
  facet normal 0.670104 0.742267 -0
    outer loop
      vertex 113.366 -0.77301 29
      vertex 113.293 -0.707107 32
      vertex 113.366 -0.77301 32
    endloop
  endfacet
  facet normal 0.670104 0.742267 0
    outer loop
      vertex 113.293 -0.707107 32
      vertex 113.366 -0.77301 29
      vertex 113.293 -0.707107 29
    endloop
  endfacet
  facet normal 0.998701 0.0509455 0
    outer loop
      vertex 113.005 -0.0980167 32
      vertex 113 0 29
      vertex 113 0 32
    endloop
  endfacet
  facet normal 0.998701 0.0509455 0
    outer loop
      vertex 113 0 29
      vertex 113.005 -0.0980167 32
      vertex 113.005 -0.0980167 29
    endloop
  endfacet
  facet normal 0.903824 -0.427904 0
    outer loop
      vertex 113.076 0.382683 32
      vertex 113.118 0.471396 29
      vertex 113.118 0.471396 32
    endloop
  endfacet
  facet normal 0.903824 -0.427904 0
    outer loop
      vertex 113.118 0.471396 29
      vertex 113.076 0.382683 32
      vertex 113.076 0.382683 29
    endloop
  endfacet
  facet normal 0.740465 0.672095 0
    outer loop
      vertex 113.293 -0.707107 32
      vertex 113.227 -0.634393 29
      vertex 113.227 -0.634393 32
    endloop
  endfacet
  facet normal 0.740465 0.672095 0
    outer loop
      vertex 113.227 -0.634393 29
      vertex 113.293 -0.707107 32
      vertex 113.293 -0.707107 29
    endloop
  endfacet
  facet normal 0.430379 0.902648 -0
    outer loop
      vertex 113.617 -0.923879 29
      vertex 113.529 -0.881921 32
      vertex 113.617 -0.923879 32
    endloop
  endfacet
  facet normal 0.430379 0.902648 0
    outer loop
      vertex 113.529 -0.881921 32
      vertex 113.617 -0.923879 29
      vertex 113.529 -0.881921 29
    endloop
  endfacet
  facet normal 0.941741 -0.33634 0
    outer loop
      vertex 113.043 0.290284 32
      vertex 113.076 0.382683 29
      vertex 113.076 0.382683 32
    endloop
  endfacet
  facet normal 0.941741 -0.33634 0
    outer loop
      vertex 113.076 0.382683 29
      vertex 113.043 0.290284 32
      vertex 113.043 0.290284 29
    endloop
  endfacet
  facet normal -1 0 0
    outer loop
      vertex 186.5 -33.5 0
      vertex 186.5 33.5 3
      vertex 186.5 33.5 0
    endloop
  endfacet
  facet normal -1 -0 0
    outer loop
      vertex 186.5 33.5 3
      vertex 186.5 -33.5 0
      vertex 186.5 -33.5 3
    endloop
  endfacet
  facet normal 1 -0 0
    outer loop
      vertex 133 -33.5 3
      vertex 133 33.5 0
      vertex 133 33.5 3
    endloop
  endfacet
  facet normal 1 0 0
    outer loop
      vertex 133 33.5 0
      vertex 133 -33.5 3
      vertex 133 -33.5 0
    endloop
  endfacet
  facet normal 0 -1 0
    outer loop
      vertex 133 33.5 0
      vertex 186.5 33.5 3
      vertex 133 33.5 3
    endloop
  endfacet
  facet normal 0 -1 -0
    outer loop
      vertex 186.5 33.5 3
      vertex 133 33.5 0
      vertex 186.5 33.5 0
    endloop
  endfacet
  facet normal 0 1 -0
    outer loop
      vertex 186.5 -33.5 0
      vertex 133 -33.5 3
      vertex 186.5 -33.5 3
    endloop
  endfacet
  facet normal 0 1 0
    outer loop
      vertex 133 -33.5 3
      vertex 186.5 -33.5 0
      vertex 133 -33.5 0
    endloop
  endfacet
endsolid OpenSCAD_Model
