solid OpenSCAD_Model
  facet normal -0.24439 0 0.969677
    outer loop
      vertex 112.254 75.5 7.92498
      vertex 112.377 68.5 7.95598
      vertex 112.377 75.5 7.95598
    endloop
  endfacet
  facet normal -0.24439 0 0.969677
    outer loop
      vertex 112.377 68.5 7.95598
      vertex 112.254 75.5 7.92498
      vertex 112.254 68.5 7.92498
    endloop
  endfacet
  facet normal -0.988856 0 0.148877
    outer loop
      vertex 113.275 68.5 8.94638
      vertex 113.294 75.5 9.07258
      vertex 113.275 75.5 8.94638
    endloop
  endfacet
  facet normal -0.988856 0 0.148877
    outer loop
      vertex 113.294 75.5 9.07258
      vertex 113.275 68.5 8.94638
      vertex 113.294 68.5 9.07258
    endloop
  endfacet
  facet normal -0.998893 0 0.0470363
    outer loop
      vertex 113.294 68.5 9.07258
      vertex 113.3 75.5 9.2
      vertex 113.294 75.5 9.07258
    endloop
  endfacet
  facet normal -0.998893 0 0.0470363
    outer loop
      vertex 113.3 75.5 9.2
      vertex 113.294 68.5 9.07258
      vertex 113.3 68.5 9.2
    endloop
  endfacet
  facet normal -0.970027 0 0.242997
    outer loop
      vertex 113.244 68.5 8.82263
      vertex 113.275 75.5 8.94638
      vertex 113.244 75.5 8.82263
    endloop
  endfacet
  facet normal -0.970027 0 0.242997
    outer loop
      vertex 113.275 75.5 8.94638
      vertex 113.244 68.5 8.82263
      vertex 113.275 68.5 8.94638
    endloop
  endfacet
  facet normal 0.337191 0 0.941436
    outer loop
      vertex 111.503 75.5 7.99896
      vertex 111.623 68.5 7.95598
      vertex 111.623 75.5 7.95598
    endloop
  endfacet
  facet normal 0.337191 0 0.941436
    outer loop
      vertex 111.623 68.5 7.95598
      vertex 111.503 75.5 7.99896
      vertex 111.503 68.5 7.99896
    endloop
  endfacet
  facet normal 0.803168 0 -0.595752
    outer loop
      vertex 110.995 68.5 10.0247
      vertex 110.919 75.5 9.92224
      vertex 110.995 75.5 10.0247
    endloop
  endfacet
  facet normal 0.803168 0 -0.595752
    outer loop
      vertex 110.919 75.5 9.92224
      vertex 110.995 68.5 10.0247
      vertex 110.919 68.5 9.92224
    endloop
  endfacet
  facet normal 0.941493 -0 0.337031
    outer loop
      vertex 110.756 68.5 8.82263
      vertex 110.799 75.5 8.70251
      vertex 110.756 75.5 8.82263
    endloop
  endfacet
  facet normal 0.941493 0 0.337031
    outer loop
      vertex 110.799 75.5 8.70251
      vertex 110.756 68.5 8.82263
      vertex 110.799 68.5 8.70251
    endloop
  endfacet
  facet normal -0.337191 0 0.941436
    outer loop
      vertex 112.377 75.5 7.95598
      vertex 112.497 68.5 7.99896
      vertex 112.497 75.5 7.99896
    endloop
  endfacet
  facet normal -0.337191 0 0.941436
    outer loop
      vertex 112.497 68.5 7.99896
      vertex 112.377 75.5 7.95598
      vertex 112.377 68.5 7.95598
    endloop
  endfacet
  facet normal 0.970027 0 -0.242997
    outer loop
      vertex 110.756 68.5 9.57737
      vertex 110.725 75.5 9.45362
      vertex 110.756 75.5 9.57737
    endloop
  endfacet
  facet normal 0.970027 0 -0.242997
    outer loop
      vertex 110.725 75.5 9.45362
      vertex 110.756 68.5 9.57737
      vertex 110.725 68.5 9.45362
    endloop
  endfacet
  facet normal 0.24439 0 -0.969677
    outer loop
      vertex 111.623 68.5 10.444
      vertex 111.746 75.5 10.475
      vertex 111.746 68.5 10.475
    endloop
  endfacet
  facet normal 0.24439 0 -0.969677
    outer loop
      vertex 111.746 75.5 10.475
      vertex 111.623 68.5 10.444
      vertex 111.623 75.5 10.444
    endloop
  endfacet
  facet normal 0.425489 0 0.904964
    outer loop
      vertex 111.387 75.5 8.0535
      vertex 111.503 68.5 7.99896
      vertex 111.503 75.5 7.99896
    endloop
  endfacet
  facet normal 0.425489 0 0.904964
    outer loop
      vertex 111.503 68.5 7.99896
      vertex 111.387 75.5 8.0535
      vertex 111.387 68.5 8.0535
    endloop
  endfacet
  facet normal -0.425233 0 -0.905084
    outer loop
      vertex 112.497 68.5 10.401
      vertex 112.613 75.5 10.3465
      vertex 112.613 68.5 10.3465
    endloop
  endfacet
  facet normal -0.425233 0 -0.905084
    outer loop
      vertex 112.613 75.5 10.3465
      vertex 112.497 68.5 10.401
      vertex 112.497 75.5 10.401
    endloop
  endfacet
  facet normal -0.515651 0 -0.856799
    outer loop
      vertex 112.613 68.5 10.3465
      vertex 112.722 75.5 10.2809
      vertex 112.722 68.5 10.2809
    endloop
  endfacet
  facet normal -0.515651 0 -0.856799
    outer loop
      vertex 112.722 75.5 10.2809
      vertex 112.613 68.5 10.3465
      vertex 112.613 75.5 10.3465
    endloop
  endfacet
  facet normal -0.0495454 0 -0.998772
    outer loop
      vertex 112 68.5 10.5
      vertex 112.127 75.5 10.4937
      vertex 112.127 68.5 10.4937
    endloop
  endfacet
  facet normal -0.0495454 0 -0.998772
    outer loop
      vertex 112.127 75.5 10.4937
      vertex 112 68.5 10.5
      vertex 112 75.5 10.5
    endloop
  endfacet
  facet normal 0.859745 -0 0.510724
    outer loop
      vertex 110.854 68.5 8.58718
      vertex 110.919 75.5 8.47776
      vertex 110.854 75.5 8.58718
    endloop
  endfacet
  facet normal 0.859745 0 0.510724
    outer loop
      vertex 110.919 75.5 8.47776
      vertex 110.854 68.5 8.58718
      vertex 110.919 68.5 8.47776
    endloop
  endfacet
  facet normal 0.425233 0 -0.905084
    outer loop
      vertex 111.387 68.5 10.3465
      vertex 111.503 75.5 10.401
      vertex 111.503 68.5 10.401
    endloop
  endfacet
  facet normal 0.425233 0 -0.905084
    outer loop
      vertex 111.503 75.5 10.401
      vertex 111.387 68.5 10.3465
      vertex 111.387 75.5 10.3465
    endloop
  endfacet
  facet normal 0.593732 0 0.804663
    outer loop
      vertex 111.175 75.5 8.19509
      vertex 111.278 68.5 8.11909
      vertex 111.278 75.5 8.11909
    endloop
  endfacet
  facet normal 0.593732 0 0.804663
    outer loop
      vertex 111.278 68.5 8.11909
      vertex 111.175 75.5 8.19509
      vertex 111.175 68.5 8.19509
    endloop
  endfacet
  facet normal 0.998893 -0 0.0470363
    outer loop
      vertex 110.7 68.5 9.2
      vertex 110.706 75.5 9.07258
      vertex 110.7 75.5 9.2
    endloop
  endfacet
  facet normal 0.998893 0 0.0470363
    outer loop
      vertex 110.706 75.5 9.07258
      vertex 110.7 68.5 9.2
      vertex 110.706 68.5 9.07258
    endloop
  endfacet
  facet normal 0.902614 0 -0.43045
    outer loop
      vertex 110.854 68.5 9.81282
      vertex 110.799 75.5 9.69749
      vertex 110.854 75.5 9.81282
    endloop
  endfacet
  facet normal 0.902614 0 -0.43045
    outer loop
      vertex 110.799 75.5 9.69749
      vertex 110.854 68.5 9.81282
      vertex 110.799 68.5 9.69749
    endloop
  endfacet
  facet normal -0.593732 0 -0.804663
    outer loop
      vertex 112.722 68.5 10.2809
      vertex 112.825 75.5 10.2049
      vertex 112.825 68.5 10.2049
    endloop
  endfacet
  facet normal -0.593732 0 -0.804663
    outer loop
      vertex 112.825 75.5 10.2049
      vertex 112.722 68.5 10.2809
      vertex 112.722 75.5 10.2809
    endloop
  endfacet
  facet normal -0.593732 0 0.804663
    outer loop
      vertex 112.722 75.5 8.11909
      vertex 112.825 68.5 8.19509
      vertex 112.825 75.5 8.19509
    endloop
  endfacet
  facet normal -0.593732 0 0.804663
    outer loop
      vertex 112.825 68.5 8.19509
      vertex 112.722 75.5 8.11909
      vertex 112.722 68.5 8.11909
    endloop
  endfacet
  facet normal -0.33733 0 -0.941386
    outer loop
      vertex 112.377 68.5 10.444
      vertex 112.497 75.5 10.401
      vertex 112.497 68.5 10.401
    endloop
  endfacet
  facet normal -0.33733 0 -0.941386
    outer loop
      vertex 112.497 75.5 10.401
      vertex 112.377 68.5 10.444
      vertex 112.377 75.5 10.444
    endloop
  endfacet
  facet normal -0.970027 0 -0.242997
    outer loop
      vertex 113.275 68.5 9.45362
      vertex 113.244 75.5 9.57737
      vertex 113.275 75.5 9.45362
    endloop
  endfacet
  facet normal -0.970027 -0 -0.242997
    outer loop
      vertex 113.244 75.5 9.57737
      vertex 113.275 68.5 9.45362
      vertex 113.244 68.5 9.57737
    endloop
  endfacet
  facet normal -0.24439 0 -0.969677
    outer loop
      vertex 112.254 68.5 10.475
      vertex 112.377 75.5 10.444
      vertex 112.377 68.5 10.444
    endloop
  endfacet
  facet normal -0.24439 0 -0.969677
    outer loop
      vertex 112.377 75.5 10.444
      vertex 112.254 68.5 10.475
      vertex 112.254 75.5 10.475
    endloop
  endfacet
  facet normal 0.803196 -0 0.595715
    outer loop
      vertex 110.919 68.5 8.47776
      vertex 110.995 75.5 8.37529
      vertex 110.919 75.5 8.47776
    endloop
  endfacet
  facet normal 0.803196 0 0.595715
    outer loop
      vertex 110.995 75.5 8.37529
      vertex 110.919 68.5 8.47776
      vertex 110.995 68.5 8.37529
    endloop
  endfacet
  facet normal -0.902614 0 0.43045
    outer loop
      vertex 113.146 68.5 8.58718
      vertex 113.201 75.5 8.70251
      vertex 113.146 75.5 8.58718
    endloop
  endfacet
  facet normal -0.902614 0 0.43045
    outer loop
      vertex 113.201 75.5 8.70251
      vertex 113.146 68.5 8.58718
      vertex 113.201 68.5 8.70251
    endloop
  endfacet
  facet normal 0.145826 0 0.98931
    outer loop
      vertex 111.746 75.5 7.92498
      vertex 111.873 68.5 7.90626
      vertex 111.873 75.5 7.90626
    endloop
  endfacet
  facet normal 0.145826 0 0.98931
    outer loop
      vertex 111.873 68.5 7.90626
      vertex 111.746 75.5 7.92498
      vertex 111.746 68.5 7.92498
    endloop
  endfacet
  facet normal -0.803196 0 0.595715
    outer loop
      vertex 113.005 68.5 8.37529
      vertex 113.081 75.5 8.47776
      vertex 113.005 75.5 8.37529
    endloop
  endfacet
  facet normal -0.803196 0 0.595715
    outer loop
      vertex 113.081 75.5 8.47776
      vertex 113.005 68.5 8.37529
      vertex 113.081 68.5 8.47776
    endloop
  endfacet
  facet normal 0.998893 0 -0.0470363
    outer loop
      vertex 110.706 68.5 9.32742
      vertex 110.7 75.5 9.2
      vertex 110.706 75.5 9.32742
    endloop
  endfacet
  facet normal 0.998893 0 -0.0470363
    outer loop
      vertex 110.7 75.5 9.2
      vertex 110.706 68.5 9.32742
      vertex 110.7 68.5 9.2
    endloop
  endfacet
  facet normal 0.988856 0 -0.148877
    outer loop
      vertex 110.725 68.5 9.45362
      vertex 110.706 75.5 9.32742
      vertex 110.725 75.5 9.45362
    endloop
  endfacet
  facet normal 0.988856 0 -0.148877
    outer loop
      vertex 110.706 75.5 9.32742
      vertex 110.725 68.5 9.45362
      vertex 110.706 68.5 9.32742
    endloop
  endfacet
  facet normal 0.0495454 0 -0.998772
    outer loop
      vertex 111.873 68.5 10.4937
      vertex 112 75.5 10.5
      vertex 112 68.5 10.5
    endloop
  endfacet
  facet normal 0.0495454 0 -0.998772
    outer loop
      vertex 112 75.5 10.5
      vertex 111.873 68.5 10.4937
      vertex 111.873 75.5 10.4937
    endloop
  endfacet
  facet normal -0.515594 0 0.856833
    outer loop
      vertex 112.613 75.5 8.0535
      vertex 112.722 68.5 8.11909
      vertex 112.722 75.5 8.11909
    endloop
  endfacet
  facet normal -0.515594 0 0.856833
    outer loop
      vertex 112.722 68.5 8.11909
      vertex 112.613 75.5 8.0535
      vertex 112.613 68.5 8.0535
    endloop
  endfacet
  facet normal 0.6736 0 0.739096
    outer loop
      vertex 111.081 75.5 8.28076
      vertex 111.175 68.5 8.19509
      vertex 111.175 75.5 8.19509
    endloop
  endfacet
  facet normal 0.6736 0 0.739096
    outer loop
      vertex 111.175 68.5 8.19509
      vertex 111.081 75.5 8.28076
      vertex 111.081 68.5 8.28076
    endloop
  endfacet
  facet normal -0.739586 0 -0.673062
    outer loop
      vertex 113.005 68.5 10.0247
      vertex 112.919 75.5 10.1192
      vertex 113.005 75.5 10.0247
    endloop
  endfacet
  facet normal -0.739586 -0 -0.673062
    outer loop
      vertex 112.919 75.5 10.1192
      vertex 113.005 68.5 10.0247
      vertex 112.919 68.5 10.1192
    endloop
  endfacet
  facet normal -0.988856 0 -0.148877
    outer loop
      vertex 113.294 68.5 9.32742
      vertex 113.275 75.5 9.45362
      vertex 113.294 75.5 9.32742
    endloop
  endfacet
  facet normal -0.988856 -0 -0.148877
    outer loop
      vertex 113.275 75.5 9.45362
      vertex 113.294 68.5 9.32742
      vertex 113.275 68.5 9.45362
    endloop
  endfacet
  facet normal -0.998893 0 -0.0470363
    outer loop
      vertex 113.3 68.5 9.2
      vertex 113.294 75.5 9.32742
      vertex 113.3 75.5 9.2
    endloop
  endfacet
  facet normal -0.998893 -0 -0.0470363
    outer loop
      vertex 113.294 75.5 9.32742
      vertex 113.3 68.5 9.2
      vertex 113.294 68.5 9.32742
    endloop
  endfacet
  facet normal 0.515651 0 -0.856799
    outer loop
      vertex 111.278 68.5 10.2809
      vertex 111.387 75.5 10.3465
      vertex 111.387 68.5 10.3465
    endloop
  endfacet
  facet normal 0.515651 0 -0.856799
    outer loop
      vertex 111.387 75.5 10.3465
      vertex 111.278 68.5 10.2809
      vertex 111.278 75.5 10.2809
    endloop
  endfacet
  facet normal -0.941493 0 0.337031
    outer loop
      vertex 113.201 68.5 8.70251
      vertex 113.244 75.5 8.82263
      vertex 113.201 75.5 8.70251
    endloop
  endfacet
  facet normal -0.941493 0 0.337031
    outer loop
      vertex 113.244 75.5 8.82263
      vertex 113.201 68.5 8.70251
      vertex 113.244 68.5 8.82263
    endloop
  endfacet
  facet normal 0.739692 -0 0.672945
    outer loop
      vertex 110.995 68.5 8.37529
      vertex 111.081 75.5 8.28076
      vertex 110.995 75.5 8.37529
    endloop
  endfacet
  facet normal 0.739692 0 0.672945
    outer loop
      vertex 111.081 75.5 8.28076
      vertex 110.995 68.5 8.37529
      vertex 111.081 68.5 8.28076
    endloop
  endfacet
  facet normal 0.739586 0 -0.673062
    outer loop
      vertex 111.081 68.5 10.1192
      vertex 110.995 75.5 10.0247
      vertex 111.081 75.5 10.1192
    endloop
  endfacet
  facet normal 0.739586 0 -0.673062
    outer loop
      vertex 110.995 75.5 10.0247
      vertex 111.081 68.5 10.1192
      vertex 110.995 68.5 10.0247
    endloop
  endfacet
  facet normal -0.425489 0 0.904964
    outer loop
      vertex 112.497 75.5 7.99896
      vertex 112.613 68.5 8.0535
      vertex 112.613 75.5 8.0535
    endloop
  endfacet
  facet normal -0.425489 0 0.904964
    outer loop
      vertex 112.613 68.5 8.0535
      vertex 112.497 75.5 7.99896
      vertex 112.497 68.5 7.99896
    endloop
  endfacet
  facet normal -0.859745 0 -0.510724
    outer loop
      vertex 113.146 68.5 9.81282
      vertex 113.081 75.5 9.92224
      vertex 113.146 75.5 9.81282
    endloop
  endfacet
  facet normal -0.859745 -0 -0.510724
    outer loop
      vertex 113.081 75.5 9.92224
      vertex 113.146 68.5 9.81282
      vertex 113.081 68.5 9.92224
    endloop
  endfacet
  facet normal 0.859745 0 -0.510724
    outer loop
      vertex 110.919 68.5 9.92224
      vertex 110.854 75.5 9.81282
      vertex 110.919 75.5 9.92224
    endloop
  endfacet
  facet normal 0.859745 0 -0.510724
    outer loop
      vertex 110.854 75.5 9.81282
      vertex 110.919 68.5 9.92224
      vertex 110.854 68.5 9.81282
    endloop
  endfacet
  facet normal -0.941493 0 -0.337031
    outer loop
      vertex 113.244 68.5 9.57737
      vertex 113.201 75.5 9.69749
      vertex 113.244 75.5 9.57737
    endloop
  endfacet
  facet normal -0.941493 -0 -0.337031
    outer loop
      vertex 113.201 75.5 9.69749
      vertex 113.244 68.5 9.57737
      vertex 113.201 68.5 9.69749
    endloop
  endfacet
  facet normal -0.145826 0 0.98931
    outer loop
      vertex 112.127 75.5 7.90626
      vertex 112.254 68.5 7.92498
      vertex 112.254 75.5 7.92498
    endloop
  endfacet
  facet normal -0.145826 0 0.98931
    outer loop
      vertex 112.254 68.5 7.92498
      vertex 112.127 75.5 7.90626
      vertex 112.127 68.5 7.90626
    endloop
  endfacet
  facet normal 0.0492316 0 0.998787
    outer loop
      vertex 111.873 75.5 7.90626
      vertex 112 68.5 7.9
      vertex 112 75.5 7.9
    endloop
  endfacet
  facet normal 0.0492316 0 0.998787
    outer loop
      vertex 112 68.5 7.9
      vertex 111.873 75.5 7.90626
      vertex 111.873 68.5 7.90626
    endloop
  endfacet
  facet normal -0.859745 0 0.510724
    outer loop
      vertex 113.081 68.5 8.47776
      vertex 113.146 75.5 8.58718
      vertex 113.081 75.5 8.47776
    endloop
  endfacet
  facet normal -0.859745 0 0.510724
    outer loop
      vertex 113.146 75.5 8.58718
      vertex 113.081 68.5 8.47776
      vertex 113.146 68.5 8.58718
    endloop
  endfacet
  facet normal 0.24439 0 0.969677
    outer loop
      vertex 111.623 75.5 7.95598
      vertex 111.746 68.5 7.92498
      vertex 111.746 75.5 7.92498
    endloop
  endfacet
  facet normal 0.24439 0 0.969677
    outer loop
      vertex 111.746 68.5 7.92498
      vertex 111.623 75.5 7.95598
      vertex 111.623 68.5 7.95598
    endloop
  endfacet
  facet normal 0.941493 0 -0.337031
    outer loop
      vertex 110.799 68.5 9.69749
      vertex 110.756 75.5 9.57737
      vertex 110.799 75.5 9.69749
    endloop
  endfacet
  facet normal 0.941493 0 -0.337031
    outer loop
      vertex 110.756 75.5 9.57737
      vertex 110.799 68.5 9.69749
      vertex 110.756 68.5 9.57737
    endloop
  endfacet
  facet normal -0.145673 0 -0.989333
    outer loop
      vertex 112.127 68.5 10.4937
      vertex 112.254 75.5 10.475
      vertex 112.254 68.5 10.475
    endloop
  endfacet
  facet normal -0.145673 0 -0.989333
    outer loop
      vertex 112.254 75.5 10.475
      vertex 112.127 68.5 10.4937
      vertex 112.127 75.5 10.4937
    endloop
  endfacet
  facet normal 0.970027 -0 0.242997
    outer loop
      vertex 110.725 68.5 8.94638
      vertex 110.756 75.5 8.82263
      vertex 110.725 75.5 8.94638
    endloop
  endfacet
  facet normal 0.970027 0 0.242997
    outer loop
      vertex 110.756 75.5 8.82263
      vertex 110.725 68.5 8.94638
      vertex 110.756 68.5 8.82263
    endloop
  endfacet
  facet normal -0.6736 0 0.739096
    outer loop
      vertex 112.825 75.5 8.19509
      vertex 112.919 68.5 8.28076
      vertex 112.919 75.5 8.28076
    endloop
  endfacet
  facet normal -0.6736 0 0.739096
    outer loop
      vertex 112.919 68.5 8.28076
      vertex 112.825 75.5 8.19509
      vertex 112.825 68.5 8.19509
    endloop
  endfacet
  facet normal -0.0492316 0 0.998787
    outer loop
      vertex 112 75.5 7.9
      vertex 112.127 68.5 7.90626
      vertex 112.127 75.5 7.90626
    endloop
  endfacet
  facet normal -0.0492316 0 0.998787
    outer loop
      vertex 112.127 68.5 7.90626
      vertex 112 75.5 7.9
      vertex 112 68.5 7.9
    endloop
  endfacet
  facet normal -0.803168 0 -0.595752
    outer loop
      vertex 113.081 68.5 9.92224
      vertex 113.005 75.5 10.0247
      vertex 113.081 75.5 9.92224
    endloop
  endfacet
  facet normal -0.803168 -0 -0.595752
    outer loop
      vertex 113.005 75.5 10.0247
      vertex 113.081 68.5 9.92224
      vertex 113.005 68.5 10.0247
    endloop
  endfacet
  facet normal 0.593732 0 -0.804663
    outer loop
      vertex 111.175 68.5 10.2049
      vertex 111.278 75.5 10.2809
      vertex 111.278 68.5 10.2809
    endloop
  endfacet
  facet normal 0.593732 0 -0.804663
    outer loop
      vertex 111.278 75.5 10.2809
      vertex 111.175 68.5 10.2049
      vertex 111.175 75.5 10.2049
    endloop
  endfacet
  facet normal 0 1 0
    outer loop
      vertex 112.127 68.5 10.4937
      vertex 111.873 68.5 10.4937
      vertex 112 68.5 10.5
    endloop
  endfacet
  facet normal 0 1 0
    outer loop
      vertex 112.254 68.5 10.475
      vertex 111.873 68.5 10.4937
      vertex 112.127 68.5 10.4937
    endloop
  endfacet
  facet normal 0 1 0
    outer loop
      vertex 112.254 68.5 10.475
      vertex 111.746 68.5 10.475
      vertex 111.873 68.5 10.4937
    endloop
  endfacet
  facet normal 0 1 0
    outer loop
      vertex 112.377 68.5 10.444
      vertex 111.746 68.5 10.475
      vertex 112.254 68.5 10.475
    endloop
  endfacet
  facet normal 0 1 0
    outer loop
      vertex 112.377 68.5 10.444
      vertex 111.623 68.5 10.444
      vertex 111.746 68.5 10.475
    endloop
  endfacet
  facet normal 0 1 0
    outer loop
      vertex 112.497 68.5 10.401
      vertex 111.623 68.5 10.444
      vertex 112.377 68.5 10.444
    endloop
  endfacet
  facet normal 0 1 0
    outer loop
      vertex 112.497 68.5 10.401
      vertex 111.503 68.5 10.401
      vertex 111.623 68.5 10.444
    endloop
  endfacet
  facet normal 0 1 0
    outer loop
      vertex 112.613 68.5 10.3465
      vertex 111.503 68.5 10.401
      vertex 112.497 68.5 10.401
    endloop
  endfacet
  facet normal 0 1 0
    outer loop
      vertex 112.613 68.5 10.3465
      vertex 111.387 68.5 10.3465
      vertex 111.503 68.5 10.401
    endloop
  endfacet
  facet normal 0 1 0
    outer loop
      vertex 112.722 68.5 10.2809
      vertex 111.387 68.5 10.3465
      vertex 112.613 68.5 10.3465
    endloop
  endfacet
  facet normal 0 1 0
    outer loop
      vertex 112.722 68.5 10.2809
      vertex 111.278 68.5 10.2809
      vertex 111.387 68.5 10.3465
    endloop
  endfacet
  facet normal 0 1 0
    outer loop
      vertex 112.825 68.5 10.2049
      vertex 111.278 68.5 10.2809
      vertex 112.722 68.5 10.2809
    endloop
  endfacet
  facet normal 0 1 0
    outer loop
      vertex 112.825 68.5 10.2049
      vertex 111.175 68.5 10.2049
      vertex 111.278 68.5 10.2809
    endloop
  endfacet
  facet normal 0 1 0
    outer loop
      vertex 112.919 68.5 10.1192
      vertex 111.175 68.5 10.2049
      vertex 112.825 68.5 10.2049
    endloop
  endfacet
  facet normal 0 1 0
    outer loop
      vertex 112.919 68.5 10.1192
      vertex 111.081 68.5 10.1192
      vertex 111.175 68.5 10.2049
    endloop
  endfacet
  facet normal 0 1 0
    outer loop
      vertex 113.005 68.5 10.0247
      vertex 111.081 68.5 10.1192
      vertex 112.919 68.5 10.1192
    endloop
  endfacet
  facet normal 0 1 0
    outer loop
      vertex 113.005 68.5 10.0247
      vertex 110.995 68.5 10.0247
      vertex 111.081 68.5 10.1192
    endloop
  endfacet
  facet normal 0 1 0
    outer loop
      vertex 113.081 68.5 9.92224
      vertex 110.995 68.5 10.0247
      vertex 113.005 68.5 10.0247
    endloop
  endfacet
  facet normal 0 1 0
    outer loop
      vertex 113.081 68.5 9.92224
      vertex 110.919 68.5 9.92224
      vertex 110.995 68.5 10.0247
    endloop
  endfacet
  facet normal 0 1 0
    outer loop
      vertex 113.146 68.5 9.81282
      vertex 110.919 68.5 9.92224
      vertex 113.081 68.5 9.92224
    endloop
  endfacet
  facet normal 0 1 0
    outer loop
      vertex 113.146 68.5 9.81282
      vertex 110.854 68.5 9.81282
      vertex 110.919 68.5 9.92224
    endloop
  endfacet
  facet normal 0 1 0
    outer loop
      vertex 113.201 68.5 9.69749
      vertex 110.854 68.5 9.81282
      vertex 113.146 68.5 9.81282
    endloop
  endfacet
  facet normal 0 1 0
    outer loop
      vertex 113.201 68.5 9.69749
      vertex 110.799 68.5 9.69749
      vertex 110.854 68.5 9.81282
    endloop
  endfacet
  facet normal 0 1 0
    outer loop
      vertex 113.244 68.5 9.57737
      vertex 110.799 68.5 9.69749
      vertex 113.201 68.5 9.69749
    endloop
  endfacet
  facet normal 0 1 0
    outer loop
      vertex 113.244 68.5 9.57737
      vertex 110.756 68.5 9.57737
      vertex 110.799 68.5 9.69749
    endloop
  endfacet
  facet normal 0 1 0
    outer loop
      vertex 113.275 68.5 9.45362
      vertex 110.756 68.5 9.57737
      vertex 113.244 68.5 9.57737
    endloop
  endfacet
  facet normal 0 1 0
    outer loop
      vertex 113.275 68.5 9.45362
      vertex 110.725 68.5 9.45362
      vertex 110.756 68.5 9.57737
    endloop
  endfacet
  facet normal 0 1 0
    outer loop
      vertex 113.294 68.5 9.32742
      vertex 110.725 68.5 9.45362
      vertex 113.275 68.5 9.45362
    endloop
  endfacet
  facet normal 0 1 0
    outer loop
      vertex 113.294 68.5 9.32742
      vertex 110.706 68.5 9.32742
      vertex 110.725 68.5 9.45362
    endloop
  endfacet
  facet normal 0 1 0
    outer loop
      vertex 113.3 68.5 9.2
      vertex 110.706 68.5 9.32742
      vertex 113.294 68.5 9.32742
    endloop
  endfacet
  facet normal 0 1 0
    outer loop
      vertex 113.3 68.5 9.2
      vertex 110.7 68.5 9.2
      vertex 110.706 68.5 9.32742
    endloop
  endfacet
  facet normal 0 1 -0
    outer loop
      vertex 113.294 68.5 9.07258
      vertex 110.7 68.5 9.2
      vertex 113.3 68.5 9.2
    endloop
  endfacet
  facet normal 0 1 0
    outer loop
      vertex 113.294 68.5 9.07258
      vertex 110.706 68.5 9.07258
      vertex 110.7 68.5 9.2
    endloop
  endfacet
  facet normal 0 1 -0
    outer loop
      vertex 113.275 68.5 8.94638
      vertex 110.706 68.5 9.07258
      vertex 113.294 68.5 9.07258
    endloop
  endfacet
  facet normal 0 1 0
    outer loop
      vertex 113.275 68.5 8.94638
      vertex 110.725 68.5 8.94638
      vertex 110.706 68.5 9.07258
    endloop
  endfacet
  facet normal 0 1 -0
    outer loop
      vertex 113.244 68.5 8.82263
      vertex 110.725 68.5 8.94638
      vertex 113.275 68.5 8.94638
    endloop
  endfacet
  facet normal 0 1 0
    outer loop
      vertex 113.244 68.5 8.82263
      vertex 110.756 68.5 8.82263
      vertex 110.725 68.5 8.94638
    endloop
  endfacet
  facet normal 0 1 -0
    outer loop
      vertex 113.201 68.5 8.70251
      vertex 110.756 68.5 8.82263
      vertex 113.244 68.5 8.82263
    endloop
  endfacet
  facet normal 0 1 0
    outer loop
      vertex 113.201 68.5 8.70251
      vertex 110.799 68.5 8.70251
      vertex 110.756 68.5 8.82263
    endloop
  endfacet
  facet normal 0 1 -0
    outer loop
      vertex 113.146 68.5 8.58718
      vertex 110.799 68.5 8.70251
      vertex 113.201 68.5 8.70251
    endloop
  endfacet
  facet normal 0 1 0
    outer loop
      vertex 113.146 68.5 8.58718
      vertex 110.854 68.5 8.58718
      vertex 110.799 68.5 8.70251
    endloop
  endfacet
  facet normal 0 1 -0
    outer loop
      vertex 113.081 68.5 8.47776
      vertex 110.854 68.5 8.58718
      vertex 113.146 68.5 8.58718
    endloop
  endfacet
  facet normal 0 1 0
    outer loop
      vertex 113.081 68.5 8.47776
      vertex 110.919 68.5 8.47776
      vertex 110.854 68.5 8.58718
    endloop
  endfacet
  facet normal 0 1 -0
    outer loop
      vertex 113.005 68.5 8.37529
      vertex 110.919 68.5 8.47776
      vertex 113.081 68.5 8.47776
    endloop
  endfacet
  facet normal 0 1 0
    outer loop
      vertex 113.005 68.5 8.37529
      vertex 110.995 68.5 8.37529
      vertex 110.919 68.5 8.47776
    endloop
  endfacet
  facet normal 0 1 -0
    outer loop
      vertex 112.919 68.5 8.28076
      vertex 110.995 68.5 8.37529
      vertex 113.005 68.5 8.37529
    endloop
  endfacet
  facet normal 0 1 0
    outer loop
      vertex 112.919 68.5 8.28076
      vertex 111.081 68.5 8.28076
      vertex 110.995 68.5 8.37529
    endloop
  endfacet
  facet normal 0 1 -0
    outer loop
      vertex 112.825 68.5 8.19509
      vertex 111.081 68.5 8.28076
      vertex 112.919 68.5 8.28076
    endloop
  endfacet
  facet normal 0 1 0
    outer loop
      vertex 112.825 68.5 8.19509
      vertex 111.175 68.5 8.19509
      vertex 111.081 68.5 8.28076
    endloop
  endfacet
  facet normal 0 1 -0
    outer loop
      vertex 112.722 68.5 8.11909
      vertex 111.175 68.5 8.19509
      vertex 112.825 68.5 8.19509
    endloop
  endfacet
  facet normal 0 1 0
    outer loop
      vertex 112.722 68.5 8.11909
      vertex 111.278 68.5 8.11909
      vertex 111.175 68.5 8.19509
    endloop
  endfacet
  facet normal 0 1 -0
    outer loop
      vertex 112.613 68.5 8.0535
      vertex 111.278 68.5 8.11909
      vertex 112.722 68.5 8.11909
    endloop
  endfacet
  facet normal 0 1 0
    outer loop
      vertex 112.613 68.5 8.0535
      vertex 111.387 68.5 8.0535
      vertex 111.278 68.5 8.11909
    endloop
  endfacet
  facet normal 0 1 -0
    outer loop
      vertex 112.497 68.5 7.99896
      vertex 111.387 68.5 8.0535
      vertex 112.613 68.5 8.0535
    endloop
  endfacet
  facet normal 0 1 0
    outer loop
      vertex 112.497 68.5 7.99896
      vertex 111.503 68.5 7.99896
      vertex 111.387 68.5 8.0535
    endloop
  endfacet
  facet normal 0 1 -0
    outer loop
      vertex 112.377 68.5 7.95598
      vertex 111.503 68.5 7.99896
      vertex 112.497 68.5 7.99896
    endloop
  endfacet
  facet normal 0 1 0
    outer loop
      vertex 112.377 68.5 7.95598
      vertex 111.623 68.5 7.95598
      vertex 111.503 68.5 7.99896
    endloop
  endfacet
  facet normal 0 1 -0
    outer loop
      vertex 112.254 68.5 7.92498
      vertex 111.623 68.5 7.95598
      vertex 112.377 68.5 7.95598
    endloop
  endfacet
  facet normal 0 1 0
    outer loop
      vertex 112.254 68.5 7.92498
      vertex 111.746 68.5 7.92498
      vertex 111.623 68.5 7.95598
    endloop
  endfacet
  facet normal 0 1 -0
    outer loop
      vertex 112.127 68.5 7.90626
      vertex 111.746 68.5 7.92498
      vertex 112.254 68.5 7.92498
    endloop
  endfacet
  facet normal 0 1 0
    outer loop
      vertex 112.127 68.5 7.90626
      vertex 111.873 68.5 7.90626
      vertex 111.746 68.5 7.92498
    endloop
  endfacet
  facet normal -0 1 0
    outer loop
      vertex 111.873 68.5 7.90626
      vertex 112.127 68.5 7.90626
      vertex 112 68.5 7.9
    endloop
  endfacet
  facet normal -0.902614 0 -0.43045
    outer loop
      vertex 113.201 68.5 9.69749
      vertex 113.146 75.5 9.81282
      vertex 113.201 75.5 9.69749
    endloop
  endfacet
  facet normal -0.902614 -0 -0.43045
    outer loop
      vertex 113.146 75.5 9.81282
      vertex 113.201 68.5 9.69749
      vertex 113.146 68.5 9.81282
    endloop
  endfacet
  facet normal -0.739692 0 0.672945
    outer loop
      vertex 112.919 68.5 8.28076
      vertex 113.005 75.5 8.37529
      vertex 112.919 75.5 8.28076
    endloop
  endfacet
  facet normal -0.739692 0 0.672945
    outer loop
      vertex 113.005 75.5 8.37529
      vertex 112.919 68.5 8.28076
      vertex 113.005 68.5 8.37529
    endloop
  endfacet
  facet normal 0.902614 -0 0.43045
    outer loop
      vertex 110.799 68.5 8.70251
      vertex 110.854 75.5 8.58718
      vertex 110.799 75.5 8.70251
    endloop
  endfacet
  facet normal 0.902614 0 0.43045
    outer loop
      vertex 110.854 75.5 8.58718
      vertex 110.799 68.5 8.70251
      vertex 110.854 68.5 8.58718
    endloop
  endfacet
  facet normal 0.145673 0 -0.989333
    outer loop
      vertex 111.746 68.5 10.475
      vertex 111.873 75.5 10.4937
      vertex 111.873 68.5 10.4937
    endloop
  endfacet
  facet normal 0.145673 0 -0.989333
    outer loop
      vertex 111.873 75.5 10.4937
      vertex 111.746 68.5 10.475
      vertex 111.746 75.5 10.475
    endloop
  endfacet
  facet normal 0.988856 -0 0.148877
    outer loop
      vertex 110.706 68.5 9.07258
      vertex 110.725 75.5 8.94638
      vertex 110.706 75.5 9.07258
    endloop
  endfacet
  facet normal 0.988856 0 0.148877
    outer loop
      vertex 110.725 75.5 8.94638
      vertex 110.706 68.5 9.07258
      vertex 110.725 68.5 8.94638
    endloop
  endfacet
  facet normal 0.515594 0 0.856833
    outer loop
      vertex 111.278 75.5 8.11909
      vertex 111.387 68.5 8.0535
      vertex 111.387 75.5 8.0535
    endloop
  endfacet
  facet normal 0.515594 0 0.856833
    outer loop
      vertex 111.387 68.5 8.0535
      vertex 111.278 75.5 8.11909
      vertex 111.278 68.5 8.11909
    endloop
  endfacet
  facet normal -0.673729 0 -0.738979
    outer loop
      vertex 112.825 68.5 10.2049
      vertex 112.919 75.5 10.1192
      vertex 112.919 68.5 10.1192
    endloop
  endfacet
  facet normal -0.673729 0 -0.738979
    outer loop
      vertex 112.919 75.5 10.1192
      vertex 112.825 68.5 10.2049
      vertex 112.825 75.5 10.2049
    endloop
  endfacet
  facet normal 0.673729 0 -0.738979
    outer loop
      vertex 111.081 68.5 10.1192
      vertex 111.175 75.5 10.2049
      vertex 111.175 68.5 10.2049
    endloop
  endfacet
  facet normal 0.673729 0 -0.738979
    outer loop
      vertex 111.175 75.5 10.2049
      vertex 111.081 68.5 10.1192
      vertex 111.081 75.5 10.1192
    endloop
  endfacet
  facet normal 0.33733 0 -0.941386
    outer loop
      vertex 111.503 68.5 10.401
      vertex 111.623 75.5 10.444
      vertex 111.623 68.5 10.444
    endloop
  endfacet
  facet normal 0.33733 0 -0.941386
    outer loop
      vertex 111.623 75.5 10.444
      vertex 111.503 68.5 10.401
      vertex 111.503 75.5 10.401
    endloop
  endfacet
  facet normal -0.24439 0 0.969677
    outer loop
      vertex 130.254 75.5 7.92498
      vertex 130.377 68.5 7.95598
      vertex 130.377 75.5 7.95598
    endloop
  endfacet
  facet normal -0.24439 0 0.969677
    outer loop
      vertex 130.377 68.5 7.95598
      vertex 130.254 75.5 7.92498
      vertex 130.254 68.5 7.92498
    endloop
  endfacet
  facet normal -0.988856 0 0.148877
    outer loop
      vertex 131.275 68.5 8.94638
      vertex 131.294 75.5 9.07258
      vertex 131.275 75.5 8.94638
    endloop
  endfacet
  facet normal -0.988856 0 0.148877
    outer loop
      vertex 131.294 75.5 9.07258
      vertex 131.275 68.5 8.94638
      vertex 131.294 68.5 9.07258
    endloop
  endfacet
  facet normal -0.998893 0 0.0470363
    outer loop
      vertex 131.294 68.5 9.07258
      vertex 131.3 75.5 9.2
      vertex 131.294 75.5 9.07258
    endloop
  endfacet
  facet normal -0.998893 0 0.0470363
    outer loop
      vertex 131.3 75.5 9.2
      vertex 131.294 68.5 9.07258
      vertex 131.3 68.5 9.2
    endloop
  endfacet
  facet normal -0.970027 0 0.242997
    outer loop
      vertex 131.244 68.5 8.82263
      vertex 131.275 75.5 8.94638
      vertex 131.244 75.5 8.82263
    endloop
  endfacet
  facet normal -0.970027 0 0.242997
    outer loop
      vertex 131.275 75.5 8.94638
      vertex 131.244 68.5 8.82263
      vertex 131.275 68.5 8.94638
    endloop
  endfacet
  facet normal 0.337191 0 0.941436
    outer loop
      vertex 129.503 75.5 7.99896
      vertex 129.623 68.5 7.95598
      vertex 129.623 75.5 7.95598
    endloop
  endfacet
  facet normal 0.337191 0 0.941436
    outer loop
      vertex 129.623 68.5 7.95598
      vertex 129.503 75.5 7.99896
      vertex 129.503 68.5 7.99896
    endloop
  endfacet
  facet normal 0.803168 0 -0.595752
    outer loop
      vertex 128.995 68.5 10.0247
      vertex 128.919 75.5 9.92224
      vertex 128.995 75.5 10.0247
    endloop
  endfacet
  facet normal 0.803168 0 -0.595752
    outer loop
      vertex 128.919 75.5 9.92224
      vertex 128.995 68.5 10.0247
      vertex 128.919 68.5 9.92224
    endloop
  endfacet
  facet normal 0.941493 -0 0.337031
    outer loop
      vertex 128.756 68.5 8.82263
      vertex 128.799 75.5 8.70251
      vertex 128.756 75.5 8.82263
    endloop
  endfacet
  facet normal 0.941493 0 0.337031
    outer loop
      vertex 128.799 75.5 8.70251
      vertex 128.756 68.5 8.82263
      vertex 128.799 68.5 8.70251
    endloop
  endfacet
  facet normal -0.337191 0 0.941436
    outer loop
      vertex 130.377 75.5 7.95598
      vertex 130.497 68.5 7.99896
      vertex 130.497 75.5 7.99896
    endloop
  endfacet
  facet normal -0.337191 0 0.941436
    outer loop
      vertex 130.497 68.5 7.99896
      vertex 130.377 75.5 7.95598
      vertex 130.377 68.5 7.95598
    endloop
  endfacet
  facet normal 0.970027 0 -0.242997
    outer loop
      vertex 128.756 68.5 9.57737
      vertex 128.725 75.5 9.45362
      vertex 128.756 75.5 9.57737
    endloop
  endfacet
  facet normal 0.970027 0 -0.242997
    outer loop
      vertex 128.725 75.5 9.45362
      vertex 128.756 68.5 9.57737
      vertex 128.725 68.5 9.45362
    endloop
  endfacet
  facet normal 0.24439 0 -0.969677
    outer loop
      vertex 129.623 68.5 10.444
      vertex 129.746 75.5 10.475
      vertex 129.746 68.5 10.475
    endloop
  endfacet
  facet normal 0.24439 0 -0.969677
    outer loop
      vertex 129.746 75.5 10.475
      vertex 129.623 68.5 10.444
      vertex 129.623 75.5 10.444
    endloop
  endfacet
  facet normal 0.425489 0 0.904964
    outer loop
      vertex 129.387 75.5 8.0535
      vertex 129.503 68.5 7.99896
      vertex 129.503 75.5 7.99896
    endloop
  endfacet
  facet normal 0.425489 0 0.904964
    outer loop
      vertex 129.503 68.5 7.99896
      vertex 129.387 75.5 8.0535
      vertex 129.387 68.5 8.0535
    endloop
  endfacet
  facet normal -0.425233 0 -0.905084
    outer loop
      vertex 130.497 68.5 10.401
      vertex 130.613 75.5 10.3465
      vertex 130.613 68.5 10.3465
    endloop
  endfacet
  facet normal -0.425233 0 -0.905084
    outer loop
      vertex 130.613 75.5 10.3465
      vertex 130.497 68.5 10.401
      vertex 130.497 75.5 10.401
    endloop
  endfacet
  facet normal -0.515651 0 -0.856799
    outer loop
      vertex 130.613 68.5 10.3465
      vertex 130.722 75.5 10.2809
      vertex 130.722 68.5 10.2809
    endloop
  endfacet
  facet normal -0.515651 0 -0.856799
    outer loop
      vertex 130.722 75.5 10.2809
      vertex 130.613 68.5 10.3465
      vertex 130.613 75.5 10.3465
    endloop
  endfacet
  facet normal -0.0495454 0 -0.998772
    outer loop
      vertex 130 68.5 10.5
      vertex 130.127 75.5 10.4937
      vertex 130.127 68.5 10.4937
    endloop
  endfacet
  facet normal -0.0495454 0 -0.998772
    outer loop
      vertex 130.127 75.5 10.4937
      vertex 130 68.5 10.5
      vertex 130 75.5 10.5
    endloop
  endfacet
  facet normal 0.859745 -0 0.510724
    outer loop
      vertex 128.854 68.5 8.58718
      vertex 128.919 75.5 8.47776
      vertex 128.854 75.5 8.58718
    endloop
  endfacet
  facet normal 0.859745 0 0.510724
    outer loop
      vertex 128.919 75.5 8.47776
      vertex 128.854 68.5 8.58718
      vertex 128.919 68.5 8.47776
    endloop
  endfacet
  facet normal 0.425233 0 -0.905084
    outer loop
      vertex 129.387 68.5 10.3465
      vertex 129.503 75.5 10.401
      vertex 129.503 68.5 10.401
    endloop
  endfacet
  facet normal 0.425233 0 -0.905084
    outer loop
      vertex 129.503 75.5 10.401
      vertex 129.387 68.5 10.3465
      vertex 129.387 75.5 10.3465
    endloop
  endfacet
  facet normal 0.593732 0 0.804663
    outer loop
      vertex 129.175 75.5 8.19509
      vertex 129.278 68.5 8.11909
      vertex 129.278 75.5 8.11909
    endloop
  endfacet
  facet normal 0.593732 0 0.804663
    outer loop
      vertex 129.278 68.5 8.11909
      vertex 129.175 75.5 8.19509
      vertex 129.175 68.5 8.19509
    endloop
  endfacet
  facet normal 0.998893 -0 0.0470363
    outer loop
      vertex 128.7 68.5 9.2
      vertex 128.706 75.5 9.07258
      vertex 128.7 75.5 9.2
    endloop
  endfacet
  facet normal 0.998893 0 0.0470363
    outer loop
      vertex 128.706 75.5 9.07258
      vertex 128.7 68.5 9.2
      vertex 128.706 68.5 9.07258
    endloop
  endfacet
  facet normal 0.902614 0 -0.43045
    outer loop
      vertex 128.854 68.5 9.81282
      vertex 128.799 75.5 9.69749
      vertex 128.854 75.5 9.81282
    endloop
  endfacet
  facet normal 0.902614 0 -0.43045
    outer loop
      vertex 128.799 75.5 9.69749
      vertex 128.854 68.5 9.81282
      vertex 128.799 68.5 9.69749
    endloop
  endfacet
  facet normal -0.593732 0 -0.804663
    outer loop
      vertex 130.722 68.5 10.2809
      vertex 130.825 75.5 10.2049
      vertex 130.825 68.5 10.2049
    endloop
  endfacet
  facet normal -0.593732 0 -0.804663
    outer loop
      vertex 130.825 75.5 10.2049
      vertex 130.722 68.5 10.2809
      vertex 130.722 75.5 10.2809
    endloop
  endfacet
  facet normal -0.593732 0 0.804663
    outer loop
      vertex 130.722 75.5 8.11909
      vertex 130.825 68.5 8.19509
      vertex 130.825 75.5 8.19509
    endloop
  endfacet
  facet normal -0.593732 0 0.804663
    outer loop
      vertex 130.825 68.5 8.19509
      vertex 130.722 75.5 8.11909
      vertex 130.722 68.5 8.11909
    endloop
  endfacet
  facet normal -0.33733 0 -0.941386
    outer loop
      vertex 130.377 68.5 10.444
      vertex 130.497 75.5 10.401
      vertex 130.497 68.5 10.401
    endloop
  endfacet
  facet normal -0.33733 0 -0.941386
    outer loop
      vertex 130.497 75.5 10.401
      vertex 130.377 68.5 10.444
      vertex 130.377 75.5 10.444
    endloop
  endfacet
  facet normal -0.970027 0 -0.242997
    outer loop
      vertex 131.275 68.5 9.45362
      vertex 131.244 75.5 9.57737
      vertex 131.275 75.5 9.45362
    endloop
  endfacet
  facet normal -0.970027 -0 -0.242997
    outer loop
      vertex 131.244 75.5 9.57737
      vertex 131.275 68.5 9.45362
      vertex 131.244 68.5 9.57737
    endloop
  endfacet
  facet normal 0.803196 -0 0.595715
    outer loop
      vertex 128.919 68.5 8.47776
      vertex 128.995 75.5 8.37529
      vertex 128.919 75.5 8.47776
    endloop
  endfacet
  facet normal 0.803196 0 0.595715
    outer loop
      vertex 128.995 75.5 8.37529
      vertex 128.919 68.5 8.47776
      vertex 128.995 68.5 8.37529
    endloop
  endfacet
  facet normal -0.902614 0 0.43045
    outer loop
      vertex 131.146 68.5 8.58718
      vertex 131.201 75.5 8.70251
      vertex 131.146 75.5 8.58718
    endloop
  endfacet
  facet normal -0.902614 0 0.43045
    outer loop
      vertex 131.201 75.5 8.70251
      vertex 131.146 68.5 8.58718
      vertex 131.201 68.5 8.70251
    endloop
  endfacet
  facet normal 0.145826 0 0.98931
    outer loop
      vertex 129.746 75.5 7.92498
      vertex 129.873 68.5 7.90626
      vertex 129.873 75.5 7.90626
    endloop
  endfacet
  facet normal 0.145826 0 0.98931
    outer loop
      vertex 129.873 68.5 7.90626
      vertex 129.746 75.5 7.92498
      vertex 129.746 68.5 7.92498
    endloop
  endfacet
  facet normal -0.803196 0 0.595715
    outer loop
      vertex 131.005 68.5 8.37529
      vertex 131.081 75.5 8.47776
      vertex 131.005 75.5 8.37529
    endloop
  endfacet
  facet normal -0.803196 0 0.595715
    outer loop
      vertex 131.081 75.5 8.47776
      vertex 131.005 68.5 8.37529
      vertex 131.081 68.5 8.47776
    endloop
  endfacet
  facet normal 0.998893 0 -0.0470363
    outer loop
      vertex 128.706 68.5 9.32742
      vertex 128.7 75.5 9.2
      vertex 128.706 75.5 9.32742
    endloop
  endfacet
  facet normal 0.998893 0 -0.0470363
    outer loop
      vertex 128.7 75.5 9.2
      vertex 128.706 68.5 9.32742
      vertex 128.7 68.5 9.2
    endloop
  endfacet
  facet normal 0.988856 0 -0.148877
    outer loop
      vertex 128.725 68.5 9.45362
      vertex 128.706 75.5 9.32742
      vertex 128.725 75.5 9.45362
    endloop
  endfacet
  facet normal 0.988856 0 -0.148877
    outer loop
      vertex 128.706 75.5 9.32742
      vertex 128.725 68.5 9.45362
      vertex 128.706 68.5 9.32742
    endloop
  endfacet
  facet normal 0.0495454 0 -0.998772
    outer loop
      vertex 129.873 68.5 10.4937
      vertex 130 75.5 10.5
      vertex 130 68.5 10.5
    endloop
  endfacet
  facet normal 0.0495454 0 -0.998772
    outer loop
      vertex 130 75.5 10.5
      vertex 129.873 68.5 10.4937
      vertex 129.873 75.5 10.4937
    endloop
  endfacet
  facet normal -0.515594 0 0.856833
    outer loop
      vertex 130.613 75.5 8.0535
      vertex 130.722 68.5 8.11909
      vertex 130.722 75.5 8.11909
    endloop
  endfacet
  facet normal -0.515594 0 0.856833
    outer loop
      vertex 130.722 68.5 8.11909
      vertex 130.613 75.5 8.0535
      vertex 130.613 68.5 8.0535
    endloop
  endfacet
  facet normal 0.6736 0 0.739096
    outer loop
      vertex 129.081 75.5 8.28076
      vertex 129.175 68.5 8.19509
      vertex 129.175 75.5 8.19509
    endloop
  endfacet
  facet normal 0.6736 0 0.739096
    outer loop
      vertex 129.175 68.5 8.19509
      vertex 129.081 75.5 8.28076
      vertex 129.081 68.5 8.28076
    endloop
  endfacet
  facet normal -0.739586 0 -0.673062
    outer loop
      vertex 131.005 68.5 10.0247
      vertex 130.919 75.5 10.1192
      vertex 131.005 75.5 10.0247
    endloop
  endfacet
  facet normal -0.739586 -0 -0.673062
    outer loop
      vertex 130.919 75.5 10.1192
      vertex 131.005 68.5 10.0247
      vertex 130.919 68.5 10.1192
    endloop
  endfacet
  facet normal -0.988856 0 -0.148877
    outer loop
      vertex 131.294 68.5 9.32742
      vertex 131.275 75.5 9.45362
      vertex 131.294 75.5 9.32742
    endloop
  endfacet
  facet normal -0.988856 -0 -0.148877
    outer loop
      vertex 131.275 75.5 9.45362
      vertex 131.294 68.5 9.32742
      vertex 131.275 68.5 9.45362
    endloop
  endfacet
  facet normal -0.998893 0 -0.0470363
    outer loop
      vertex 131.3 68.5 9.2
      vertex 131.294 75.5 9.32742
      vertex 131.3 75.5 9.2
    endloop
  endfacet
  facet normal -0.998893 -0 -0.0470363
    outer loop
      vertex 131.294 75.5 9.32742
      vertex 131.3 68.5 9.2
      vertex 131.294 68.5 9.32742
    endloop
  endfacet
  facet normal 0.515651 0 -0.856799
    outer loop
      vertex 129.278 68.5 10.2809
      vertex 129.387 75.5 10.3465
      vertex 129.387 68.5 10.3465
    endloop
  endfacet
  facet normal 0.515651 0 -0.856799
    outer loop
      vertex 129.387 75.5 10.3465
      vertex 129.278 68.5 10.2809
      vertex 129.278 75.5 10.2809
    endloop
  endfacet
  facet normal -0.941493 0 0.337031
    outer loop
      vertex 131.201 68.5 8.70251
      vertex 131.244 75.5 8.82263
      vertex 131.201 75.5 8.70251
    endloop
  endfacet
  facet normal -0.941493 0 0.337031
    outer loop
      vertex 131.244 75.5 8.82263
      vertex 131.201 68.5 8.70251
      vertex 131.244 68.5 8.82263
    endloop
  endfacet
  facet normal 0.739692 -0 0.672945
    outer loop
      vertex 128.995 68.5 8.37529
      vertex 129.081 75.5 8.28076
      vertex 128.995 75.5 8.37529
    endloop
  endfacet
  facet normal 0.739692 0 0.672945
    outer loop
      vertex 129.081 75.5 8.28076
      vertex 128.995 68.5 8.37529
      vertex 129.081 68.5 8.28076
    endloop
  endfacet
  facet normal 0.739586 0 -0.673062
    outer loop
      vertex 129.081 68.5 10.1192
      vertex 128.995 75.5 10.0247
      vertex 129.081 75.5 10.1192
    endloop
  endfacet
  facet normal 0.739586 0 -0.673062
    outer loop
      vertex 128.995 75.5 10.0247
      vertex 129.081 68.5 10.1192
      vertex 128.995 68.5 10.0247
    endloop
  endfacet
  facet normal -0.425489 0 0.904964
    outer loop
      vertex 130.497 75.5 7.99896
      vertex 130.613 68.5 8.0535
      vertex 130.613 75.5 8.0535
    endloop
  endfacet
  facet normal -0.425489 0 0.904964
    outer loop
      vertex 130.613 68.5 8.0535
      vertex 130.497 75.5 7.99896
      vertex 130.497 68.5 7.99896
    endloop
  endfacet
  facet normal -0.859745 0 -0.510724
    outer loop
      vertex 131.146 68.5 9.81282
      vertex 131.081 75.5 9.92224
      vertex 131.146 75.5 9.81282
    endloop
  endfacet
  facet normal -0.859745 -0 -0.510724
    outer loop
      vertex 131.081 75.5 9.92224
      vertex 131.146 68.5 9.81282
      vertex 131.081 68.5 9.92224
    endloop
  endfacet
  facet normal 0.859745 0 -0.510724
    outer loop
      vertex 128.919 68.5 9.92224
      vertex 128.854 75.5 9.81282
      vertex 128.919 75.5 9.92224
    endloop
  endfacet
  facet normal 0.859745 0 -0.510724
    outer loop
      vertex 128.854 75.5 9.81282
      vertex 128.919 68.5 9.92224
      vertex 128.854 68.5 9.81282
    endloop
  endfacet
  facet normal -0.941493 0 -0.337031
    outer loop
      vertex 131.244 68.5 9.57737
      vertex 131.201 75.5 9.69749
      vertex 131.244 75.5 9.57737
    endloop
  endfacet
  facet normal -0.941493 -0 -0.337031
    outer loop
      vertex 131.201 75.5 9.69749
      vertex 131.244 68.5 9.57737
      vertex 131.201 68.5 9.69749
    endloop
  endfacet
  facet normal -0.145826 0 0.98931
    outer loop
      vertex 130.127 75.5 7.90626
      vertex 130.254 68.5 7.92498
      vertex 130.254 75.5 7.92498
    endloop
  endfacet
  facet normal -0.145826 0 0.98931
    outer loop
      vertex 130.254 68.5 7.92498
      vertex 130.127 75.5 7.90626
      vertex 130.127 68.5 7.90626
    endloop
  endfacet
  facet normal 0.0492316 0 0.998787
    outer loop
      vertex 129.873 75.5 7.90626
      vertex 130 68.5 7.9
      vertex 130 75.5 7.9
    endloop
  endfacet
  facet normal 0.0492316 0 0.998787
    outer loop
      vertex 130 68.5 7.9
      vertex 129.873 75.5 7.90626
      vertex 129.873 68.5 7.90626
    endloop
  endfacet
  facet normal -0.859745 0 0.510724
    outer loop
      vertex 131.081 68.5 8.47776
      vertex 131.146 75.5 8.58718
      vertex 131.081 75.5 8.47776
    endloop
  endfacet
  facet normal -0.859745 0 0.510724
    outer loop
      vertex 131.146 75.5 8.58718
      vertex 131.081 68.5 8.47776
      vertex 131.146 68.5 8.58718
    endloop
  endfacet
  facet normal 0.24439 0 0.969677
    outer loop
      vertex 129.623 75.5 7.95598
      vertex 129.746 68.5 7.92498
      vertex 129.746 75.5 7.92498
    endloop
  endfacet
  facet normal 0.24439 0 0.969677
    outer loop
      vertex 129.746 68.5 7.92498
      vertex 129.623 75.5 7.95598
      vertex 129.623 68.5 7.95598
    endloop
  endfacet
  facet normal 0.941493 0 -0.337031
    outer loop
      vertex 128.799 68.5 9.69749
      vertex 128.756 75.5 9.57737
      vertex 128.799 75.5 9.69749
    endloop
  endfacet
  facet normal 0.941493 0 -0.337031
    outer loop
      vertex 128.756 75.5 9.57737
      vertex 128.799 68.5 9.69749
      vertex 128.756 68.5 9.57737
    endloop
  endfacet
  facet normal -0.145673 0 -0.989333
    outer loop
      vertex 130.127 68.5 10.4937
      vertex 130.254 75.5 10.475
      vertex 130.254 68.5 10.475
    endloop
  endfacet
  facet normal -0.145673 0 -0.989333
    outer loop
      vertex 130.254 75.5 10.475
      vertex 130.127 68.5 10.4937
      vertex 130.127 75.5 10.4937
    endloop
  endfacet
  facet normal 0.970027 -0 0.242997
    outer loop
      vertex 128.725 68.5 8.94638
      vertex 128.756 75.5 8.82263
      vertex 128.725 75.5 8.94638
    endloop
  endfacet
  facet normal 0.970027 0 0.242997
    outer loop
      vertex 128.756 75.5 8.82263
      vertex 128.725 68.5 8.94638
      vertex 128.756 68.5 8.82263
    endloop
  endfacet
  facet normal -0.6736 0 0.739096
    outer loop
      vertex 130.825 75.5 8.19509
      vertex 130.919 68.5 8.28076
      vertex 130.919 75.5 8.28076
    endloop
  endfacet
  facet normal -0.6736 0 0.739096
    outer loop
      vertex 130.919 68.5 8.28076
      vertex 130.825 75.5 8.19509
      vertex 130.825 68.5 8.19509
    endloop
  endfacet
  facet normal -0.24439 0 -0.969677
    outer loop
      vertex 130.254 68.5 10.475
      vertex 130.377 75.5 10.444
      vertex 130.377 68.5 10.444
    endloop
  endfacet
  facet normal -0.24439 0 -0.969677
    outer loop
      vertex 130.377 75.5 10.444
      vertex 130.254 68.5 10.475
      vertex 130.254 75.5 10.475
    endloop
  endfacet
  facet normal -0.0492316 0 0.998787
    outer loop
      vertex 130 75.5 7.9
      vertex 130.127 68.5 7.90626
      vertex 130.127 75.5 7.90626
    endloop
  endfacet
  facet normal -0.0492316 0 0.998787
    outer loop
      vertex 130.127 68.5 7.90626
      vertex 130 75.5 7.9
      vertex 130 68.5 7.9
    endloop
  endfacet
  facet normal -0.803168 0 -0.595752
    outer loop
      vertex 131.081 68.5 9.92224
      vertex 131.005 75.5 10.0247
      vertex 131.081 75.5 9.92224
    endloop
  endfacet
  facet normal -0.803168 -0 -0.595752
    outer loop
      vertex 131.005 75.5 10.0247
      vertex 131.081 68.5 9.92224
      vertex 131.005 68.5 10.0247
    endloop
  endfacet
  facet normal 0.593732 0 -0.804663
    outer loop
      vertex 129.175 68.5 10.2049
      vertex 129.278 75.5 10.2809
      vertex 129.278 68.5 10.2809
    endloop
  endfacet
  facet normal 0.593732 0 -0.804663
    outer loop
      vertex 129.278 75.5 10.2809
      vertex 129.175 68.5 10.2049
      vertex 129.175 75.5 10.2049
    endloop
  endfacet
  facet normal 0 1 0
    outer loop
      vertex 130.127 68.5 10.4937
      vertex 129.873 68.5 10.4937
      vertex 130 68.5 10.5
    endloop
  endfacet
  facet normal 0 1 0
    outer loop
      vertex 130.254 68.5 10.475
      vertex 129.873 68.5 10.4937
      vertex 130.127 68.5 10.4937
    endloop
  endfacet
  facet normal 0 1 0
    outer loop
      vertex 130.254 68.5 10.475
      vertex 129.746 68.5 10.475
      vertex 129.873 68.5 10.4937
    endloop
  endfacet
  facet normal 0 1 0
    outer loop
      vertex 130.377 68.5 10.444
      vertex 129.746 68.5 10.475
      vertex 130.254 68.5 10.475
    endloop
  endfacet
  facet normal 0 1 0
    outer loop
      vertex 130.377 68.5 10.444
      vertex 129.623 68.5 10.444
      vertex 129.746 68.5 10.475
    endloop
  endfacet
  facet normal 0 1 0
    outer loop
      vertex 130.497 68.5 10.401
      vertex 129.623 68.5 10.444
      vertex 130.377 68.5 10.444
    endloop
  endfacet
  facet normal 0 1 0
    outer loop
      vertex 130.497 68.5 10.401
      vertex 129.503 68.5 10.401
      vertex 129.623 68.5 10.444
    endloop
  endfacet
  facet normal 0 1 0
    outer loop
      vertex 130.613 68.5 10.3465
      vertex 129.503 68.5 10.401
      vertex 130.497 68.5 10.401
    endloop
  endfacet
  facet normal 0 1 0
    outer loop
      vertex 130.613 68.5 10.3465
      vertex 129.387 68.5 10.3465
      vertex 129.503 68.5 10.401
    endloop
  endfacet
  facet normal 0 1 0
    outer loop
      vertex 130.722 68.5 10.2809
      vertex 129.387 68.5 10.3465
      vertex 130.613 68.5 10.3465
    endloop
  endfacet
  facet normal 0 1 0
    outer loop
      vertex 130.722 68.5 10.2809
      vertex 129.278 68.5 10.2809
      vertex 129.387 68.5 10.3465
    endloop
  endfacet
  facet normal 0 1 0
    outer loop
      vertex 130.825 68.5 10.2049
      vertex 129.278 68.5 10.2809
      vertex 130.722 68.5 10.2809
    endloop
  endfacet
  facet normal 0 1 0
    outer loop
      vertex 130.825 68.5 10.2049
      vertex 129.175 68.5 10.2049
      vertex 129.278 68.5 10.2809
    endloop
  endfacet
  facet normal 0 1 0
    outer loop
      vertex 130.919 68.5 10.1192
      vertex 129.175 68.5 10.2049
      vertex 130.825 68.5 10.2049
    endloop
  endfacet
  facet normal 0 1 0
    outer loop
      vertex 130.919 68.5 10.1192
      vertex 129.081 68.5 10.1192
      vertex 129.175 68.5 10.2049
    endloop
  endfacet
  facet normal 0 1 0
    outer loop
      vertex 131.005 68.5 10.0247
      vertex 129.081 68.5 10.1192
      vertex 130.919 68.5 10.1192
    endloop
  endfacet
  facet normal 0 1 0
    outer loop
      vertex 131.005 68.5 10.0247
      vertex 128.995 68.5 10.0247
      vertex 129.081 68.5 10.1192
    endloop
  endfacet
  facet normal 0 1 0
    outer loop
      vertex 131.081 68.5 9.92224
      vertex 128.995 68.5 10.0247
      vertex 131.005 68.5 10.0247
    endloop
  endfacet
  facet normal 0 1 0
    outer loop
      vertex 131.081 68.5 9.92224
      vertex 128.919 68.5 9.92224
      vertex 128.995 68.5 10.0247
    endloop
  endfacet
  facet normal 0 1 0
    outer loop
      vertex 131.146 68.5 9.81282
      vertex 128.919 68.5 9.92224
      vertex 131.081 68.5 9.92224
    endloop
  endfacet
  facet normal 0 1 0
    outer loop
      vertex 131.146 68.5 9.81282
      vertex 128.854 68.5 9.81282
      vertex 128.919 68.5 9.92224
    endloop
  endfacet
  facet normal 0 1 0
    outer loop
      vertex 131.201 68.5 9.69749
      vertex 128.854 68.5 9.81282
      vertex 131.146 68.5 9.81282
    endloop
  endfacet
  facet normal 0 1 0
    outer loop
      vertex 131.201 68.5 9.69749
      vertex 128.799 68.5 9.69749
      vertex 128.854 68.5 9.81282
    endloop
  endfacet
  facet normal 0 1 0
    outer loop
      vertex 131.244 68.5 9.57737
      vertex 128.799 68.5 9.69749
      vertex 131.201 68.5 9.69749
    endloop
  endfacet
  facet normal 0 1 0
    outer loop
      vertex 131.244 68.5 9.57737
      vertex 128.756 68.5 9.57737
      vertex 128.799 68.5 9.69749
    endloop
  endfacet
  facet normal 0 1 0
    outer loop
      vertex 131.275 68.5 9.45362
      vertex 128.756 68.5 9.57737
      vertex 131.244 68.5 9.57737
    endloop
  endfacet
  facet normal 0 1 0
    outer loop
      vertex 131.275 68.5 9.45362
      vertex 128.725 68.5 9.45362
      vertex 128.756 68.5 9.57737
    endloop
  endfacet
  facet normal 0 1 0
    outer loop
      vertex 131.294 68.5 9.32742
      vertex 128.725 68.5 9.45362
      vertex 131.275 68.5 9.45362
    endloop
  endfacet
  facet normal 0 1 0
    outer loop
      vertex 131.294 68.5 9.32742
      vertex 128.706 68.5 9.32742
      vertex 128.725 68.5 9.45362
    endloop
  endfacet
  facet normal 0 1 0
    outer loop
      vertex 131.3 68.5 9.2
      vertex 128.706 68.5 9.32742
      vertex 131.294 68.5 9.32742
    endloop
  endfacet
  facet normal 0 1 0
    outer loop
      vertex 131.3 68.5 9.2
      vertex 128.7 68.5 9.2
      vertex 128.706 68.5 9.32742
    endloop
  endfacet
  facet normal 0 1 -0
    outer loop
      vertex 131.294 68.5 9.07258
      vertex 128.7 68.5 9.2
      vertex 131.3 68.5 9.2
    endloop
  endfacet
  facet normal 0 1 0
    outer loop
      vertex 131.294 68.5 9.07258
      vertex 128.706 68.5 9.07258
      vertex 128.7 68.5 9.2
    endloop
  endfacet
  facet normal 0 1 -0
    outer loop
      vertex 131.275 68.5 8.94638
      vertex 128.706 68.5 9.07258
      vertex 131.294 68.5 9.07258
    endloop
  endfacet
  facet normal 0 1 0
    outer loop
      vertex 131.275 68.5 8.94638
      vertex 128.725 68.5 8.94638
      vertex 128.706 68.5 9.07258
    endloop
  endfacet
  facet normal 0 1 -0
    outer loop
      vertex 131.244 68.5 8.82263
      vertex 128.725 68.5 8.94638
      vertex 131.275 68.5 8.94638
    endloop
  endfacet
  facet normal 0 1 0
    outer loop
      vertex 131.244 68.5 8.82263
      vertex 128.756 68.5 8.82263
      vertex 128.725 68.5 8.94638
    endloop
  endfacet
  facet normal 0 1 -0
    outer loop
      vertex 131.201 68.5 8.70251
      vertex 128.756 68.5 8.82263
      vertex 131.244 68.5 8.82263
    endloop
  endfacet
  facet normal 0 1 0
    outer loop
      vertex 131.201 68.5 8.70251
      vertex 128.799 68.5 8.70251
      vertex 128.756 68.5 8.82263
    endloop
  endfacet
  facet normal 0 1 -0
    outer loop
      vertex 131.146 68.5 8.58718
      vertex 128.799 68.5 8.70251
      vertex 131.201 68.5 8.70251
    endloop
  endfacet
  facet normal 0 1 0
    outer loop
      vertex 131.146 68.5 8.58718
      vertex 128.854 68.5 8.58718
      vertex 128.799 68.5 8.70251
    endloop
  endfacet
  facet normal 0 1 -0
    outer loop
      vertex 131.081 68.5 8.47776
      vertex 128.854 68.5 8.58718
      vertex 131.146 68.5 8.58718
    endloop
  endfacet
  facet normal 0 1 0
    outer loop
      vertex 131.081 68.5 8.47776
      vertex 128.919 68.5 8.47776
      vertex 128.854 68.5 8.58718
    endloop
  endfacet
  facet normal 0 1 -0
    outer loop
      vertex 131.005 68.5 8.37529
      vertex 128.919 68.5 8.47776
      vertex 131.081 68.5 8.47776
    endloop
  endfacet
  facet normal 0 1 0
    outer loop
      vertex 131.005 68.5 8.37529
      vertex 128.995 68.5 8.37529
      vertex 128.919 68.5 8.47776
    endloop
  endfacet
  facet normal 0 1 -0
    outer loop
      vertex 130.919 68.5 8.28076
      vertex 128.995 68.5 8.37529
      vertex 131.005 68.5 8.37529
    endloop
  endfacet
  facet normal 0 1 0
    outer loop
      vertex 130.919 68.5 8.28076
      vertex 129.081 68.5 8.28076
      vertex 128.995 68.5 8.37529
    endloop
  endfacet
  facet normal 0 1 -0
    outer loop
      vertex 130.825 68.5 8.19509
      vertex 129.081 68.5 8.28076
      vertex 130.919 68.5 8.28076
    endloop
  endfacet
  facet normal 0 1 0
    outer loop
      vertex 130.825 68.5 8.19509
      vertex 129.175 68.5 8.19509
      vertex 129.081 68.5 8.28076
    endloop
  endfacet
  facet normal 0 1 -0
    outer loop
      vertex 130.722 68.5 8.11909
      vertex 129.175 68.5 8.19509
      vertex 130.825 68.5 8.19509
    endloop
  endfacet
  facet normal 0 1 0
    outer loop
      vertex 130.722 68.5 8.11909
      vertex 129.278 68.5 8.11909
      vertex 129.175 68.5 8.19509
    endloop
  endfacet
  facet normal 0 1 -0
    outer loop
      vertex 130.613 68.5 8.0535
      vertex 129.278 68.5 8.11909
      vertex 130.722 68.5 8.11909
    endloop
  endfacet
  facet normal 0 1 0
    outer loop
      vertex 130.613 68.5 8.0535
      vertex 129.387 68.5 8.0535
      vertex 129.278 68.5 8.11909
    endloop
  endfacet
  facet normal 0 1 -0
    outer loop
      vertex 130.497 68.5 7.99896
      vertex 129.387 68.5 8.0535
      vertex 130.613 68.5 8.0535
    endloop
  endfacet
  facet normal 0 1 0
    outer loop
      vertex 130.497 68.5 7.99896
      vertex 129.503 68.5 7.99896
      vertex 129.387 68.5 8.0535
    endloop
  endfacet
  facet normal 0 1 -0
    outer loop
      vertex 130.377 68.5 7.95598
      vertex 129.503 68.5 7.99896
      vertex 130.497 68.5 7.99896
    endloop
  endfacet
  facet normal 0 1 0
    outer loop
      vertex 130.377 68.5 7.95598
      vertex 129.623 68.5 7.95598
      vertex 129.503 68.5 7.99896
    endloop
  endfacet
  facet normal 0 1 -0
    outer loop
      vertex 130.254 68.5 7.92498
      vertex 129.623 68.5 7.95598
      vertex 130.377 68.5 7.95598
    endloop
  endfacet
  facet normal 0 1 0
    outer loop
      vertex 130.254 68.5 7.92498
      vertex 129.746 68.5 7.92498
      vertex 129.623 68.5 7.95598
    endloop
  endfacet
  facet normal 0 1 -0
    outer loop
      vertex 130.127 68.5 7.90626
      vertex 129.746 68.5 7.92498
      vertex 130.254 68.5 7.92498
    endloop
  endfacet
  facet normal 0 1 0
    outer loop
      vertex 130.127 68.5 7.90626
      vertex 129.873 68.5 7.90626
      vertex 129.746 68.5 7.92498
    endloop
  endfacet
  facet normal -0 1 0
    outer loop
      vertex 129.873 68.5 7.90626
      vertex 130.127 68.5 7.90626
      vertex 130 68.5 7.9
    endloop
  endfacet
  facet normal -0.902614 0 -0.43045
    outer loop
      vertex 131.201 68.5 9.69749
      vertex 131.146 75.5 9.81282
      vertex 131.201 75.5 9.69749
    endloop
  endfacet
  facet normal -0.902614 -0 -0.43045
    outer loop
      vertex 131.146 75.5 9.81282
      vertex 131.201 68.5 9.69749
      vertex 131.146 68.5 9.81282
    endloop
  endfacet
  facet normal -0.739692 0 0.672945
    outer loop
      vertex 130.919 68.5 8.28076
      vertex 131.005 75.5 8.37529
      vertex 130.919 75.5 8.28076
    endloop
  endfacet
  facet normal -0.739692 0 0.672945
    outer loop
      vertex 131.005 75.5 8.37529
      vertex 130.919 68.5 8.28076
      vertex 131.005 68.5 8.37529
    endloop
  endfacet
  facet normal 0.145673 0 -0.989333
    outer loop
      vertex 129.746 68.5 10.475
      vertex 129.873 75.5 10.4937
      vertex 129.873 68.5 10.4937
    endloop
  endfacet
  facet normal 0.145673 0 -0.989333
    outer loop
      vertex 129.873 75.5 10.4937
      vertex 129.746 68.5 10.475
      vertex 129.746 75.5 10.475
    endloop
  endfacet
  facet normal 0.988856 -0 0.148877
    outer loop
      vertex 128.706 68.5 9.07258
      vertex 128.725 75.5 8.94638
      vertex 128.706 75.5 9.07258
    endloop
  endfacet
  facet normal 0.988856 0 0.148877
    outer loop
      vertex 128.725 75.5 8.94638
      vertex 128.706 68.5 9.07258
      vertex 128.725 68.5 8.94638
    endloop
  endfacet
  facet normal 0.902614 -0 0.43045
    outer loop
      vertex 128.799 68.5 8.70251
      vertex 128.854 75.5 8.58718
      vertex 128.799 75.5 8.70251
    endloop
  endfacet
  facet normal 0.902614 0 0.43045
    outer loop
      vertex 128.854 75.5 8.58718
      vertex 128.799 68.5 8.70251
      vertex 128.854 68.5 8.58718
    endloop
  endfacet
  facet normal 0.515594 0 0.856833
    outer loop
      vertex 129.278 75.5 8.11909
      vertex 129.387 68.5 8.0535
      vertex 129.387 75.5 8.0535
    endloop
  endfacet
  facet normal 0.515594 0 0.856833
    outer loop
      vertex 129.387 68.5 8.0535
      vertex 129.278 75.5 8.11909
      vertex 129.278 68.5 8.11909
    endloop
  endfacet
  facet normal -0.673729 0 -0.738979
    outer loop
      vertex 130.825 68.5 10.2049
      vertex 130.919 75.5 10.1192
      vertex 130.919 68.5 10.1192
    endloop
  endfacet
  facet normal -0.673729 0 -0.738979
    outer loop
      vertex 130.919 75.5 10.1192
      vertex 130.825 68.5 10.2049
      vertex 130.825 75.5 10.2049
    endloop
  endfacet
  facet normal 0.673729 0 -0.738979
    outer loop
      vertex 129.081 68.5 10.1192
      vertex 129.175 75.5 10.2049
      vertex 129.175 68.5 10.2049
    endloop
  endfacet
  facet normal 0.673729 0 -0.738979
    outer loop
      vertex 129.175 75.5 10.2049
      vertex 129.081 68.5 10.1192
      vertex 129.081 75.5 10.1192
    endloop
  endfacet
  facet normal 0.33733 0 -0.941386
    outer loop
      vertex 129.503 68.5 10.401
      vertex 129.623 75.5 10.444
      vertex 129.623 68.5 10.444
    endloop
  endfacet
  facet normal 0.33733 0 -0.941386
    outer loop
      vertex 129.623 75.5 10.444
      vertex 129.503 68.5 10.401
      vertex 129.503 75.5 10.401
    endloop
  endfacet
  facet normal -0.989199 0 0.146577
    outer loop
      vertex 86.775 68.5 14.2464
      vertex 86.7937 75.5 14.3726
      vertex 86.775 75.5 14.2464
    endloop
  endfacet
  facet normal -0.989199 0 0.146577
    outer loop
      vertex 86.7937 75.5 14.3726
      vertex 86.775 68.5 14.2464
      vertex 86.7937 68.5 14.3726
    endloop
  endfacet
  facet normal -0.99878 0 0.0493902
    outer loop
      vertex 86.7937 68.5 14.3726
      vertex 86.8 75.5 14.5
      vertex 86.7937 75.5 14.3726
    endloop
  endfacet
  facet normal -0.99878 0 0.0493902
    outer loop
      vertex 86.8 75.5 14.5
      vertex 86.7937 68.5 14.3726
      vertex 86.8 68.5 14.5
    endloop
  endfacet
  facet normal -0.97005 0 0.242904
    outer loop
      vertex 86.744 68.5 14.1226
      vertex 86.775 75.5 14.2464
      vertex 86.744 75.5 14.1226
    endloop
  endfacet
  facet normal -0.97005 0 0.242904
    outer loop
      vertex 86.775 75.5 14.2464
      vertex 86.744 68.5 14.1226
      vertex 86.775 68.5 14.2464
    endloop
  endfacet
  facet normal 0.803279 -0 0.595602
    outer loop
      vertex 84.4191 68.5 13.7778
      vertex 84.4951 75.5 13.6753
      vertex 84.4191 75.5 13.7778
    endloop
  endfacet
  facet normal 0.803279 0 0.595602
    outer loop
      vertex 84.4951 75.5 13.6753
      vertex 84.4191 68.5 13.7778
      vertex 84.4951 68.5 13.6753
    endloop
  endfacet
  facet normal -0.337081 0 -0.941476
    outer loop
      vertex 85.8774 68.5 15.744
      vertex 85.9975 75.5 15.701
      vertex 85.9975 68.5 15.701
    endloop
  endfacet
  facet normal -0.337081 0 -0.941476
    outer loop
      vertex 85.9975 75.5 15.701
      vertex 85.8774 68.5 15.744
      vertex 85.8774 75.5 15.744
    endloop
  endfacet
  facet normal -0.857631 0 -0.514265
    outer loop
      vertex 86.6465 68.5 15.1128
      vertex 86.5809 75.5 15.2222
      vertex 86.6465 75.5 15.1128
    endloop
  endfacet
  facet normal -0.857631 -0 -0.514265
    outer loop
      vertex 86.5809 75.5 15.2222
      vertex 86.6465 68.5 15.1128
      vertex 86.5809 68.5 15.2222
    endloop
  endfacet
  facet normal 0.0493902 0 -0.99878
    outer loop
      vertex 85.3726 68.5 15.7937
      vertex 85.5 75.5 15.8
      vertex 85.5 68.5 15.8
    endloop
  endfacet
  facet normal 0.0493902 0 -0.99878
    outer loop
      vertex 85.5 75.5 15.8
      vertex 85.3726 68.5 15.7937
      vertex 85.3726 75.5 15.7937
    endloop
  endfacet
  facet normal 0.989199 -0 0.146577
    outer loop
      vertex 84.2063 68.5 14.3726
      vertex 84.225 75.5 14.2464
      vertex 84.2063 75.5 14.3726
    endloop
  endfacet
  facet normal 0.989199 0 0.146577
    outer loop
      vertex 84.225 75.5 14.2464
      vertex 84.2063 68.5 14.3726
      vertex 84.225 68.5 14.2464
    endloop
  endfacet
  facet normal 0.904089 0 -0.427345
    outer loop
      vertex 84.3535 68.5 15.1128
      vertex 84.299 75.5 14.9975
      vertex 84.3535 75.5 15.1128
    endloop
  endfacet
  facet normal 0.904089 0 -0.427345
    outer loop
      vertex 84.299 75.5 14.9975
      vertex 84.3535 68.5 15.1128
      vertex 84.299 68.5 14.9975
    endloop
  endfacet
  facet normal 0.242904 0 0.97005
    outer loop
      vertex 85.1226 75.5 13.256
      vertex 85.2464 68.5 13.225
      vertex 85.2464 75.5 13.225
    endloop
  endfacet
  facet normal 0.242904 0 0.97005
    outer loop
      vertex 85.2464 68.5 13.225
      vertex 85.1226 75.5 13.256
      vertex 85.1226 68.5 13.256
    endloop
  endfacet
  facet normal -0.146577 0 -0.989199
    outer loop
      vertex 85.6274 68.5 15.7937
      vertex 85.7536 75.5 15.775
      vertex 85.7536 68.5 15.775
    endloop
  endfacet
  facet normal -0.146577 0 -0.989199
    outer loop
      vertex 85.7536 75.5 15.775
      vertex 85.6274 68.5 15.7937
      vertex 85.6274 75.5 15.7937
    endloop
  endfacet
  facet normal 0.595602 0 0.803279
    outer loop
      vertex 84.6753 75.5 13.4951
      vertex 84.7778 68.5 13.4191
      vertex 84.7778 75.5 13.4191
    endloop
  endfacet
  facet normal 0.595602 0 0.803279
    outer loop
      vertex 84.7778 68.5 13.4191
      vertex 84.6753 75.5 13.4951
      vertex 84.6753 68.5 13.4951
    endloop
  endfacet
  facet normal -0.595602 0 0.803279
    outer loop
      vertex 86.2222 75.5 13.4191
      vertex 86.3247 68.5 13.4951
      vertex 86.3247 75.5 13.4951
    endloop
  endfacet
  facet normal -0.595602 0 0.803279
    outer loop
      vertex 86.3247 68.5 13.4951
      vertex 86.2222 75.5 13.4191
      vertex 86.2222 68.5 13.4191
    endloop
  endfacet
  facet normal -0.514265 0 0.857631
    outer loop
      vertex 86.1128 75.5 13.3535
      vertex 86.2222 68.5 13.4191
      vertex 86.2222 75.5 13.4191
    endloop
  endfacet
  facet normal -0.514265 0 0.857631
    outer loop
      vertex 86.2222 68.5 13.4191
      vertex 86.1128 75.5 13.3535
      vertex 86.1128 68.5 13.3535
    endloop
  endfacet
  facet normal -0.904089 0 -0.427345
    outer loop
      vertex 86.701 68.5 14.9975
      vertex 86.6465 75.5 15.1128
      vertex 86.701 75.5 14.9975
    endloop
  endfacet
  facet normal -0.904089 -0 -0.427345
    outer loop
      vertex 86.6465 75.5 15.1128
      vertex 86.701 68.5 14.9975
      vertex 86.6465 68.5 15.1128
    endloop
  endfacet
  facet normal 0.97005 0 -0.242904
    outer loop
      vertex 84.256 68.5 14.8774
      vertex 84.225 75.5 14.7536
      vertex 84.256 75.5 14.8774
    endloop
  endfacet
  facet normal 0.97005 0 -0.242904
    outer loop
      vertex 84.225 75.5 14.7536
      vertex 84.256 68.5 14.8774
      vertex 84.225 68.5 14.7536
    endloop
  endfacet
  facet normal 0.857631 0 -0.514265
    outer loop
      vertex 84.4191 68.5 15.2222
      vertex 84.3535 75.5 15.1128
      vertex 84.4191 75.5 15.2222
    endloop
  endfacet
  facet normal 0.857631 0 -0.514265
    outer loop
      vertex 84.3535 75.5 15.1128
      vertex 84.4191 68.5 15.2222
      vertex 84.3535 68.5 15.1128
    endloop
  endfacet
  facet normal -0.0493902 0 -0.99878
    outer loop
      vertex 85.5 68.5 15.8
      vertex 85.6274 75.5 15.7937
      vertex 85.6274 68.5 15.7937
    endloop
  endfacet
  facet normal -0.0493902 0 -0.99878
    outer loop
      vertex 85.6274 75.5 15.7937
      vertex 85.5 68.5 15.8
      vertex 85.5 75.5 15.8
    endloop
  endfacet
  facet normal 0.337081 0 0.941476
    outer loop
      vertex 85.0025 75.5 13.299
      vertex 85.1226 68.5 13.256
      vertex 85.1226 75.5 13.256
    endloop
  endfacet
  facet normal 0.337081 0 0.941476
    outer loop
      vertex 85.1226 68.5 13.256
      vertex 85.0025 75.5 13.299
      vertex 85.0025 68.5 13.299
    endloop
  endfacet
  facet normal 0.941476 -0 0.337081
    outer loop
      vertex 84.256 68.5 14.1226
      vertex 84.299 75.5 14.0025
      vertex 84.256 75.5 14.1226
    endloop
  endfacet
  facet normal 0.941476 0 0.337081
    outer loop
      vertex 84.299 75.5 14.0025
      vertex 84.256 68.5 14.1226
      vertex 84.299 68.5 14.0025
    endloop
  endfacet
  facet normal -0.803279 0 0.595602
    outer loop
      vertex 86.5049 68.5 13.6753
      vertex 86.5809 75.5 13.7778
      vertex 86.5049 75.5 13.6753
    endloop
  endfacet
  facet normal -0.803279 0 0.595602
    outer loop
      vertex 86.5809 75.5 13.7778
      vertex 86.5049 68.5 13.6753
      vertex 86.5809 68.5 13.7778
    endloop
  endfacet
  facet normal -0.427345 0 -0.904089
    outer loop
      vertex 85.9975 68.5 15.701
      vertex 86.1128 75.5 15.6465
      vertex 86.1128 68.5 15.6465
    endloop
  endfacet
  facet normal -0.427345 0 -0.904089
    outer loop
      vertex 86.1128 75.5 15.6465
      vertex 85.9975 68.5 15.701
      vertex 85.9975 75.5 15.701
    endloop
  endfacet
  facet normal -0.514265 0 -0.857631
    outer loop
      vertex 86.1128 68.5 15.6465
      vertex 86.2222 75.5 15.5809
      vertex 86.2222 68.5 15.5809
    endloop
  endfacet
  facet normal -0.514265 0 -0.857631
    outer loop
      vertex 86.2222 75.5 15.5809
      vertex 86.1128 68.5 15.6465
      vertex 86.1128 75.5 15.6465
    endloop
  endfacet
  facet normal -0.337081 0 0.941476
    outer loop
      vertex 85.8774 75.5 13.256
      vertex 85.9975 68.5 13.299
      vertex 85.9975 75.5 13.299
    endloop
  endfacet
  facet normal -0.337081 0 0.941476
    outer loop
      vertex 85.9975 68.5 13.299
      vertex 85.8774 75.5 13.256
      vertex 85.8774 68.5 13.256
    endloop
  endfacet
  facet normal -0.97005 0 -0.242904
    outer loop
      vertex 86.775 68.5 14.7536
      vertex 86.744 75.5 14.8774
      vertex 86.775 75.5 14.7536
    endloop
  endfacet
  facet normal -0.97005 -0 -0.242904
    outer loop
      vertex 86.744 75.5 14.8774
      vertex 86.775 68.5 14.7536
      vertex 86.744 68.5 14.8774
    endloop
  endfacet
  facet normal -0.803279 0 -0.595602
    outer loop
      vertex 86.5809 68.5 15.2222
      vertex 86.5049 75.5 15.3247
      vertex 86.5809 75.5 15.2222
    endloop
  endfacet
  facet normal -0.803279 -0 -0.595602
    outer loop
      vertex 86.5049 75.5 15.3247
      vertex 86.5809 68.5 15.2222
      vertex 86.5049 68.5 15.3247
    endloop
  endfacet
  facet normal 0.904089 -0 0.427345
    outer loop
      vertex 84.299 68.5 14.0025
      vertex 84.3535 75.5 13.8872
      vertex 84.299 75.5 14.0025
    endloop
  endfacet
  facet normal 0.904089 0 0.427345
    outer loop
      vertex 84.3535 75.5 13.8872
      vertex 84.299 68.5 14.0025
      vertex 84.3535 68.5 13.8872
    endloop
  endfacet
  facet normal -0.671775 0 0.740755
    outer loop
      vertex 86.3247 75.5 13.4951
      vertex 86.4192 68.5 13.5808
      vertex 86.4192 75.5 13.5808
    endloop
  endfacet
  facet normal -0.671775 0 0.740755
    outer loop
      vertex 86.4192 68.5 13.5808
      vertex 86.3247 75.5 13.4951
      vertex 86.3247 68.5 13.4951
    endloop
  endfacet
  facet normal 0.671775 0 0.740755
    outer loop
      vertex 84.5808 75.5 13.5808
      vertex 84.6753 68.5 13.4951
      vertex 84.6753 75.5 13.4951
    endloop
  endfacet
  facet normal 0.671775 0 0.740755
    outer loop
      vertex 84.6753 68.5 13.4951
      vertex 84.5808 75.5 13.5808
      vertex 84.5808 68.5 13.5808
    endloop
  endfacet
  facet normal -0.427345 0 0.904089
    outer loop
      vertex 85.9975 75.5 13.299
      vertex 86.1128 68.5 13.3535
      vertex 86.1128 75.5 13.3535
    endloop
  endfacet
  facet normal -0.427345 0 0.904089
    outer loop
      vertex 86.1128 68.5 13.3535
      vertex 85.9975 75.5 13.299
      vertex 85.9975 68.5 13.299
    endloop
  endfacet
  facet normal -0.941476 0 0.337081
    outer loop
      vertex 86.701 68.5 14.0025
      vertex 86.744 75.5 14.1226
      vertex 86.701 75.5 14.0025
    endloop
  endfacet
  facet normal -0.941476 0 0.337081
    outer loop
      vertex 86.744 75.5 14.1226
      vertex 86.701 68.5 14.0025
      vertex 86.744 68.5 14.1226
    endloop
  endfacet
  facet normal -0.0493902 0 0.99878
    outer loop
      vertex 85.5 75.5 13.2
      vertex 85.6274 68.5 13.2063
      vertex 85.6274 75.5 13.2063
    endloop
  endfacet
  facet normal -0.0493902 0 0.99878
    outer loop
      vertex 85.6274 68.5 13.2063
      vertex 85.5 75.5 13.2
      vertex 85.5 68.5 13.2
    endloop
  endfacet
  facet normal 0.857631 -0 0.514265
    outer loop
      vertex 84.3535 68.5 13.8872
      vertex 84.4191 75.5 13.7778
      vertex 84.3535 75.5 13.8872
    endloop
  endfacet
  facet normal 0.857631 0 0.514265
    outer loop
      vertex 84.4191 75.5 13.7778
      vertex 84.3535 68.5 13.8872
      vertex 84.4191 68.5 13.7778
    endloop
  endfacet
  facet normal -0.989199 0 -0.146577
    outer loop
      vertex 86.7937 68.5 14.6274
      vertex 86.775 75.5 14.7536
      vertex 86.7937 75.5 14.6274
    endloop
  endfacet
  facet normal -0.989199 -0 -0.146577
    outer loop
      vertex 86.775 75.5 14.7536
      vertex 86.7937 68.5 14.6274
      vertex 86.775 68.5 14.7536
    endloop
  endfacet
  facet normal -0.99878 0 -0.0493902
    outer loop
      vertex 86.8 68.5 14.5
      vertex 86.7937 75.5 14.6274
      vertex 86.8 75.5 14.5
    endloop
  endfacet
  facet normal -0.99878 -0 -0.0493902
    outer loop
      vertex 86.7937 75.5 14.6274
      vertex 86.8 68.5 14.5
      vertex 86.7937 68.5 14.6274
    endloop
  endfacet
  facet normal 0.671775 0 -0.740755
    outer loop
      vertex 84.5808 68.5 15.4192
      vertex 84.6753 75.5 15.5049
      vertex 84.6753 68.5 15.5049
    endloop
  endfacet
  facet normal 0.671775 0 -0.740755
    outer loop
      vertex 84.6753 75.5 15.5049
      vertex 84.5808 68.5 15.4192
      vertex 84.5808 75.5 15.4192
    endloop
  endfacet
  facet normal -0.904089 0 0.427345
    outer loop
      vertex 86.6465 68.5 13.8872
      vertex 86.701 75.5 14.0025
      vertex 86.6465 75.5 13.8872
    endloop
  endfacet
  facet normal -0.904089 0 0.427345
    outer loop
      vertex 86.701 75.5 14.0025
      vertex 86.6465 68.5 13.8872
      vertex 86.701 68.5 14.0025
    endloop
  endfacet
  facet normal 0 1 0
    outer loop
      vertex 85.6274 68.5 15.7937
      vertex 85.3726 68.5 15.7937
      vertex 85.5 68.5 15.8
    endloop
  endfacet
  facet normal 0 1 0
    outer loop
      vertex 85.7536 68.5 15.775
      vertex 85.3726 68.5 15.7937
      vertex 85.6274 68.5 15.7937
    endloop
  endfacet
  facet normal 0 1 0
    outer loop
      vertex 85.7536 68.5 15.775
      vertex 85.2464 68.5 15.775
      vertex 85.3726 68.5 15.7937
    endloop
  endfacet
  facet normal 0 1 0
    outer loop
      vertex 85.8774 68.5 15.744
      vertex 85.2464 68.5 15.775
      vertex 85.7536 68.5 15.775
    endloop
  endfacet
  facet normal 0 1 0
    outer loop
      vertex 85.8774 68.5 15.744
      vertex 85.1226 68.5 15.744
      vertex 85.2464 68.5 15.775
    endloop
  endfacet
  facet normal 0 1 0
    outer loop
      vertex 85.9975 68.5 15.701
      vertex 85.1226 68.5 15.744
      vertex 85.8774 68.5 15.744
    endloop
  endfacet
  facet normal 0 1 0
    outer loop
      vertex 85.9975 68.5 15.701
      vertex 85.0025 68.5 15.701
      vertex 85.1226 68.5 15.744
    endloop
  endfacet
  facet normal 0 1 0
    outer loop
      vertex 86.1128 68.5 15.6465
      vertex 85.0025 68.5 15.701
      vertex 85.9975 68.5 15.701
    endloop
  endfacet
  facet normal 0 1 0
    outer loop
      vertex 86.1128 68.5 15.6465
      vertex 84.8872 68.5 15.6465
      vertex 85.0025 68.5 15.701
    endloop
  endfacet
  facet normal 0 1 0
    outer loop
      vertex 86.2222 68.5 15.5809
      vertex 84.8872 68.5 15.6465
      vertex 86.1128 68.5 15.6465
    endloop
  endfacet
  facet normal 0 1 0
    outer loop
      vertex 86.2222 68.5 15.5809
      vertex 84.7778 68.5 15.5809
      vertex 84.8872 68.5 15.6465
    endloop
  endfacet
  facet normal 0 1 0
    outer loop
      vertex 86.3247 68.5 15.5049
      vertex 84.7778 68.5 15.5809
      vertex 86.2222 68.5 15.5809
    endloop
  endfacet
  facet normal 0 1 0
    outer loop
      vertex 86.3247 68.5 15.5049
      vertex 84.6753 68.5 15.5049
      vertex 84.7778 68.5 15.5809
    endloop
  endfacet
  facet normal 0 1 0
    outer loop
      vertex 86.4192 68.5 15.4192
      vertex 84.6753 68.5 15.5049
      vertex 86.3247 68.5 15.5049
    endloop
  endfacet
  facet normal 0 1 0
    outer loop
      vertex 86.4192 68.5 15.4192
      vertex 84.5808 68.5 15.4192
      vertex 84.6753 68.5 15.5049
    endloop
  endfacet
  facet normal 0 1 0
    outer loop
      vertex 86.5049 68.5 15.3247
      vertex 84.5808 68.5 15.4192
      vertex 86.4192 68.5 15.4192
    endloop
  endfacet
  facet normal 0 1 0
    outer loop
      vertex 86.5049 68.5 15.3247
      vertex 84.4951 68.5 15.3247
      vertex 84.5808 68.5 15.4192
    endloop
  endfacet
  facet normal 0 1 0
    outer loop
      vertex 86.5809 68.5 15.2222
      vertex 84.4951 68.5 15.3247
      vertex 86.5049 68.5 15.3247
    endloop
  endfacet
  facet normal 0 1 0
    outer loop
      vertex 86.5809 68.5 15.2222
      vertex 84.4191 68.5 15.2222
      vertex 84.4951 68.5 15.3247
    endloop
  endfacet
  facet normal 0 1 0
    outer loop
      vertex 86.6465 68.5 15.1128
      vertex 84.4191 68.5 15.2222
      vertex 86.5809 68.5 15.2222
    endloop
  endfacet
  facet normal 0 1 0
    outer loop
      vertex 86.6465 68.5 15.1128
      vertex 84.3535 68.5 15.1128
      vertex 84.4191 68.5 15.2222
    endloop
  endfacet
  facet normal 0 1 0
    outer loop
      vertex 86.701 68.5 14.9975
      vertex 84.3535 68.5 15.1128
      vertex 86.6465 68.5 15.1128
    endloop
  endfacet
  facet normal 0 1 0
    outer loop
      vertex 86.701 68.5 14.9975
      vertex 84.299 68.5 14.9975
      vertex 84.3535 68.5 15.1128
    endloop
  endfacet
  facet normal 0 1 0
    outer loop
      vertex 86.744 68.5 14.8774
      vertex 84.299 68.5 14.9975
      vertex 86.701 68.5 14.9975
    endloop
  endfacet
  facet normal 0 1 0
    outer loop
      vertex 86.744 68.5 14.8774
      vertex 84.256 68.5 14.8774
      vertex 84.299 68.5 14.9975
    endloop
  endfacet
  facet normal 0 1 0
    outer loop
      vertex 86.775 68.5 14.7536
      vertex 84.256 68.5 14.8774
      vertex 86.744 68.5 14.8774
    endloop
  endfacet
  facet normal 0 1 0
    outer loop
      vertex 86.775 68.5 14.7536
      vertex 84.225 68.5 14.7536
      vertex 84.256 68.5 14.8774
    endloop
  endfacet
  facet normal 0 1 0
    outer loop
      vertex 86.7937 68.5 14.6274
      vertex 84.225 68.5 14.7536
      vertex 86.775 68.5 14.7536
    endloop
  endfacet
  facet normal 0 1 0
    outer loop
      vertex 86.7937 68.5 14.6274
      vertex 84.2063 68.5 14.6274
      vertex 84.225 68.5 14.7536
    endloop
  endfacet
  facet normal 0 1 0
    outer loop
      vertex 86.8 68.5 14.5
      vertex 84.2063 68.5 14.6274
      vertex 86.7937 68.5 14.6274
    endloop
  endfacet
  facet normal 0 1 0
    outer loop
      vertex 86.8 68.5 14.5
      vertex 84.2 68.5 14.5
      vertex 84.2063 68.5 14.6274
    endloop
  endfacet
  facet normal 0 1 -0
    outer loop
      vertex 86.7937 68.5 14.3726
      vertex 84.2 68.5 14.5
      vertex 86.8 68.5 14.5
    endloop
  endfacet
  facet normal 0 1 0
    outer loop
      vertex 86.7937 68.5 14.3726
      vertex 84.2063 68.5 14.3726
      vertex 84.2 68.5 14.5
    endloop
  endfacet
  facet normal 0 1 -0
    outer loop
      vertex 86.775 68.5 14.2464
      vertex 84.2063 68.5 14.3726
      vertex 86.7937 68.5 14.3726
    endloop
  endfacet
  facet normal 0 1 0
    outer loop
      vertex 86.775 68.5 14.2464
      vertex 84.225 68.5 14.2464
      vertex 84.2063 68.5 14.3726
    endloop
  endfacet
  facet normal 0 1 -0
    outer loop
      vertex 86.744 68.5 14.1226
      vertex 84.225 68.5 14.2464
      vertex 86.775 68.5 14.2464
    endloop
  endfacet
  facet normal 0 1 0
    outer loop
      vertex 86.744 68.5 14.1226
      vertex 84.256 68.5 14.1226
      vertex 84.225 68.5 14.2464
    endloop
  endfacet
  facet normal 0 1 -0
    outer loop
      vertex 86.701 68.5 14.0025
      vertex 84.256 68.5 14.1226
      vertex 86.744 68.5 14.1226
    endloop
  endfacet
  facet normal 0 1 0
    outer loop
      vertex 86.701 68.5 14.0025
      vertex 84.299 68.5 14.0025
      vertex 84.256 68.5 14.1226
    endloop
  endfacet
  facet normal 0 1 -0
    outer loop
      vertex 86.6465 68.5 13.8872
      vertex 84.299 68.5 14.0025
      vertex 86.701 68.5 14.0025
    endloop
  endfacet
  facet normal 0 1 0
    outer loop
      vertex 86.6465 68.5 13.8872
      vertex 84.3535 68.5 13.8872
      vertex 84.299 68.5 14.0025
    endloop
  endfacet
  facet normal 0 1 -0
    outer loop
      vertex 86.5809 68.5 13.7778
      vertex 84.3535 68.5 13.8872
      vertex 86.6465 68.5 13.8872
    endloop
  endfacet
  facet normal 0 1 0
    outer loop
      vertex 86.5809 68.5 13.7778
      vertex 84.4191 68.5 13.7778
      vertex 84.3535 68.5 13.8872
    endloop
  endfacet
  facet normal 0 1 -0
    outer loop
      vertex 86.5049 68.5 13.6753
      vertex 84.4191 68.5 13.7778
      vertex 86.5809 68.5 13.7778
    endloop
  endfacet
  facet normal 0 1 0
    outer loop
      vertex 86.5049 68.5 13.6753
      vertex 84.4951 68.5 13.6753
      vertex 84.4191 68.5 13.7778
    endloop
  endfacet
  facet normal 0 1 -0
    outer loop
      vertex 86.4192 68.5 13.5808
      vertex 84.4951 68.5 13.6753
      vertex 86.5049 68.5 13.6753
    endloop
  endfacet
  facet normal 0 1 0
    outer loop
      vertex 86.4192 68.5 13.5808
      vertex 84.5808 68.5 13.5808
      vertex 84.4951 68.5 13.6753
    endloop
  endfacet
  facet normal 0 1 -0
    outer loop
      vertex 86.3247 68.5 13.4951
      vertex 84.5808 68.5 13.5808
      vertex 86.4192 68.5 13.5808
    endloop
  endfacet
  facet normal 0 1 0
    outer loop
      vertex 86.3247 68.5 13.4951
      vertex 84.6753 68.5 13.4951
      vertex 84.5808 68.5 13.5808
    endloop
  endfacet
  facet normal 0 1 -0
    outer loop
      vertex 86.2222 68.5 13.4191
      vertex 84.6753 68.5 13.4951
      vertex 86.3247 68.5 13.4951
    endloop
  endfacet
  facet normal 0 1 0
    outer loop
      vertex 86.2222 68.5 13.4191
      vertex 84.7778 68.5 13.4191
      vertex 84.6753 68.5 13.4951
    endloop
  endfacet
  facet normal 0 1 -0
    outer loop
      vertex 86.1128 68.5 13.3535
      vertex 84.7778 68.5 13.4191
      vertex 86.2222 68.5 13.4191
    endloop
  endfacet
  facet normal 0 1 0
    outer loop
      vertex 86.1128 68.5 13.3535
      vertex 84.8872 68.5 13.3535
      vertex 84.7778 68.5 13.4191
    endloop
  endfacet
  facet normal 0 1 -0
    outer loop
      vertex 85.9975 68.5 13.299
      vertex 84.8872 68.5 13.3535
      vertex 86.1128 68.5 13.3535
    endloop
  endfacet
  facet normal 0 1 0
    outer loop
      vertex 85.9975 68.5 13.299
      vertex 85.0025 68.5 13.299
      vertex 84.8872 68.5 13.3535
    endloop
  endfacet
  facet normal 0 1 -0
    outer loop
      vertex 85.8774 68.5 13.256
      vertex 85.0025 68.5 13.299
      vertex 85.9975 68.5 13.299
    endloop
  endfacet
  facet normal 0 1 0
    outer loop
      vertex 85.8774 68.5 13.256
      vertex 85.1226 68.5 13.256
      vertex 85.0025 68.5 13.299
    endloop
  endfacet
  facet normal 0 1 -0
    outer loop
      vertex 85.7536 68.5 13.225
      vertex 85.1226 68.5 13.256
      vertex 85.8774 68.5 13.256
    endloop
  endfacet
  facet normal 0 1 0
    outer loop
      vertex 85.7536 68.5 13.225
      vertex 85.2464 68.5 13.225
      vertex 85.1226 68.5 13.256
    endloop
  endfacet
  facet normal 0 1 -0
    outer loop
      vertex 85.6274 68.5 13.2063
      vertex 85.2464 68.5 13.225
      vertex 85.7536 68.5 13.225
    endloop
  endfacet
  facet normal 0 1 0
    outer loop
      vertex 85.6274 68.5 13.2063
      vertex 85.3726 68.5 13.2063
      vertex 85.2464 68.5 13.225
    endloop
  endfacet
  facet normal -0 1 0
    outer loop
      vertex 85.3726 68.5 13.2063
      vertex 85.6274 68.5 13.2063
      vertex 85.5 68.5 13.2
    endloop
  endfacet
  facet normal 0.97005 -0 0.242904
    outer loop
      vertex 84.225 68.5 14.2464
      vertex 84.256 75.5 14.1226
      vertex 84.225 75.5 14.2464
    endloop
  endfacet
  facet normal 0.97005 0 0.242904
    outer loop
      vertex 84.256 75.5 14.1226
      vertex 84.225 68.5 14.2464
      vertex 84.256 68.5 14.1226
    endloop
  endfacet
  facet normal -0.242904 0 -0.97005
    outer loop
      vertex 85.7536 68.5 15.775
      vertex 85.8774 75.5 15.744
      vertex 85.8774 68.5 15.744
    endloop
  endfacet
  facet normal -0.242904 0 -0.97005
    outer loop
      vertex 85.8774 75.5 15.744
      vertex 85.7536 68.5 15.775
      vertex 85.7536 75.5 15.775
    endloop
  endfacet
  facet normal 0.146577 0 0.989199
    outer loop
      vertex 85.2464 75.5 13.225
      vertex 85.3726 68.5 13.2063
      vertex 85.3726 75.5 13.2063
    endloop
  endfacet
  facet normal 0.146577 0 0.989199
    outer loop
      vertex 85.3726 68.5 13.2063
      vertex 85.2464 75.5 13.225
      vertex 85.2464 68.5 13.225
    endloop
  endfacet
  facet normal -0.740755 0 0.671775
    outer loop
      vertex 86.4192 68.5 13.5808
      vertex 86.5049 75.5 13.6753
      vertex 86.4192 75.5 13.5808
    endloop
  endfacet
  facet normal -0.740755 0 0.671775
    outer loop
      vertex 86.5049 75.5 13.6753
      vertex 86.4192 68.5 13.5808
      vertex 86.5049 68.5 13.6753
    endloop
  endfacet
  facet normal 0.427345 0 0.904089
    outer loop
      vertex 84.8872 75.5 13.3535
      vertex 85.0025 68.5 13.299
      vertex 85.0025 75.5 13.299
    endloop
  endfacet
  facet normal 0.427345 0 0.904089
    outer loop
      vertex 85.0025 68.5 13.299
      vertex 84.8872 75.5 13.3535
      vertex 84.8872 68.5 13.3535
    endloop
  endfacet
  facet normal -0.941476 0 -0.337081
    outer loop
      vertex 86.744 68.5 14.8774
      vertex 86.701 75.5 14.9975
      vertex 86.744 75.5 14.8774
    endloop
  endfacet
  facet normal -0.941476 -0 -0.337081
    outer loop
      vertex 86.701 75.5 14.9975
      vertex 86.744 68.5 14.8774
      vertex 86.701 68.5 14.9975
    endloop
  endfacet
  facet normal 0.242904 0 -0.97005
    outer loop
      vertex 85.1226 68.5 15.744
      vertex 85.2464 75.5 15.775
      vertex 85.2464 68.5 15.775
    endloop
  endfacet
  facet normal 0.242904 0 -0.97005
    outer loop
      vertex 85.2464 75.5 15.775
      vertex 85.1226 68.5 15.744
      vertex 85.1226 75.5 15.744
    endloop
  endfacet
  facet normal -0.857631 0 0.514265
    outer loop
      vertex 86.5809 68.5 13.7778
      vertex 86.6465 75.5 13.8872
      vertex 86.5809 75.5 13.7778
    endloop
  endfacet
  facet normal -0.857631 0 0.514265
    outer loop
      vertex 86.6465 75.5 13.8872
      vertex 86.5809 68.5 13.7778
      vertex 86.6465 68.5 13.8872
    endloop
  endfacet
  facet normal 0.146577 0 -0.989199
    outer loop
      vertex 85.2464 68.5 15.775
      vertex 85.3726 75.5 15.7937
      vertex 85.3726 68.5 15.7937
    endloop
  endfacet
  facet normal 0.146577 0 -0.989199
    outer loop
      vertex 85.3726 75.5 15.7937
      vertex 85.2464 68.5 15.775
      vertex 85.2464 75.5 15.775
    endloop
  endfacet
  facet normal 0.0493902 0 0.99878
    outer loop
      vertex 85.3726 75.5 13.2063
      vertex 85.5 68.5 13.2
      vertex 85.5 75.5 13.2
    endloop
  endfacet
  facet normal 0.0493902 0 0.99878
    outer loop
      vertex 85.5 68.5 13.2
      vertex 85.3726 75.5 13.2063
      vertex 85.3726 68.5 13.2063
    endloop
  endfacet
  facet normal 0.514265 0 0.857631
    outer loop
      vertex 84.7778 75.5 13.4191
      vertex 84.8872 68.5 13.3535
      vertex 84.8872 75.5 13.3535
    endloop
  endfacet
  facet normal 0.514265 0 0.857631
    outer loop
      vertex 84.8872 68.5 13.3535
      vertex 84.7778 75.5 13.4191
      vertex 84.7778 68.5 13.4191
    endloop
  endfacet
  facet normal 0.941476 0 -0.337081
    outer loop
      vertex 84.299 68.5 14.9975
      vertex 84.256 75.5 14.8774
      vertex 84.299 75.5 14.9975
    endloop
  endfacet
  facet normal 0.941476 0 -0.337081
    outer loop
      vertex 84.256 75.5 14.8774
      vertex 84.299 68.5 14.9975
      vertex 84.256 68.5 14.8774
    endloop
  endfacet
  facet normal 0.740755 -0 0.671775
    outer loop
      vertex 84.4951 68.5 13.6753
      vertex 84.5808 75.5 13.5808
      vertex 84.4951 75.5 13.6753
    endloop
  endfacet
  facet normal 0.740755 0 0.671775
    outer loop
      vertex 84.5808 75.5 13.5808
      vertex 84.4951 68.5 13.6753
      vertex 84.5808 68.5 13.5808
    endloop
  endfacet
  facet normal 0.337081 0 -0.941476
    outer loop
      vertex 85.0025 68.5 15.701
      vertex 85.1226 75.5 15.744
      vertex 85.1226 68.5 15.744
    endloop
  endfacet
  facet normal 0.337081 0 -0.941476
    outer loop
      vertex 85.1226 75.5 15.744
      vertex 85.0025 68.5 15.701
      vertex 85.0025 75.5 15.701
    endloop
  endfacet
  facet normal 0.427345 0 -0.904089
    outer loop
      vertex 84.8872 68.5 15.6465
      vertex 85.0025 75.5 15.701
      vertex 85.0025 68.5 15.701
    endloop
  endfacet
  facet normal 0.427345 0 -0.904089
    outer loop
      vertex 85.0025 75.5 15.701
      vertex 84.8872 68.5 15.6465
      vertex 84.8872 75.5 15.6465
    endloop
  endfacet
  facet normal -0.242904 0 0.97005
    outer loop
      vertex 85.7536 75.5 13.225
      vertex 85.8774 68.5 13.256
      vertex 85.8774 75.5 13.256
    endloop
  endfacet
  facet normal -0.242904 0 0.97005
    outer loop
      vertex 85.8774 68.5 13.256
      vertex 85.7536 75.5 13.225
      vertex 85.7536 68.5 13.225
    endloop
  endfacet
  facet normal -0.146577 0 0.989199
    outer loop
      vertex 85.6274 75.5 13.2063
      vertex 85.7536 68.5 13.225
      vertex 85.7536 75.5 13.225
    endloop
  endfacet
  facet normal -0.146577 0 0.989199
    outer loop
      vertex 85.7536 68.5 13.225
      vertex 85.6274 75.5 13.2063
      vertex 85.6274 68.5 13.2063
    endloop
  endfacet
  facet normal -0.671775 0 -0.740755
    outer loop
      vertex 86.3247 68.5 15.5049
      vertex 86.4192 75.5 15.4192
      vertex 86.4192 68.5 15.4192
    endloop
  endfacet
  facet normal -0.671775 0 -0.740755
    outer loop
      vertex 86.4192 75.5 15.4192
      vertex 86.3247 68.5 15.5049
      vertex 86.3247 75.5 15.5049
    endloop
  endfacet
  facet normal 0.514265 0 -0.857631
    outer loop
      vertex 84.7778 68.5 15.5809
      vertex 84.8872 75.5 15.6465
      vertex 84.8872 68.5 15.6465
    endloop
  endfacet
  facet normal 0.514265 0 -0.857631
    outer loop
      vertex 84.8872 75.5 15.6465
      vertex 84.7778 68.5 15.5809
      vertex 84.7778 75.5 15.5809
    endloop
  endfacet
  facet normal 0.740755 0 -0.671775
    outer loop
      vertex 84.5808 68.5 15.4192
      vertex 84.4951 75.5 15.3247
      vertex 84.5808 75.5 15.4192
    endloop
  endfacet
  facet normal 0.740755 0 -0.671775
    outer loop
      vertex 84.4951 75.5 15.3247
      vertex 84.5808 68.5 15.4192
      vertex 84.4951 68.5 15.3247
    endloop
  endfacet
  facet normal 0.595602 0 -0.803279
    outer loop
      vertex 84.6753 68.5 15.5049
      vertex 84.7778 75.5 15.5809
      vertex 84.7778 68.5 15.5809
    endloop
  endfacet
  facet normal 0.595602 0 -0.803279
    outer loop
      vertex 84.7778 75.5 15.5809
      vertex 84.6753 68.5 15.5049
      vertex 84.6753 75.5 15.5049
    endloop
  endfacet
  facet normal 0.989199 0 -0.146577
    outer loop
      vertex 84.225 68.5 14.7536
      vertex 84.2063 75.5 14.6274
      vertex 84.225 75.5 14.7536
    endloop
  endfacet
  facet normal 0.989199 0 -0.146577
    outer loop
      vertex 84.2063 75.5 14.6274
      vertex 84.225 68.5 14.7536
      vertex 84.2063 68.5 14.6274
    endloop
  endfacet
  facet normal -0.740755 0 -0.671775
    outer loop
      vertex 86.5049 68.5 15.3247
      vertex 86.4192 75.5 15.4192
      vertex 86.5049 75.5 15.3247
    endloop
  endfacet
  facet normal -0.740755 -0 -0.671775
    outer loop
      vertex 86.4192 75.5 15.4192
      vertex 86.5049 68.5 15.3247
      vertex 86.4192 68.5 15.4192
    endloop
  endfacet
  facet normal -0.595602 0 -0.803279
    outer loop
      vertex 86.2222 68.5 15.5809
      vertex 86.3247 75.5 15.5049
      vertex 86.3247 68.5 15.5049
    endloop
  endfacet
  facet normal -0.595602 0 -0.803279
    outer loop
      vertex 86.3247 75.5 15.5049
      vertex 86.2222 68.5 15.5809
      vertex 86.2222 75.5 15.5809
    endloop
  endfacet
  facet normal 0.803279 0 -0.595602
    outer loop
      vertex 84.4951 68.5 15.3247
      vertex 84.4191 75.5 15.2222
      vertex 84.4951 75.5 15.3247
    endloop
  endfacet
  facet normal 0.803279 0 -0.595602
    outer loop
      vertex 84.4191 75.5 15.2222
      vertex 84.4951 68.5 15.3247
      vertex 84.4191 68.5 15.2222
    endloop
  endfacet
  facet normal 0.99878 -0 0.0493902
    outer loop
      vertex 84.2 68.5 14.5
      vertex 84.2063 75.5 14.3726
      vertex 84.2 75.5 14.5
    endloop
  endfacet
  facet normal 0.99878 0 0.0493902
    outer loop
      vertex 84.2063 75.5 14.3726
      vertex 84.2 68.5 14.5
      vertex 84.2063 68.5 14.3726
    endloop
  endfacet
  facet normal 0.99878 0 -0.0493902
    outer loop
      vertex 84.2063 68.5 14.6274
      vertex 84.2 75.5 14.5
      vertex 84.2063 75.5 14.6274
    endloop
  endfacet
  facet normal 0.99878 0 -0.0493902
    outer loop
      vertex 84.2 75.5 14.5
      vertex 84.2063 68.5 14.6274
      vertex 84.2 68.5 14.5
    endloop
  endfacet
  facet normal -0.988856 0 0.148877
    outer loop
      vertex 104.775 68.5 14.2464
      vertex 104.794 75.5 14.3726
      vertex 104.775 75.5 14.2464
    endloop
  endfacet
  facet normal -0.988856 0 0.148877
    outer loop
      vertex 104.794 75.5 14.3726
      vertex 104.775 68.5 14.2464
      vertex 104.794 68.5 14.3726
    endloop
  endfacet
  facet normal -0.998893 0 0.0470436
    outer loop
      vertex 104.794 68.5 14.3726
      vertex 104.8 75.5 14.5
      vertex 104.794 75.5 14.3726
    endloop
  endfacet
  facet normal -0.998893 0 0.0470436
    outer loop
      vertex 104.8 75.5 14.5
      vertex 104.794 68.5 14.3726
      vertex 104.8 68.5 14.5
    endloop
  endfacet
  facet normal -0.97005 0 0.242904
    outer loop
      vertex 104.744 68.5 14.1226
      vertex 104.775 75.5 14.2464
      vertex 104.744 75.5 14.1226
    endloop
  endfacet
  facet normal -0.97005 0 0.242904
    outer loop
      vertex 104.775 75.5 14.2464
      vertex 104.744 68.5 14.1226
      vertex 104.775 68.5 14.2464
    endloop
  endfacet
  facet normal 0.803279 -0 0.595602
    outer loop
      vertex 102.419 68.5 13.7778
      vertex 102.495 75.5 13.6753
      vertex 102.419 75.5 13.7778
    endloop
  endfacet
  facet normal 0.803279 0 0.595602
    outer loop
      vertex 102.495 75.5 13.6753
      vertex 102.419 68.5 13.7778
      vertex 102.495 68.5 13.6753
    endloop
  endfacet
  facet normal -0.33733 0 -0.941386
    outer loop
      vertex 103.877 68.5 15.744
      vertex 103.997 75.5 15.701
      vertex 103.997 68.5 15.701
    endloop
  endfacet
  facet normal -0.33733 0 -0.941386
    outer loop
      vertex 103.997 75.5 15.701
      vertex 103.877 68.5 15.744
      vertex 103.877 75.5 15.744
    endloop
  endfacet
  facet normal -0.859704 0 -0.510793
    outer loop
      vertex 104.646 68.5 15.1128
      vertex 104.581 75.5 15.2222
      vertex 104.646 75.5 15.1128
    endloop
  endfacet
  facet normal -0.859704 -0 -0.510793
    outer loop
      vertex 104.581 75.5 15.2222
      vertex 104.646 68.5 15.1128
      vertex 104.581 68.5 15.2222
    endloop
  endfacet
  facet normal 0.0495454 0 -0.998772
    outer loop
      vertex 103.373 68.5 15.7937
      vertex 103.5 75.5 15.8
      vertex 103.5 68.5 15.8
    endloop
  endfacet
  facet normal 0.0495454 0 -0.998772
    outer loop
      vertex 103.5 75.5 15.8
      vertex 103.373 68.5 15.7937
      vertex 103.373 75.5 15.7937
    endloop
  endfacet
  facet normal 0.902571 0 -0.430541
    outer loop
      vertex 102.354 68.5 15.1128
      vertex 102.299 75.5 14.9975
      vertex 102.354 75.5 15.1128
    endloop
  endfacet
  facet normal 0.902571 0 -0.430541
    outer loop
      vertex 102.299 75.5 14.9975
      vertex 102.354 68.5 15.1128
      vertex 102.299 68.5 14.9975
    endloop
  endfacet
  facet normal 0.24439 0 0.969677
    outer loop
      vertex 103.123 75.5 13.256
      vertex 103.246 68.5 13.225
      vertex 103.246 75.5 13.225
    endloop
  endfacet
  facet normal 0.24439 0 0.969677
    outer loop
      vertex 103.246 68.5 13.225
      vertex 103.123 75.5 13.256
      vertex 103.123 68.5 13.256
    endloop
  endfacet
  facet normal -0.145673 0 -0.989333
    outer loop
      vertex 103.627 68.5 15.7937
      vertex 103.754 75.5 15.775
      vertex 103.754 68.5 15.775
    endloop
  endfacet
  facet normal -0.145673 0 -0.989333
    outer loop
      vertex 103.754 75.5 15.775
      vertex 103.627 68.5 15.7937
      vertex 103.627 75.5 15.7937
    endloop
  endfacet
  facet normal 0.593732 0 0.804663
    outer loop
      vertex 102.675 75.5 13.4951
      vertex 102.778 68.5 13.4191
      vertex 102.778 75.5 13.4191
    endloop
  endfacet
  facet normal 0.593732 0 0.804663
    outer loop
      vertex 102.778 68.5 13.4191
      vertex 102.675 75.5 13.4951
      vertex 102.675 68.5 13.4951
    endloop
  endfacet
  facet normal -0.593732 0 0.804663
    outer loop
      vertex 104.222 75.5 13.4191
      vertex 104.325 68.5 13.4951
      vertex 104.325 75.5 13.4951
    endloop
  endfacet
  facet normal -0.593732 0 0.804663
    outer loop
      vertex 104.325 68.5 13.4951
      vertex 104.222 75.5 13.4191
      vertex 104.222 68.5 13.4191
    endloop
  endfacet
  facet normal -0.515651 0 0.856799
    outer loop
      vertex 104.113 75.5 13.3535
      vertex 104.222 68.5 13.4191
      vertex 104.222 75.5 13.4191
    endloop
  endfacet
  facet normal -0.515651 0 0.856799
    outer loop
      vertex 104.222 68.5 13.4191
      vertex 104.113 75.5 13.3535
      vertex 104.113 68.5 13.3535
    endloop
  endfacet
  facet normal -0.902571 0 -0.430541
    outer loop
      vertex 104.701 68.5 14.9975
      vertex 104.646 75.5 15.1128
      vertex 104.701 75.5 14.9975
    endloop
  endfacet
  facet normal -0.902571 -0 -0.430541
    outer loop
      vertex 104.646 75.5 15.1128
      vertex 104.701 68.5 14.9975
      vertex 104.646 68.5 15.1128
    endloop
  endfacet
  facet normal 0.97005 0 -0.242904
    outer loop
      vertex 102.256 68.5 14.8774
      vertex 102.225 75.5 14.7536
      vertex 102.256 75.5 14.8774
    endloop
  endfacet
  facet normal 0.97005 0 -0.242904
    outer loop
      vertex 102.225 75.5 14.7536
      vertex 102.256 68.5 14.8774
      vertex 102.225 68.5 14.7536
    endloop
  endfacet
  facet normal 0.859704 0 -0.510793
    outer loop
      vertex 102.419 68.5 15.2222
      vertex 102.354 75.5 15.1128
      vertex 102.419 75.5 15.2222
    endloop
  endfacet
  facet normal 0.859704 0 -0.510793
    outer loop
      vertex 102.354 75.5 15.1128
      vertex 102.419 68.5 15.2222
      vertex 102.354 68.5 15.1128
    endloop
  endfacet
  facet normal -0.0495454 0 -0.998772
    outer loop
      vertex 103.5 68.5 15.8
      vertex 103.627 75.5 15.7937
      vertex 103.627 68.5 15.7937
    endloop
  endfacet
  facet normal -0.0495454 0 -0.998772
    outer loop
      vertex 103.627 75.5 15.7937
      vertex 103.5 68.5 15.8
      vertex 103.5 75.5 15.8
    endloop
  endfacet
  facet normal 0.33733 0 0.941386
    outer loop
      vertex 103.003 75.5 13.299
      vertex 103.123 68.5 13.256
      vertex 103.123 75.5 13.256
    endloop
  endfacet
  facet normal 0.33733 0 0.941386
    outer loop
      vertex 103.123 68.5 13.256
      vertex 103.003 75.5 13.299
      vertex 103.003 68.5 13.299
    endloop
  endfacet
  facet normal 0.941476 -0 0.337081
    outer loop
      vertex 102.256 68.5 14.1226
      vertex 102.299 75.5 14.0025
      vertex 102.256 75.5 14.1226
    endloop
  endfacet
  facet normal 0.941476 0 0.337081
    outer loop
      vertex 102.299 75.5 14.0025
      vertex 102.256 68.5 14.1226
      vertex 102.299 68.5 14.0025
    endloop
  endfacet
  facet normal -0.803279 0 0.595602
    outer loop
      vertex 104.505 68.5 13.6753
      vertex 104.581 75.5 13.7778
      vertex 104.505 75.5 13.6753
    endloop
  endfacet
  facet normal -0.803279 0 0.595602
    outer loop
      vertex 104.581 75.5 13.7778
      vertex 104.505 68.5 13.6753
      vertex 104.581 68.5 13.7778
    endloop
  endfacet
  facet normal -0.425233 0 -0.905084
    outer loop
      vertex 103.997 68.5 15.701
      vertex 104.113 75.5 15.6465
      vertex 104.113 68.5 15.6465
    endloop
  endfacet
  facet normal -0.425233 0 -0.905084
    outer loop
      vertex 104.113 75.5 15.6465
      vertex 103.997 68.5 15.701
      vertex 103.997 75.5 15.701
    endloop
  endfacet
  facet normal -0.515651 0 -0.856799
    outer loop
      vertex 104.113 68.5 15.6465
      vertex 104.222 75.5 15.5809
      vertex 104.222 68.5 15.5809
    endloop
  endfacet
  facet normal -0.515651 0 -0.856799
    outer loop
      vertex 104.222 75.5 15.5809
      vertex 104.113 68.5 15.6465
      vertex 104.113 75.5 15.6465
    endloop
  endfacet
  facet normal -0.33733 0 0.941386
    outer loop
      vertex 103.877 75.5 13.256
      vertex 103.997 68.5 13.299
      vertex 103.997 75.5 13.299
    endloop
  endfacet
  facet normal -0.33733 0 0.941386
    outer loop
      vertex 103.997 68.5 13.299
      vertex 103.877 75.5 13.256
      vertex 103.877 68.5 13.256
    endloop
  endfacet
  facet normal -0.97005 0 -0.242904
    outer loop
      vertex 104.775 68.5 14.7536
      vertex 104.744 75.5 14.8774
      vertex 104.775 75.5 14.7536
    endloop
  endfacet
  facet normal -0.97005 -0 -0.242904
    outer loop
      vertex 104.744 75.5 14.8774
      vertex 104.775 68.5 14.7536
      vertex 104.744 68.5 14.8774
    endloop
  endfacet
  facet normal -0.803279 0 -0.595602
    outer loop
      vertex 104.581 68.5 15.2222
      vertex 104.505 75.5 15.3247
      vertex 104.581 75.5 15.2222
    endloop
  endfacet
  facet normal -0.803279 -0 -0.595602
    outer loop
      vertex 104.505 75.5 15.3247
      vertex 104.581 68.5 15.2222
      vertex 104.505 68.5 15.3247
    endloop
  endfacet
  facet normal 0.902571 -0 0.430541
    outer loop
      vertex 102.299 68.5 14.0025
      vertex 102.354 75.5 13.8872
      vertex 102.299 75.5 14.0025
    endloop
  endfacet
  facet normal 0.902571 0 0.430541
    outer loop
      vertex 102.354 75.5 13.8872
      vertex 102.299 68.5 14.0025
      vertex 102.354 68.5 13.8872
    endloop
  endfacet
  facet normal -0.673729 0 0.738979
    outer loop
      vertex 104.325 75.5 13.4951
      vertex 104.419 68.5 13.5808
      vertex 104.419 75.5 13.5808
    endloop
  endfacet
  facet normal -0.673729 0 0.738979
    outer loop
      vertex 104.419 68.5 13.5808
      vertex 104.325 75.5 13.4951
      vertex 104.325 68.5 13.4951
    endloop
  endfacet
  facet normal 0.673729 0 0.738979
    outer loop
      vertex 102.581 75.5 13.5808
      vertex 102.675 68.5 13.4951
      vertex 102.675 75.5 13.4951
    endloop
  endfacet
  facet normal 0.673729 0 0.738979
    outer loop
      vertex 102.675 68.5 13.4951
      vertex 102.581 75.5 13.5808
      vertex 102.581 68.5 13.5808
    endloop
  endfacet
  facet normal -0.425233 0 0.905084
    outer loop
      vertex 103.997 75.5 13.299
      vertex 104.113 68.5 13.3535
      vertex 104.113 75.5 13.3535
    endloop
  endfacet
  facet normal -0.425233 0 0.905084
    outer loop
      vertex 104.113 68.5 13.3535
      vertex 103.997 75.5 13.299
      vertex 103.997 68.5 13.299
    endloop
  endfacet
  facet normal -0.941476 0 0.337081
    outer loop
      vertex 104.701 68.5 14.0025
      vertex 104.744 75.5 14.1226
      vertex 104.701 75.5 14.0025
    endloop
  endfacet
  facet normal -0.941476 0 0.337081
    outer loop
      vertex 104.744 75.5 14.1226
      vertex 104.701 68.5 14.0025
      vertex 104.744 68.5 14.1226
    endloop
  endfacet
  facet normal -0.0495454 0 0.998772
    outer loop
      vertex 103.5 75.5 13.2
      vertex 103.627 68.5 13.2063
      vertex 103.627 75.5 13.2063
    endloop
  endfacet
  facet normal -0.0495454 0 0.998772
    outer loop
      vertex 103.627 68.5 13.2063
      vertex 103.5 75.5 13.2
      vertex 103.5 68.5 13.2
    endloop
  endfacet
  facet normal 0.859704 -0 0.510793
    outer loop
      vertex 102.354 68.5 13.8872
      vertex 102.419 75.5 13.7778
      vertex 102.354 75.5 13.8872
    endloop
  endfacet
  facet normal 0.859704 0 0.510793
    outer loop
      vertex 102.419 75.5 13.7778
      vertex 102.354 68.5 13.8872
      vertex 102.419 68.5 13.7778
    endloop
  endfacet
  facet normal -0.988856 0 -0.148877
    outer loop
      vertex 104.794 68.5 14.6274
      vertex 104.775 75.5 14.7536
      vertex 104.794 75.5 14.6274
    endloop
  endfacet
  facet normal -0.988856 -0 -0.148877
    outer loop
      vertex 104.775 75.5 14.7536
      vertex 104.794 68.5 14.6274
      vertex 104.775 68.5 14.7536
    endloop
  endfacet
  facet normal -0.998893 0 -0.0470436
    outer loop
      vertex 104.8 68.5 14.5
      vertex 104.794 75.5 14.6274
      vertex 104.8 75.5 14.5
    endloop
  endfacet
  facet normal -0.998893 -0 -0.0470436
    outer loop
      vertex 104.794 75.5 14.6274
      vertex 104.8 68.5 14.5
      vertex 104.794 68.5 14.6274
    endloop
  endfacet
  facet normal 0.673729 0 -0.738979
    outer loop
      vertex 102.581 68.5 15.4192
      vertex 102.675 75.5 15.5049
      vertex 102.675 68.5 15.5049
    endloop
  endfacet
  facet normal 0.673729 0 -0.738979
    outer loop
      vertex 102.675 75.5 15.5049
      vertex 102.581 68.5 15.4192
      vertex 102.581 75.5 15.4192
    endloop
  endfacet
  facet normal -0.902571 0 0.430541
    outer loop
      vertex 104.646 68.5 13.8872
      vertex 104.701 75.5 14.0025
      vertex 104.646 75.5 13.8872
    endloop
  endfacet
  facet normal -0.902571 0 0.430541
    outer loop
      vertex 104.701 75.5 14.0025
      vertex 104.646 68.5 13.8872
      vertex 104.701 68.5 14.0025
    endloop
  endfacet
  facet normal 0 1 0
    outer loop
      vertex 103.627 68.5 15.7937
      vertex 103.373 68.5 15.7937
      vertex 103.5 68.5 15.8
    endloop
  endfacet
  facet normal 0 1 0
    outer loop
      vertex 103.754 68.5 15.775
      vertex 103.373 68.5 15.7937
      vertex 103.627 68.5 15.7937
    endloop
  endfacet
  facet normal 0 1 0
    outer loop
      vertex 103.754 68.5 15.775
      vertex 103.246 68.5 15.775
      vertex 103.373 68.5 15.7937
    endloop
  endfacet
  facet normal 0 1 0
    outer loop
      vertex 103.877 68.5 15.744
      vertex 103.246 68.5 15.775
      vertex 103.754 68.5 15.775
    endloop
  endfacet
  facet normal 0 1 0
    outer loop
      vertex 103.877 68.5 15.744
      vertex 103.123 68.5 15.744
      vertex 103.246 68.5 15.775
    endloop
  endfacet
  facet normal 0 1 0
    outer loop
      vertex 103.997 68.5 15.701
      vertex 103.123 68.5 15.744
      vertex 103.877 68.5 15.744
    endloop
  endfacet
  facet normal 0 1 0
    outer loop
      vertex 103.997 68.5 15.701
      vertex 103.003 68.5 15.701
      vertex 103.123 68.5 15.744
    endloop
  endfacet
  facet normal 0 1 0
    outer loop
      vertex 104.113 68.5 15.6465
      vertex 103.003 68.5 15.701
      vertex 103.997 68.5 15.701
    endloop
  endfacet
  facet normal 0 1 0
    outer loop
      vertex 104.113 68.5 15.6465
      vertex 102.887 68.5 15.6465
      vertex 103.003 68.5 15.701
    endloop
  endfacet
  facet normal 0 1 0
    outer loop
      vertex 104.222 68.5 15.5809
      vertex 102.887 68.5 15.6465
      vertex 104.113 68.5 15.6465
    endloop
  endfacet
  facet normal 0 1 0
    outer loop
      vertex 104.222 68.5 15.5809
      vertex 102.778 68.5 15.5809
      vertex 102.887 68.5 15.6465
    endloop
  endfacet
  facet normal 0 1 0
    outer loop
      vertex 104.325 68.5 15.5049
      vertex 102.778 68.5 15.5809
      vertex 104.222 68.5 15.5809
    endloop
  endfacet
  facet normal 0 1 0
    outer loop
      vertex 104.325 68.5 15.5049
      vertex 102.675 68.5 15.5049
      vertex 102.778 68.5 15.5809
    endloop
  endfacet
  facet normal 0 1 0
    outer loop
      vertex 104.419 68.5 15.4192
      vertex 102.675 68.5 15.5049
      vertex 104.325 68.5 15.5049
    endloop
  endfacet
  facet normal 0 1 0
    outer loop
      vertex 104.419 68.5 15.4192
      vertex 102.581 68.5 15.4192
      vertex 102.675 68.5 15.5049
    endloop
  endfacet
  facet normal 0 1 0
    outer loop
      vertex 104.505 68.5 15.3247
      vertex 102.581 68.5 15.4192
      vertex 104.419 68.5 15.4192
    endloop
  endfacet
  facet normal 0 1 0
    outer loop
      vertex 104.505 68.5 15.3247
      vertex 102.495 68.5 15.3247
      vertex 102.581 68.5 15.4192
    endloop
  endfacet
  facet normal 0 1 0
    outer loop
      vertex 104.581 68.5 15.2222
      vertex 102.495 68.5 15.3247
      vertex 104.505 68.5 15.3247
    endloop
  endfacet
  facet normal 0 1 0
    outer loop
      vertex 104.581 68.5 15.2222
      vertex 102.419 68.5 15.2222
      vertex 102.495 68.5 15.3247
    endloop
  endfacet
  facet normal 0 1 0
    outer loop
      vertex 104.646 68.5 15.1128
      vertex 102.419 68.5 15.2222
      vertex 104.581 68.5 15.2222
    endloop
  endfacet
  facet normal 0 1 0
    outer loop
      vertex 104.646 68.5 15.1128
      vertex 102.354 68.5 15.1128
      vertex 102.419 68.5 15.2222
    endloop
  endfacet
  facet normal 0 1 0
    outer loop
      vertex 104.701 68.5 14.9975
      vertex 102.354 68.5 15.1128
      vertex 104.646 68.5 15.1128
    endloop
  endfacet
  facet normal 0 1 0
    outer loop
      vertex 104.701 68.5 14.9975
      vertex 102.299 68.5 14.9975
      vertex 102.354 68.5 15.1128
    endloop
  endfacet
  facet normal 0 1 0
    outer loop
      vertex 104.744 68.5 14.8774
      vertex 102.299 68.5 14.9975
      vertex 104.701 68.5 14.9975
    endloop
  endfacet
  facet normal 0 1 0
    outer loop
      vertex 104.744 68.5 14.8774
      vertex 102.256 68.5 14.8774
      vertex 102.299 68.5 14.9975
    endloop
  endfacet
  facet normal 0 1 0
    outer loop
      vertex 104.775 68.5 14.7536
      vertex 102.256 68.5 14.8774
      vertex 104.744 68.5 14.8774
    endloop
  endfacet
  facet normal 0 1 0
    outer loop
      vertex 104.775 68.5 14.7536
      vertex 102.225 68.5 14.7536
      vertex 102.256 68.5 14.8774
    endloop
  endfacet
  facet normal 0 1 0
    outer loop
      vertex 104.794 68.5 14.6274
      vertex 102.225 68.5 14.7536
      vertex 104.775 68.5 14.7536
    endloop
  endfacet
  facet normal 0 1 0
    outer loop
      vertex 104.794 68.5 14.6274
      vertex 102.206 68.5 14.6274
      vertex 102.225 68.5 14.7536
    endloop
  endfacet
  facet normal 0 1 0
    outer loop
      vertex 104.8 68.5 14.5
      vertex 102.206 68.5 14.6274
      vertex 104.794 68.5 14.6274
    endloop
  endfacet
  facet normal 0 1 0
    outer loop
      vertex 104.8 68.5 14.5
      vertex 102.2 68.5 14.5
      vertex 102.206 68.5 14.6274
    endloop
  endfacet
  facet normal 0 1 -0
    outer loop
      vertex 104.794 68.5 14.3726
      vertex 102.2 68.5 14.5
      vertex 104.8 68.5 14.5
    endloop
  endfacet
  facet normal 0 1 0
    outer loop
      vertex 104.794 68.5 14.3726
      vertex 102.206 68.5 14.3726
      vertex 102.2 68.5 14.5
    endloop
  endfacet
  facet normal 0 1 -0
    outer loop
      vertex 104.775 68.5 14.2464
      vertex 102.206 68.5 14.3726
      vertex 104.794 68.5 14.3726
    endloop
  endfacet
  facet normal 0 1 0
    outer loop
      vertex 104.775 68.5 14.2464
      vertex 102.225 68.5 14.2464
      vertex 102.206 68.5 14.3726
    endloop
  endfacet
  facet normal 0 1 -0
    outer loop
      vertex 104.744 68.5 14.1226
      vertex 102.225 68.5 14.2464
      vertex 104.775 68.5 14.2464
    endloop
  endfacet
  facet normal 0 1 0
    outer loop
      vertex 104.744 68.5 14.1226
      vertex 102.256 68.5 14.1226
      vertex 102.225 68.5 14.2464
    endloop
  endfacet
  facet normal 0 1 -0
    outer loop
      vertex 104.701 68.5 14.0025
      vertex 102.256 68.5 14.1226
      vertex 104.744 68.5 14.1226
    endloop
  endfacet
  facet normal 0 1 0
    outer loop
      vertex 104.701 68.5 14.0025
      vertex 102.299 68.5 14.0025
      vertex 102.256 68.5 14.1226
    endloop
  endfacet
  facet normal 0 1 -0
    outer loop
      vertex 104.646 68.5 13.8872
      vertex 102.299 68.5 14.0025
      vertex 104.701 68.5 14.0025
    endloop
  endfacet
  facet normal 0 1 0
    outer loop
      vertex 104.646 68.5 13.8872
      vertex 102.354 68.5 13.8872
      vertex 102.299 68.5 14.0025
    endloop
  endfacet
  facet normal 0 1 -0
    outer loop
      vertex 104.581 68.5 13.7778
      vertex 102.354 68.5 13.8872
      vertex 104.646 68.5 13.8872
    endloop
  endfacet
  facet normal 0 1 0
    outer loop
      vertex 104.581 68.5 13.7778
      vertex 102.419 68.5 13.7778
      vertex 102.354 68.5 13.8872
    endloop
  endfacet
  facet normal 0 1 -0
    outer loop
      vertex 104.505 68.5 13.6753
      vertex 102.419 68.5 13.7778
      vertex 104.581 68.5 13.7778
    endloop
  endfacet
  facet normal 0 1 0
    outer loop
      vertex 104.505 68.5 13.6753
      vertex 102.495 68.5 13.6753
      vertex 102.419 68.5 13.7778
    endloop
  endfacet
  facet normal 0 1 -0
    outer loop
      vertex 104.419 68.5 13.5808
      vertex 102.495 68.5 13.6753
      vertex 104.505 68.5 13.6753
    endloop
  endfacet
  facet normal 0 1 0
    outer loop
      vertex 104.419 68.5 13.5808
      vertex 102.581 68.5 13.5808
      vertex 102.495 68.5 13.6753
    endloop
  endfacet
  facet normal 0 1 -0
    outer loop
      vertex 104.325 68.5 13.4951
      vertex 102.581 68.5 13.5808
      vertex 104.419 68.5 13.5808
    endloop
  endfacet
  facet normal 0 1 0
    outer loop
      vertex 104.325 68.5 13.4951
      vertex 102.675 68.5 13.4951
      vertex 102.581 68.5 13.5808
    endloop
  endfacet
  facet normal 0 1 -0
    outer loop
      vertex 104.222 68.5 13.4191
      vertex 102.675 68.5 13.4951
      vertex 104.325 68.5 13.4951
    endloop
  endfacet
  facet normal 0 1 0
    outer loop
      vertex 104.222 68.5 13.4191
      vertex 102.778 68.5 13.4191
      vertex 102.675 68.5 13.4951
    endloop
  endfacet
  facet normal 0 1 -0
    outer loop
      vertex 104.113 68.5 13.3535
      vertex 102.778 68.5 13.4191
      vertex 104.222 68.5 13.4191
    endloop
  endfacet
  facet normal 0 1 0
    outer loop
      vertex 104.113 68.5 13.3535
      vertex 102.887 68.5 13.3535
      vertex 102.778 68.5 13.4191
    endloop
  endfacet
  facet normal 0 1 -0
    outer loop
      vertex 103.997 68.5 13.299
      vertex 102.887 68.5 13.3535
      vertex 104.113 68.5 13.3535
    endloop
  endfacet
  facet normal 0 1 0
    outer loop
      vertex 103.997 68.5 13.299
      vertex 103.003 68.5 13.299
      vertex 102.887 68.5 13.3535
    endloop
  endfacet
  facet normal 0 1 -0
    outer loop
      vertex 103.877 68.5 13.256
      vertex 103.003 68.5 13.299
      vertex 103.997 68.5 13.299
    endloop
  endfacet
  facet normal 0 1 0
    outer loop
      vertex 103.877 68.5 13.256
      vertex 103.123 68.5 13.256
      vertex 103.003 68.5 13.299
    endloop
  endfacet
  facet normal 0 1 -0
    outer loop
      vertex 103.754 68.5 13.225
      vertex 103.123 68.5 13.256
      vertex 103.877 68.5 13.256
    endloop
  endfacet
  facet normal 0 1 0
    outer loop
      vertex 103.754 68.5 13.225
      vertex 103.246 68.5 13.225
      vertex 103.123 68.5 13.256
    endloop
  endfacet
  facet normal 0 1 -0
    outer loop
      vertex 103.627 68.5 13.2063
      vertex 103.246 68.5 13.225
      vertex 103.754 68.5 13.225
    endloop
  endfacet
  facet normal 0 1 0
    outer loop
      vertex 103.627 68.5 13.2063
      vertex 103.373 68.5 13.2063
      vertex 103.246 68.5 13.225
    endloop
  endfacet
  facet normal -0 1 0
    outer loop
      vertex 103.373 68.5 13.2063
      vertex 103.627 68.5 13.2063
      vertex 103.5 68.5 13.2
    endloop
  endfacet
  facet normal 0.97005 -0 0.242904
    outer loop
      vertex 102.225 68.5 14.2464
      vertex 102.256 75.5 14.1226
      vertex 102.225 75.5 14.2464
    endloop
  endfacet
  facet normal 0.97005 0 0.242904
    outer loop
      vertex 102.256 75.5 14.1226
      vertex 102.225 68.5 14.2464
      vertex 102.256 68.5 14.1226
    endloop
  endfacet
  facet normal -0.24439 0 -0.969677
    outer loop
      vertex 103.754 68.5 15.775
      vertex 103.877 75.5 15.744
      vertex 103.877 68.5 15.744
    endloop
  endfacet
  facet normal -0.24439 0 -0.969677
    outer loop
      vertex 103.877 75.5 15.744
      vertex 103.754 68.5 15.775
      vertex 103.754 75.5 15.775
    endloop
  endfacet
  facet normal -0.593732 0 -0.804663
    outer loop
      vertex 104.222 68.5 15.5809
      vertex 104.325 75.5 15.5049
      vertex 104.325 68.5 15.5049
    endloop
  endfacet
  facet normal -0.593732 0 -0.804663
    outer loop
      vertex 104.325 75.5 15.5049
      vertex 104.222 68.5 15.5809
      vertex 104.222 75.5 15.5809
    endloop
  endfacet
  facet normal 0.145673 0 0.989333
    outer loop
      vertex 103.246 75.5 13.225
      vertex 103.373 68.5 13.2063
      vertex 103.373 75.5 13.2063
    endloop
  endfacet
  facet normal 0.145673 0 0.989333
    outer loop
      vertex 103.373 68.5 13.2063
      vertex 103.246 75.5 13.225
      vertex 103.246 68.5 13.225
    endloop
  endfacet
  facet normal -0.739586 0 0.673062
    outer loop
      vertex 104.419 68.5 13.5808
      vertex 104.505 75.5 13.6753
      vertex 104.419 75.5 13.5808
    endloop
  endfacet
  facet normal -0.739586 0 0.673062
    outer loop
      vertex 104.505 75.5 13.6753
      vertex 104.419 68.5 13.5808
      vertex 104.505 68.5 13.6753
    endloop
  endfacet
  facet normal 0.425233 0 0.905084
    outer loop
      vertex 102.887 75.5 13.3535
      vertex 103.003 68.5 13.299
      vertex 103.003 75.5 13.299
    endloop
  endfacet
  facet normal 0.425233 0 0.905084
    outer loop
      vertex 103.003 68.5 13.299
      vertex 102.887 75.5 13.3535
      vertex 102.887 68.5 13.3535
    endloop
  endfacet
  facet normal -0.941476 0 -0.337081
    outer loop
      vertex 104.744 68.5 14.8774
      vertex 104.701 75.5 14.9975
      vertex 104.744 75.5 14.8774
    endloop
  endfacet
  facet normal -0.941476 -0 -0.337081
    outer loop
      vertex 104.701 75.5 14.9975
      vertex 104.744 68.5 14.8774
      vertex 104.701 68.5 14.9975
    endloop
  endfacet
  facet normal 0.24439 0 -0.969677
    outer loop
      vertex 103.123 68.5 15.744
      vertex 103.246 75.5 15.775
      vertex 103.246 68.5 15.775
    endloop
  endfacet
  facet normal 0.24439 0 -0.969677
    outer loop
      vertex 103.246 75.5 15.775
      vertex 103.123 68.5 15.744
      vertex 103.123 75.5 15.744
    endloop
  endfacet
  facet normal -0.859704 0 0.510793
    outer loop
      vertex 104.581 68.5 13.7778
      vertex 104.646 75.5 13.8872
      vertex 104.581 75.5 13.7778
    endloop
  endfacet
  facet normal -0.859704 0 0.510793
    outer loop
      vertex 104.646 75.5 13.8872
      vertex 104.581 68.5 13.7778
      vertex 104.646 68.5 13.8872
    endloop
  endfacet
  facet normal 0.145673 0 -0.989333
    outer loop
      vertex 103.246 68.5 15.775
      vertex 103.373 75.5 15.7937
      vertex 103.373 68.5 15.7937
    endloop
  endfacet
  facet normal 0.145673 0 -0.989333
    outer loop
      vertex 103.373 75.5 15.7937
      vertex 103.246 68.5 15.775
      vertex 103.246 75.5 15.775
    endloop
  endfacet
  facet normal 0.0495454 0 0.998772
    outer loop
      vertex 103.373 75.5 13.2063
      vertex 103.5 68.5 13.2
      vertex 103.5 75.5 13.2
    endloop
  endfacet
  facet normal 0.0495454 0 0.998772
    outer loop
      vertex 103.5 68.5 13.2
      vertex 103.373 75.5 13.2063
      vertex 103.373 68.5 13.2063
    endloop
  endfacet
  facet normal 0.515651 0 0.856799
    outer loop
      vertex 102.778 75.5 13.4191
      vertex 102.887 68.5 13.3535
      vertex 102.887 75.5 13.3535
    endloop
  endfacet
  facet normal 0.515651 0 0.856799
    outer loop
      vertex 102.887 68.5 13.3535
      vertex 102.778 75.5 13.4191
      vertex 102.778 68.5 13.4191
    endloop
  endfacet
  facet normal 0.941476 0 -0.337081
    outer loop
      vertex 102.299 68.5 14.9975
      vertex 102.256 75.5 14.8774
      vertex 102.299 75.5 14.9975
    endloop
  endfacet
  facet normal 0.941476 0 -0.337081
    outer loop
      vertex 102.256 75.5 14.8774
      vertex 102.299 68.5 14.9975
      vertex 102.256 68.5 14.8774
    endloop
  endfacet
  facet normal 0.739586 -0 0.673062
    outer loop
      vertex 102.495 68.5 13.6753
      vertex 102.581 75.5 13.5808
      vertex 102.495 75.5 13.6753
    endloop
  endfacet
  facet normal 0.739586 0 0.673062
    outer loop
      vertex 102.581 75.5 13.5808
      vertex 102.495 68.5 13.6753
      vertex 102.581 68.5 13.5808
    endloop
  endfacet
  facet normal 0.33733 0 -0.941386
    outer loop
      vertex 103.003 68.5 15.701
      vertex 103.123 75.5 15.744
      vertex 103.123 68.5 15.744
    endloop
  endfacet
  facet normal 0.33733 0 -0.941386
    outer loop
      vertex 103.123 75.5 15.744
      vertex 103.003 68.5 15.701
      vertex 103.003 75.5 15.701
    endloop
  endfacet
  facet normal 0.425233 0 -0.905084
    outer loop
      vertex 102.887 68.5 15.6465
      vertex 103.003 75.5 15.701
      vertex 103.003 68.5 15.701
    endloop
  endfacet
  facet normal 0.425233 0 -0.905084
    outer loop
      vertex 103.003 75.5 15.701
      vertex 102.887 68.5 15.6465
      vertex 102.887 75.5 15.6465
    endloop
  endfacet
  facet normal -0.24439 0 0.969677
    outer loop
      vertex 103.754 75.5 13.225
      vertex 103.877 68.5 13.256
      vertex 103.877 75.5 13.256
    endloop
  endfacet
  facet normal -0.24439 0 0.969677
    outer loop
      vertex 103.877 68.5 13.256
      vertex 103.754 75.5 13.225
      vertex 103.754 68.5 13.225
    endloop
  endfacet
  facet normal -0.145673 0 0.989333
    outer loop
      vertex 103.627 75.5 13.2063
      vertex 103.754 68.5 13.225
      vertex 103.754 75.5 13.225
    endloop
  endfacet
  facet normal -0.145673 0 0.989333
    outer loop
      vertex 103.754 68.5 13.225
      vertex 103.627 75.5 13.2063
      vertex 103.627 68.5 13.2063
    endloop
  endfacet
  facet normal -0.673729 0 -0.738979
    outer loop
      vertex 104.325 68.5 15.5049
      vertex 104.419 75.5 15.4192
      vertex 104.419 68.5 15.4192
    endloop
  endfacet
  facet normal -0.673729 0 -0.738979
    outer loop
      vertex 104.419 75.5 15.4192
      vertex 104.325 68.5 15.5049
      vertex 104.325 75.5 15.5049
    endloop
  endfacet
  facet normal 0.515651 0 -0.856799
    outer loop
      vertex 102.778 68.5 15.5809
      vertex 102.887 75.5 15.6465
      vertex 102.887 68.5 15.6465
    endloop
  endfacet
  facet normal 0.515651 0 -0.856799
    outer loop
      vertex 102.887 75.5 15.6465
      vertex 102.778 68.5 15.5809
      vertex 102.778 75.5 15.5809
    endloop
  endfacet
  facet normal 0.988856 -0 0.148877
    outer loop
      vertex 102.206 68.5 14.3726
      vertex 102.225 75.5 14.2464
      vertex 102.206 75.5 14.3726
    endloop
  endfacet
  facet normal 0.988856 0 0.148877
    outer loop
      vertex 102.225 75.5 14.2464
      vertex 102.206 68.5 14.3726
      vertex 102.225 68.5 14.2464
    endloop
  endfacet
  facet normal 0.739586 0 -0.673062
    outer loop
      vertex 102.581 68.5 15.4192
      vertex 102.495 75.5 15.3247
      vertex 102.581 75.5 15.4192
    endloop
  endfacet
  facet normal 0.739586 0 -0.673062
    outer loop
      vertex 102.495 75.5 15.3247
      vertex 102.581 68.5 15.4192
      vertex 102.495 68.5 15.3247
    endloop
  endfacet
  facet normal 0.593732 0 -0.804663
    outer loop
      vertex 102.675 68.5 15.5049
      vertex 102.778 75.5 15.5809
      vertex 102.778 68.5 15.5809
    endloop
  endfacet
  facet normal 0.593732 0 -0.804663
    outer loop
      vertex 102.778 75.5 15.5809
      vertex 102.675 68.5 15.5049
      vertex 102.675 75.5 15.5049
    endloop
  endfacet
  facet normal 0.988856 0 -0.148877
    outer loop
      vertex 102.225 68.5 14.7536
      vertex 102.206 75.5 14.6274
      vertex 102.225 75.5 14.7536
    endloop
  endfacet
  facet normal 0.988856 0 -0.148877
    outer loop
      vertex 102.206 75.5 14.6274
      vertex 102.225 68.5 14.7536
      vertex 102.206 68.5 14.6274
    endloop
  endfacet
  facet normal -0.739586 0 -0.673062
    outer loop
      vertex 104.505 68.5 15.3247
      vertex 104.419 75.5 15.4192
      vertex 104.505 75.5 15.3247
    endloop
  endfacet
  facet normal -0.739586 -0 -0.673062
    outer loop
      vertex 104.419 75.5 15.4192
      vertex 104.505 68.5 15.3247
      vertex 104.419 68.5 15.4192
    endloop
  endfacet
  facet normal 0.803279 0 -0.595602
    outer loop
      vertex 102.495 68.5 15.3247
      vertex 102.419 75.5 15.2222
      vertex 102.495 75.5 15.3247
    endloop
  endfacet
  facet normal 0.803279 0 -0.595602
    outer loop
      vertex 102.419 75.5 15.2222
      vertex 102.495 68.5 15.3247
      vertex 102.419 68.5 15.2222
    endloop
  endfacet
  facet normal 0.998893 -0 0.0470436
    outer loop
      vertex 102.2 68.5 14.5
      vertex 102.206 75.5 14.3726
      vertex 102.2 75.5 14.5
    endloop
  endfacet
  facet normal 0.998893 0 0.0470436
    outer loop
      vertex 102.206 75.5 14.3726
      vertex 102.2 68.5 14.5
      vertex 102.206 68.5 14.3726
    endloop
  endfacet
  facet normal 0.998893 0 -0.0470436
    outer loop
      vertex 102.206 68.5 14.6274
      vertex 102.2 75.5 14.5
      vertex 102.206 75.5 14.6274
    endloop
  endfacet
  facet normal 0.998893 0 -0.0470436
    outer loop
      vertex 102.2 75.5 14.5
      vertex 102.206 68.5 14.6274
      vertex 102.2 68.5 14.5
    endloop
  endfacet
  facet normal -1 0 0
    outer loop
      vertex 127.2 48.5 4
      vertex 127.2 75.5 14.4
      vertex 127.2 75.5 4
    endloop
  endfacet
  facet normal -1 -0 0
    outer loop
      vertex 127.2 75.5 14.4
      vertex 127.2 48.5 4
      vertex 127.2 48.5 14.4
    endloop
  endfacet
  facet normal 0 0 -1
    outer loop
      vertex 114.8 48.5 14.4
      vertex 127.2 75.5 14.4
      vertex 127.2 48.5 14.4
    endloop
  endfacet
  facet normal -0 0 -1
    outer loop
      vertex 127.2 75.5 14.4
      vertex 114.8 48.5 14.4
      vertex 114.8 75.5 14.4
    endloop
  endfacet
  facet normal -0 0 1
    outer loop
      vertex 114.8 75.5 4
      vertex 127.2 48.5 4
      vertex 127.2 75.5 4
    endloop
  endfacet
  facet normal 0 0 1
    outer loop
      vertex 127.2 48.5 4
      vertex 114.8 75.5 4
      vertex 114.8 48.5 4
    endloop
  endfacet
  facet normal 1 -0 0
    outer loop
      vertex 114.8 48.5 14.4
      vertex 114.8 75.5 4
      vertex 114.8 75.5 14.4
    endloop
  endfacet
  facet normal 1 0 0
    outer loop
      vertex 114.8 75.5 4
      vertex 114.8 48.5 14.4
      vertex 114.8 48.5 4
    endloop
  endfacet
  facet normal -1 0 0
    outer loop
      vertex 100.7 48.5 9.3
      vertex 100.7 75.5 19
      vertex 100.7 75.5 9.3
    endloop
  endfacet
  facet normal -1 -0 0
    outer loop
      vertex 100.7 75.5 19
      vertex 100.7 48.5 9.3
      vertex 100.7 48.5 19
    endloop
  endfacet
  facet normal -0 0 1
    outer loop
      vertex 88.3 75.5 9.3
      vertex 100.7 48.5 9.3
      vertex 100.7 75.5 9.3
    endloop
  endfacet
  facet normal 0 0 1
    outer loop
      vertex 100.7 48.5 9.3
      vertex 88.3 75.5 9.3
      vertex 88.3 48.5 9.3
    endloop
  endfacet
  facet normal 1 -0 0
    outer loop
      vertex 88.3 48.5 19
      vertex 88.3 75.5 9.3
      vertex 88.3 75.5 19
    endloop
  endfacet
  facet normal 1 0 0
    outer loop
      vertex 88.3 75.5 9.3
      vertex 88.3 48.5 19
      vertex 88.3 48.5 9.3
    endloop
  endfacet
  facet normal 0.902418 -0.430863 0
    outer loop
      vertex 107.429 52.1506 19
      vertex 107.501 52.3014 0
      vertex 107.501 52.3014 19
    endloop
  endfacet
  facet normal 0.902418 -0.430863 0
    outer loop
      vertex 107.501 52.3014 0
      vertex 107.429 52.1506 19
      vertex 107.429 52.1506 0
    endloop
  endfacet
  facet normal -0.988729 -0.149717 0
    outer loop
      vertex 110.692 51.6666 0
      vertex 110.667 51.8317 19
      vertex 110.667 51.8317 0
    endloop
  endfacet
  facet normal -0.988729 -0.149717 0
    outer loop
      vertex 110.667 51.8317 19
      vertex 110.692 51.6666 0
      vertex 110.692 51.6666 19
    endloop
  endfacet
  facet normal -0.998849 -0.0479639 0
    outer loop
      vertex 110.7 51.5 0
      vertex 110.692 51.6666 19
      vertex 110.692 51.6666 0
    endloop
  endfacet
  facet normal -0.998849 -0.0479639 0
    outer loop
      vertex 110.692 51.6666 19
      vertex 110.7 51.5 0
      vertex 110.7 51.5 19
    endloop
  endfacet
  facet normal -0.970774 -0.239994 0
    outer loop
      vertex 110.667 51.8317 0
      vertex 110.627 51.9935 19
      vertex 110.627 51.9935 0
    endloop
  endfacet
  facet normal -0.970774 -0.239994 0
    outer loop
      vertex 110.627 51.9935 19
      vertex 110.667 51.8317 0
      vertex 110.667 51.8317 19
    endloop
  endfacet
  facet normal -0.146875 -0.989155 0
    outer loop
      vertex 109.167 53.1918 0
      vertex 109.332 53.1673 19
      vertex 109.167 53.1918 19
    endloop
  endfacet
  facet normal -0.146875 -0.989155 -0
    outer loop
      vertex 109.332 53.1673 19
      vertex 109.167 53.1918 0
      vertex 109.332 53.1673 0
    endloop
  endfacet
  facet normal 0.146875 -0.989155 0
    outer loop
      vertex 108.668 53.1673 0
      vertex 108.833 53.1918 19
      vertex 108.668 53.1673 19
    endloop
  endfacet
  facet normal 0.146875 -0.989155 0
    outer loop
      vertex 108.833 53.1918 19
      vertex 108.668 53.1673 0
      vertex 108.833 53.1918 0
    endloop
  endfacet
  facet normal -0.804301 -0.594222 0
    outer loop
      vertex 110.413 52.4445 0
      vertex 110.314 52.5785 19
      vertex 110.314 52.5785 0
    endloop
  endfacet
  facet normal -0.804301 -0.594222 0
    outer loop
      vertex 110.314 52.5785 19
      vertex 110.413 52.4445 0
      vertex 110.413 52.4445 19
    endloop
  endfacet
  facet normal -0.514496 0.857493 0
    outer loop
      vertex 109.944 50.0865 0
      vertex 109.801 50.0007 19
      vertex 109.944 50.0865 19
    endloop
  endfacet
  facet normal -0.514496 0.857493 0
    outer loop
      vertex 109.801 50.0007 19
      vertex 109.944 50.0865 0
      vertex 109.801 50.0007 0
    endloop
  endfacet
  facet normal -0.595772 -0.803154 0
    outer loop
      vertex 109.944 52.9135 0
      vertex 110.078 52.8141 19
      vertex 109.944 52.9135 19
    endloop
  endfacet
  facet normal -0.595772 -0.803154 -0
    outer loop
      vertex 110.078 52.8141 19
      vertex 109.944 52.9135 0
      vertex 110.078 52.8141 0
    endloop
  endfacet
  facet normal -0.998849 0.0479639 0
    outer loop
      vertex 110.692 51.3334 0
      vertex 110.7 51.5 19
      vertex 110.7 51.5 0
    endloop
  endfacet
  facet normal -0.998849 0.0479639 0
    outer loop
      vertex 110.7 51.5 19
      vertex 110.692 51.3334 0
      vertex 110.692 51.3334 19
    endloop
  endfacet
  facet normal 0.243953 -0.969787 0
    outer loop
      vertex 108.507 53.1268 0
      vertex 108.668 53.1673 19
      vertex 108.507 53.1268 19
    endloop
  endfacet
  facet normal 0.243953 -0.969787 0
    outer loop
      vertex 108.668 53.1673 19
      vertex 108.507 53.1268 0
      vertex 108.668 53.1673 0
    endloop
  endfacet
  facet normal 0.804301 -0.594222 0
    outer loop
      vertex 107.587 52.4445 19
      vertex 107.686 52.5785 0
      vertex 107.686 52.5785 19
    endloop
  endfacet
  facet normal 0.804301 -0.594222 0
    outer loop
      vertex 107.686 52.5785 0
      vertex 107.587 52.4445 19
      vertex 107.587 52.4445 0
    endloop
  endfacet
  facet normal 0.429302 0.903161 -0
    outer loop
      vertex 108.349 49.9294 0
      vertex 108.199 50.0007 19
      vertex 108.349 49.9294 19
    endloop
  endfacet
  facet normal 0.429302 0.903161 0
    outer loop
      vertex 108.199 50.0007 19
      vertex 108.349 49.9294 0
      vertex 108.199 50.0007 0
    endloop
  endfacet
  facet normal -0.429302 -0.903161 0
    outer loop
      vertex 109.651 53.0706 0
      vertex 109.801 52.9993 19
      vertex 109.651 53.0706 19
    endloop
  endfacet
  facet normal -0.429302 -0.903161 -0
    outer loop
      vertex 109.801 52.9993 19
      vertex 109.651 53.0706 0
      vertex 109.801 52.9993 0
    endloop
  endfacet
  facet normal 0.988729 0.149717 0
    outer loop
      vertex 107.333 51.1683 19
      vertex 107.308 51.3334 0
      vertex 107.308 51.3334 19
    endloop
  endfacet
  facet normal 0.988729 0.149717 0
    outer loop
      vertex 107.308 51.3334 0
      vertex 107.333 51.1683 19
      vertex 107.333 51.1683 0
    endloop
  endfacet
  facet normal -0.670286 0.742103 0
    outer loop
      vertex 110.202 50.2979 0
      vertex 110.078 50.1859 19
      vertex 110.202 50.2979 19
    endloop
  endfacet
  facet normal -0.670286 0.742103 0
    outer loop
      vertex 110.078 50.1859 19
      vertex 110.202 50.2979 0
      vertex 110.078 50.1859 0
    endloop
  endfacet
  facet normal 0.429302 -0.903161 0
    outer loop
      vertex 108.199 52.9993 0
      vertex 108.349 53.0706 19
      vertex 108.199 52.9993 19
    endloop
  endfacet
  facet normal 0.429302 -0.903161 0
    outer loop
      vertex 108.349 53.0706 19
      vertex 108.199 52.9993 0
      vertex 108.349 53.0706 0
    endloop
  endfacet
  facet normal -0.970774 0.239994 0
    outer loop
      vertex 110.627 51.0065 0
      vertex 110.667 51.1683 19
      vertex 110.667 51.1683 0
    endloop
  endfacet
  facet normal -0.970774 0.239994 0
    outer loop
      vertex 110.667 51.1683 19
      vertex 110.627 51.0065 0
      vertex 110.627 51.0065 19
    endloop
  endfacet
  facet normal -0.243953 0.969787 0
    outer loop
      vertex 109.493 49.8732 0
      vertex 109.332 49.8327 19
      vertex 109.493 49.8732 19
    endloop
  endfacet
  facet normal -0.243953 0.969787 0
    outer loop
      vertex 109.332 49.8327 19
      vertex 109.493 49.8732 0
      vertex 109.332 49.8327 0
    endloop
  endfacet
  facet normal 0.988729 -0.149717 0
    outer loop
      vertex 107.308 51.6666 19
      vertex 107.333 51.8317 0
      vertex 107.333 51.8317 19
    endloop
  endfacet
  facet normal 0.988729 -0.149717 0
    outer loop
      vertex 107.333 51.8317 0
      vertex 107.308 51.6666 19
      vertex 107.308 51.6666 0
    endloop
  endfacet
  facet normal -0.941945 -0.335767 0
    outer loop
      vertex 110.627 51.9935 0
      vertex 110.571 52.1506 19
      vertex 110.571 52.1506 0
    endloop
  endfacet
  facet normal -0.941945 -0.335767 0
    outer loop
      vertex 110.571 52.1506 19
      vertex 110.627 51.9935 0
      vertex 110.627 51.9935 19
    endloop
  endfacet
  facet normal 0.514496 0.857493 -0
    outer loop
      vertex 108.199 50.0007 0
      vertex 108.056 50.0865 19
      vertex 108.199 50.0007 19
    endloop
  endfacet
  facet normal 0.514496 0.857493 0
    outer loop
      vertex 108.056 50.0865 19
      vertex 108.199 50.0007 0
      vertex 108.056 50.0865 0
    endloop
  endfacet
  facet normal 0.970774 -0.239994 0
    outer loop
      vertex 107.333 51.8317 19
      vertex 107.373 51.9935 0
      vertex 107.373 51.9935 19
    endloop
  endfacet
  facet normal 0.970774 -0.239994 0
    outer loop
      vertex 107.373 51.9935 0
      vertex 107.333 51.8317 19
      vertex 107.333 51.8317 0
    endloop
  endfacet
  facet normal -0.804301 0.594222 0
    outer loop
      vertex 110.314 50.4215 0
      vertex 110.413 50.5555 19
      vertex 110.413 50.5555 0
    endloop
  endfacet
  facet normal -0.804301 0.594222 0
    outer loop
      vertex 110.413 50.5555 19
      vertex 110.314 50.4215 0
      vertex 110.314 50.4215 19
    endloop
  endfacet
  facet normal 0.595772 0.803154 -0
    outer loop
      vertex 108.056 50.0865 0
      vertex 107.922 50.1859 19
      vertex 108.056 50.0865 19
    endloop
  endfacet
  facet normal 0.595772 0.803154 0
    outer loop
      vertex 107.922 50.1859 19
      vertex 108.056 50.0865 0
      vertex 107.922 50.1859 0
    endloop
  endfacet
  facet normal 0.335127 0.942173 -0
    outer loop
      vertex 108.507 49.8732 0
      vertex 108.349 49.9294 19
      vertex 108.507 49.8732 19
    endloop
  endfacet
  facet normal 0.335127 0.942173 0
    outer loop
      vertex 108.349 49.9294 19
      vertex 108.507 49.8732 0
      vertex 108.349 49.9294 0
    endloop
  endfacet
  facet normal -0.335127 -0.942173 0
    outer loop
      vertex 109.493 53.1268 0
      vertex 109.651 53.0706 19
      vertex 109.493 53.1268 19
    endloop
  endfacet
  facet normal -0.335127 -0.942173 -0
    outer loop
      vertex 109.651 53.0706 19
      vertex 109.493 53.1268 0
      vertex 109.651 53.0706 0
    endloop
  endfacet
  facet normal 0.741024 0.671478 0
    outer loop
      vertex 107.798 50.2979 19
      vertex 107.686 50.4215 0
      vertex 107.686 50.4215 19
    endloop
  endfacet
  facet normal 0.741024 0.671478 0
    outer loop
      vertex 107.686 50.4215 0
      vertex 107.798 50.2979 19
      vertex 107.798 50.2979 0
    endloop
  endfacet
  facet normal -0.514496 -0.857493 0
    outer loop
      vertex 109.801 52.9993 0
      vertex 109.944 52.9135 19
      vertex 109.801 52.9993 19
    endloop
  endfacet
  facet normal -0.514496 -0.857493 -0
    outer loop
      vertex 109.944 52.9135 19
      vertex 109.801 52.9993 0
      vertex 109.944 52.9135 0
    endloop
  endfacet
  facet normal 0.335127 -0.942173 0
    outer loop
      vertex 108.349 53.0706 0
      vertex 108.507 53.1268 19
      vertex 108.349 53.0706 19
    endloop
  endfacet
  facet normal 0.335127 -0.942173 0
    outer loop
      vertex 108.507 53.1268 19
      vertex 108.349 53.0706 0
      vertex 108.507 53.1268 0
    endloop
  endfacet
  facet normal 0.902418 0.430863 0
    outer loop
      vertex 107.501 50.6986 19
      vertex 107.429 50.8494 0
      vertex 107.429 50.8494 19
    endloop
  endfacet
  facet normal 0.902418 0.430863 0
    outer loop
      vertex 107.429 50.8494 0
      vertex 107.501 50.6986 19
      vertex 107.501 50.6986 0
    endloop
  endfacet
  facet normal 0.941945 0.335767 0
    outer loop
      vertex 107.429 50.8494 19
      vertex 107.373 51.0065 0
      vertex 107.373 51.0065 19
    endloop
  endfacet
  facet normal 0.941945 0.335767 0
    outer loop
      vertex 107.373 51.0065 0
      vertex 107.429 50.8494 19
      vertex 107.429 50.8494 0
    endloop
  endfacet
  facet normal -0.902418 -0.430863 0
    outer loop
      vertex 110.571 52.1506 0
      vertex 110.499 52.3014 19
      vertex 110.499 52.3014 0
    endloop
  endfacet
  facet normal -0.902418 -0.430863 0
    outer loop
      vertex 110.499 52.3014 19
      vertex 110.571 52.1506 0
      vertex 110.571 52.1506 19
    endloop
  endfacet
  facet normal 0.970774 0.239994 0
    outer loop
      vertex 107.373 51.0065 19
      vertex 107.333 51.1683 0
      vertex 107.333 51.1683 19
    endloop
  endfacet
  facet normal 0.970774 0.239994 0
    outer loop
      vertex 107.333 51.1683 0
      vertex 107.373 51.0065 19
      vertex 107.373 51.0065 0
    endloop
  endfacet
  facet normal 0.595772 -0.803154 0
    outer loop
      vertex 107.922 52.8141 0
      vertex 108.056 52.9135 19
      vertex 107.922 52.8141 19
    endloop
  endfacet
  facet normal 0.595772 -0.803154 0
    outer loop
      vertex 108.056 52.9135 19
      vertex 107.922 52.8141 0
      vertex 108.056 52.9135 0
    endloop
  endfacet
  facet normal 0.146875 0.989155 -0
    outer loop
      vertex 108.833 49.8082 0
      vertex 108.668 49.8327 19
      vertex 108.833 49.8082 19
    endloop
  endfacet
  facet normal 0.146875 0.989155 0
    outer loop
      vertex 108.668 49.8327 19
      vertex 108.833 49.8082 0
      vertex 108.668 49.8327 0
    endloop
  endfacet
  facet normal -0.741024 0.671478 0
    outer loop
      vertex 110.202 50.2979 0
      vertex 110.314 50.4215 19
      vertex 110.314 50.4215 0
    endloop
  endfacet
  facet normal -0.741024 0.671478 0
    outer loop
      vertex 110.314 50.4215 19
      vertex 110.202 50.2979 0
      vertex 110.202 50.2979 19
    endloop
  endfacet
  facet normal -0.146875 0.989155 0
    outer loop
      vertex 109.332 49.8327 0
      vertex 109.167 49.8082 19
      vertex 109.332 49.8327 19
    endloop
  endfacet
  facet normal -0.146875 0.989155 0
    outer loop
      vertex 109.167 49.8082 19
      vertex 109.332 49.8327 0
      vertex 109.167 49.8082 0
    endloop
  endfacet
  facet normal 0.514496 -0.857493 0
    outer loop
      vertex 108.056 52.9135 0
      vertex 108.199 52.9993 19
      vertex 108.056 52.9135 19
    endloop
  endfacet
  facet normal 0.514496 -0.857493 0
    outer loop
      vertex 108.199 52.9993 19
      vertex 108.056 52.9135 0
      vertex 108.199 52.9993 0
    endloop
  endfacet
  facet normal -0.0490427 -0.998797 0
    outer loop
      vertex 109 53.2 0
      vertex 109.167 53.1918 19
      vertex 109 53.2 19
    endloop
  endfacet
  facet normal -0.0490427 -0.998797 -0
    outer loop
      vertex 109.167 53.1918 19
      vertex 109 53.2 0
      vertex 109.167 53.1918 0
    endloop
  endfacet
  facet normal -0.243953 -0.969787 0
    outer loop
      vertex 109.332 53.1673 0
      vertex 109.493 53.1268 19
      vertex 109.332 53.1673 19
    endloop
  endfacet
  facet normal -0.243953 -0.969787 -0
    outer loop
      vertex 109.493 53.1268 19
      vertex 109.332 53.1673 0
      vertex 109.493 53.1268 0
    endloop
  endfacet
  facet normal 0.941945 -0.335767 0
    outer loop
      vertex 107.373 51.9935 19
      vertex 107.429 52.1506 0
      vertex 107.429 52.1506 19
    endloop
  endfacet
  facet normal 0.941945 -0.335767 0
    outer loop
      vertex 107.429 52.1506 0
      vertex 107.373 51.9935 19
      vertex 107.373 51.9935 0
    endloop
  endfacet
  facet normal -0.670286 -0.742103 0
    outer loop
      vertex 110.078 52.8141 0
      vertex 110.202 52.7021 19
      vertex 110.078 52.8141 19
    endloop
  endfacet
  facet normal -0.670286 -0.742103 -0
    outer loop
      vertex 110.202 52.7021 19
      vertex 110.078 52.8141 0
      vertex 110.202 52.7021 0
    endloop
  endfacet
  facet normal 0.0490427 -0.998797 0
    outer loop
      vertex 108.833 53.1918 0
      vertex 109 53.2 19
      vertex 108.833 53.1918 19
    endloop
  endfacet
  facet normal 0.0490427 -0.998797 0
    outer loop
      vertex 109 53.2 19
      vertex 108.833 53.1918 0
      vertex 109 53.2 0
    endloop
  endfacet
  facet normal -0.429302 0.903161 0
    outer loop
      vertex 109.801 50.0007 0
      vertex 109.651 49.9294 19
      vertex 109.801 50.0007 19
    endloop
  endfacet
  facet normal -0.429302 0.903161 0
    outer loop
      vertex 109.651 49.9294 19
      vertex 109.801 50.0007 0
      vertex 109.651 49.9294 0
    endloop
  endfacet
  facet normal -0.988729 0.149717 0
    outer loop
      vertex 110.667 51.1683 0
      vertex 110.692 51.3334 19
      vertex 110.692 51.3334 0
    endloop
  endfacet
  facet normal -0.988729 0.149717 0
    outer loop
      vertex 110.692 51.3334 19
      vertex 110.667 51.1683 0
      vertex 110.667 51.1683 19
    endloop
  endfacet
  facet normal -0.857123 -0.515112 0
    outer loop
      vertex 110.499 52.3014 0
      vertex 110.413 52.4445 19
      vertex 110.413 52.4445 0
    endloop
  endfacet
  facet normal -0.857123 -0.515112 0
    outer loop
      vertex 110.413 52.4445 19
      vertex 110.499 52.3014 0
      vertex 110.499 52.3014 19
    endloop
  endfacet
  facet normal 0.0490427 0.998797 -0
    outer loop
      vertex 109 49.8 0
      vertex 108.833 49.8082 19
      vertex 109 49.8 19
    endloop
  endfacet
  facet normal 0.0490427 0.998797 0
    outer loop
      vertex 108.833 49.8082 19
      vertex 109 49.8 0
      vertex 108.833 49.8082 0
    endloop
  endfacet
  facet normal 0.670286 -0.742103 0
    outer loop
      vertex 107.798 52.7021 0
      vertex 107.922 52.8141 19
      vertex 107.798 52.7021 19
    endloop
  endfacet
  facet normal 0.670286 -0.742103 0
    outer loop
      vertex 107.922 52.8141 19
      vertex 107.798 52.7021 0
      vertex 107.922 52.8141 0
    endloop
  endfacet
  facet normal 0.741024 -0.671478 0
    outer loop
      vertex 107.686 52.5785 19
      vertex 107.798 52.7021 0
      vertex 107.798 52.7021 19
    endloop
  endfacet
  facet normal 0.741024 -0.671478 0
    outer loop
      vertex 107.798 52.7021 0
      vertex 107.686 52.5785 19
      vertex 107.686 52.5785 0
    endloop
  endfacet
  facet normal -0.902418 0.430863 0
    outer loop
      vertex 110.499 50.6986 0
      vertex 110.571 50.8494 19
      vertex 110.571 50.8494 0
    endloop
  endfacet
  facet normal -0.902418 0.430863 0
    outer loop
      vertex 110.571 50.8494 19
      vertex 110.499 50.6986 0
      vertex 110.499 50.6986 19
    endloop
  endfacet
  facet normal -0.0490427 0.998797 0
    outer loop
      vertex 109.167 49.8082 0
      vertex 109 49.8 19
      vertex 109.167 49.8082 19
    endloop
  endfacet
  facet normal -0.0490427 0.998797 0
    outer loop
      vertex 109 49.8 19
      vertex 109.167 49.8082 0
      vertex 109 49.8 0
    endloop
  endfacet
  facet normal 0.670286 0.742103 -0
    outer loop
      vertex 107.922 50.1859 0
      vertex 107.798 50.2979 19
      vertex 107.922 50.1859 19
    endloop
  endfacet
  facet normal 0.670286 0.742103 0
    outer loop
      vertex 107.798 50.2979 19
      vertex 107.922 50.1859 0
      vertex 107.798 50.2979 0
    endloop
  endfacet
  facet normal -0.941945 0.335767 0
    outer loop
      vertex 110.571 50.8494 0
      vertex 110.627 51.0065 19
      vertex 110.627 51.0065 0
    endloop
  endfacet
  facet normal -0.941945 0.335767 0
    outer loop
      vertex 110.627 51.0065 19
      vertex 110.571 50.8494 0
      vertex 110.571 50.8494 19
    endloop
  endfacet
  facet normal -0.741024 -0.671478 0
    outer loop
      vertex 110.314 52.5785 0
      vertex 110.202 52.7021 19
      vertex 110.202 52.7021 0
    endloop
  endfacet
  facet normal -0.741024 -0.671478 0
    outer loop
      vertex 110.202 52.7021 19
      vertex 110.314 52.5785 0
      vertex 110.314 52.5785 19
    endloop
  endfacet
  facet normal 0.243953 0.969787 -0
    outer loop
      vertex 108.668 49.8327 0
      vertex 108.507 49.8732 19
      vertex 108.668 49.8327 19
    endloop
  endfacet
  facet normal 0.243953 0.969787 0
    outer loop
      vertex 108.507 49.8732 19
      vertex 108.668 49.8327 0
      vertex 108.507 49.8732 0
    endloop
  endfacet
  facet normal -0.595772 0.803154 0
    outer loop
      vertex 110.078 50.1859 0
      vertex 109.944 50.0865 19
      vertex 110.078 50.1859 19
    endloop
  endfacet
  facet normal -0.595772 0.803154 0
    outer loop
      vertex 109.944 50.0865 19
      vertex 110.078 50.1859 0
      vertex 109.944 50.0865 0
    endloop
  endfacet
  facet normal -0.857123 0.515112 0
    outer loop
      vertex 110.413 50.5555 0
      vertex 110.499 50.6986 19
      vertex 110.499 50.6986 0
    endloop
  endfacet
  facet normal -0.857123 0.515112 0
    outer loop
      vertex 110.499 50.6986 19
      vertex 110.413 50.5555 0
      vertex 110.413 50.5555 19
    endloop
  endfacet
  facet normal 0.804301 0.594222 0
    outer loop
      vertex 107.686 50.4215 19
      vertex 107.587 50.5555 0
      vertex 107.587 50.5555 19
    endloop
  endfacet
  facet normal 0.804301 0.594222 0
    outer loop
      vertex 107.587 50.5555 0
      vertex 107.686 50.4215 19
      vertex 107.686 50.4215 0
    endloop
  endfacet
  facet normal 0.857123 -0.515112 0
    outer loop
      vertex 107.501 52.3014 19
      vertex 107.587 52.4445 0
      vertex 107.587 52.4445 19
    endloop
  endfacet
  facet normal 0.857123 -0.515112 0
    outer loop
      vertex 107.587 52.4445 0
      vertex 107.501 52.3014 19
      vertex 107.501 52.3014 0
    endloop
  endfacet
  facet normal -0.335127 0.942173 0
    outer loop
      vertex 109.651 49.9294 0
      vertex 109.493 49.8732 19
      vertex 109.651 49.9294 19
    endloop
  endfacet
  facet normal -0.335127 0.942173 0
    outer loop
      vertex 109.493 49.8732 19
      vertex 109.651 49.9294 0
      vertex 109.493 49.8732 0
    endloop
  endfacet
  facet normal 0.857123 0.515112 0
    outer loop
      vertex 107.587 50.5555 19
      vertex 107.501 50.6986 0
      vertex 107.501 50.6986 19
    endloop
  endfacet
  facet normal 0.857123 0.515112 0
    outer loop
      vertex 107.501 50.6986 0
      vertex 107.587 50.5555 19
      vertex 107.587 50.5555 0
    endloop
  endfacet
  facet normal 0.998849 -0.0479639 0
    outer loop
      vertex 107.3 51.5 19
      vertex 107.308 51.6666 0
      vertex 107.308 51.6666 19
    endloop
  endfacet
  facet normal 0.998849 -0.0479639 0
    outer loop
      vertex 107.308 51.6666 0
      vertex 107.3 51.5 19
      vertex 107.3 51.5 0
    endloop
  endfacet
  facet normal 0.998849 0.0479639 0
    outer loop
      vertex 107.308 51.3334 19
      vertex 107.3 51.5 0
      vertex 107.3 51.5 19
    endloop
  endfacet
  facet normal 0.998849 0.0479639 0
    outer loop
      vertex 107.3 51.5 0
      vertex 107.308 51.3334 19
      vertex 107.308 51.3334 0
    endloop
  endfacet
  facet normal 0.902418 -0.430863 0
    outer loop
      vertex 131.429 52.1506 19
      vertex 131.501 52.3014 0
      vertex 131.501 52.3014 19
    endloop
  endfacet
  facet normal 0.902418 -0.430863 0
    outer loop
      vertex 131.501 52.3014 0
      vertex 131.429 52.1506 19
      vertex 131.429 52.1506 0
    endloop
  endfacet
  facet normal -0.988729 -0.149717 0
    outer loop
      vertex 134.692 51.6666 0
      vertex 134.667 51.8317 19
      vertex 134.667 51.8317 0
    endloop
  endfacet
  facet normal -0.988729 -0.149717 0
    outer loop
      vertex 134.667 51.8317 19
      vertex 134.692 51.6666 0
      vertex 134.692 51.6666 19
    endloop
  endfacet
  facet normal -0.998849 -0.0479639 0
    outer loop
      vertex 134.7 51.5 0
      vertex 134.692 51.6666 19
      vertex 134.692 51.6666 0
    endloop
  endfacet
  facet normal -0.998849 -0.0479639 0
    outer loop
      vertex 134.692 51.6666 19
      vertex 134.7 51.5 0
      vertex 134.7 51.5 19
    endloop
  endfacet
  facet normal -0.970774 -0.239994 0
    outer loop
      vertex 134.667 51.8317 0
      vertex 134.627 51.9935 19
      vertex 134.627 51.9935 0
    endloop
  endfacet
  facet normal -0.970774 -0.239994 0
    outer loop
      vertex 134.627 51.9935 19
      vertex 134.667 51.8317 0
      vertex 134.667 51.8317 19
    endloop
  endfacet
  facet normal -0.146875 -0.989155 0
    outer loop
      vertex 133.167 53.1918 0
      vertex 133.332 53.1673 19
      vertex 133.167 53.1918 19
    endloop
  endfacet
  facet normal -0.146875 -0.989155 -0
    outer loop
      vertex 133.332 53.1673 19
      vertex 133.167 53.1918 0
      vertex 133.332 53.1673 0
    endloop
  endfacet
  facet normal 0.146875 -0.989155 0
    outer loop
      vertex 132.668 53.1673 0
      vertex 132.833 53.1918 19
      vertex 132.668 53.1673 19
    endloop
  endfacet
  facet normal 0.146875 -0.989155 0
    outer loop
      vertex 132.833 53.1918 19
      vertex 132.668 53.1673 0
      vertex 132.833 53.1918 0
    endloop
  endfacet
  facet normal -0.804301 -0.594222 0
    outer loop
      vertex 134.413 52.4445 0
      vertex 134.314 52.5785 19
      vertex 134.314 52.5785 0
    endloop
  endfacet
  facet normal -0.804301 -0.594222 0
    outer loop
      vertex 134.314 52.5785 19
      vertex 134.413 52.4445 0
      vertex 134.413 52.4445 19
    endloop
  endfacet
  facet normal -0.514496 0.857493 0
    outer loop
      vertex 133.944 50.0865 0
      vertex 133.801 50.0007 19
      vertex 133.944 50.0865 19
    endloop
  endfacet
  facet normal -0.514496 0.857493 0
    outer loop
      vertex 133.801 50.0007 19
      vertex 133.944 50.0865 0
      vertex 133.801 50.0007 0
    endloop
  endfacet
  facet normal -0.595772 -0.803154 0
    outer loop
      vertex 133.944 52.9135 0
      vertex 134.078 52.8141 19
      vertex 133.944 52.9135 19
    endloop
  endfacet
  facet normal -0.595772 -0.803154 -0
    outer loop
      vertex 134.078 52.8141 19
      vertex 133.944 52.9135 0
      vertex 134.078 52.8141 0
    endloop
  endfacet
  facet normal -0.998849 0.0479639 0
    outer loop
      vertex 134.692 51.3334 0
      vertex 134.7 51.5 19
      vertex 134.7 51.5 0
    endloop
  endfacet
  facet normal -0.998849 0.0479639 0
    outer loop
      vertex 134.7 51.5 19
      vertex 134.692 51.3334 0
      vertex 134.692 51.3334 19
    endloop
  endfacet
  facet normal 0.243953 -0.969787 0
    outer loop
      vertex 132.507 53.1268 0
      vertex 132.668 53.1673 19
      vertex 132.507 53.1268 19
    endloop
  endfacet
  facet normal 0.243953 -0.969787 0
    outer loop
      vertex 132.668 53.1673 19
      vertex 132.507 53.1268 0
      vertex 132.668 53.1673 0
    endloop
  endfacet
  facet normal 0.804301 -0.594222 0
    outer loop
      vertex 131.587 52.4445 19
      vertex 131.686 52.5785 0
      vertex 131.686 52.5785 19
    endloop
  endfacet
  facet normal 0.804301 -0.594222 0
    outer loop
      vertex 131.686 52.5785 0
      vertex 131.587 52.4445 19
      vertex 131.587 52.4445 0
    endloop
  endfacet
  facet normal 0.429302 0.903161 -0
    outer loop
      vertex 132.349 49.9294 0
      vertex 132.199 50.0007 19
      vertex 132.349 49.9294 19
    endloop
  endfacet
  facet normal 0.429302 0.903161 0
    outer loop
      vertex 132.199 50.0007 19
      vertex 132.349 49.9294 0
      vertex 132.199 50.0007 0
    endloop
  endfacet
  facet normal -0.429302 -0.903161 0
    outer loop
      vertex 133.651 53.0706 0
      vertex 133.801 52.9993 19
      vertex 133.651 53.0706 19
    endloop
  endfacet
  facet normal -0.429302 -0.903161 -0
    outer loop
      vertex 133.801 52.9993 19
      vertex 133.651 53.0706 0
      vertex 133.801 52.9993 0
    endloop
  endfacet
  facet normal 0.988729 0.149717 0
    outer loop
      vertex 131.333 51.1683 19
      vertex 131.308 51.3334 0
      vertex 131.308 51.3334 19
    endloop
  endfacet
  facet normal 0.988729 0.149717 0
    outer loop
      vertex 131.308 51.3334 0
      vertex 131.333 51.1683 19
      vertex 131.333 51.1683 0
    endloop
  endfacet
  facet normal -0.670286 0.742103 0
    outer loop
      vertex 134.202 50.2979 0
      vertex 134.078 50.1859 19
      vertex 134.202 50.2979 19
    endloop
  endfacet
  facet normal -0.670286 0.742103 0
    outer loop
      vertex 134.078 50.1859 19
      vertex 134.202 50.2979 0
      vertex 134.078 50.1859 0
    endloop
  endfacet
  facet normal 0.429302 -0.903161 0
    outer loop
      vertex 132.199 52.9993 0
      vertex 132.349 53.0706 19
      vertex 132.199 52.9993 19
    endloop
  endfacet
  facet normal 0.429302 -0.903161 0
    outer loop
      vertex 132.349 53.0706 19
      vertex 132.199 52.9993 0
      vertex 132.349 53.0706 0
    endloop
  endfacet
  facet normal -0.970774 0.239994 0
    outer loop
      vertex 134.627 51.0065 0
      vertex 134.667 51.1683 19
      vertex 134.667 51.1683 0
    endloop
  endfacet
  facet normal -0.970774 0.239994 0
    outer loop
      vertex 134.667 51.1683 19
      vertex 134.627 51.0065 0
      vertex 134.627 51.0065 19
    endloop
  endfacet
  facet normal -0.243953 0.969787 0
    outer loop
      vertex 133.493 49.8732 0
      vertex 133.332 49.8327 19
      vertex 133.493 49.8732 19
    endloop
  endfacet
  facet normal -0.243953 0.969787 0
    outer loop
      vertex 133.332 49.8327 19
      vertex 133.493 49.8732 0
      vertex 133.332 49.8327 0
    endloop
  endfacet
  facet normal 0.988729 -0.149717 0
    outer loop
      vertex 131.308 51.6666 19
      vertex 131.333 51.8317 0
      vertex 131.333 51.8317 19
    endloop
  endfacet
  facet normal 0.988729 -0.149717 0
    outer loop
      vertex 131.333 51.8317 0
      vertex 131.308 51.6666 19
      vertex 131.308 51.6666 0
    endloop
  endfacet
  facet normal 0.514496 0.857493 -0
    outer loop
      vertex 132.199 50.0007 0
      vertex 132.056 50.0865 19
      vertex 132.199 50.0007 19
    endloop
  endfacet
  facet normal 0.514496 0.857493 0
    outer loop
      vertex 132.056 50.0865 19
      vertex 132.199 50.0007 0
      vertex 132.056 50.0865 0
    endloop
  endfacet
  facet normal 0.970774 -0.239994 0
    outer loop
      vertex 131.333 51.8317 19
      vertex 131.373 51.9935 0
      vertex 131.373 51.9935 19
    endloop
  endfacet
  facet normal 0.970774 -0.239994 0
    outer loop
      vertex 131.373 51.9935 0
      vertex 131.333 51.8317 19
      vertex 131.333 51.8317 0
    endloop
  endfacet
  facet normal -0.804301 0.594222 0
    outer loop
      vertex 134.314 50.4215 0
      vertex 134.413 50.5555 19
      vertex 134.413 50.5555 0
    endloop
  endfacet
  facet normal -0.804301 0.594222 0
    outer loop
      vertex 134.413 50.5555 19
      vertex 134.314 50.4215 0
      vertex 134.314 50.4215 19
    endloop
  endfacet
  facet normal 0.595772 0.803154 -0
    outer loop
      vertex 132.056 50.0865 0
      vertex 131.922 50.1859 19
      vertex 132.056 50.0865 19
    endloop
  endfacet
  facet normal 0.595772 0.803154 0
    outer loop
      vertex 131.922 50.1859 19
      vertex 132.056 50.0865 0
      vertex 131.922 50.1859 0
    endloop
  endfacet
  facet normal 0.335127 0.942173 -0
    outer loop
      vertex 132.507 49.8732 0
      vertex 132.349 49.9294 19
      vertex 132.507 49.8732 19
    endloop
  endfacet
  facet normal 0.335127 0.942173 0
    outer loop
      vertex 132.349 49.9294 19
      vertex 132.507 49.8732 0
      vertex 132.349 49.9294 0
    endloop
  endfacet
  facet normal -0.335127 -0.942173 0
    outer loop
      vertex 133.493 53.1268 0
      vertex 133.651 53.0706 19
      vertex 133.493 53.1268 19
    endloop
  endfacet
  facet normal -0.335127 -0.942173 -0
    outer loop
      vertex 133.651 53.0706 19
      vertex 133.493 53.1268 0
      vertex 133.651 53.0706 0
    endloop
  endfacet
  facet normal 0.741024 0.671478 0
    outer loop
      vertex 131.798 50.2979 19
      vertex 131.686 50.4215 0
      vertex 131.686 50.4215 19
    endloop
  endfacet
  facet normal 0.741024 0.671478 0
    outer loop
      vertex 131.686 50.4215 0
      vertex 131.798 50.2979 19
      vertex 131.798 50.2979 0
    endloop
  endfacet
  facet normal -0.514496 -0.857493 0
    outer loop
      vertex 133.801 52.9993 0
      vertex 133.944 52.9135 19
      vertex 133.801 52.9993 19
    endloop
  endfacet
  facet normal -0.514496 -0.857493 -0
    outer loop
      vertex 133.944 52.9135 19
      vertex 133.801 52.9993 0
      vertex 133.944 52.9135 0
    endloop
  endfacet
  facet normal 0.335127 -0.942173 0
    outer loop
      vertex 132.349 53.0706 0
      vertex 132.507 53.1268 19
      vertex 132.349 53.0706 19
    endloop
  endfacet
  facet normal 0.335127 -0.942173 0
    outer loop
      vertex 132.507 53.1268 19
      vertex 132.349 53.0706 0
      vertex 132.507 53.1268 0
    endloop
  endfacet
  facet normal 0.902418 0.430863 0
    outer loop
      vertex 131.501 50.6986 19
      vertex 131.429 50.8494 0
      vertex 131.429 50.8494 19
    endloop
  endfacet
  facet normal 0.902418 0.430863 0
    outer loop
      vertex 131.429 50.8494 0
      vertex 131.501 50.6986 19
      vertex 131.501 50.6986 0
    endloop
  endfacet
  facet normal 0.941945 0.335767 0
    outer loop
      vertex 131.429 50.8494 19
      vertex 131.373 51.0065 0
      vertex 131.373 51.0065 19
    endloop
  endfacet
  facet normal 0.941945 0.335767 0
    outer loop
      vertex 131.373 51.0065 0
      vertex 131.429 50.8494 19
      vertex 131.429 50.8494 0
    endloop
  endfacet
  facet normal -0.902418 -0.430863 0
    outer loop
      vertex 134.571 52.1506 0
      vertex 134.499 52.3014 19
      vertex 134.499 52.3014 0
    endloop
  endfacet
  facet normal -0.902418 -0.430863 0
    outer loop
      vertex 134.499 52.3014 19
      vertex 134.571 52.1506 0
      vertex 134.571 52.1506 19
    endloop
  endfacet
  facet normal 0.970774 0.239994 0
    outer loop
      vertex 131.373 51.0065 19
      vertex 131.333 51.1683 0
      vertex 131.333 51.1683 19
    endloop
  endfacet
  facet normal 0.970774 0.239994 0
    outer loop
      vertex 131.333 51.1683 0
      vertex 131.373 51.0065 19
      vertex 131.373 51.0065 0
    endloop
  endfacet
  facet normal 0.595772 -0.803154 0
    outer loop
      vertex 131.922 52.8141 0
      vertex 132.056 52.9135 19
      vertex 131.922 52.8141 19
    endloop
  endfacet
  facet normal 0.595772 -0.803154 0
    outer loop
      vertex 132.056 52.9135 19
      vertex 131.922 52.8141 0
      vertex 132.056 52.9135 0
    endloop
  endfacet
  facet normal 0.670286 0.742103 -0
    outer loop
      vertex 131.922 50.1859 0
      vertex 131.798 50.2979 19
      vertex 131.922 50.1859 19
    endloop
  endfacet
  facet normal 0.670286 0.742103 0
    outer loop
      vertex 131.798 50.2979 19
      vertex 131.922 50.1859 0
      vertex 131.798 50.2979 0
    endloop
  endfacet
  facet normal 0.146875 0.989155 -0
    outer loop
      vertex 132.833 49.8082 0
      vertex 132.668 49.8327 19
      vertex 132.833 49.8082 19
    endloop
  endfacet
  facet normal 0.146875 0.989155 0
    outer loop
      vertex 132.668 49.8327 19
      vertex 132.833 49.8082 0
      vertex 132.668 49.8327 0
    endloop
  endfacet
  facet normal -0.741024 0.671478 0
    outer loop
      vertex 134.202 50.2979 0
      vertex 134.314 50.4215 19
      vertex 134.314 50.4215 0
    endloop
  endfacet
  facet normal -0.741024 0.671478 0
    outer loop
      vertex 134.314 50.4215 19
      vertex 134.202 50.2979 0
      vertex 134.202 50.2979 19
    endloop
  endfacet
  facet normal -0.146875 0.989155 0
    outer loop
      vertex 133.332 49.8327 0
      vertex 133.167 49.8082 19
      vertex 133.332 49.8327 19
    endloop
  endfacet
  facet normal -0.146875 0.989155 0
    outer loop
      vertex 133.167 49.8082 19
      vertex 133.332 49.8327 0
      vertex 133.167 49.8082 0
    endloop
  endfacet
  facet normal 0.514496 -0.857493 0
    outer loop
      vertex 132.056 52.9135 0
      vertex 132.199 52.9993 19
      vertex 132.056 52.9135 19
    endloop
  endfacet
  facet normal 0.514496 -0.857493 0
    outer loop
      vertex 132.199 52.9993 19
      vertex 132.056 52.9135 0
      vertex 132.199 52.9993 0
    endloop
  endfacet
  facet normal -0.0490427 -0.998797 0
    outer loop
      vertex 133 53.2 0
      vertex 133.167 53.1918 19
      vertex 133 53.2 19
    endloop
  endfacet
  facet normal -0.0490427 -0.998797 -0
    outer loop
      vertex 133.167 53.1918 19
      vertex 133 53.2 0
      vertex 133.167 53.1918 0
    endloop
  endfacet
  facet normal 0.857123 0.515112 0
    outer loop
      vertex 131.587 50.5555 19
      vertex 131.501 50.6986 0
      vertex 131.501 50.6986 19
    endloop
  endfacet
  facet normal 0.857123 0.515112 0
    outer loop
      vertex 131.501 50.6986 0
      vertex 131.587 50.5555 19
      vertex 131.587 50.5555 0
    endloop
  endfacet
  facet normal -0.941945 -0.335767 0
    outer loop
      vertex 134.627 51.9935 0
      vertex 134.571 52.1506 19
      vertex 134.571 52.1506 0
    endloop
  endfacet
  facet normal -0.941945 -0.335767 0
    outer loop
      vertex 134.571 52.1506 19
      vertex 134.627 51.9935 0
      vertex 134.627 51.9935 19
    endloop
  endfacet
  facet normal -0.243953 -0.969787 0
    outer loop
      vertex 133.332 53.1673 0
      vertex 133.493 53.1268 19
      vertex 133.332 53.1673 19
    endloop
  endfacet
  facet normal -0.243953 -0.969787 -0
    outer loop
      vertex 133.493 53.1268 19
      vertex 133.332 53.1673 0
      vertex 133.493 53.1268 0
    endloop
  endfacet
  facet normal 0.941945 -0.335767 0
    outer loop
      vertex 131.373 51.9935 19
      vertex 131.429 52.1506 0
      vertex 131.429 52.1506 19
    endloop
  endfacet
  facet normal 0.941945 -0.335767 0
    outer loop
      vertex 131.429 52.1506 0
      vertex 131.373 51.9935 19
      vertex 131.373 51.9935 0
    endloop
  endfacet
  facet normal -0.670286 -0.742103 0
    outer loop
      vertex 134.078 52.8141 0
      vertex 134.202 52.7021 19
      vertex 134.078 52.8141 19
    endloop
  endfacet
  facet normal -0.670286 -0.742103 -0
    outer loop
      vertex 134.202 52.7021 19
      vertex 134.078 52.8141 0
      vertex 134.202 52.7021 0
    endloop
  endfacet
  facet normal 0.0490427 -0.998797 0
    outer loop
      vertex 132.833 53.1918 0
      vertex 133 53.2 19
      vertex 132.833 53.1918 19
    endloop
  endfacet
  facet normal 0.0490427 -0.998797 0
    outer loop
      vertex 133 53.2 19
      vertex 132.833 53.1918 0
      vertex 133 53.2 0
    endloop
  endfacet
  facet normal -0.429302 0.903161 0
    outer loop
      vertex 133.801 50.0007 0
      vertex 133.651 49.9294 19
      vertex 133.801 50.0007 19
    endloop
  endfacet
  facet normal -0.429302 0.903161 0
    outer loop
      vertex 133.651 49.9294 19
      vertex 133.801 50.0007 0
      vertex 133.651 49.9294 0
    endloop
  endfacet
  facet normal -0.988729 0.149717 0
    outer loop
      vertex 134.667 51.1683 0
      vertex 134.692 51.3334 19
      vertex 134.692 51.3334 0
    endloop
  endfacet
  facet normal -0.988729 0.149717 0
    outer loop
      vertex 134.692 51.3334 19
      vertex 134.667 51.1683 0
      vertex 134.667 51.1683 19
    endloop
  endfacet
  facet normal -0.857123 -0.515112 0
    outer loop
      vertex 134.499 52.3014 0
      vertex 134.413 52.4445 19
      vertex 134.413 52.4445 0
    endloop
  endfacet
  facet normal -0.857123 -0.515112 0
    outer loop
      vertex 134.413 52.4445 19
      vertex 134.499 52.3014 0
      vertex 134.499 52.3014 19
    endloop
  endfacet
  facet normal 0.0490427 0.998797 -0
    outer loop
      vertex 133 49.8 0
      vertex 132.833 49.8082 19
      vertex 133 49.8 19
    endloop
  endfacet
  facet normal 0.0490427 0.998797 0
    outer loop
      vertex 132.833 49.8082 19
      vertex 133 49.8 0
      vertex 132.833 49.8082 0
    endloop
  endfacet
  facet normal 0.670286 -0.742103 0
    outer loop
      vertex 131.798 52.7021 0
      vertex 131.922 52.8141 19
      vertex 131.798 52.7021 19
    endloop
  endfacet
  facet normal 0.670286 -0.742103 0
    outer loop
      vertex 131.922 52.8141 19
      vertex 131.798 52.7021 0
      vertex 131.922 52.8141 0
    endloop
  endfacet
  facet normal 0.741024 -0.671478 0
    outer loop
      vertex 131.686 52.5785 19
      vertex 131.798 52.7021 0
      vertex 131.798 52.7021 19
    endloop
  endfacet
  facet normal 0.741024 -0.671478 0
    outer loop
      vertex 131.798 52.7021 0
      vertex 131.686 52.5785 19
      vertex 131.686 52.5785 0
    endloop
  endfacet
  facet normal -0.902418 0.430863 0
    outer loop
      vertex 134.499 50.6986 0
      vertex 134.571 50.8494 19
      vertex 134.571 50.8494 0
    endloop
  endfacet
  facet normal -0.902418 0.430863 0
    outer loop
      vertex 134.571 50.8494 19
      vertex 134.499 50.6986 0
      vertex 134.499 50.6986 19
    endloop
  endfacet
  facet normal -0.0490427 0.998797 0
    outer loop
      vertex 133.167 49.8082 0
      vertex 133 49.8 19
      vertex 133.167 49.8082 19
    endloop
  endfacet
  facet normal -0.0490427 0.998797 0
    outer loop
      vertex 133 49.8 19
      vertex 133.167 49.8082 0
      vertex 133 49.8 0
    endloop
  endfacet
  facet normal -0.941945 0.335767 0
    outer loop
      vertex 134.571 50.8494 0
      vertex 134.627 51.0065 19
      vertex 134.627 51.0065 0
    endloop
  endfacet
  facet normal -0.941945 0.335767 0
    outer loop
      vertex 134.627 51.0065 19
      vertex 134.571 50.8494 0
      vertex 134.571 50.8494 19
    endloop
  endfacet
  facet normal -0.741024 -0.671478 0
    outer loop
      vertex 134.314 52.5785 0
      vertex 134.202 52.7021 19
      vertex 134.202 52.7021 0
    endloop
  endfacet
  facet normal -0.741024 -0.671478 0
    outer loop
      vertex 134.202 52.7021 19
      vertex 134.314 52.5785 0
      vertex 134.314 52.5785 19
    endloop
  endfacet
  facet normal 0.243953 0.969787 -0
    outer loop
      vertex 132.668 49.8327 0
      vertex 132.507 49.8732 19
      vertex 132.668 49.8327 19
    endloop
  endfacet
  facet normal 0.243953 0.969787 0
    outer loop
      vertex 132.507 49.8732 19
      vertex 132.668 49.8327 0
      vertex 132.507 49.8732 0
    endloop
  endfacet
  facet normal -0.595772 0.803154 0
    outer loop
      vertex 134.078 50.1859 0
      vertex 133.944 50.0865 19
      vertex 134.078 50.1859 19
    endloop
  endfacet
  facet normal -0.595772 0.803154 0
    outer loop
      vertex 133.944 50.0865 19
      vertex 134.078 50.1859 0
      vertex 133.944 50.0865 0
    endloop
  endfacet
  facet normal -0.857123 0.515112 0
    outer loop
      vertex 134.413 50.5555 0
      vertex 134.499 50.6986 19
      vertex 134.499 50.6986 0
    endloop
  endfacet
  facet normal -0.857123 0.515112 0
    outer loop
      vertex 134.499 50.6986 19
      vertex 134.413 50.5555 0
      vertex 134.413 50.5555 19
    endloop
  endfacet
  facet normal 0.804301 0.594222 0
    outer loop
      vertex 131.686 50.4215 19
      vertex 131.587 50.5555 0
      vertex 131.587 50.5555 19
    endloop
  endfacet
  facet normal 0.804301 0.594222 0
    outer loop
      vertex 131.587 50.5555 0
      vertex 131.686 50.4215 19
      vertex 131.686 50.4215 0
    endloop
  endfacet
  facet normal 0.857123 -0.515112 0
    outer loop
      vertex 131.501 52.3014 19
      vertex 131.587 52.4445 0
      vertex 131.587 52.4445 19
    endloop
  endfacet
  facet normal 0.857123 -0.515112 0
    outer loop
      vertex 131.587 52.4445 0
      vertex 131.501 52.3014 19
      vertex 131.501 52.3014 0
    endloop
  endfacet
  facet normal -0.335127 0.942173 0
    outer loop
      vertex 133.651 49.9294 0
      vertex 133.493 49.8732 19
      vertex 133.651 49.9294 19
    endloop
  endfacet
  facet normal -0.335127 0.942173 0
    outer loop
      vertex 133.493 49.8732 19
      vertex 133.651 49.9294 0
      vertex 133.493 49.8732 0
    endloop
  endfacet
  facet normal 0.998849 -0.0479639 0
    outer loop
      vertex 131.3 51.5 19
      vertex 131.308 51.6666 0
      vertex 131.308 51.6666 19
    endloop
  endfacet
  facet normal 0.998849 -0.0479639 0
    outer loop
      vertex 131.308 51.6666 0
      vertex 131.3 51.5 19
      vertex 131.3 51.5 0
    endloop
  endfacet
  facet normal 0.998849 0.0479639 0
    outer loop
      vertex 131.308 51.3334 19
      vertex 131.3 51.5 0
      vertex 131.3 51.5 19
    endloop
  endfacet
  facet normal 0.998849 0.0479639 0
    outer loop
      vertex 131.3 51.5 0
      vertex 131.308 51.3334 19
      vertex 131.308 51.3334 0
    endloop
  endfacet
  facet normal 0.904043 -0.427442 0
    outer loop
      vertex 82.9294 52.1506 19
      vertex 83.0007 52.3014 0
      vertex 83.0007 52.3014 19
    endloop
  endfacet
  facet normal 0.904043 -0.427442 0
    outer loop
      vertex 83.0007 52.3014 0
      vertex 82.9294 52.1506 19
      vertex 82.9294 52.1506 0
    endloop
  endfacet
  facet normal -0.989168 -0.146788 0
    outer loop
      vertex 86.1918 51.6666 0
      vertex 86.1673 51.8317 19
      vertex 86.1673 51.8317 0
    endloop
  endfacet
  facet normal -0.989168 -0.146788 0
    outer loop
      vertex 86.1673 51.8317 19
      vertex 86.1918 51.6666 0
      vertex 86.1918 51.6666 19
    endloop
  endfacet
  facet normal -0.998791 -0.0491602 0
    outer loop
      vertex 86.2 51.5 0
      vertex 86.1918 51.6666 19
      vertex 86.1918 51.6666 0
    endloop
  endfacet
  facet normal -0.998791 -0.0491602 0
    outer loop
      vertex 86.1918 51.6666 19
      vertex 86.2 51.5 0
      vertex 86.2 51.5 19
    endloop
  endfacet
  facet normal -0.970072 -0.242818 0
    outer loop
      vertex 86.1673 51.8317 0
      vertex 86.1268 51.9935 19
      vertex 86.1268 51.9935 0
    endloop
  endfacet
  facet normal -0.970072 -0.242818 0
    outer loop
      vertex 86.1268 51.9935 19
      vertex 86.1673 51.8317 0
      vertex 86.1673 51.8317 19
    endloop
  endfacet
  facet normal -0.146875 -0.989155 0
    outer loop
      vertex 84.6666 53.1918 0
      vertex 84.8316 53.1673 19
      vertex 84.6666 53.1918 19
    endloop
  endfacet
  facet normal -0.146875 -0.989155 -0
    outer loop
      vertex 84.8316 53.1673 19
      vertex 84.6666 53.1918 0
      vertex 84.8316 53.1673 0
    endloop
  endfacet
  facet normal 0.146875 -0.989155 0
    outer loop
      vertex 84.1684 53.1673 0
      vertex 84.3334 53.1918 19
      vertex 84.1684 53.1673 19
    endloop
  endfacet
  facet normal 0.146875 -0.989155 0
    outer loop
      vertex 84.3334 53.1918 19
      vertex 84.1684 53.1673 0
      vertex 84.3334 53.1918 0
    endloop
  endfacet
  facet normal -0.803154 -0.595772 0
    outer loop
      vertex 85.9135 52.4445 0
      vertex 85.8141 52.5785 19
      vertex 85.8141 52.5785 0
    endloop
  endfacet
  facet normal -0.803154 -0.595772 0
    outer loop
      vertex 85.8141 52.5785 19
      vertex 85.9135 52.4445 0
      vertex 85.9135 52.4445 19
    endloop
  endfacet
  facet normal -0.514231 0.857652 0
    outer loop
      vertex 85.4445 50.0865 0
      vertex 85.3014 50.0007 19
      vertex 85.4445 50.0865 19
    endloop
  endfacet
  facet normal -0.514231 0.857652 0
    outer loop
      vertex 85.3014 50.0007 19
      vertex 85.4445 50.0865 0
      vertex 85.3014 50.0007 0
    endloop
  endfacet
  facet normal -0.595772 -0.803154 0
    outer loop
      vertex 85.4445 52.9135 0
      vertex 85.5785 52.8141 19
      vertex 85.4445 52.9135 19
    endloop
  endfacet
  facet normal -0.595772 -0.803154 -0
    outer loop
      vertex 85.5785 52.8141 19
      vertex 85.4445 52.9135 0
      vertex 85.5785 52.8141 0
    endloop
  endfacet
  facet normal -0.998791 0.0491602 0
    outer loop
      vertex 86.1918 51.3334 0
      vertex 86.2 51.5 19
      vertex 86.2 51.5 0
    endloop
  endfacet
  facet normal -0.998791 0.0491602 0
    outer loop
      vertex 86.2 51.5 19
      vertex 86.1918 51.3334 0
      vertex 86.1918 51.3334 19
    endloop
  endfacet
  facet normal 0.242677 -0.970107 0
    outer loop
      vertex 84.0065 53.1268 0
      vertex 84.1684 53.1673 19
      vertex 84.0065 53.1268 19
    endloop
  endfacet
  facet normal 0.242677 -0.970107 0
    outer loop
      vertex 84.1684 53.1673 19
      vertex 84.0065 53.1268 0
      vertex 84.1684 53.1673 0
    endloop
  endfacet
  facet normal 0.803154 -0.595772 0
    outer loop
      vertex 83.0865 52.4445 19
      vertex 83.1859 52.5785 0
      vertex 83.1859 52.5785 19
    endloop
  endfacet
  facet normal 0.803154 -0.595772 0
    outer loop
      vertex 83.1859 52.5785 0
      vertex 83.0865 52.4445 19
      vertex 83.0865 52.4445 0
    endloop
  endfacet
  facet normal 0.427442 0.904043 -0
    outer loop
      vertex 83.8494 49.9294 0
      vertex 83.6986 50.0007 19
      vertex 83.8494 49.9294 19
    endloop
  endfacet
  facet normal 0.427442 0.904043 0
    outer loop
      vertex 83.6986 50.0007 19
      vertex 83.8494 49.9294 0
      vertex 83.6986 50.0007 0
    endloop
  endfacet
  facet normal -0.427442 -0.904043 0
    outer loop
      vertex 85.1506 53.0706 0
      vertex 85.3014 52.9993 19
      vertex 85.1506 53.0706 19
    endloop
  endfacet
  facet normal -0.427442 -0.904043 -0
    outer loop
      vertex 85.3014 52.9993 19
      vertex 85.1506 53.0706 0
      vertex 85.3014 52.9993 0
    endloop
  endfacet
  facet normal 0.989168 0.146788 0
    outer loop
      vertex 82.8327 51.1683 19
      vertex 82.8082 51.3334 0
      vertex 82.8082 51.3334 19
    endloop
  endfacet
  facet normal 0.989168 0.146788 0
    outer loop
      vertex 82.8082 51.3334 0
      vertex 82.8327 51.1683 19
      vertex 82.8327 51.1683 0
    endloop
  endfacet
  facet normal -0.671478 0.741024 0
    outer loop
      vertex 85.7021 50.2979 0
      vertex 85.5785 50.1859 19
      vertex 85.7021 50.2979 19
    endloop
  endfacet
  facet normal -0.671478 0.741024 0
    outer loop
      vertex 85.5785 50.1859 19
      vertex 85.7021 50.2979 0
      vertex 85.5785 50.1859 0
    endloop
  endfacet
  facet normal 0.427442 -0.904043 0
    outer loop
      vertex 83.6986 52.9993 0
      vertex 83.8494 53.0706 19
      vertex 83.6986 52.9993 19
    endloop
  endfacet
  facet normal 0.427442 -0.904043 0
    outer loop
      vertex 83.8494 53.0706 19
      vertex 83.6986 52.9993 0
      vertex 83.8494 53.0706 0
    endloop
  endfacet
  facet normal -0.970072 0.242818 0
    outer loop
      vertex 86.1268 51.0065 0
      vertex 86.1673 51.1683 19
      vertex 86.1673 51.1683 0
    endloop
  endfacet
  facet normal -0.970072 0.242818 0
    outer loop
      vertex 86.1673 51.1683 19
      vertex 86.1268 51.0065 0
      vertex 86.1268 51.0065 19
    endloop
  endfacet
  facet normal -0.242677 0.970107 0
    outer loop
      vertex 84.9935 49.8732 0
      vertex 84.8316 49.8327 19
      vertex 84.9935 49.8732 19
    endloop
  endfacet
  facet normal -0.242677 0.970107 0
    outer loop
      vertex 84.8316 49.8327 19
      vertex 84.9935 49.8732 0
      vertex 84.8316 49.8327 0
    endloop
  endfacet
  facet normal 0.989168 -0.146788 0
    outer loop
      vertex 82.8082 51.6666 19
      vertex 82.8327 51.8317 0
      vertex 82.8327 51.8317 19
    endloop
  endfacet
  facet normal 0.989168 -0.146788 0
    outer loop
      vertex 82.8327 51.8317 0
      vertex 82.8082 51.6666 19
      vertex 82.8082 51.6666 0
    endloop
  endfacet
  facet normal -0.941566 -0.33683 0
    outer loop
      vertex 86.1268 51.9935 0
      vertex 86.0706 52.1506 19
      vertex 86.0706 52.1506 0
    endloop
  endfacet
  facet normal -0.941566 -0.33683 0
    outer loop
      vertex 86.0706 52.1506 19
      vertex 86.1268 51.9935 0
      vertex 86.1268 51.9935 19
    endloop
  endfacet
  facet normal 0.514231 0.857652 -0
    outer loop
      vertex 83.6986 50.0007 0
      vertex 83.5555 50.0865 19
      vertex 83.6986 50.0007 19
    endloop
  endfacet
  facet normal 0.514231 0.857652 0
    outer loop
      vertex 83.5555 50.0865 19
      vertex 83.6986 50.0007 0
      vertex 83.5555 50.0865 0
    endloop
  endfacet
  facet normal 0.970072 -0.242818 0
    outer loop
      vertex 82.8327 51.8317 19
      vertex 82.8732 51.9935 0
      vertex 82.8732 51.9935 19
    endloop
  endfacet
  facet normal 0.970072 -0.242818 0
    outer loop
      vertex 82.8732 51.9935 0
      vertex 82.8327 51.8317 19
      vertex 82.8327 51.8317 0
    endloop
  endfacet
  facet normal -0.803154 0.595772 0
    outer loop
      vertex 85.8141 50.4215 0
      vertex 85.9135 50.5555 19
      vertex 85.9135 50.5555 0
    endloop
  endfacet
  facet normal -0.803154 0.595772 0
    outer loop
      vertex 85.9135 50.5555 19
      vertex 85.8141 50.4215 0
      vertex 85.8141 50.4215 19
    endloop
  endfacet
  facet normal 0.595772 0.803154 -0
    outer loop
      vertex 83.5555 50.0865 0
      vertex 83.4215 50.1859 19
      vertex 83.5555 50.0865 19
    endloop
  endfacet
  facet normal 0.595772 0.803154 0
    outer loop
      vertex 83.4215 50.1859 19
      vertex 83.5555 50.0865 0
      vertex 83.4215 50.1859 0
    endloop
  endfacet
  facet normal 0.33683 0.941566 -0
    outer loop
      vertex 84.0065 49.8732 0
      vertex 83.8494 49.9294 19
      vertex 84.0065 49.8732 19
    endloop
  endfacet
  facet normal 0.33683 0.941566 0
    outer loop
      vertex 83.8494 49.9294 19
      vertex 84.0065 49.8732 0
      vertex 83.8494 49.9294 0
    endloop
  endfacet
  facet normal -0.33683 -0.941566 0
    outer loop
      vertex 84.9935 53.1268 0
      vertex 85.1506 53.0706 19
      vertex 84.9935 53.1268 19
    endloop
  endfacet
  facet normal -0.33683 -0.941566 -0
    outer loop
      vertex 85.1506 53.0706 19
      vertex 84.9935 53.1268 0
      vertex 85.1506 53.0706 0
    endloop
  endfacet
  facet normal 0.741024 0.671478 0
    outer loop
      vertex 83.2979 50.2979 19
      vertex 83.1859 50.4215 0
      vertex 83.1859 50.4215 19
    endloop
  endfacet
  facet normal 0.741024 0.671478 0
    outer loop
      vertex 83.1859 50.4215 0
      vertex 83.2979 50.2979 19
      vertex 83.2979 50.2979 0
    endloop
  endfacet
  facet normal -0.514231 -0.857652 0
    outer loop
      vertex 85.3014 52.9993 0
      vertex 85.4445 52.9135 19
      vertex 85.3014 52.9993 19
    endloop
  endfacet
  facet normal -0.514231 -0.857652 -0
    outer loop
      vertex 85.4445 52.9135 19
      vertex 85.3014 52.9993 0
      vertex 85.4445 52.9135 0
    endloop
  endfacet
  facet normal 0.33683 -0.941566 0
    outer loop
      vertex 83.8494 53.0706 0
      vertex 84.0065 53.1268 19
      vertex 83.8494 53.0706 19
    endloop
  endfacet
  facet normal 0.33683 -0.941566 0
    outer loop
      vertex 84.0065 53.1268 19
      vertex 83.8494 53.0706 0
      vertex 84.0065 53.1268 0
    endloop
  endfacet
  facet normal 0.904043 0.427442 0
    outer loop
      vertex 83.0007 50.6986 19
      vertex 82.9294 50.8494 0
      vertex 82.9294 50.8494 19
    endloop
  endfacet
  facet normal 0.904043 0.427442 0
    outer loop
      vertex 82.9294 50.8494 0
      vertex 83.0007 50.6986 19
      vertex 83.0007 50.6986 0
    endloop
  endfacet
  facet normal 0.941566 0.33683 0
    outer loop
      vertex 82.9294 50.8494 19
      vertex 82.8732 51.0065 0
      vertex 82.8732 51.0065 19
    endloop
  endfacet
  facet normal 0.941566 0.33683 0
    outer loop
      vertex 82.8732 51.0065 0
      vertex 82.9294 50.8494 19
      vertex 82.9294 50.8494 0
    endloop
  endfacet
  facet normal -0.904043 -0.427442 0
    outer loop
      vertex 86.0706 52.1506 0
      vertex 85.9993 52.3014 19
      vertex 85.9993 52.3014 0
    endloop
  endfacet
  facet normal -0.904043 -0.427442 0
    outer loop
      vertex 85.9993 52.3014 19
      vertex 86.0706 52.1506 0
      vertex 86.0706 52.1506 19
    endloop
  endfacet
  facet normal 0.970072 0.242818 0
    outer loop
      vertex 82.8732 51.0065 19
      vertex 82.8327 51.1683 0
      vertex 82.8327 51.1683 19
    endloop
  endfacet
  facet normal 0.970072 0.242818 0
    outer loop
      vertex 82.8327 51.1683 0
      vertex 82.8732 51.0065 19
      vertex 82.8732 51.0065 0
    endloop
  endfacet
  facet normal 0.595772 -0.803154 0
    outer loop
      vertex 83.4215 52.8141 0
      vertex 83.5555 52.9135 19
      vertex 83.4215 52.8141 19
    endloop
  endfacet
  facet normal 0.595772 -0.803154 0
    outer loop
      vertex 83.5555 52.9135 19
      vertex 83.4215 52.8141 0
      vertex 83.5555 52.9135 0
    endloop
  endfacet
  facet normal 0.671478 0.741024 -0
    outer loop
      vertex 83.4215 50.1859 0
      vertex 83.2979 50.2979 19
      vertex 83.4215 50.1859 19
    endloop
  endfacet
  facet normal 0.671478 0.741024 0
    outer loop
      vertex 83.2979 50.2979 19
      vertex 83.4215 50.1859 0
      vertex 83.2979 50.2979 0
    endloop
  endfacet
  facet normal 0.146875 0.989155 -0
    outer loop
      vertex 84.3334 49.8082 0
      vertex 84.1684 49.8327 19
      vertex 84.3334 49.8082 19
    endloop
  endfacet
  facet normal 0.146875 0.989155 0
    outer loop
      vertex 84.1684 49.8327 19
      vertex 84.3334 49.8082 0
      vertex 84.1684 49.8327 0
    endloop
  endfacet
  facet normal -0.741024 0.671478 0
    outer loop
      vertex 85.7021 50.2979 0
      vertex 85.8141 50.4215 19
      vertex 85.8141 50.4215 0
    endloop
  endfacet
  facet normal -0.741024 0.671478 0
    outer loop
      vertex 85.8141 50.4215 19
      vertex 85.7021 50.2979 0
      vertex 85.7021 50.2979 19
    endloop
  endfacet
  facet normal -0.146875 0.989155 0
    outer loop
      vertex 84.8316 49.8327 0
      vertex 84.6666 49.8082 19
      vertex 84.8316 49.8327 19
    endloop
  endfacet
  facet normal -0.146875 0.989155 0
    outer loop
      vertex 84.6666 49.8082 19
      vertex 84.8316 49.8327 0
      vertex 84.6666 49.8082 0
    endloop
  endfacet
  facet normal 0.514231 -0.857652 0
    outer loop
      vertex 83.5555 52.9135 0
      vertex 83.6986 52.9993 19
      vertex 83.5555 52.9135 19
    endloop
  endfacet
  facet normal 0.514231 -0.857652 0
    outer loop
      vertex 83.6986 52.9993 19
      vertex 83.5555 52.9135 0
      vertex 83.6986 52.9993 0
    endloop
  endfacet
  facet normal -0.0491602 -0.998791 0
    outer loop
      vertex 84.5 53.2 0
      vertex 84.6666 53.1918 19
      vertex 84.5 53.2 19
    endloop
  endfacet
  facet normal -0.0491602 -0.998791 -0
    outer loop
      vertex 84.6666 53.1918 19
      vertex 84.5 53.2 0
      vertex 84.6666 53.1918 0
    endloop
  endfacet
  facet normal -0.242677 -0.970107 0
    outer loop
      vertex 84.8316 53.1673 0
      vertex 84.9935 53.1268 19
      vertex 84.8316 53.1673 19
    endloop
  endfacet
  facet normal -0.242677 -0.970107 -0
    outer loop
      vertex 84.9935 53.1268 19
      vertex 84.8316 53.1673 0
      vertex 84.9935 53.1268 0
    endloop
  endfacet
  facet normal 0.941566 -0.33683 0
    outer loop
      vertex 82.8732 51.9935 19
      vertex 82.9294 52.1506 0
      vertex 82.9294 52.1506 19
    endloop
  endfacet
  facet normal 0.941566 -0.33683 0
    outer loop
      vertex 82.9294 52.1506 0
      vertex 82.8732 51.9935 19
      vertex 82.8732 51.9935 0
    endloop
  endfacet
  facet normal -0.671478 -0.741024 0
    outer loop
      vertex 85.5785 52.8141 0
      vertex 85.7021 52.7021 19
      vertex 85.5785 52.8141 19
    endloop
  endfacet
  facet normal -0.671478 -0.741024 -0
    outer loop
      vertex 85.7021 52.7021 19
      vertex 85.5785 52.8141 0
      vertex 85.7021 52.7021 0
    endloop
  endfacet
  facet normal 0.0491602 -0.998791 0
    outer loop
      vertex 84.3334 53.1918 0
      vertex 84.5 53.2 19
      vertex 84.3334 53.1918 19
    endloop
  endfacet
  facet normal 0.0491602 -0.998791 0
    outer loop
      vertex 84.5 53.2 19
      vertex 84.3334 53.1918 0
      vertex 84.5 53.2 0
    endloop
  endfacet
  facet normal -0.427442 0.904043 0
    outer loop
      vertex 85.3014 50.0007 0
      vertex 85.1506 49.9294 19
      vertex 85.3014 50.0007 19
    endloop
  endfacet
  facet normal -0.427442 0.904043 0
    outer loop
      vertex 85.1506 49.9294 19
      vertex 85.3014 50.0007 0
      vertex 85.1506 49.9294 0
    endloop
  endfacet
  facet normal -0.989168 0.146788 0
    outer loop
      vertex 86.1673 51.1683 0
      vertex 86.1918 51.3334 19
      vertex 86.1918 51.3334 0
    endloop
  endfacet
  facet normal -0.989168 0.146788 0
    outer loop
      vertex 86.1918 51.3334 19
      vertex 86.1673 51.1683 0
      vertex 86.1673 51.1683 19
    endloop
  endfacet
  facet normal -0.857652 -0.514231 0
    outer loop
      vertex 85.9993 52.3014 0
      vertex 85.9135 52.4445 19
      vertex 85.9135 52.4445 0
    endloop
  endfacet
  facet normal -0.857652 -0.514231 0
    outer loop
      vertex 85.9135 52.4445 19
      vertex 85.9993 52.3014 0
      vertex 85.9993 52.3014 19
    endloop
  endfacet
  facet normal 0.0491602 0.998791 -0
    outer loop
      vertex 84.5 49.8 0
      vertex 84.3334 49.8082 19
      vertex 84.5 49.8 19
    endloop
  endfacet
  facet normal 0.0491602 0.998791 0
    outer loop
      vertex 84.3334 49.8082 19
      vertex 84.5 49.8 0
      vertex 84.3334 49.8082 0
    endloop
  endfacet
  facet normal 0.671478 -0.741024 0
    outer loop
      vertex 83.2979 52.7021 0
      vertex 83.4215 52.8141 19
      vertex 83.2979 52.7021 19
    endloop
  endfacet
  facet normal 0.671478 -0.741024 0
    outer loop
      vertex 83.4215 52.8141 19
      vertex 83.2979 52.7021 0
      vertex 83.4215 52.8141 0
    endloop
  endfacet
  facet normal 0.741024 -0.671478 0
    outer loop
      vertex 83.1859 52.5785 19
      vertex 83.2979 52.7021 0
      vertex 83.2979 52.7021 19
    endloop
  endfacet
  facet normal 0.741024 -0.671478 0
    outer loop
      vertex 83.2979 52.7021 0
      vertex 83.1859 52.5785 19
      vertex 83.1859 52.5785 0
    endloop
  endfacet
  facet normal -0.904043 0.427442 0
    outer loop
      vertex 85.9993 50.6986 0
      vertex 86.0706 50.8494 19
      vertex 86.0706 50.8494 0
    endloop
  endfacet
  facet normal -0.904043 0.427442 0
    outer loop
      vertex 86.0706 50.8494 19
      vertex 85.9993 50.6986 0
      vertex 85.9993 50.6986 19
    endloop
  endfacet
  facet normal -0.0491602 0.998791 0
    outer loop
      vertex 84.6666 49.8082 0
      vertex 84.5 49.8 19
      vertex 84.6666 49.8082 19
    endloop
  endfacet
  facet normal -0.0491602 0.998791 0
    outer loop
      vertex 84.5 49.8 19
      vertex 84.6666 49.8082 0
      vertex 84.5 49.8 0
    endloop
  endfacet
  facet normal -0.941566 0.33683 0
    outer loop
      vertex 86.0706 50.8494 0
      vertex 86.1268 51.0065 19
      vertex 86.1268 51.0065 0
    endloop
  endfacet
  facet normal -0.941566 0.33683 0
    outer loop
      vertex 86.1268 51.0065 19
      vertex 86.0706 50.8494 0
      vertex 86.0706 50.8494 19
    endloop
  endfacet
  facet normal -0.741024 -0.671478 0
    outer loop
      vertex 85.8141 52.5785 0
      vertex 85.7021 52.7021 19
      vertex 85.7021 52.7021 0
    endloop
  endfacet
  facet normal -0.741024 -0.671478 0
    outer loop
      vertex 85.7021 52.7021 19
      vertex 85.8141 52.5785 0
      vertex 85.8141 52.5785 19
    endloop
  endfacet
  facet normal 0.242677 0.970107 -0
    outer loop
      vertex 84.1684 49.8327 0
      vertex 84.0065 49.8732 19
      vertex 84.1684 49.8327 19
    endloop
  endfacet
  facet normal 0.242677 0.970107 0
    outer loop
      vertex 84.0065 49.8732 19
      vertex 84.1684 49.8327 0
      vertex 84.0065 49.8732 0
    endloop
  endfacet
  facet normal -0.595772 0.803154 0
    outer loop
      vertex 85.5785 50.1859 0
      vertex 85.4445 50.0865 19
      vertex 85.5785 50.1859 19
    endloop
  endfacet
  facet normal -0.595772 0.803154 0
    outer loop
      vertex 85.4445 50.0865 19
      vertex 85.5785 50.1859 0
      vertex 85.4445 50.0865 0
    endloop
  endfacet
  facet normal -0.857652 0.514231 0
    outer loop
      vertex 85.9135 50.5555 0
      vertex 85.9993 50.6986 19
      vertex 85.9993 50.6986 0
    endloop
  endfacet
  facet normal -0.857652 0.514231 0
    outer loop
      vertex 85.9993 50.6986 19
      vertex 85.9135 50.5555 0
      vertex 85.9135 50.5555 19
    endloop
  endfacet
  facet normal 0.803154 0.595772 0
    outer loop
      vertex 83.1859 50.4215 19
      vertex 83.0865 50.5555 0
      vertex 83.0865 50.5555 19
    endloop
  endfacet
  facet normal 0.803154 0.595772 0
    outer loop
      vertex 83.0865 50.5555 0
      vertex 83.1859 50.4215 19
      vertex 83.1859 50.4215 0
    endloop
  endfacet
  facet normal 0.857652 -0.514231 0
    outer loop
      vertex 83.0007 52.3014 19
      vertex 83.0865 52.4445 0
      vertex 83.0865 52.4445 19
    endloop
  endfacet
  facet normal 0.857652 -0.514231 0
    outer loop
      vertex 83.0865 52.4445 0
      vertex 83.0007 52.3014 19
      vertex 83.0007 52.3014 0
    endloop
  endfacet
  facet normal -0.33683 0.941566 0
    outer loop
      vertex 85.1506 49.9294 0
      vertex 84.9935 49.8732 19
      vertex 85.1506 49.9294 19
    endloop
  endfacet
  facet normal -0.33683 0.941566 0
    outer loop
      vertex 84.9935 49.8732 19
      vertex 85.1506 49.9294 0
      vertex 84.9935 49.8732 0
    endloop
  endfacet
  facet normal 0.857652 0.514231 0
    outer loop
      vertex 83.0865 50.5555 19
      vertex 83.0007 50.6986 0
      vertex 83.0007 50.6986 19
    endloop
  endfacet
  facet normal 0.857652 0.514231 0
    outer loop
      vertex 83.0007 50.6986 0
      vertex 83.0865 50.5555 19
      vertex 83.0865 50.5555 0
    endloop
  endfacet
  facet normal 0.998791 -0.0491602 0
    outer loop
      vertex 82.8 51.5 19
      vertex 82.8082 51.6666 0
      vertex 82.8082 51.6666 19
    endloop
  endfacet
  facet normal 0.998791 -0.0491602 0
    outer loop
      vertex 82.8082 51.6666 0
      vertex 82.8 51.5 19
      vertex 82.8 51.5 0
    endloop
  endfacet
  facet normal 0.998791 0.0491602 0
    outer loop
      vertex 82.8082 51.3334 19
      vertex 82.8 51.5 0
      vertex 82.8 51.5 19
    endloop
  endfacet
  facet normal 0.998791 0.0491602 0
    outer loop
      vertex 82.8 51.5 0
      vertex 82.8082 51.3334 19
      vertex 82.8082 51.3334 0
    endloop
  endfacet
  facet normal 0.902418 -0.430863 0
    outer loop
      vertex 102.929 52.1506 19
      vertex 103.001 52.3014 0
      vertex 103.001 52.3014 19
    endloop
  endfacet
  facet normal 0.902418 -0.430863 0
    outer loop
      vertex 103.001 52.3014 0
      vertex 102.929 52.1506 19
      vertex 102.929 52.1506 0
    endloop
  endfacet
  facet normal -0.988729 -0.149717 0
    outer loop
      vertex 106.192 51.6666 0
      vertex 106.167 51.8317 19
      vertex 106.167 51.8317 0
    endloop
  endfacet
  facet normal -0.988729 -0.149717 0
    outer loop
      vertex 106.167 51.8317 19
      vertex 106.192 51.6666 0
      vertex 106.192 51.6666 19
    endloop
  endfacet
  facet normal -0.998849 -0.0479639 0
    outer loop
      vertex 106.2 51.5 0
      vertex 106.192 51.6666 19
      vertex 106.192 51.6666 0
    endloop
  endfacet
  facet normal -0.998849 -0.0479639 0
    outer loop
      vertex 106.192 51.6666 19
      vertex 106.2 51.5 0
      vertex 106.2 51.5 19
    endloop
  endfacet
  facet normal -0.970774 -0.239994 0
    outer loop
      vertex 106.167 51.8317 0
      vertex 106.127 51.9935 19
      vertex 106.127 51.9935 0
    endloop
  endfacet
  facet normal -0.970774 -0.239994 0
    outer loop
      vertex 106.127 51.9935 19
      vertex 106.167 51.8317 0
      vertex 106.167 51.8317 19
    endloop
  endfacet
  facet normal -0.146875 -0.989155 0
    outer loop
      vertex 104.667 53.1918 0
      vertex 104.832 53.1673 19
      vertex 104.667 53.1918 19
    endloop
  endfacet
  facet normal -0.146875 -0.989155 -0
    outer loop
      vertex 104.832 53.1673 19
      vertex 104.667 53.1918 0
      vertex 104.832 53.1673 0
    endloop
  endfacet
  facet normal 0.146875 -0.989155 0
    outer loop
      vertex 104.168 53.1673 0
      vertex 104.333 53.1918 19
      vertex 104.168 53.1673 19
    endloop
  endfacet
  facet normal 0.146875 -0.989155 0
    outer loop
      vertex 104.333 53.1918 19
      vertex 104.168 53.1673 0
      vertex 104.333 53.1918 0
    endloop
  endfacet
  facet normal -0.804301 -0.594222 0
    outer loop
      vertex 105.913 52.4445 0
      vertex 105.814 52.5785 19
      vertex 105.814 52.5785 0
    endloop
  endfacet
  facet normal -0.804301 -0.594222 0
    outer loop
      vertex 105.814 52.5785 19
      vertex 105.913 52.4445 0
      vertex 105.913 52.4445 19
    endloop
  endfacet
  facet normal -0.514496 0.857493 0
    outer loop
      vertex 105.444 50.0865 0
      vertex 105.301 50.0007 19
      vertex 105.444 50.0865 19
    endloop
  endfacet
  facet normal -0.514496 0.857493 0
    outer loop
      vertex 105.301 50.0007 19
      vertex 105.444 50.0865 0
      vertex 105.301 50.0007 0
    endloop
  endfacet
  facet normal -0.595772 -0.803154 0
    outer loop
      vertex 105.444 52.9135 0
      vertex 105.578 52.8141 19
      vertex 105.444 52.9135 19
    endloop
  endfacet
  facet normal -0.595772 -0.803154 -0
    outer loop
      vertex 105.578 52.8141 19
      vertex 105.444 52.9135 0
      vertex 105.578 52.8141 0
    endloop
  endfacet
  facet normal -0.998849 0.0479639 0
    outer loop
      vertex 106.192 51.3334 0
      vertex 106.2 51.5 19
      vertex 106.2 51.5 0
    endloop
  endfacet
  facet normal -0.998849 0.0479639 0
    outer loop
      vertex 106.2 51.5 19
      vertex 106.192 51.3334 0
      vertex 106.192 51.3334 19
    endloop
  endfacet
  facet normal 0.243953 -0.969787 0
    outer loop
      vertex 104.007 53.1268 0
      vertex 104.168 53.1673 19
      vertex 104.007 53.1268 19
    endloop
  endfacet
  facet normal 0.243953 -0.969787 0
    outer loop
      vertex 104.168 53.1673 19
      vertex 104.007 53.1268 0
      vertex 104.168 53.1673 0
    endloop
  endfacet
  facet normal 0.804301 -0.594222 0
    outer loop
      vertex 103.087 52.4445 19
      vertex 103.186 52.5785 0
      vertex 103.186 52.5785 19
    endloop
  endfacet
  facet normal 0.804301 -0.594222 0
    outer loop
      vertex 103.186 52.5785 0
      vertex 103.087 52.4445 19
      vertex 103.087 52.4445 0
    endloop
  endfacet
  facet normal 0.429302 0.903161 -0
    outer loop
      vertex 103.849 49.9294 0
      vertex 103.699 50.0007 19
      vertex 103.849 49.9294 19
    endloop
  endfacet
  facet normal 0.429302 0.903161 0
    outer loop
      vertex 103.699 50.0007 19
      vertex 103.849 49.9294 0
      vertex 103.699 50.0007 0
    endloop
  endfacet
  facet normal -0.429302 -0.903161 0
    outer loop
      vertex 105.151 53.0706 0
      vertex 105.301 52.9993 19
      vertex 105.151 53.0706 19
    endloop
  endfacet
  facet normal -0.429302 -0.903161 -0
    outer loop
      vertex 105.301 52.9993 19
      vertex 105.151 53.0706 0
      vertex 105.301 52.9993 0
    endloop
  endfacet
  facet normal 0.988729 0.149717 0
    outer loop
      vertex 102.833 51.1683 19
      vertex 102.808 51.3334 0
      vertex 102.808 51.3334 19
    endloop
  endfacet
  facet normal 0.988729 0.149717 0
    outer loop
      vertex 102.808 51.3334 0
      vertex 102.833 51.1683 19
      vertex 102.833 51.1683 0
    endloop
  endfacet
  facet normal -0.670286 0.742103 0
    outer loop
      vertex 105.702 50.2979 0
      vertex 105.578 50.1859 19
      vertex 105.702 50.2979 19
    endloop
  endfacet
  facet normal -0.670286 0.742103 0
    outer loop
      vertex 105.578 50.1859 19
      vertex 105.702 50.2979 0
      vertex 105.578 50.1859 0
    endloop
  endfacet
  facet normal 0.429302 -0.903161 0
    outer loop
      vertex 103.699 52.9993 0
      vertex 103.849 53.0706 19
      vertex 103.699 52.9993 19
    endloop
  endfacet
  facet normal 0.429302 -0.903161 0
    outer loop
      vertex 103.849 53.0706 19
      vertex 103.699 52.9993 0
      vertex 103.849 53.0706 0
    endloop
  endfacet
  facet normal -0.970774 0.239994 0
    outer loop
      vertex 106.127 51.0065 0
      vertex 106.167 51.1683 19
      vertex 106.167 51.1683 0
    endloop
  endfacet
  facet normal -0.970774 0.239994 0
    outer loop
      vertex 106.167 51.1683 19
      vertex 106.127 51.0065 0
      vertex 106.127 51.0065 19
    endloop
  endfacet
  facet normal -0.243953 0.969787 0
    outer loop
      vertex 104.993 49.8732 0
      vertex 104.832 49.8327 19
      vertex 104.993 49.8732 19
    endloop
  endfacet
  facet normal -0.243953 0.969787 0
    outer loop
      vertex 104.832 49.8327 19
      vertex 104.993 49.8732 0
      vertex 104.832 49.8327 0
    endloop
  endfacet
  facet normal 0.988729 -0.149717 0
    outer loop
      vertex 102.808 51.6666 19
      vertex 102.833 51.8317 0
      vertex 102.833 51.8317 19
    endloop
  endfacet
  facet normal 0.988729 -0.149717 0
    outer loop
      vertex 102.833 51.8317 0
      vertex 102.808 51.6666 19
      vertex 102.808 51.6666 0
    endloop
  endfacet
  facet normal -0.941945 -0.335767 0
    outer loop
      vertex 106.127 51.9935 0
      vertex 106.071 52.1506 19
      vertex 106.071 52.1506 0
    endloop
  endfacet
  facet normal -0.941945 -0.335767 0
    outer loop
      vertex 106.071 52.1506 19
      vertex 106.127 51.9935 0
      vertex 106.127 51.9935 19
    endloop
  endfacet
  facet normal 0.514496 0.857493 -0
    outer loop
      vertex 103.699 50.0007 0
      vertex 103.556 50.0865 19
      vertex 103.699 50.0007 19
    endloop
  endfacet
  facet normal 0.514496 0.857493 0
    outer loop
      vertex 103.556 50.0865 19
      vertex 103.699 50.0007 0
      vertex 103.556 50.0865 0
    endloop
  endfacet
  facet normal 0.970774 -0.239994 0
    outer loop
      vertex 102.833 51.8317 19
      vertex 102.873 51.9935 0
      vertex 102.873 51.9935 19
    endloop
  endfacet
  facet normal 0.970774 -0.239994 0
    outer loop
      vertex 102.873 51.9935 0
      vertex 102.833 51.8317 19
      vertex 102.833 51.8317 0
    endloop
  endfacet
  facet normal -0.804301 0.594222 0
    outer loop
      vertex 105.814 50.4215 0
      vertex 105.913 50.5555 19
      vertex 105.913 50.5555 0
    endloop
  endfacet
  facet normal -0.804301 0.594222 0
    outer loop
      vertex 105.913 50.5555 19
      vertex 105.814 50.4215 0
      vertex 105.814 50.4215 19
    endloop
  endfacet
  facet normal 0.595772 0.803154 -0
    outer loop
      vertex 103.556 50.0865 0
      vertex 103.422 50.1859 19
      vertex 103.556 50.0865 19
    endloop
  endfacet
  facet normal 0.595772 0.803154 0
    outer loop
      vertex 103.422 50.1859 19
      vertex 103.556 50.0865 0
      vertex 103.422 50.1859 0
    endloop
  endfacet
  facet normal 0.335127 0.942173 -0
    outer loop
      vertex 104.007 49.8732 0
      vertex 103.849 49.9294 19
      vertex 104.007 49.8732 19
    endloop
  endfacet
  facet normal 0.335127 0.942173 0
    outer loop
      vertex 103.849 49.9294 19
      vertex 104.007 49.8732 0
      vertex 103.849 49.9294 0
    endloop
  endfacet
  facet normal -0.335127 -0.942173 0
    outer loop
      vertex 104.993 53.1268 0
      vertex 105.151 53.0706 19
      vertex 104.993 53.1268 19
    endloop
  endfacet
  facet normal -0.335127 -0.942173 -0
    outer loop
      vertex 105.151 53.0706 19
      vertex 104.993 53.1268 0
      vertex 105.151 53.0706 0
    endloop
  endfacet
  facet normal 0.741024 0.671478 0
    outer loop
      vertex 103.298 50.2979 19
      vertex 103.186 50.4215 0
      vertex 103.186 50.4215 19
    endloop
  endfacet
  facet normal 0.741024 0.671478 0
    outer loop
      vertex 103.186 50.4215 0
      vertex 103.298 50.2979 19
      vertex 103.298 50.2979 0
    endloop
  endfacet
  facet normal -0.514496 -0.857493 0
    outer loop
      vertex 105.301 52.9993 0
      vertex 105.444 52.9135 19
      vertex 105.301 52.9993 19
    endloop
  endfacet
  facet normal -0.514496 -0.857493 -0
    outer loop
      vertex 105.444 52.9135 19
      vertex 105.301 52.9993 0
      vertex 105.444 52.9135 0
    endloop
  endfacet
  facet normal 0.335127 -0.942173 0
    outer loop
      vertex 103.849 53.0706 0
      vertex 104.007 53.1268 19
      vertex 103.849 53.0706 19
    endloop
  endfacet
  facet normal 0.335127 -0.942173 0
    outer loop
      vertex 104.007 53.1268 19
      vertex 103.849 53.0706 0
      vertex 104.007 53.1268 0
    endloop
  endfacet
  facet normal 0.902418 0.430863 0
    outer loop
      vertex 103.001 50.6986 19
      vertex 102.929 50.8494 0
      vertex 102.929 50.8494 19
    endloop
  endfacet
  facet normal 0.902418 0.430863 0
    outer loop
      vertex 102.929 50.8494 0
      vertex 103.001 50.6986 19
      vertex 103.001 50.6986 0
    endloop
  endfacet
  facet normal 0.941945 0.335767 0
    outer loop
      vertex 102.929 50.8494 19
      vertex 102.873 51.0065 0
      vertex 102.873 51.0065 19
    endloop
  endfacet
  facet normal 0.941945 0.335767 0
    outer loop
      vertex 102.873 51.0065 0
      vertex 102.929 50.8494 19
      vertex 102.929 50.8494 0
    endloop
  endfacet
  facet normal -0.902418 -0.430863 0
    outer loop
      vertex 106.071 52.1506 0
      vertex 105.999 52.3014 19
      vertex 105.999 52.3014 0
    endloop
  endfacet
  facet normal -0.902418 -0.430863 0
    outer loop
      vertex 105.999 52.3014 19
      vertex 106.071 52.1506 0
      vertex 106.071 52.1506 19
    endloop
  endfacet
  facet normal 0.970774 0.239994 0
    outer loop
      vertex 102.873 51.0065 19
      vertex 102.833 51.1683 0
      vertex 102.833 51.1683 19
    endloop
  endfacet
  facet normal 0.970774 0.239994 0
    outer loop
      vertex 102.833 51.1683 0
      vertex 102.873 51.0065 19
      vertex 102.873 51.0065 0
    endloop
  endfacet
  facet normal 0.595772 -0.803154 0
    outer loop
      vertex 103.422 52.8141 0
      vertex 103.556 52.9135 19
      vertex 103.422 52.8141 19
    endloop
  endfacet
  facet normal 0.595772 -0.803154 0
    outer loop
      vertex 103.556 52.9135 19
      vertex 103.422 52.8141 0
      vertex 103.556 52.9135 0
    endloop
  endfacet
  facet normal 0.670286 0.742103 -0
    outer loop
      vertex 103.422 50.1859 0
      vertex 103.298 50.2979 19
      vertex 103.422 50.1859 19
    endloop
  endfacet
  facet normal 0.670286 0.742103 0
    outer loop
      vertex 103.298 50.2979 19
      vertex 103.422 50.1859 0
      vertex 103.298 50.2979 0
    endloop
  endfacet
  facet normal 0.146875 0.989155 -0
    outer loop
      vertex 104.333 49.8082 0
      vertex 104.168 49.8327 19
      vertex 104.333 49.8082 19
    endloop
  endfacet
  facet normal 0.146875 0.989155 0
    outer loop
      vertex 104.168 49.8327 19
      vertex 104.333 49.8082 0
      vertex 104.168 49.8327 0
    endloop
  endfacet
  facet normal -0.741024 0.671478 0
    outer loop
      vertex 105.702 50.2979 0
      vertex 105.814 50.4215 19
      vertex 105.814 50.4215 0
    endloop
  endfacet
  facet normal -0.741024 0.671478 0
    outer loop
      vertex 105.814 50.4215 19
      vertex 105.702 50.2979 0
      vertex 105.702 50.2979 19
    endloop
  endfacet
  facet normal -0.146875 0.989155 0
    outer loop
      vertex 104.832 49.8327 0
      vertex 104.667 49.8082 19
      vertex 104.832 49.8327 19
    endloop
  endfacet
  facet normal -0.146875 0.989155 0
    outer loop
      vertex 104.667 49.8082 19
      vertex 104.832 49.8327 0
      vertex 104.667 49.8082 0
    endloop
  endfacet
  facet normal 0.514496 -0.857493 0
    outer loop
      vertex 103.556 52.9135 0
      vertex 103.699 52.9993 19
      vertex 103.556 52.9135 19
    endloop
  endfacet
  facet normal 0.514496 -0.857493 0
    outer loop
      vertex 103.699 52.9993 19
      vertex 103.556 52.9135 0
      vertex 103.699 52.9993 0
    endloop
  endfacet
  facet normal -0.0490427 -0.998797 0
    outer loop
      vertex 104.5 53.2 0
      vertex 104.667 53.1918 19
      vertex 104.5 53.2 19
    endloop
  endfacet
  facet normal -0.0490427 -0.998797 -0
    outer loop
      vertex 104.667 53.1918 19
      vertex 104.5 53.2 0
      vertex 104.667 53.1918 0
    endloop
  endfacet
  facet normal 0.857123 0.515112 0
    outer loop
      vertex 103.087 50.5555 19
      vertex 103.001 50.6986 0
      vertex 103.001 50.6986 19
    endloop
  endfacet
  facet normal 0.857123 0.515112 0
    outer loop
      vertex 103.001 50.6986 0
      vertex 103.087 50.5555 19
      vertex 103.087 50.5555 0
    endloop
  endfacet
  facet normal -0.243953 -0.969787 0
    outer loop
      vertex 104.832 53.1673 0
      vertex 104.993 53.1268 19
      vertex 104.832 53.1673 19
    endloop
  endfacet
  facet normal -0.243953 -0.969787 -0
    outer loop
      vertex 104.993 53.1268 19
      vertex 104.832 53.1673 0
      vertex 104.993 53.1268 0
    endloop
  endfacet
  facet normal 0.941945 -0.335767 0
    outer loop
      vertex 102.873 51.9935 19
      vertex 102.929 52.1506 0
      vertex 102.929 52.1506 19
    endloop
  endfacet
  facet normal 0.941945 -0.335767 0
    outer loop
      vertex 102.929 52.1506 0
      vertex 102.873 51.9935 19
      vertex 102.873 51.9935 0
    endloop
  endfacet
  facet normal -0.670286 -0.742103 0
    outer loop
      vertex 105.578 52.8141 0
      vertex 105.702 52.7021 19
      vertex 105.578 52.8141 19
    endloop
  endfacet
  facet normal -0.670286 -0.742103 -0
    outer loop
      vertex 105.702 52.7021 19
      vertex 105.578 52.8141 0
      vertex 105.702 52.7021 0
    endloop
  endfacet
  facet normal 0.0490427 -0.998797 0
    outer loop
      vertex 104.333 53.1918 0
      vertex 104.5 53.2 19
      vertex 104.333 53.1918 19
    endloop
  endfacet
  facet normal 0.0490427 -0.998797 0
    outer loop
      vertex 104.5 53.2 19
      vertex 104.333 53.1918 0
      vertex 104.5 53.2 0
    endloop
  endfacet
  facet normal -0.429302 0.903161 0
    outer loop
      vertex 105.301 50.0007 0
      vertex 105.151 49.9294 19
      vertex 105.301 50.0007 19
    endloop
  endfacet
  facet normal -0.429302 0.903161 0
    outer loop
      vertex 105.151 49.9294 19
      vertex 105.301 50.0007 0
      vertex 105.151 49.9294 0
    endloop
  endfacet
  facet normal -0.988729 0.149717 0
    outer loop
      vertex 106.167 51.1683 0
      vertex 106.192 51.3334 19
      vertex 106.192 51.3334 0
    endloop
  endfacet
  facet normal -0.988729 0.149717 0
    outer loop
      vertex 106.192 51.3334 19
      vertex 106.167 51.1683 0
      vertex 106.167 51.1683 19
    endloop
  endfacet
  facet normal -0.857123 -0.515112 0
    outer loop
      vertex 105.999 52.3014 0
      vertex 105.913 52.4445 19
      vertex 105.913 52.4445 0
    endloop
  endfacet
  facet normal -0.857123 -0.515112 0
    outer loop
      vertex 105.913 52.4445 19
      vertex 105.999 52.3014 0
      vertex 105.999 52.3014 19
    endloop
  endfacet
  facet normal 0.0490427 0.998797 -0
    outer loop
      vertex 104.5 49.8 0
      vertex 104.333 49.8082 19
      vertex 104.5 49.8 19
    endloop
  endfacet
  facet normal 0.0490427 0.998797 0
    outer loop
      vertex 104.333 49.8082 19
      vertex 104.5 49.8 0
      vertex 104.333 49.8082 0
    endloop
  endfacet
  facet normal 0.670286 -0.742103 0
    outer loop
      vertex 103.298 52.7021 0
      vertex 103.422 52.8141 19
      vertex 103.298 52.7021 19
    endloop
  endfacet
  facet normal 0.670286 -0.742103 0
    outer loop
      vertex 103.422 52.8141 19
      vertex 103.298 52.7021 0
      vertex 103.422 52.8141 0
    endloop
  endfacet
  facet normal 0.741024 -0.671478 0
    outer loop
      vertex 103.186 52.5785 19
      vertex 103.298 52.7021 0
      vertex 103.298 52.7021 19
    endloop
  endfacet
  facet normal 0.741024 -0.671478 0
    outer loop
      vertex 103.298 52.7021 0
      vertex 103.186 52.5785 19
      vertex 103.186 52.5785 0
    endloop
  endfacet
  facet normal -0.902418 0.430863 0
    outer loop
      vertex 105.999 50.6986 0
      vertex 106.071 50.8494 19
      vertex 106.071 50.8494 0
    endloop
  endfacet
  facet normal -0.902418 0.430863 0
    outer loop
      vertex 106.071 50.8494 19
      vertex 105.999 50.6986 0
      vertex 105.999 50.6986 19
    endloop
  endfacet
  facet normal -0.0490427 0.998797 0
    outer loop
      vertex 104.667 49.8082 0
      vertex 104.5 49.8 19
      vertex 104.667 49.8082 19
    endloop
  endfacet
  facet normal -0.0490427 0.998797 0
    outer loop
      vertex 104.5 49.8 19
      vertex 104.667 49.8082 0
      vertex 104.5 49.8 0
    endloop
  endfacet
  facet normal -0.941945 0.335767 0
    outer loop
      vertex 106.071 50.8494 0
      vertex 106.127 51.0065 19
      vertex 106.127 51.0065 0
    endloop
  endfacet
  facet normal -0.941945 0.335767 0
    outer loop
      vertex 106.127 51.0065 19
      vertex 106.071 50.8494 0
      vertex 106.071 50.8494 19
    endloop
  endfacet
  facet normal -0.741024 -0.671478 0
    outer loop
      vertex 105.814 52.5785 0
      vertex 105.702 52.7021 19
      vertex 105.702 52.7021 0
    endloop
  endfacet
  facet normal -0.741024 -0.671478 0
    outer loop
      vertex 105.702 52.7021 19
      vertex 105.814 52.5785 0
      vertex 105.814 52.5785 19
    endloop
  endfacet
  facet normal 0.243953 0.969787 -0
    outer loop
      vertex 104.168 49.8327 0
      vertex 104.007 49.8732 19
      vertex 104.168 49.8327 19
    endloop
  endfacet
  facet normal 0.243953 0.969787 0
    outer loop
      vertex 104.007 49.8732 19
      vertex 104.168 49.8327 0
      vertex 104.007 49.8732 0
    endloop
  endfacet
  facet normal -0.595772 0.803154 0
    outer loop
      vertex 105.578 50.1859 0
      vertex 105.444 50.0865 19
      vertex 105.578 50.1859 19
    endloop
  endfacet
  facet normal -0.595772 0.803154 0
    outer loop
      vertex 105.444 50.0865 19
      vertex 105.578 50.1859 0
      vertex 105.444 50.0865 0
    endloop
  endfacet
  facet normal -0.857123 0.515112 0
    outer loop
      vertex 105.913 50.5555 0
      vertex 105.999 50.6986 19
      vertex 105.999 50.6986 0
    endloop
  endfacet
  facet normal -0.857123 0.515112 0
    outer loop
      vertex 105.999 50.6986 19
      vertex 105.913 50.5555 0
      vertex 105.913 50.5555 19
    endloop
  endfacet
  facet normal 0.804301 0.594222 0
    outer loop
      vertex 103.186 50.4215 19
      vertex 103.087 50.5555 0
      vertex 103.087 50.5555 19
    endloop
  endfacet
  facet normal 0.804301 0.594222 0
    outer loop
      vertex 103.087 50.5555 0
      vertex 103.186 50.4215 19
      vertex 103.186 50.4215 0
    endloop
  endfacet
  facet normal 0.857123 -0.515112 0
    outer loop
      vertex 103.001 52.3014 19
      vertex 103.087 52.4445 0
      vertex 103.087 52.4445 19
    endloop
  endfacet
  facet normal 0.857123 -0.515112 0
    outer loop
      vertex 103.087 52.4445 0
      vertex 103.001 52.3014 19
      vertex 103.001 52.3014 0
    endloop
  endfacet
  facet normal -0.335127 0.942173 0
    outer loop
      vertex 105.151 49.9294 0
      vertex 104.993 49.8732 19
      vertex 105.151 49.9294 19
    endloop
  endfacet
  facet normal -0.335127 0.942173 0
    outer loop
      vertex 104.993 49.8732 19
      vertex 105.151 49.9294 0
      vertex 104.993 49.8732 0
    endloop
  endfacet
  facet normal 0.998849 -0.0479639 0
    outer loop
      vertex 102.8 51.5 19
      vertex 102.808 51.6666 0
      vertex 102.808 51.6666 19
    endloop
  endfacet
  facet normal 0.998849 -0.0479639 0
    outer loop
      vertex 102.808 51.6666 0
      vertex 102.8 51.5 19
      vertex 102.8 51.5 0
    endloop
  endfacet
  facet normal 0.998849 0.0479639 0
    outer loop
      vertex 102.808 51.3334 19
      vertex 102.8 51.5 0
      vertex 102.8 51.5 19
    endloop
  endfacet
  facet normal 0.998849 0.0479639 0
    outer loop
      vertex 102.8 51.5 0
      vertex 102.808 51.3334 19
      vertex 102.808 51.3334 0
    endloop
  endfacet
  facet normal 1 -0 0
    outer loop
      vertex 137 48.5 19
      vertex 137 75.5 0
      vertex 137 75.5 19
    endloop
  endfacet
  facet normal 1 0 0
    outer loop
      vertex 137 75.5 0
      vertex 137 48.5 19
      vertex 137 48.5 0
    endloop
  endfacet
  facet normal -0 0 1
    outer loop
      vertex 86.0706 52.1506 19
      vertex 88.3 48.5 19
      vertex 88.3 75.5 19
    endloop
  endfacet
  facet normal 0 0 1
    outer loop
      vertex 88.3 48.5 19
      vertex 86.1918 51.6666 19
      vertex 86.2 51.5 19
    endloop
  endfacet
  facet normal 0 0 1
    outer loop
      vertex 88.3 48.5 19
      vertex 86.1673 51.8317 19
      vertex 86.1918 51.6666 19
    endloop
  endfacet
  facet normal 0 0 1
    outer loop
      vertex 88.3 48.5 19
      vertex 86.1268 51.9935 19
      vertex 86.1673 51.8317 19
    endloop
  endfacet
  facet normal 0 0 1
    outer loop
      vertex 88.3 48.5 19
      vertex 86.0706 52.1506 19
      vertex 86.1268 51.9935 19
    endloop
  endfacet
  facet normal 0 0 1
    outer loop
      vertex 88.3 75.5 19
      vertex 85.9993 52.3014 19
      vertex 86.0706 52.1506 19
    endloop
  endfacet
  facet normal 0 0 1
    outer loop
      vertex 88.3 75.5 19
      vertex 85.9135 52.4445 19
      vertex 85.9993 52.3014 19
    endloop
  endfacet
  facet normal 0 0 1
    outer loop
      vertex 88.3 75.5 19
      vertex 85.8141 52.5785 19
      vertex 85.9135 52.4445 19
    endloop
  endfacet
  facet normal 0 0 1
    outer loop
      vertex 88.3 75.5 19
      vertex 85.7021 52.7021 19
      vertex 85.8141 52.5785 19
    endloop
  endfacet
  facet normal 0 0 1
    outer loop
      vertex 88.3 75.5 19
      vertex 85.5785 52.8141 19
      vertex 85.7021 52.7021 19
    endloop
  endfacet
  facet normal 0 0 1
    outer loop
      vertex 88.3 75.5 19
      vertex 85.4445 52.9135 19
      vertex 85.5785 52.8141 19
    endloop
  endfacet
  facet normal 0 0 1
    outer loop
      vertex 88.3 75.5 19
      vertex 85.3014 52.9993 19
      vertex 85.4445 52.9135 19
    endloop
  endfacet
  facet normal 0 0 1
    outer loop
      vertex 88.3 75.5 19
      vertex 85.1506 53.0706 19
      vertex 85.3014 52.9993 19
    endloop
  endfacet
  facet normal 0 0 1
    outer loop
      vertex 88.3 75.5 19
      vertex 84.9935 53.1268 19
      vertex 85.1506 53.0706 19
    endloop
  endfacet
  facet normal 0 0 1
    outer loop
      vertex 88.3 75.5 19
      vertex 84.8316 53.1673 19
      vertex 84.9935 53.1268 19
    endloop
  endfacet
  facet normal 0 0 1
    outer loop
      vertex 88.3 75.5 19
      vertex 84.6666 53.1918 19
      vertex 84.8316 53.1673 19
    endloop
  endfacet
  facet normal 0 0 1
    outer loop
      vertex 88.3 75.5 19
      vertex 84.5 53.2 19
      vertex 84.6666 53.1918 19
    endloop
  endfacet
  facet normal -0 0 1
    outer loop
      vertex 80.5 75.5 19
      vertex 84.5 53.2 19
      vertex 88.3 75.5 19
    endloop
  endfacet
  facet normal 0 0 1
    outer loop
      vertex 84.5 53.2 19
      vertex 80.5 75.5 19
      vertex 84.3334 53.1918 19
    endloop
  endfacet
  facet normal 0 0 1
    outer loop
      vertex 84.3334 53.1918 19
      vertex 80.5 75.5 19
      vertex 84.1684 53.1673 19
    endloop
  endfacet
  facet normal 0 0 1
    outer loop
      vertex 84.1684 53.1673 19
      vertex 80.5 75.5 19
      vertex 84.0065 53.1268 19
    endloop
  endfacet
  facet normal 0 0 1
    outer loop
      vertex 84.0065 53.1268 19
      vertex 80.5 75.5 19
      vertex 83.8494 53.0706 19
    endloop
  endfacet
  facet normal 0 0 1
    outer loop
      vertex 83.8494 53.0706 19
      vertex 80.5 75.5 19
      vertex 83.6986 52.9993 19
    endloop
  endfacet
  facet normal 0 0 1
    outer loop
      vertex 83.6986 52.9993 19
      vertex 80.5 75.5 19
      vertex 83.5555 52.9135 19
    endloop
  endfacet
  facet normal 0 0 1
    outer loop
      vertex 83.5555 52.9135 19
      vertex 80.5 75.5 19
      vertex 83.4215 52.8141 19
    endloop
  endfacet
  facet normal 0 0 1
    outer loop
      vertex 83.4215 52.8141 19
      vertex 80.5 75.5 19
      vertex 83.2979 52.7021 19
    endloop
  endfacet
  facet normal 0 0 1
    outer loop
      vertex 83.2979 52.7021 19
      vertex 80.5 75.5 19
      vertex 83.1859 52.5785 19
    endloop
  endfacet
  facet normal 0 0 1
    outer loop
      vertex 83.1859 52.5785 19
      vertex 80.5 75.5 19
      vertex 83.0865 52.4445 19
    endloop
  endfacet
  facet normal 0 0 1
    outer loop
      vertex 83.0865 52.4445 19
      vertex 80.5 75.5 19
      vertex 83.0007 52.3014 19
    endloop
  endfacet
  facet normal 0 0 1
    outer loop
      vertex 80.5 48.5 19
      vertex 83.0007 52.3014 19
      vertex 80.5 75.5 19
    endloop
  endfacet
  facet normal 0 0 1
    outer loop
      vertex 83.0007 52.3014 19
      vertex 80.5 48.5 19
      vertex 82.9294 52.1506 19
    endloop
  endfacet
  facet normal 0 0 1
    outer loop
      vertex 82.8327 51.8317 19
      vertex 80.5 48.5 19
      vertex 82.8082 51.6666 19
    endloop
  endfacet
  facet normal 0 0 1
    outer loop
      vertex 82.8732 51.9935 19
      vertex 80.5 48.5 19
      vertex 82.8327 51.8317 19
    endloop
  endfacet
  facet normal 0 0 1
    outer loop
      vertex 82.9294 52.1506 19
      vertex 80.5 48.5 19
      vertex 82.8732 51.9935 19
    endloop
  endfacet
  facet normal -0 0 1
    outer loop
      vertex 86.1918 51.3334 19
      vertex 88.3 48.5 19
      vertex 86.2 51.5 19
    endloop
  endfacet
  facet normal -0 0 1
    outer loop
      vertex 86.1673 51.1683 19
      vertex 88.3 48.5 19
      vertex 86.1918 51.3334 19
    endloop
  endfacet
  facet normal -0 0 1
    outer loop
      vertex 86.1268 51.0065 19
      vertex 88.3 48.5 19
      vertex 86.1673 51.1683 19
    endloop
  endfacet
  facet normal -0 0 1
    outer loop
      vertex 86.0706 50.8494 19
      vertex 88.3 48.5 19
      vertex 86.1268 51.0065 19
    endloop
  endfacet
  facet normal -0 0 1
    outer loop
      vertex 85.9993 50.6986 19
      vertex 88.3 48.5 19
      vertex 86.0706 50.8494 19
    endloop
  endfacet
  facet normal -0 0 1
    outer loop
      vertex 85.9135 50.5555 19
      vertex 88.3 48.5 19
      vertex 85.9993 50.6986 19
    endloop
  endfacet
  facet normal -0 0 1
    outer loop
      vertex 85.8141 50.4215 19
      vertex 88.3 48.5 19
      vertex 85.9135 50.5555 19
    endloop
  endfacet
  facet normal -0 0 1
    outer loop
      vertex 85.7021 50.2979 19
      vertex 88.3 48.5 19
      vertex 85.8141 50.4215 19
    endloop
  endfacet
  facet normal -0 0 1
    outer loop
      vertex 85.5785 50.1859 19
      vertex 88.3 48.5 19
      vertex 85.7021 50.2979 19
    endloop
  endfacet
  facet normal -0 0 1
    outer loop
      vertex 85.4445 50.0865 19
      vertex 88.3 48.5 19
      vertex 85.5785 50.1859 19
    endloop
  endfacet
  facet normal -0 0 1
    outer loop
      vertex 85.3014 50.0007 19
      vertex 88.3 48.5 19
      vertex 85.4445 50.0865 19
    endloop
  endfacet
  facet normal -0 0 1
    outer loop
      vertex 85.1506 49.9294 19
      vertex 88.3 48.5 19
      vertex 85.3014 50.0007 19
    endloop
  endfacet
  facet normal -0 0 1
    outer loop
      vertex 84.9935 49.8732 19
      vertex 88.3 48.5 19
      vertex 85.1506 49.9294 19
    endloop
  endfacet
  facet normal -0 0 1
    outer loop
      vertex 84.8316 49.8327 19
      vertex 88.3 48.5 19
      vertex 84.9935 49.8732 19
    endloop
  endfacet
  facet normal -0 0 1
    outer loop
      vertex 84.6666 49.8082 19
      vertex 88.3 48.5 19
      vertex 84.8316 49.8327 19
    endloop
  endfacet
  facet normal -0 0 1
    outer loop
      vertex 84.5 49.8 19
      vertex 88.3 48.5 19
      vertex 84.6666 49.8082 19
    endloop
  endfacet
  facet normal 0 0 1
    outer loop
      vertex 80.5 48.5 19
      vertex 84.5 49.8 19
      vertex 84.3334 49.8082 19
    endloop
  endfacet
  facet normal 0 0 1
    outer loop
      vertex 80.5 48.5 19
      vertex 84.3334 49.8082 19
      vertex 84.1684 49.8327 19
    endloop
  endfacet
  facet normal 0 0 1
    outer loop
      vertex 80.5 48.5 19
      vertex 84.1684 49.8327 19
      vertex 84.0065 49.8732 19
    endloop
  endfacet
  facet normal 0 0 1
    outer loop
      vertex 82.8082 51.6666 19
      vertex 80.5 48.5 19
      vertex 82.8 51.5 19
    endloop
  endfacet
  facet normal 0 0 1
    outer loop
      vertex 84.5 49.8 19
      vertex 80.5 48.5 19
      vertex 88.3 48.5 19
    endloop
  endfacet
  facet normal 0 0 1
    outer loop
      vertex 83.8494 49.9294 19
      vertex 80.5 48.5 19
      vertex 84.0065 49.8732 19
    endloop
  endfacet
  facet normal 0 0 1
    outer loop
      vertex 83.6986 50.0007 19
      vertex 80.5 48.5 19
      vertex 83.8494 49.9294 19
    endloop
  endfacet
  facet normal 0 0 1
    outer loop
      vertex 83.5555 50.0865 19
      vertex 80.5 48.5 19
      vertex 83.6986 50.0007 19
    endloop
  endfacet
  facet normal 0 0 1
    outer loop
      vertex 83.4215 50.1859 19
      vertex 80.5 48.5 19
      vertex 83.5555 50.0865 19
    endloop
  endfacet
  facet normal 0 0 1
    outer loop
      vertex 83.2979 50.2979 19
      vertex 80.5 48.5 19
      vertex 83.4215 50.1859 19
    endloop
  endfacet
  facet normal 0 0 1
    outer loop
      vertex 83.1859 50.4215 19
      vertex 80.5 48.5 19
      vertex 83.2979 50.2979 19
    endloop
  endfacet
  facet normal 0 0 1
    outer loop
      vertex 83.0865 50.5555 19
      vertex 80.5 48.5 19
      vertex 83.1859 50.4215 19
    endloop
  endfacet
  facet normal 0 0 1
    outer loop
      vertex 83.0007 50.6986 19
      vertex 80.5 48.5 19
      vertex 83.0865 50.5555 19
    endloop
  endfacet
  facet normal 0 0 1
    outer loop
      vertex 82.9294 50.8494 19
      vertex 80.5 48.5 19
      vertex 83.0007 50.6986 19
    endloop
  endfacet
  facet normal 0 0 1
    outer loop
      vertex 82.8732 51.0065 19
      vertex 80.5 48.5 19
      vertex 82.9294 50.8494 19
    endloop
  endfacet
  facet normal 0 0 1
    outer loop
      vertex 82.8327 51.1683 19
      vertex 80.5 48.5 19
      vertex 82.8732 51.0065 19
    endloop
  endfacet
  facet normal 0 0 1
    outer loop
      vertex 82.8082 51.3334 19
      vertex 80.5 48.5 19
      vertex 82.8327 51.1683 19
    endloop
  endfacet
  facet normal 0 0 1
    outer loop
      vertex 82.8 51.5 19
      vertex 80.5 48.5 19
      vertex 82.8082 51.3334 19
    endloop
  endfacet
  facet normal -0 0 1
    outer loop
      vertex 134.499 52.3014 19
      vertex 137 48.5 19
      vertex 137 75.5 19
    endloop
  endfacet
  facet normal 0 0 1
    outer loop
      vertex 137 48.5 19
      vertex 134.692 51.6666 19
      vertex 134.7 51.5 19
    endloop
  endfacet
  facet normal 0 0 1
    outer loop
      vertex 137 48.5 19
      vertex 134.667 51.8317 19
      vertex 134.692 51.6666 19
    endloop
  endfacet
  facet normal 0 0 1
    outer loop
      vertex 137 48.5 19
      vertex 134.627 51.9935 19
      vertex 134.667 51.8317 19
    endloop
  endfacet
  facet normal 0 0 1
    outer loop
      vertex 137 48.5 19
      vertex 134.571 52.1506 19
      vertex 134.627 51.9935 19
    endloop
  endfacet
  facet normal 0 0 1
    outer loop
      vertex 137 48.5 19
      vertex 134.499 52.3014 19
      vertex 134.571 52.1506 19
    endloop
  endfacet
  facet normal 0 0 1
    outer loop
      vertex 137 75.5 19
      vertex 134.413 52.4445 19
      vertex 134.499 52.3014 19
    endloop
  endfacet
  facet normal 0 0 1
    outer loop
      vertex 137 75.5 19
      vertex 134.314 52.5785 19
      vertex 134.413 52.4445 19
    endloop
  endfacet
  facet normal 0 0 1
    outer loop
      vertex 137 75.5 19
      vertex 134.202 52.7021 19
      vertex 134.314 52.5785 19
    endloop
  endfacet
  facet normal 0 0 1
    outer loop
      vertex 137 75.5 19
      vertex 134.078 52.8141 19
      vertex 134.202 52.7021 19
    endloop
  endfacet
  facet normal 0 0 1
    outer loop
      vertex 137 75.5 19
      vertex 133.944 52.9135 19
      vertex 134.078 52.8141 19
    endloop
  endfacet
  facet normal 0 0 1
    outer loop
      vertex 137 75.5 19
      vertex 133.801 52.9993 19
      vertex 133.944 52.9135 19
    endloop
  endfacet
  facet normal 0 0 1
    outer loop
      vertex 137 75.5 19
      vertex 133.651 53.0706 19
      vertex 133.801 52.9993 19
    endloop
  endfacet
  facet normal 0 0 1
    outer loop
      vertex 137 75.5 19
      vertex 133.493 53.1268 19
      vertex 133.651 53.0706 19
    endloop
  endfacet
  facet normal 0 0 1
    outer loop
      vertex 137 75.5 19
      vertex 133.332 53.1673 19
      vertex 133.493 53.1268 19
    endloop
  endfacet
  facet normal 0 0 1
    outer loop
      vertex 137 75.5 19
      vertex 133.167 53.1918 19
      vertex 133.332 53.1673 19
    endloop
  endfacet
  facet normal 0 0 1
    outer loop
      vertex 137 75.5 19
      vertex 133 53.2 19
      vertex 133.167 53.1918 19
    endloop
  endfacet
  facet normal 0 0 1
    outer loop
      vertex 137 75.5 19
      vertex 132.833 53.1918 19
      vertex 133 53.2 19
    endloop
  endfacet
  facet normal 0 0 1
    outer loop
      vertex 137 75.5 19
      vertex 132.668 53.1673 19
      vertex 132.833 53.1918 19
    endloop
  endfacet
  facet normal 0 0 1
    outer loop
      vertex 137 75.5 19
      vertex 132.507 53.1268 19
      vertex 132.668 53.1673 19
    endloop
  endfacet
  facet normal 0 0 1
    outer loop
      vertex 137 75.5 19
      vertex 132.349 53.0706 19
      vertex 132.507 53.1268 19
    endloop
  endfacet
  facet normal 0 0 1
    outer loop
      vertex 137 75.5 19
      vertex 132.199 52.9993 19
      vertex 132.349 53.0706 19
    endloop
  endfacet
  facet normal 0 0 1
    outer loop
      vertex 137 75.5 19
      vertex 132.056 52.9135 19
      vertex 132.199 52.9993 19
    endloop
  endfacet
  facet normal 0 0 1
    outer loop
      vertex 137 75.5 19
      vertex 131.922 52.8141 19
      vertex 132.056 52.9135 19
    endloop
  endfacet
  facet normal 0 0 1
    outer loop
      vertex 110.078 52.8141 19
      vertex 131.922 52.8141 19
      vertex 137 75.5 19
    endloop
  endfacet
  facet normal 0 0 1
    outer loop
      vertex 131.922 52.8141 19
      vertex 110.078 52.8141 19
      vertex 131.798 52.7021 19
    endloop
  endfacet
  facet normal 0 -0 1
    outer loop
      vertex 110.202 52.7021 19
      vertex 131.798 52.7021 19
      vertex 110.078 52.8141 19
    endloop
  endfacet
  facet normal 0 0 1
    outer loop
      vertex 131.798 52.7021 19
      vertex 110.202 52.7021 19
      vertex 131.686 52.5785 19
    endloop
  endfacet
  facet normal 0 -0 1
    outer loop
      vertex 110.314 52.5785 19
      vertex 131.686 52.5785 19
      vertex 110.202 52.7021 19
    endloop
  endfacet
  facet normal 0 0 1
    outer loop
      vertex 131.686 52.5785 19
      vertex 110.314 52.5785 19
      vertex 131.587 52.4445 19
    endloop
  endfacet
  facet normal 0 -0 1
    outer loop
      vertex 110.413 52.4445 19
      vertex 131.587 52.4445 19
      vertex 110.314 52.5785 19
    endloop
  endfacet
  facet normal 0 0 1
    outer loop
      vertex 131.308 51.6666 19
      vertex 110.7 51.5 19
      vertex 131.3 51.5 19
    endloop
  endfacet
  facet normal 0 0 1
    outer loop
      vertex 110.692 51.6666 19
      vertex 131.308 51.6666 19
      vertex 131.333 51.8317 19
    endloop
  endfacet
  facet normal 0 0 1
    outer loop
      vertex 131.587 52.4445 19
      vertex 110.413 52.4445 19
      vertex 131.501 52.3014 19
    endloop
  endfacet
  facet normal 0 0 1
    outer loop
      vertex 131.308 51.6666 19
      vertex 110.692 51.6666 19
      vertex 110.7 51.5 19
    endloop
  endfacet
  facet normal 0 0 1
    outer loop
      vertex 131.333 51.8317 19
      vertex 110.667 51.8317 19
      vertex 110.692 51.6666 19
    endloop
  endfacet
  facet normal 0 0 1
    outer loop
      vertex 131.333 51.8317 19
      vertex 110.627 51.9935 19
      vertex 110.667 51.8317 19
    endloop
  endfacet
  facet normal 0 0 1
    outer loop
      vertex 131.373 51.9935 19
      vertex 110.627 51.9935 19
      vertex 131.333 51.8317 19
    endloop
  endfacet
  facet normal 0 -0 1
    outer loop
      vertex 110.627 51.9935 19
      vertex 131.373 51.9935 19
      vertex 110.571 52.1506 19
    endloop
  endfacet
  facet normal 0 0 1
    outer loop
      vertex 131.429 52.1506 19
      vertex 110.571 52.1506 19
      vertex 131.373 51.9935 19
    endloop
  endfacet
  facet normal 0 -0 1
    outer loop
      vertex 110.571 52.1506 19
      vertex 131.429 52.1506 19
      vertex 110.499 52.3014 19
    endloop
  endfacet
  facet normal 0 0 1
    outer loop
      vertex 131.501 52.3014 19
      vertex 110.499 52.3014 19
      vertex 131.429 52.1506 19
    endloop
  endfacet
  facet normal 0 -0 1
    outer loop
      vertex 110.499 52.3014 19
      vertex 131.501 52.3014 19
      vertex 110.413 52.4445 19
    endloop
  endfacet
  facet normal 0 0 1
    outer loop
      vertex 137 75.5 19
      vertex 109.944 52.9135 19
      vertex 110.078 52.8141 19
    endloop
  endfacet
  facet normal 0 0 1
    outer loop
      vertex 137 75.5 19
      vertex 109.801 52.9993 19
      vertex 109.944 52.9135 19
    endloop
  endfacet
  facet normal -0 0 1
    outer loop
      vertex 100.7 75.5 19
      vertex 109.801 52.9993 19
      vertex 137 75.5 19
    endloop
  endfacet
  facet normal 0 0 1
    outer loop
      vertex 109.801 52.9993 19
      vertex 100.7 75.5 19
      vertex 109.651 53.0706 19
    endloop
  endfacet
  facet normal 0 0 1
    outer loop
      vertex 109.651 53.0706 19
      vertex 100.7 75.5 19
      vertex 109.493 53.1268 19
    endloop
  endfacet
  facet normal 0 0 1
    outer loop
      vertex 109.493 53.1268 19
      vertex 100.7 75.5 19
      vertex 109.332 53.1673 19
    endloop
  endfacet
  facet normal 0 0 1
    outer loop
      vertex 109.332 53.1673 19
      vertex 100.7 75.5 19
      vertex 109.167 53.1918 19
    endloop
  endfacet
  facet normal 0 0 1
    outer loop
      vertex 109.167 53.1918 19
      vertex 100.7 75.5 19
      vertex 109 53.2 19
    endloop
  endfacet
  facet normal 0 0 1
    outer loop
      vertex 109 53.2 19
      vertex 100.7 75.5 19
      vertex 108.833 53.1918 19
    endloop
  endfacet
  facet normal 0 0 1
    outer loop
      vertex 108.833 53.1918 19
      vertex 100.7 75.5 19
      vertex 108.668 53.1673 19
    endloop
  endfacet
  facet normal 0 -0 1
    outer loop
      vertex 104.832 53.1673 19
      vertex 108.668 53.1673 19
      vertex 100.7 75.5 19
    endloop
  endfacet
  facet normal 0 0 1
    outer loop
      vertex 108.668 53.1673 19
      vertex 104.832 53.1673 19
      vertex 108.507 53.1268 19
    endloop
  endfacet
  facet normal 0 -0 1
    outer loop
      vertex 104.993 53.1268 19
      vertex 108.507 53.1268 19
      vertex 104.832 53.1673 19
    endloop
  endfacet
  facet normal 0 0 1
    outer loop
      vertex 108.507 53.1268 19
      vertex 104.993 53.1268 19
      vertex 108.349 53.0706 19
    endloop
  endfacet
  facet normal 0 0 1
    outer loop
      vertex 107.308 51.6666 19
      vertex 106.2 51.5 19
      vertex 107.3 51.5 19
    endloop
  endfacet
  facet normal 0 0 1
    outer loop
      vertex 106.192 51.6666 19
      vertex 107.308 51.6666 19
      vertex 107.333 51.8317 19
    endloop
  endfacet
  facet normal 0 0 1
    outer loop
      vertex 106.167 51.8317 19
      vertex 107.333 51.8317 19
      vertex 107.373 51.9935 19
    endloop
  endfacet
  facet normal 0 0 1
    outer loop
      vertex 106.127 51.9935 19
      vertex 107.373 51.9935 19
      vertex 107.429 52.1506 19
    endloop
  endfacet
  facet normal 0 0 1
    outer loop
      vertex 106.071 52.1506 19
      vertex 107.429 52.1506 19
      vertex 107.501 52.3014 19
    endloop
  endfacet
  facet normal 0 0 1
    outer loop
      vertex 105.999 52.3014 19
      vertex 107.501 52.3014 19
      vertex 107.587 52.4445 19
    endloop
  endfacet
  facet normal 0 0 1
    outer loop
      vertex 105.913 52.4445 19
      vertex 107.587 52.4445 19
      vertex 107.686 52.5785 19
    endloop
  endfacet
  facet normal 0 0 1
    outer loop
      vertex 105.814 52.5785 19
      vertex 107.686 52.5785 19
      vertex 107.798 52.7021 19
    endloop
  endfacet
  facet normal 0 0 1
    outer loop
      vertex 105.702 52.7021 19
      vertex 107.798 52.7021 19
      vertex 107.922 52.8141 19
    endloop
  endfacet
  facet normal 0 -0 1
    outer loop
      vertex 105.151 53.0706 19
      vertex 108.349 53.0706 19
      vertex 104.993 53.1268 19
    endloop
  endfacet
  facet normal 0 0 1
    outer loop
      vertex 107.308 51.6666 19
      vertex 106.192 51.6666 19
      vertex 106.2 51.5 19
    endloop
  endfacet
  facet normal 0 0 1
    outer loop
      vertex 107.333 51.8317 19
      vertex 106.167 51.8317 19
      vertex 106.192 51.6666 19
    endloop
  endfacet
  facet normal 0 0 1
    outer loop
      vertex 107.373 51.9935 19
      vertex 106.127 51.9935 19
      vertex 106.167 51.8317 19
    endloop
  endfacet
  facet normal 0 0 1
    outer loop
      vertex 107.429 52.1506 19
      vertex 106.071 52.1506 19
      vertex 106.127 51.9935 19
    endloop
  endfacet
  facet normal 0 0 1
    outer loop
      vertex 107.501 52.3014 19
      vertex 105.999 52.3014 19
      vertex 106.071 52.1506 19
    endloop
  endfacet
  facet normal 0 0 1
    outer loop
      vertex 107.587 52.4445 19
      vertex 105.913 52.4445 19
      vertex 105.999 52.3014 19
    endloop
  endfacet
  facet normal 0 0 1
    outer loop
      vertex 107.686 52.5785 19
      vertex 105.814 52.5785 19
      vertex 105.913 52.4445 19
    endloop
  endfacet
  facet normal 0 0 1
    outer loop
      vertex 107.798 52.7021 19
      vertex 105.702 52.7021 19
      vertex 105.814 52.5785 19
    endloop
  endfacet
  facet normal 0 0 1
    outer loop
      vertex 107.922 52.8141 19
      vertex 105.578 52.8141 19
      vertex 105.702 52.7021 19
    endloop
  endfacet
  facet normal 0 0 1
    outer loop
      vertex 108.349 53.0706 19
      vertex 105.151 53.0706 19
      vertex 108.199 52.9993 19
    endloop
  endfacet
  facet normal 0 0 1
    outer loop
      vertex 107.922 52.8141 19
      vertex 105.444 52.9135 19
      vertex 105.578 52.8141 19
    endloop
  endfacet
  facet normal 0 0 1
    outer loop
      vertex 108.056 52.9135 19
      vertex 105.444 52.9135 19
      vertex 107.922 52.8141 19
    endloop
  endfacet
  facet normal 0 -0 1
    outer loop
      vertex 105.444 52.9135 19
      vertex 108.056 52.9135 19
      vertex 105.301 52.9993 19
    endloop
  endfacet
  facet normal 0 0 1
    outer loop
      vertex 108.199 52.9993 19
      vertex 105.301 52.9993 19
      vertex 108.056 52.9135 19
    endloop
  endfacet
  facet normal 0 -0 1
    outer loop
      vertex 105.301 52.9993 19
      vertex 108.199 52.9993 19
      vertex 105.151 53.0706 19
    endloop
  endfacet
  facet normal 0 0 1
    outer loop
      vertex 104.832 53.1673 19
      vertex 100.7 75.5 19
      vertex 104.667 53.1918 19
    endloop
  endfacet
  facet normal 0 0 1
    outer loop
      vertex 104.667 53.1918 19
      vertex 100.7 75.5 19
      vertex 104.5 53.2 19
    endloop
  endfacet
  facet normal 0 0 1
    outer loop
      vertex 104.5 53.2 19
      vertex 100.7 75.5 19
      vertex 104.333 53.1918 19
    endloop
  endfacet
  facet normal 0 0 1
    outer loop
      vertex 104.333 53.1918 19
      vertex 100.7 75.5 19
      vertex 104.168 53.1673 19
    endloop
  endfacet
  facet normal 0 0 1
    outer loop
      vertex 104.168 53.1673 19
      vertex 100.7 75.5 19
      vertex 104.007 53.1268 19
    endloop
  endfacet
  facet normal 0 0 1
    outer loop
      vertex 104.007 53.1268 19
      vertex 100.7 75.5 19
      vertex 103.849 53.0706 19
    endloop
  endfacet
  facet normal 0 0 1
    outer loop
      vertex 103.849 53.0706 19
      vertex 100.7 75.5 19
      vertex 103.699 52.9993 19
    endloop
  endfacet
  facet normal 0 0 1
    outer loop
      vertex 102.833 51.8317 19
      vertex 100.7 48.5 19
      vertex 102.808 51.6666 19
    endloop
  endfacet
  facet normal 0 0 1
    outer loop
      vertex 102.873 51.9935 19
      vertex 100.7 48.5 19
      vertex 102.833 51.8317 19
    endloop
  endfacet
  facet normal 0 0 1
    outer loop
      vertex 102.929 52.1506 19
      vertex 100.7 48.5 19
      vertex 102.873 51.9935 19
    endloop
  endfacet
  facet normal 0 0 1
    outer loop
      vertex 100.7 48.5 19
      vertex 102.929 52.1506 19
      vertex 100.7 75.5 19
    endloop
  endfacet
  facet normal 0 0 1
    outer loop
      vertex 103.001 52.3014 19
      vertex 100.7 75.5 19
      vertex 102.929 52.1506 19
    endloop
  endfacet
  facet normal 0 0 1
    outer loop
      vertex 103.087 52.4445 19
      vertex 100.7 75.5 19
      vertex 103.001 52.3014 19
    endloop
  endfacet
  facet normal 0 0 1
    outer loop
      vertex 103.186 52.5785 19
      vertex 100.7 75.5 19
      vertex 103.087 52.4445 19
    endloop
  endfacet
  facet normal 0 0 1
    outer loop
      vertex 103.298 52.7021 19
      vertex 100.7 75.5 19
      vertex 103.186 52.5785 19
    endloop
  endfacet
  facet normal 0 0 1
    outer loop
      vertex 103.422 52.8141 19
      vertex 100.7 75.5 19
      vertex 103.298 52.7021 19
    endloop
  endfacet
  facet normal 0 0 1
    outer loop
      vertex 103.556 52.9135 19
      vertex 100.7 75.5 19
      vertex 103.422 52.8141 19
    endloop
  endfacet
  facet normal 0 0 1
    outer loop
      vertex 103.699 52.9993 19
      vertex 100.7 75.5 19
      vertex 103.556 52.9135 19
    endloop
  endfacet
  facet normal -0 0 1
    outer loop
      vertex 134.692 51.3334 19
      vertex 137 48.5 19
      vertex 134.7 51.5 19
    endloop
  endfacet
  facet normal -0 0 1
    outer loop
      vertex 134.667 51.1683 19
      vertex 137 48.5 19
      vertex 134.692 51.3334 19
    endloop
  endfacet
  facet normal -0 0 1
    outer loop
      vertex 134.627 51.0065 19
      vertex 137 48.5 19
      vertex 134.667 51.1683 19
    endloop
  endfacet
  facet normal -0 0 1
    outer loop
      vertex 134.571 50.8494 19
      vertex 137 48.5 19
      vertex 134.627 51.0065 19
    endloop
  endfacet
  facet normal -0 0 1
    outer loop
      vertex 134.499 50.6986 19
      vertex 137 48.5 19
      vertex 134.571 50.8494 19
    endloop
  endfacet
  facet normal -0 0 1
    outer loop
      vertex 134.413 50.5555 19
      vertex 137 48.5 19
      vertex 134.499 50.6986 19
    endloop
  endfacet
  facet normal -0 0 1
    outer loop
      vertex 134.314 50.4215 19
      vertex 137 48.5 19
      vertex 134.413 50.5555 19
    endloop
  endfacet
  facet normal -0 0 1
    outer loop
      vertex 134.202 50.2979 19
      vertex 137 48.5 19
      vertex 134.314 50.4215 19
    endloop
  endfacet
  facet normal -0 0 1
    outer loop
      vertex 134.078 50.1859 19
      vertex 137 48.5 19
      vertex 134.202 50.2979 19
    endloop
  endfacet
  facet normal -0 0 1
    outer loop
      vertex 133.944 50.0865 19
      vertex 137 48.5 19
      vertex 134.078 50.1859 19
    endloop
  endfacet
  facet normal -0 0 1
    outer loop
      vertex 133.801 50.0007 19
      vertex 137 48.5 19
      vertex 133.944 50.0865 19
    endloop
  endfacet
  facet normal -0 0 1
    outer loop
      vertex 133.651 49.9294 19
      vertex 137 48.5 19
      vertex 133.801 50.0007 19
    endloop
  endfacet
  facet normal -0 0 1
    outer loop
      vertex 133.493 49.8732 19
      vertex 137 48.5 19
      vertex 133.651 49.9294 19
    endloop
  endfacet
  facet normal -0 0 1
    outer loop
      vertex 133.332 49.8327 19
      vertex 137 48.5 19
      vertex 133.493 49.8732 19
    endloop
  endfacet
  facet normal -0 0 1
    outer loop
      vertex 133.167 49.8082 19
      vertex 137 48.5 19
      vertex 133.332 49.8327 19
    endloop
  endfacet
  facet normal -0 0 1
    outer loop
      vertex 133 49.8 19
      vertex 137 48.5 19
      vertex 133.167 49.8082 19
    endloop
  endfacet
  facet normal 0 0 1
    outer loop
      vertex 132.833 49.8082 19
      vertex 137 48.5 19
      vertex 133 49.8 19
    endloop
  endfacet
  facet normal 0 0 1
    outer loop
      vertex 132.668 49.8327 19
      vertex 137 48.5 19
      vertex 132.833 49.8082 19
    endloop
  endfacet
  facet normal 0 0 1
    outer loop
      vertex 132.507 49.8732 19
      vertex 137 48.5 19
      vertex 132.668 49.8327 19
    endloop
  endfacet
  facet normal -0 0 1
    outer loop
      vertex 110.7 51.5 19
      vertex 131.308 51.3334 19
      vertex 131.3 51.5 19
    endloop
  endfacet
  facet normal 0 0 1
    outer loop
      vertex 110.692 51.3334 19
      vertex 131.308 51.3334 19
      vertex 110.7 51.5 19
    endloop
  endfacet
  facet normal 0 0 1
    outer loop
      vertex 131.308 51.3334 19
      vertex 110.692 51.3334 19
      vertex 131.333 51.1683 19
    endloop
  endfacet
  facet normal 0 0 1
    outer loop
      vertex 110.667 51.1683 19
      vertex 131.333 51.1683 19
      vertex 110.692 51.3334 19
    endloop
  endfacet
  facet normal 0 0 1
    outer loop
      vertex 131.333 51.1683 19
      vertex 110.667 51.1683 19
      vertex 131.373 51.0065 19
    endloop
  endfacet
  facet normal 0 0 1
    outer loop
      vertex 110.627 51.0065 19
      vertex 131.373 51.0065 19
      vertex 110.667 51.1683 19
    endloop
  endfacet
  facet normal 0 0 1
    outer loop
      vertex 131.373 51.0065 19
      vertex 110.627 51.0065 19
      vertex 131.429 50.8494 19
    endloop
  endfacet
  facet normal 0 0 1
    outer loop
      vertex 110.571 50.8494 19
      vertex 131.429 50.8494 19
      vertex 110.627 51.0065 19
    endloop
  endfacet
  facet normal 0 0 1
    outer loop
      vertex 131.429 50.8494 19
      vertex 110.571 50.8494 19
      vertex 131.501 50.6986 19
    endloop
  endfacet
  facet normal 0 0 1
    outer loop
      vertex 110.499 50.6986 19
      vertex 131.501 50.6986 19
      vertex 110.571 50.8494 19
    endloop
  endfacet
  facet normal 0 0 1
    outer loop
      vertex 131.501 50.6986 19
      vertex 110.499 50.6986 19
      vertex 131.587 50.5555 19
    endloop
  endfacet
  facet normal 0 0 1
    outer loop
      vertex 110.413 50.5555 19
      vertex 131.587 50.5555 19
      vertex 110.499 50.6986 19
    endloop
  endfacet
  facet normal 0 0 1
    outer loop
      vertex 131.587 50.5555 19
      vertex 110.413 50.5555 19
      vertex 131.686 50.4215 19
    endloop
  endfacet
  facet normal 0 0 1
    outer loop
      vertex 110.314 50.4215 19
      vertex 131.686 50.4215 19
      vertex 110.413 50.5555 19
    endloop
  endfacet
  facet normal 0 0 1
    outer loop
      vertex 131.686 50.4215 19
      vertex 110.314 50.4215 19
      vertex 131.798 50.2979 19
    endloop
  endfacet
  facet normal 0 0 1
    outer loop
      vertex 110.202 50.2979 19
      vertex 131.798 50.2979 19
      vertex 110.314 50.4215 19
    endloop
  endfacet
  facet normal 0 0 1
    outer loop
      vertex 131.798 50.2979 19
      vertex 110.202 50.2979 19
      vertex 131.922 50.1859 19
    endloop
  endfacet
  facet normal 0 0 1
    outer loop
      vertex 110.078 50.1859 19
      vertex 131.922 50.1859 19
      vertex 110.202 50.2979 19
    endloop
  endfacet
  facet normal 0 0 1
    outer loop
      vertex 131.922 50.1859 19
      vertex 110.078 50.1859 19
      vertex 132.056 50.0865 19
    endloop
  endfacet
  facet normal 0 0 1
    outer loop
      vertex 109.944 50.0865 19
      vertex 132.056 50.0865 19
      vertex 110.078 50.1859 19
    endloop
  endfacet
  facet normal 0 0 1
    outer loop
      vertex 132.056 50.0865 19
      vertex 109.944 50.0865 19
      vertex 132.199 50.0007 19
    endloop
  endfacet
  facet normal 0 0 1
    outer loop
      vertex 109.801 50.0007 19
      vertex 132.199 50.0007 19
      vertex 109.944 50.0865 19
    endloop
  endfacet
  facet normal 0 0 1
    outer loop
      vertex 132.199 50.0007 19
      vertex 109.801 50.0007 19
      vertex 132.349 49.9294 19
    endloop
  endfacet
  facet normal 0 0 1
    outer loop
      vertex 109.651 49.9294 19
      vertex 132.349 49.9294 19
      vertex 109.801 50.0007 19
    endloop
  endfacet
  facet normal 0 0 1
    outer loop
      vertex 132.349 49.9294 19
      vertex 109.651 49.9294 19
      vertex 132.507 49.8732 19
    endloop
  endfacet
  facet normal 0 0 1
    outer loop
      vertex 109.493 49.8732 19
      vertex 132.507 49.8732 19
      vertex 109.651 49.9294 19
    endloop
  endfacet
  facet normal 0 0 1
    outer loop
      vertex 132.507 49.8732 19
      vertex 109.493 49.8732 19
      vertex 137 48.5 19
    endloop
  endfacet
  facet normal -0 0 1
    outer loop
      vertex 109.332 49.8327 19
      vertex 137 48.5 19
      vertex 109.493 49.8732 19
    endloop
  endfacet
  facet normal -0 0 1
    outer loop
      vertex 109.167 49.8082 19
      vertex 137 48.5 19
      vertex 109.332 49.8327 19
    endloop
  endfacet
  facet normal 0 0 1
    outer loop
      vertex 100.7 48.5 19
      vertex 109.167 49.8082 19
      vertex 109 49.8 19
    endloop
  endfacet
  facet normal -0 0 1
    outer loop
      vertex 106.2 51.5 19
      vertex 107.308 51.3334 19
      vertex 107.3 51.5 19
    endloop
  endfacet
  facet normal 0 0 1
    outer loop
      vertex 106.192 51.3334 19
      vertex 107.308 51.3334 19
      vertex 106.2 51.5 19
    endloop
  endfacet
  facet normal 0 0 1
    outer loop
      vertex 107.308 51.3334 19
      vertex 106.192 51.3334 19
      vertex 107.333 51.1683 19
    endloop
  endfacet
  facet normal 0 0 1
    outer loop
      vertex 106.167 51.1683 19
      vertex 107.333 51.1683 19
      vertex 106.192 51.3334 19
    endloop
  endfacet
  facet normal 0 0 1
    outer loop
      vertex 107.333 51.1683 19
      vertex 106.167 51.1683 19
      vertex 107.373 51.0065 19
    endloop
  endfacet
  facet normal 0 0 1
    outer loop
      vertex 106.127 51.0065 19
      vertex 107.373 51.0065 19
      vertex 106.167 51.1683 19
    endloop
  endfacet
  facet normal 0 0 1
    outer loop
      vertex 107.373 51.0065 19
      vertex 106.127 51.0065 19
      vertex 107.429 50.8494 19
    endloop
  endfacet
  facet normal 0 0 1
    outer loop
      vertex 106.071 50.8494 19
      vertex 107.429 50.8494 19
      vertex 106.127 51.0065 19
    endloop
  endfacet
  facet normal 0 0 1
    outer loop
      vertex 107.429 50.8494 19
      vertex 106.071 50.8494 19
      vertex 107.501 50.6986 19
    endloop
  endfacet
  facet normal 0 0 1
    outer loop
      vertex 105.999 50.6986 19
      vertex 107.501 50.6986 19
      vertex 106.071 50.8494 19
    endloop
  endfacet
  facet normal 0 0 1
    outer loop
      vertex 107.501 50.6986 19
      vertex 105.999 50.6986 19
      vertex 107.587 50.5555 19
    endloop
  endfacet
  facet normal 0 0 1
    outer loop
      vertex 105.913 50.5555 19
      vertex 107.587 50.5555 19
      vertex 105.999 50.6986 19
    endloop
  endfacet
  facet normal 0 0 1
    outer loop
      vertex 107.587 50.5555 19
      vertex 105.913 50.5555 19
      vertex 107.686 50.4215 19
    endloop
  endfacet
  facet normal 0 0 1
    outer loop
      vertex 105.814 50.4215 19
      vertex 107.686 50.4215 19
      vertex 105.913 50.5555 19
    endloop
  endfacet
  facet normal 0 0 1
    outer loop
      vertex 107.686 50.4215 19
      vertex 105.814 50.4215 19
      vertex 107.798 50.2979 19
    endloop
  endfacet
  facet normal 0 0 1
    outer loop
      vertex 105.702 50.2979 19
      vertex 107.798 50.2979 19
      vertex 105.814 50.4215 19
    endloop
  endfacet
  facet normal 0 0 1
    outer loop
      vertex 107.798 50.2979 19
      vertex 105.702 50.2979 19
      vertex 107.922 50.1859 19
    endloop
  endfacet
  facet normal 0 0 1
    outer loop
      vertex 105.578 50.1859 19
      vertex 107.922 50.1859 19
      vertex 105.702 50.2979 19
    endloop
  endfacet
  facet normal 0 0 1
    outer loop
      vertex 107.922 50.1859 19
      vertex 105.578 50.1859 19
      vertex 108.056 50.0865 19
    endloop
  endfacet
  facet normal 0 0 1
    outer loop
      vertex 105.444 50.0865 19
      vertex 108.056 50.0865 19
      vertex 105.578 50.1859 19
    endloop
  endfacet
  facet normal 0 0 1
    outer loop
      vertex 108.056 50.0865 19
      vertex 105.444 50.0865 19
      vertex 108.199 50.0007 19
    endloop
  endfacet
  facet normal 0 0 1
    outer loop
      vertex 105.301 50.0007 19
      vertex 108.199 50.0007 19
      vertex 105.444 50.0865 19
    endloop
  endfacet
  facet normal 0 0 1
    outer loop
      vertex 108.199 50.0007 19
      vertex 105.301 50.0007 19
      vertex 108.349 49.9294 19
    endloop
  endfacet
  facet normal 0 0 1
    outer loop
      vertex 105.151 49.9294 19
      vertex 108.349 49.9294 19
      vertex 105.301 50.0007 19
    endloop
  endfacet
  facet normal 0 0 1
    outer loop
      vertex 108.349 49.9294 19
      vertex 105.151 49.9294 19
      vertex 108.507 49.8732 19
    endloop
  endfacet
  facet normal 0 0 1
    outer loop
      vertex 104.993 49.8732 19
      vertex 108.507 49.8732 19
      vertex 105.151 49.9294 19
    endloop
  endfacet
  facet normal 0 0 1
    outer loop
      vertex 108.507 49.8732 19
      vertex 104.993 49.8732 19
      vertex 108.668 49.8327 19
    endloop
  endfacet
  facet normal 0 0 1
    outer loop
      vertex 104.832 49.8327 19
      vertex 108.668 49.8327 19
      vertex 104.993 49.8732 19
    endloop
  endfacet
  facet normal 0 0 1
    outer loop
      vertex 108.668 49.8327 19
      vertex 104.832 49.8327 19
      vertex 108.833 49.8082 19
    endloop
  endfacet
  facet normal 0 0 1
    outer loop
      vertex 100.7 48.5 19
      vertex 108.833 49.8082 19
      vertex 104.832 49.8327 19
    endloop
  endfacet
  facet normal 0 0 1
    outer loop
      vertex 108.833 49.8082 19
      vertex 100.7 48.5 19
      vertex 109 49.8 19
    endloop
  endfacet
  facet normal 0 0 1
    outer loop
      vertex 100.7 48.5 19
      vertex 104.832 49.8327 19
      vertex 104.667 49.8082 19
    endloop
  endfacet
  facet normal 0 0 1
    outer loop
      vertex 100.7 48.5 19
      vertex 104.667 49.8082 19
      vertex 104.5 49.8 19
    endloop
  endfacet
  facet normal 0 0 1
    outer loop
      vertex 102.808 51.6666 19
      vertex 100.7 48.5 19
      vertex 102.8 51.5 19
    endloop
  endfacet
  facet normal 0 0 1
    outer loop
      vertex 109.167 49.8082 19
      vertex 100.7 48.5 19
      vertex 137 48.5 19
    endloop
  endfacet
  facet normal 0 0 1
    outer loop
      vertex 104.333 49.8082 19
      vertex 100.7 48.5 19
      vertex 104.5 49.8 19
    endloop
  endfacet
  facet normal 0 0 1
    outer loop
      vertex 104.168 49.8327 19
      vertex 100.7 48.5 19
      vertex 104.333 49.8082 19
    endloop
  endfacet
  facet normal 0 0 1
    outer loop
      vertex 104.007 49.8732 19
      vertex 100.7 48.5 19
      vertex 104.168 49.8327 19
    endloop
  endfacet
  facet normal 0 0 1
    outer loop
      vertex 103.849 49.9294 19
      vertex 100.7 48.5 19
      vertex 104.007 49.8732 19
    endloop
  endfacet
  facet normal 0 0 1
    outer loop
      vertex 103.699 50.0007 19
      vertex 100.7 48.5 19
      vertex 103.849 49.9294 19
    endloop
  endfacet
  facet normal 0 0 1
    outer loop
      vertex 103.556 50.0865 19
      vertex 100.7 48.5 19
      vertex 103.699 50.0007 19
    endloop
  endfacet
  facet normal 0 0 1
    outer loop
      vertex 103.422 50.1859 19
      vertex 100.7 48.5 19
      vertex 103.556 50.0865 19
    endloop
  endfacet
  facet normal 0 0 1
    outer loop
      vertex 103.298 50.2979 19
      vertex 100.7 48.5 19
      vertex 103.422 50.1859 19
    endloop
  endfacet
  facet normal 0 0 1
    outer loop
      vertex 103.186 50.4215 19
      vertex 100.7 48.5 19
      vertex 103.298 50.2979 19
    endloop
  endfacet
  facet normal 0 0 1
    outer loop
      vertex 103.087 50.5555 19
      vertex 100.7 48.5 19
      vertex 103.186 50.4215 19
    endloop
  endfacet
  facet normal 0 0 1
    outer loop
      vertex 103.001 50.6986 19
      vertex 100.7 48.5 19
      vertex 103.087 50.5555 19
    endloop
  endfacet
  facet normal 0 0 1
    outer loop
      vertex 102.929 50.8494 19
      vertex 100.7 48.5 19
      vertex 103.001 50.6986 19
    endloop
  endfacet
  facet normal 0 0 1
    outer loop
      vertex 102.873 51.0065 19
      vertex 100.7 48.5 19
      vertex 102.929 50.8494 19
    endloop
  endfacet
  facet normal 0 0 1
    outer loop
      vertex 102.833 51.1683 19
      vertex 100.7 48.5 19
      vertex 102.873 51.0065 19
    endloop
  endfacet
  facet normal 0 0 1
    outer loop
      vertex 102.808 51.3334 19
      vertex 100.7 48.5 19
      vertex 102.833 51.1683 19
    endloop
  endfacet
  facet normal 0 0 1
    outer loop
      vertex 102.8 51.5 19
      vertex 100.7 48.5 19
      vertex 102.808 51.3334 19
    endloop
  endfacet
  facet normal 0 0 -1
    outer loop
      vertex 134.692 51.6666 0
      vertex 137 48.5 0
      vertex 134.7 51.5 0
    endloop
  endfacet
  facet normal 0 0 -1
    outer loop
      vertex 137 48.5 0
      vertex 134.692 51.3334 0
      vertex 134.7 51.5 0
    endloop
  endfacet
  facet normal 0 0 -1
    outer loop
      vertex 137 48.5 0
      vertex 134.667 51.1683 0
      vertex 134.692 51.3334 0
    endloop
  endfacet
  facet normal 0 0 -1
    outer loop
      vertex 137 48.5 0
      vertex 134.627 51.0065 0
      vertex 134.667 51.1683 0
    endloop
  endfacet
  facet normal 0 0 -1
    outer loop
      vertex 137 48.5 0
      vertex 134.571 50.8494 0
      vertex 134.627 51.0065 0
    endloop
  endfacet
  facet normal 0 0 -1
    outer loop
      vertex 137 48.5 0
      vertex 134.499 50.6986 0
      vertex 134.571 50.8494 0
    endloop
  endfacet
  facet normal 0 0 -1
    outer loop
      vertex 137 48.5 0
      vertex 134.413 50.5555 0
      vertex 134.499 50.6986 0
    endloop
  endfacet
  facet normal 0 0 -1
    outer loop
      vertex 137 48.5 0
      vertex 134.314 50.4215 0
      vertex 134.413 50.5555 0
    endloop
  endfacet
  facet normal 0 0 -1
    outer loop
      vertex 137 48.5 0
      vertex 134.202 50.2979 0
      vertex 134.314 50.4215 0
    endloop
  endfacet
  facet normal 0 0 -1
    outer loop
      vertex 137 48.5 0
      vertex 134.078 50.1859 0
      vertex 134.202 50.2979 0
    endloop
  endfacet
  facet normal 0 0 -1
    outer loop
      vertex 137 48.5 0
      vertex 133.944 50.0865 0
      vertex 134.078 50.1859 0
    endloop
  endfacet
  facet normal 0 0 -1
    outer loop
      vertex 137 48.5 0
      vertex 133.801 50.0007 0
      vertex 133.944 50.0865 0
    endloop
  endfacet
  facet normal 0 0 -1
    outer loop
      vertex 137 48.5 0
      vertex 133.651 49.9294 0
      vertex 133.801 50.0007 0
    endloop
  endfacet
  facet normal 0 0 -1
    outer loop
      vertex 137 48.5 0
      vertex 133.493 49.8732 0
      vertex 133.651 49.9294 0
    endloop
  endfacet
  facet normal 0 0 -1
    outer loop
      vertex 137 48.5 0
      vertex 133.332 49.8327 0
      vertex 133.493 49.8732 0
    endloop
  endfacet
  facet normal 0 0 -1
    outer loop
      vertex 137 48.5 0
      vertex 133.167 49.8082 0
      vertex 133.332 49.8327 0
    endloop
  endfacet
  facet normal 0 0 -1
    outer loop
      vertex 137 48.5 0
      vertex 133 49.8 0
      vertex 133.167 49.8082 0
    endloop
  endfacet
  facet normal 0 0 -1
    outer loop
      vertex 137 48.5 0
      vertex 132.833 49.8082 0
      vertex 133 49.8 0
    endloop
  endfacet
  facet normal 0 0 -1
    outer loop
      vertex 137 48.5 0
      vertex 132.668 49.8327 0
      vertex 132.833 49.8082 0
    endloop
  endfacet
  facet normal 0 0 -1
    outer loop
      vertex 137 48.5 0
      vertex 132.507 49.8732 0
      vertex 132.668 49.8327 0
    endloop
  endfacet
  facet normal 0 0 -1
    outer loop
      vertex 131.308 51.3334 0
      vertex 110.7 51.5 0
      vertex 131.3 51.5 0
    endloop
  endfacet
  facet normal 0 0 -1
    outer loop
      vertex 110.692 51.3334 0
      vertex 131.308 51.3334 0
      vertex 131.333 51.1683 0
    endloop
  endfacet
  facet normal 0 0 -1
    outer loop
      vertex 110.667 51.1683 0
      vertex 131.333 51.1683 0
      vertex 131.373 51.0065 0
    endloop
  endfacet
  facet normal 0 0 -1
    outer loop
      vertex 110.627 51.0065 0
      vertex 131.373 51.0065 0
      vertex 131.429 50.8494 0
    endloop
  endfacet
  facet normal 0 0 -1
    outer loop
      vertex 110.571 50.8494 0
      vertex 131.429 50.8494 0
      vertex 131.501 50.6986 0
    endloop
  endfacet
  facet normal 0 0 -1
    outer loop
      vertex 110.499 50.6986 0
      vertex 131.501 50.6986 0
      vertex 131.587 50.5555 0
    endloop
  endfacet
  facet normal 0 0 -1
    outer loop
      vertex 110.413 50.5555 0
      vertex 131.587 50.5555 0
      vertex 131.686 50.4215 0
    endloop
  endfacet
  facet normal 0 0 -1
    outer loop
      vertex 110.314 50.4215 0
      vertex 131.686 50.4215 0
      vertex 131.798 50.2979 0
    endloop
  endfacet
  facet normal 0 0 -1
    outer loop
      vertex 110.202 50.2979 0
      vertex 131.798 50.2979 0
      vertex 131.922 50.1859 0
    endloop
  endfacet
  facet normal 0 0 -1
    outer loop
      vertex 110.078 50.1859 0
      vertex 131.922 50.1859 0
      vertex 132.056 50.0865 0
    endloop
  endfacet
  facet normal 0 0 -1
    outer loop
      vertex 109.944 50.0865 0
      vertex 132.056 50.0865 0
      vertex 132.199 50.0007 0
    endloop
  endfacet
  facet normal 0 0 -1
    outer loop
      vertex 109.801 50.0007 0
      vertex 132.199 50.0007 0
      vertex 132.349 49.9294 0
    endloop
  endfacet
  facet normal 0 0 -1
    outer loop
      vertex 109.651 49.9294 0
      vertex 132.349 49.9294 0
      vertex 132.507 49.8732 0
    endloop
  endfacet
  facet normal 0 0 -1
    outer loop
      vertex 109.493 49.8732 0
      vertex 132.507 49.8732 0
      vertex 137 48.5 0
    endloop
  endfacet
  facet normal 0 0 -1
    outer loop
      vertex 131.308 51.3334 0
      vertex 110.692 51.3334 0
      vertex 110.7 51.5 0
    endloop
  endfacet
  facet normal 0 0 -1
    outer loop
      vertex 131.333 51.1683 0
      vertex 110.667 51.1683 0
      vertex 110.692 51.3334 0
    endloop
  endfacet
  facet normal 0 0 -1
    outer loop
      vertex 131.373 51.0065 0
      vertex 110.627 51.0065 0
      vertex 110.667 51.1683 0
    endloop
  endfacet
  facet normal 0 0 -1
    outer loop
      vertex 131.429 50.8494 0
      vertex 110.571 50.8494 0
      vertex 110.627 51.0065 0
    endloop
  endfacet
  facet normal 0 0 -1
    outer loop
      vertex 131.501 50.6986 0
      vertex 110.499 50.6986 0
      vertex 110.571 50.8494 0
    endloop
  endfacet
  facet normal 0 0 -1
    outer loop
      vertex 131.587 50.5555 0
      vertex 110.413 50.5555 0
      vertex 110.499 50.6986 0
    endloop
  endfacet
  facet normal 0 0 -1
    outer loop
      vertex 131.686 50.4215 0
      vertex 110.314 50.4215 0
      vertex 110.413 50.5555 0
    endloop
  endfacet
  facet normal 0 0 -1
    outer loop
      vertex 131.798 50.2979 0
      vertex 110.202 50.2979 0
      vertex 110.314 50.4215 0
    endloop
  endfacet
  facet normal 0 0 -1
    outer loop
      vertex 131.922 50.1859 0
      vertex 110.078 50.1859 0
      vertex 110.202 50.2979 0
    endloop
  endfacet
  facet normal 0 0 -1
    outer loop
      vertex 132.056 50.0865 0
      vertex 109.944 50.0865 0
      vertex 110.078 50.1859 0
    endloop
  endfacet
  facet normal 0 0 -1
    outer loop
      vertex 132.199 50.0007 0
      vertex 109.801 50.0007 0
      vertex 109.944 50.0865 0
    endloop
  endfacet
  facet normal 0 0 -1
    outer loop
      vertex 132.349 49.9294 0
      vertex 109.651 49.9294 0
      vertex 109.801 50.0007 0
    endloop
  endfacet
  facet normal 0 0 -1
    outer loop
      vertex 132.507 49.8732 0
      vertex 109.493 49.8732 0
      vertex 109.651 49.9294 0
    endloop
  endfacet
  facet normal 0 0 -1
    outer loop
      vertex 137 48.5 0
      vertex 109.332 49.8327 0
      vertex 109.493 49.8732 0
    endloop
  endfacet
  facet normal 0 0 -1
    outer loop
      vertex 137 48.5 0
      vertex 109.167 49.8082 0
      vertex 109.332 49.8327 0
    endloop
  endfacet
  facet normal 0 0 -1
    outer loop
      vertex 137 48.5 0
      vertex 109 49.8 0
      vertex 109.167 49.8082 0
    endloop
  endfacet
  facet normal 0 0 -1
    outer loop
      vertex 107.308 51.3334 0
      vertex 106.2 51.5 0
      vertex 107.3 51.5 0
    endloop
  endfacet
  facet normal 0 0 -1
    outer loop
      vertex 106.192 51.3334 0
      vertex 107.308 51.3334 0
      vertex 107.333 51.1683 0
    endloop
  endfacet
  facet normal 0 0 -1
    outer loop
      vertex 106.167 51.1683 0
      vertex 107.333 51.1683 0
      vertex 107.373 51.0065 0
    endloop
  endfacet
  facet normal 0 0 -1
    outer loop
      vertex 106.127 51.0065 0
      vertex 107.373 51.0065 0
      vertex 107.429 50.8494 0
    endloop
  endfacet
  facet normal 0 0 -1
    outer loop
      vertex 106.071 50.8494 0
      vertex 107.429 50.8494 0
      vertex 107.501 50.6986 0
    endloop
  endfacet
  facet normal 0 0 -1
    outer loop
      vertex 105.999 50.6986 0
      vertex 107.501 50.6986 0
      vertex 107.587 50.5555 0
    endloop
  endfacet
  facet normal 0 0 -1
    outer loop
      vertex 105.913 50.5555 0
      vertex 107.587 50.5555 0
      vertex 107.686 50.4215 0
    endloop
  endfacet
  facet normal 0 0 -1
    outer loop
      vertex 105.814 50.4215 0
      vertex 107.686 50.4215 0
      vertex 107.798 50.2979 0
    endloop
  endfacet
  facet normal 0 0 -1
    outer loop
      vertex 105.702 50.2979 0
      vertex 107.798 50.2979 0
      vertex 107.922 50.1859 0
    endloop
  endfacet
  facet normal 0 0 -1
    outer loop
      vertex 107.308 51.3334 0
      vertex 106.192 51.3334 0
      vertex 106.2 51.5 0
    endloop
  endfacet
  facet normal 0 0 -1
    outer loop
      vertex 105.578 50.1859 0
      vertex 107.922 50.1859 0
      vertex 108.056 50.0865 0
    endloop
  endfacet
  facet normal 0 0 -1
    outer loop
      vertex 107.333 51.1683 0
      vertex 106.167 51.1683 0
      vertex 106.192 51.3334 0
    endloop
  endfacet
  facet normal 0 0 -1
    outer loop
      vertex 105.444 50.0865 0
      vertex 108.056 50.0865 0
      vertex 108.199 50.0007 0
    endloop
  endfacet
  facet normal 0 0 -1
    outer loop
      vertex 107.373 51.0065 0
      vertex 106.127 51.0065 0
      vertex 106.167 51.1683 0
    endloop
  endfacet
  facet normal 0 0 -1
    outer loop
      vertex 107.429 50.8494 0
      vertex 106.071 50.8494 0
      vertex 106.127 51.0065 0
    endloop
  endfacet
  facet normal 0 0 -1
    outer loop
      vertex 105.301 50.0007 0
      vertex 108.199 50.0007 0
      vertex 108.349 49.9294 0
    endloop
  endfacet
  facet normal 0 0 -1
    outer loop
      vertex 107.501 50.6986 0
      vertex 105.999 50.6986 0
      vertex 106.071 50.8494 0
    endloop
  endfacet
  facet normal 0 0 -1
    outer loop
      vertex 105.151 49.9294 0
      vertex 108.349 49.9294 0
      vertex 108.507 49.8732 0
    endloop
  endfacet
  facet normal 0 0 -1
    outer loop
      vertex 107.587 50.5555 0
      vertex 105.913 50.5555 0
      vertex 105.999 50.6986 0
    endloop
  endfacet
  facet normal 0 0 -1
    outer loop
      vertex 107.686 50.4215 0
      vertex 105.814 50.4215 0
      vertex 105.913 50.5555 0
    endloop
  endfacet
  facet normal 0 0 -1
    outer loop
      vertex 104.993 49.8732 0
      vertex 108.507 49.8732 0
      vertex 108.668 49.8327 0
    endloop
  endfacet
  facet normal 0 0 -1
    outer loop
      vertex 107.798 50.2979 0
      vertex 105.702 50.2979 0
      vertex 105.814 50.4215 0
    endloop
  endfacet
  facet normal 0 0 -1
    outer loop
      vertex 107.922 50.1859 0
      vertex 105.578 50.1859 0
      vertex 105.702 50.2979 0
    endloop
  endfacet
  facet normal 0 0 -1
    outer loop
      vertex 104.832 49.8327 0
      vertex 108.668 49.8327 0
      vertex 108.833 49.8082 0
    endloop
  endfacet
  facet normal 0 0 -1
    outer loop
      vertex 108.056 50.0865 0
      vertex 105.444 50.0865 0
      vertex 105.578 50.1859 0
    endloop
  endfacet
  facet normal 0 0 -1
    outer loop
      vertex 108.199 50.0007 0
      vertex 105.301 50.0007 0
      vertex 105.444 50.0865 0
    endloop
  endfacet
  facet normal 0 0 -1
    outer loop
      vertex 108.349 49.9294 0
      vertex 105.151 49.9294 0
      vertex 105.301 50.0007 0
    endloop
  endfacet
  facet normal 0 0 -1
    outer loop
      vertex 104.667 49.8082 0
      vertex 108.833 49.8082 0
      vertex 109 49.8 0
    endloop
  endfacet
  facet normal 0 0 -1
    outer loop
      vertex 104.5 49.8 0
      vertex 109 49.8 0
      vertex 137 48.5 0
    endloop
  endfacet
  facet normal 0 0 -1
    outer loop
      vertex 108.507 49.8732 0
      vertex 104.993 49.8732 0
      vertex 105.151 49.9294 0
    endloop
  endfacet
  facet normal 0 0 -1
    outer loop
      vertex 108.668 49.8327 0
      vertex 104.832 49.8327 0
      vertex 104.993 49.8732 0
    endloop
  endfacet
  facet normal 0 0 -1
    outer loop
      vertex 108.833 49.8082 0
      vertex 104.667 49.8082 0
      vertex 104.832 49.8327 0
    endloop
  endfacet
  facet normal 0 0 -1
    outer loop
      vertex 109 49.8 0
      vertex 104.5 49.8 0
      vertex 104.667 49.8082 0
    endloop
  endfacet
  facet normal 0 0 -1
    outer loop
      vertex 102.808 51.3334 0
      vertex 86.2 51.5 0
      vertex 102.8 51.5 0
    endloop
  endfacet
  facet normal 0 0 -1
    outer loop
      vertex 86.1918 51.3334 0
      vertex 102.808 51.3334 0
      vertex 102.833 51.1683 0
    endloop
  endfacet
  facet normal 0 0 -1
    outer loop
      vertex 86.1673 51.1683 0
      vertex 102.833 51.1683 0
      vertex 102.873 51.0065 0
    endloop
  endfacet
  facet normal 0 0 -1
    outer loop
      vertex 86.1268 51.0065 0
      vertex 102.873 51.0065 0
      vertex 102.929 50.8494 0
    endloop
  endfacet
  facet normal 0 0 -1
    outer loop
      vertex 86.0706 50.8494 0
      vertex 102.929 50.8494 0
      vertex 103.001 50.6986 0
    endloop
  endfacet
  facet normal 0 0 -1
    outer loop
      vertex 85.9993 50.6986 0
      vertex 103.001 50.6986 0
      vertex 103.087 50.5555 0
    endloop
  endfacet
  facet normal 0 0 -1
    outer loop
      vertex 85.9135 50.5555 0
      vertex 103.087 50.5555 0
      vertex 103.186 50.4215 0
    endloop
  endfacet
  facet normal 0 0 -1
    outer loop
      vertex 85.8141 50.4215 0
      vertex 103.186 50.4215 0
      vertex 103.298 50.2979 0
    endloop
  endfacet
  facet normal 0 0 -1
    outer loop
      vertex 85.7021 50.2979 0
      vertex 103.298 50.2979 0
      vertex 103.422 50.1859 0
    endloop
  endfacet
  facet normal 0 0 -1
    outer loop
      vertex 85.5785 50.1859 0
      vertex 103.422 50.1859 0
      vertex 103.556 50.0865 0
    endloop
  endfacet
  facet normal 0 0 -1
    outer loop
      vertex 85.4445 50.0865 0
      vertex 103.556 50.0865 0
      vertex 103.699 50.0007 0
    endloop
  endfacet
  facet normal 0 0 -1
    outer loop
      vertex 85.3014 50.0007 0
      vertex 103.699 50.0007 0
      vertex 103.849 49.9294 0
    endloop
  endfacet
  facet normal 0 0 -1
    outer loop
      vertex 85.1506 49.9294 0
      vertex 103.849 49.9294 0
      vertex 104.007 49.8732 0
    endloop
  endfacet
  facet normal 0 0 -1
    outer loop
      vertex 84.9935 49.8732 0
      vertex 104.007 49.8732 0
      vertex 104.168 49.8327 0
    endloop
  endfacet
  facet normal 0 0 -1
    outer loop
      vertex 80.5 48.5 0
      vertex 104.168 49.8327 0
      vertex 104.333 49.8082 0
    endloop
  endfacet
  facet normal 0 0 -1
    outer loop
      vertex 102.808 51.3334 0
      vertex 86.1918 51.3334 0
      vertex 86.2 51.5 0
    endloop
  endfacet
  facet normal 0 0 -1
    outer loop
      vertex 102.833 51.1683 0
      vertex 86.1673 51.1683 0
      vertex 86.1918 51.3334 0
    endloop
  endfacet
  facet normal 0 0 -1
    outer loop
      vertex 102.873 51.0065 0
      vertex 86.1268 51.0065 0
      vertex 86.1673 51.1683 0
    endloop
  endfacet
  facet normal 0 0 -1
    outer loop
      vertex 102.929 50.8494 0
      vertex 86.0706 50.8494 0
      vertex 86.1268 51.0065 0
    endloop
  endfacet
  facet normal 0 0 -1
    outer loop
      vertex 103.001 50.6986 0
      vertex 85.9993 50.6986 0
      vertex 86.0706 50.8494 0
    endloop
  endfacet
  facet normal 0 0 -1
    outer loop
      vertex 80.5 48.5 0
      vertex 104.333 49.8082 0
      vertex 104.5 49.8 0
    endloop
  endfacet
  facet normal 0 0 -1
    outer loop
      vertex 103.087 50.5555 0
      vertex 85.9135 50.5555 0
      vertex 85.9993 50.6986 0
    endloop
  endfacet
  facet normal 0 0 -1
    outer loop
      vertex 103.186 50.4215 0
      vertex 85.8141 50.4215 0
      vertex 85.9135 50.5555 0
    endloop
  endfacet
  facet normal 0 0 -1
    outer loop
      vertex 80.5 48.5 0
      vertex 104.5 49.8 0
      vertex 137 48.5 0
    endloop
  endfacet
  facet normal 0 0 -1
    outer loop
      vertex 103.298 50.2979 0
      vertex 85.7021 50.2979 0
      vertex 85.8141 50.4215 0
    endloop
  endfacet
  facet normal 0 0 -1
    outer loop
      vertex 103.422 50.1859 0
      vertex 85.5785 50.1859 0
      vertex 85.7021 50.2979 0
    endloop
  endfacet
  facet normal 0 0 -1
    outer loop
      vertex 103.556 50.0865 0
      vertex 85.4445 50.0865 0
      vertex 85.5785 50.1859 0
    endloop
  endfacet
  facet normal 0 0 -1
    outer loop
      vertex 103.699 50.0007 0
      vertex 85.3014 50.0007 0
      vertex 85.4445 50.0865 0
    endloop
  endfacet
  facet normal 0 0 -1
    outer loop
      vertex 103.849 49.9294 0
      vertex 85.1506 49.9294 0
      vertex 85.3014 50.0007 0
    endloop
  endfacet
  facet normal 0 0 -1
    outer loop
      vertex 104.007 49.8732 0
      vertex 84.9935 49.8732 0
      vertex 85.1506 49.9294 0
    endloop
  endfacet
  facet normal -0 0 -1
    outer loop
      vertex 104.168 49.8327 0
      vertex 80.5 48.5 0
      vertex 84.9935 49.8732 0
    endloop
  endfacet
  facet normal 0 0 -1
    outer loop
      vertex 84.9935 49.8732 0
      vertex 80.5 48.5 0
      vertex 84.8316 49.8327 0
    endloop
  endfacet
  facet normal 0 0 -1
    outer loop
      vertex 84.8316 49.8327 0
      vertex 80.5 48.5 0
      vertex 84.6666 49.8082 0
    endloop
  endfacet
  facet normal -0 0 -1
    outer loop
      vertex 82.8082 51.3334 0
      vertex 80.5 48.5 0
      vertex 82.8 51.5 0
    endloop
  endfacet
  facet normal -0 0 -1
    outer loop
      vertex 82.8327 51.1683 0
      vertex 80.5 48.5 0
      vertex 82.8082 51.3334 0
    endloop
  endfacet
  facet normal -0 0 -1
    outer loop
      vertex 82.8732 51.0065 0
      vertex 80.5 48.5 0
      vertex 82.8327 51.1683 0
    endloop
  endfacet
  facet normal -0 0 -1
    outer loop
      vertex 82.9294 50.8494 0
      vertex 80.5 48.5 0
      vertex 82.8732 51.0065 0
    endloop
  endfacet
  facet normal -0 0 -1
    outer loop
      vertex 83.0007 50.6986 0
      vertex 80.5 48.5 0
      vertex 82.9294 50.8494 0
    endloop
  endfacet
  facet normal -0 0 -1
    outer loop
      vertex 83.0865 50.5555 0
      vertex 80.5 48.5 0
      vertex 83.0007 50.6986 0
    endloop
  endfacet
  facet normal -0 0 -1
    outer loop
      vertex 83.1859 50.4215 0
      vertex 80.5 48.5 0
      vertex 83.0865 50.5555 0
    endloop
  endfacet
  facet normal -0 0 -1
    outer loop
      vertex 83.2979 50.2979 0
      vertex 80.5 48.5 0
      vertex 83.1859 50.4215 0
    endloop
  endfacet
  facet normal -0 0 -1
    outer loop
      vertex 83.4215 50.1859 0
      vertex 80.5 48.5 0
      vertex 83.2979 50.2979 0
    endloop
  endfacet
  facet normal -0 0 -1
    outer loop
      vertex 83.5555 50.0865 0
      vertex 80.5 48.5 0
      vertex 83.4215 50.1859 0
    endloop
  endfacet
  facet normal -0 0 -1
    outer loop
      vertex 83.6986 50.0007 0
      vertex 80.5 48.5 0
      vertex 83.5555 50.0865 0
    endloop
  endfacet
  facet normal -0 0 -1
    outer loop
      vertex 83.8494 49.9294 0
      vertex 80.5 48.5 0
      vertex 83.6986 50.0007 0
    endloop
  endfacet
  facet normal -0 0 -1
    outer loop
      vertex 84.0065 49.8732 0
      vertex 80.5 48.5 0
      vertex 83.8494 49.9294 0
    endloop
  endfacet
  facet normal -0 0 -1
    outer loop
      vertex 84.1684 49.8327 0
      vertex 80.5 48.5 0
      vertex 84.0065 49.8732 0
    endloop
  endfacet
  facet normal -0 0 -1
    outer loop
      vertex 84.3334 49.8082 0
      vertex 80.5 48.5 0
      vertex 84.1684 49.8327 0
    endloop
  endfacet
  facet normal -0 0 -1
    outer loop
      vertex 84.5 49.8 0
      vertex 80.5 48.5 0
      vertex 84.3334 49.8082 0
    endloop
  endfacet
  facet normal 0 0 -1
    outer loop
      vertex 84.6666 49.8082 0
      vertex 80.5 48.5 0
      vertex 84.5 49.8 0
    endloop
  endfacet
  facet normal 0 0 -1
    outer loop
      vertex 134.667 51.8317 0
      vertex 137 48.5 0
      vertex 134.692 51.6666 0
    endloop
  endfacet
  facet normal 0 0 -1
    outer loop
      vertex 134.627 51.9935 0
      vertex 137 48.5 0
      vertex 134.667 51.8317 0
    endloop
  endfacet
  facet normal 0 0 -1
    outer loop
      vertex 134.571 52.1506 0
      vertex 137 48.5 0
      vertex 134.627 51.9935 0
    endloop
  endfacet
  facet normal 0 0 -1
    outer loop
      vertex 134.499 52.3014 0
      vertex 137 48.5 0
      vertex 134.571 52.1506 0
    endloop
  endfacet
  facet normal 0 0 -1
    outer loop
      vertex 137 48.5 0
      vertex 134.499 52.3014 0
      vertex 137 75.5 0
    endloop
  endfacet
  facet normal 0 0 -1
    outer loop
      vertex 134.413 52.4445 0
      vertex 137 75.5 0
      vertex 134.499 52.3014 0
    endloop
  endfacet
  facet normal 0 0 -1
    outer loop
      vertex 134.314 52.5785 0
      vertex 137 75.5 0
      vertex 134.413 52.4445 0
    endloop
  endfacet
  facet normal 0 0 -1
    outer loop
      vertex 134.202 52.7021 0
      vertex 137 75.5 0
      vertex 134.314 52.5785 0
    endloop
  endfacet
  facet normal 0 0 -1
    outer loop
      vertex 134.078 52.8141 0
      vertex 137 75.5 0
      vertex 134.202 52.7021 0
    endloop
  endfacet
  facet normal 0 0 -1
    outer loop
      vertex 133.944 52.9135 0
      vertex 137 75.5 0
      vertex 134.078 52.8141 0
    endloop
  endfacet
  facet normal 0 0 -1
    outer loop
      vertex 133.801 52.9993 0
      vertex 137 75.5 0
      vertex 133.944 52.9135 0
    endloop
  endfacet
  facet normal 0 0 -1
    outer loop
      vertex 133.651 53.0706 0
      vertex 137 75.5 0
      vertex 133.801 52.9993 0
    endloop
  endfacet
  facet normal 0 0 -1
    outer loop
      vertex 133.493 53.1268 0
      vertex 137 75.5 0
      vertex 133.651 53.0706 0
    endloop
  endfacet
  facet normal 0 0 -1
    outer loop
      vertex 133.332 53.1673 0
      vertex 137 75.5 0
      vertex 133.493 53.1268 0
    endloop
  endfacet
  facet normal 0 0 -1
    outer loop
      vertex 133.167 53.1918 0
      vertex 137 75.5 0
      vertex 133.332 53.1673 0
    endloop
  endfacet
  facet normal 0 0 -1
    outer loop
      vertex 133 53.2 0
      vertex 137 75.5 0
      vertex 133.167 53.1918 0
    endloop
  endfacet
  facet normal 0 0 -1
    outer loop
      vertex 132.833 53.1918 0
      vertex 137 75.5 0
      vertex 133 53.2 0
    endloop
  endfacet
  facet normal 0 0 -1
    outer loop
      vertex 132.668 53.1673 0
      vertex 137 75.5 0
      vertex 132.833 53.1918 0
    endloop
  endfacet
  facet normal 0 0 -1
    outer loop
      vertex 132.507 53.1268 0
      vertex 137 75.5 0
      vertex 132.668 53.1673 0
    endloop
  endfacet
  facet normal 0 0 -1
    outer loop
      vertex 132.349 53.0706 0
      vertex 137 75.5 0
      vertex 132.507 53.1268 0
    endloop
  endfacet
  facet normal 0 0 -1
    outer loop
      vertex 132.199 52.9993 0
      vertex 137 75.5 0
      vertex 132.349 53.0706 0
    endloop
  endfacet
  facet normal 0 0 -1
    outer loop
      vertex 132.056 52.9135 0
      vertex 137 75.5 0
      vertex 132.199 52.9993 0
    endloop
  endfacet
  facet normal 0 0 -1
    outer loop
      vertex 131.922 52.8141 0
      vertex 137 75.5 0
      vertex 132.056 52.9135 0
    endloop
  endfacet
  facet normal 0 0 -1
    outer loop
      vertex 110.078 52.8141 0
      vertex 131.922 52.8141 0
      vertex 131.798 52.7021 0
    endloop
  endfacet
  facet normal 0 0 -1
    outer loop
      vertex 110.202 52.7021 0
      vertex 131.798 52.7021 0
      vertex 131.686 52.5785 0
    endloop
  endfacet
  facet normal 0 0 -1
    outer loop
      vertex 110.314 52.5785 0
      vertex 131.686 52.5785 0
      vertex 131.587 52.4445 0
    endloop
  endfacet
  facet normal 0 0 -1
    outer loop
      vertex 110.413 52.4445 0
      vertex 131.587 52.4445 0
      vertex 131.501 52.3014 0
    endloop
  endfacet
  facet normal 0 0 -1
    outer loop
      vertex 110.499 52.3014 0
      vertex 131.501 52.3014 0
      vertex 131.429 52.1506 0
    endloop
  endfacet
  facet normal 0 0 -1
    outer loop
      vertex 110.571 52.1506 0
      vertex 131.429 52.1506 0
      vertex 131.373 51.9935 0
    endloop
  endfacet
  facet normal 0 0 -1
    outer loop
      vertex 110.627 51.9935 0
      vertex 131.373 51.9935 0
      vertex 131.333 51.8317 0
    endloop
  endfacet
  facet normal 0 0 -1
    outer loop
      vertex 110.7 51.5 0
      vertex 131.308 51.6666 0
      vertex 131.3 51.5 0
    endloop
  endfacet
  facet normal 0 0 -1
    outer loop
      vertex 110.692 51.6666 0
      vertex 131.308 51.6666 0
      vertex 110.7 51.5 0
    endloop
  endfacet
  facet normal 0 0 -1
    outer loop
      vertex 131.308 51.6666 0
      vertex 110.692 51.6666 0
      vertex 131.333 51.8317 0
    endloop
  endfacet
  facet normal 0 0 -1
    outer loop
      vertex 110.667 51.8317 0
      vertex 131.333 51.8317 0
      vertex 110.692 51.6666 0
    endloop
  endfacet
  facet normal 0 0 -1
    outer loop
      vertex 110.627 51.9935 0
      vertex 131.333 51.8317 0
      vertex 110.667 51.8317 0
    endloop
  endfacet
  facet normal 0 0 -1
    outer loop
      vertex 131.373 51.9935 0
      vertex 110.627 51.9935 0
      vertex 110.571 52.1506 0
    endloop
  endfacet
  facet normal 0 0 -1
    outer loop
      vertex 131.429 52.1506 0
      vertex 110.571 52.1506 0
      vertex 110.499 52.3014 0
    endloop
  endfacet
  facet normal 0 0 -1
    outer loop
      vertex 131.501 52.3014 0
      vertex 110.499 52.3014 0
      vertex 110.413 52.4445 0
    endloop
  endfacet
  facet normal 0 0 -1
    outer loop
      vertex 131.587 52.4445 0
      vertex 110.413 52.4445 0
      vertex 110.314 52.5785 0
    endloop
  endfacet
  facet normal 0 0 -1
    outer loop
      vertex 131.686 52.5785 0
      vertex 110.314 52.5785 0
      vertex 110.202 52.7021 0
    endloop
  endfacet
  facet normal 0 0 -1
    outer loop
      vertex 131.798 52.7021 0
      vertex 110.202 52.7021 0
      vertex 110.078 52.8141 0
    endloop
  endfacet
  facet normal 0 0 -1
    outer loop
      vertex 131.922 52.8141 0
      vertex 110.078 52.8141 0
      vertex 137 75.5 0
    endloop
  endfacet
  facet normal 0 0 -1
    outer loop
      vertex 109.944 52.9135 0
      vertex 137 75.5 0
      vertex 110.078 52.8141 0
    endloop
  endfacet
  facet normal 0 0 -1
    outer loop
      vertex 109.801 52.9993 0
      vertex 137 75.5 0
      vertex 109.944 52.9135 0
    endloop
  endfacet
  facet normal 0 0 -1
    outer loop
      vertex 109.651 53.0706 0
      vertex 137 75.5 0
      vertex 109.801 52.9993 0
    endloop
  endfacet
  facet normal 0 0 -1
    outer loop
      vertex 109.493 53.1268 0
      vertex 137 75.5 0
      vertex 109.651 53.0706 0
    endloop
  endfacet
  facet normal 0 0 -1
    outer loop
      vertex 109.332 53.1673 0
      vertex 137 75.5 0
      vertex 109.493 53.1268 0
    endloop
  endfacet
  facet normal 0 0 -1
    outer loop
      vertex 109.167 53.1918 0
      vertex 137 75.5 0
      vertex 109.332 53.1673 0
    endloop
  endfacet
  facet normal 0 0 -1
    outer loop
      vertex 109 53.2 0
      vertex 137 75.5 0
      vertex 109.167 53.1918 0
    endloop
  endfacet
  facet normal 0 0 -1
    outer loop
      vertex 80.5 75.5 0
      vertex 109 53.2 0
      vertex 108.833 53.1918 0
    endloop
  endfacet
  facet normal 0 0 -1
    outer loop
      vertex 104.667 53.1918 0
      vertex 108.833 53.1918 0
      vertex 108.668 53.1673 0
    endloop
  endfacet
  facet normal 0 0 -1
    outer loop
      vertex 104.832 53.1673 0
      vertex 108.668 53.1673 0
      vertex 108.507 53.1268 0
    endloop
  endfacet
  facet normal 0 0 -1
    outer loop
      vertex 104.993 53.1268 0
      vertex 108.507 53.1268 0
      vertex 108.349 53.0706 0
    endloop
  endfacet
  facet normal 0 0 -1
    outer loop
      vertex 105.151 53.0706 0
      vertex 108.349 53.0706 0
      vertex 108.199 52.9993 0
    endloop
  endfacet
  facet normal 0 0 -1
    outer loop
      vertex 105.301 52.9993 0
      vertex 108.199 52.9993 0
      vertex 108.056 52.9135 0
    endloop
  endfacet
  facet normal 0 0 -1
    outer loop
      vertex 105.444 52.9135 0
      vertex 108.056 52.9135 0
      vertex 107.922 52.8141 0
    endloop
  endfacet
  facet normal 0 0 -1
    outer loop
      vertex 106.2 51.5 0
      vertex 107.308 51.6666 0
      vertex 107.3 51.5 0
    endloop
  endfacet
  facet normal 0 0 -1
    outer loop
      vertex 106.192 51.6666 0
      vertex 107.308 51.6666 0
      vertex 106.2 51.5 0
    endloop
  endfacet
  facet normal 0 0 -1
    outer loop
      vertex 107.308 51.6666 0
      vertex 106.192 51.6666 0
      vertex 107.333 51.8317 0
    endloop
  endfacet
  facet normal 0 0 -1
    outer loop
      vertex 106.167 51.8317 0
      vertex 107.333 51.8317 0
      vertex 106.192 51.6666 0
    endloop
  endfacet
  facet normal 0 0 -1
    outer loop
      vertex 107.333 51.8317 0
      vertex 106.167 51.8317 0
      vertex 107.373 51.9935 0
    endloop
  endfacet
  facet normal 0 0 -1
    outer loop
      vertex 106.127 51.9935 0
      vertex 107.373 51.9935 0
      vertex 106.167 51.8317 0
    endloop
  endfacet
  facet normal 0 0 -1
    outer loop
      vertex 107.373 51.9935 0
      vertex 106.127 51.9935 0
      vertex 107.429 52.1506 0
    endloop
  endfacet
  facet normal 0 0 -1
    outer loop
      vertex 106.071 52.1506 0
      vertex 107.429 52.1506 0
      vertex 106.127 51.9935 0
    endloop
  endfacet
  facet normal 0 0 -1
    outer loop
      vertex 107.429 52.1506 0
      vertex 106.071 52.1506 0
      vertex 107.501 52.3014 0
    endloop
  endfacet
  facet normal 0 0 -1
    outer loop
      vertex 105.999 52.3014 0
      vertex 107.501 52.3014 0
      vertex 106.071 52.1506 0
    endloop
  endfacet
  facet normal 0 0 -1
    outer loop
      vertex 107.501 52.3014 0
      vertex 105.999 52.3014 0
      vertex 107.587 52.4445 0
    endloop
  endfacet
  facet normal 0 0 -1
    outer loop
      vertex 105.913 52.4445 0
      vertex 107.587 52.4445 0
      vertex 105.999 52.3014 0
    endloop
  endfacet
  facet normal 0 0 -1
    outer loop
      vertex 107.587 52.4445 0
      vertex 105.913 52.4445 0
      vertex 107.686 52.5785 0
    endloop
  endfacet
  facet normal 0 0 -1
    outer loop
      vertex 105.814 52.5785 0
      vertex 107.686 52.5785 0
      vertex 105.913 52.4445 0
    endloop
  endfacet
  facet normal 0 0 -1
    outer loop
      vertex 107.686 52.5785 0
      vertex 105.814 52.5785 0
      vertex 107.798 52.7021 0
    endloop
  endfacet
  facet normal 0 0 -1
    outer loop
      vertex 105.702 52.7021 0
      vertex 107.798 52.7021 0
      vertex 105.814 52.5785 0
    endloop
  endfacet
  facet normal 0 0 -1
    outer loop
      vertex 107.798 52.7021 0
      vertex 105.702 52.7021 0
      vertex 107.922 52.8141 0
    endloop
  endfacet
  facet normal 0 0 -1
    outer loop
      vertex 105.578 52.8141 0
      vertex 107.922 52.8141 0
      vertex 105.702 52.7021 0
    endloop
  endfacet
  facet normal 0 0 -1
    outer loop
      vertex 105.444 52.9135 0
      vertex 107.922 52.8141 0
      vertex 105.578 52.8141 0
    endloop
  endfacet
  facet normal 0 0 -1
    outer loop
      vertex 108.056 52.9135 0
      vertex 105.444 52.9135 0
      vertex 105.301 52.9993 0
    endloop
  endfacet
  facet normal 0 0 -1
    outer loop
      vertex 108.199 52.9993 0
      vertex 105.301 52.9993 0
      vertex 105.151 53.0706 0
    endloop
  endfacet
  facet normal 0 0 -1
    outer loop
      vertex 108.349 53.0706 0
      vertex 105.151 53.0706 0
      vertex 104.993 53.1268 0
    endloop
  endfacet
  facet normal 0 0 -1
    outer loop
      vertex 108.507 53.1268 0
      vertex 104.993 53.1268 0
      vertex 104.832 53.1673 0
    endloop
  endfacet
  facet normal 0 0 -1
    outer loop
      vertex 108.668 53.1673 0
      vertex 104.832 53.1673 0
      vertex 104.667 53.1918 0
    endloop
  endfacet
  facet normal 0 0 -1
    outer loop
      vertex 108.833 53.1918 0
      vertex 104.667 53.1918 0
      vertex 80.5 75.5 0
    endloop
  endfacet
  facet normal 0 0 -1
    outer loop
      vertex 80.5 75.5 0
      vertex 104.667 53.1918 0
      vertex 104.5 53.2 0
    endloop
  endfacet
  facet normal 0 0 -1
    outer loop
      vertex 80.5 75.5 0
      vertex 104.5 53.2 0
      vertex 104.333 53.1918 0
    endloop
  endfacet
  facet normal 0 0 -1
    outer loop
      vertex 80.5 75.5 0
      vertex 104.333 53.1918 0
      vertex 104.168 53.1673 0
    endloop
  endfacet
  facet normal 0 0 -1
    outer loop
      vertex 80.5 75.5 0
      vertex 104.168 53.1673 0
      vertex 104.007 53.1268 0
    endloop
  endfacet
  facet normal 0 0 -1
    outer loop
      vertex 80.5 75.5 0
      vertex 104.007 53.1268 0
      vertex 103.849 53.0706 0
    endloop
  endfacet
  facet normal 0 0 -1
    outer loop
      vertex 80.5 75.5 0
      vertex 103.849 53.0706 0
      vertex 103.699 52.9993 0
    endloop
  endfacet
  facet normal 0 0 -1
    outer loop
      vertex 80.5 75.5 0
      vertex 103.699 52.9993 0
      vertex 103.556 52.9135 0
    endloop
  endfacet
  facet normal 0 0 -1
    outer loop
      vertex 86.2 51.5 0
      vertex 102.808 51.6666 0
      vertex 102.8 51.5 0
    endloop
  endfacet
  facet normal 0 0 -1
    outer loop
      vertex 86.1918 51.6666 0
      vertex 102.808 51.6666 0
      vertex 86.2 51.5 0
    endloop
  endfacet
  facet normal 0 0 -1
    outer loop
      vertex 102.808 51.6666 0
      vertex 86.1918 51.6666 0
      vertex 102.833 51.8317 0
    endloop
  endfacet
  facet normal 0 0 -1
    outer loop
      vertex 86.1673 51.8317 0
      vertex 102.833 51.8317 0
      vertex 86.1918 51.6666 0
    endloop
  endfacet
  facet normal 0 0 -1
    outer loop
      vertex 102.833 51.8317 0
      vertex 86.1673 51.8317 0
      vertex 102.873 51.9935 0
    endloop
  endfacet
  facet normal 0 0 -1
    outer loop
      vertex 86.1268 51.9935 0
      vertex 102.873 51.9935 0
      vertex 86.1673 51.8317 0
    endloop
  endfacet
  facet normal 0 0 -1
    outer loop
      vertex 102.873 51.9935 0
      vertex 86.1268 51.9935 0
      vertex 102.929 52.1506 0
    endloop
  endfacet
  facet normal 0 0 -1
    outer loop
      vertex 86.0706 52.1506 0
      vertex 102.929 52.1506 0
      vertex 86.1268 51.9935 0
    endloop
  endfacet
  facet normal 0 0 -1
    outer loop
      vertex 102.929 52.1506 0
      vertex 86.0706 52.1506 0
      vertex 103.001 52.3014 0
    endloop
  endfacet
  facet normal 0 0 -1
    outer loop
      vertex 85.9993 52.3014 0
      vertex 103.001 52.3014 0
      vertex 86.0706 52.1506 0
    endloop
  endfacet
  facet normal 0 0 -1
    outer loop
      vertex 103.001 52.3014 0
      vertex 85.9993 52.3014 0
      vertex 103.087 52.4445 0
    endloop
  endfacet
  facet normal 0 0 -1
    outer loop
      vertex 85.9135 52.4445 0
      vertex 103.087 52.4445 0
      vertex 85.9993 52.3014 0
    endloop
  endfacet
  facet normal 0 0 -1
    outer loop
      vertex 103.087 52.4445 0
      vertex 85.9135 52.4445 0
      vertex 103.186 52.5785 0
    endloop
  endfacet
  facet normal 0 0 -1
    outer loop
      vertex 85.8141 52.5785 0
      vertex 103.186 52.5785 0
      vertex 85.9135 52.4445 0
    endloop
  endfacet
  facet normal 0 0 -1
    outer loop
      vertex 103.186 52.5785 0
      vertex 85.8141 52.5785 0
      vertex 103.298 52.7021 0
    endloop
  endfacet
  facet normal 0 0 -1
    outer loop
      vertex 85.7021 52.7021 0
      vertex 103.298 52.7021 0
      vertex 85.8141 52.5785 0
    endloop
  endfacet
  facet normal 0 0 -1
    outer loop
      vertex 103.298 52.7021 0
      vertex 85.7021 52.7021 0
      vertex 103.422 52.8141 0
    endloop
  endfacet
  facet normal 0 0 -1
    outer loop
      vertex 85.5785 52.8141 0
      vertex 103.422 52.8141 0
      vertex 85.7021 52.7021 0
    endloop
  endfacet
  facet normal 0 0 -1
    outer loop
      vertex 103.422 52.8141 0
      vertex 85.5785 52.8141 0
      vertex 103.556 52.9135 0
    endloop
  endfacet
  facet normal 0 0 -1
    outer loop
      vertex 85.4445 52.9135 0
      vertex 103.556 52.9135 0
      vertex 85.5785 52.8141 0
    endloop
  endfacet
  facet normal 0 0 -1
    outer loop
      vertex 103.556 52.9135 0
      vertex 85.4445 52.9135 0
      vertex 80.5 75.5 0
    endloop
  endfacet
  facet normal 0 0 -1
    outer loop
      vertex 80.5 75.5 0
      vertex 85.4445 52.9135 0
      vertex 85.3014 52.9993 0
    endloop
  endfacet
  facet normal 0 0 -1
    outer loop
      vertex 80.5 75.5 0
      vertex 85.3014 52.9993 0
      vertex 85.1506 53.0706 0
    endloop
  endfacet
  facet normal 0 0 -1
    outer loop
      vertex 80.5 75.5 0
      vertex 85.1506 53.0706 0
      vertex 84.9935 53.1268 0
    endloop
  endfacet
  facet normal 0 0 -1
    outer loop
      vertex 80.5 75.5 0
      vertex 84.9935 53.1268 0
      vertex 84.8316 53.1673 0
    endloop
  endfacet
  facet normal 0 0 -1
    outer loop
      vertex 80.5 75.5 0
      vertex 84.8316 53.1673 0
      vertex 84.6666 53.1918 0
    endloop
  endfacet
  facet normal 0 0 -1
    outer loop
      vertex 80.5 75.5 0
      vertex 84.6666 53.1918 0
      vertex 84.5 53.2 0
    endloop
  endfacet
  facet normal 0 0 -1
    outer loop
      vertex 80.5 75.5 0
      vertex 84.5 53.2 0
      vertex 84.3334 53.1918 0
    endloop
  endfacet
  facet normal 0 0 -1
    outer loop
      vertex 80.5 75.5 0
      vertex 84.3334 53.1918 0
      vertex 84.1684 53.1673 0
    endloop
  endfacet
  facet normal 0 0 -1
    outer loop
      vertex 80.5 75.5 0
      vertex 84.1684 53.1673 0
      vertex 84.0065 53.1268 0
    endloop
  endfacet
  facet normal 0 0 -1
    outer loop
      vertex 80.5 75.5 0
      vertex 84.0065 53.1268 0
      vertex 83.8494 53.0706 0
    endloop
  endfacet
  facet normal 0 0 -1
    outer loop
      vertex 80.5 48.5 0
      vertex 82.8082 51.6666 0
      vertex 82.8 51.5 0
    endloop
  endfacet
  facet normal 0 0 -1
    outer loop
      vertex 80.5 48.5 0
      vertex 82.8327 51.8317 0
      vertex 82.8082 51.6666 0
    endloop
  endfacet
  facet normal 0 0 -1
    outer loop
      vertex 80.5 48.5 0
      vertex 82.8732 51.9935 0
      vertex 82.8327 51.8317 0
    endloop
  endfacet
  facet normal 0 0 -1
    outer loop
      vertex 80.5 48.5 0
      vertex 82.9294 52.1506 0
      vertex 82.8732 51.9935 0
    endloop
  endfacet
  facet normal 0 0 -1
    outer loop
      vertex 80.5 48.5 0
      vertex 83.0007 52.3014 0
      vertex 82.9294 52.1506 0
    endloop
  endfacet
  facet normal 0 0 -1
    outer loop
      vertex 80.5 75.5 0
      vertex 83.0007 52.3014 0
      vertex 80.5 48.5 0
    endloop
  endfacet
  facet normal 0 0 -1
    outer loop
      vertex 109 53.2 0
      vertex 80.5 75.5 0
      vertex 137 75.5 0
    endloop
  endfacet
  facet normal 0 0 -1
    outer loop
      vertex 83.6986 52.9993 0
      vertex 80.5 75.5 0
      vertex 83.8494 53.0706 0
    endloop
  endfacet
  facet normal 0 0 -1
    outer loop
      vertex 83.5555 52.9135 0
      vertex 80.5 75.5 0
      vertex 83.6986 52.9993 0
    endloop
  endfacet
  facet normal 0 0 -1
    outer loop
      vertex 83.4215 52.8141 0
      vertex 80.5 75.5 0
      vertex 83.5555 52.9135 0
    endloop
  endfacet
  facet normal 0 0 -1
    outer loop
      vertex 83.2979 52.7021 0
      vertex 80.5 75.5 0
      vertex 83.4215 52.8141 0
    endloop
  endfacet
  facet normal 0 0 -1
    outer loop
      vertex 83.1859 52.5785 0
      vertex 80.5 75.5 0
      vertex 83.2979 52.7021 0
    endloop
  endfacet
  facet normal 0 0 -1
    outer loop
      vertex 83.0865 52.4445 0
      vertex 80.5 75.5 0
      vertex 83.1859 52.5785 0
    endloop
  endfacet
  facet normal 0 0 -1
    outer loop
      vertex 83.0007 52.3014 0
      vertex 80.5 75.5 0
      vertex 83.0865 52.4445 0
    endloop
  endfacet
  facet normal -1 0 0
    outer loop
      vertex 80.5 48.5 0
      vertex 80.5 75.5 19
      vertex 80.5 75.5 0
    endloop
  endfacet
  facet normal -1 -0 0
    outer loop
      vertex 80.5 75.5 19
      vertex 80.5 48.5 0
      vertex 80.5 48.5 19
    endloop
  endfacet
  facet normal 0 1 -0
    outer loop
      vertex 114.8 75.5 14.4
      vertex 100.7 75.5 19
      vertex 137 75.5 19
    endloop
  endfacet
  facet normal 0 1 0
    outer loop
      vertex 100.7 75.5 19
      vertex 103.627 75.5 15.7937
      vertex 103.5 75.5 15.8
    endloop
  endfacet
  facet normal 0 1 0
    outer loop
      vertex 100.7 75.5 19
      vertex 103.754 75.5 15.775
      vertex 103.627 75.5 15.7937
    endloop
  endfacet
  facet normal -0 1 -0
    outer loop
      vertex 104.222 75.5 15.5809
      vertex 100.7 75.5 19
      vertex 114.8 75.5 14.4
    endloop
  endfacet
  facet normal 0 1 0
    outer loop
      vertex 100.7 75.5 19
      vertex 103.877 75.5 15.744
      vertex 103.754 75.5 15.775
    endloop
  endfacet
  facet normal 0 1 0
    outer loop
      vertex 100.7 75.5 19
      vertex 103.997 75.5 15.701
      vertex 103.877 75.5 15.744
    endloop
  endfacet
  facet normal 0 1 0
    outer loop
      vertex 100.7 75.5 19
      vertex 104.113 75.5 15.6465
      vertex 103.997 75.5 15.701
    endloop
  endfacet
  facet normal 0 1 0
    outer loop
      vertex 100.7 75.5 19
      vertex 104.222 75.5 15.5809
      vertex 104.113 75.5 15.6465
    endloop
  endfacet
  facet normal 0 1 0
    outer loop
      vertex 104.222 75.5 15.5809
      vertex 114.8 75.5 14.4
      vertex 104.325 75.5 15.5049
    endloop
  endfacet
  facet normal 0 1 0
    outer loop
      vertex 104.325 75.5 15.5049
      vertex 114.8 75.5 14.4
      vertex 104.419 75.5 15.4192
    endloop
  endfacet
  facet normal 0 1 0
    outer loop
      vertex 104.419 75.5 15.4192
      vertex 114.8 75.5 14.4
      vertex 104.505 75.5 15.3247
    endloop
  endfacet
  facet normal 0 1 0
    outer loop
      vertex 104.505 75.5 15.3247
      vertex 114.8 75.5 14.4
      vertex 104.581 75.5 15.2222
    endloop
  endfacet
  facet normal 0 1 0
    outer loop
      vertex 104.581 75.5 15.2222
      vertex 114.8 75.5 14.4
      vertex 104.646 75.5 15.1128
    endloop
  endfacet
  facet normal 0 1 0
    outer loop
      vertex 104.646 75.5 15.1128
      vertex 114.8 75.5 14.4
      vertex 104.701 75.5 14.9975
    endloop
  endfacet
  facet normal 0 1 0
    outer loop
      vertex 104.701 75.5 14.9975
      vertex 114.8 75.5 14.4
      vertex 104.744 75.5 14.8774
    endloop
  endfacet
  facet normal 0 1 0
    outer loop
      vertex 104.744 75.5 14.8774
      vertex 114.8 75.5 14.4
      vertex 104.775 75.5 14.7536
    endloop
  endfacet
  facet normal 0 1 0
    outer loop
      vertex 104.775 75.5 14.7536
      vertex 114.8 75.5 14.4
      vertex 104.794 75.5 14.6274
    endloop
  endfacet
  facet normal 0 1 0
    outer loop
      vertex 114.8 75.5 14.4
      vertex 137 75.5 19
      vertex 127.2 75.5 14.4
    endloop
  endfacet
  facet normal 0 1 -0
    outer loop
      vertex 130.497 75.5 10.401
      vertex 127.2 75.5 14.4
      vertex 137 75.5 19
    endloop
  endfacet
  facet normal 0 1 0
    outer loop
      vertex 127.2 75.5 14.4
      vertex 130.127 75.5 10.4937
      vertex 130 75.5 10.5
    endloop
  endfacet
  facet normal 0 1 0
    outer loop
      vertex 127.2 75.5 14.4
      vertex 130.254 75.5 10.475
      vertex 130.127 75.5 10.4937
    endloop
  endfacet
  facet normal 0 1 0
    outer loop
      vertex 127.2 75.5 14.4
      vertex 130.377 75.5 10.444
      vertex 130.254 75.5 10.475
    endloop
  endfacet
  facet normal 0 1 0
    outer loop
      vertex 127.2 75.5 14.4
      vertex 130.497 75.5 10.401
      vertex 130.377 75.5 10.444
    endloop
  endfacet
  facet normal 0 1 0
    outer loop
      vertex 137 75.5 19
      vertex 130.613 75.5 10.3465
      vertex 130.497 75.5 10.401
    endloop
  endfacet
  facet normal 0 1 0
    outer loop
      vertex 137 75.5 19
      vertex 130.722 75.5 10.2809
      vertex 130.613 75.5 10.3465
    endloop
  endfacet
  facet normal 0 1 0
    outer loop
      vertex 137 75.5 19
      vertex 130.825 75.5 10.2049
      vertex 130.722 75.5 10.2809
    endloop
  endfacet
  facet normal 0 1 0
    outer loop
      vertex 137 75.5 19
      vertex 130.919 75.5 10.1192
      vertex 130.825 75.5 10.2049
    endloop
  endfacet
  facet normal 0 1 0
    outer loop
      vertex 137 75.5 19
      vertex 131.005 75.5 10.0247
      vertex 130.919 75.5 10.1192
    endloop
  endfacet
  facet normal 0 1 0
    outer loop
      vertex 137 75.5 19
      vertex 131.081 75.5 9.92224
      vertex 131.005 75.5 10.0247
    endloop
  endfacet
  facet normal 0 1 0
    outer loop
      vertex 137 75.5 19
      vertex 131.146 75.5 9.81282
      vertex 131.081 75.5 9.92224
    endloop
  endfacet
  facet normal 0 1 0
    outer loop
      vertex 137 75.5 19
      vertex 131.201 75.5 9.69749
      vertex 131.146 75.5 9.81282
    endloop
  endfacet
  facet normal 0 1 0
    outer loop
      vertex 137 75.5 19
      vertex 131.244 75.5 9.57737
      vertex 131.201 75.5 9.69749
    endloop
  endfacet
  facet normal 0 1 0
    outer loop
      vertex 137 75.5 19
      vertex 131.275 75.5 9.45362
      vertex 131.244 75.5 9.57737
    endloop
  endfacet
  facet normal 0 1 0
    outer loop
      vertex 137 75.5 19
      vertex 131.294 75.5 9.32742
      vertex 131.275 75.5 9.45362
    endloop
  endfacet
  facet normal 0 1 0
    outer loop
      vertex 137 75.5 19
      vertex 131.3 75.5 9.2
      vertex 131.294 75.5 9.32742
    endloop
  endfacet
  facet normal 0 1 -0
    outer loop
      vertex 137 75.5 0
      vertex 131.3 75.5 9.2
      vertex 137 75.5 19
    endloop
  endfacet
  facet normal 0 1 0
    outer loop
      vertex 131.3 75.5 9.2
      vertex 137 75.5 0
      vertex 131.294 75.5 9.07258
    endloop
  endfacet
  facet normal 0 1 0
    outer loop
      vertex 131.294 75.5 9.07258
      vertex 137 75.5 0
      vertex 131.275 75.5 8.94638
    endloop
  endfacet
  facet normal 0 1 0
    outer loop
      vertex 131.275 75.5 8.94638
      vertex 137 75.5 0
      vertex 131.244 75.5 8.82263
    endloop
  endfacet
  facet normal 0 1 0
    outer loop
      vertex 131.244 75.5 8.82263
      vertex 137 75.5 0
      vertex 131.201 75.5 8.70251
    endloop
  endfacet
  facet normal 0 1 0
    outer loop
      vertex 130.127 75.5 7.90626
      vertex 127.2 75.5 4
      vertex 130 75.5 7.9
    endloop
  endfacet
  facet normal 0 1 0
    outer loop
      vertex 130.254 75.5 7.92498
      vertex 127.2 75.5 4
      vertex 130.127 75.5 7.90626
    endloop
  endfacet
  facet normal 0 1 0
    outer loop
      vertex 130.377 75.5 7.95598
      vertex 127.2 75.5 4
      vertex 130.254 75.5 7.92498
    endloop
  endfacet
  facet normal 0 1 0
    outer loop
      vertex 130.497 75.5 7.99896
      vertex 127.2 75.5 4
      vertex 130.377 75.5 7.95598
    endloop
  endfacet
  facet normal 0 1 0
    outer loop
      vertex 137 75.5 0
      vertex 130.497 75.5 7.99896
      vertex 130.613 75.5 8.0535
    endloop
  endfacet
  facet normal 0 1 0
    outer loop
      vertex 137 75.5 0
      vertex 130.613 75.5 8.0535
      vertex 130.722 75.5 8.11909
    endloop
  endfacet
  facet normal 0 1 0
    outer loop
      vertex 137 75.5 0
      vertex 130.722 75.5 8.11909
      vertex 130.825 75.5 8.19509
    endloop
  endfacet
  facet normal 0 1 0
    outer loop
      vertex 137 75.5 0
      vertex 130.825 75.5 8.19509
      vertex 130.919 75.5 8.28076
    endloop
  endfacet
  facet normal 0 1 0
    outer loop
      vertex 137 75.5 0
      vertex 130.919 75.5 8.28076
      vertex 131.005 75.5 8.37529
    endloop
  endfacet
  facet normal 0 1 0
    outer loop
      vertex 127.2 75.5 4
      vertex 137 75.5 0
      vertex 114.8 75.5 4
    endloop
  endfacet
  facet normal 0 1 0
    outer loop
      vertex 130.497 75.5 7.99896
      vertex 137 75.5 0
      vertex 127.2 75.5 4
    endloop
  endfacet
  facet normal 0 1 0
    outer loop
      vertex 131.081 75.5 8.47776
      vertex 137 75.5 0
      vertex 131.005 75.5 8.37529
    endloop
  endfacet
  facet normal 0 1 0
    outer loop
      vertex 131.146 75.5 8.58718
      vertex 137 75.5 0
      vertex 131.081 75.5 8.47776
    endloop
  endfacet
  facet normal 0 1 0
    outer loop
      vertex 131.201 75.5 8.70251
      vertex 137 75.5 0
      vertex 131.146 75.5 8.58718
    endloop
  endfacet
  facet normal 0 1 -0
    outer loop
      vertex 103.373 75.5 15.7937
      vertex 100.7 75.5 19
      vertex 103.5 75.5 15.8
    endloop
  endfacet
  facet normal 0 1 -0
    outer loop
      vertex 103.246 75.5 15.775
      vertex 100.7 75.5 19
      vertex 103.373 75.5 15.7937
    endloop
  endfacet
  facet normal 0 1 -0
    outer loop
      vertex 103.123 75.5 15.744
      vertex 100.7 75.5 19
      vertex 103.246 75.5 15.775
    endloop
  endfacet
  facet normal 0 1 -0
    outer loop
      vertex 103.003 75.5 15.701
      vertex 100.7 75.5 19
      vertex 103.123 75.5 15.744
    endloop
  endfacet
  facet normal 0 1 -0
    outer loop
      vertex 102.887 75.5 15.6465
      vertex 100.7 75.5 19
      vertex 103.003 75.5 15.701
    endloop
  endfacet
  facet normal 0 1 -0
    outer loop
      vertex 102.778 75.5 15.5809
      vertex 100.7 75.5 19
      vertex 102.887 75.5 15.6465
    endloop
  endfacet
  facet normal 0 1 -0
    outer loop
      vertex 102.675 75.5 15.5049
      vertex 100.7 75.5 19
      vertex 102.778 75.5 15.5809
    endloop
  endfacet
  facet normal 0 1 -0
    outer loop
      vertex 102.581 75.5 15.4192
      vertex 100.7 75.5 19
      vertex 102.675 75.5 15.5049
    endloop
  endfacet
  facet normal 0 1 -0
    outer loop
      vertex 102.495 75.5 15.3247
      vertex 100.7 75.5 19
      vertex 102.581 75.5 15.4192
    endloop
  endfacet
  facet normal 0 1 -0
    outer loop
      vertex 102.419 75.5 15.2222
      vertex 100.7 75.5 19
      vertex 102.495 75.5 15.3247
    endloop
  endfacet
  facet normal 0 1 -0
    outer loop
      vertex 102.354 75.5 15.1128
      vertex 100.7 75.5 19
      vertex 102.419 75.5 15.2222
    endloop
  endfacet
  facet normal 0 1 -0
    outer loop
      vertex 102.299 75.5 14.9975
      vertex 100.7 75.5 19
      vertex 102.354 75.5 15.1128
    endloop
  endfacet
  facet normal 0 1 -0
    outer loop
      vertex 102.256 75.5 14.8774
      vertex 100.7 75.5 19
      vertex 102.299 75.5 14.9975
    endloop
  endfacet
  facet normal 0 1 -0
    outer loop
      vertex 102.225 75.5 14.7536
      vertex 100.7 75.5 19
      vertex 102.256 75.5 14.8774
    endloop
  endfacet
  facet normal 0 1 -0
    outer loop
      vertex 102.206 75.5 14.6274
      vertex 100.7 75.5 19
      vertex 102.225 75.5 14.7536
    endloop
  endfacet
  facet normal 0 1 -0
    outer loop
      vertex 102.2 75.5 14.5
      vertex 100.7 75.5 19
      vertex 102.206 75.5 14.6274
    endloop
  endfacet
  facet normal 0 1 0
    outer loop
      vertex 100.7 75.5 9.3
      vertex 102.2 75.5 14.5
      vertex 102.206 75.5 14.3726
    endloop
  endfacet
  facet normal 0 1 0
    outer loop
      vertex 100.7 75.5 9.3
      vertex 102.206 75.5 14.3726
      vertex 102.225 75.5 14.2464
    endloop
  endfacet
  facet normal 0 1 0
    outer loop
      vertex 100.7 75.5 9.3
      vertex 102.225 75.5 14.2464
      vertex 102.256 75.5 14.1226
    endloop
  endfacet
  facet normal 0 1 -0
    outer loop
      vertex 110.854 75.5 9.81282
      vertex 104.581 75.5 13.7778
      vertex 110.919 75.5 9.92224
    endloop
  endfacet
  facet normal 0 1 0
    outer loop
      vertex 104.581 75.5 13.7778
      vertex 110.854 75.5 9.81282
      vertex 104.505 75.5 13.6753
    endloop
  endfacet
  facet normal 0 1 -0
    outer loop
      vertex 110.799 75.5 9.69749
      vertex 104.505 75.5 13.6753
      vertex 110.854 75.5 9.81282
    endloop
  endfacet
  facet normal 0 1 0
    outer loop
      vertex 104.505 75.5 13.6753
      vertex 110.799 75.5 9.69749
      vertex 104.419 75.5 13.5808
    endloop
  endfacet
  facet normal 0 1 -0
    outer loop
      vertex 110.756 75.5 9.57737
      vertex 104.419 75.5 13.5808
      vertex 110.799 75.5 9.69749
    endloop
  endfacet
  facet normal 0 1 0
    outer loop
      vertex 104.419 75.5 13.5808
      vertex 110.756 75.5 9.57737
      vertex 104.325 75.5 13.4951
    endloop
  endfacet
  facet normal 0 1 -0
    outer loop
      vertex 110.725 75.5 9.45362
      vertex 104.325 75.5 13.4951
      vertex 110.756 75.5 9.57737
    endloop
  endfacet
  facet normal 0 1 0
    outer loop
      vertex 104.325 75.5 13.4951
      vertex 110.725 75.5 9.45362
      vertex 104.222 75.5 13.4191
    endloop
  endfacet
  facet normal 0 1 -0
    outer loop
      vertex 110.706 75.5 9.32742
      vertex 104.222 75.5 13.4191
      vertex 110.725 75.5 9.45362
    endloop
  endfacet
  facet normal 0 1 0
    outer loop
      vertex 104.222 75.5 13.4191
      vertex 110.706 75.5 9.32742
      vertex 104.113 75.5 13.3535
    endloop
  endfacet
  facet normal 0 1 -0
    outer loop
      vertex 110.7 75.5 9.2
      vertex 104.113 75.5 13.3535
      vertex 110.706 75.5 9.32742
    endloop
  endfacet
  facet normal 0 1 0
    outer loop
      vertex 104.113 75.5 13.3535
      vertex 110.7 75.5 9.2
      vertex 103.997 75.5 13.299
    endloop
  endfacet
  facet normal 0 1 0
    outer loop
      vertex 110.706 75.5 9.07258
      vertex 103.997 75.5 13.299
      vertex 110.7 75.5 9.2
    endloop
  endfacet
  facet normal -0 1 0
    outer loop
      vertex 100.7 75.5 9.3
      vertex 103.997 75.5 13.299
      vertex 110.706 75.5 9.07258
    endloop
  endfacet
  facet normal 0 1 0
    outer loop
      vertex 103.997 75.5 13.299
      vertex 100.7 75.5 9.3
      vertex 103.877 75.5 13.256
    endloop
  endfacet
  facet normal 0 1 0
    outer loop
      vertex 103.877 75.5 13.256
      vertex 100.7 75.5 9.3
      vertex 103.754 75.5 13.225
    endloop
  endfacet
  facet normal 0 1 0
    outer loop
      vertex 103.754 75.5 13.225
      vertex 100.7 75.5 9.3
      vertex 103.627 75.5 13.2063
    endloop
  endfacet
  facet normal 0 1 0
    outer loop
      vertex 103.627 75.5 13.2063
      vertex 100.7 75.5 9.3
      vertex 103.5 75.5 13.2
    endloop
  endfacet
  facet normal 0 1 0
    outer loop
      vertex 103.373 75.5 13.2063
      vertex 100.7 75.5 9.3
      vertex 103.246 75.5 13.225
    endloop
  endfacet
  facet normal 0 1 0
    outer loop
      vertex 103.246 75.5 13.225
      vertex 100.7 75.5 9.3
      vertex 103.123 75.5 13.256
    endloop
  endfacet
  facet normal 0 1 0
    outer loop
      vertex 102.2 75.5 14.5
      vertex 100.7 75.5 9.3
      vertex 100.7 75.5 19
    endloop
  endfacet
  facet normal 0 1 0
    outer loop
      vertex 102.299 75.5 14.0025
      vertex 100.7 75.5 9.3
      vertex 102.256 75.5 14.1226
    endloop
  endfacet
  facet normal 0 1 0
    outer loop
      vertex 102.354 75.5 13.8872
      vertex 100.7 75.5 9.3
      vertex 102.299 75.5 14.0025
    endloop
  endfacet
  facet normal 0 1 0
    outer loop
      vertex 102.419 75.5 13.7778
      vertex 100.7 75.5 9.3
      vertex 102.354 75.5 13.8872
    endloop
  endfacet
  facet normal 0 1 0
    outer loop
      vertex 102.495 75.5 13.6753
      vertex 100.7 75.5 9.3
      vertex 102.419 75.5 13.7778
    endloop
  endfacet
  facet normal 0 1 0
    outer loop
      vertex 102.581 75.5 13.5808
      vertex 100.7 75.5 9.3
      vertex 102.495 75.5 13.6753
    endloop
  endfacet
  facet normal 0 1 0
    outer loop
      vertex 102.675 75.5 13.4951
      vertex 100.7 75.5 9.3
      vertex 102.581 75.5 13.5808
    endloop
  endfacet
  facet normal 0 1 0
    outer loop
      vertex 102.778 75.5 13.4191
      vertex 100.7 75.5 9.3
      vertex 102.675 75.5 13.4951
    endloop
  endfacet
  facet normal 0 1 0
    outer loop
      vertex 102.887 75.5 13.3535
      vertex 100.7 75.5 9.3
      vertex 102.778 75.5 13.4191
    endloop
  endfacet
  facet normal 0 1 0
    outer loop
      vertex 103.123 75.5 13.256
      vertex 100.7 75.5 9.3
      vertex 103.003 75.5 13.299
    endloop
  endfacet
  facet normal 0 1 0
    outer loop
      vertex 103.5 75.5 13.2
      vertex 100.7 75.5 9.3
      vertex 103.373 75.5 13.2063
    endloop
  endfacet
  facet normal 0 1 0
    outer loop
      vertex 103.003 75.5 13.299
      vertex 100.7 75.5 9.3
      vertex 102.887 75.5 13.3535
    endloop
  endfacet
  facet normal 0 1 -0
    outer loop
      vertex 111.503 75.5 10.401
      vertex 104.794 75.5 14.6274
      vertex 114.8 75.5 14.4
    endloop
  endfacet
  facet normal 0 1 0
    outer loop
      vertex 111.873 75.5 10.4937
      vertex 114.8 75.5 14.4
      vertex 112 75.5 10.5
    endloop
  endfacet
  facet normal 0 1 0
    outer loop
      vertex 111.746 75.5 10.475
      vertex 114.8 75.5 14.4
      vertex 111.873 75.5 10.4937
    endloop
  endfacet
  facet normal 0 1 0
    outer loop
      vertex 111.623 75.5 10.444
      vertex 114.8 75.5 14.4
      vertex 111.746 75.5 10.475
    endloop
  endfacet
  facet normal 0 1 0
    outer loop
      vertex 111.503 75.5 10.401
      vertex 114.8 75.5 14.4
      vertex 111.623 75.5 10.444
    endloop
  endfacet
  facet normal 0 1 0
    outer loop
      vertex 104.794 75.5 14.6274
      vertex 111.503 75.5 10.401
      vertex 104.8 75.5 14.5
    endloop
  endfacet
  facet normal 0 1 -0
    outer loop
      vertex 111.387 75.5 10.3465
      vertex 104.8 75.5 14.5
      vertex 111.503 75.5 10.401
    endloop
  endfacet
  facet normal 0 1 0
    outer loop
      vertex 104.8 75.5 14.5
      vertex 111.387 75.5 10.3465
      vertex 104.794 75.5 14.3726
    endloop
  endfacet
  facet normal 0 1 -0
    outer loop
      vertex 111.278 75.5 10.2809
      vertex 104.794 75.5 14.3726
      vertex 111.387 75.5 10.3465
    endloop
  endfacet
  facet normal 0 1 0
    outer loop
      vertex 104.794 75.5 14.3726
      vertex 111.278 75.5 10.2809
      vertex 104.775 75.5 14.2464
    endloop
  endfacet
  facet normal 0 1 -0
    outer loop
      vertex 111.175 75.5 10.2049
      vertex 104.775 75.5 14.2464
      vertex 111.278 75.5 10.2809
    endloop
  endfacet
  facet normal 0 1 0
    outer loop
      vertex 104.775 75.5 14.2464
      vertex 111.175 75.5 10.2049
      vertex 104.744 75.5 14.1226
    endloop
  endfacet
  facet normal 0 1 -0
    outer loop
      vertex 111.081 75.5 10.1192
      vertex 104.744 75.5 14.1226
      vertex 111.175 75.5 10.2049
    endloop
  endfacet
  facet normal 0 1 0
    outer loop
      vertex 104.744 75.5 14.1226
      vertex 111.081 75.5 10.1192
      vertex 104.701 75.5 14.0025
    endloop
  endfacet
  facet normal 0 1 -0
    outer loop
      vertex 110.995 75.5 10.0247
      vertex 104.701 75.5 14.0025
      vertex 111.081 75.5 10.1192
    endloop
  endfacet
  facet normal 0 1 0
    outer loop
      vertex 104.701 75.5 14.0025
      vertex 110.995 75.5 10.0247
      vertex 104.646 75.5 13.8872
    endloop
  endfacet
  facet normal 0 1 0
    outer loop
      vertex 104.646 75.5 13.8872
      vertex 110.919 75.5 9.92224
      vertex 104.581 75.5 13.7778
    endloop
  endfacet
  facet normal 0 1 -0
    outer loop
      vertex 110.919 75.5 9.92224
      vertex 104.646 75.5 13.8872
      vertex 110.995 75.5 10.0247
    endloop
  endfacet
  facet normal 0 1 0
    outer loop
      vertex 114.8 75.5 14.4
      vertex 112.127 75.5 10.4937
      vertex 112 75.5 10.5
    endloop
  endfacet
  facet normal 0 1 0
    outer loop
      vertex 114.8 75.5 14.4
      vertex 112.254 75.5 10.475
      vertex 112.127 75.5 10.4937
    endloop
  endfacet
  facet normal 0 1 0
    outer loop
      vertex 114.8 75.5 14.4
      vertex 112.377 75.5 10.444
      vertex 112.254 75.5 10.475
    endloop
  endfacet
  facet normal 0 1 0
    outer loop
      vertex 114.8 75.5 14.4
      vertex 112.497 75.5 10.401
      vertex 112.377 75.5 10.444
    endloop
  endfacet
  facet normal 0 1 0
    outer loop
      vertex 114.8 75.5 14.4
      vertex 112.613 75.5 10.3465
      vertex 112.497 75.5 10.401
    endloop
  endfacet
  facet normal 0 1 0
    outer loop
      vertex 114.8 75.5 14.4
      vertex 112.722 75.5 10.2809
      vertex 112.613 75.5 10.3465
    endloop
  endfacet
  facet normal 0 1 0
    outer loop
      vertex 114.8 75.5 14.4
      vertex 112.825 75.5 10.2049
      vertex 112.722 75.5 10.2809
    endloop
  endfacet
  facet normal 0 1 0
    outer loop
      vertex 114.8 75.5 14.4
      vertex 112.919 75.5 10.1192
      vertex 112.825 75.5 10.2049
    endloop
  endfacet
  facet normal 0 1 0
    outer loop
      vertex 114.8 75.5 14.4
      vertex 113.005 75.5 10.0247
      vertex 112.919 75.5 10.1192
    endloop
  endfacet
  facet normal 0 1 0
    outer loop
      vertex 114.8 75.5 14.4
      vertex 113.081 75.5 9.92224
      vertex 113.005 75.5 10.0247
    endloop
  endfacet
  facet normal 0 1 0
    outer loop
      vertex 114.8 75.5 14.4
      vertex 113.146 75.5 9.81282
      vertex 113.081 75.5 9.92224
    endloop
  endfacet
  facet normal 0 1 0
    outer loop
      vertex 114.8 75.5 14.4
      vertex 113.201 75.5 9.69749
      vertex 113.146 75.5 9.81282
    endloop
  endfacet
  facet normal 0 1 0
    outer loop
      vertex 114.8 75.5 14.4
      vertex 113.244 75.5 9.57737
      vertex 113.201 75.5 9.69749
    endloop
  endfacet
  facet normal 0 1 0
    outer loop
      vertex 114.8 75.5 14.4
      vertex 113.275 75.5 9.45362
      vertex 113.244 75.5 9.57737
    endloop
  endfacet
  facet normal 0 1 0
    outer loop
      vertex 114.8 75.5 14.4
      vertex 113.294 75.5 9.32742
      vertex 113.275 75.5 9.45362
    endloop
  endfacet
  facet normal 0 1 0
    outer loop
      vertex 114.8 75.5 14.4
      vertex 113.3 75.5 9.2
      vertex 113.294 75.5 9.32742
    endloop
  endfacet
  facet normal 0 1 -0
    outer loop
      vertex 114.8 75.5 4
      vertex 113.3 75.5 9.2
      vertex 114.8 75.5 14.4
    endloop
  endfacet
  facet normal 0 1 0
    outer loop
      vertex 113.3 75.5 9.2
      vertex 114.8 75.5 4
      vertex 113.294 75.5 9.07258
    endloop
  endfacet
  facet normal 0 1 0
    outer loop
      vertex 113.294 75.5 9.07258
      vertex 114.8 75.5 4
      vertex 113.275 75.5 8.94638
    endloop
  endfacet
  facet normal 0 1 0
    outer loop
      vertex 112.127 75.5 7.90626
      vertex 114.8 75.5 4
      vertex 112 75.5 7.9
    endloop
  endfacet
  facet normal 0 1 0
    outer loop
      vertex 112.254 75.5 7.92498
      vertex 114.8 75.5 4
      vertex 112.127 75.5 7.90626
    endloop
  endfacet
  facet normal 0 1 0
    outer loop
      vertex 112.377 75.5 7.95598
      vertex 114.8 75.5 4
      vertex 112.254 75.5 7.92498
    endloop
  endfacet
  facet normal 0 1 0
    outer loop
      vertex 112.497 75.5 7.99896
      vertex 114.8 75.5 4
      vertex 112.377 75.5 7.95598
    endloop
  endfacet
  facet normal 0 1 0
    outer loop
      vertex 112.613 75.5 8.0535
      vertex 114.8 75.5 4
      vertex 112.497 75.5 7.99896
    endloop
  endfacet
  facet normal 0 1 0
    outer loop
      vertex 112.722 75.5 8.11909
      vertex 114.8 75.5 4
      vertex 112.613 75.5 8.0535
    endloop
  endfacet
  facet normal 0 1 0
    outer loop
      vertex 112.825 75.5 8.19509
      vertex 114.8 75.5 4
      vertex 112.722 75.5 8.11909
    endloop
  endfacet
  facet normal 0 1 0
    outer loop
      vertex 112.919 75.5 8.28076
      vertex 114.8 75.5 4
      vertex 112.825 75.5 8.19509
    endloop
  endfacet
  facet normal 0 1 0
    outer loop
      vertex 113.005 75.5 8.37529
      vertex 114.8 75.5 4
      vertex 112.919 75.5 8.28076
    endloop
  endfacet
  facet normal 0 1 0
    outer loop
      vertex 113.081 75.5 8.47776
      vertex 114.8 75.5 4
      vertex 113.005 75.5 8.37529
    endloop
  endfacet
  facet normal 0 1 0
    outer loop
      vertex 113.146 75.5 8.58718
      vertex 114.8 75.5 4
      vertex 113.081 75.5 8.47776
    endloop
  endfacet
  facet normal 0 1 0
    outer loop
      vertex 113.201 75.5 8.70251
      vertex 114.8 75.5 4
      vertex 113.146 75.5 8.58718
    endloop
  endfacet
  facet normal 0 1 0
    outer loop
      vertex 113.244 75.5 8.82263
      vertex 114.8 75.5 4
      vertex 113.201 75.5 8.70251
    endloop
  endfacet
  facet normal 0 1 0
    outer loop
      vertex 113.275 75.5 8.94638
      vertex 114.8 75.5 4
      vertex 113.244 75.5 8.82263
    endloop
  endfacet
  facet normal 0 1 -0
    outer loop
      vertex 129.873 75.5 10.4937
      vertex 127.2 75.5 14.4
      vertex 130 75.5 10.5
    endloop
  endfacet
  facet normal 0 1 -0
    outer loop
      vertex 129.746 75.5 10.475
      vertex 127.2 75.5 14.4
      vertex 129.873 75.5 10.4937
    endloop
  endfacet
  facet normal 0 1 -0
    outer loop
      vertex 129.623 75.5 10.444
      vertex 127.2 75.5 14.4
      vertex 129.746 75.5 10.475
    endloop
  endfacet
  facet normal 0 1 -0
    outer loop
      vertex 129.503 75.5 10.401
      vertex 127.2 75.5 14.4
      vertex 129.623 75.5 10.444
    endloop
  endfacet
  facet normal 0 1 -0
    outer loop
      vertex 129.387 75.5 10.3465
      vertex 127.2 75.5 14.4
      vertex 129.503 75.5 10.401
    endloop
  endfacet
  facet normal 0 1 -0
    outer loop
      vertex 129.278 75.5 10.2809
      vertex 127.2 75.5 14.4
      vertex 129.387 75.5 10.3465
    endloop
  endfacet
  facet normal 0 1 -0
    outer loop
      vertex 129.175 75.5 10.2049
      vertex 127.2 75.5 14.4
      vertex 129.278 75.5 10.2809
    endloop
  endfacet
  facet normal 0 1 -0
    outer loop
      vertex 129.081 75.5 10.1192
      vertex 127.2 75.5 14.4
      vertex 129.175 75.5 10.2049
    endloop
  endfacet
  facet normal 0 1 -0
    outer loop
      vertex 128.995 75.5 10.0247
      vertex 127.2 75.5 14.4
      vertex 129.081 75.5 10.1192
    endloop
  endfacet
  facet normal 0 1 -0
    outer loop
      vertex 128.919 75.5 9.92224
      vertex 127.2 75.5 14.4
      vertex 128.995 75.5 10.0247
    endloop
  endfacet
  facet normal 0 1 -0
    outer loop
      vertex 128.854 75.5 9.81282
      vertex 127.2 75.5 14.4
      vertex 128.919 75.5 9.92224
    endloop
  endfacet
  facet normal 0 1 -0
    outer loop
      vertex 128.799 75.5 9.69749
      vertex 127.2 75.5 14.4
      vertex 128.854 75.5 9.81282
    endloop
  endfacet
  facet normal 0 1 -0
    outer loop
      vertex 128.756 75.5 9.57737
      vertex 127.2 75.5 14.4
      vertex 128.799 75.5 9.69749
    endloop
  endfacet
  facet normal 0 1 -0
    outer loop
      vertex 128.725 75.5 9.45362
      vertex 127.2 75.5 14.4
      vertex 128.756 75.5 9.57737
    endloop
  endfacet
  facet normal 0 1 -0
    outer loop
      vertex 128.706 75.5 9.32742
      vertex 127.2 75.5 14.4
      vertex 128.725 75.5 9.45362
    endloop
  endfacet
  facet normal 0 1 -0
    outer loop
      vertex 128.7 75.5 9.2
      vertex 127.2 75.5 14.4
      vertex 128.706 75.5 9.32742
    endloop
  endfacet
  facet normal 0 1 0
    outer loop
      vertex 127.2 75.5 4
      vertex 128.7 75.5 9.2
      vertex 128.706 75.5 9.07258
    endloop
  endfacet
  facet normal 0 1 0
    outer loop
      vertex 127.2 75.5 4
      vertex 128.706 75.5 9.07258
      vertex 128.725 75.5 8.94638
    endloop
  endfacet
  facet normal 0 1 0
    outer loop
      vertex 127.2 75.5 4
      vertex 128.725 75.5 8.94638
      vertex 128.756 75.5 8.82263
    endloop
  endfacet
  facet normal 0 1 0
    outer loop
      vertex 128.7 75.5 9.2
      vertex 127.2 75.5 4
      vertex 127.2 75.5 14.4
    endloop
  endfacet
  facet normal 0 1 0
    outer loop
      vertex 128.799 75.5 8.70251
      vertex 127.2 75.5 4
      vertex 128.756 75.5 8.82263
    endloop
  endfacet
  facet normal 0 1 0
    outer loop
      vertex 128.854 75.5 8.58718
      vertex 127.2 75.5 4
      vertex 128.799 75.5 8.70251
    endloop
  endfacet
  facet normal 0 1 0
    outer loop
      vertex 128.919 75.5 8.47776
      vertex 127.2 75.5 4
      vertex 128.854 75.5 8.58718
    endloop
  endfacet
  facet normal 0 1 0
    outer loop
      vertex 128.995 75.5 8.37529
      vertex 127.2 75.5 4
      vertex 128.919 75.5 8.47776
    endloop
  endfacet
  facet normal 0 1 0
    outer loop
      vertex 129.081 75.5 8.28076
      vertex 127.2 75.5 4
      vertex 128.995 75.5 8.37529
    endloop
  endfacet
  facet normal 0 1 0
    outer loop
      vertex 129.175 75.5 8.19509
      vertex 127.2 75.5 4
      vertex 129.081 75.5 8.28076
    endloop
  endfacet
  facet normal 0 1 0
    outer loop
      vertex 129.278 75.5 8.11909
      vertex 127.2 75.5 4
      vertex 129.175 75.5 8.19509
    endloop
  endfacet
  facet normal 0 1 0
    outer loop
      vertex 129.387 75.5 8.0535
      vertex 127.2 75.5 4
      vertex 129.278 75.5 8.11909
    endloop
  endfacet
  facet normal 0 1 0
    outer loop
      vertex 129.503 75.5 7.99896
      vertex 127.2 75.5 4
      vertex 129.387 75.5 8.0535
    endloop
  endfacet
  facet normal 0 1 0
    outer loop
      vertex 129.623 75.5 7.95598
      vertex 127.2 75.5 4
      vertex 129.503 75.5 7.99896
    endloop
  endfacet
  facet normal 0 1 0
    outer loop
      vertex 129.746 75.5 7.92498
      vertex 127.2 75.5 4
      vertex 129.623 75.5 7.95598
    endloop
  endfacet
  facet normal 0 1 0
    outer loop
      vertex 129.873 75.5 7.90626
      vertex 127.2 75.5 4
      vertex 129.746 75.5 7.92498
    endloop
  endfacet
  facet normal 0 1 0
    outer loop
      vertex 127.2 75.5 4
      vertex 129.873 75.5 7.90626
      vertex 130 75.5 7.9
    endloop
  endfacet
  facet normal 0 1 0
    outer loop
      vertex 85.3726 75.5 15.7937
      vertex 88.3 75.5 19
      vertex 85.5 75.5 15.8
    endloop
  endfacet
  facet normal 0 1 0
    outer loop
      vertex 88.3 75.5 19
      vertex 85.6274 75.5 15.7937
      vertex 85.5 75.5 15.8
    endloop
  endfacet
  facet normal 0 1 0
    outer loop
      vertex 88.3 75.5 19
      vertex 85.7536 75.5 15.775
      vertex 85.6274 75.5 15.7937
    endloop
  endfacet
  facet normal 0 1 0
    outer loop
      vertex 88.3 75.5 19
      vertex 85.8774 75.5 15.744
      vertex 85.7536 75.5 15.775
    endloop
  endfacet
  facet normal 0 1 0
    outer loop
      vertex 88.3 75.5 19
      vertex 85.9975 75.5 15.701
      vertex 85.8774 75.5 15.744
    endloop
  endfacet
  facet normal 0 1 0
    outer loop
      vertex 88.3 75.5 19
      vertex 86.1128 75.5 15.6465
      vertex 85.9975 75.5 15.701
    endloop
  endfacet
  facet normal 0 1 0
    outer loop
      vertex 88.3 75.5 19
      vertex 86.2222 75.5 15.5809
      vertex 86.1128 75.5 15.6465
    endloop
  endfacet
  facet normal 0 1 0
    outer loop
      vertex 88.3 75.5 19
      vertex 86.3247 75.5 15.5049
      vertex 86.2222 75.5 15.5809
    endloop
  endfacet
  facet normal 0 1 0
    outer loop
      vertex 88.3 75.5 19
      vertex 86.4192 75.5 15.4192
      vertex 86.3247 75.5 15.5049
    endloop
  endfacet
  facet normal 0 1 0
    outer loop
      vertex 88.3 75.5 19
      vertex 86.5049 75.5 15.3247
      vertex 86.4192 75.5 15.4192
    endloop
  endfacet
  facet normal 0 1 0
    outer loop
      vertex 88.3 75.5 19
      vertex 86.5809 75.5 15.2222
      vertex 86.5049 75.5 15.3247
    endloop
  endfacet
  facet normal 0 1 0
    outer loop
      vertex 88.3 75.5 19
      vertex 86.6465 75.5 15.1128
      vertex 86.5809 75.5 15.2222
    endloop
  endfacet
  facet normal 0 1 0
    outer loop
      vertex 88.3 75.5 19
      vertex 86.701 75.5 14.9975
      vertex 86.6465 75.5 15.1128
    endloop
  endfacet
  facet normal 0 1 0
    outer loop
      vertex 88.3 75.5 19
      vertex 86.744 75.5 14.8774
      vertex 86.701 75.5 14.9975
    endloop
  endfacet
  facet normal 0 1 0
    outer loop
      vertex 88.3 75.5 19
      vertex 86.775 75.5 14.7536
      vertex 86.744 75.5 14.8774
    endloop
  endfacet
  facet normal 0 1 0
    outer loop
      vertex 88.3 75.5 19
      vertex 86.7937 75.5 14.6274
      vertex 86.775 75.5 14.7536
    endloop
  endfacet
  facet normal 0 1 0
    outer loop
      vertex 88.3 75.5 19
      vertex 86.8 75.5 14.5
      vertex 86.7937 75.5 14.6274
    endloop
  endfacet
  facet normal 0 1 -0
    outer loop
      vertex 88.3 75.5 9.3
      vertex 86.8 75.5 14.5
      vertex 88.3 75.5 19
    endloop
  endfacet
  facet normal 0 1 0
    outer loop
      vertex 86.8 75.5 14.5
      vertex 88.3 75.5 9.3
      vertex 86.7937 75.5 14.3726
    endloop
  endfacet
  facet normal 0 1 0
    outer loop
      vertex 86.7937 75.5 14.3726
      vertex 88.3 75.5 9.3
      vertex 86.775 75.5 14.2464
    endloop
  endfacet
  facet normal 0 1 0
    outer loop
      vertex 85.6274 75.5 13.2063
      vertex 88.3 75.5 9.3
      vertex 85.5 75.5 13.2
    endloop
  endfacet
  facet normal 0 1 0
    outer loop
      vertex 85.7536 75.5 13.225
      vertex 88.3 75.5 9.3
      vertex 85.6274 75.5 13.2063
    endloop
  endfacet
  facet normal 0 1 0
    outer loop
      vertex 85.8774 75.5 13.256
      vertex 88.3 75.5 9.3
      vertex 85.7536 75.5 13.225
    endloop
  endfacet
  facet normal 0 1 0
    outer loop
      vertex 85.9975 75.5 13.299
      vertex 88.3 75.5 9.3
      vertex 85.8774 75.5 13.256
    endloop
  endfacet
  facet normal 0 1 0
    outer loop
      vertex 86.1128 75.5 13.3535
      vertex 88.3 75.5 9.3
      vertex 85.9975 75.5 13.299
    endloop
  endfacet
  facet normal 0 1 0
    outer loop
      vertex 86.2222 75.5 13.4191
      vertex 88.3 75.5 9.3
      vertex 86.1128 75.5 13.3535
    endloop
  endfacet
  facet normal 0 1 0
    outer loop
      vertex 86.3247 75.5 13.4951
      vertex 88.3 75.5 9.3
      vertex 86.2222 75.5 13.4191
    endloop
  endfacet
  facet normal 0 1 0
    outer loop
      vertex 86.4192 75.5 13.5808
      vertex 88.3 75.5 9.3
      vertex 86.3247 75.5 13.4951
    endloop
  endfacet
  facet normal 0 1 0
    outer loop
      vertex 86.5049 75.5 13.6753
      vertex 88.3 75.5 9.3
      vertex 86.4192 75.5 13.5808
    endloop
  endfacet
  facet normal 0 1 0
    outer loop
      vertex 86.5809 75.5 13.7778
      vertex 88.3 75.5 9.3
      vertex 86.5049 75.5 13.6753
    endloop
  endfacet
  facet normal 0 1 0
    outer loop
      vertex 86.6465 75.5 13.8872
      vertex 88.3 75.5 9.3
      vertex 86.5809 75.5 13.7778
    endloop
  endfacet
  facet normal 0 1 0
    outer loop
      vertex 86.701 75.5 14.0025
      vertex 88.3 75.5 9.3
      vertex 86.6465 75.5 13.8872
    endloop
  endfacet
  facet normal 0 1 0
    outer loop
      vertex 86.744 75.5 14.1226
      vertex 88.3 75.5 9.3
      vertex 86.701 75.5 14.0025
    endloop
  endfacet
  facet normal 0 1 0
    outer loop
      vertex 86.775 75.5 14.2464
      vertex 88.3 75.5 9.3
      vertex 86.744 75.5 14.1226
    endloop
  endfacet
  facet normal 0 1 0
    outer loop
      vertex 85.2464 75.5 15.775
      vertex 88.3 75.5 19
      vertex 85.3726 75.5 15.7937
    endloop
  endfacet
  facet normal 0 1 0
    outer loop
      vertex 88.3 75.5 19
      vertex 85.2464 75.5 15.775
      vertex 80.5 75.5 19
    endloop
  endfacet
  facet normal 0 1 -0
    outer loop
      vertex 85.1226 75.5 15.744
      vertex 80.5 75.5 19
      vertex 85.2464 75.5 15.775
    endloop
  endfacet
  facet normal 0 1 -0
    outer loop
      vertex 85.0025 75.5 15.701
      vertex 80.5 75.5 19
      vertex 85.1226 75.5 15.744
    endloop
  endfacet
  facet normal 0 1 -0
    outer loop
      vertex 84.8872 75.5 15.6465
      vertex 80.5 75.5 19
      vertex 85.0025 75.5 15.701
    endloop
  endfacet
  facet normal 0 1 -0
    outer loop
      vertex 84.7778 75.5 15.5809
      vertex 80.5 75.5 19
      vertex 84.8872 75.5 15.6465
    endloop
  endfacet
  facet normal 0 1 -0
    outer loop
      vertex 84.6753 75.5 15.5049
      vertex 80.5 75.5 19
      vertex 84.7778 75.5 15.5809
    endloop
  endfacet
  facet normal 0 1 -0
    outer loop
      vertex 84.5808 75.5 15.4192
      vertex 80.5 75.5 19
      vertex 84.6753 75.5 15.5049
    endloop
  endfacet
  facet normal 0 1 -0
    outer loop
      vertex 84.4951 75.5 15.3247
      vertex 80.5 75.5 19
      vertex 84.5808 75.5 15.4192
    endloop
  endfacet
  facet normal 0 1 -0
    outer loop
      vertex 84.4191 75.5 15.2222
      vertex 80.5 75.5 19
      vertex 84.4951 75.5 15.3247
    endloop
  endfacet
  facet normal 0 1 -0
    outer loop
      vertex 84.3535 75.5 15.1128
      vertex 80.5 75.5 19
      vertex 84.4191 75.5 15.2222
    endloop
  endfacet
  facet normal 0 1 -0
    outer loop
      vertex 84.299 75.5 14.9975
      vertex 80.5 75.5 19
      vertex 84.3535 75.5 15.1128
    endloop
  endfacet
  facet normal 0 1 -0
    outer loop
      vertex 84.256 75.5 14.8774
      vertex 80.5 75.5 19
      vertex 84.299 75.5 14.9975
    endloop
  endfacet
  facet normal 0 1 -0
    outer loop
      vertex 84.225 75.5 14.7536
      vertex 80.5 75.5 19
      vertex 84.256 75.5 14.8774
    endloop
  endfacet
  facet normal 0 1 -0
    outer loop
      vertex 84.2063 75.5 14.6274
      vertex 80.5 75.5 19
      vertex 84.225 75.5 14.7536
    endloop
  endfacet
  facet normal 0 1 -0
    outer loop
      vertex 84.2 75.5 14.5
      vertex 80.5 75.5 19
      vertex 84.2063 75.5 14.6274
    endloop
  endfacet
  facet normal 0 1 0
    outer loop
      vertex 84.2063 75.5 14.3726
      vertex 80.5 75.5 19
      vertex 84.2 75.5 14.5
    endloop
  endfacet
  facet normal 0 1 0
    outer loop
      vertex 84.225 75.5 14.2464
      vertex 80.5 75.5 19
      vertex 84.2063 75.5 14.3726
    endloop
  endfacet
  facet normal 0 1 0
    outer loop
      vertex 84.256 75.5 14.1226
      vertex 80.5 75.5 19
      vertex 84.225 75.5 14.2464
    endloop
  endfacet
  facet normal 0 1 0
    outer loop
      vertex 84.299 75.5 14.0025
      vertex 80.5 75.5 19
      vertex 84.256 75.5 14.1226
    endloop
  endfacet
  facet normal 0 1 0
    outer loop
      vertex 80.5 75.5 0
      vertex 84.299 75.5 14.0025
      vertex 84.3535 75.5 13.8872
    endloop
  endfacet
  facet normal 0 1 0
    outer loop
      vertex 80.5 75.5 0
      vertex 84.3535 75.5 13.8872
      vertex 84.4191 75.5 13.7778
    endloop
  endfacet
  facet normal 0 1 0
    outer loop
      vertex 80.5 75.5 0
      vertex 84.4191 75.5 13.7778
      vertex 84.4951 75.5 13.6753
    endloop
  endfacet
  facet normal 0 1 0
    outer loop
      vertex 88.3 75.5 9.3
      vertex 85.3726 75.5 13.2063
      vertex 85.5 75.5 13.2
    endloop
  endfacet
  facet normal 0 1 0
    outer loop
      vertex 88.3 75.5 9.3
      vertex 85.2464 75.5 13.225
      vertex 85.3726 75.5 13.2063
    endloop
  endfacet
  facet normal 0 1 0
    outer loop
      vertex 88.3 75.5 9.3
      vertex 85.1226 75.5 13.256
      vertex 85.2464 75.5 13.225
    endloop
  endfacet
  facet normal 0 1 0
    outer loop
      vertex 88.3 75.5 9.3
      vertex 85.0025 75.5 13.299
      vertex 85.1226 75.5 13.256
    endloop
  endfacet
  facet normal 0 1 0
    outer loop
      vertex 88.3 75.5 9.3
      vertex 84.8872 75.5 13.3535
      vertex 85.0025 75.5 13.299
    endloop
  endfacet
  facet normal 0 1 0
    outer loop
      vertex 80.5 75.5 0
      vertex 84.8872 75.5 13.3535
      vertex 88.3 75.5 9.3
    endloop
  endfacet
  facet normal 0 1 0
    outer loop
      vertex 84.8872 75.5 13.3535
      vertex 80.5 75.5 0
      vertex 84.7778 75.5 13.4191
    endloop
  endfacet
  facet normal 0 1 0
    outer loop
      vertex 84.7778 75.5 13.4191
      vertex 80.5 75.5 0
      vertex 84.6753 75.5 13.4951
    endloop
  endfacet
  facet normal 0 1 0
    outer loop
      vertex 84.6753 75.5 13.4951
      vertex 80.5 75.5 0
      vertex 84.5808 75.5 13.5808
    endloop
  endfacet
  facet normal 0 1 0
    outer loop
      vertex 110.725 75.5 8.94638
      vertex 100.7 75.5 9.3
      vertex 110.706 75.5 9.07258
    endloop
  endfacet
  facet normal 0 1 0
    outer loop
      vertex 110.756 75.5 8.82263
      vertex 100.7 75.5 9.3
      vertex 110.725 75.5 8.94638
    endloop
  endfacet
  facet normal 0 1 0
    outer loop
      vertex 110.799 75.5 8.70251
      vertex 100.7 75.5 9.3
      vertex 110.756 75.5 8.82263
    endloop
  endfacet
  facet normal 0 1 0
    outer loop
      vertex 110.854 75.5 8.58718
      vertex 100.7 75.5 9.3
      vertex 110.799 75.5 8.70251
    endloop
  endfacet
  facet normal 0 1 0
    outer loop
      vertex 110.919 75.5 8.47776
      vertex 100.7 75.5 9.3
      vertex 110.854 75.5 8.58718
    endloop
  endfacet
  facet normal 0 1 0
    outer loop
      vertex 110.995 75.5 8.37529
      vertex 100.7 75.5 9.3
      vertex 110.919 75.5 8.47776
    endloop
  endfacet
  facet normal 0 1 0
    outer loop
      vertex 111.081 75.5 8.28076
      vertex 100.7 75.5 9.3
      vertex 110.995 75.5 8.37529
    endloop
  endfacet
  facet normal 0 1 0
    outer loop
      vertex 111.175 75.5 8.19509
      vertex 100.7 75.5 9.3
      vertex 111.081 75.5 8.28076
    endloop
  endfacet
  facet normal 0 1 0
    outer loop
      vertex 111.278 75.5 8.11909
      vertex 100.7 75.5 9.3
      vertex 111.175 75.5 8.19509
    endloop
  endfacet
  facet normal 0 1 0
    outer loop
      vertex 100.7 75.5 9.3
      vertex 111.278 75.5 8.11909
      vertex 114.8 75.5 4
    endloop
  endfacet
  facet normal 0 1 0
    outer loop
      vertex 114.8 75.5 4
      vertex 111.278 75.5 8.11909
      vertex 111.387 75.5 8.0535
    endloop
  endfacet
  facet normal 0 1 0
    outer loop
      vertex 114.8 75.5 4
      vertex 111.387 75.5 8.0535
      vertex 111.503 75.5 7.99896
    endloop
  endfacet
  facet normal 0 1 0
    outer loop
      vertex 114.8 75.5 4
      vertex 111.503 75.5 7.99896
      vertex 111.623 75.5 7.95598
    endloop
  endfacet
  facet normal 0 1 0
    outer loop
      vertex 114.8 75.5 4
      vertex 111.623 75.5 7.95598
      vertex 111.746 75.5 7.92498
    endloop
  endfacet
  facet normal 0 1 0
    outer loop
      vertex 114.8 75.5 4
      vertex 111.746 75.5 7.92498
      vertex 111.873 75.5 7.90626
    endloop
  endfacet
  facet normal 0 1 0
    outer loop
      vertex 114.8 75.5 4
      vertex 111.873 75.5 7.90626
      vertex 112 75.5 7.9
    endloop
  endfacet
  facet normal 0 1 0
    outer loop
      vertex 80.5 75.5 0
      vertex 100.7 75.5 9.3
      vertex 114.8 75.5 4
    endloop
  endfacet
  facet normal 0 1 0
    outer loop
      vertex 84.299 75.5 14.0025
      vertex 80.5 75.5 0
      vertex 80.5 75.5 19
    endloop
  endfacet
  facet normal 0 1 0
    outer loop
      vertex 84.5808 75.5 13.5808
      vertex 80.5 75.5 0
      vertex 84.4951 75.5 13.6753
    endloop
  endfacet
  facet normal 0 1 0
    outer loop
      vertex 100.7 75.5 9.3
      vertex 80.5 75.5 0
      vertex 88.3 75.5 9.3
    endloop
  endfacet
  facet normal 0 1 0
    outer loop
      vertex 80.5 75.5 0
      vertex 114.8 75.5 4
      vertex 137 75.5 0
    endloop
  endfacet
  facet normal 0 -1 0
    outer loop
      vertex 80.5 48.5 19
      vertex 88.3 48.5 9.3
      vertex 88.3 48.5 19
    endloop
  endfacet
  facet normal 0 -1 0
    outer loop
      vertex 80.5 48.5 0
      vertex 100.7 48.5 9.3
      vertex 88.3 48.5 9.3
    endloop
  endfacet
  facet normal 0 -1 0
    outer loop
      vertex 137 48.5 0
      vertex 114.8 48.5 4
      vertex 80.5 48.5 0
    endloop
  endfacet
  facet normal 0 -1 -0
    outer loop
      vertex 100.7 48.5 9.3
      vertex 80.5 48.5 0
      vertex 114.8 48.5 4
    endloop
  endfacet
  facet normal 0 -1 0
    outer loop
      vertex 80.5 48.5 0
      vertex 88.3 48.5 9.3
      vertex 80.5 48.5 19
    endloop
  endfacet
  facet normal 0 -1 0
    outer loop
      vertex 100.7 48.5 19
      vertex 114.8 48.5 14.4
      vertex 137 48.5 19
    endloop
  endfacet
  facet normal 0 -1 0
    outer loop
      vertex 100.7 48.5 9.3
      vertex 114.8 48.5 14.4
      vertex 100.7 48.5 19
    endloop
  endfacet
  facet normal 0 -1 -0
    outer loop
      vertex 114.8 48.5 14.4
      vertex 100.7 48.5 9.3
      vertex 114.8 48.5 4
    endloop
  endfacet
  facet normal 0 -1 0
    outer loop
      vertex 127.2 48.5 14.4
      vertex 137 48.5 19
      vertex 114.8 48.5 14.4
    endloop
  endfacet
  facet normal 0 -1 0
    outer loop
      vertex 137 48.5 0
      vertex 127.2 48.5 14.4
      vertex 127.2 48.5 4
    endloop
  endfacet
  facet normal 0 -1 0
    outer loop
      vertex 127.2 48.5 14.4
      vertex 137 48.5 0
      vertex 137 48.5 19
    endloop
  endfacet
  facet normal 0 -1 0
    outer loop
      vertex 114.8 48.5 4
      vertex 137 48.5 0
      vertex 127.2 48.5 4
    endloop
  endfacet
endsolid OpenSCAD_Model
