solid OpenSCAD_Model
  facet normal 0.146736 0.989176 -0
    outer loop
      vertex 1.17054 5.88471 0
      vertex 0.588102 5.97111 1.9
      vertex 1.17054 5.88471 1.9
    endloop
  endfacet
  facet normal 0.146736 0.989176 0
    outer loop
      vertex 0.588102 5.97111 1.9
      vertex 1.17054 5.88471 0
      vertex 0.588102 5.97111 0
    endloop
  endfacet
  facet normal 0.146736 0.989176 -0
    outer loop
      vertex 1.17054 5.88471 4.1
      vertex 0.588102 5.97111 6
      vertex 1.17054 5.88471 6
    endloop
  endfacet
  facet normal 0.146736 0.989176 0
    outer loop
      vertex 0.588102 5.97111 6
      vertex 1.17054 5.88471 4.1
      vertex 0.588102 5.97111 4.1
    endloop
  endfacet
  facet normal 0.989176 0.146736 0
    outer loop
      vertex 5.97111 0.588102 1.9
      vertex 5.88471 1.17054 0
      vertex 5.88471 1.17054 1.9
    endloop
  endfacet
  facet normal 0.989176 0.146736 0
    outer loop
      vertex 5.88471 1.17054 0
      vertex 5.97111 0.588102 1.9
      vertex 5.97111 0.588102 0
    endloop
  endfacet
  facet normal 0.989176 0.146736 0
    outer loop
      vertex 5.97111 0.588102 6
      vertex 5.88471 1.17054 4.1
      vertex 5.88471 1.17054 6
    endloop
  endfacet
  facet normal 0.989176 0.146736 0
    outer loop
      vertex 5.88471 1.17054 4.1
      vertex 5.97111 0.588102 6
      vertex 5.97111 0.588102 4.1
    endloop
  endfacet
  facet normal 0.998796 0.049065 0
    outer loop
      vertex 6 0 1.9
      vertex 5.97111 0.588102 0
      vertex 5.97111 0.588102 1.9
    endloop
  endfacet
  facet normal 0.998796 0.049065 0
    outer loop
      vertex 5.97111 0.588102 0
      vertex 6 0 1.9
      vertex 6 0 0
    endloop
  endfacet
  facet normal 0.998796 0.049065 0
    outer loop
      vertex 6 0 6
      vertex 5.97111 0.588102 4.1
      vertex 5.97111 0.588102 6
    endloop
  endfacet
  facet normal 0.998796 0.049065 0
    outer loop
      vertex 5.97111 0.588102 4.1
      vertex 6 0 6
      vertex 6 0 4.1
    endloop
  endfacet
  facet normal 0.970032 0.242979 0
    outer loop
      vertex 5.88471 1.17054 1.9
      vertex 5.74164 1.74171 0
      vertex 5.74164 1.74171 1.9
    endloop
  endfacet
  facet normal 0.970032 0.242979 0
    outer loop
      vertex 5.74164 1.74171 0
      vertex 5.88471 1.17054 1.9
      vertex 5.88471 1.17054 0
    endloop
  endfacet
  facet normal 0.970032 0.242979 0
    outer loop
      vertex 5.88471 1.17054 6
      vertex 5.74164 1.74171 4.1
      vertex 5.74164 1.74171 6
    endloop
  endfacet
  facet normal 0.970032 0.242979 0
    outer loop
      vertex 5.74164 1.74171 4.1
      vertex 5.88471 1.17054 6
      vertex 5.88471 1.17054 4.1
    endloop
  endfacet
  facet normal 0.336884 -0.941546 0
    outer loop
      vertex 1.74171 -5.74164 4.1
      vertex 2.2961 -5.54328 6
      vertex 1.74171 -5.74164 6
    endloop
  endfacet
  facet normal 0.336884 -0.941546 0
    outer loop
      vertex 2.2961 -5.54328 6
      vertex 1.74171 -5.74164 4.1
      vertex 2.2961 -5.54328 4.1
    endloop
  endfacet
  facet normal 0.336884 -0.941546 0
    outer loop
      vertex 1.74171 -5.74164 0
      vertex 2.2961 -5.54328 1.9
      vertex 1.74171 -5.74164 1.9
    endloop
  endfacet
  facet normal 0.336884 -0.941546 0
    outer loop
      vertex 2.2961 -5.54328 1.9
      vertex 1.74171 -5.74164 0
      vertex 2.2961 -5.54328 0
    endloop
  endfacet
  facet normal 0.903989 -0.427556 0
    outer loop
      vertex 5.29153 -2.82838 6
      vertex 5.54328 -2.2961 4.1
      vertex 5.54328 -2.2961 6
    endloop
  endfacet
  facet normal 0.903989 -0.427556 0
    outer loop
      vertex 5.54328 -2.2961 4.1
      vertex 5.29153 -2.82838 6
      vertex 5.29153 -2.82838 4.1
    endloop
  endfacet
  facet normal 0.903989 -0.427556 0
    outer loop
      vertex 5.29153 -2.82838 1.9
      vertex 5.54328 -2.2961 0
      vertex 5.54328 -2.2961 1.9
    endloop
  endfacet
  facet normal 0.903989 -0.427556 0
    outer loop
      vertex 5.54328 -2.2961 0
      vertex 5.29153 -2.82838 1.9
      vertex 5.29153 -2.82838 0
    endloop
  endfacet
  facet normal 0.671558 0.740952 -0
    outer loop
      vertex 4.24264 4.24264 4.1
      vertex 3.80636 4.63806 6
      vertex 4.24264 4.24264 6
    endloop
  endfacet
  facet normal 0.671558 0.740952 0
    outer loop
      vertex 3.80636 4.63806 6
      vertex 4.24264 4.24264 4.1
      vertex 3.80636 4.63806 4.1
    endloop
  endfacet
  facet normal 0.671558 0.740952 -0
    outer loop
      vertex 4.24264 4.24264 0
      vertex 3.80636 4.63806 1.9
      vertex 4.24264 4.24264 1.9
    endloop
  endfacet
  facet normal 0.671558 0.740952 0
    outer loop
      vertex 3.80636 4.63806 1.9
      vertex 4.24264 4.24264 0
      vertex 3.80636 4.63806 0
    endloop
  endfacet
  facet normal -0.740952 0.671558 0
    outer loop
      vertex -4.63806 3.80636 4.1
      vertex -4.24264 4.24264 6
      vertex -4.24264 4.24264 4.1
    endloop
  endfacet
  facet normal -0.740952 0.671558 0
    outer loop
      vertex -4.24264 4.24264 6
      vertex -4.63806 3.80636 4.1
      vertex -4.63806 3.80636 6
    endloop
  endfacet
  facet normal -0.740952 0.671558 0
    outer loop
      vertex -4.63806 3.80636 0
      vertex -4.24264 4.24264 1.9
      vertex -4.24264 4.24264 0
    endloop
  endfacet
  facet normal -0.740952 0.671558 0
    outer loop
      vertex -4.24264 4.24264 1.9
      vertex -4.63806 3.80636 0
      vertex -4.63806 3.80636 1.9
    endloop
  endfacet
  facet normal -0.146736 -0.989176 0
    outer loop
      vertex -1.17054 -5.88471 4.1
      vertex -0.588102 -5.97111 6
      vertex -1.17054 -5.88471 6
    endloop
  endfacet
  facet normal -0.146736 -0.989176 -0
    outer loop
      vertex -0.588102 -5.97111 6
      vertex -1.17054 -5.88471 4.1
      vertex -0.588102 -5.97111 4.1
    endloop
  endfacet
  facet normal -0.146736 -0.989176 0
    outer loop
      vertex -1.17054 -5.88471 0
      vertex -0.588102 -5.97111 1.9
      vertex -1.17054 -5.88471 1.9
    endloop
  endfacet
  facet normal -0.146736 -0.989176 -0
    outer loop
      vertex -0.588102 -5.97111 1.9
      vertex -1.17054 -5.88471 0
      vertex -0.588102 -5.97111 0
    endloop
  endfacet
  facet normal 0.941546 0.336884 0
    outer loop
      vertex 5.74164 1.74171 1.9
      vertex 5.54328 2.2961 0
      vertex 5.54328 2.2961 1.9
    endloop
  endfacet
  facet normal 0.941546 0.336884 0
    outer loop
      vertex 5.54328 2.2961 0
      vertex 5.74164 1.74171 1.9
      vertex 5.74164 1.74171 0
    endloop
  endfacet
  facet normal 0.941546 0.336884 0
    outer loop
      vertex 5.74164 1.74171 6
      vertex 5.54328 2.2961 4.1
      vertex 5.54328 2.2961 6
    endloop
  endfacet
  facet normal 0.941546 0.336884 0
    outer loop
      vertex 5.54328 2.2961 4.1
      vertex 5.74164 1.74171 6
      vertex 5.74164 1.74171 4.1
    endloop
  endfacet
  facet normal -0.049065 0.998796 0
    outer loop
      vertex 0 6 4.1
      vertex -0.588102 5.97111 6
      vertex 0 6 6
    endloop
  endfacet
  facet normal -0.049065 0.998796 0
    outer loop
      vertex -0.588102 5.97111 6
      vertex 0 6 4.1
      vertex -0.588102 5.97111 4.1
    endloop
  endfacet
  facet normal -0.049065 0.998796 0
    outer loop
      vertex 0 6 0
      vertex -0.588102 5.97111 1.9
      vertex 0 6 1.9
    endloop
  endfacet
  facet normal -0.049065 0.998796 0
    outer loop
      vertex -0.588102 5.97111 1.9
      vertex 0 6 0
      vertex -0.588102 5.97111 0
    endloop
  endfacet
  facet normal 0.803204 0.595703 0
    outer loop
      vertex 4.98882 3.33342 1.9
      vertex 4.63806 3.80636 0
      vertex 4.63806 3.80636 1.9
    endloop
  endfacet
  facet normal 0.803204 0.595703 0
    outer loop
      vertex 4.63806 3.80636 0
      vertex 4.98882 3.33342 1.9
      vertex 4.98882 3.33342 0
    endloop
  endfacet
  facet normal 0.803204 0.595703 0
    outer loop
      vertex 4.98882 3.33342 6
      vertex 4.63806 3.80636 4.1
      vertex 4.63806 3.80636 6
    endloop
  endfacet
  facet normal 0.803204 0.595703 0
    outer loop
      vertex 4.63806 3.80636 4.1
      vertex 4.98882 3.33342 6
      vertex 4.98882 3.33342 4.1
    endloop
  endfacet
  facet normal 0.049065 -0.998796 0
    outer loop
      vertex 0 -6 4.1
      vertex 0.588102 -5.97111 6
      vertex 0 -6 6
    endloop
  endfacet
  facet normal 0.049065 -0.998796 0
    outer loop
      vertex 0.588102 -5.97111 6
      vertex 0 -6 4.1
      vertex 0.588102 -5.97111 4.1
    endloop
  endfacet
  facet normal 0.049065 -0.998796 0
    outer loop
      vertex 0 -6 0
      vertex 0.588102 -5.97111 1.9
      vertex 0 -6 1.9
    endloop
  endfacet
  facet normal 0.049065 -0.998796 0
    outer loop
      vertex 0.588102 -5.97111 1.9
      vertex 0 -6 0
      vertex 0.588102 -5.97111 0
    endloop
  endfacet
  facet normal 0.049065 0.998796 -0
    outer loop
      vertex 0.588102 5.97111 0
      vertex 0 6 1.9
      vertex 0.588102 5.97111 1.9
    endloop
  endfacet
  facet normal 0.049065 0.998796 0
    outer loop
      vertex 0 6 1.9
      vertex 0.588102 5.97111 0
      vertex 0 6 0
    endloop
  endfacet
  facet normal 0.049065 0.998796 -0
    outer loop
      vertex 0.588102 5.97111 4.1
      vertex 0 6 6
      vertex 0.588102 5.97111 6
    endloop
  endfacet
  facet normal 0.049065 0.998796 0
    outer loop
      vertex 0 6 6
      vertex 0.588102 5.97111 4.1
      vertex 0 6 4.1
    endloop
  endfacet
  facet normal 0.857728 -0.514104 0
    outer loop
      vertex 4.98882 -3.33342 6
      vertex 5.29153 -2.82838 4.1
      vertex 5.29153 -2.82838 6
    endloop
  endfacet
  facet normal 0.857728 -0.514104 0
    outer loop
      vertex 5.29153 -2.82838 4.1
      vertex 4.98882 -3.33342 6
      vertex 4.98882 -3.33342 4.1
    endloop
  endfacet
  facet normal 0.857728 -0.514104 0
    outer loop
      vertex 4.98882 -3.33342 1.9
      vertex 5.29153 -2.82838 0
      vertex 5.29153 -2.82838 1.9
    endloop
  endfacet
  facet normal 0.857728 -0.514104 0
    outer loop
      vertex 5.29153 -2.82838 0
      vertex 4.98882 -3.33342 1.9
      vertex 4.98882 -3.33342 0
    endloop
  endfacet
  facet normal -0.595703 -0.803204 0
    outer loop
      vertex -3.80636 -4.63806 0
      vertex -3.33342 -4.98882 1.9
      vertex -3.80636 -4.63806 1.9
    endloop
  endfacet
  facet normal -0.595703 -0.803204 -0
    outer loop
      vertex -3.33342 -4.98882 1.9
      vertex -3.80636 -4.63806 0
      vertex -3.33342 -4.98882 0
    endloop
  endfacet
  facet normal -0.595703 -0.803204 0
    outer loop
      vertex -3.80636 -4.63806 4.1
      vertex -3.33342 -4.98882 6
      vertex -3.80636 -4.63806 6
    endloop
  endfacet
  facet normal -0.595703 -0.803204 -0
    outer loop
      vertex -3.33342 -4.98882 6
      vertex -3.80636 -4.63806 4.1
      vertex -3.33342 -4.98882 4.1
    endloop
  endfacet
  facet normal -0.857728 0.514104 0
    outer loop
      vertex -5.29153 2.82838 0
      vertex -4.98882 3.33342 1.9
      vertex -4.98882 3.33342 0
    endloop
  endfacet
  facet normal -0.857728 0.514104 0
    outer loop
      vertex -4.98882 3.33342 1.9
      vertex -5.29153 2.82838 0
      vertex -5.29153 2.82838 1.9
    endloop
  endfacet
  facet normal -0.857728 0.514104 0
    outer loop
      vertex -5.29153 2.82838 4.1
      vertex -4.98882 3.33342 6
      vertex -4.98882 3.33342 4.1
    endloop
  endfacet
  facet normal -0.857728 0.514104 0
    outer loop
      vertex -4.98882 3.33342 6
      vertex -5.29153 2.82838 4.1
      vertex -5.29153 2.82838 6
    endloop
  endfacet
  facet normal -0.242979 -0.970032 0
    outer loop
      vertex -1.74171 -5.74164 4.1
      vertex -1.17054 -5.88471 6
      vertex -1.74171 -5.74164 6
    endloop
  endfacet
  facet normal -0.242979 -0.970032 -0
    outer loop
      vertex -1.17054 -5.88471 6
      vertex -1.74171 -5.74164 4.1
      vertex -1.17054 -5.88471 4.1
    endloop
  endfacet
  facet normal -0.242979 -0.970032 0
    outer loop
      vertex -1.74171 -5.74164 0
      vertex -1.17054 -5.88471 1.9
      vertex -1.74171 -5.74164 1.9
    endloop
  endfacet
  facet normal -0.242979 -0.970032 -0
    outer loop
      vertex -1.17054 -5.88471 1.9
      vertex -1.74171 -5.74164 0
      vertex -1.17054 -5.88471 0
    endloop
  endfacet
  facet normal 0.857728 0.514104 0
    outer loop
      vertex 5.29153 2.82838 6
      vertex 4.98882 3.33342 4.1
      vertex 4.98882 3.33342 6
    endloop
  endfacet
  facet normal 0.857728 0.514104 0
    outer loop
      vertex 4.98882 3.33342 4.1
      vertex 5.29153 2.82838 6
      vertex 5.29153 2.82838 4.1
    endloop
  endfacet
  facet normal 0.857728 0.514104 0
    outer loop
      vertex 5.29153 2.82838 1.9
      vertex 4.98882 3.33342 0
      vertex 4.98882 3.33342 1.9
    endloop
  endfacet
  facet normal 0.857728 0.514104 0
    outer loop
      vertex 4.98882 3.33342 0
      vertex 5.29153 2.82838 1.9
      vertex 5.29153 2.82838 0
    endloop
  endfacet
  facet normal -0.998796 -0.049065 0
    outer loop
      vertex -5.97111 -0.588102 4.1
      vertex -6 0 6
      vertex -6 0 4.1
    endloop
  endfacet
  facet normal -0.998796 -0.049065 0
    outer loop
      vertex -6 0 6
      vertex -5.97111 -0.588102 4.1
      vertex -5.97111 -0.588102 6
    endloop
  endfacet
  facet normal -0.998796 -0.049065 0
    outer loop
      vertex -5.97111 -0.588102 0
      vertex -6 0 1.9
      vertex -6 0 0
    endloop
  endfacet
  facet normal -0.998796 -0.049065 0
    outer loop
      vertex -6 0 1.9
      vertex -5.97111 -0.588102 0
      vertex -5.97111 -0.588102 1.9
    endloop
  endfacet
  facet normal 0.903989 0.427556 0
    outer loop
      vertex 5.54328 2.2961 6
      vertex 5.29153 2.82838 4.1
      vertex 5.29153 2.82838 6
    endloop
  endfacet
  facet normal 0.903989 0.427556 0
    outer loop
      vertex 5.29153 2.82838 4.1
      vertex 5.54328 2.2961 6
      vertex 5.54328 2.2961 4.1
    endloop
  endfacet
  facet normal 0.903989 0.427556 0
    outer loop
      vertex 5.54328 2.2961 1.9
      vertex 5.29153 2.82838 0
      vertex 5.29153 2.82838 1.9
    endloop
  endfacet
  facet normal 0.903989 0.427556 0
    outer loop
      vertex 5.29153 2.82838 0
      vertex 5.54328 2.2961 1.9
      vertex 5.54328 2.2961 0
    endloop
  endfacet
  facet normal 0.970032 -0.242979 0
    outer loop
      vertex 5.74164 -1.74171 1.9
      vertex 5.88471 -1.17054 0
      vertex 5.88471 -1.17054 1.9
    endloop
  endfacet
  facet normal 0.970032 -0.242979 0
    outer loop
      vertex 5.88471 -1.17054 0
      vertex 5.74164 -1.74171 1.9
      vertex 5.74164 -1.74171 0
    endloop
  endfacet
  facet normal 0.970032 -0.242979 0
    outer loop
      vertex 5.74164 -1.74171 6
      vertex 5.88471 -1.17054 4.1
      vertex 5.88471 -1.17054 6
    endloop
  endfacet
  facet normal 0.970032 -0.242979 0
    outer loop
      vertex 5.88471 -1.17054 4.1
      vertex 5.74164 -1.74171 6
      vertex 5.74164 -1.74171 4.1
    endloop
  endfacet
  facet normal -0.970032 0.242979 0
    outer loop
      vertex -5.88471 1.17054 0
      vertex -5.74164 1.74171 1.9
      vertex -5.74164 1.74171 0
    endloop
  endfacet
  facet normal -0.970032 0.242979 0
    outer loop
      vertex -5.74164 1.74171 1.9
      vertex -5.88471 1.17054 0
      vertex -5.88471 1.17054 1.9
    endloop
  endfacet
  facet normal -0.970032 0.242979 0
    outer loop
      vertex -5.88471 1.17054 4.1
      vertex -5.74164 1.74171 6
      vertex -5.74164 1.74171 4.1
    endloop
  endfacet
  facet normal -0.970032 0.242979 0
    outer loop
      vertex -5.74164 1.74171 6
      vertex -5.88471 1.17054 4.1
      vertex -5.88471 1.17054 6
    endloop
  endfacet
  facet normal -0.427556 -0.903989 0
    outer loop
      vertex -2.82838 -5.29153 4.1
      vertex -2.2961 -5.54328 6
      vertex -2.82838 -5.29153 6
    endloop
  endfacet
  facet normal -0.427556 -0.903989 -0
    outer loop
      vertex -2.2961 -5.54328 6
      vertex -2.82838 -5.29153 4.1
      vertex -2.2961 -5.54328 4.1
    endloop
  endfacet
  facet normal -0.427556 -0.903989 0
    outer loop
      vertex -2.82838 -5.29153 0
      vertex -2.2961 -5.54328 1.9
      vertex -2.82838 -5.29153 1.9
    endloop
  endfacet
  facet normal -0.427556 -0.903989 -0
    outer loop
      vertex -2.2961 -5.54328 1.9
      vertex -2.82838 -5.29153 0
      vertex -2.2961 -5.54328 0
    endloop
  endfacet
  facet normal -0.970032 -0.242979 0
    outer loop
      vertex -5.74164 -1.74171 0
      vertex -5.88471 -1.17054 1.9
      vertex -5.88471 -1.17054 0
    endloop
  endfacet
  facet normal -0.970032 -0.242979 0
    outer loop
      vertex -5.88471 -1.17054 1.9
      vertex -5.74164 -1.74171 0
      vertex -5.74164 -1.74171 1.9
    endloop
  endfacet
  facet normal -0.970032 -0.242979 0
    outer loop
      vertex -5.74164 -1.74171 4.1
      vertex -5.88471 -1.17054 6
      vertex -5.88471 -1.17054 4.1
    endloop
  endfacet
  facet normal -0.970032 -0.242979 0
    outer loop
      vertex -5.88471 -1.17054 6
      vertex -5.74164 -1.74171 4.1
      vertex -5.74164 -1.74171 6
    endloop
  endfacet
  facet normal 0.336884 0.941546 -0
    outer loop
      vertex 2.2961 5.54328 4.1
      vertex 1.74171 5.74164 6
      vertex 2.2961 5.54328 6
    endloop
  endfacet
  facet normal 0.336884 0.941546 0
    outer loop
      vertex 1.74171 5.74164 6
      vertex 2.2961 5.54328 4.1
      vertex 1.74171 5.74164 4.1
    endloop
  endfacet
  facet normal 0.336884 0.941546 -0
    outer loop
      vertex 2.2961 5.54328 0
      vertex 1.74171 5.74164 1.9
      vertex 2.2961 5.54328 1.9
    endloop
  endfacet
  facet normal 0.336884 0.941546 0
    outer loop
      vertex 1.74171 5.74164 1.9
      vertex 2.2961 5.54328 0
      vertex 1.74171 5.74164 0
    endloop
  endfacet
  facet normal 0.989176 -0.146736 0
    outer loop
      vertex 5.88471 -1.17054 1.9
      vertex 5.97111 -0.588102 0
      vertex 5.97111 -0.588102 1.9
    endloop
  endfacet
  facet normal 0.989176 -0.146736 0
    outer loop
      vertex 5.97111 -0.588102 0
      vertex 5.88471 -1.17054 1.9
      vertex 5.88471 -1.17054 0
    endloop
  endfacet
  facet normal 0.989176 -0.146736 0
    outer loop
      vertex 5.88471 -1.17054 6
      vertex 5.97111 -0.588102 4.1
      vertex 5.97111 -0.588102 6
    endloop
  endfacet
  facet normal 0.989176 -0.146736 0
    outer loop
      vertex 5.97111 -0.588102 4.1
      vertex 5.88471 -1.17054 6
      vertex 5.88471 -1.17054 4.1
    endloop
  endfacet
  facet normal -0.146736 0.989176 0
    outer loop
      vertex -0.588102 5.97111 4.1
      vertex -1.17054 5.88471 6
      vertex -0.588102 5.97111 6
    endloop
  endfacet
  facet normal -0.146736 0.989176 0
    outer loop
      vertex -1.17054 5.88471 6
      vertex -0.588102 5.97111 4.1
      vertex -1.17054 5.88471 4.1
    endloop
  endfacet
  facet normal -0.146736 0.989176 0
    outer loop
      vertex -0.588102 5.97111 0
      vertex -1.17054 5.88471 1.9
      vertex -0.588102 5.97111 1.9
    endloop
  endfacet
  facet normal -0.146736 0.989176 0
    outer loop
      vertex -1.17054 5.88471 1.9
      vertex -0.588102 5.97111 0
      vertex -1.17054 5.88471 0
    endloop
  endfacet
  facet normal 0.427556 -0.903989 0
    outer loop
      vertex 2.2961 -5.54328 4.1
      vertex 2.82838 -5.29153 6
      vertex 2.2961 -5.54328 6
    endloop
  endfacet
  facet normal 0.427556 -0.903989 0
    outer loop
      vertex 2.82838 -5.29153 6
      vertex 2.2961 -5.54328 4.1
      vertex 2.82838 -5.29153 4.1
    endloop
  endfacet
  facet normal 0.427556 -0.903989 0
    outer loop
      vertex 2.2961 -5.54328 0
      vertex 2.82838 -5.29153 1.9
      vertex 2.2961 -5.54328 1.9
    endloop
  endfacet
  facet normal 0.427556 -0.903989 0
    outer loop
      vertex 2.82838 -5.29153 1.9
      vertex 2.2961 -5.54328 0
      vertex 2.82838 -5.29153 0
    endloop
  endfacet
  facet normal -0.671558 0.740952 0
    outer loop
      vertex -3.80636 4.63806 4.1
      vertex -4.24264 4.24264 6
      vertex -3.80636 4.63806 6
    endloop
  endfacet
  facet normal -0.671558 0.740952 0
    outer loop
      vertex -4.24264 4.24264 6
      vertex -3.80636 4.63806 4.1
      vertex -4.24264 4.24264 4.1
    endloop
  endfacet
  facet normal -0.671558 0.740952 0
    outer loop
      vertex -3.80636 4.63806 0
      vertex -4.24264 4.24264 1.9
      vertex -3.80636 4.63806 1.9
    endloop
  endfacet
  facet normal -0.671558 0.740952 0
    outer loop
      vertex -4.24264 4.24264 1.9
      vertex -3.80636 4.63806 0
      vertex -4.24264 4.24264 0
    endloop
  endfacet
  facet normal 0 0 -1
    outer loop
      vertex 1.7 0 0
      vertex 6 0 0
      vertex 5.97111 -0.588102 0
    endloop
  endfacet
  facet normal 0 0 -1
    outer loop
      vertex 1.69181 -0.166629 0
      vertex 5.97111 -0.588102 0
      vertex 5.88471 -1.17054 0
    endloop
  endfacet
  facet normal 0 0 -1
    outer loop
      vertex 6 0 0
      vertex 1.7 0 0
      vertex 5.97111 0.588102 0
    endloop
  endfacet
  facet normal 0 0 -1
    outer loop
      vertex 1.66733 -0.331653 0
      vertex 5.88471 -1.17054 0
      vertex 5.74164 -1.74171 0
    endloop
  endfacet
  facet normal 0 0 -1
    outer loop
      vertex 1.69181 0.166629 0
      vertex 5.97111 0.588102 0
      vertex 1.7 0 0
    endloop
  endfacet
  facet normal 0 0 -1
    outer loop
      vertex 1.6268 -0.493484 0
      vertex 5.74164 -1.74171 0
      vertex 5.54328 -2.2961 0
    endloop
  endfacet
  facet normal -0 0 -1
    outer loop
      vertex 5.97111 0.588102 0
      vertex 1.69181 0.166629 0
      vertex 5.88471 1.17054 0
    endloop
  endfacet
  facet normal 0 0 -1
    outer loop
      vertex 1.57059 -0.650561 0
      vertex 5.54328 -2.2961 0
      vertex 5.29153 -2.82838 0
    endloop
  endfacet
  facet normal 0 0 -1
    outer loop
      vertex 1.66733 0.331653 0
      vertex 5.88471 1.17054 0
      vertex 1.69181 0.166629 0
    endloop
  endfacet
  facet normal 0 0 -1
    outer loop
      vertex 1.49927 -0.801374 0
      vertex 5.29153 -2.82838 0
      vertex 4.98882 -3.33342 0
    endloop
  endfacet
  facet normal -0 0 -1
    outer loop
      vertex 5.88471 1.17054 0
      vertex 1.66733 0.331653 0
      vertex 5.74164 1.74171 0
    endloop
  endfacet
  facet normal 0 0 -1
    outer loop
      vertex 1.4135 -0.944468 0
      vertex 4.98882 -3.33342 0
      vertex 4.63806 -3.80636 0
    endloop
  endfacet
  facet normal 0 0 -1
    outer loop
      vertex 1.6268 0.493484 0
      vertex 5.74164 1.74171 0
      vertex 1.66733 0.331653 0
    endloop
  endfacet
  facet normal 0 0 -1
    outer loop
      vertex 1.31412 -1.07847 0
      vertex 4.63806 -3.80636 0
      vertex 4.24264 -4.24264 0
    endloop
  endfacet
  facet normal -0 0 -1
    outer loop
      vertex 5.74164 1.74171 0
      vertex 1.6268 0.493484 0
      vertex 5.54328 2.2961 0
    endloop
  endfacet
  facet normal 0 0 -1
    outer loop
      vertex 1.20208 -1.20208 0
      vertex 4.24264 -4.24264 0
      vertex 3.80636 -4.63806 0
    endloop
  endfacet
  facet normal 0 0 -1
    outer loop
      vertex 1.57059 0.650561 0
      vertex 5.54328 2.2961 0
      vertex 1.6268 0.493484 0
    endloop
  endfacet
  facet normal 0 0 -1
    outer loop
      vertex 1.07847 -1.31412 0
      vertex 3.80636 -4.63806 0
      vertex 3.33342 -4.98882 0
    endloop
  endfacet
  facet normal -0 0 -1
    outer loop
      vertex 5.54328 2.2961 0
      vertex 1.57059 0.650561 0
      vertex 5.29153 2.82838 0
    endloop
  endfacet
  facet normal 0 0 -1
    outer loop
      vertex 0.944468 -1.4135 0
      vertex 3.33342 -4.98882 0
      vertex 2.82838 -5.29153 0
    endloop
  endfacet
  facet normal 0 0 -1
    outer loop
      vertex 1.49927 0.801374 0
      vertex 5.29153 2.82838 0
      vertex 1.57059 0.650561 0
    endloop
  endfacet
  facet normal 0 0 -1
    outer loop
      vertex 0.801374 -1.49927 0
      vertex 2.82838 -5.29153 0
      vertex 2.2961 -5.54328 0
    endloop
  endfacet
  facet normal -0 0 -1
    outer loop
      vertex 5.29153 2.82838 0
      vertex 1.49927 0.801374 0
      vertex 4.98882 3.33342 0
    endloop
  endfacet
  facet normal 0 0 -1
    outer loop
      vertex 0.650561 -1.57059 0
      vertex 2.2961 -5.54328 0
      vertex 1.74171 -5.74164 0
    endloop
  endfacet
  facet normal 0 0 -1
    outer loop
      vertex 1.4135 0.944468 0
      vertex 4.98882 3.33342 0
      vertex 1.49927 0.801374 0
    endloop
  endfacet
  facet normal -0 0 -1
    outer loop
      vertex 4.98882 3.33342 0
      vertex 1.4135 0.944468 0
      vertex 4.63806 3.80636 0
    endloop
  endfacet
  facet normal 0 0 -1
    outer loop
      vertex 5.97111 -0.588102 0
      vertex 1.69181 -0.166629 0
      vertex 1.7 0 0
    endloop
  endfacet
  facet normal 0 0 -1
    outer loop
      vertex 5.88471 -1.17054 0
      vertex 1.66733 -0.331653 0
      vertex 1.69181 -0.166629 0
    endloop
  endfacet
  facet normal 0 0 -1
    outer loop
      vertex 5.74164 -1.74171 0
      vertex 1.6268 -0.493484 0
      vertex 1.66733 -0.331653 0
    endloop
  endfacet
  facet normal 0 0 -1
    outer loop
      vertex 5.54328 -2.2961 0
      vertex 1.57059 -0.650561 0
      vertex 1.6268 -0.493484 0
    endloop
  endfacet
  facet normal 0 0 -1
    outer loop
      vertex 5.29153 -2.82838 0
      vertex 1.49927 -0.801374 0
      vertex 1.57059 -0.650561 0
    endloop
  endfacet
  facet normal 0 0 -1
    outer loop
      vertex 4.98882 -3.33342 0
      vertex 1.4135 -0.944468 0
      vertex 1.49927 -0.801374 0
    endloop
  endfacet
  facet normal 0 0 -1
    outer loop
      vertex 4.63806 -3.80636 0
      vertex 1.31412 -1.07847 0
      vertex 1.4135 -0.944468 0
    endloop
  endfacet
  facet normal 0 0 -1
    outer loop
      vertex 4.24264 -4.24264 0
      vertex 1.20208 -1.20208 0
      vertex 1.31412 -1.07847 0
    endloop
  endfacet
  facet normal 0 0 -1
    outer loop
      vertex 0.493484 -1.6268 0
      vertex 1.74171 -5.74164 0
      vertex 1.17054 -5.88471 0
    endloop
  endfacet
  facet normal 0 0 -1
    outer loop
      vertex 3.80636 -4.63806 0
      vertex 1.07847 -1.31412 0
      vertex 1.20208 -1.20208 0
    endloop
  endfacet
  facet normal 0 0 -1
    outer loop
      vertex 3.33342 -4.98882 0
      vertex 0.944468 -1.4135 0
      vertex 1.07847 -1.31412 0
    endloop
  endfacet
  facet normal 0 0 -1
    outer loop
      vertex 2.82838 -5.29153 0
      vertex 0.801374 -1.49927 0
      vertex 0.944468 -1.4135 0
    endloop
  endfacet
  facet normal 0 0 -1
    outer loop
      vertex 2.2961 -5.54328 0
      vertex 0.650561 -1.57059 0
      vertex 0.801374 -1.49927 0
    endloop
  endfacet
  facet normal 0 0 -1
    outer loop
      vertex 0.331653 -1.66733 0
      vertex 1.17054 -5.88471 0
      vertex 0.588102 -5.97111 0
    endloop
  endfacet
  facet normal 0 0 -1
    outer loop
      vertex 1.74171 -5.74164 0
      vertex 0.493484 -1.6268 0
      vertex 0.650561 -1.57059 0
    endloop
  endfacet
  facet normal 0 0 -1
    outer loop
      vertex 1.17054 -5.88471 0
      vertex 0.331653 -1.66733 0
      vertex 0.493484 -1.6268 0
    endloop
  endfacet
  facet normal 0 0 -1
    outer loop
      vertex 0.588102 -5.97111 0
      vertex 0.166629 -1.69181 0
      vertex 0.331653 -1.66733 0
    endloop
  endfacet
  facet normal 0 0 -1
    outer loop
      vertex 0 -6 0
      vertex 0.166629 -1.69181 0
      vertex 0.588102 -5.97111 0
    endloop
  endfacet
  facet normal 0 0 -1
    outer loop
      vertex 0 -6 0
      vertex 0 -1.7 0
      vertex 0.166629 -1.69181 0
    endloop
  endfacet
  facet normal 0 0 -1
    outer loop
      vertex 0 -6 0
      vertex -0.166629 -1.69181 0
      vertex 0 -1.7 0
    endloop
  endfacet
  facet normal 0 0 -1
    outer loop
      vertex -0.588102 -5.97111 0
      vertex -0.166629 -1.69181 0
      vertex 0 -6 0
    endloop
  endfacet
  facet normal -0 0 -1
    outer loop
      vertex -0.166629 -1.69181 0
      vertex -0.588102 -5.97111 0
      vertex -0.331653 -1.66733 0
    endloop
  endfacet
  facet normal 0 0 -1
    outer loop
      vertex -1.17054 -5.88471 0
      vertex -0.331653 -1.66733 0
      vertex -0.588102 -5.97111 0
    endloop
  endfacet
  facet normal -0 0 -1
    outer loop
      vertex -0.331653 -1.66733 0
      vertex -1.17054 -5.88471 0
      vertex -0.493484 -1.6268 0
    endloop
  endfacet
  facet normal 0 0 -1
    outer loop
      vertex -1.74171 -5.74164 0
      vertex -0.493484 -1.6268 0
      vertex -1.17054 -5.88471 0
    endloop
  endfacet
  facet normal -0 0 -1
    outer loop
      vertex -0.493484 -1.6268 0
      vertex -1.74171 -5.74164 0
      vertex -0.650561 -1.57059 0
    endloop
  endfacet
  facet normal 0 0 -1
    outer loop
      vertex -2.2961 -5.54328 0
      vertex -0.650561 -1.57059 0
      vertex -1.74171 -5.74164 0
    endloop
  endfacet
  facet normal -0 0 -1
    outer loop
      vertex -0.650561 -1.57059 0
      vertex -2.2961 -5.54328 0
      vertex -0.801374 -1.49927 0
    endloop
  endfacet
  facet normal 0 0 -1
    outer loop
      vertex -2.82838 -5.29153 0
      vertex -0.801374 -1.49927 0
      vertex -2.2961 -5.54328 0
    endloop
  endfacet
  facet normal -0 0 -1
    outer loop
      vertex -0.801374 -1.49927 0
      vertex -2.82838 -5.29153 0
      vertex -0.944468 -1.4135 0
    endloop
  endfacet
  facet normal 0 0 -1
    outer loop
      vertex -3.33342 -4.98882 0
      vertex -0.944468 -1.4135 0
      vertex -2.82838 -5.29153 0
    endloop
  endfacet
  facet normal -0 0 -1
    outer loop
      vertex -0.944468 -1.4135 0
      vertex -3.33342 -4.98882 0
      vertex -1.07847 -1.31412 0
    endloop
  endfacet
  facet normal 0 0 -1
    outer loop
      vertex -3.80636 -4.63806 0
      vertex -1.07847 -1.31412 0
      vertex -3.33342 -4.98882 0
    endloop
  endfacet
  facet normal -0 0 -1
    outer loop
      vertex -1.07847 -1.31412 0
      vertex -3.80636 -4.63806 0
      vertex -1.20208 -1.20208 0
    endloop
  endfacet
  facet normal 0 0 -1
    outer loop
      vertex -4.24264 -4.24264 0
      vertex -1.20208 -1.20208 0
      vertex -3.80636 -4.63806 0
    endloop
  endfacet
  facet normal -0 0 -1
    outer loop
      vertex -1.20208 -1.20208 0
      vertex -4.24264 -4.24264 0
      vertex -1.31412 -1.07847 0
    endloop
  endfacet
  facet normal -0 0 -1
    outer loop
      vertex -1.31412 -1.07847 0
      vertex -4.63806 -3.80636 0
      vertex -1.4135 -0.944468 0
    endloop
  endfacet
  facet normal 0 0 -1
    outer loop
      vertex -4.63806 -3.80636 0
      vertex -1.31412 -1.07847 0
      vertex -4.24264 -4.24264 0
    endloop
  endfacet
  facet normal 0 0 -1
    outer loop
      vertex 1.31412 1.07847 0
      vertex 4.63806 3.80636 0
      vertex 1.4135 0.944468 0
    endloop
  endfacet
  facet normal -0 0 -1
    outer loop
      vertex 4.63806 3.80636 0
      vertex 1.31412 1.07847 0
      vertex 4.24264 4.24264 0
    endloop
  endfacet
  facet normal 0 0 -1
    outer loop
      vertex 1.20208 1.20208 0
      vertex 4.24264 4.24264 0
      vertex 1.31412 1.07847 0
    endloop
  endfacet
  facet normal -0 0 -1
    outer loop
      vertex 4.24264 4.24264 0
      vertex 1.20208 1.20208 0
      vertex 3.80636 4.63806 0
    endloop
  endfacet
  facet normal 0 0 -1
    outer loop
      vertex 1.07847 1.31412 0
      vertex 3.80636 4.63806 0
      vertex 1.20208 1.20208 0
    endloop
  endfacet
  facet normal -0 0 -1
    outer loop
      vertex 3.80636 4.63806 0
      vertex 1.07847 1.31412 0
      vertex 3.33342 4.98882 0
    endloop
  endfacet
  facet normal 0 0 -1
    outer loop
      vertex 0.944468 1.4135 0
      vertex 3.33342 4.98882 0
      vertex 1.07847 1.31412 0
    endloop
  endfacet
  facet normal -0 0 -1
    outer loop
      vertex 3.33342 4.98882 0
      vertex 0.944468 1.4135 0
      vertex 2.82838 5.29153 0
    endloop
  endfacet
  facet normal 0 0 -1
    outer loop
      vertex 0.801374 1.49927 0
      vertex 2.82838 5.29153 0
      vertex 0.944468 1.4135 0
    endloop
  endfacet
  facet normal -0 0 -1
    outer loop
      vertex 2.82838 5.29153 0
      vertex 0.801374 1.49927 0
      vertex 2.2961 5.54328 0
    endloop
  endfacet
  facet normal 0 0 -1
    outer loop
      vertex 0.650561 1.57059 0
      vertex 2.2961 5.54328 0
      vertex 0.801374 1.49927 0
    endloop
  endfacet
  facet normal -0 0 -1
    outer loop
      vertex 2.2961 5.54328 0
      vertex 0.650561 1.57059 0
      vertex 1.74171 5.74164 0
    endloop
  endfacet
  facet normal 0 0 -1
    outer loop
      vertex 0.493484 1.6268 0
      vertex 1.74171 5.74164 0
      vertex 0.650561 1.57059 0
    endloop
  endfacet
  facet normal -0 0 -1
    outer loop
      vertex 1.74171 5.74164 0
      vertex 0.493484 1.6268 0
      vertex 1.17054 5.88471 0
    endloop
  endfacet
  facet normal 0 0 -1
    outer loop
      vertex 0.331653 1.66733 0
      vertex 1.17054 5.88471 0
      vertex 0.493484 1.6268 0
    endloop
  endfacet
  facet normal -0 0 -1
    outer loop
      vertex 1.17054 5.88471 0
      vertex 0.331653 1.66733 0
      vertex 0.588102 5.97111 0
    endloop
  endfacet
  facet normal 0 0 -1
    outer loop
      vertex 0.166629 1.69181 0
      vertex 0.588102 5.97111 0
      vertex 0.331653 1.66733 0
    endloop
  endfacet
  facet normal 0 0 -1
    outer loop
      vertex 0 1.7 0
      vertex 0.588102 5.97111 0
      vertex 0.166629 1.69181 0
    endloop
  endfacet
  facet normal 0 0 -1
    outer loop
      vertex 0 1.7 0
      vertex 0 6 0
      vertex 0.588102 5.97111 0
    endloop
  endfacet
  facet normal 0 0 -1
    outer loop
      vertex -0.166629 1.69181 0
      vertex 0 6 0
      vertex 0 1.7 0
    endloop
  endfacet
  facet normal 0 0 -1
    outer loop
      vertex -0.588102 5.97111 0
      vertex -0.166629 1.69181 0
      vertex -0.331653 1.66733 0
    endloop
  endfacet
  facet normal 0 0 -1
    outer loop
      vertex -1.17054 5.88471 0
      vertex -0.331653 1.66733 0
      vertex -0.493484 1.6268 0
    endloop
  endfacet
  facet normal 0 0 -1
    outer loop
      vertex -0.166629 1.69181 0
      vertex -0.588102 5.97111 0
      vertex 0 6 0
    endloop
  endfacet
  facet normal 0 0 -1
    outer loop
      vertex -1.74171 5.74164 0
      vertex -0.493484 1.6268 0
      vertex -0.650561 1.57059 0
    endloop
  endfacet
  facet normal 0 0 -1
    outer loop
      vertex -2.2961 5.54328 0
      vertex -0.650561 1.57059 0
      vertex -0.801374 1.49927 0
    endloop
  endfacet
  facet normal 0 0 -1
    outer loop
      vertex -2.82838 5.29153 0
      vertex -0.801374 1.49927 0
      vertex -0.944468 1.4135 0
    endloop
  endfacet
  facet normal 0 0 -1
    outer loop
      vertex -3.33342 4.98882 0
      vertex -0.944468 1.4135 0
      vertex -1.07847 1.31412 0
    endloop
  endfacet
  facet normal 0 0 -1
    outer loop
      vertex -0.331653 1.66733 0
      vertex -1.17054 5.88471 0
      vertex -0.588102 5.97111 0
    endloop
  endfacet
  facet normal 0 0 -1
    outer loop
      vertex -3.80636 4.63806 0
      vertex -1.07847 1.31412 0
      vertex -1.20208 1.20208 0
    endloop
  endfacet
  facet normal 0 0 -1
    outer loop
      vertex -4.24264 4.24264 0
      vertex -1.20208 1.20208 0
      vertex -1.31412 1.07847 0
    endloop
  endfacet
  facet normal 0 0 -1
    outer loop
      vertex -4.63806 3.80636 0
      vertex -1.31412 1.07847 0
      vertex -1.4135 0.944468 0
    endloop
  endfacet
  facet normal 0 0 -1
    outer loop
      vertex -4.98882 3.33342 0
      vertex -1.4135 0.944468 0
      vertex -1.49927 0.801374 0
    endloop
  endfacet
  facet normal 0 0 -1
    outer loop
      vertex -5.29153 2.82838 0
      vertex -1.49927 0.801374 0
      vertex -1.57059 0.650561 0
    endloop
  endfacet
  facet normal 0 0 -1
    outer loop
      vertex -5.54328 2.2961 0
      vertex -1.57059 0.650561 0
      vertex -1.6268 0.493484 0
    endloop
  endfacet
  facet normal 0 0 -1
    outer loop
      vertex -5.74164 1.74171 0
      vertex -1.6268 0.493484 0
      vertex -1.66733 0.331653 0
    endloop
  endfacet
  facet normal 0 0 -1
    outer loop
      vertex -5.88471 1.17054 0
      vertex -1.66733 0.331653 0
      vertex -1.69181 0.166629 0
    endloop
  endfacet
  facet normal 0 0 -1
    outer loop
      vertex -0.493484 1.6268 0
      vertex -1.74171 5.74164 0
      vertex -1.17054 5.88471 0
    endloop
  endfacet
  facet normal 0 0 -1
    outer loop
      vertex -5.97111 0.588102 0
      vertex -1.69181 0.166629 0
      vertex -1.7 0 0
    endloop
  endfacet
  facet normal 0 0 -1
    outer loop
      vertex -4.98882 -3.33342 0
      vertex -1.4135 -0.944468 0
      vertex -4.63806 -3.80636 0
    endloop
  endfacet
  facet normal -0 0 -1
    outer loop
      vertex -1.4135 -0.944468 0
      vertex -4.98882 -3.33342 0
      vertex -1.49927 -0.801374 0
    endloop
  endfacet
  facet normal 0 0 -1
    outer loop
      vertex -0.650561 1.57059 0
      vertex -2.2961 5.54328 0
      vertex -1.74171 5.74164 0
    endloop
  endfacet
  facet normal 0 0 -1
    outer loop
      vertex -5.29153 -2.82838 0
      vertex -1.49927 -0.801374 0
      vertex -4.98882 -3.33342 0
    endloop
  endfacet
  facet normal 0 0 -1
    outer loop
      vertex -0.801374 1.49927 0
      vertex -2.82838 5.29153 0
      vertex -2.2961 5.54328 0
    endloop
  endfacet
  facet normal -0 0 -1
    outer loop
      vertex -1.49927 -0.801374 0
      vertex -5.29153 -2.82838 0
      vertex -1.57059 -0.650561 0
    endloop
  endfacet
  facet normal 0 0 -1
    outer loop
      vertex -0.944468 1.4135 0
      vertex -3.33342 4.98882 0
      vertex -2.82838 5.29153 0
    endloop
  endfacet
  facet normal 0 0 -1
    outer loop
      vertex -5.54328 -2.2961 0
      vertex -1.57059 -0.650561 0
      vertex -5.29153 -2.82838 0
    endloop
  endfacet
  facet normal 0 0 -1
    outer loop
      vertex -1.07847 1.31412 0
      vertex -3.80636 4.63806 0
      vertex -3.33342 4.98882 0
    endloop
  endfacet
  facet normal -0 0 -1
    outer loop
      vertex -1.57059 -0.650561 0
      vertex -5.54328 -2.2961 0
      vertex -1.6268 -0.493484 0
    endloop
  endfacet
  facet normal 0 0 -1
    outer loop
      vertex -1.20208 1.20208 0
      vertex -4.24264 4.24264 0
      vertex -3.80636 4.63806 0
    endloop
  endfacet
  facet normal 0 0 -1
    outer loop
      vertex -5.74164 -1.74171 0
      vertex -1.6268 -0.493484 0
      vertex -5.54328 -2.2961 0
    endloop
  endfacet
  facet normal 0 0 -1
    outer loop
      vertex -1.31412 1.07847 0
      vertex -4.63806 3.80636 0
      vertex -4.24264 4.24264 0
    endloop
  endfacet
  facet normal -0 0 -1
    outer loop
      vertex -1.6268 -0.493484 0
      vertex -5.74164 -1.74171 0
      vertex -1.66733 -0.331653 0
    endloop
  endfacet
  facet normal 0 0 -1
    outer loop
      vertex -1.4135 0.944468 0
      vertex -4.98882 3.33342 0
      vertex -4.63806 3.80636 0
    endloop
  endfacet
  facet normal 0 0 -1
    outer loop
      vertex -5.88471 -1.17054 0
      vertex -1.66733 -0.331653 0
      vertex -5.74164 -1.74171 0
    endloop
  endfacet
  facet normal 0 0 -1
    outer loop
      vertex -1.49927 0.801374 0
      vertex -5.29153 2.82838 0
      vertex -4.98882 3.33342 0
    endloop
  endfacet
  facet normal -0 0 -1
    outer loop
      vertex -1.66733 -0.331653 0
      vertex -5.88471 -1.17054 0
      vertex -1.69181 -0.166629 0
    endloop
  endfacet
  facet normal 0 0 -1
    outer loop
      vertex -1.57059 0.650561 0
      vertex -5.54328 2.2961 0
      vertex -5.29153 2.82838 0
    endloop
  endfacet
  facet normal 0 0 -1
    outer loop
      vertex -5.97111 -0.588102 0
      vertex -1.69181 -0.166629 0
      vertex -5.88471 -1.17054 0
    endloop
  endfacet
  facet normal 0 0 -1
    outer loop
      vertex -1.6268 0.493484 0
      vertex -5.74164 1.74171 0
      vertex -5.54328 2.2961 0
    endloop
  endfacet
  facet normal -0 0 -1
    outer loop
      vertex -1.69181 -0.166629 0
      vertex -5.97111 -0.588102 0
      vertex -1.7 0 0
    endloop
  endfacet
  facet normal 0 0 -1
    outer loop
      vertex -1.66733 0.331653 0
      vertex -5.88471 1.17054 0
      vertex -5.74164 1.74171 0
    endloop
  endfacet
  facet normal 0 0 -1
    outer loop
      vertex -6 0 0
      vertex -1.7 0 0
      vertex -5.97111 -0.588102 0
    endloop
  endfacet
  facet normal 0 0 -1
    outer loop
      vertex -1.69181 0.166629 0
      vertex -5.97111 0.588102 0
      vertex -5.88471 1.17054 0
    endloop
  endfacet
  facet normal 0 0 -1
    outer loop
      vertex -1.7 0 0
      vertex -6 0 0
      vertex -5.97111 0.588102 0
    endloop
  endfacet
  facet normal -0.595703 0.803204 0
    outer loop
      vertex -3.33342 4.98882 0
      vertex -3.80636 4.63806 1.9
      vertex -3.33342 4.98882 1.9
    endloop
  endfacet
  facet normal -0.595703 0.803204 0
    outer loop
      vertex -3.80636 4.63806 1.9
      vertex -3.33342 4.98882 0
      vertex -3.80636 4.63806 0
    endloop
  endfacet
  facet normal -0.595703 0.803204 0
    outer loop
      vertex -3.33342 4.98882 4.1
      vertex -3.80636 4.63806 6
      vertex -3.33342 4.98882 6
    endloop
  endfacet
  facet normal -0.595703 0.803204 0
    outer loop
      vertex -3.80636 4.63806 6
      vertex -3.33342 4.98882 4.1
      vertex -3.80636 4.63806 4.1
    endloop
  endfacet
  facet normal 0.242979 0.970032 -0
    outer loop
      vertex 1.74171 5.74164 0
      vertex 1.17054 5.88471 1.9
      vertex 1.74171 5.74164 1.9
    endloop
  endfacet
  facet normal 0.242979 0.970032 0
    outer loop
      vertex 1.17054 5.88471 1.9
      vertex 1.74171 5.74164 0
      vertex 1.17054 5.88471 0
    endloop
  endfacet
  facet normal 0.242979 0.970032 -0
    outer loop
      vertex 1.74171 5.74164 4.1
      vertex 1.17054 5.88471 6
      vertex 1.74171 5.74164 6
    endloop
  endfacet
  facet normal 0.242979 0.970032 0
    outer loop
      vertex 1.17054 5.88471 6
      vertex 1.74171 5.74164 4.1
      vertex 1.17054 5.88471 4.1
    endloop
  endfacet
  facet normal 0.998796 -0.049065 0
    outer loop
      vertex 5.97111 -0.588102 6
      vertex 6 0 4.1
      vertex 6 0 6
    endloop
  endfacet
  facet normal 0.998796 -0.049065 0
    outer loop
      vertex 6 0 4.1
      vertex 5.97111 -0.588102 6
      vertex 5.97111 -0.588102 4.1
    endloop
  endfacet
  facet normal 0.998796 -0.049065 0
    outer loop
      vertex 5.97111 -0.588102 1.9
      vertex 6 0 0
      vertex 6 0 1.9
    endloop
  endfacet
  facet normal 0.998796 -0.049065 0
    outer loop
      vertex 6 0 0
      vertex 5.97111 -0.588102 1.9
      vertex 5.97111 -0.588102 0
    endloop
  endfacet
  facet normal -0.427556 0.903989 0
    outer loop
      vertex -2.2961 5.54328 0
      vertex -2.82838 5.29153 1.9
      vertex -2.2961 5.54328 1.9
    endloop
  endfacet
  facet normal -0.427556 0.903989 0
    outer loop
      vertex -2.82838 5.29153 1.9
      vertex -2.2961 5.54328 0
      vertex -2.82838 5.29153 0
    endloop
  endfacet
  facet normal -0.427556 0.903989 0
    outer loop
      vertex -2.2961 5.54328 4.1
      vertex -2.82838 5.29153 6
      vertex -2.2961 5.54328 6
    endloop
  endfacet
  facet normal -0.427556 0.903989 0
    outer loop
      vertex -2.82838 5.29153 6
      vertex -2.2961 5.54328 4.1
      vertex -2.82838 5.29153 4.1
    endloop
  endfacet
  facet normal -0.941546 -0.336884 0
    outer loop
      vertex -5.54328 -2.2961 0
      vertex -5.74164 -1.74171 1.9
      vertex -5.74164 -1.74171 0
    endloop
  endfacet
  facet normal -0.941546 -0.336884 0
    outer loop
      vertex -5.74164 -1.74171 1.9
      vertex -5.54328 -2.2961 0
      vertex -5.54328 -2.2961 1.9
    endloop
  endfacet
  facet normal -0.941546 -0.336884 0
    outer loop
      vertex -5.54328 -2.2961 4.1
      vertex -5.74164 -1.74171 6
      vertex -5.74164 -1.74171 4.1
    endloop
  endfacet
  facet normal -0.941546 -0.336884 0
    outer loop
      vertex -5.74164 -1.74171 6
      vertex -5.54328 -2.2961 4.1
      vertex -5.54328 -2.2961 6
    endloop
  endfacet
  facet normal 0.514104 0.857728 -0
    outer loop
      vertex 3.33342 4.98882 0
      vertex 2.82838 5.29153 1.9
      vertex 3.33342 4.98882 1.9
    endloop
  endfacet
  facet normal 0.514104 0.857728 0
    outer loop
      vertex 2.82838 5.29153 1.9
      vertex 3.33342 4.98882 0
      vertex 2.82838 5.29153 0
    endloop
  endfacet
  facet normal 0.514104 0.857728 -0
    outer loop
      vertex 3.33342 4.98882 4.1
      vertex 2.82838 5.29153 6
      vertex 3.33342 4.98882 6
    endloop
  endfacet
  facet normal 0.514104 0.857728 0
    outer loop
      vertex 2.82838 5.29153 6
      vertex 3.33342 4.98882 4.1
      vertex 2.82838 5.29153 4.1
    endloop
  endfacet
  facet normal 0.595703 0.803204 -0
    outer loop
      vertex 3.80636 4.63806 4.1
      vertex 3.33342 4.98882 6
      vertex 3.80636 4.63806 6
    endloop
  endfacet
  facet normal 0.595703 0.803204 0
    outer loop
      vertex 3.33342 4.98882 6
      vertex 3.80636 4.63806 4.1
      vertex 3.33342 4.98882 4.1
    endloop
  endfacet
  facet normal 0.595703 0.803204 -0
    outer loop
      vertex 3.80636 4.63806 0
      vertex 3.33342 4.98882 1.9
      vertex 3.80636 4.63806 1.9
    endloop
  endfacet
  facet normal 0.595703 0.803204 0
    outer loop
      vertex 3.33342 4.98882 1.9
      vertex 3.80636 4.63806 0
      vertex 3.33342 4.98882 0
    endloop
  endfacet
  facet normal 0.146736 -0.989176 0
    outer loop
      vertex 0.588102 -5.97111 4.1
      vertex 1.17054 -5.88471 6
      vertex 0.588102 -5.97111 6
    endloop
  endfacet
  facet normal 0.146736 -0.989176 0
    outer loop
      vertex 1.17054 -5.88471 6
      vertex 0.588102 -5.97111 4.1
      vertex 1.17054 -5.88471 4.1
    endloop
  endfacet
  facet normal 0.146736 -0.989176 0
    outer loop
      vertex 0.588102 -5.97111 0
      vertex 1.17054 -5.88471 1.9
      vertex 0.588102 -5.97111 1.9
    endloop
  endfacet
  facet normal 0.146736 -0.989176 0
    outer loop
      vertex 1.17054 -5.88471 1.9
      vertex 0.588102 -5.97111 0
      vertex 1.17054 -5.88471 0
    endloop
  endfacet
  facet normal 0.740952 -0.671558 0
    outer loop
      vertex 4.24264 -4.24264 6
      vertex 4.63806 -3.80636 4.1
      vertex 4.63806 -3.80636 6
    endloop
  endfacet
  facet normal 0.740952 -0.671558 0
    outer loop
      vertex 4.63806 -3.80636 4.1
      vertex 4.24264 -4.24264 6
      vertex 4.24264 -4.24264 4.1
    endloop
  endfacet
  facet normal 0.740952 -0.671558 0
    outer loop
      vertex 4.24264 -4.24264 1.9
      vertex 4.63806 -3.80636 0
      vertex 4.63806 -3.80636 1.9
    endloop
  endfacet
  facet normal 0.740952 -0.671558 0
    outer loop
      vertex 4.63806 -3.80636 0
      vertex 4.24264 -4.24264 1.9
      vertex 4.24264 -4.24264 0
    endloop
  endfacet
  facet normal 0.803204 -0.595703 0
    outer loop
      vertex 4.63806 -3.80636 1.9
      vertex 4.98882 -3.33342 0
      vertex 4.98882 -3.33342 1.9
    endloop
  endfacet
  facet normal 0.803204 -0.595703 0
    outer loop
      vertex 4.98882 -3.33342 0
      vertex 4.63806 -3.80636 1.9
      vertex 4.63806 -3.80636 0
    endloop
  endfacet
  facet normal 0.803204 -0.595703 0
    outer loop
      vertex 4.63806 -3.80636 6
      vertex 4.98882 -3.33342 4.1
      vertex 4.98882 -3.33342 6
    endloop
  endfacet
  facet normal 0.803204 -0.595703 0
    outer loop
      vertex 4.98882 -3.33342 4.1
      vertex 4.63806 -3.80636 6
      vertex 4.63806 -3.80636 4.1
    endloop
  endfacet
  facet normal 0.242979 -0.970032 0
    outer loop
      vertex 1.17054 -5.88471 4.1
      vertex 1.74171 -5.74164 6
      vertex 1.17054 -5.88471 6
    endloop
  endfacet
  facet normal 0.242979 -0.970032 0
    outer loop
      vertex 1.74171 -5.74164 6
      vertex 1.17054 -5.88471 4.1
      vertex 1.74171 -5.74164 4.1
    endloop
  endfacet
  facet normal 0.242979 -0.970032 0
    outer loop
      vertex 1.17054 -5.88471 0
      vertex 1.74171 -5.74164 1.9
      vertex 1.17054 -5.88471 1.9
    endloop
  endfacet
  facet normal 0.242979 -0.970032 0
    outer loop
      vertex 1.74171 -5.74164 1.9
      vertex 1.17054 -5.88471 0
      vertex 1.74171 -5.74164 0
    endloop
  endfacet
  facet normal 0.941546 -0.336884 0
    outer loop
      vertex 5.54328 -2.2961 6
      vertex 5.74164 -1.74171 4.1
      vertex 5.74164 -1.74171 6
    endloop
  endfacet
  facet normal 0.941546 -0.336884 0
    outer loop
      vertex 5.74164 -1.74171 4.1
      vertex 5.54328 -2.2961 6
      vertex 5.54328 -2.2961 4.1
    endloop
  endfacet
  facet normal 0.941546 -0.336884 0
    outer loop
      vertex 5.54328 -2.2961 1.9
      vertex 5.74164 -1.74171 0
      vertex 5.74164 -1.74171 1.9
    endloop
  endfacet
  facet normal 0.941546 -0.336884 0
    outer loop
      vertex 5.74164 -1.74171 0
      vertex 5.54328 -2.2961 1.9
      vertex 5.54328 -2.2961 0
    endloop
  endfacet
  facet normal -0.242979 0.970032 0
    outer loop
      vertex -1.17054 5.88471 0
      vertex -1.74171 5.74164 1.9
      vertex -1.17054 5.88471 1.9
    endloop
  endfacet
  facet normal -0.242979 0.970032 0
    outer loop
      vertex -1.74171 5.74164 1.9
      vertex -1.17054 5.88471 0
      vertex -1.74171 5.74164 0
    endloop
  endfacet
  facet normal -0.242979 0.970032 0
    outer loop
      vertex -1.17054 5.88471 4.1
      vertex -1.74171 5.74164 6
      vertex -1.17054 5.88471 6
    endloop
  endfacet
  facet normal -0.242979 0.970032 0
    outer loop
      vertex -1.74171 5.74164 6
      vertex -1.17054 5.88471 4.1
      vertex -1.74171 5.74164 4.1
    endloop
  endfacet
  facet normal -0.903989 -0.427556 0
    outer loop
      vertex -5.29153 -2.82838 0
      vertex -5.54328 -2.2961 1.9
      vertex -5.54328 -2.2961 0
    endloop
  endfacet
  facet normal -0.903989 -0.427556 0
    outer loop
      vertex -5.54328 -2.2961 1.9
      vertex -5.29153 -2.82838 0
      vertex -5.29153 -2.82838 1.9
    endloop
  endfacet
  facet normal -0.903989 -0.427556 0
    outer loop
      vertex -5.29153 -2.82838 4.1
      vertex -5.54328 -2.2961 6
      vertex -5.54328 -2.2961 4.1
    endloop
  endfacet
  facet normal -0.903989 -0.427556 0
    outer loop
      vertex -5.54328 -2.2961 6
      vertex -5.29153 -2.82838 4.1
      vertex -5.29153 -2.82838 6
    endloop
  endfacet
  facet normal -0.989176 0.146736 0
    outer loop
      vertex -5.97111 0.588102 0
      vertex -5.88471 1.17054 1.9
      vertex -5.88471 1.17054 0
    endloop
  endfacet
  facet normal -0.989176 0.146736 0
    outer loop
      vertex -5.88471 1.17054 1.9
      vertex -5.97111 0.588102 0
      vertex -5.97111 0.588102 1.9
    endloop
  endfacet
  facet normal -0.989176 0.146736 0
    outer loop
      vertex -5.97111 0.588102 4.1
      vertex -5.88471 1.17054 6
      vertex -5.88471 1.17054 4.1
    endloop
  endfacet
  facet normal -0.989176 0.146736 0
    outer loop
      vertex -5.88471 1.17054 6
      vertex -5.97111 0.588102 4.1
      vertex -5.97111 0.588102 6
    endloop
  endfacet
  facet normal 0.427556 0.903989 -0
    outer loop
      vertex 2.82838 5.29153 0
      vertex 2.2961 5.54328 1.9
      vertex 2.82838 5.29153 1.9
    endloop
  endfacet
  facet normal 0.427556 0.903989 0
    outer loop
      vertex 2.2961 5.54328 1.9
      vertex 2.82838 5.29153 0
      vertex 2.2961 5.54328 0
    endloop
  endfacet
  facet normal 0.427556 0.903989 -0
    outer loop
      vertex 2.82838 5.29153 4.1
      vertex 2.2961 5.54328 6
      vertex 2.82838 5.29153 6
    endloop
  endfacet
  facet normal 0.427556 0.903989 0
    outer loop
      vertex 2.2961 5.54328 6
      vertex 2.82838 5.29153 4.1
      vertex 2.2961 5.54328 4.1
    endloop
  endfacet
  facet normal -0.740952 -0.671558 0
    outer loop
      vertex -4.24264 -4.24264 0
      vertex -4.63806 -3.80636 1.9
      vertex -4.63806 -3.80636 0
    endloop
  endfacet
  facet normal -0.740952 -0.671558 0
    outer loop
      vertex -4.63806 -3.80636 1.9
      vertex -4.24264 -4.24264 0
      vertex -4.24264 -4.24264 1.9
    endloop
  endfacet
  facet normal -0.740952 -0.671558 0
    outer loop
      vertex -4.24264 -4.24264 4.1
      vertex -4.63806 -3.80636 6
      vertex -4.63806 -3.80636 4.1
    endloop
  endfacet
  facet normal -0.740952 -0.671558 0
    outer loop
      vertex -4.63806 -3.80636 6
      vertex -4.24264 -4.24264 4.1
      vertex -4.24264 -4.24264 6
    endloop
  endfacet
  facet normal -0.857728 -0.514104 0
    outer loop
      vertex -4.98882 -3.33342 4.1
      vertex -5.29153 -2.82838 6
      vertex -5.29153 -2.82838 4.1
    endloop
  endfacet
  facet normal -0.857728 -0.514104 0
    outer loop
      vertex -5.29153 -2.82838 6
      vertex -4.98882 -3.33342 4.1
      vertex -4.98882 -3.33342 6
    endloop
  endfacet
  facet normal -0.857728 -0.514104 0
    outer loop
      vertex -4.98882 -3.33342 0
      vertex -5.29153 -2.82838 1.9
      vertex -5.29153 -2.82838 0
    endloop
  endfacet
  facet normal -0.857728 -0.514104 0
    outer loop
      vertex -5.29153 -2.82838 1.9
      vertex -4.98882 -3.33342 0
      vertex -4.98882 -3.33342 1.9
    endloop
  endfacet
  facet normal -0.336884 0.941546 0
    outer loop
      vertex -1.74171 5.74164 0
      vertex -2.2961 5.54328 1.9
      vertex -1.74171 5.74164 1.9
    endloop
  endfacet
  facet normal -0.336884 0.941546 0
    outer loop
      vertex -2.2961 5.54328 1.9
      vertex -1.74171 5.74164 0
      vertex -2.2961 5.54328 0
    endloop
  endfacet
  facet normal -0.336884 0.941546 0
    outer loop
      vertex -1.74171 5.74164 4.1
      vertex -2.2961 5.54328 6
      vertex -1.74171 5.74164 6
    endloop
  endfacet
  facet normal -0.336884 0.941546 0
    outer loop
      vertex -2.2961 5.54328 6
      vertex -1.74171 5.74164 4.1
      vertex -2.2961 5.54328 4.1
    endloop
  endfacet
  facet normal -0.514104 -0.857728 0
    outer loop
      vertex -3.33342 -4.98882 0
      vertex -2.82838 -5.29153 1.9
      vertex -3.33342 -4.98882 1.9
    endloop
  endfacet
  facet normal -0.514104 -0.857728 -0
    outer loop
      vertex -2.82838 -5.29153 1.9
      vertex -3.33342 -4.98882 0
      vertex -2.82838 -5.29153 0
    endloop
  endfacet
  facet normal -0.514104 -0.857728 0
    outer loop
      vertex -3.33342 -4.98882 4.1
      vertex -2.82838 -5.29153 6
      vertex -3.33342 -4.98882 6
    endloop
  endfacet
  facet normal -0.514104 -0.857728 -0
    outer loop
      vertex -2.82838 -5.29153 6
      vertex -3.33342 -4.98882 4.1
      vertex -2.82838 -5.29153 4.1
    endloop
  endfacet
  facet normal -0.941546 0.336884 0
    outer loop
      vertex -5.74164 1.74171 0
      vertex -5.54328 2.2961 1.9
      vertex -5.54328 2.2961 0
    endloop
  endfacet
  facet normal -0.941546 0.336884 0
    outer loop
      vertex -5.54328 2.2961 1.9
      vertex -5.74164 1.74171 0
      vertex -5.74164 1.74171 1.9
    endloop
  endfacet
  facet normal -0.941546 0.336884 0
    outer loop
      vertex -5.74164 1.74171 4.1
      vertex -5.54328 2.2961 6
      vertex -5.54328 2.2961 4.1
    endloop
  endfacet
  facet normal -0.941546 0.336884 0
    outer loop
      vertex -5.54328 2.2961 6
      vertex -5.74164 1.74171 4.1
      vertex -5.74164 1.74171 6
    endloop
  endfacet
  facet normal 0.595703 -0.803204 0
    outer loop
      vertex 3.33342 -4.98882 0
      vertex 3.80636 -4.63806 1.9
      vertex 3.33342 -4.98882 1.9
    endloop
  endfacet
  facet normal 0.595703 -0.803204 0
    outer loop
      vertex 3.80636 -4.63806 1.9
      vertex 3.33342 -4.98882 0
      vertex 3.80636 -4.63806 0
    endloop
  endfacet
  facet normal 0.595703 -0.803204 0
    outer loop
      vertex 3.33342 -4.98882 4.1
      vertex 3.80636 -4.63806 6
      vertex 3.33342 -4.98882 6
    endloop
  endfacet
  facet normal 0.595703 -0.803204 0
    outer loop
      vertex 3.80636 -4.63806 6
      vertex 3.33342 -4.98882 4.1
      vertex 3.80636 -4.63806 4.1
    endloop
  endfacet
  facet normal 0.740952 0.671558 0
    outer loop
      vertex 4.63806 3.80636 1.9
      vertex 4.24264 4.24264 0
      vertex 4.24264 4.24264 1.9
    endloop
  endfacet
  facet normal 0.740952 0.671558 0
    outer loop
      vertex 4.24264 4.24264 0
      vertex 4.63806 3.80636 1.9
      vertex 4.63806 3.80636 0
    endloop
  endfacet
  facet normal 0.740952 0.671558 0
    outer loop
      vertex 4.63806 3.80636 6
      vertex 4.24264 4.24264 4.1
      vertex 4.24264 4.24264 6
    endloop
  endfacet
  facet normal 0.740952 0.671558 0
    outer loop
      vertex 4.24264 4.24264 4.1
      vertex 4.63806 3.80636 6
      vertex 4.63806 3.80636 4.1
    endloop
  endfacet
  facet normal -0.803204 -0.595703 0
    outer loop
      vertex -4.63806 -3.80636 0
      vertex -4.98882 -3.33342 1.9
      vertex -4.98882 -3.33342 0
    endloop
  endfacet
  facet normal -0.803204 -0.595703 0
    outer loop
      vertex -4.98882 -3.33342 1.9
      vertex -4.63806 -3.80636 0
      vertex -4.63806 -3.80636 1.9
    endloop
  endfacet
  facet normal -0.803204 -0.595703 0
    outer loop
      vertex -4.63806 -3.80636 4.1
      vertex -4.98882 -3.33342 6
      vertex -4.98882 -3.33342 4.1
    endloop
  endfacet
  facet normal -0.803204 -0.595703 0
    outer loop
      vertex -4.98882 -3.33342 6
      vertex -4.63806 -3.80636 4.1
      vertex -4.63806 -3.80636 6
    endloop
  endfacet
  facet normal -0.514104 0.857728 0
    outer loop
      vertex -2.82838 5.29153 0
      vertex -3.33342 4.98882 1.9
      vertex -2.82838 5.29153 1.9
    endloop
  endfacet
  facet normal -0.514104 0.857728 0
    outer loop
      vertex -3.33342 4.98882 1.9
      vertex -2.82838 5.29153 0
      vertex -3.33342 4.98882 0
    endloop
  endfacet
  facet normal -0.514104 0.857728 0
    outer loop
      vertex -2.82838 5.29153 4.1
      vertex -3.33342 4.98882 6
      vertex -2.82838 5.29153 6
    endloop
  endfacet
  facet normal -0.514104 0.857728 0
    outer loop
      vertex -3.33342 4.98882 6
      vertex -2.82838 5.29153 4.1
      vertex -3.33342 4.98882 4.1
    endloop
  endfacet
  facet normal -0.989176 -0.146736 0
    outer loop
      vertex -5.88471 -1.17054 4.1
      vertex -5.97111 -0.588102 6
      vertex -5.97111 -0.588102 4.1
    endloop
  endfacet
  facet normal -0.989176 -0.146736 0
    outer loop
      vertex -5.97111 -0.588102 6
      vertex -5.88471 -1.17054 4.1
      vertex -5.88471 -1.17054 6
    endloop
  endfacet
  facet normal -0.989176 -0.146736 0
    outer loop
      vertex -5.88471 -1.17054 0
      vertex -5.97111 -0.588102 1.9
      vertex -5.97111 -0.588102 0
    endloop
  endfacet
  facet normal -0.989176 -0.146736 0
    outer loop
      vertex -5.97111 -0.588102 1.9
      vertex -5.88471 -1.17054 0
      vertex -5.88471 -1.17054 1.9
    endloop
  endfacet
  facet normal -0.903989 0.427556 0
    outer loop
      vertex -5.54328 2.2961 0
      vertex -5.29153 2.82838 1.9
      vertex -5.29153 2.82838 0
    endloop
  endfacet
  facet normal -0.903989 0.427556 0
    outer loop
      vertex -5.29153 2.82838 1.9
      vertex -5.54328 2.2961 0
      vertex -5.54328 2.2961 1.9
    endloop
  endfacet
  facet normal -0.903989 0.427556 0
    outer loop
      vertex -5.54328 2.2961 4.1
      vertex -5.29153 2.82838 6
      vertex -5.29153 2.82838 4.1
    endloop
  endfacet
  facet normal -0.903989 0.427556 0
    outer loop
      vertex -5.29153 2.82838 6
      vertex -5.54328 2.2961 4.1
      vertex -5.54328 2.2961 6
    endloop
  endfacet
  facet normal 0.514104 -0.857728 0
    outer loop
      vertex 2.82838 -5.29153 4.1
      vertex 3.33342 -4.98882 6
      vertex 2.82838 -5.29153 6
    endloop
  endfacet
  facet normal 0.514104 -0.857728 0
    outer loop
      vertex 3.33342 -4.98882 6
      vertex 2.82838 -5.29153 4.1
      vertex 3.33342 -4.98882 4.1
    endloop
  endfacet
  facet normal 0.514104 -0.857728 0
    outer loop
      vertex 2.82838 -5.29153 0
      vertex 3.33342 -4.98882 1.9
      vertex 2.82838 -5.29153 1.9
    endloop
  endfacet
  facet normal 0.514104 -0.857728 0
    outer loop
      vertex 3.33342 -4.98882 1.9
      vertex 2.82838 -5.29153 0
      vertex 3.33342 -4.98882 0
    endloop
  endfacet
  facet normal -0.671558 -0.740952 0
    outer loop
      vertex -4.24264 -4.24264 0
      vertex -3.80636 -4.63806 1.9
      vertex -4.24264 -4.24264 1.9
    endloop
  endfacet
  facet normal -0.671558 -0.740952 -0
    outer loop
      vertex -3.80636 -4.63806 1.9
      vertex -4.24264 -4.24264 0
      vertex -3.80636 -4.63806 0
    endloop
  endfacet
  facet normal -0.671558 -0.740952 0
    outer loop
      vertex -4.24264 -4.24264 4.1
      vertex -3.80636 -4.63806 6
      vertex -4.24264 -4.24264 6
    endloop
  endfacet
  facet normal -0.671558 -0.740952 -0
    outer loop
      vertex -3.80636 -4.63806 6
      vertex -4.24264 -4.24264 4.1
      vertex -3.80636 -4.63806 4.1
    endloop
  endfacet
  facet normal -0.803204 0.595703 0
    outer loop
      vertex -4.98882 3.33342 0
      vertex -4.63806 3.80636 1.9
      vertex -4.63806 3.80636 0
    endloop
  endfacet
  facet normal -0.803204 0.595703 0
    outer loop
      vertex -4.63806 3.80636 1.9
      vertex -4.98882 3.33342 0
      vertex -4.98882 3.33342 1.9
    endloop
  endfacet
  facet normal -0.803204 0.595703 0
    outer loop
      vertex -4.98882 3.33342 4.1
      vertex -4.63806 3.80636 6
      vertex -4.63806 3.80636 4.1
    endloop
  endfacet
  facet normal -0.803204 0.595703 0
    outer loop
      vertex -4.63806 3.80636 6
      vertex -4.98882 3.33342 4.1
      vertex -4.98882 3.33342 6
    endloop
  endfacet
  facet normal -0.049065 -0.998796 0
    outer loop
      vertex -0.588102 -5.97111 4.1
      vertex 0 -6 6
      vertex -0.588102 -5.97111 6
    endloop
  endfacet
  facet normal -0.049065 -0.998796 -0
    outer loop
      vertex 0 -6 6
      vertex -0.588102 -5.97111 4.1
      vertex 0 -6 4.1
    endloop
  endfacet
  facet normal -0.049065 -0.998796 0
    outer loop
      vertex -0.588102 -5.97111 0
      vertex 0 -6 1.9
      vertex -0.588102 -5.97111 1.9
    endloop
  endfacet
  facet normal -0.049065 -0.998796 -0
    outer loop
      vertex 0 -6 1.9
      vertex -0.588102 -5.97111 0
      vertex 0 -6 0
    endloop
  endfacet
  facet normal 0 0 1
    outer loop
      vertex 1.7 0 6
      vertex 6 0 6
      vertex 5.97111 0.588102 6
    endloop
  endfacet
  facet normal 0 0 1
    outer loop
      vertex 1.69181 0.166629 6
      vertex 5.97111 0.588102 6
      vertex 5.88471 1.17054 6
    endloop
  endfacet
  facet normal 0 0 1
    outer loop
      vertex 6 0 6
      vertex 1.7 0 6
      vertex 5.97111 -0.588102 6
    endloop
  endfacet
  facet normal 0 0 1
    outer loop
      vertex 1.66733 0.331653 6
      vertex 5.88471 1.17054 6
      vertex 5.74164 1.74171 6
    endloop
  endfacet
  facet normal -0 0 1
    outer loop
      vertex 1.69181 -0.166629 6
      vertex 5.97111 -0.588102 6
      vertex 1.7 0 6
    endloop
  endfacet
  facet normal 0 0 1
    outer loop
      vertex 1.6268 0.493484 6
      vertex 5.74164 1.74171 6
      vertex 5.54328 2.2961 6
    endloop
  endfacet
  facet normal 0 0 1
    outer loop
      vertex 5.97111 -0.588102 6
      vertex 1.69181 -0.166629 6
      vertex 5.88471 -1.17054 6
    endloop
  endfacet
  facet normal 0 0 1
    outer loop
      vertex 1.57059 0.650561 6
      vertex 5.54328 2.2961 6
      vertex 5.29153 2.82838 6
    endloop
  endfacet
  facet normal -0 0 1
    outer loop
      vertex 1.66733 -0.331653 6
      vertex 5.88471 -1.17054 6
      vertex 1.69181 -0.166629 6
    endloop
  endfacet
  facet normal 0 0 1
    outer loop
      vertex 1.49927 0.801374 6
      vertex 5.29153 2.82838 6
      vertex 4.98882 3.33342 6
    endloop
  endfacet
  facet normal 0 0 1
    outer loop
      vertex 5.88471 -1.17054 6
      vertex 1.66733 -0.331653 6
      vertex 5.74164 -1.74171 6
    endloop
  endfacet
  facet normal 0 0 1
    outer loop
      vertex 1.4135 0.944468 6
      vertex 4.98882 3.33342 6
      vertex 4.63806 3.80636 6
    endloop
  endfacet
  facet normal -0 0 1
    outer loop
      vertex 1.6268 -0.493484 6
      vertex 5.74164 -1.74171 6
      vertex 1.66733 -0.331653 6
    endloop
  endfacet
  facet normal 0 0 1
    outer loop
      vertex 1.31412 1.07847 6
      vertex 4.63806 3.80636 6
      vertex 4.24264 4.24264 6
    endloop
  endfacet
  facet normal 0 0 1
    outer loop
      vertex 5.74164 -1.74171 6
      vertex 1.6268 -0.493484 6
      vertex 5.54328 -2.2961 6
    endloop
  endfacet
  facet normal 0 0 1
    outer loop
      vertex 1.20208 1.20208 6
      vertex 4.24264 4.24264 6
      vertex 3.80636 4.63806 6
    endloop
  endfacet
  facet normal -0 0 1
    outer loop
      vertex 1.57059 -0.650561 6
      vertex 5.54328 -2.2961 6
      vertex 1.6268 -0.493484 6
    endloop
  endfacet
  facet normal 0 0 1
    outer loop
      vertex 1.07847 1.31412 6
      vertex 3.80636 4.63806 6
      vertex 3.33342 4.98882 6
    endloop
  endfacet
  facet normal 0 0 1
    outer loop
      vertex 5.54328 -2.2961 6
      vertex 1.57059 -0.650561 6
      vertex 5.29153 -2.82838 6
    endloop
  endfacet
  facet normal 0 0 1
    outer loop
      vertex 0.944468 1.4135 6
      vertex 3.33342 4.98882 6
      vertex 2.82838 5.29153 6
    endloop
  endfacet
  facet normal -0 0 1
    outer loop
      vertex 1.49927 -0.801374 6
      vertex 5.29153 -2.82838 6
      vertex 1.57059 -0.650561 6
    endloop
  endfacet
  facet normal 0 0 1
    outer loop
      vertex 0.801374 1.49927 6
      vertex 2.82838 5.29153 6
      vertex 2.2961 5.54328 6
    endloop
  endfacet
  facet normal 0 0 1
    outer loop
      vertex 5.29153 -2.82838 6
      vertex 1.49927 -0.801374 6
      vertex 4.98882 -3.33342 6
    endloop
  endfacet
  facet normal 0 0 1
    outer loop
      vertex 0.650561 1.57059 6
      vertex 2.2961 5.54328 6
      vertex 1.74171 5.74164 6
    endloop
  endfacet
  facet normal -0 0 1
    outer loop
      vertex 1.4135 -0.944468 6
      vertex 4.98882 -3.33342 6
      vertex 1.49927 -0.801374 6
    endloop
  endfacet
  facet normal 0 0 1
    outer loop
      vertex 4.98882 -3.33342 6
      vertex 1.4135 -0.944468 6
      vertex 4.63806 -3.80636 6
    endloop
  endfacet
  facet normal 0 0 1
    outer loop
      vertex 5.97111 0.588102 6
      vertex 1.69181 0.166629 6
      vertex 1.7 0 6
    endloop
  endfacet
  facet normal 0 0 1
    outer loop
      vertex 5.88471 1.17054 6
      vertex 1.66733 0.331653 6
      vertex 1.69181 0.166629 6
    endloop
  endfacet
  facet normal 0 0 1
    outer loop
      vertex 5.74164 1.74171 6
      vertex 1.6268 0.493484 6
      vertex 1.66733 0.331653 6
    endloop
  endfacet
  facet normal 0 0 1
    outer loop
      vertex 5.54328 2.2961 6
      vertex 1.57059 0.650561 6
      vertex 1.6268 0.493484 6
    endloop
  endfacet
  facet normal 0 0 1
    outer loop
      vertex 5.29153 2.82838 6
      vertex 1.49927 0.801374 6
      vertex 1.57059 0.650561 6
    endloop
  endfacet
  facet normal 0 0 1
    outer loop
      vertex 4.98882 3.33342 6
      vertex 1.4135 0.944468 6
      vertex 1.49927 0.801374 6
    endloop
  endfacet
  facet normal 0 0 1
    outer loop
      vertex 4.63806 3.80636 6
      vertex 1.31412 1.07847 6
      vertex 1.4135 0.944468 6
    endloop
  endfacet
  facet normal 0 0 1
    outer loop
      vertex 4.24264 4.24264 6
      vertex 1.20208 1.20208 6
      vertex 1.31412 1.07847 6
    endloop
  endfacet
  facet normal 0 0 1
    outer loop
      vertex 0.493484 1.6268 6
      vertex 1.74171 5.74164 6
      vertex 1.17054 5.88471 6
    endloop
  endfacet
  facet normal 0 0 1
    outer loop
      vertex 3.80636 4.63806 6
      vertex 1.07847 1.31412 6
      vertex 1.20208 1.20208 6
    endloop
  endfacet
  facet normal 0 0 1
    outer loop
      vertex 3.33342 4.98882 6
      vertex 0.944468 1.4135 6
      vertex 1.07847 1.31412 6
    endloop
  endfacet
  facet normal 0 0 1
    outer loop
      vertex 2.82838 5.29153 6
      vertex 0.801374 1.49927 6
      vertex 0.944468 1.4135 6
    endloop
  endfacet
  facet normal 0 0 1
    outer loop
      vertex 2.2961 5.54328 6
      vertex 0.650561 1.57059 6
      vertex 0.801374 1.49927 6
    endloop
  endfacet
  facet normal 0 0 1
    outer loop
      vertex 0.331653 1.66733 6
      vertex 1.17054 5.88471 6
      vertex 0.588102 5.97111 6
    endloop
  endfacet
  facet normal 0 0 1
    outer loop
      vertex 1.74171 5.74164 6
      vertex 0.493484 1.6268 6
      vertex 0.650561 1.57059 6
    endloop
  endfacet
  facet normal 0 0 1
    outer loop
      vertex 1.17054 5.88471 6
      vertex 0.331653 1.66733 6
      vertex 0.493484 1.6268 6
    endloop
  endfacet
  facet normal 0 0 1
    outer loop
      vertex 0.588102 5.97111 6
      vertex 0.166629 1.69181 6
      vertex 0.331653 1.66733 6
    endloop
  endfacet
  facet normal 0 0 1
    outer loop
      vertex 0 6 6
      vertex 0.166629 1.69181 6
      vertex 0.588102 5.97111 6
    endloop
  endfacet
  facet normal 0 0 1
    outer loop
      vertex 0 6 6
      vertex 0 1.7 6
      vertex 0.166629 1.69181 6
    endloop
  endfacet
  facet normal 0 0 1
    outer loop
      vertex 0 6 6
      vertex -0.166629 1.69181 6
      vertex 0 1.7 6
    endloop
  endfacet
  facet normal -0 0 1
    outer loop
      vertex -0.588102 5.97111 6
      vertex -0.166629 1.69181 6
      vertex 0 6 6
    endloop
  endfacet
  facet normal 0 0 1
    outer loop
      vertex -0.166629 1.69181 6
      vertex -0.588102 5.97111 6
      vertex -0.331653 1.66733 6
    endloop
  endfacet
  facet normal -0 0 1
    outer loop
      vertex -1.17054 5.88471 6
      vertex -0.331653 1.66733 6
      vertex -0.588102 5.97111 6
    endloop
  endfacet
  facet normal 0 0 1
    outer loop
      vertex -0.331653 1.66733 6
      vertex -1.17054 5.88471 6
      vertex -0.493484 1.6268 6
    endloop
  endfacet
  facet normal -0 0 1
    outer loop
      vertex -1.74171 5.74164 6
      vertex -0.493484 1.6268 6
      vertex -1.17054 5.88471 6
    endloop
  endfacet
  facet normal 0 0 1
    outer loop
      vertex -0.493484 1.6268 6
      vertex -1.74171 5.74164 6
      vertex -0.650561 1.57059 6
    endloop
  endfacet
  facet normal -0 0 1
    outer loop
      vertex -2.2961 5.54328 6
      vertex -0.650561 1.57059 6
      vertex -1.74171 5.74164 6
    endloop
  endfacet
  facet normal 0 0 1
    outer loop
      vertex -0.650561 1.57059 6
      vertex -2.2961 5.54328 6
      vertex -0.801374 1.49927 6
    endloop
  endfacet
  facet normal -0 0 1
    outer loop
      vertex -2.82838 5.29153 6
      vertex -0.801374 1.49927 6
      vertex -2.2961 5.54328 6
    endloop
  endfacet
  facet normal 0 0 1
    outer loop
      vertex -0.801374 1.49927 6
      vertex -2.82838 5.29153 6
      vertex -0.944468 1.4135 6
    endloop
  endfacet
  facet normal -0 0 1
    outer loop
      vertex -3.33342 4.98882 6
      vertex -0.944468 1.4135 6
      vertex -2.82838 5.29153 6
    endloop
  endfacet
  facet normal 0 0 1
    outer loop
      vertex -0.944468 1.4135 6
      vertex -3.33342 4.98882 6
      vertex -1.07847 1.31412 6
    endloop
  endfacet
  facet normal -0 0 1
    outer loop
      vertex -3.80636 4.63806 6
      vertex -1.07847 1.31412 6
      vertex -3.33342 4.98882 6
    endloop
  endfacet
  facet normal 0 0 1
    outer loop
      vertex -1.07847 1.31412 6
      vertex -3.80636 4.63806 6
      vertex -1.20208 1.20208 6
    endloop
  endfacet
  facet normal -0 0 1
    outer loop
      vertex -4.24264 4.24264 6
      vertex -1.20208 1.20208 6
      vertex -3.80636 4.63806 6
    endloop
  endfacet
  facet normal 0 0 1
    outer loop
      vertex -1.20208 1.20208 6
      vertex -4.24264 4.24264 6
      vertex -1.31412 1.07847 6
    endloop
  endfacet
  facet normal 0 0 1
    outer loop
      vertex -1.31412 1.07847 6
      vertex -4.63806 3.80636 6
      vertex -1.4135 0.944468 6
    endloop
  endfacet
  facet normal -0 0 1
    outer loop
      vertex -4.63806 3.80636 6
      vertex -1.31412 1.07847 6
      vertex -4.24264 4.24264 6
    endloop
  endfacet
  facet normal -0 0 1
    outer loop
      vertex 1.31412 -1.07847 6
      vertex 4.63806 -3.80636 6
      vertex 1.4135 -0.944468 6
    endloop
  endfacet
  facet normal 0 0 1
    outer loop
      vertex 4.63806 -3.80636 6
      vertex 1.31412 -1.07847 6
      vertex 4.24264 -4.24264 6
    endloop
  endfacet
  facet normal -0 0 1
    outer loop
      vertex 1.20208 -1.20208 6
      vertex 4.24264 -4.24264 6
      vertex 1.31412 -1.07847 6
    endloop
  endfacet
  facet normal 0 0 1
    outer loop
      vertex 4.24264 -4.24264 6
      vertex 1.20208 -1.20208 6
      vertex 3.80636 -4.63806 6
    endloop
  endfacet
  facet normal -0 0 1
    outer loop
      vertex 1.07847 -1.31412 6
      vertex 3.80636 -4.63806 6
      vertex 1.20208 -1.20208 6
    endloop
  endfacet
  facet normal 0 0 1
    outer loop
      vertex 3.80636 -4.63806 6
      vertex 1.07847 -1.31412 6
      vertex 3.33342 -4.98882 6
    endloop
  endfacet
  facet normal -0 0 1
    outer loop
      vertex 0.944468 -1.4135 6
      vertex 3.33342 -4.98882 6
      vertex 1.07847 -1.31412 6
    endloop
  endfacet
  facet normal 0 0 1
    outer loop
      vertex 3.33342 -4.98882 6
      vertex 0.944468 -1.4135 6
      vertex 2.82838 -5.29153 6
    endloop
  endfacet
  facet normal -0 0 1
    outer loop
      vertex 0.801374 -1.49927 6
      vertex 2.82838 -5.29153 6
      vertex 0.944468 -1.4135 6
    endloop
  endfacet
  facet normal 0 0 1
    outer loop
      vertex 2.82838 -5.29153 6
      vertex 0.801374 -1.49927 6
      vertex 2.2961 -5.54328 6
    endloop
  endfacet
  facet normal -0 0 1
    outer loop
      vertex 0.650561 -1.57059 6
      vertex 2.2961 -5.54328 6
      vertex 0.801374 -1.49927 6
    endloop
  endfacet
  facet normal 0 0 1
    outer loop
      vertex 2.2961 -5.54328 6
      vertex 0.650561 -1.57059 6
      vertex 1.74171 -5.74164 6
    endloop
  endfacet
  facet normal -0 0 1
    outer loop
      vertex 0.493484 -1.6268 6
      vertex 1.74171 -5.74164 6
      vertex 0.650561 -1.57059 6
    endloop
  endfacet
  facet normal 0 0 1
    outer loop
      vertex 1.74171 -5.74164 6
      vertex 0.493484 -1.6268 6
      vertex 1.17054 -5.88471 6
    endloop
  endfacet
  facet normal -0 0 1
    outer loop
      vertex 0.331653 -1.66733 6
      vertex 1.17054 -5.88471 6
      vertex 0.493484 -1.6268 6
    endloop
  endfacet
  facet normal 0 0 1
    outer loop
      vertex 1.17054 -5.88471 6
      vertex 0.331653 -1.66733 6
      vertex 0.588102 -5.97111 6
    endloop
  endfacet
  facet normal -0 0 1
    outer loop
      vertex 0.166629 -1.69181 6
      vertex 0.588102 -5.97111 6
      vertex 0.331653 -1.66733 6
    endloop
  endfacet
  facet normal -0 0 1
    outer loop
      vertex 0 -1.7 6
      vertex 0.588102 -5.97111 6
      vertex 0.166629 -1.69181 6
    endloop
  endfacet
  facet normal 0 0 1
    outer loop
      vertex 0 -1.7 6
      vertex 0 -6 6
      vertex 0.588102 -5.97111 6
    endloop
  endfacet
  facet normal 0 0 1
    outer loop
      vertex -0.166629 -1.69181 6
      vertex 0 -6 6
      vertex 0 -1.7 6
    endloop
  endfacet
  facet normal 0 0 1
    outer loop
      vertex -0.588102 -5.97111 6
      vertex -0.166629 -1.69181 6
      vertex -0.331653 -1.66733 6
    endloop
  endfacet
  facet normal 0 0 1
    outer loop
      vertex -1.17054 -5.88471 6
      vertex -0.331653 -1.66733 6
      vertex -0.493484 -1.6268 6
    endloop
  endfacet
  facet normal 0 0 1
    outer loop
      vertex -0.166629 -1.69181 6
      vertex -0.588102 -5.97111 6
      vertex 0 -6 6
    endloop
  endfacet
  facet normal 0 0 1
    outer loop
      vertex -1.74171 -5.74164 6
      vertex -0.493484 -1.6268 6
      vertex -0.650561 -1.57059 6
    endloop
  endfacet
  facet normal 0 0 1
    outer loop
      vertex -2.2961 -5.54328 6
      vertex -0.650561 -1.57059 6
      vertex -0.801374 -1.49927 6
    endloop
  endfacet
  facet normal 0 0 1
    outer loop
      vertex -2.82838 -5.29153 6
      vertex -0.801374 -1.49927 6
      vertex -0.944468 -1.4135 6
    endloop
  endfacet
  facet normal 0 0 1
    outer loop
      vertex -3.33342 -4.98882 6
      vertex -0.944468 -1.4135 6
      vertex -1.07847 -1.31412 6
    endloop
  endfacet
  facet normal 0 0 1
    outer loop
      vertex -0.331653 -1.66733 6
      vertex -1.17054 -5.88471 6
      vertex -0.588102 -5.97111 6
    endloop
  endfacet
  facet normal 0 0 1
    outer loop
      vertex -3.80636 -4.63806 6
      vertex -1.07847 -1.31412 6
      vertex -1.20208 -1.20208 6
    endloop
  endfacet
  facet normal 0 0 1
    outer loop
      vertex -4.24264 -4.24264 6
      vertex -1.20208 -1.20208 6
      vertex -1.31412 -1.07847 6
    endloop
  endfacet
  facet normal 0 0 1
    outer loop
      vertex -4.63806 -3.80636 6
      vertex -1.31412 -1.07847 6
      vertex -1.4135 -0.944468 6
    endloop
  endfacet
  facet normal 0 0 1
    outer loop
      vertex -4.98882 -3.33342 6
      vertex -1.4135 -0.944468 6
      vertex -1.49927 -0.801374 6
    endloop
  endfacet
  facet normal 0 0 1
    outer loop
      vertex -5.29153 -2.82838 6
      vertex -1.49927 -0.801374 6
      vertex -1.57059 -0.650561 6
    endloop
  endfacet
  facet normal 0 0 1
    outer loop
      vertex -5.54328 -2.2961 6
      vertex -1.57059 -0.650561 6
      vertex -1.6268 -0.493484 6
    endloop
  endfacet
  facet normal 0 0 1
    outer loop
      vertex -5.74164 -1.74171 6
      vertex -1.6268 -0.493484 6
      vertex -1.66733 -0.331653 6
    endloop
  endfacet
  facet normal 0 0 1
    outer loop
      vertex -5.88471 -1.17054 6
      vertex -1.66733 -0.331653 6
      vertex -1.69181 -0.166629 6
    endloop
  endfacet
  facet normal 0 0 1
    outer loop
      vertex -0.493484 -1.6268 6
      vertex -1.74171 -5.74164 6
      vertex -1.17054 -5.88471 6
    endloop
  endfacet
  facet normal 0 0 1
    outer loop
      vertex -5.97111 -0.588102 6
      vertex -1.69181 -0.166629 6
      vertex -1.7 0 6
    endloop
  endfacet
  facet normal -0 0 1
    outer loop
      vertex -4.98882 3.33342 6
      vertex -1.4135 0.944468 6
      vertex -4.63806 3.80636 6
    endloop
  endfacet
  facet normal 0 0 1
    outer loop
      vertex -1.4135 0.944468 6
      vertex -4.98882 3.33342 6
      vertex -1.49927 0.801374 6
    endloop
  endfacet
  facet normal 0 0 1
    outer loop
      vertex -0.650561 -1.57059 6
      vertex -2.2961 -5.54328 6
      vertex -1.74171 -5.74164 6
    endloop
  endfacet
  facet normal -0 0 1
    outer loop
      vertex -5.29153 2.82838 6
      vertex -1.49927 0.801374 6
      vertex -4.98882 3.33342 6
    endloop
  endfacet
  facet normal 0 0 1
    outer loop
      vertex -0.801374 -1.49927 6
      vertex -2.82838 -5.29153 6
      vertex -2.2961 -5.54328 6
    endloop
  endfacet
  facet normal 0 0 1
    outer loop
      vertex -1.49927 0.801374 6
      vertex -5.29153 2.82838 6
      vertex -1.57059 0.650561 6
    endloop
  endfacet
  facet normal 0 0 1
    outer loop
      vertex -0.944468 -1.4135 6
      vertex -3.33342 -4.98882 6
      vertex -2.82838 -5.29153 6
    endloop
  endfacet
  facet normal -0 0 1
    outer loop
      vertex -5.54328 2.2961 6
      vertex -1.57059 0.650561 6
      vertex -5.29153 2.82838 6
    endloop
  endfacet
  facet normal 0 0 1
    outer loop
      vertex -1.07847 -1.31412 6
      vertex -3.80636 -4.63806 6
      vertex -3.33342 -4.98882 6
    endloop
  endfacet
  facet normal 0 0 1
    outer loop
      vertex -1.57059 0.650561 6
      vertex -5.54328 2.2961 6
      vertex -1.6268 0.493484 6
    endloop
  endfacet
  facet normal 0 0 1
    outer loop
      vertex -1.20208 -1.20208 6
      vertex -4.24264 -4.24264 6
      vertex -3.80636 -4.63806 6
    endloop
  endfacet
  facet normal -0 0 1
    outer loop
      vertex -5.74164 1.74171 6
      vertex -1.6268 0.493484 6
      vertex -5.54328 2.2961 6
    endloop
  endfacet
  facet normal 0 0 1
    outer loop
      vertex -1.31412 -1.07847 6
      vertex -4.63806 -3.80636 6
      vertex -4.24264 -4.24264 6
    endloop
  endfacet
  facet normal 0 0 1
    outer loop
      vertex -1.6268 0.493484 6
      vertex -5.74164 1.74171 6
      vertex -1.66733 0.331653 6
    endloop
  endfacet
  facet normal 0 0 1
    outer loop
      vertex -1.4135 -0.944468 6
      vertex -4.98882 -3.33342 6
      vertex -4.63806 -3.80636 6
    endloop
  endfacet
  facet normal -0 0 1
    outer loop
      vertex -5.88471 1.17054 6
      vertex -1.66733 0.331653 6
      vertex -5.74164 1.74171 6
    endloop
  endfacet
  facet normal 0 0 1
    outer loop
      vertex -1.49927 -0.801374 6
      vertex -5.29153 -2.82838 6
      vertex -4.98882 -3.33342 6
    endloop
  endfacet
  facet normal 0 0 1
    outer loop
      vertex -1.66733 0.331653 6
      vertex -5.88471 1.17054 6
      vertex -1.69181 0.166629 6
    endloop
  endfacet
  facet normal 0 0 1
    outer loop
      vertex -1.57059 -0.650561 6
      vertex -5.54328 -2.2961 6
      vertex -5.29153 -2.82838 6
    endloop
  endfacet
  facet normal -0 0 1
    outer loop
      vertex -5.97111 0.588102 6
      vertex -1.69181 0.166629 6
      vertex -5.88471 1.17054 6
    endloop
  endfacet
  facet normal 0 0 1
    outer loop
      vertex -1.6268 -0.493484 6
      vertex -5.74164 -1.74171 6
      vertex -5.54328 -2.2961 6
    endloop
  endfacet
  facet normal 0 0 1
    outer loop
      vertex -1.69181 0.166629 6
      vertex -5.97111 0.588102 6
      vertex -1.7 0 6
    endloop
  endfacet
  facet normal 0 0 1
    outer loop
      vertex -1.66733 -0.331653 6
      vertex -5.88471 -1.17054 6
      vertex -5.74164 -1.74171 6
    endloop
  endfacet
  facet normal 0 0 1
    outer loop
      vertex -6 0 6
      vertex -1.7 0 6
      vertex -5.97111 0.588102 6
    endloop
  endfacet
  facet normal 0 0 1
    outer loop
      vertex -1.69181 -0.166629 6
      vertex -5.97111 -0.588102 6
      vertex -5.88471 -1.17054 6
    endloop
  endfacet
  facet normal 0 0 1
    outer loop
      vertex -1.7 0 6
      vertex -6 0 6
      vertex -5.97111 -0.588102 6
    endloop
  endfacet
  facet normal -0.998796 0.049065 0
    outer loop
      vertex -6 0 0
      vertex -5.97111 0.588102 1.9
      vertex -5.97111 0.588102 0
    endloop
  endfacet
  facet normal -0.998796 0.049065 0
    outer loop
      vertex -5.97111 0.588102 1.9
      vertex -6 0 0
      vertex -6 0 1.9
    endloop
  endfacet
  facet normal -0.998796 0.049065 0
    outer loop
      vertex -6 0 4.1
      vertex -5.97111 0.588102 6
      vertex -5.97111 0.588102 4.1
    endloop
  endfacet
  facet normal -0.998796 0.049065 0
    outer loop
      vertex -5.97111 0.588102 6
      vertex -6 0 4.1
      vertex -6 0 6
    endloop
  endfacet
  facet normal -0.336884 -0.941546 0
    outer loop
      vertex -2.2961 -5.54328 4.1
      vertex -1.74171 -5.74164 6
      vertex -2.2961 -5.54328 6
    endloop
  endfacet
  facet normal -0.336884 -0.941546 -0
    outer loop
      vertex -1.74171 -5.74164 6
      vertex -2.2961 -5.54328 4.1
      vertex -1.74171 -5.74164 4.1
    endloop
  endfacet
  facet normal -0.336884 -0.941546 0
    outer loop
      vertex -2.2961 -5.54328 0
      vertex -1.74171 -5.74164 1.9
      vertex -2.2961 -5.54328 1.9
    endloop
  endfacet
  facet normal -0.336884 -0.941546 -0
    outer loop
      vertex -1.74171 -5.74164 1.9
      vertex -2.2961 -5.54328 0
      vertex -1.74171 -5.74164 0
    endloop
  endfacet
  facet normal 0.671558 -0.740952 0
    outer loop
      vertex 3.80636 -4.63806 0
      vertex 4.24264 -4.24264 1.9
      vertex 3.80636 -4.63806 1.9
    endloop
  endfacet
  facet normal 0.671558 -0.740952 0
    outer loop
      vertex 4.24264 -4.24264 1.9
      vertex 3.80636 -4.63806 0
      vertex 4.24264 -4.24264 0
    endloop
  endfacet
  facet normal 0.671558 -0.740952 0
    outer loop
      vertex 3.80636 -4.63806 4.1
      vertex 4.24264 -4.24264 6
      vertex 3.80636 -4.63806 6
    endloop
  endfacet
  facet normal 0.671558 -0.740952 0
    outer loop
      vertex 4.24264 -4.24264 6
      vertex 3.80636 -4.63806 4.1
      vertex 4.24264 -4.24264 4.1
    endloop
  endfacet
  facet normal -0.989176 -0.146736 0
    outer loop
      vertex 1.69181 0.166629 0
      vertex 1.66733 0.331653 6
      vertex 1.66733 0.331653 0
    endloop
  endfacet
  facet normal -0.989176 -0.146736 0
    outer loop
      vertex 1.66733 0.331653 6
      vertex 1.69181 0.166629 0
      vertex 1.69181 0.166629 6
    endloop
  endfacet
  facet normal -0.998794 -0.0490918 0
    outer loop
      vertex 1.7 0 0
      vertex 1.69181 0.166629 6
      vertex 1.69181 0.166629 0
    endloop
  endfacet
  facet normal -0.998794 -0.0490918 0
    outer loop
      vertex 1.69181 0.166629 6
      vertex 1.7 0 0
      vertex 1.7 0 6
    endloop
  endfacet
  facet normal -0.970041 -0.242943 0
    outer loop
      vertex 1.66733 0.331653 0
      vertex 1.6268 0.493484 6
      vertex 1.6268 0.493484 0
    endloop
  endfacet
  facet normal -0.970041 -0.242943 0
    outer loop
      vertex 1.6268 0.493484 6
      vertex 1.66733 0.331653 0
      vertex 1.66733 0.331653 6
    endloop
  endfacet
  facet normal -0.42751 0.904011 0
    outer loop
      vertex 0.801374 -1.49927 0
      vertex 0.650561 -1.57059 6
      vertex 0.801374 -1.49927 6
    endloop
  endfacet
  facet normal -0.42751 0.904011 0
    outer loop
      vertex 0.650561 -1.57059 6
      vertex 0.801374 -1.49927 0
      vertex 0.650561 -1.57059 0
    endloop
  endfacet
  facet normal 0.0490918 -0.998794 0
    outer loop
      vertex -0.166629 1.69181 0
      vertex 0 1.7 6
      vertex -0.166629 1.69181 6
    endloop
  endfacet
  facet normal 0.0490918 -0.998794 0
    outer loop
      vertex 0 1.7 6
      vertex -0.166629 1.69181 0
      vertex 0 1.7 0
    endloop
  endfacet
  facet normal 0.42751 -0.904011 0
    outer loop
      vertex -0.801374 1.49927 0
      vertex -0.650561 1.57059 6
      vertex -0.801374 1.49927 6
    endloop
  endfacet
  facet normal 0.42751 -0.904011 0
    outer loop
      vertex -0.650561 1.57059 6
      vertex -0.801374 1.49927 0
      vertex -0.650561 1.57059 0
    endloop
  endfacet
  facet normal -0.740932 -0.67158 0
    outer loop
      vertex 1.31412 1.07847 0
      vertex 1.20208 1.20208 6
      vertex 1.20208 1.20208 0
    endloop
  endfacet
  facet normal -0.740932 -0.67158 0
    outer loop
      vertex 1.20208 1.20208 6
      vertex 1.31412 1.07847 0
      vertex 1.31412 1.07847 6
    endloop
  endfacet
  facet normal 0.146736 0.989176 -0
    outer loop
      vertex -0.166629 -1.69181 0
      vertex -0.331653 -1.66733 6
      vertex -0.166629 -1.69181 6
    endloop
  endfacet
  facet normal 0.146736 0.989176 0
    outer loop
      vertex -0.331653 -1.66733 6
      vertex -0.166629 -1.69181 0
      vertex -0.331653 -1.66733 0
    endloop
  endfacet
  facet normal -0.42751 -0.904011 0
    outer loop
      vertex 0.650561 1.57059 0
      vertex 0.801374 1.49927 6
      vertex 0.650561 1.57059 6
    endloop
  endfacet
  facet normal -0.42751 -0.904011 -0
    outer loop
      vertex 0.801374 1.49927 6
      vertex 0.650561 1.57059 0
      vertex 0.801374 1.49927 0
    endloop
  endfacet
  facet normal 0.146736 -0.989176 0
    outer loop
      vertex -0.331653 1.66733 0
      vertex -0.166629 1.69181 6
      vertex -0.331653 1.66733 6
    endloop
  endfacet
  facet normal 0.146736 -0.989176 0
    outer loop
      vertex -0.166629 1.69181 6
      vertex -0.331653 1.66733 0
      vertex -0.166629 1.69181 0
    endloop
  endfacet
  facet normal -0.242943 0.970041 0
    outer loop
      vertex 0.493484 -1.6268 0
      vertex 0.331653 -1.66733 6
      vertex 0.493484 -1.6268 6
    endloop
  endfacet
  facet normal -0.242943 0.970041 0
    outer loop
      vertex 0.331653 -1.66733 6
      vertex 0.493484 -1.6268 0
      vertex 0.331653 -1.66733 0
    endloop
  endfacet
  facet normal 0.595689 -0.803215 0
    outer loop
      vertex -1.07847 1.31412 0
      vertex -0.944468 1.4135 6
      vertex -1.07847 1.31412 6
    endloop
  endfacet
  facet normal 0.595689 -0.803215 0
    outer loop
      vertex -0.944468 1.4135 6
      vertex -1.07847 1.31412 0
      vertex -0.944468 1.4135 0
    endloop
  endfacet
  facet normal 0.904011 -0.42751 0
    outer loop
      vertex -1.57059 0.650561 6
      vertex -1.49927 0.801374 0
      vertex -1.49927 0.801374 6
    endloop
  endfacet
  facet normal 0.904011 -0.42751 0
    outer loop
      vertex -1.49927 0.801374 0
      vertex -1.57059 0.650561 6
      vertex -1.57059 0.650561 0
    endloop
  endfacet
  facet normal 0.42751 0.904011 -0
    outer loop
      vertex -0.650561 -1.57059 0
      vertex -0.801374 -1.49927 6
      vertex -0.650561 -1.57059 6
    endloop
  endfacet
  facet normal 0.42751 0.904011 0
    outer loop
      vertex -0.801374 -1.49927 6
      vertex -0.650561 -1.57059 0
      vertex -0.801374 -1.49927 0
    endloop
  endfacet
  facet normal 0.595689 0.803215 -0
    outer loop
      vertex -0.944468 -1.4135 0
      vertex -1.07847 -1.31412 6
      vertex -0.944468 -1.4135 6
    endloop
  endfacet
  facet normal 0.595689 0.803215 0
    outer loop
      vertex -1.07847 -1.31412 6
      vertex -0.944468 -1.4135 0
      vertex -1.07847 -1.31412 0
    endloop
  endfacet
  facet normal 0.904011 0.42751 0
    outer loop
      vertex -1.49927 -0.801374 6
      vertex -1.57059 -0.650561 0
      vertex -1.57059 -0.650561 6
    endloop
  endfacet
  facet normal 0.904011 0.42751 0
    outer loop
      vertex -1.57059 -0.650561 0
      vertex -1.49927 -0.801374 6
      vertex -1.49927 -0.801374 0
    endloop
  endfacet
  facet normal -0.514115 -0.857721 0
    outer loop
      vertex 0.801374 1.49927 0
      vertex 0.944468 1.4135 6
      vertex 0.801374 1.49927 6
    endloop
  endfacet
  facet normal -0.514115 -0.857721 -0
    outer loop
      vertex 0.944468 1.4135 6
      vertex 0.801374 1.49927 0
      vertex 0.944468 1.4135 0
    endloop
  endfacet
  facet normal 0.998794 0.0490918 0
    outer loop
      vertex -1.69181 -0.166629 6
      vertex -1.7 0 0
      vertex -1.7 0 6
    endloop
  endfacet
  facet normal 0.998794 0.0490918 0
    outer loop
      vertex -1.7 0 0
      vertex -1.69181 -0.166629 6
      vertex -1.69181 -0.166629 0
    endloop
  endfacet
  facet normal 0.336927 0.941531 -0
    outer loop
      vertex -0.493484 -1.6268 0
      vertex -0.650561 -1.57059 6
      vertex -0.493484 -1.6268 6
    endloop
  endfacet
  facet normal 0.336927 0.941531 0
    outer loop
      vertex -0.650561 -1.57059 6
      vertex -0.493484 -1.6268 0
      vertex -0.650561 -1.57059 0
    endloop
  endfacet
  facet normal -0.595689 -0.803215 0
    outer loop
      vertex 0.944468 1.4135 0
      vertex 1.07847 1.31412 6
      vertex 0.944468 1.4135 6
    endloop
  endfacet
  facet normal -0.595689 -0.803215 -0
    outer loop
      vertex 1.07847 1.31412 6
      vertex 0.944468 1.4135 0
      vertex 1.07847 1.31412 0
    endloop
  endfacet
  facet normal -0.970041 0.242943 0
    outer loop
      vertex 1.6268 -0.493484 0
      vertex 1.66733 -0.331653 6
      vertex 1.66733 -0.331653 0
    endloop
  endfacet
  facet normal -0.970041 0.242943 0
    outer loop
      vertex 1.66733 -0.331653 6
      vertex 1.6268 -0.493484 0
      vertex 1.6268 -0.493484 6
    endloop
  endfacet
  facet normal 0.514115 -0.857721 0
    outer loop
      vertex -0.944468 1.4135 0
      vertex -0.801374 1.49927 6
      vertex -0.944468 1.4135 6
    endloop
  endfacet
  facet normal 0.514115 -0.857721 0
    outer loop
      vertex -0.801374 1.49927 6
      vertex -0.944468 1.4135 0
      vertex -0.801374 1.49927 0
    endloop
  endfacet
  facet normal 0.941531 0.336927 0
    outer loop
      vertex -1.57059 -0.650561 6
      vertex -1.6268 -0.493484 0
      vertex -1.6268 -0.493484 6
    endloop
  endfacet
  facet normal 0.941531 0.336927 0
    outer loop
      vertex -1.6268 -0.493484 0
      vertex -1.57059 -0.650561 6
      vertex -1.57059 -0.650561 0
    endloop
  endfacet
  facet normal -0.242943 -0.970041 0
    outer loop
      vertex 0.331653 1.66733 0
      vertex 0.493484 1.6268 6
      vertex 0.331653 1.66733 6
    endloop
  endfacet
  facet normal -0.242943 -0.970041 -0
    outer loop
      vertex 0.493484 1.6268 6
      vertex 0.331653 1.66733 0
      vertex 0.493484 1.6268 0
    endloop
  endfacet
  facet normal 0.740932 -0.67158 0
    outer loop
      vertex -1.31412 1.07847 6
      vertex -1.20208 1.20208 0
      vertex -1.20208 1.20208 6
    endloop
  endfacet
  facet normal 0.740932 -0.67158 0
    outer loop
      vertex -1.20208 1.20208 0
      vertex -1.31412 1.07847 6
      vertex -1.31412 1.07847 0
    endloop
  endfacet
  facet normal -0.0490918 0.998794 0
    outer loop
      vertex 0.166629 -1.69181 0
      vertex 0 -1.7 6
      vertex 0.166629 -1.69181 6
    endloop
  endfacet
  facet normal -0.0490918 0.998794 0
    outer loop
      vertex 0 -1.7 6
      vertex 0.166629 -1.69181 0
      vertex 0 -1.7 0
    endloop
  endfacet
  facet normal -0.803215 -0.595689 0
    outer loop
      vertex 1.4135 0.944468 0
      vertex 1.31412 1.07847 6
      vertex 1.31412 1.07847 0
    endloop
  endfacet
  facet normal -0.803215 -0.595689 0
    outer loop
      vertex 1.31412 1.07847 6
      vertex 1.4135 0.944468 0
      vertex 1.4135 0.944468 6
    endloop
  endfacet
  facet normal 0.970041 0.242943 0
    outer loop
      vertex -1.6268 -0.493484 6
      vertex -1.66733 -0.331653 0
      vertex -1.66733 -0.331653 6
    endloop
  endfacet
  facet normal 0.970041 0.242943 0
    outer loop
      vertex -1.66733 -0.331653 0
      vertex -1.6268 -0.493484 6
      vertex -1.6268 -0.493484 0
    endloop
  endfacet
  facet normal -0.989176 0.146736 0
    outer loop
      vertex 1.66733 -0.331653 0
      vertex 1.69181 -0.166629 6
      vertex 1.69181 -0.166629 0
    endloop
  endfacet
  facet normal -0.989176 0.146736 0
    outer loop
      vertex 1.69181 -0.166629 6
      vertex 1.66733 -0.331653 0
      vertex 1.66733 -0.331653 6
    endloop
  endfacet
  facet normal -0.514115 0.857721 0
    outer loop
      vertex 0.944468 -1.4135 0
      vertex 0.801374 -1.49927 6
      vertex 0.944468 -1.4135 6
    endloop
  endfacet
  facet normal -0.514115 0.857721 0
    outer loop
      vertex 0.801374 -1.49927 6
      vertex 0.944468 -1.4135 0
      vertex 0.801374 -1.49927 0
    endloop
  endfacet
  facet normal 0.941531 -0.336927 0
    outer loop
      vertex -1.6268 0.493484 6
      vertex -1.57059 0.650561 0
      vertex -1.57059 0.650561 6
    endloop
  endfacet
  facet normal 0.941531 -0.336927 0
    outer loop
      vertex -1.57059 0.650561 0
      vertex -1.6268 0.493484 6
      vertex -1.6268 0.493484 0
    endloop
  endfacet
  facet normal 0.989176 -0.146736 0
    outer loop
      vertex -1.69181 0.166629 6
      vertex -1.66733 0.331653 0
      vertex -1.66733 0.331653 6
    endloop
  endfacet
  facet normal 0.989176 -0.146736 0
    outer loop
      vertex -1.66733 0.331653 0
      vertex -1.69181 0.166629 6
      vertex -1.69181 0.166629 0
    endloop
  endfacet
  facet normal -0.904011 0.42751 0
    outer loop
      vertex 1.49927 -0.801374 0
      vertex 1.57059 -0.650561 6
      vertex 1.57059 -0.650561 0
    endloop
  endfacet
  facet normal -0.904011 0.42751 0
    outer loop
      vertex 1.57059 -0.650561 6
      vertex 1.49927 -0.801374 0
      vertex 1.49927 -0.801374 6
    endloop
  endfacet
  facet normal -0.336927 -0.941531 0
    outer loop
      vertex 0.493484 1.6268 0
      vertex 0.650561 1.57059 6
      vertex 0.493484 1.6268 6
    endloop
  endfacet
  facet normal -0.336927 -0.941531 -0
    outer loop
      vertex 0.650561 1.57059 6
      vertex 0.493484 1.6268 0
      vertex 0.650561 1.57059 0
    endloop
  endfacet
  facet normal -0.998794 0.0490918 0
    outer loop
      vertex 1.69181 -0.166629 0
      vertex 1.7 0 6
      vertex 1.7 0 0
    endloop
  endfacet
  facet normal -0.998794 0.0490918 0
    outer loop
      vertex 1.7 0 6
      vertex 1.69181 -0.166629 0
      vertex 1.69181 -0.166629 6
    endloop
  endfacet
  facet normal -0.146736 0.989176 0
    outer loop
      vertex 0.331653 -1.66733 0
      vertex 0.166629 -1.69181 6
      vertex 0.331653 -1.66733 6
    endloop
  endfacet
  facet normal -0.146736 0.989176 0
    outer loop
      vertex 0.166629 -1.69181 6
      vertex 0.331653 -1.66733 0
      vertex 0.166629 -1.69181 0
    endloop
  endfacet
  facet normal -0.941531 -0.336927 0
    outer loop
      vertex 1.6268 0.493484 0
      vertex 1.57059 0.650561 6
      vertex 1.57059 0.650561 0
    endloop
  endfacet
  facet normal -0.941531 -0.336927 0
    outer loop
      vertex 1.57059 0.650561 6
      vertex 1.6268 0.493484 0
      vertex 1.6268 0.493484 6
    endloop
  endfacet
  facet normal -0.803215 0.595689 0
    outer loop
      vertex 1.31412 -1.07847 0
      vertex 1.4135 -0.944468 6
      vertex 1.4135 -0.944468 0
    endloop
  endfacet
  facet normal -0.803215 0.595689 0
    outer loop
      vertex 1.4135 -0.944468 6
      vertex 1.31412 -1.07847 0
      vertex 1.31412 -1.07847 6
    endloop
  endfacet
  facet normal -0.857721 0.514115 0
    outer loop
      vertex 1.4135 -0.944468 0
      vertex 1.49927 -0.801374 6
      vertex 1.49927 -0.801374 0
    endloop
  endfacet
  facet normal -0.857721 0.514115 0
    outer loop
      vertex 1.49927 -0.801374 6
      vertex 1.4135 -0.944468 0
      vertex 1.4135 -0.944468 6
    endloop
  endfacet
  facet normal 0.242943 -0.970041 0
    outer loop
      vertex -0.493484 1.6268 0
      vertex -0.331653 1.66733 6
      vertex -0.493484 1.6268 6
    endloop
  endfacet
  facet normal 0.242943 -0.970041 0
    outer loop
      vertex -0.331653 1.66733 6
      vertex -0.493484 1.6268 0
      vertex -0.331653 1.66733 0
    endloop
  endfacet
  facet normal -0.941531 0.336927 0
    outer loop
      vertex 1.57059 -0.650561 0
      vertex 1.6268 -0.493484 6
      vertex 1.6268 -0.493484 0
    endloop
  endfacet
  facet normal -0.941531 0.336927 0
    outer loop
      vertex 1.6268 -0.493484 6
      vertex 1.57059 -0.650561 0
      vertex 1.57059 -0.650561 6
    endloop
  endfacet
  facet normal -0.0490918 -0.998794 0
    outer loop
      vertex 0 1.7 0
      vertex 0.166629 1.69181 6
      vertex 0 1.7 6
    endloop
  endfacet
  facet normal -0.0490918 -0.998794 -0
    outer loop
      vertex 0.166629 1.69181 6
      vertex 0 1.7 0
      vertex 0.166629 1.69181 0
    endloop
  endfacet
  facet normal -0.904011 -0.42751 0
    outer loop
      vertex 1.57059 0.650561 0
      vertex 1.49927 0.801374 6
      vertex 1.49927 0.801374 0
    endloop
  endfacet
  facet normal -0.904011 -0.42751 0
    outer loop
      vertex 1.49927 0.801374 6
      vertex 1.57059 0.650561 0
      vertex 1.57059 0.650561 6
    endloop
  endfacet
  facet normal -0.146736 -0.989176 0
    outer loop
      vertex 0.166629 1.69181 0
      vertex 0.331653 1.66733 6
      vertex 0.166629 1.69181 6
    endloop
  endfacet
  facet normal -0.146736 -0.989176 -0
    outer loop
      vertex 0.331653 1.66733 6
      vertex 0.166629 1.69181 0
      vertex 0.331653 1.66733 0
    endloop
  endfacet
  facet normal 0.242943 0.970041 -0
    outer loop
      vertex -0.331653 -1.66733 0
      vertex -0.493484 -1.6268 6
      vertex -0.331653 -1.66733 6
    endloop
  endfacet
  facet normal 0.242943 0.970041 0
    outer loop
      vertex -0.493484 -1.6268 6
      vertex -0.331653 -1.66733 0
      vertex -0.493484 -1.6268 0
    endloop
  endfacet
  facet normal 0.857721 0.514115 0
    outer loop
      vertex -1.4135 -0.944468 6
      vertex -1.49927 -0.801374 0
      vertex -1.49927 -0.801374 6
    endloop
  endfacet
  facet normal 0.857721 0.514115 0
    outer loop
      vertex -1.49927 -0.801374 0
      vertex -1.4135 -0.944468 6
      vertex -1.4135 -0.944468 0
    endloop
  endfacet
  facet normal -0.857721 -0.514115 0
    outer loop
      vertex 1.49927 0.801374 0
      vertex 1.4135 0.944468 6
      vertex 1.4135 0.944468 0
    endloop
  endfacet
  facet normal -0.857721 -0.514115 0
    outer loop
      vertex 1.4135 0.944468 6
      vertex 1.49927 0.801374 0
      vertex 1.49927 0.801374 6
    endloop
  endfacet
  facet normal 0.336927 -0.941531 0
    outer loop
      vertex -0.650561 1.57059 0
      vertex -0.493484 1.6268 6
      vertex -0.650561 1.57059 6
    endloop
  endfacet
  facet normal 0.336927 -0.941531 0
    outer loop
      vertex -0.493484 1.6268 6
      vertex -0.650561 1.57059 0
      vertex -0.493484 1.6268 0
    endloop
  endfacet
  facet normal 0.740932 0.67158 0
    outer loop
      vertex -1.20208 -1.20208 6
      vertex -1.31412 -1.07847 0
      vertex -1.31412 -1.07847 6
    endloop
  endfacet
  facet normal 0.740932 0.67158 0
    outer loop
      vertex -1.31412 -1.07847 0
      vertex -1.20208 -1.20208 6
      vertex -1.20208 -1.20208 0
    endloop
  endfacet
  facet normal 0.67158 -0.740932 0
    outer loop
      vertex -1.20208 1.20208 0
      vertex -1.07847 1.31412 6
      vertex -1.20208 1.20208 6
    endloop
  endfacet
  facet normal 0.67158 -0.740932 0
    outer loop
      vertex -1.07847 1.31412 6
      vertex -1.20208 1.20208 0
      vertex -1.07847 1.31412 0
    endloop
  endfacet
  facet normal 0.514115 0.857721 -0
    outer loop
      vertex -0.801374 -1.49927 0
      vertex -0.944468 -1.4135 6
      vertex -0.801374 -1.49927 6
    endloop
  endfacet
  facet normal 0.514115 0.857721 0
    outer loop
      vertex -0.944468 -1.4135 6
      vertex -0.801374 -1.49927 0
      vertex -0.944468 -1.4135 0
    endloop
  endfacet
  facet normal 0.970041 -0.242943 0
    outer loop
      vertex -1.66733 0.331653 6
      vertex -1.6268 0.493484 0
      vertex -1.6268 0.493484 6
    endloop
  endfacet
  facet normal 0.970041 -0.242943 0
    outer loop
      vertex -1.6268 0.493484 0
      vertex -1.66733 0.331653 6
      vertex -1.66733 0.331653 0
    endloop
  endfacet
  facet normal -0.67158 -0.740932 0
    outer loop
      vertex 1.07847 1.31412 0
      vertex 1.20208 1.20208 6
      vertex 1.07847 1.31412 6
    endloop
  endfacet
  facet normal -0.67158 -0.740932 -0
    outer loop
      vertex 1.20208 1.20208 6
      vertex 1.07847 1.31412 0
      vertex 1.20208 1.20208 0
    endloop
  endfacet
  facet normal -0.336927 0.941531 0
    outer loop
      vertex 0.650561 -1.57059 0
      vertex 0.493484 -1.6268 6
      vertex 0.650561 -1.57059 6
    endloop
  endfacet
  facet normal -0.336927 0.941531 0
    outer loop
      vertex 0.493484 -1.6268 6
      vertex 0.650561 -1.57059 0
      vertex 0.493484 -1.6268 0
    endloop
  endfacet
  facet normal 0.803215 0.595689 0
    outer loop
      vertex -1.31412 -1.07847 6
      vertex -1.4135 -0.944468 0
      vertex -1.4135 -0.944468 6
    endloop
  endfacet
  facet normal 0.803215 0.595689 0
    outer loop
      vertex -1.4135 -0.944468 0
      vertex -1.31412 -1.07847 6
      vertex -1.31412 -1.07847 0
    endloop
  endfacet
  facet normal 0.989176 0.146736 0
    outer loop
      vertex -1.66733 -0.331653 6
      vertex -1.69181 -0.166629 0
      vertex -1.69181 -0.166629 6
    endloop
  endfacet
  facet normal 0.989176 0.146736 0
    outer loop
      vertex -1.69181 -0.166629 0
      vertex -1.66733 -0.331653 6
      vertex -1.66733 -0.331653 0
    endloop
  endfacet
  facet normal -0.595689 0.803215 0
    outer loop
      vertex 1.07847 -1.31412 0
      vertex 0.944468 -1.4135 6
      vertex 1.07847 -1.31412 6
    endloop
  endfacet
  facet normal -0.595689 0.803215 0
    outer loop
      vertex 0.944468 -1.4135 6
      vertex 1.07847 -1.31412 0
      vertex 0.944468 -1.4135 0
    endloop
  endfacet
  facet normal 0.67158 0.740932 -0
    outer loop
      vertex -1.07847 -1.31412 0
      vertex -1.20208 -1.20208 6
      vertex -1.07847 -1.31412 6
    endloop
  endfacet
  facet normal 0.67158 0.740932 0
    outer loop
      vertex -1.20208 -1.20208 6
      vertex -1.07847 -1.31412 0
      vertex -1.20208 -1.20208 0
    endloop
  endfacet
  facet normal 0.803215 -0.595689 0
    outer loop
      vertex -1.4135 0.944468 6
      vertex -1.31412 1.07847 0
      vertex -1.31412 1.07847 6
    endloop
  endfacet
  facet normal 0.803215 -0.595689 0
    outer loop
      vertex -1.31412 1.07847 0
      vertex -1.4135 0.944468 6
      vertex -1.4135 0.944468 0
    endloop
  endfacet
  facet normal 0.857721 -0.514115 0
    outer loop
      vertex -1.49927 0.801374 6
      vertex -1.4135 0.944468 0
      vertex -1.4135 0.944468 6
    endloop
  endfacet
  facet normal 0.857721 -0.514115 0
    outer loop
      vertex -1.4135 0.944468 0
      vertex -1.49927 0.801374 6
      vertex -1.49927 0.801374 0
    endloop
  endfacet
  facet normal 0.0490918 0.998794 -0
    outer loop
      vertex 0 -1.7 0
      vertex -0.166629 -1.69181 6
      vertex 0 -1.7 6
    endloop
  endfacet
  facet normal 0.0490918 0.998794 0
    outer loop
      vertex -0.166629 -1.69181 6
      vertex 0 -1.7 0
      vertex -0.166629 -1.69181 0
    endloop
  endfacet
  facet normal 0.998794 -0.0490918 0
    outer loop
      vertex -1.7 0 6
      vertex -1.69181 0.166629 0
      vertex -1.69181 0.166629 6
    endloop
  endfacet
  facet normal 0.998794 -0.0490918 0
    outer loop
      vertex -1.69181 0.166629 0
      vertex -1.7 0 6
      vertex -1.7 0 0
    endloop
  endfacet
  facet normal -0.740932 0.67158 0
    outer loop
      vertex 1.20208 -1.20208 0
      vertex 1.31412 -1.07847 6
      vertex 1.31412 -1.07847 0
    endloop
  endfacet
  facet normal -0.740932 0.67158 0
    outer loop
      vertex 1.31412 -1.07847 6
      vertex 1.20208 -1.20208 0
      vertex 1.20208 -1.20208 6
    endloop
  endfacet
  facet normal -0.67158 0.740932 0
    outer loop
      vertex 1.20208 -1.20208 0
      vertex 1.07847 -1.31412 6
      vertex 1.20208 -1.20208 6
    endloop
  endfacet
  facet normal -0.67158 0.740932 0
    outer loop
      vertex 1.07847 -1.31412 6
      vertex 1.20208 -1.20208 0
      vertex 1.07847 -1.31412 0
    endloop
  endfacet
  facet normal -0.0490966 0.00241175 -0.998791
    outer loop
      vertex -5.89218 0 4.0947
      vertex -6 0 4.1
      vertex -5.86381 0.577535 4.0947
    endloop
  endfacet
  facet normal -0.049097 0.00241185 -0.998791
    outer loop
      vertex -5.86381 0.577535 4.0947
      vertex -6 0 4.1
      vertex -5.97111 0.588102 4.1
    endloop
  endfacet
  facet normal -0.146733 0.00720897 -0.98915
    outer loop
      vertex -5.7854 0 4.07886
      vertex -5.89218 0 4.0947
      vertex -5.75754 0.567068 4.07886
    endloop
  endfacet
  facet normal -0.146727 0.00720762 -0.989151
    outer loop
      vertex -5.75754 0.567068 4.07886
      vertex -5.89218 0 4.0947
      vertex -5.86381 0.577535 4.0947
    endloop
  endfacet
  facet normal -0.242976 0.0119392 -0.969959
    outer loop
      vertex -5.68069 0 4.05263
      vertex -5.7854 0 4.07886
      vertex -5.65333 0.556805 4.05263
    endloop
  endfacet
  facet normal -0.242967 0.0119369 -0.969961
    outer loop
      vertex -5.65333 0.556805 4.05263
      vertex -5.7854 0 4.07886
      vertex -5.75754 0.567068 4.07886
    endloop
  endfacet
  facet normal -0.336783 0.0165484 -0.941437
    outer loop
      vertex -5.57905 0 4.01627
      vertex -5.68069 0 4.05263
      vertex -5.55218 0.546842 4.01627
    endloop
  endfacet
  facet normal -0.336784 0.0165487 -0.941436
    outer loop
      vertex -5.55218 0.546842 4.01627
      vertex -5.68069 0 4.05263
      vertex -5.65333 0.556805 4.05263
    endloop
  endfacet
  facet normal -0.427486 0.0209973 -0.903778
    outer loop
      vertex -5.48146 0 3.97011
      vertex -5.57905 0 4.01627
      vertex -5.45507 0.537277 3.97011
    endloop
  endfacet
  facet normal -0.427522 0.021007 -0.903761
    outer loop
      vertex -5.45507 0.537277 3.97011
      vertex -5.57905 0 4.01627
      vertex -5.55218 0.546842 4.01627
    endloop
  endfacet
  facet normal -0.513896 0.0252472 -0.857481
    outer loop
      vertex -5.38887 0 3.91462
      vertex -5.48146 0 3.97011
      vertex -5.36292 0.528201 3.91462
    endloop
  endfacet
  facet normal -0.513872 0.0252404 -0.857495
    outer loop
      vertex -5.36292 0.528201 3.91462
      vertex -5.48146 0 3.97011
      vertex -5.45507 0.537277 3.97011
    endloop
  endfacet
  facet normal -0.595498 0.0292533 -0.802824
    outer loop
      vertex -5.30217 0 3.85031
      vertex -5.38887 0 3.91462
      vertex -5.27664 0.519703 3.85031
    endloop
  endfacet
  facet normal -0.595509 0.0292568 -0.802816
    outer loop
      vertex -5.27664 0.519703 3.85031
      vertex -5.38887 0 3.91462
      vertex -5.36292 0.528201 3.91462
    endloop
  endfacet
  facet normal -0.67115 0.0329633 -0.740589
    outer loop
      vertex -5.22218 0 3.77782
      vertex -5.30217 0 3.85031
      vertex -5.19704 0.511863 3.77782
    endloop
  endfacet
  facet normal -0.671172 0.0329708 -0.740568
    outer loop
      vertex -5.19704 0.511863 3.77782
      vertex -5.30217 0 3.85031
      vertex -5.27664 0.519703 3.85031
    endloop
  endfacet
  facet normal -0.740501 0.0363827 -0.67107
    outer loop
      vertex -5.14969 0 3.69783
      vertex -5.22218 0 3.77782
      vertex -5.12489 0.504757 3.69783
    endloop
  endfacet
  facet normal -0.74046 0.0363675 -0.671116
    outer loop
      vertex -5.12489 0.504757 3.69783
      vertex -5.22218 0 3.77782
      vertex -5.19704 0.511863 3.77782
    endloop
  endfacet
  facet normal -0.802543 0.0394305 -0.595289
    outer loop
      vertex -5.08538 0 3.61113
      vertex -5.14969 0 3.69783
      vertex -5.06089 0.498454 3.61113
    endloop
  endfacet
  facet normal -0.802545 0.0394311 -0.595287
    outer loop
      vertex -5.06089 0.498454 3.61113
      vertex -5.14969 0 3.69783
      vertex -5.12489 0.504757 3.69783
    endloop
  endfacet
  facet normal -0.856994 0.042101 -0.513604
    outer loop
      vertex -5.02989 0 3.51854
      vertex -5.08538 0 3.61113
      vertex -5.00567 0.493014 3.51854
    endloop
  endfacet
  facet normal -0.857005 0.0421063 -0.513585
    outer loop
      vertex -5.00567 0.493014 3.51854
      vertex -5.08538 0 3.61113
      vertex -5.06089 0.498454 3.61113
    endloop
  endfacet
  facet normal -0.903087 0.0443695 -0.427159
    outer loop
      vertex -4.98373 0 3.42095
      vertex -5.02989 0 3.51854
      vertex -4.95973 0.488491 3.42095
    endloop
  endfacet
  facet normal -0.903079 0.044365 -0.427176
    outer loop
      vertex -4.95973 0.488491 3.42095
      vertex -5.02989 0 3.51854
      vertex -5.00567 0.493014 3.51854
    endloop
  endfacet
  facet normal -0.940531 0.0461997 -0.336552
    outer loop
      vertex -4.94736 0 3.31931
      vertex -4.98373 0 3.42095
      vertex -4.92354 0.484926 3.31931
    endloop
  endfacet
  facet normal -0.940545 0.0462098 -0.336512
    outer loop
      vertex -4.92354 0.484926 3.31931
      vertex -4.98373 0 3.42095
      vertex -4.95973 0.488491 3.42095
    endloop
  endfacet
  facet normal -0.96895 0.0476083 -0.242631
    outer loop
      vertex -4.92114 0 3.2146
      vertex -4.94736 0 3.31931
      vertex -4.89744 0.482355 3.2146
    endloop
  endfacet
  facet normal -0.968937 0.047595 -0.242686
    outer loop
      vertex -4.89744 0.482355 3.2146
      vertex -4.94736 0 3.31931
      vertex -4.92354 0.484926 3.31931
    endloop
  endfacet
  facet normal -0.98801 0.0485371 -0.146564
    outer loop
      vertex -4.9053 0 3.10782
      vertex -4.92114 0 3.2146
      vertex -4.88168 0.480803 3.10782
    endloop
  endfacet
  facet normal -0.988014 0.048545 -0.14653
    outer loop
      vertex -4.88168 0.480803 3.10782
      vertex -4.92114 0 3.2146
      vertex -4.89744 0.482355 3.2146
    endloop
  endfacet
  facet normal -0.997593 0.0490193 -0.0490377
    outer loop
      vertex -4.9 0 3
      vertex -4.9053 0 3.10782
      vertex -4.8764 0.480284 3
    endloop
  endfacet
  facet normal -0.997591 0.0490078 -0.0490885
    outer loop
      vertex -4.8764 0.480284 3
      vertex -4.9053 0 3.10782
      vertex -4.88168 0.480803 3.10782
    endloop
  endfacet
  facet normal -0.997594 0.0490079 0.0490377
    outer loop
      vertex -4.88168 0.480803 2.89218
      vertex -4.9053 0 2.89218
      vertex -4.9 0 3
    endloop
  endfacet
  facet normal -0.997591 0.0490192 0.0490885
    outer loop
      vertex -4.88168 0.480803 2.89218
      vertex -4.9 0 3
      vertex -4.8764 0.480284 3
    endloop
  endfacet
  facet normal -0.988009 0.0485448 0.146564
    outer loop
      vertex -4.89744 0.482355 2.7854
      vertex -4.92114 0 2.7854
      vertex -4.9053 0 2.89218
    endloop
  endfacet
  facet normal -0.988015 0.0485374 0.14653
    outer loop
      vertex -4.89744 0.482355 2.7854
      vertex -4.9053 0 2.89218
      vertex -4.88168 0.480803 2.89218
    endloop
  endfacet
  facet normal -0.96895 0.0475957 0.242631
    outer loop
      vertex -4.92354 0.484926 2.68069
      vertex -4.94736 0 2.68069
      vertex -4.92114 0 2.7854
    endloop
  endfacet
  facet normal -0.968936 0.0476076 0.242686
    outer loop
      vertex -4.89744 0.482355 2.7854
      vertex -4.92354 0.484926 2.68069
      vertex -4.92114 0 2.7854
    endloop
  endfacet
  facet normal -0.940531 0.0462091 0.336552
    outer loop
      vertex -4.95973 0.488491 2.57905
      vertex -4.98373 0 2.57905
      vertex -4.94736 0 2.68069
    endloop
  endfacet
  facet normal -0.940545 0.0462004 0.336512
    outer loop
      vertex -4.92354 0.484926 2.68069
      vertex -4.95973 0.488491 2.57905
      vertex -4.94736 0 2.68069
    endloop
  endfacet
  facet normal -0.903087 0.0443654 0.42716
    outer loop
      vertex -5.00567 0.493014 2.48146
      vertex -5.02989 0 2.48146
      vertex -4.98373 0 2.57905
    endloop
  endfacet
  facet normal -0.903079 0.0443691 0.427176
    outer loop
      vertex -4.95973 0.488491 2.57905
      vertex -5.00567 0.493014 2.48146
      vertex -4.98373 0 2.57905
    endloop
  endfacet
  facet normal -0.856994 0.0421057 0.513604
    outer loop
      vertex -5.06089 0.498454 2.38887
      vertex -5.08538 0 2.38887
      vertex -5.02989 0 2.48146
    endloop
  endfacet
  facet normal -0.857005 0.0421016 0.513585
    outer loop
      vertex -5.00567 0.493014 2.48146
      vertex -5.06089 0.498454 2.38887
      vertex -5.02989 0 2.48146
    endloop
  endfacet
  facet normal -0.802543 0.039431 0.595289
    outer loop
      vertex -5.12489 0.504757 2.30217
      vertex -5.14969 0 2.30217
      vertex -5.08538 0 2.38887
    endloop
  endfacet
  facet normal -0.802545 0.0394306 0.595287
    outer loop
      vertex -5.06089 0.498454 2.38887
      vertex -5.12489 0.504757 2.30217
      vertex -5.08538 0 2.38887
    endloop
  endfacet
  facet normal -0.740501 0.0363695 0.67107
    outer loop
      vertex -5.19704 0.511863 2.22218
      vertex -5.22218 0 2.22218
      vertex -5.14969 0 2.30217
    endloop
  endfacet
  facet normal -0.740459 0.0363806 0.671117
    outer loop
      vertex -5.12489 0.504757 2.30217
      vertex -5.19704 0.511863 2.22218
      vertex -5.14969 0 2.30217
    endloop
  endfacet
  facet normal -0.67115 0.0329697 0.740588
    outer loop
      vertex -5.27664 0.519703 2.14969
      vertex -5.30217 0 2.14969
      vertex -5.22218 0 2.22218
    endloop
  endfacet
  facet normal -0.671172 0.0329644 0.740568
    outer loop
      vertex -5.19704 0.511863 2.22218
      vertex -5.27664 0.519703 2.14969
      vertex -5.22218 0 2.22218
    endloop
  endfacet
  facet normal -0.595497 0.0292562 0.802824
    outer loop
      vertex -5.36292 0.528201 2.08538
      vertex -5.38887 0 2.08538
      vertex -5.30217 0 2.14969
    endloop
  endfacet
  facet normal -0.595509 0.0292539 0.802816
    outer loop
      vertex -5.27664 0.519703 2.14969
      vertex -5.36292 0.528201 2.08538
      vertex -5.30217 0 2.14969
    endloop
  endfacet
  facet normal -0.513896 0.0252416 0.857481
    outer loop
      vertex -5.45507 0.537277 2.02989
      vertex -5.48146 0 2.02989
      vertex -5.38887 0 2.08538
    endloop
  endfacet
  facet normal -0.513872 0.025246 0.857495
    outer loop
      vertex -5.36292 0.528201 2.08538
      vertex -5.45507 0.537277 2.02989
      vertex -5.38887 0 2.08538
    endloop
  endfacet
  facet normal -0.427486 0.0210053 0.903778
    outer loop
      vertex -5.55218 0.546842 1.98373
      vertex -5.57905 0 1.98373
      vertex -5.48146 0 2.02989
    endloop
  endfacet
  facet normal -0.427523 0.0209991 0.903761
    outer loop
      vertex -5.45507 0.537277 2.02989
      vertex -5.55218 0.546842 1.98373
      vertex -5.48146 0 2.02989
    endloop
  endfacet
  facet normal -0.336865 0.0165527 0.941407
    outer loop
      vertex -5.65333 0.556805 1.94736
      vertex -5.68069 0 1.94736
      vertex -5.57905 0 1.98373
    endloop
  endfacet
  facet normal -0.336867 0.0165525 0.941407
    outer loop
      vertex -5.55218 0.546842 1.98373
      vertex -5.65333 0.556805 1.94736
      vertex -5.57905 0 1.98373
    endloop
  endfacet
  facet normal -0.242889 0.0119331 0.969981
    outer loop
      vertex -5.75754 0.567068 1.92114
      vertex -5.7854 0 1.92114
      vertex -5.68069 0 1.94736
    endloop
  endfacet
  facet normal -0.242879 0.0119345 0.969983
    outer loop
      vertex -5.65333 0.556805 1.94736
      vertex -5.75754 0.567068 1.92114
      vertex -5.68069 0 1.94736
    endloop
  endfacet
  facet normal -0.146733 0.00720789 0.98915
    outer loop
      vertex -5.86381 0.577535 1.9053
      vertex -5.89218 0 1.9053
      vertex -5.7854 0 1.92114
    endloop
  endfacet
  facet normal -0.146727 0.00720869 0.989151
    outer loop
      vertex -5.75754 0.567068 1.92114
      vertex -5.86381 0.577535 1.9053
      vertex -5.7854 0 1.92114
    endloop
  endfacet
  facet normal -0.0490966 0.00241183 0.998791
    outer loop
      vertex -5.97111 0.588102 1.9
      vertex -6 0 1.9
      vertex -5.89218 0 1.9053
    endloop
  endfacet
  facet normal -0.049097 0.00241177 0.998791
    outer loop
      vertex -5.86381 0.577535 1.9053
      vertex -5.97111 0.588102 1.9
      vertex -5.89218 0 1.9053
    endloop
  endfacet
  facet normal -0.0486241 0.00721318 -0.998791
    outer loop
      vertex -5.86381 0.577535 4.0947
      vertex -5.97111 0.588102 4.1
      vertex -5.77896 1.14951 4.0947
    endloop
  endfacet
  facet normal -0.0486232 0.00721287 -0.998791
    outer loop
      vertex -5.77896 1.14951 4.0947
      vertex -5.97111 0.588102 4.1
      vertex -5.88471 1.17054 4.1
    endloop
  endfacet
  facet normal -0.145314 0.0215535 -0.989151
    outer loop
      vertex -5.75754 0.567068 4.07886
      vertex -5.86381 0.577535 4.0947
      vertex -5.67424 1.12868 4.07886
    endloop
  endfacet
  facet normal -0.145331 0.0215592 -0.989148
    outer loop
      vertex -5.67424 1.12868 4.07886
      vertex -5.86381 0.577535 4.0947
      vertex -5.77896 1.14951 4.0947
    endloop
  endfacet
  facet normal -0.240627 0.035694 -0.969961
    outer loop
      vertex -5.65333 0.556805 4.05263
      vertex -5.75754 0.567068 4.07886
      vertex -5.57153 1.10825 4.05263
    endloop
  endfacet
  facet normal -0.24061 0.0356881 -0.969965
    outer loop
      vertex -5.57153 1.10825 4.05263
      vertex -5.75754 0.567068 4.07886
      vertex -5.67424 1.12868 4.07886
    endloop
  endfacet
  facet normal -0.333542 0.0494728 -0.941436
    outer loop
      vertex -5.55218 0.546842 4.01627
      vertex -5.65333 0.556805 4.05263
      vertex -5.47185 1.08842 4.01627
    endloop
  endfacet
  facet normal -0.333559 0.0494794 -0.94143
    outer loop
      vertex -5.47185 1.08842 4.01627
      vertex -5.65333 0.556805 4.05263
      vertex -5.57153 1.10825 4.05263
    endloop
  endfacet
  facet normal -0.423405 0.0628062 -0.903761
    outer loop
      vertex -5.45507 0.537277 3.97011
      vertex -5.55218 0.546842 4.01627
      vertex -5.37614 1.06938 3.97011
    endloop
  endfacet
  facet normal -0.423387 0.0627992 -0.90377
    outer loop
      vertex -5.37614 1.06938 3.97011
      vertex -5.55218 0.546842 4.01627
      vertex -5.47185 1.08842 4.01627
    endloop
  endfacet
  facet normal -0.508924 0.0754845 -0.857496
    outer loop
      vertex -5.36292 0.528201 3.91462
      vertex -5.45507 0.537277 3.97011
      vertex -5.28533 1.05132 3.91462
    endloop
  endfacet
  facet normal -0.508952 0.0754959 -0.857478
    outer loop
      vertex -5.28533 1.05132 3.91462
      vertex -5.45507 0.537277 3.97011
      vertex -5.37614 1.06938 3.97011
    endloop
  endfacet
  facet normal -0.589773 0.0874868 -0.802816
    outer loop
      vertex -5.27664 0.519703 3.85031
      vertex -5.36292 0.528201 3.91462
      vertex -5.20029 1.0344 3.85031
    endloop
  endfacet
  facet normal -0.589735 0.0874706 -0.802846
    outer loop
      vertex -5.20029 1.0344 3.85031
      vertex -5.36292 0.528201 3.91462
      vertex -5.28533 1.05132 3.91462
    endloop
  endfacet
  facet normal -0.664708 0.098604 -0.740568
    outer loop
      vertex -5.19704 0.511863 3.77782
      vertex -5.27664 0.519703 3.85031
      vertex -5.12184 1.0188 3.77782
    endloop
  endfacet
  facet normal -0.664703 0.0986018 -0.740573
    outer loop
      vertex -5.12184 1.0188 3.77782
      vertex -5.27664 0.519703 3.85031
      vertex -5.20029 1.0344 3.85031
    endloop
  endfacet
  facet normal -0.733328 0.108776 -0.671116
    outer loop
      vertex -5.12489 0.504757 3.69783
      vertex -5.19704 0.511863 3.77782
      vertex -5.05074 1.00465 3.69783
    endloop
  endfacet
  facet normal -0.73335 0.108787 -0.671091
    outer loop
      vertex -5.05074 1.00465 3.69783
      vertex -5.19704 0.511863 3.77782
      vertex -5.12184 1.0188 3.77782
    endloop
  endfacet
  facet normal -0.794818 0.117889 -0.595287
    outer loop
      vertex -5.06089 0.498454 3.61113
      vertex -5.12489 0.504757 3.69783
      vertex -4.98767 0.992108 3.61113
    endloop
  endfacet
  facet normal -0.794837 0.1179 -0.59526
    outer loop
      vertex -4.98767 0.992108 3.61113
      vertex -5.12489 0.504757 3.69783
      vertex -5.05074 1.00465 3.69783
    endloop
  endfacet
  facet normal -0.848751 0.125904 -0.513586
    outer loop
      vertex -5.00567 0.493014 3.51854
      vertex -5.06089 0.498454 3.61113
      vertex -4.93324 0.981281 3.51854
    endloop
  endfacet
  facet normal -0.848717 0.125884 -0.513647
    outer loop
      vertex -4.93324 0.981281 3.51854
      vertex -5.06089 0.498454 3.61113
      vertex -4.98767 0.992108 3.61113
    endloop
  endfacet
  facet normal -0.894383 0.132664 -0.427175
    outer loop
      vertex -4.95973 0.488491 3.42095
      vertex -5.00567 0.493014 3.51854
      vertex -4.88797 0.972278 3.42095
    endloop
  endfacet
  facet normal -0.894401 0.132676 -0.427134
    outer loop
      vertex -4.88797 0.972278 3.42095
      vertex -5.00567 0.493014 3.51854
      vertex -4.93324 0.981281 3.51854
    endloop
  endfacet
  facet normal -0.931487 0.138174 -0.336512
    outer loop
      vertex -4.92354 0.484926 3.31931
      vertex -4.95973 0.488491 3.42095
      vertex -4.8523 0.965182 3.31931
    endloop
  endfacet
  facet normal -0.931477 0.138166 -0.336543
    outer loop
      vertex -4.8523 0.965182 3.31931
      vertex -4.95973 0.488491 3.42095
      vertex -4.88797 0.972278 3.42095
    endloop
  endfacet
  facet normal -0.959605 0.142341 -0.242686
    outer loop
      vertex -4.89744 0.482355 3.2146
      vertex -4.92354 0.484926 3.31931
      vertex -4.82658 0.960066 3.2146
    endloop
  endfacet
  facet normal -0.95961 0.142346 -0.242665
    outer loop
      vertex -4.82658 0.960066 3.2146
      vertex -4.92354 0.484926 3.31931
      vertex -4.8523 0.965182 3.31931
    endloop
  endfacet
  facet normal -0.978498 0.14516 -0.146529
    outer loop
      vertex -4.88168 0.480803 3.10782
      vertex -4.89744 0.482355 3.2146
      vertex -4.81104 0.956975 3.10782
    endloop
  endfacet
  facet normal -0.978489 0.145142 -0.146604
    outer loop
      vertex -4.81104 0.956975 3.10782
      vertex -4.89744 0.482355 3.2146
      vertex -4.82658 0.960066 3.2146
    endloop
  endfacet
  facet normal -0.987986 0.146539 -0.0490876
    outer loop
      vertex -4.8764 0.480284 3
      vertex -4.88168 0.480803 3.10782
      vertex -4.80585 0.955942 3
    endloop
  endfacet
  facet normal -0.987988 0.146568 -0.0489618
    outer loop
      vertex -4.80585 0.955942 3
      vertex -4.88168 0.480803 3.10782
      vertex -4.81104 0.956975 3.10782
    endloop
  endfacet
  facet normal -0.987982 0.146567 0.0490875
    outer loop
      vertex -4.81104 0.956975 2.89218
      vertex -4.88168 0.480803 2.89218
      vertex -4.8764 0.480284 3
    endloop
  endfacet
  facet normal -0.987992 0.14654 0.0489617
    outer loop
      vertex -4.81104 0.956975 2.89218
      vertex -4.8764 0.480284 3
      vertex -4.80585 0.955942 3
    endloop
  endfacet
  facet normal -0.9785 0.145143 0.14653
    outer loop
      vertex -4.82658 0.960066 2.7854
      vertex -4.89744 0.482355 2.7854
      vertex -4.88168 0.480803 2.89218
    endloop
  endfacet
  facet normal -0.978487 0.145158 0.146604
    outer loop
      vertex -4.82658 0.960066 2.7854
      vertex -4.88168 0.480803 2.89218
      vertex -4.81104 0.956975 2.89218
    endloop
  endfacet
  facet normal -0.959605 0.142345 0.242686
    outer loop
      vertex -4.8523 0.965182 2.68069
      vertex -4.92354 0.484926 2.68069
      vertex -4.89744 0.482355 2.7854
    endloop
  endfacet
  facet normal -0.959611 0.142341 0.242665
    outer loop
      vertex -4.8523 0.965182 2.68069
      vertex -4.89744 0.482355 2.7854
      vertex -4.82658 0.960066 2.7854
    endloop
  endfacet
  facet normal -0.931488 0.138167 0.336512
    outer loop
      vertex -4.88797 0.972278 2.57905
      vertex -4.95973 0.488491 2.57905
      vertex -4.92354 0.484926 2.68069
    endloop
  endfacet
  facet normal -0.931476 0.138173 0.336543
    outer loop
      vertex -4.88797 0.972278 2.57905
      vertex -4.92354 0.484926 2.68069
      vertex -4.8523 0.965182 2.68069
    endloop
  endfacet
  facet normal -0.894382 0.132674 0.427175
    outer loop
      vertex -4.93324 0.981281 2.48146
      vertex -5.00567 0.493014 2.48146
      vertex -4.95973 0.488491 2.57905
    endloop
  endfacet
  facet normal -0.894403 0.132667 0.427134
    outer loop
      vertex -4.93324 0.981281 2.48146
      vertex -4.95973 0.488491 2.57905
      vertex -4.88797 0.972278 2.57905
    endloop
  endfacet
  facet normal -0.848753 0.125889 0.513586
    outer loop
      vertex -4.98767 0.992108 2.38887
      vertex -5.06089 0.498454 2.38887
      vertex -5.00567 0.493014 2.48146
    endloop
  endfacet
  facet normal -0.848714 0.125899 0.513647
    outer loop
      vertex -4.98767 0.992108 2.38887
      vertex -5.00567 0.493014 2.48146
      vertex -4.93324 0.981281 2.48146
    endloop
  endfacet
  facet normal -0.794817 0.117897 0.595287
    outer loop
      vertex -5.05074 1.00465 2.30217
      vertex -5.12489 0.504757 2.30217
      vertex -5.06089 0.498454 2.38887
    endloop
  endfacet
  facet normal -0.794838 0.117892 0.59526
    outer loop
      vertex -5.05074 1.00465 2.30217
      vertex -5.06089 0.498454 2.38887
      vertex -4.98767 0.992108 2.38887
    endloop
  endfacet
  facet normal -0.733327 0.108783 0.671116
    outer loop
      vertex -5.12184 1.0188 2.22218
      vertex -5.19704 0.511863 2.22218
      vertex -5.12489 0.504757 2.30217
    endloop
  endfacet
  facet normal -0.733352 0.108779 0.67109
    outer loop
      vertex -5.12184 1.0188 2.22218
      vertex -5.12489 0.504757 2.30217
      vertex -5.05074 1.00465 2.30217
    endloop
  endfacet
  facet normal -0.664708 0.0986026 0.740568
    outer loop
      vertex -5.20029 1.0344 2.14969
      vertex -5.27664 0.519703 2.14969
      vertex -5.19704 0.511863 2.22218
    endloop
  endfacet
  facet normal -0.664702 0.0986032 0.740573
    outer loop
      vertex -5.12184 1.0188 2.22218
      vertex -5.20029 1.0344 2.14969
      vertex -5.19704 0.511863 2.22218
    endloop
  endfacet
  facet normal -0.589774 0.0874765 0.802816
    outer loop
      vertex -5.28533 1.05132 2.08538
      vertex -5.36292 0.528201 2.08538
      vertex -5.27664 0.519703 2.14969
    endloop
  endfacet
  facet normal -0.589733 0.0874808 0.802846
    outer loop
      vertex -5.20029 1.0344 2.14969
      vertex -5.28533 1.05132 2.08538
      vertex -5.27664 0.519703 2.14969
    endloop
  endfacet
  facet normal -0.508923 0.0754916 0.857495
    outer loop
      vertex -5.37614 1.06938 2.02989
      vertex -5.45507 0.537277 2.02989
      vertex -5.36292 0.528201 2.08538
    endloop
  endfacet
  facet normal -0.508954 0.075489 0.857477
    outer loop
      vertex -5.28533 1.05132 2.08538
      vertex -5.37614 1.06938 2.02989
      vertex -5.36292 0.528201 2.08538
    endloop
  endfacet
  facet normal -0.423405 0.062802 0.903761
    outer loop
      vertex -5.47185 1.08842 1.98373
      vertex -5.55218 0.546842 1.98373
      vertex -5.45507 0.537277 2.02989
    endloop
  endfacet
  facet normal -0.423386 0.0628033 0.90377
    outer loop
      vertex -5.37614 1.06938 2.02989
      vertex -5.47185 1.08842 1.98373
      vertex -5.45507 0.537277 2.02989
    endloop
  endfacet
  facet normal -0.333622 0.0494887 0.941407
    outer loop
      vertex -5.57153 1.10825 1.94736
      vertex -5.65333 0.556805 1.94736
      vertex -5.55218 0.546842 1.98373
    endloop
  endfacet
  facet normal -0.333642 0.0494876 0.9414
    outer loop
      vertex -5.47185 1.08842 1.98373
      vertex -5.57153 1.10825 1.94736
      vertex -5.55218 0.546842 1.98373
    endloop
  endfacet
  facet normal -0.240541 0.0356778 0.969983
    outer loop
      vertex -5.67424 1.12868 1.92114
      vertex -5.75754 0.567068 1.92114
      vertex -5.65333 0.556805 1.94736
    endloop
  endfacet
  facet normal -0.240523 0.0356786 0.969987
    outer loop
      vertex -5.57153 1.10825 1.94736
      vertex -5.67424 1.12868 1.92114
      vertex -5.65333 0.556805 1.94736
    endloop
  endfacet
  facet normal -0.145314 0.0215567 0.989151
    outer loop
      vertex -5.77896 1.14951 1.9053
      vertex -5.86381 0.577535 1.9053
      vertex -5.75754 0.567068 1.92114
    endloop
  endfacet
  facet normal -0.145331 0.021556 0.989148
    outer loop
      vertex -5.67424 1.12868 1.92114
      vertex -5.77896 1.14951 1.9053
      vertex -5.75754 0.567068 1.92114
    endloop
  endfacet
  facet normal -0.0486242 0.007213 0.998791
    outer loop
      vertex -5.88471 1.17054 1.9
      vertex -5.97111 0.588102 1.9
      vertex -5.86381 0.577535 1.9053
    endloop
  endfacet
  facet normal -0.0486232 0.00721304 0.998791
    outer loop
      vertex -5.77896 1.14951 1.9053
      vertex -5.88471 1.17054 1.9
      vertex -5.86381 0.577535 1.9053
    endloop
  endfacet
  facet normal -0.0476824 0.011944 -0.998791
    outer loop
      vertex -5.77896 1.14951 4.0947
      vertex -5.88471 1.17054 4.1
      vertex -5.63846 1.71041 4.0947
    endloop
  endfacet
  facet normal -0.0476813 0.0119435 -0.998791
    outer loop
      vertex -5.63846 1.71041 4.0947
      vertex -5.88471 1.17054 4.1
      vertex -5.74164 1.74171 4.1
    endloop
  endfacet
  facet normal -0.142518 0.0357012 -0.989148
    outer loop
      vertex -5.67424 1.12868 4.07886
      vertex -5.77896 1.14951 4.0947
      vertex -5.53628 1.67941 4.07886
    endloop
  endfacet
  facet normal -0.142509 0.035697 -0.98915
    outer loop
      vertex -5.53628 1.67941 4.07886
      vertex -5.77896 1.14951 4.0947
      vertex -5.63846 1.71041 4.0947
    endloop
  endfacet
  facet normal -0.235953 0.0591007 -0.969966
    outer loop
      vertex -5.57153 1.10825 4.05263
      vertex -5.67424 1.12868 4.07886
      vertex -5.43608 1.64902 4.05263
    endloop
  endfacet
  facet normal -0.235983 0.0591146 -0.969957
    outer loop
      vertex -5.43608 1.64902 4.05263
      vertex -5.67424 1.12868 4.07886
      vertex -5.53628 1.67941 4.07886
    endloop
  endfacet
  facet normal -0.327103 0.0819344 -0.94143
    outer loop
      vertex -5.47185 1.08842 4.01627
      vertex -5.57153 1.10825 4.05263
      vertex -5.33882 1.61951 4.01627
    endloop
  endfacet
  facet normal -0.327091 0.0819285 -0.941435
    outer loop
      vertex -5.33882 1.61951 4.01627
      vertex -5.57153 1.10825 4.05263
      vertex -5.43608 1.64902 4.05263
    endloop
  endfacet
  facet normal -0.41519 0.104004 -0.90377
    outer loop
      vertex -5.37614 1.06938 3.97011
      vertex -5.47185 1.08842 4.01627
      vertex -5.24543 1.59118 3.97011
    endloop
  endfacet
  facet normal -0.415167 0.103993 -0.903782
    outer loop
      vertex -5.24543 1.59118 3.97011
      vertex -5.47185 1.08842 4.01627
      vertex -5.33882 1.61951 4.01627
    endloop
  endfacet
  facet normal -0.499103 0.125021 -0.857477
    outer loop
      vertex -5.28533 1.05132 3.91462
      vertex -5.37614 1.06938 3.97011
      vertex -5.15683 1.56431 3.91462
    endloop
  endfacet
  facet normal -0.499114 0.125027 -0.857469
    outer loop
      vertex -5.15683 1.56431 3.91462
      vertex -5.37614 1.06938 3.97011
      vertex -5.24543 1.59118 3.97011
    endloop
  endfacet
  facet normal -0.578317 0.14486 -0.802848
    outer loop
      vertex -5.20029 1.0344 3.85031
      vertex -5.28533 1.05132 3.91462
      vertex -5.07386 1.53914 3.85031
    endloop
  endfacet
  facet normal -0.578331 0.144867 -0.802837
    outer loop
      vertex -5.07386 1.53914 3.85031
      vertex -5.28533 1.05132 3.91462
      vertex -5.15683 1.56431 3.91462
    endloop
  endfacet
  facet normal -0.651841 0.163275 -0.740571
    outer loop
      vertex -5.12184 1.0188 3.77782
      vertex -5.20029 1.0344 3.85031
      vertex -4.99732 1.51592 3.77782
    endloop
  endfacet
  facet normal -0.651846 0.163278 -0.740566
    outer loop
      vertex -4.99732 1.51592 3.77782
      vertex -5.20029 1.0344 3.85031
      vertex -5.07386 1.53914 3.85031
    endloop
  endfacet
  facet normal -0.719152 0.180147 -0.671094
    outer loop
      vertex -5.05074 1.00465 3.69783
      vertex -5.12184 1.0188 3.77782
      vertex -4.92794 1.49487 3.69783
    endloop
  endfacet
  facet normal -0.719119 0.180127 -0.671135
    outer loop
      vertex -4.92794 1.49487 3.69783
      vertex -5.12184 1.0188 3.77782
      vertex -4.99732 1.51592 3.77782
    endloop
  endfacet
  facet normal -0.779454 0.195241 -0.595258
    outer loop
      vertex -4.98767 0.992108 3.61113
      vertex -5.05074 1.00465 3.69783
      vertex -4.86641 1.47621 3.61113
    endloop
  endfacet
  facet normal -0.779482 0.19526 -0.595215
    outer loop
      vertex -4.86641 1.47621 3.61113
      vertex -5.05074 1.00465 3.69783
      vertex -4.92794 1.49487 3.69783
    endloop
  endfacet
  facet normal -0.832287 0.208481 -0.513647
    outer loop
      vertex -4.93324 0.981281 3.51854
      vertex -4.98767 0.992108 3.61113
      vertex -4.8133 1.4601 3.51854
    endloop
  endfacet
  facet normal -0.832276 0.208472 -0.513669
    outer loop
      vertex -4.8133 1.4601 3.51854
      vertex -4.98767 0.992108 3.61113
      vertex -4.86641 1.47621 3.61113
    endloop
  endfacet
  facet normal -0.87709 0.219706 -0.427133
    outer loop
      vertex -4.88797 0.972278 3.42095
      vertex -4.93324 0.981281 3.51854
      vertex -4.76913 1.4467 3.42095
    endloop
  endfacet
  facet normal -0.877086 0.219702 -0.427143
    outer loop
      vertex -4.76913 1.4467 3.42095
      vertex -4.93324 0.981281 3.51854
      vertex -4.8133 1.4601 3.51854
    endloop
  endfacet
  facet normal -0.913447 0.228809 -0.336543
    outer loop
      vertex -4.8523 0.965182 3.31931
      vertex -4.88797 0.972278 3.42095
      vertex -4.73433 1.43614 3.31931
    endloop
  endfacet
  facet normal -0.913452 0.228815 -0.336525
    outer loop
      vertex -4.73433 1.43614 3.31931
      vertex -4.88797 0.972278 3.42095
      vertex -4.76913 1.4467 3.42095
    endloop
  endfacet
  facet normal -0.941035 0.235729 -0.242664
    outer loop
      vertex -4.82658 0.960066 3.2146
      vertex -4.8523 0.965182 3.31931
      vertex -4.70923 1.42853 3.2146
    endloop
  endfacet
  facet normal -0.941027 0.235717 -0.242704
    outer loop
      vertex -4.70923 1.42853 3.2146
      vertex -4.8523 0.965182 3.31931
      vertex -4.73433 1.43614 3.31931
    endloop
  endfacet
  facet normal -0.959553 0.240343 -0.146604
    outer loop
      vertex -4.81104 0.956975 3.10782
      vertex -4.82658 0.960066 3.2146
      vertex -4.69408 1.42393 3.10782
    endloop
  endfacet
  facet normal -0.959563 0.24037 -0.146498
    outer loop
      vertex -4.69408 1.42393 3.10782
      vertex -4.82658 0.960066 3.2146
      vertex -4.70923 1.42853 3.2146
    endloop
  endfacet
  facet normal -0.968867 0.24269 -0.0489624
    outer loop
      vertex -4.80585 0.955942 3
      vertex -4.81104 0.956975 3.10782
      vertex -4.68901 1.42239 3
    endloop
  endfacet
  facet normal -0.968868 0.242676 -0.0490251
    outer loop
      vertex -4.68901 1.42239 3
      vertex -4.81104 0.956975 3.10782
      vertex -4.69408 1.42393 3.10782
    endloop
  endfacet
  facet normal -0.968871 0.242677 0.0489624
    outer loop
      vertex -4.69408 1.42393 2.89218
      vertex -4.81104 0.956975 2.89218
      vertex -4.80585 0.955942 3
    endloop
  endfacet
  facet normal -0.968864 0.24269 0.0490251
    outer loop
      vertex -4.69408 1.42393 2.89218
      vertex -4.80585 0.955942 3
      vertex -4.68901 1.42239 3
    endloop
  endfacet
  facet normal -0.959548 0.240366 0.146604
    outer loop
      vertex -4.70923 1.42853 2.7854
      vertex -4.82658 0.960066 2.7854
      vertex -4.81104 0.956975 2.89218
    endloop
  endfacet
  facet normal -0.959569 0.240347 0.146498
    outer loop
      vertex -4.70923 1.42853 2.7854
      vertex -4.81104 0.956975 2.89218
      vertex -4.69408 1.42393 2.89218
    endloop
  endfacet
  facet normal -0.941037 0.23572 0.242665
    outer loop
      vertex -4.73433 1.43614 2.68069
      vertex -4.8523 0.965182 2.68069
      vertex -4.82658 0.960066 2.7854
    endloop
  endfacet
  facet normal -0.941025 0.235726 0.242705
    outer loop
      vertex -4.73433 1.43614 2.68069
      vertex -4.82658 0.960066 2.7854
      vertex -4.70923 1.42853 2.7854
    endloop
  endfacet
  facet normal -0.913446 0.228813 0.336543
    outer loop
      vertex -4.76913 1.4467 2.57905
      vertex -4.88797 0.972278 2.57905
      vertex -4.8523 0.965182 2.68069
    endloop
  endfacet
  facet normal -0.913453 0.22881 0.336525
    outer loop
      vertex -4.76913 1.4467 2.57905
      vertex -4.8523 0.965182 2.68069
      vertex -4.73433 1.43614 2.68069
    endloop
  endfacet
  facet normal -0.877091 0.219704 0.427133
    outer loop
      vertex -4.8133 1.4601 2.48146
      vertex -4.93324 0.981281 2.48146
      vertex -4.88797 0.972278 2.57905
    endloop
  endfacet
  facet normal -0.877085 0.219705 0.427143
    outer loop
      vertex -4.8133 1.4601 2.48146
      vertex -4.88797 0.972278 2.57905
      vertex -4.76913 1.4467 2.57905
    endloop
  endfacet
  facet normal -0.832289 0.208475 0.513648
    outer loop
      vertex -4.86641 1.47621 2.38887
      vertex -4.98767 0.992108 2.38887
      vertex -4.93324 0.981281 2.48146
    endloop
  endfacet
  facet normal -0.832274 0.208478 0.51367
    outer loop
      vertex -4.86641 1.47621 2.38887
      vertex -4.93324 0.981281 2.48146
      vertex -4.8133 1.4601 2.48146
    endloop
  endfacet
  facet normal -0.779451 0.195252 0.595258
    outer loop
      vertex -4.92794 1.49487 2.30217
      vertex -5.05074 1.00465 2.30217
      vertex -4.98767 0.992108 2.38887
    endloop
  endfacet
  facet normal -0.779486 0.195249 0.595214
    outer loop
      vertex -4.92794 1.49487 2.30217
      vertex -4.98767 0.992108 2.38887
      vertex -4.86641 1.47621 2.38887
    endloop
  endfacet
  facet normal -0.719155 0.180136 0.671094
    outer loop
      vertex -4.99732 1.51592 2.22218
      vertex -5.12184 1.0188 2.22218
      vertex -5.05074 1.00465 2.30217
    endloop
  endfacet
  facet normal -0.719115 0.180138 0.671136
    outer loop
      vertex -4.99732 1.51592 2.22218
      vertex -5.05074 1.00465 2.30217
      vertex -4.92794 1.49487 2.30217
    endloop
  endfacet
  facet normal -0.65184 0.163276 0.740571
    outer loop
      vertex -5.07386 1.53914 2.14969
      vertex -5.20029 1.0344 2.14969
      vertex -5.12184 1.0188 2.22218
    endloop
  endfacet
  facet normal -0.651846 0.163276 0.740565
    outer loop
      vertex -5.07386 1.53914 2.14969
      vertex -5.12184 1.0188 2.22218
      vertex -4.99732 1.51592 2.22218
    endloop
  endfacet
  facet normal -0.578317 0.144864 0.802848
    outer loop
      vertex -5.15683 1.56431 2.08538
      vertex -5.28533 1.05132 2.08538
      vertex -5.20029 1.0344 2.14969
    endloop
  endfacet
  facet normal -0.578332 0.144864 0.802837
    outer loop
      vertex -5.15683 1.56431 2.08538
      vertex -5.20029 1.0344 2.14969
      vertex -5.07386 1.53914 2.14969
    endloop
  endfacet
  facet normal -0.499102 0.125024 0.857477
    outer loop
      vertex -5.24543 1.59118 2.02989
      vertex -5.37614 1.06938 2.02989
      vertex -5.28533 1.05132 2.08538
    endloop
  endfacet
  facet normal -0.499115 0.125024 0.857469
    outer loop
      vertex -5.24543 1.59118 2.02989
      vertex -5.28533 1.05132 2.08538
      vertex -5.15683 1.56431 2.08538
    endloop
  endfacet
  facet normal -0.415191 0.103999 0.90377
    outer loop
      vertex -5.33882 1.61951 1.98373
      vertex -5.47185 1.08842 1.98373
      vertex -5.37614 1.06938 2.02989
    endloop
  endfacet
  facet normal -0.415166 0.103998 0.903782
    outer loop
      vertex -5.33882 1.61951 1.98373
      vertex -5.37614 1.06938 2.02989
      vertex -5.24543 1.59118 2.02989
    endloop
  endfacet
  facet normal -0.327183 0.0819516 0.941401
    outer loop
      vertex -5.43608 1.64902 1.94736
      vertex -5.57153 1.10825 1.94736
      vertex -5.47185 1.08842 1.98373
    endloop
  endfacet
  facet normal -0.32717 0.0819511 0.941405
    outer loop
      vertex -5.43608 1.64902 1.94736
      vertex -5.47185 1.08842 1.98373
      vertex -5.33882 1.61951 1.98373
    endloop
  endfacet
  facet normal -0.235867 0.0590857 0.969987
    outer loop
      vertex -5.53628 1.67941 1.92114
      vertex -5.67424 1.12868 1.92114
      vertex -5.57153 1.10825 1.94736
    endloop
  endfacet
  facet normal -0.2359 0.0590874 0.969979
    outer loop
      vertex -5.53628 1.67941 1.92114
      vertex -5.57153 1.10825 1.94736
      vertex -5.43608 1.64902 1.94736
    endloop
  endfacet
  facet normal -0.142518 0.0356994 0.989148
    outer loop
      vertex -5.63846 1.71041 1.9053
      vertex -5.77896 1.14951 1.9053
      vertex -5.67424 1.12868 1.92114
    endloop
  endfacet
  facet normal -0.142508 0.0356988 0.98915
    outer loop
      vertex -5.63846 1.71041 1.9053
      vertex -5.67424 1.12868 1.92114
      vertex -5.53628 1.67941 1.92114
    endloop
  endfacet
  facet normal -0.0476824 0.0119438 0.998791
    outer loop
      vertex -5.74164 1.74171 1.9
      vertex -5.88471 1.17054 1.9
      vertex -5.77896 1.14951 1.9053
    endloop
  endfacet
  facet normal -0.0476813 0.0119437 0.998791
    outer loop
      vertex -5.74164 1.74171 1.9
      vertex -5.77896 1.14951 1.9053
      vertex -5.63846 1.71041 1.9053
    endloop
  endfacet
  facet normal -0.0462813 0.0165588 -0.998791
    outer loop
      vertex -5.63846 1.71041 4.0947
      vertex -5.74164 1.74171 4.1
      vertex -5.44367 2.25484 4.0947
    endloop
  endfacet
  facet normal -0.0462837 0.0165602 -0.998791
    outer loop
      vertex -5.44367 2.25484 4.0947
      vertex -5.74164 1.74171 4.1
      vertex -5.54328 2.2961 4.1
    endloop
  endfacet
  facet normal -0.138323 0.0494923 -0.98915
    outer loop
      vertex -5.53628 1.67941 4.07886
      vertex -5.63846 1.71041 4.0947
      vertex -5.34501 2.21398 4.07886
    endloop
  endfacet
  facet normal -0.138315 0.0494871 -0.989151
    outer loop
      vertex -5.34501 2.21398 4.07886
      vertex -5.63846 1.71041 4.0947
      vertex -5.44367 2.25484 4.0947
    endloop
  endfacet
  facet normal -0.229054 0.0819591 -0.969957
    outer loop
      vertex -5.43608 1.64902 4.05263
      vertex -5.53628 1.67941 4.07886
      vertex -5.24827 2.1739 4.05263
    endloop
  endfacet
  facet normal -0.229041 0.0819514 -0.969961
    outer loop
      vertex -5.24827 2.1739 4.05263
      vertex -5.53628 1.67941 4.07886
      vertex -5.34501 2.21398 4.07886
    endloop
  endfacet
  facet normal -0.317482 0.113598 -0.941435
    outer loop
      vertex -5.33882 1.61951 4.01627
      vertex -5.43608 1.64902 4.05263
      vertex -5.15437 2.13501 4.01627
    endloop
  endfacet
  facet normal -0.317491 0.113603 -0.941432
    outer loop
      vertex -5.15437 2.13501 4.01627
      vertex -5.43608 1.64902 4.05263
      vertex -5.24827 2.1739 4.05263
    endloop
  endfacet
  facet normal -0.402975 0.144185 -0.903782
    outer loop
      vertex -5.24543 1.59118 3.97011
      vertex -5.33882 1.61951 4.01627
      vertex -5.06421 2.09766 3.97011
    endloop
  endfacet
  facet normal -0.402982 0.14419 -0.903778
    outer loop
      vertex -5.06421 2.09766 3.97011
      vertex -5.33882 1.61951 4.01627
      vertex -5.15437 2.13501 4.01627
    endloop
  endfacet
  facet normal -0.48446 0.173344 -0.857468
    outer loop
      vertex -5.15683 1.56431 3.91462
      vertex -5.24543 1.59118 3.97011
      vertex -4.97867 2.06223 3.91462
    endloop
  endfacet
  facet normal -0.48445 0.173338 -0.857474
    outer loop
      vertex -4.97867 2.06223 3.91462
      vertex -5.24543 1.59118 3.97011
      vertex -5.06421 2.09766 3.97011
    endloop
  endfacet
  facet normal -0.561345 0.200861 -0.802837
    outer loop
      vertex -5.07386 1.53914 3.85031
      vertex -5.15683 1.56431 3.91462
      vertex -4.89856 2.02905 3.85031
    endloop
  endfacet
  facet normal -0.561323 0.200846 -0.802856
    outer loop
      vertex -4.89856 2.02905 3.85031
      vertex -5.15683 1.56431 3.91462
      vertex -4.97867 2.06223 3.91462
    endloop
  endfacet
  facet normal -0.632701 0.226386 -0.740566
    outer loop
      vertex -4.99732 1.51592 3.77782
      vertex -5.07386 1.53914 3.85031
      vertex -4.82467 1.99844 3.77782
    endloop
  endfacet
  facet normal -0.632722 0.226401 -0.740544
    outer loop
      vertex -4.82467 1.99844 3.77782
      vertex -5.07386 1.53914 3.85031
      vertex -4.89856 2.02905 3.85031
    endloop
  endfacet
  facet normal -0.698 0.249741 -0.671137
    outer loop
      vertex -4.92794 1.49487 3.69783
      vertex -4.99732 1.51592 3.77782
      vertex -4.75769 1.9707 3.69783
    endloop
  endfacet
  facet normal -0.698023 0.249759 -0.671107
    outer loop
      vertex -4.75769 1.9707 3.69783
      vertex -4.99732 1.51592 3.77782
      vertex -4.82467 1.99844 3.77782
    endloop
  endfacet
  facet normal -0.756594 0.27072 -0.595212
    outer loop
      vertex -4.86641 1.47621 3.61113
      vertex -4.92794 1.49487 3.69783
      vertex -4.69828 1.94609 3.61113
    endloop
  endfacet
  facet normal -0.756563 0.270695 -0.595262
    outer loop
      vertex -4.69828 1.94609 3.61113
      vertex -4.92794 1.49487 3.69783
      vertex -4.75769 1.9707 3.69783
    endloop
  endfacet
  facet normal -0.807834 0.289047 -0.513669
    outer loop
      vertex -4.8133 1.4601 3.51854
      vertex -4.86641 1.47621 3.61113
      vertex -4.64701 1.92485 3.51854
    endloop
  endfacet
  facet normal -0.807848 0.28906 -0.513641
    outer loop
      vertex -4.64701 1.92485 3.51854
      vertex -4.86641 1.47621 3.61113
      vertex -4.69828 1.94609 3.61113
    endloop
  endfacet
  facet normal -0.851332 0.304601 -0.427144
    outer loop
      vertex -4.76913 1.4467 3.42095
      vertex -4.8133 1.4601 3.51854
      vertex -4.60437 1.90719 3.42095
    endloop
  endfacet
  facet normal -0.851347 0.304616 -0.427103
    outer loop
      vertex -4.60437 1.90719 3.42095
      vertex -4.8133 1.4601 3.51854
      vertex -4.64701 1.92485 3.51854
    endloop
  endfacet
  facet normal -0.886629 0.317234 -0.336528
    outer loop
      vertex -4.73433 1.43614 3.31931
      vertex -4.76913 1.4467 3.42095
      vertex -4.57077 1.89327 3.31931
    endloop
  endfacet
  facet normal -0.886625 0.317228 -0.336545
    outer loop
      vertex -4.57077 1.89327 3.31931
      vertex -4.76913 1.4467 3.42095
      vertex -4.60437 1.90719 3.42095
    endloop
  endfacet
  facet normal -0.913398 0.326803 -0.242701
    outer loop
      vertex -4.70923 1.42853 3.2146
      vertex -4.73433 1.43614 3.31931
      vertex -4.54654 1.88324 3.2146
    endloop
  endfacet
  facet normal -0.913403 0.326813 -0.242667
    outer loop
      vertex -4.54654 1.88324 3.2146
      vertex -4.73433 1.43614 3.31931
      vertex -4.57077 1.89327 3.31931
    endloop
  endfacet
  facet normal -0.931382 0.333263 -0.146502
    outer loop
      vertex -4.69408 1.42393 3.10782
      vertex -4.70923 1.42853 3.2146
      vertex -4.5319 1.87718 3.10782
    endloop
  endfacet
  facet normal -0.931376 0.333235 -0.146607
    outer loop
      vertex -4.5319 1.87718 3.10782
      vertex -4.70923 1.42853 3.2146
      vertex -4.54654 1.88324 3.2146
    endloop
  endfacet
  facet normal -0.940412 0.336485 -0.0490268
    outer loop
      vertex -4.68901 1.42239 3
      vertex -4.69408 1.42393 3.10782
      vertex -4.52701 1.87515 3
    endloop
  endfacet
  facet normal -0.940411 0.336494 -0.0489862
    outer loop
      vertex -4.52701 1.87515 3
      vertex -4.69408 1.42393 3.10782
      vertex -4.5319 1.87718 3.10782
    endloop
  endfacet
  facet normal -0.940409 0.336493 0.0490268
    outer loop
      vertex -4.5319 1.87718 2.89218
      vertex -4.69408 1.42393 2.89218
      vertex -4.68901 1.42239 3
    endloop
  endfacet
  facet normal -0.940414 0.336485 0.0489862
    outer loop
      vertex -4.5319 1.87718 2.89218
      vertex -4.68901 1.42239 3
      vertex -4.52701 1.87515 3
    endloop
  endfacet
  facet normal -0.93139 0.333241 0.146502
    outer loop
      vertex -4.54654 1.88324 2.7854
      vertex -4.70923 1.42853 2.7854
      vertex -4.69408 1.42393 2.89218
    endloop
  endfacet
  facet normal -0.931367 0.333258 0.146608
    outer loop
      vertex -4.54654 1.88324 2.7854
      vertex -4.69408 1.42393 2.89218
      vertex -4.5319 1.87718 2.89218
    endloop
  endfacet
  facet normal -0.913395 0.326811 0.242701
    outer loop
      vertex -4.57077 1.89327 2.68069
      vertex -4.73433 1.43614 2.68069
      vertex -4.70923 1.42853 2.7854
    endloop
  endfacet
  facet normal -0.913406 0.326806 0.242667
    outer loop
      vertex -4.57077 1.89327 2.68069
      vertex -4.70923 1.42853 2.7854
      vertex -4.54654 1.88324 2.7854
    endloop
  endfacet
  facet normal -0.886631 0.31723 0.336528
    outer loop
      vertex -4.60437 1.90719 2.57905
      vertex -4.76913 1.4467 2.57905
      vertex -4.73433 1.43614 2.68069
    endloop
  endfacet
  facet normal -0.886624 0.317232 0.336545
    outer loop
      vertex -4.60437 1.90719 2.57905
      vertex -4.73433 1.43614 2.68069
      vertex -4.57077 1.89327 2.68069
    endloop
  endfacet
  facet normal -0.851329 0.30461 0.427144
    outer loop
      vertex -4.64701 1.92485 2.48146
      vertex -4.8133 1.4601 2.48146
      vertex -4.76913 1.4467 2.57905
    endloop
  endfacet
  facet normal -0.851351 0.304607 0.427103
    outer loop
      vertex -4.64701 1.92485 2.48146
      vertex -4.76913 1.4467 2.57905
      vertex -4.60437 1.90719 2.57905
    endloop
  endfacet
  facet normal -0.807832 0.289054 0.513669
    outer loop
      vertex -4.69828 1.94609 2.38887
      vertex -4.86641 1.47621 2.38887
      vertex -4.8133 1.4601 2.48146
    endloop
  endfacet
  facet normal -0.80785 0.289053 0.51364
    outer loop
      vertex -4.69828 1.94609 2.38887
      vertex -4.8133 1.4601 2.48146
      vertex -4.64701 1.92485 2.48146
    endloop
  endfacet
  facet normal -0.756598 0.270708 0.595212
    outer loop
      vertex -4.75769 1.9707 2.30217
      vertex -4.92794 1.49487 2.30217
      vertex -4.86641 1.47621 2.38887
    endloop
  endfacet
  facet normal -0.756558 0.270708 0.595262
    outer loop
      vertex -4.75769 1.9707 2.30217
      vertex -4.86641 1.47621 2.38887
      vertex -4.69828 1.94609 2.38887
    endloop
  endfacet
  facet normal -0.697997 0.24975 0.671137
    outer loop
      vertex -4.82467 1.99844 2.22218
      vertex -4.99732 1.51592 2.22218
      vertex -4.92794 1.49487 2.30217
    endloop
  endfacet
  facet normal -0.698026 0.249751 0.671107
    outer loop
      vertex -4.82467 1.99844 2.22218
      vertex -4.92794 1.49487 2.30217
      vertex -4.75769 1.9707 2.30217
    endloop
  endfacet
  facet normal -0.632699 0.226393 0.740566
    outer loop
      vertex -4.89856 2.02905 2.14969
      vertex -5.07386 1.53914 2.14969
      vertex -4.99732 1.51592 2.22218
    endloop
  endfacet
  facet normal -0.632725 0.226395 0.740543
    outer loop
      vertex -4.89856 2.02905 2.14969
      vertex -4.99732 1.51592 2.22218
      vertex -4.82467 1.99844 2.22218
    endloop
  endfacet
  facet normal -0.561347 0.200855 0.802837
    outer loop
      vertex -4.97867 2.06223 2.08538
      vertex -5.15683 1.56431 2.08538
      vertex -5.07386 1.53914 2.14969
    endloop
  endfacet
  facet normal -0.561321 0.200852 0.802856
    outer loop
      vertex -4.97867 2.06223 2.08538
      vertex -5.07386 1.53914 2.14969
      vertex -4.89856 2.02905 2.14969
    endloop
  endfacet
  facet normal -0.48446 0.173341 0.857468
    outer loop
      vertex -5.06421 2.09766 2.02989
      vertex -5.24543 1.59118 2.02989
      vertex -5.15683 1.56431 2.08538
    endloop
  endfacet
  facet normal -0.484449 0.17334 0.857474
    outer loop
      vertex -5.06421 2.09766 2.02989
      vertex -5.15683 1.56431 2.08538
      vertex -4.97867 2.06223 2.08538
    endloop
  endfacet
  facet normal -0.402974 0.144187 0.903782
    outer loop
      vertex -5.15437 2.13501 1.98373
      vertex -5.33882 1.61951 1.98373
      vertex -5.24543 1.59118 2.02989
    endloop
  endfacet
  facet normal -0.402983 0.144188 0.903778
    outer loop
      vertex -5.15437 2.13501 1.98373
      vertex -5.24543 1.59118 2.02989
      vertex -5.06421 2.09766 2.02989
    endloop
  endfacet
  facet normal -0.317559 0.113627 0.941406
    outer loop
      vertex -5.24827 2.1739 1.94736
      vertex -5.43608 1.64902 1.94736
      vertex -5.33882 1.61951 1.98373
    endloop
  endfacet
  facet normal -0.317569 0.113629 0.941402
    outer loop
      vertex -5.24827 2.1739 1.94736
      vertex -5.33882 1.61951 1.98373
      vertex -5.15437 2.13501 1.98373
    endloop
  endfacet
  facet normal -0.228973 0.0819269 0.969979
    outer loop
      vertex -5.34501 2.21398 1.92114
      vertex -5.53628 1.67941 1.92114
      vertex -5.43608 1.64902 1.94736
    endloop
  endfacet
  facet normal -0.228958 0.0819247 0.969983
    outer loop
      vertex -5.34501 2.21398 1.92114
      vertex -5.43608 1.64902 1.94736
      vertex -5.24827 2.1739 1.94736
    endloop
  endfacet
  facet normal -0.138324 0.0494905 0.98915
    outer loop
      vertex -5.44367 2.25484 1.9053
      vertex -5.63846 1.71041 1.9053
      vertex -5.53628 1.67941 1.92114
    endloop
  endfacet
  facet normal -0.138314 0.0494889 0.989151
    outer loop
      vertex -5.44367 2.25484 1.9053
      vertex -5.53628 1.67941 1.92114
      vertex -5.34501 2.21398 1.92114
    endloop
  endfacet
  facet normal -0.0462811 0.0165593 0.998791
    outer loop
      vertex -5.54328 2.2961 1.9
      vertex -5.74164 1.74171 1.9
      vertex -5.63846 1.71041 1.9053
    endloop
  endfacet
  facet normal -0.0462839 0.0165598 0.998791
    outer loop
      vertex -5.54328 2.2961 1.9
      vertex -5.63846 1.71041 1.9053
      vertex -5.44367 2.25484 1.9053
    endloop
  endfacet
  facet normal -0.0444373 0.0210178 -0.998791
    outer loop
      vertex -5.44367 2.25484 4.0947
      vertex -5.54328 2.2961 4.1
      vertex -5.19644 2.77755 4.0947
    endloop
  endfacet
  facet normal -0.0444351 0.0210163 -0.998791
    outer loop
      vertex -5.19644 2.77755 4.0947
      vertex -5.54328 2.2961 4.1
      vertex -5.29153 2.82838 4.1
    endloop
  endfacet
  facet normal -0.132798 0.0628076 -0.989151
    outer loop
      vertex -5.34501 2.21398 4.07886
      vertex -5.44367 2.25484 4.0947
      vertex -5.10227 2.72722 4.07886
    endloop
  endfacet
  facet normal -0.132809 0.0628156 -0.989149
    outer loop
      vertex -5.10227 2.72722 4.07886
      vertex -5.44367 2.25484 4.0947
      vertex -5.19644 2.77755 4.0947
    endloop
  endfacet
  facet normal -0.219905 0.104005 -0.969961
    outer loop
      vertex -5.24827 2.1739 4.05263
      vertex -5.34501 2.21398 4.07886
      vertex -5.00992 2.67786 4.05263
    endloop
  endfacet
  facet normal -0.219906 0.104006 -0.969961
    outer loop
      vertex -5.00992 2.67786 4.05263
      vertex -5.34501 2.21398 4.07886
      vertex -5.10227 2.72722 4.07886
    endloop
  endfacet
  facet normal -0.304829 0.144177 -0.941431
    outer loop
      vertex -5.15437 2.13501 4.01627
      vertex -5.24827 2.1739 4.05263
      vertex -4.92028 2.62994 4.01627
    endloop
  endfacet
  facet normal -0.304805 0.144159 -0.941442
    outer loop
      vertex -4.92028 2.62994 4.01627
      vertex -5.24827 2.1739 4.05263
      vertex -5.00992 2.67786 4.05263
    endloop
  endfacet
  facet normal -0.386909 0.182992 -0.903779
    outer loop
      vertex -5.06421 2.09766 3.97011
      vertex -5.15437 2.13501 4.01627
      vertex -4.83422 2.58394 3.97011
    endloop
  endfacet
  facet normal -0.386932 0.183009 -0.903765
    outer loop
      vertex -4.83422 2.58394 3.97011
      vertex -5.15437 2.13501 4.01627
      vertex -4.92028 2.62994 4.01627
    endloop
  endfacet
  facet normal -0.465128 0.219989 -0.857474
    outer loop
      vertex -4.97867 2.06223 3.91462
      vertex -5.06421 2.09766 3.97011
      vertex -4.75256 2.5403 3.91462
    endloop
  endfacet
  facet normal -0.465119 0.219982 -0.85748
    outer loop
      vertex -4.75256 2.5403 3.91462
      vertex -5.06421 2.09766 3.97011
      vertex -4.83422 2.58394 3.97011
    endloop
  endfacet
  facet normal -0.538935 0.254899 -0.802855
    outer loop
      vertex -4.89856 2.02905 3.85031
      vertex -4.97867 2.06223 3.91462
      vertex -4.67609 2.49942 3.85031
    endloop
  endfacet
  facet normal -0.538929 0.254894 -0.80286
    outer loop
      vertex -4.67609 2.49942 3.85031
      vertex -4.97867 2.06223 3.91462
      vertex -4.75256 2.5403 3.91462
    endloop
  endfacet
  facet normal -0.607485 0.287325 -0.740545
    outer loop
      vertex -4.82467 1.99844 3.77782
      vertex -4.89856 2.02905 3.85031
      vertex -4.60555 2.46172 3.77782
    endloop
  endfacet
  facet normal -0.607474 0.287316 -0.740557
    outer loop
      vertex -4.60555 2.46172 3.77782
      vertex -4.89856 2.02905 3.85031
      vertex -4.67609 2.49942 3.85031
    endloop
  endfacet
  facet normal -0.670185 0.316968 -0.671105
    outer loop
      vertex -4.75769 1.9707 3.69783
      vertex -4.82467 1.99844 3.77782
      vertex -4.54162 2.42755 3.69783
    endloop
  endfacet
  facet normal -0.670214 0.316995 -0.671065
    outer loop
      vertex -4.54162 2.42755 3.69783
      vertex -4.82467 1.99844 3.77782
      vertex -4.60555 2.46172 3.77782
    endloop
  endfacet
  facet normal -0.726385 0.343549 -0.595263
    outer loop
      vertex -4.69828 1.94609 3.61113
      vertex -4.75769 1.9707 3.69783
      vertex -4.48491 2.39723 3.61113
    endloop
  endfacet
  facet normal -0.726384 0.343548 -0.595266
    outer loop
      vertex -4.48491 2.39723 3.61113
      vertex -4.75769 1.9707 3.69783
      vertex -4.54162 2.42755 3.69783
    endloop
  endfacet
  facet normal -0.775624 0.366849 -0.513642
    outer loop
      vertex -4.64701 1.92485 3.51854
      vertex -4.69828 1.94609 3.61113
      vertex -4.43596 2.37107 3.51854
    endloop
  endfacet
  facet normal -0.775606 0.366828 -0.513685
    outer loop
      vertex -4.43596 2.37107 3.51854
      vertex -4.69828 1.94609 3.61113
      vertex -4.48491 2.39723 3.61113
    endloop
  endfacet
  facet normal -0.817388 0.386601 -0.427101
    outer loop
      vertex -4.60437 1.90719 3.42095
      vertex -4.64701 1.92485 3.51854
      vertex -4.39526 2.34931 3.42095
    endloop
  endfacet
  facet normal -0.81739 0.386604 -0.427096
    outer loop
      vertex -4.39526 2.34931 3.42095
      vertex -4.64701 1.92485 3.51854
      vertex -4.43596 2.37107 3.51854
    endloop
  endfacet
  facet normal -0.85126 0.402608 -0.336547
    outer loop
      vertex -4.57077 1.89327 3.31931
      vertex -4.60437 1.90719 3.42095
      vertex -4.36319 2.33217 3.31931
    endloop
  endfacet
  facet normal -0.851271 0.402627 -0.336494
    outer loop
      vertex -4.36319 2.33217 3.31931
      vertex -4.60437 1.90719 3.42095
      vertex -4.39526 2.34931 3.42095
    endloop
  endfacet
  facet normal -0.876964 0.414789 -0.242662
    outer loop
      vertex -4.54654 1.88324 3.2146
      vertex -4.57077 1.89327 3.31931
      vertex -4.34005 2.31981 3.2146
    endloop
  endfacet
  facet normal -0.876952 0.414759 -0.242757
    outer loop
      vertex -4.34005 2.31981 3.2146
      vertex -4.57077 1.89327 3.31931
      vertex -4.36319 2.33217 3.31931
    endloop
  endfacet
  facet normal -0.894226 0.422926 -0.146604
    outer loop
      vertex -4.5319 1.87718 3.10782
      vertex -4.54654 1.88324 3.2146
      vertex -4.32609 2.31234 3.10782
    endloop
  endfacet
  facet normal -0.89423 0.422955 -0.146497
    outer loop
      vertex -4.32609 2.31234 3.10782
      vertex -4.54654 1.88324 3.2146
      vertex -4.34005 2.31981 3.2146
    endloop
  endfacet
  facet normal -0.902898 0.427053 -0.0489899
    outer loop
      vertex -4.52701 1.87515 3
      vertex -4.5319 1.87718 3.10782
      vertex -4.32141 2.30984 3
    endloop
  endfacet
  facet normal -0.902904 0.42703 -0.0490926
    outer loop
      vertex -4.32141 2.30984 3
      vertex -4.5319 1.87718 3.10782
      vertex -4.32609 2.31234 3.10782
    endloop
  endfacet
  facet normal -0.902908 0.427033 0.04899
    outer loop
      vertex -4.32609 2.31234 2.89218
      vertex -4.5319 1.87718 2.89218
      vertex -4.52701 1.87515 3
    endloop
  endfacet
  facet normal -0.902894 0.427051 0.0490927
    outer loop
      vertex -4.32609 2.31234 2.89218
      vertex -4.52701 1.87515 3
      vertex -4.32141 2.30984 3
    endloop
  endfacet
  facet normal -0.894216 0.422948 0.146604
    outer loop
      vertex -4.34005 2.31981 2.7854
      vertex -4.54654 1.88324 2.7854
      vertex -4.5319 1.87718 2.89218
    endloop
  endfacet
  facet normal -0.894241 0.422933 0.146497
    outer loop
      vertex -4.34005 2.31981 2.7854
      vertex -4.5319 1.87718 2.89218
      vertex -4.32609 2.31234 2.89218
    endloop
  endfacet
  facet normal -0.876973 0.414769 0.242662
    outer loop
      vertex -4.36319 2.33217 2.68069
      vertex -4.57077 1.89327 2.68069
      vertex -4.54654 1.88324 2.7854
    endloop
  endfacet
  facet normal -0.876942 0.414778 0.242757
    outer loop
      vertex -4.36319 2.33217 2.68069
      vertex -4.54654 1.88324 2.7854
      vertex -4.34005 2.31981 2.7854
    endloop
  endfacet
  facet normal -0.851255 0.402619 0.336547
    outer loop
      vertex -4.39526 2.34931 2.57905
      vertex -4.60437 1.90719 2.57905
      vertex -4.57077 1.89327 2.68069
    endloop
  endfacet
  facet normal -0.851277 0.402616 0.336494
    outer loop
      vertex -4.39526 2.34931 2.57905
      vertex -4.57077 1.89327 2.68069
      vertex -4.36319 2.33217 2.68069
    endloop
  endfacet
  facet normal -0.817388 0.386602 0.427101
    outer loop
      vertex -4.43596 2.37107 2.48146
      vertex -4.64701 1.92485 2.48146
      vertex -4.60437 1.90719 2.57905
    endloop
  endfacet
  facet normal -0.817391 0.386602 0.427096
    outer loop
      vertex -4.43596 2.37107 2.48146
      vertex -4.60437 1.90719 2.57905
      vertex -4.39526 2.34931 2.57905
    endloop
  endfacet
  facet normal -0.775629 0.366839 0.513643
    outer loop
      vertex -4.48491 2.39723 2.38887
      vertex -4.69828 1.94609 2.38887
      vertex -4.64701 1.92485 2.48146
    endloop
  endfacet
  facet normal -0.775601 0.366838 0.513686
    outer loop
      vertex -4.48491 2.39723 2.38887
      vertex -4.64701 1.92485 2.48146
      vertex -4.43596 2.37107 2.48146
    endloop
  endfacet
  facet normal -0.726386 0.343549 0.595263
    outer loop
      vertex -4.54162 2.42755 2.30217
      vertex -4.75769 1.9707 2.30217
      vertex -4.69828 1.94609 2.38887
    endloop
  endfacet
  facet normal -0.726383 0.343548 0.595266
    outer loop
      vertex -4.54162 2.42755 2.30217
      vertex -4.69828 1.94609 2.38887
      vertex -4.48491 2.39723 2.38887
    endloop
  endfacet
  facet normal -0.670181 0.316979 0.671105
    outer loop
      vertex -4.60555 2.46172 2.22218
      vertex -4.82467 1.99844 2.22218
      vertex -4.75769 1.9707 2.30217
    endloop
  endfacet
  facet normal -0.670219 0.316984 0.671064
    outer loop
      vertex -4.60555 2.46172 2.22218
      vertex -4.75769 1.9707 2.30217
      vertex -4.54162 2.42755 2.30217
    endloop
  endfacet
  facet normal -0.607486 0.287322 0.740545
    outer loop
      vertex -4.67609 2.49942 2.14969
      vertex -4.89856 2.02905 2.14969
      vertex -4.82467 1.99844 2.22218
    endloop
  endfacet
  facet normal -0.607472 0.287319 0.740557
    outer loop
      vertex -4.67609 2.49942 2.14969
      vertex -4.82467 1.99844 2.22218
      vertex -4.60555 2.46172 2.22218
    endloop
  endfacet
  facet normal -0.538935 0.254897 0.802855
    outer loop
      vertex -4.75256 2.5403 2.08538
      vertex -4.97867 2.06223 2.08538
      vertex -4.89856 2.02905 2.14969
    endloop
  endfacet
  facet normal -0.538928 0.254896 0.80286
    outer loop
      vertex -4.75256 2.5403 2.08538
      vertex -4.89856 2.02905 2.14969
      vertex -4.67609 2.49942 2.14969
    endloop
  endfacet
  facet normal -0.465129 0.219986 0.857474
    outer loop
      vertex -4.83422 2.58394 2.02989
      vertex -5.06421 2.09766 2.02989
      vertex -4.97867 2.06223 2.08538
    endloop
  endfacet
  facet normal -0.465117 0.219984 0.85748
    outer loop
      vertex -4.83422 2.58394 2.02989
      vertex -4.97867 2.06223 2.08538
      vertex -4.75256 2.5403 2.08538
    endloop
  endfacet
  facet normal -0.386906 0.182997 0.903778
    outer loop
      vertex -4.92028 2.62994 1.98373
      vertex -5.15437 2.13501 1.98373
      vertex -5.06421 2.09766 2.02989
    endloop
  endfacet
  facet normal -0.386935 0.183004 0.903765
    outer loop
      vertex -4.92028 2.62994 1.98373
      vertex -5.06421 2.09766 2.02989
      vertex -4.83422 2.58394 2.02989
    endloop
  endfacet
  facet normal -0.304905 0.144206 0.941402
    outer loop
      vertex -5.00992 2.67786 1.94736
      vertex -5.24827 2.1739 1.94736
      vertex -5.15437 2.13501 1.98373
    endloop
  endfacet
  facet normal -0.304877 0.144199 0.941412
    outer loop
      vertex -5.00992 2.67786 1.94736
      vertex -5.15437 2.13501 1.98373
      vertex -4.92028 2.62994 1.98373
    endloop
  endfacet
  facet normal -0.219826 0.103968 0.969983
    outer loop
      vertex -5.10227 2.72722 1.92114
      vertex -5.34501 2.21398 1.92114
      vertex -5.24827 2.1739 1.94736
    endloop
  endfacet
  facet normal -0.219827 0.103968 0.969983
    outer loop
      vertex -5.10227 2.72722 1.92114
      vertex -5.24827 2.1739 1.94736
      vertex -5.00992 2.67786 1.94736
    endloop
  endfacet
  facet normal -0.132797 0.0628099 0.989151
    outer loop
      vertex -5.19644 2.77755 1.9053
      vertex -5.44367 2.25484 1.9053
      vertex -5.34501 2.21398 1.92114
    endloop
  endfacet
  facet normal -0.13281 0.0628133 0.989149
    outer loop
      vertex -5.19644 2.77755 1.9053
      vertex -5.34501 2.21398 1.92114
      vertex -5.10227 2.72722 1.92114
    endloop
  endfacet
  facet normal -0.0444375 0.0210174 0.998791
    outer loop
      vertex -5.29153 2.82838 1.9
      vertex -5.54328 2.2961 1.9
      vertex -5.44367 2.25484 1.9053
    endloop
  endfacet
  facet normal -0.0444349 0.0210167 0.998791
    outer loop
      vertex -5.29153 2.82838 1.9
      vertex -5.44367 2.25484 1.9053
      vertex -5.19644 2.77755 1.9053
    endloop
  endfacet
  facet normal -0.0421612 0.0252702 -0.998791
    outer loop
      vertex -5.19644 2.77755 4.0947
      vertex -5.29153 2.82838 4.1
      vertex -4.89917 3.27352 4.0947
    endloop
  endfacet
  facet normal -0.0421623 0.0252712 -0.998791
    outer loop
      vertex -4.89917 3.27352 4.0947
      vertex -5.29153 2.82838 4.1
      vertex -4.98882 3.33342 4.1
    endloop
  endfacet
  facet normal -0.126013 0.0755308 -0.989149
    outer loop
      vertex -5.10227 2.72722 4.07886
      vertex -5.19644 2.77755 4.0947
      vertex -4.81038 3.2142 4.07886
    endloop
  endfacet
  facet normal -0.126006 0.0755242 -0.98915
    outer loop
      vertex -4.81038 3.2142 4.07886
      vertex -5.19644 2.77755 4.0947
      vertex -4.89917 3.27352 4.0947
    endloop
  endfacet
  facet normal -0.208652 0.125062 -0.969961
    outer loop
      vertex -5.00992 2.67786 4.05263
      vertex -5.10227 2.72722 4.07886
      vertex -4.72332 3.15602 4.05263
    endloop
  endfacet
  facet normal -0.208657 0.125066 -0.969959
    outer loop
      vertex -4.72332 3.15602 4.05263
      vertex -5.10227 2.72722 4.07886
      vertex -4.81038 3.2142 4.07886
    endloop
  endfacet
  facet normal -0.289205 0.173341 -0.941442
    outer loop
      vertex -4.92028 2.62994 4.01627
      vertex -5.00992 2.67786 4.05263
      vertex -4.63881 3.09955 4.01627
    endloop
  endfacet
  facet normal -0.289215 0.17335 -0.941437
    outer loop
      vertex -4.63881 3.09955 4.01627
      vertex -5.00992 2.67786 4.05263
      vertex -4.72332 3.15602 4.05263
    endloop
  endfacet
  facet normal -0.367134 0.220049 -0.903765
    outer loop
      vertex -4.83422 2.58394 3.97011
      vertex -4.92028 2.62994 4.01627
      vertex -4.55767 3.04534 3.97011
    endloop
  endfacet
  facet normal -0.367132 0.220048 -0.903766
    outer loop
      vertex -4.55767 3.04534 3.97011
      vertex -4.92028 2.62994 4.01627
      vertex -4.63881 3.09955 4.01627
    endloop
  endfacet
  facet normal -0.441317 0.264518 -0.857479
    outer loop
      vertex -4.75256 2.5403 3.91462
      vertex -4.83422 2.58394 3.97011
      vertex -4.48068 2.9939 3.91462
    endloop
  endfacet
  facet normal -0.441304 0.264505 -0.85749
    outer loop
      vertex -4.48068 2.9939 3.91462
      vertex -4.83422 2.58394 3.97011
      vertex -4.55767 3.04534 3.97011
    endloop
  endfacet
  facet normal -0.511351 0.306483 -0.802862
    outer loop
      vertex -4.67609 2.49942 3.85031
      vertex -4.75256 2.5403 3.91462
      vertex -4.40859 2.94573 3.85031
    endloop
  endfacet
  facet normal -0.511381 0.306513 -0.802832
    outer loop
      vertex -4.40859 2.94573 3.85031
      vertex -4.75256 2.5403 3.91462
      vertex -4.48068 2.9939 3.91462
    endloop
  endfacet
  facet normal -0.576394 0.345466 -0.740556
    outer loop
      vertex -4.60555 2.46172 3.77782
      vertex -4.67609 2.49942 3.85031
      vertex -4.34209 2.90129 3.77782
    endloop
  endfacet
  facet normal -0.576395 0.345467 -0.740555
    outer loop
      vertex -4.34209 2.90129 3.77782
      vertex -4.67609 2.49942 3.85031
      vertex -4.40859 2.94573 3.85031
    endloop
  endfacet
  facet normal -0.635917 0.38116 -0.671064
    outer loop
      vertex -4.54162 2.42755 3.69783
      vertex -4.60555 2.46172 3.77782
      vertex -4.28181 2.86101 3.69783
    endloop
  endfacet
  facet normal -0.635883 0.381122 -0.671117
    outer loop
      vertex -4.28181 2.86101 3.69783
      vertex -4.60555 2.46172 3.77782
      vertex -4.34209 2.90129 3.77782
    endloop
  endfacet
  facet normal -0.689206 0.413095 -0.59527
    outer loop
      vertex -4.48491 2.39723 3.61113
      vertex -4.54162 2.42755 3.69783
      vertex -4.22834 2.82529 3.61113
    endloop
  endfacet
  facet normal -0.689215 0.413106 -0.595253
    outer loop
      vertex -4.22834 2.82529 3.61113
      vertex -4.54162 2.42755 3.69783
      vertex -4.28181 2.86101 3.69783
    endloop
  endfacet
  facet normal -0.735917 0.441084 -0.513683
    outer loop
      vertex -4.43596 2.37107 3.51854
      vertex -4.48491 2.39723 3.61113
      vertex -4.1822 2.79445 3.51854
    endloop
  endfacet
  facet normal -0.735928 0.4411 -0.513654
    outer loop
      vertex -4.1822 2.79445 3.51854
      vertex -4.48491 2.39723 3.61113
      vertex -4.22834 2.82529 3.61113
    endloop
  endfacet
  facet normal -0.775561 0.464856 -0.427099
    outer loop
      vertex -4.39526 2.34931 3.42095
      vertex -4.43596 2.37107 3.51854
      vertex -4.14382 2.76881 3.42095
    endloop
  endfacet
  facet normal -0.775551 0.46484 -0.427135
    outer loop
      vertex -4.14382 2.76881 3.42095
      vertex -4.43596 2.37107 3.51854
      vertex -4.1822 2.79445 3.51854
    endloop
  endfacet
  facet normal -0.807706 0.484131 -0.336493
    outer loop
      vertex -4.36319 2.33217 3.31931
      vertex -4.39526 2.34931 3.42095
      vertex -4.11358 2.74861 3.31931
    endloop
  endfacet
  facet normal -0.807701 0.48412 -0.336522
    outer loop
      vertex -4.11358 2.74861 3.31931
      vertex -4.39526 2.34931 3.42095
      vertex -4.14382 2.76881 3.42095
    endloop
  endfacet
  facet normal -0.832073 0.498725 -0.242751
    outer loop
      vertex -4.34005 2.31981 3.2146
      vertex -4.36319 2.33217 3.31931
      vertex -4.09177 2.73404 3.2146
    endloop
  endfacet
  facet normal -0.832077 0.498738 -0.24271
    outer loop
      vertex -4.09177 2.73404 3.2146
      vertex -4.36319 2.33217 3.31931
      vertex -4.11358 2.74861 3.31931
    endloop
  endfacet
  facet normal -0.848467 0.508567 -0.146503
    outer loop
      vertex -4.32609 2.31234 3.10782
      vertex -4.34005 2.31981 3.2146
      vertex -4.0786 2.72524 3.10782
    endloop
  endfacet
  facet normal -0.848467 0.508552 -0.146559
    outer loop
      vertex -4.0786 2.72524 3.10782
      vertex -4.34005 2.31981 3.2146
      vertex -4.09177 2.73404 3.2146
    endloop
  endfacet
  facet normal -0.856697 0.513478 -0.0490914
    outer loop
      vertex -4.32141 2.30984 3
      vertex -4.32609 2.31234 3.10782
      vertex -4.0742 2.72229 3
    endloop
  endfacet
  facet normal -0.856691 0.513496 -0.04901
    outer loop
      vertex -4.0742 2.72229 3
      vertex -4.32609 2.31234 3.10782
      vertex -4.0786 2.72524 3.10782
    endloop
  endfacet
  facet normal -0.856688 0.513494 0.0490914
    outer loop
      vertex -4.0786 2.72524 2.89218
      vertex -4.32609 2.31234 2.89218
      vertex -4.32141 2.30984 3
    endloop
  endfacet
  facet normal -0.856701 0.51348 0.0490099
    outer loop
      vertex -4.0786 2.72524 2.89218
      vertex -4.32141 2.30984 3
      vertex -4.0742 2.72229 3
    endloop
  endfacet
  facet normal -0.848474 0.508556 0.146503
    outer loop
      vertex -4.09177 2.73404 2.7854
      vertex -4.34005 2.31981 2.7854
      vertex -4.32609 2.31234 2.89218
    endloop
  endfacet
  facet normal -0.84846 0.508562 0.146559
    outer loop
      vertex -4.09177 2.73404 2.7854
      vertex -4.32609 2.31234 2.89218
      vertex -4.0786 2.72524 2.89218
    endloop
  endfacet
  facet normal -0.832068 0.498733 0.24275
    outer loop
      vertex -4.11358 2.74861 2.68069
      vertex -4.36319 2.33217 2.68069
      vertex -4.34005 2.31981 2.7854
    endloop
  endfacet
  facet normal -0.832081 0.498731 0.24271
    outer loop
      vertex -4.11358 2.74861 2.68069
      vertex -4.34005 2.31981 2.7854
      vertex -4.09177 2.73404 2.7854
    endloop
  endfacet
  facet normal -0.80771 0.484125 0.336493
    outer loop
      vertex -4.14382 2.76881 2.57905
      vertex -4.39526 2.34931 2.57905
      vertex -4.36319 2.33217 2.68069
    endloop
  endfacet
  facet normal -0.807697 0.484126 0.336522
    outer loop
      vertex -4.14382 2.76881 2.57905
      vertex -4.36319 2.33217 2.68069
      vertex -4.11358 2.74861 2.68069
    endloop
  endfacet
  facet normal -0.775566 0.464848 0.427099
    outer loop
      vertex -4.1822 2.79445 2.48146
      vertex -4.43596 2.37107 2.48146
      vertex -4.39526 2.34931 2.57905
    endloop
  endfacet
  facet normal -0.775546 0.464847 0.427136
    outer loop
      vertex -4.1822 2.79445 2.48146
      vertex -4.39526 2.34931 2.57905
      vertex -4.14382 2.76881 2.57905
    endloop
  endfacet
  facet normal -0.735914 0.441091 0.513683
    outer loop
      vertex -4.22834 2.82529 2.38887
      vertex -4.48491 2.39723 2.38887
      vertex -4.43596 2.37107 2.48146
    endloop
  endfacet
  facet normal -0.735932 0.441093 0.513654
    outer loop
      vertex -4.22834 2.82529 2.38887
      vertex -4.43596 2.37107 2.48146
      vertex -4.1822 2.79445 2.48146
    endloop
  endfacet
  facet normal -0.689204 0.413099 0.59527
    outer loop
      vertex -4.28181 2.86101 2.30217
      vertex -4.54162 2.42755 2.30217
      vertex -4.48491 2.39723 2.38887
    endloop
  endfacet
  facet normal -0.689217 0.413102 0.595253
    outer loop
      vertex -4.28181 2.86101 2.30217
      vertex -4.48491 2.39723 2.38887
      vertex -4.22834 2.82529 2.38887
    endloop
  endfacet
  facet normal -0.635924 0.381147 0.671064
    outer loop
      vertex -4.34209 2.90129 2.22218
      vertex -4.60555 2.46172 2.22218
      vertex -4.54162 2.42755 2.30217
    endloop
  endfacet
  facet normal -0.635875 0.381135 0.671117
    outer loop
      vertex -4.34209 2.90129 2.22218
      vertex -4.54162 2.42755 2.30217
      vertex -4.28181 2.86101 2.30217
    endloop
  endfacet
  facet normal -0.576394 0.345467 0.740556
    outer loop
      vertex -4.40859 2.94573 2.14969
      vertex -4.67609 2.49942 2.14969
      vertex -4.60555 2.46172 2.22218
    endloop
  endfacet
  facet normal -0.576395 0.345467 0.740555
    outer loop
      vertex -4.40859 2.94573 2.14969
      vertex -4.60555 2.46172 2.22218
      vertex -4.34209 2.90129 2.22218
    endloop
  endfacet
  facet normal -0.511346 0.306492 0.802862
    outer loop
      vertex -4.48068 2.9939 2.08538
      vertex -4.75256 2.5403 2.08538
      vertex -4.67609 2.49942 2.14969
    endloop
  endfacet
  facet normal -0.511386 0.306504 0.802832
    outer loop
      vertex -4.48068 2.9939 2.08538
      vertex -4.67609 2.49942 2.14969
      vertex -4.40859 2.94573 2.14969
    endloop
  endfacet
  facet normal -0.441319 0.264514 0.857479
    outer loop
      vertex -4.55767 3.04534 2.02989
      vertex -4.83422 2.58394 2.02989
      vertex -4.75256 2.5403 2.08538
    endloop
  endfacet
  facet normal -0.441301 0.264508 0.85749
    outer loop
      vertex -4.55767 3.04534 2.02989
      vertex -4.75256 2.5403 2.08538
      vertex -4.48068 2.9939 2.08538
    endloop
  endfacet
  facet normal -0.367134 0.220049 0.903765
    outer loop
      vertex -4.63881 3.09955 1.98373
      vertex -4.92028 2.62994 1.98373
      vertex -4.83422 2.58394 2.02989
    endloop
  endfacet
  facet normal -0.367131 0.220048 0.903766
    outer loop
      vertex -4.63881 3.09955 1.98373
      vertex -4.83422 2.58394 2.02989
      vertex -4.55767 3.04534 2.02989
    endloop
  endfacet
  facet normal -0.289274 0.173385 0.941413
    outer loop
      vertex -4.72332 3.15602 1.94736
      vertex -5.00992 2.67786 1.94736
      vertex -4.92028 2.62994 1.98373
    endloop
  endfacet
  facet normal -0.289287 0.17339 0.941408
    outer loop
      vertex -4.72332 3.15602 1.94736
      vertex -4.92028 2.62994 1.98373
      vertex -4.63881 3.09955 1.98373
    endloop
  endfacet
  facet normal -0.208577 0.125018 0.969983
    outer loop
      vertex -4.81038 3.2142 1.92114
      vertex -5.10227 2.72722 1.92114
      vertex -5.00992 2.67786 1.94736
    endloop
  endfacet
  facet normal -0.208583 0.12502 0.969981
    outer loop
      vertex -4.81038 3.2142 1.92114
      vertex -5.00992 2.67786 1.94736
      vertex -4.72332 3.15602 1.94736
    endloop
  endfacet
  facet normal -0.126014 0.0755291 0.989149
    outer loop
      vertex -4.89917 3.27352 1.9053
      vertex -5.19644 2.77755 1.9053
      vertex -5.10227 2.72722 1.92114
    endloop
  endfacet
  facet normal -0.126005 0.0755257 0.98915
    outer loop
      vertex -4.89917 3.27352 1.9053
      vertex -5.10227 2.72722 1.92114
      vertex -4.81038 3.2142 1.92114
    endloop
  endfacet
  facet normal -0.0421611 0.0252704 0.998791
    outer loop
      vertex -4.98882 3.33342 1.9
      vertex -5.29153 2.82838 1.9
      vertex -5.19644 2.77755 1.9053
    endloop
  endfacet
  facet normal -0.0421624 0.0252709 0.998791
    outer loop
      vertex -4.98882 3.33342 1.9
      vertex -5.19644 2.77755 1.9053
      vertex -4.89917 3.27352 1.9053
    endloop
  endfacet
  facet normal -0.0394824 0.029282 -0.998791
    outer loop
      vertex -4.89917 3.27352 4.0947
      vertex -4.98882 3.33342 4.1
      vertex -4.55472 3.73796 4.0947
    endloop
  endfacet
  facet normal -0.039484 0.0292836 -0.998791
    outer loop
      vertex -4.55472 3.73796 4.0947
      vertex -4.98882 3.33342 4.1
      vertex -4.63806 3.80636 4.1
    endloop
  endfacet
  facet normal -0.117996 0.0875127 -0.98915
    outer loop
      vertex -4.81038 3.2142 4.07886
      vertex -4.89917 3.27352 4.0947
      vertex -4.47217 3.67022 4.07886
    endloop
  endfacet
  facet normal -0.117993 0.0875089 -0.989151
    outer loop
      vertex -4.47217 3.67022 4.07886
      vertex -4.89917 3.27352 4.0947
      vertex -4.55472 3.73796 4.0947
    endloop
  endfacet
  facet normal -0.195393 0.144914 -0.969959
    outer loop
      vertex -4.72332 3.15602 4.05263
      vertex -4.81038 3.2142 4.07886
      vertex -4.39123 3.60379 4.05263
    endloop
  endfacet
  facet normal -0.195395 0.144916 -0.969959
    outer loop
      vertex -4.39123 3.60379 4.05263
      vertex -4.81038 3.2142 4.07886
      vertex -4.47217 3.67022 4.07886
    endloop
  endfacet
  facet normal -0.270831 0.200863 -0.941438
    outer loop
      vertex -4.63881 3.09955 4.01627
      vertex -4.72332 3.15602 4.05263
      vertex -4.31266 3.53931 4.01627
    endloop
  endfacet
  facet normal -0.27083 0.200862 -0.941438
    outer loop
      vertex -4.31266 3.53931 4.01627
      vertex -4.72332 3.15602 4.05263
      vertex -4.39123 3.60379 4.05263
    endloop
  endfacet
  facet normal -0.343795 0.254977 -0.903765
    outer loop
      vertex -4.55767 3.04534 3.97011
      vertex -4.63881 3.09955 4.01627
      vertex -4.23723 3.4774 3.97011
    endloop
  endfacet
  facet normal -0.343793 0.254976 -0.903766
    outer loop
      vertex -4.23723 3.4774 3.97011
      vertex -4.63881 3.09955 4.01627
      vertex -4.31266 3.53931 4.01627
    endloop
  endfacet
  facet normal -0.413249 0.306493 -0.857489
    outer loop
      vertex -4.48068 2.9939 3.91462
      vertex -4.55767 3.04534 3.97011
      vertex -4.16565 3.41866 3.91462
    endloop
  endfacet
  facet normal -0.41324 0.306482 -0.857497
    outer loop
      vertex -4.16565 3.41866 3.91462
      vertex -4.55767 3.04534 3.97011
      vertex -4.23723 3.4774 3.97011
    endloop
  endfacet
  facet normal -0.478875 0.35516 -0.802833
    outer loop
      vertex -4.40859 2.94573 3.85031
      vertex -4.48068 2.9939 3.91462
      vertex -4.09863 3.36366 3.85031
    endloop
  endfacet
  facet normal -0.478885 0.355173 -0.802821
    outer loop
      vertex -4.09863 3.36366 3.85031
      vertex -4.48068 2.9939 3.91462
      vertex -4.16565 3.41866 3.91462
    endloop
  endfacet
  facet normal -0.539748 0.40031 -0.740557
    outer loop
      vertex -4.34209 2.90129 3.77782
      vertex -4.40859 2.94573 3.85031
      vertex -4.0368 3.31292 3.77782
    endloop
  endfacet
  facet normal -0.539742 0.400302 -0.740565
    outer loop
      vertex -4.0368 3.31292 3.77782
      vertex -4.40859 2.94573 3.85031
      vertex -4.09863 3.36366 3.85031
    endloop
  endfacet
  facet normal -0.595459 0.441621 -0.671118
    outer loop
      vertex -4.28181 2.86101 3.69783
      vertex -4.34209 2.90129 3.77782
      vertex -3.98076 3.26693 3.69783
    endloop
  endfacet
  facet normal -0.59547 0.441637 -0.671097
    outer loop
      vertex -3.98076 3.26693 3.69783
      vertex -4.34209 2.90129 3.77782
      vertex -4.0368 3.31292 3.77782
    endloop
  endfacet
  facet normal -0.645405 0.478676 -0.595249
    outer loop
      vertex -4.22834 2.82529 3.61113
      vertex -4.28181 2.86101 3.69783
      vertex -3.93105 3.22613 3.61113
    endloop
  endfacet
  facet normal -0.645389 0.478652 -0.595286
    outer loop
      vertex -3.93105 3.22613 3.61113
      vertex -4.28181 2.86101 3.69783
      vertex -3.98076 3.26693 3.69783
    endloop
  endfacet
  facet normal -0.689147 0.511107 -0.51366
    outer loop
      vertex -4.1822 2.79445 3.51854
      vertex -4.22834 2.82529 3.61113
      vertex -3.88815 3.19093 3.51854
    endloop
  endfacet
  facet normal -0.689158 0.511126 -0.513625
    outer loop
      vertex -3.88815 3.19093 3.51854
      vertex -4.22834 2.82529 3.61113
      vertex -3.93105 3.22613 3.61113
    endloop
  endfacet
  facet normal -0.72626 0.538613 -0.427133
    outer loop
      vertex -4.14382 2.76881 3.42095
      vertex -4.1822 2.79445 3.51854
      vertex -3.85248 3.16165 3.42095
    endloop
  endfacet
  facet normal -0.726275 0.538643 -0.427069
    outer loop
      vertex -3.85248 3.16165 3.42095
      vertex -4.1822 2.79445 3.51854
      vertex -3.88815 3.19093 3.51854
    endloop
  endfacet
  facet normal -0.756357 0.560964 -0.336518
    outer loop
      vertex -4.11358 2.74861 3.31931
      vertex -4.14382 2.76881 3.42095
      vertex -3.82436 3.13857 3.31931
    endloop
  endfacet
  facet normal -0.756341 0.560922 -0.336623
    outer loop
      vertex -3.82436 3.13857 3.31931
      vertex -4.14382 2.76881 3.42095
      vertex -3.85248 3.16165 3.42095
    endloop
  endfacet
  facet normal -0.77919 0.577889 -0.242708
    outer loop
      vertex -4.09177 2.73404 3.2146
      vertex -4.11358 2.74861 3.31931
      vertex -3.80409 3.12193 3.2146
    endloop
  endfacet
  facet normal -0.779192 0.5779 -0.242675
    outer loop
      vertex -3.80409 3.12193 3.2146
      vertex -4.11358 2.74861 3.31931
      vertex -3.82436 3.13857 3.31931
    endloop
  endfacet
  facet normal -0.794543 0.589255 -0.146559
    outer loop
      vertex -4.0786 2.72524 3.10782
      vertex -4.09177 2.73404 3.2146
      vertex -3.79185 3.11189 3.10782
    endloop
  endfacet
  facet normal -0.794542 0.589275 -0.146484
    outer loop
      vertex -3.79185 3.11189 3.10782
      vertex -4.09177 2.73404 3.2146
      vertex -3.80409 3.12193 3.2146
    endloop
  endfacet
  facet normal -0.802247 0.594976 -0.0490175
    outer loop
      vertex -4.0742 2.72229 3
      vertex -4.0786 2.72524 3.10782
      vertex -3.78775 3.10853 3
    endloop
  endfacet
  facet normal -0.80225 0.59497 -0.0490477
    outer loop
      vertex -3.78775 3.10853 3
      vertex -4.0786 2.72524 3.10782
      vertex -3.79185 3.11189 3.10782
    endloop
  endfacet
  facet normal -0.802251 0.594971 0.0490175
    outer loop
      vertex -3.79185 3.11189 2.89218
      vertex -4.0786 2.72524 2.89218
      vertex -4.0742 2.72229 3
    endloop
  endfacet
  facet normal -0.802246 0.594975 0.0490477
    outer loop
      vertex -3.79185 3.11189 2.89218
      vertex -4.0742 2.72229 3
      vertex -3.78775 3.10853 3
    endloop
  endfacet
  facet normal -0.794533 0.589268 0.146559
    outer loop
      vertex -3.80409 3.12193 2.7854
      vertex -4.09177 2.73404 2.7854
      vertex -4.0786 2.72524 2.89218
    endloop
  endfacet
  facet normal -0.794552 0.589261 0.146483
    outer loop
      vertex -3.80409 3.12193 2.7854
      vertex -4.0786 2.72524 2.89218
      vertex -3.79185 3.11189 2.89218
    endloop
  endfacet
  facet normal -0.779185 0.577895 0.242708
    outer loop
      vertex -3.82436 3.13857 2.68069
      vertex -4.11358 2.74861 2.68069
      vertex -4.09177 2.73404 2.7854
    endloop
  endfacet
  facet normal -0.779197 0.577894 0.242675
    outer loop
      vertex -3.82436 3.13857 2.68069
      vertex -4.09177 2.73404 2.7854
      vertex -3.80409 3.12193 2.7854
    endloop
  endfacet
  facet normal -0.756371 0.560944 0.336518
    outer loop
      vertex -3.85248 3.16165 2.57905
      vertex -4.14382 2.76881 2.57905
      vertex -4.11358 2.74861 2.68069
    endloop
  endfacet
  facet normal -0.756326 0.560941 0.336624
    outer loop
      vertex -3.85248 3.16165 2.57905
      vertex -4.11358 2.74861 2.68069
      vertex -3.82436 3.13857 2.68069
    endloop
  endfacet
  facet normal -0.726251 0.538625 0.427133
    outer loop
      vertex -3.88815 3.19093 2.48146
      vertex -4.1822 2.79445 2.48146
      vertex -4.14382 2.76881 2.57905
    endloop
  endfacet
  facet normal -0.726284 0.538631 0.427069
    outer loop
      vertex -3.88815 3.19093 2.48146
      vertex -4.14382 2.76881 2.57905
      vertex -3.85248 3.16165 2.57905
    endloop
  endfacet
  facet normal -0.689142 0.511114 0.51366
    outer loop
      vertex -3.93105 3.22613 2.38887
      vertex -4.22834 2.82529 2.38887
      vertex -4.1822 2.79445 2.48146
    endloop
  endfacet
  facet normal -0.689164 0.511119 0.513625
    outer loop
      vertex -3.93105 3.22613 2.38887
      vertex -4.1822 2.79445 2.48146
      vertex -3.88815 3.19093 2.48146
    endloop
  endfacet
  facet normal -0.645411 0.478668 0.595249
    outer loop
      vertex -3.98076 3.26693 2.30217
      vertex -4.28181 2.86101 2.30217
      vertex -4.22834 2.82529 2.38887
    endloop
  endfacet
  facet normal -0.645383 0.47866 0.595286
    outer loop
      vertex -3.98076 3.26693 2.30217
      vertex -4.22834 2.82529 2.38887
      vertex -3.93105 3.22613 2.38887
    endloop
  endfacet
  facet normal -0.595455 0.441626 0.671118
    outer loop
      vertex -4.0368 3.31292 2.22218
      vertex -4.34209 2.90129 2.22218
      vertex -4.28181 2.86101 2.30217
    endloop
  endfacet
  facet normal -0.595474 0.441633 0.671097
    outer loop
      vertex -4.0368 3.31292 2.22218
      vertex -4.28181 2.86101 2.30217
      vertex -3.98076 3.26693 2.30217
    endloop
  endfacet
  facet normal -0.539749 0.400308 0.740557
    outer loop
      vertex -4.09863 3.36366 2.14969
      vertex -4.40859 2.94573 2.14969
      vertex -4.34209 2.90129 2.22218
    endloop
  endfacet
  facet normal -0.53974 0.400304 0.740565
    outer loop
      vertex -4.09863 3.36366 2.14969
      vertex -4.34209 2.90129 2.22218
      vertex -4.0368 3.31292 2.22218
    endloop
  endfacet
  facet normal -0.478873 0.355163 0.802832
    outer loop
      vertex -4.16565 3.41866 2.08538
      vertex -4.48068 2.9939 2.08538
      vertex -4.40859 2.94573 2.14969
    endloop
  endfacet
  facet normal -0.478888 0.35517 0.802821
    outer loop
      vertex -4.16565 3.41866 2.08538
      vertex -4.40859 2.94573 2.14969
      vertex -4.09863 3.36366 2.14969
    endloop
  endfacet
  facet normal -0.413251 0.30649 0.857489
    outer loop
      vertex -4.23723 3.4774 2.02989
      vertex -4.55767 3.04534 2.02989
      vertex -4.48068 2.9939 2.08538
    endloop
  endfacet
  facet normal -0.413238 0.306485 0.857497
    outer loop
      vertex -4.23723 3.4774 2.02989
      vertex -4.48068 2.9939 2.08538
      vertex -4.16565 3.41866 2.08538
    endloop
  endfacet
  facet normal -0.343795 0.254977 0.903765
    outer loop
      vertex -4.31266 3.53931 1.98373
      vertex -4.63881 3.09955 1.98373
      vertex -4.55767 3.04534 2.02989
    endloop
  endfacet
  facet normal -0.343793 0.254976 0.903766
    outer loop
      vertex -4.31266 3.53931 1.98373
      vertex -4.55767 3.04534 2.02989
      vertex -4.23723 3.4774 2.02989
    endloop
  endfacet
  facet normal -0.270897 0.200912 0.941408
    outer loop
      vertex -4.39123 3.60379 1.94736
      vertex -4.72332 3.15602 1.94736
      vertex -4.63881 3.09955 1.98373
    endloop
  endfacet
  facet normal -0.270896 0.200911 0.941409
    outer loop
      vertex -4.39123 3.60379 1.94736
      vertex -4.63881 3.09955 1.98373
      vertex -4.31266 3.53931 1.98373
    endloop
  endfacet
  facet normal -0.195323 0.144862 0.969981
    outer loop
      vertex -4.47217 3.67022 1.92114
      vertex -4.81038 3.2142 1.92114
      vertex -4.72332 3.15602 1.94736
    endloop
  endfacet
  facet normal -0.195325 0.144863 0.969981
    outer loop
      vertex -4.47217 3.67022 1.92114
      vertex -4.72332 3.15602 1.94736
      vertex -4.39123 3.60379 1.94736
    endloop
  endfacet
  facet normal -0.117997 0.0875119 0.98915
    outer loop
      vertex -4.55472 3.73796 1.9053
      vertex -4.89917 3.27352 1.9053
      vertex -4.81038 3.2142 1.92114
    endloop
  endfacet
  facet normal -0.117992 0.0875096 0.989151
    outer loop
      vertex -4.55472 3.73796 1.9053
      vertex -4.81038 3.2142 1.92114
      vertex -4.47217 3.67022 1.92114
    endloop
  endfacet
  facet normal -0.0394822 0.0292823 0.998791
    outer loop
      vertex -4.63806 3.80636 1.9
      vertex -4.98882 3.33342 1.9
      vertex -4.89917 3.27352 1.9053
    endloop
  endfacet
  facet normal -0.0394842 0.0292833 0.998791
    outer loop
      vertex -4.63806 3.80636 1.9
      vertex -4.89917 3.27352 1.9053
      vertex -4.55472 3.73796 1.9053
    endloop
  endfacet
  facet normal -0.0364234 0.0330126 -0.998791
    outer loop
      vertex -4.55472 3.73796 4.0947
      vertex -4.63806 3.80636 4.1
      vertex -4.1664 4.1664 4.0947
    endloop
  endfacet
  facet normal -0.0364222 0.0330111 -0.998791
    outer loop
      vertex -4.1664 4.1664 4.0947
      vertex -4.63806 3.80636 4.1
      vertex -4.24264 4.24264 4.1
    endloop
  endfacet
  facet normal -0.108849 0.0986518 -0.989151
    outer loop
      vertex -4.47217 3.67022 4.07886
      vertex -4.55472 3.73796 4.0947
      vertex -4.0909 4.0909 4.07886
    endloop
  endfacet
  facet normal -0.108859 0.0986654 -0.989149
    outer loop
      vertex -4.0909 4.0909 4.07886
      vertex -4.55472 3.73796 4.0947
      vertex -4.1664 4.1664 4.0947
    endloop
  endfacet
  facet normal -0.180249 0.16337 -0.969959
    outer loop
      vertex -4.39123 3.60379 4.05263
      vertex -4.47217 3.67022 4.07886
      vertex -4.01685 4.01685 4.05263
    endloop
  endfacet
  facet normal -0.180233 0.163348 -0.969966
    outer loop
      vertex -4.01685 4.01685 4.05263
      vertex -4.47217 3.67022 4.07886
      vertex -4.0909 4.0909 4.07886
    endloop
  endfacet
  facet normal -0.249838 0.226441 -0.941438
    outer loop
      vertex -4.31266 3.53931 4.01627
      vertex -4.39123 3.60379 4.05263
      vertex -3.94498 3.94498 4.01627
    endloop
  endfacet
  facet normal -0.249841 0.226445 -0.941436
    outer loop
      vertex -3.94498 3.94498 4.01627
      vertex -4.39123 3.60379 4.05263
      vertex -4.01685 4.01685 4.05263
    endloop
  endfacet
  facet normal -0.317146 0.287443 -0.903767
    outer loop
      vertex -4.23723 3.4774 3.97011
      vertex -4.31266 3.53931 4.01627
      vertex -3.87598 3.87598 3.97011
    endloop
  endfacet
  facet normal -0.317152 0.287452 -0.903762
    outer loop
      vertex -3.87598 3.87598 3.97011
      vertex -4.31266 3.53931 4.01627
      vertex -3.94498 3.94498 4.01627
    endloop
  endfacet
  facet normal -0.381218 0.345504 -0.857496
    outer loop
      vertex -4.16565 3.41866 3.91462
      vertex -4.23723 3.4774 3.97011
      vertex -3.81051 3.81051 3.91462
    endloop
  endfacet
  facet normal -0.381236 0.345531 -0.857477
    outer loop
      vertex -3.81051 3.81051 3.91462
      vertex -4.23723 3.4774 3.97011
      vertex -3.87598 3.87598 3.97011
    endloop
  endfacet
  facet normal -0.441773 0.400396 -0.80282
    outer loop
      vertex -4.09863 3.36366 3.85031
      vertex -4.16565 3.41866 3.91462
      vertex -3.7492 3.7492 3.85031
    endloop
  endfacet
  facet normal -0.441756 0.40037 -0.802842
    outer loop
      vertex -3.7492 3.7492 3.85031
      vertex -4.16565 3.41866 3.91462
      vertex -3.81051 3.81051 3.91462
    endloop
  endfacet
  facet normal -0.497907 0.451279 -0.740564
    outer loop
      vertex -4.0368 3.31292 3.77782
      vertex -4.09863 3.36366 3.85031
      vertex -3.69264 3.69264 3.77782
    endloop
  endfacet
  facet normal -0.497898 0.451264 -0.74058
    outer loop
      vertex -3.69264 3.69264 3.77782
      vertex -4.09863 3.36366 3.85031
      vertex -3.7492 3.7492 3.85031
    endloop
  endfacet
  facet normal -0.54932 0.497872 -0.671097
    outer loop
      vertex -3.98076 3.26693 3.69783
      vertex -4.0368 3.31292 3.77782
      vertex -3.64138 3.64138 3.69783
    endloop
  endfacet
  facet normal -0.549326 0.497883 -0.671083
    outer loop
      vertex -3.64138 3.64138 3.69783
      vertex -4.0368 3.31292 3.77782
      vertex -3.69264 3.69264 3.77782
    endloop
  endfacet
  facet normal -0.595371 0.539598 -0.595288
    outer loop
      vertex -3.93105 3.22613 3.61113
      vertex -3.98076 3.26693 3.69783
      vertex -3.59591 3.59591 3.61113
    endloop
  endfacet
  facet normal -0.595383 0.539621 -0.595255
    outer loop
      vertex -3.59591 3.59591 3.61113
      vertex -3.98076 3.26693 3.69783
      vertex -3.64138 3.64138 3.69783
    endloop
  endfacet
  facet normal -0.635755 0.576202 -0.513621
    outer loop
      vertex -3.88815 3.19093 3.51854
      vertex -3.93105 3.22613 3.61113
      vertex -3.55667 3.55667 3.51854
    endloop
  endfacet
  facet normal -0.635753 0.576197 -0.513629
    outer loop
      vertex -3.55667 3.55667 3.51854
      vertex -3.93105 3.22613 3.61113
      vertex -3.59591 3.59591 3.61113
    endloop
  endfacet
  facet normal -0.669973 0.607243 -0.427073
    outer loop
      vertex -3.85248 3.16165 3.42095
      vertex -3.88815 3.19093 3.51854
      vertex -3.52403 3.52403 3.42095
    endloop
  endfacet
  facet normal -0.669957 0.6072 -0.427159
    outer loop
      vertex -3.52403 3.52403 3.42095
      vertex -3.88815 3.19093 3.51854
      vertex -3.55667 3.55667 3.51854
    endloop
  endfacet
  facet normal -0.697708 0.632367 -0.336625
    outer loop
      vertex -3.82436 3.13857 3.31931
      vertex -3.85248 3.16165 3.42095
      vertex -3.49831 3.49831 3.31931
    endloop
  endfacet
  facet normal -0.697712 0.632385 -0.336581
    outer loop
      vertex -3.49831 3.49831 3.31931
      vertex -3.85248 3.16165 3.42095
      vertex -3.52403 3.52403 3.42095
    endloop
  endfacet
  facet normal -0.718809 0.651476 -0.242678
    outer loop
      vertex -3.80409 3.12193 3.2146
      vertex -3.82436 3.13857 3.31931
      vertex -3.47977 3.47977 3.2146
    endloop
  endfacet
  facet normal -0.718811 0.651493 -0.242627
    outer loop
      vertex -3.47977 3.47977 3.2146
      vertex -3.82436 3.13857 3.31931
      vertex -3.49831 3.49831 3.31931
    endloop
  endfacet
  facet normal -0.732955 0.66432 -0.14648
    outer loop
      vertex -3.79185 3.11189 3.10782
      vertex -3.80409 3.12193 3.2146
      vertex -3.46857 3.46857 3.10782
    endloop
  endfacet
  facet normal -0.732958 0.6643 -0.146556
    outer loop
      vertex -3.46857 3.46857 3.10782
      vertex -3.80409 3.12193 3.2146
      vertex -3.47977 3.47977 3.2146
    endloop
  endfacet
  facet normal -0.740052 0.670759 -0.0490444
    outer loop
      vertex -3.78775 3.10853 3
      vertex -3.79185 3.11189 3.10782
      vertex -3.46482 3.46482 3
    endloop
  endfacet
  facet normal -0.740054 0.670755 -0.0490682
    outer loop
      vertex -3.46482 3.46482 3
      vertex -3.79185 3.11189 3.10782
      vertex -3.46857 3.46857 3.10782
    endloop
  endfacet
  facet normal -0.740055 0.670755 0.0490444
    outer loop
      vertex -3.46857 3.46857 2.89218
      vertex -3.79185 3.11189 2.89218
      vertex -3.78775 3.10853 3
    endloop
  endfacet
  facet normal -0.740051 0.670759 0.0490682
    outer loop
      vertex -3.46857 3.46857 2.89218
      vertex -3.78775 3.10853 3
      vertex -3.46482 3.46482 3
    endloop
  endfacet
  facet normal -0.732966 0.664307 0.14648
    outer loop
      vertex -3.47977 3.47977 2.7854
      vertex -3.80409 3.12193 2.7854
      vertex -3.79185 3.11189 2.89218
    endloop
  endfacet
  facet normal -0.732946 0.664312 0.146556
    outer loop
      vertex -3.47977 3.47977 2.7854
      vertex -3.79185 3.11189 2.89218
      vertex -3.46857 3.46857 2.89218
    endloop
  endfacet
  facet normal -0.718801 0.651485 0.242678
    outer loop
      vertex -3.49831 3.49831 2.68069
      vertex -3.82436 3.13857 2.68069
      vertex -3.80409 3.12193 2.7854
    endloop
  endfacet
  facet normal -0.718819 0.651485 0.242627
    outer loop
      vertex -3.49831 3.49831 2.68069
      vertex -3.80409 3.12193 2.7854
      vertex -3.47977 3.47977 2.7854
    endloop
  endfacet
  facet normal -0.697701 0.632374 0.336625
    outer loop
      vertex -3.52403 3.52403 2.57905
      vertex -3.85248 3.16165 2.57905
      vertex -3.82436 3.13857 2.68069
    endloop
  endfacet
  facet normal -0.697719 0.632377 0.336581
    outer loop
      vertex -3.52403 3.52403 2.57905
      vertex -3.82436 3.13857 2.68069
      vertex -3.49831 3.49831 2.68069
    endloop
  endfacet
  facet normal -0.669987 0.607228 0.427073
    outer loop
      vertex -3.55667 3.55667 2.48146
      vertex -3.88815 3.19093 2.48146
      vertex -3.85248 3.16165 2.57905
    endloop
  endfacet
  facet normal -0.669943 0.607216 0.427159
    outer loop
      vertex -3.55667 3.55667 2.48146
      vertex -3.85248 3.16165 2.57905
      vertex -3.52403 3.52403 2.57905
    endloop
  endfacet
  facet normal -0.635756 0.5762 0.513621
    outer loop
      vertex -3.59591 3.59591 2.38887
      vertex -3.93105 3.22613 2.38887
      vertex -3.88815 3.19093 2.48146
    endloop
  endfacet
  facet normal -0.635752 0.576199 0.513629
    outer loop
      vertex -3.59591 3.59591 2.38887
      vertex -3.88815 3.19093 2.48146
      vertex -3.55667 3.55667 2.48146
    endloop
  endfacet
  facet normal -0.595365 0.539605 0.595288
    outer loop
      vertex -3.64138 3.64138 2.30217
      vertex -3.98076 3.26693 2.30217
      vertex -3.93105 3.22613 2.38887
    endloop
  endfacet
  facet normal -0.595389 0.539614 0.595255
    outer loop
      vertex -3.64138 3.64138 2.30217
      vertex -3.93105 3.22613 2.38887
      vertex -3.59591 3.59591 2.38887
    endloop
  endfacet
  facet normal -0.549317 0.497875 0.671097
    outer loop
      vertex -3.69264 3.69264 2.22218
      vertex -4.0368 3.31292 2.22218
      vertex -3.98076 3.26693 2.30217
    endloop
  endfacet
  facet normal -0.549329 0.49788 0.671083
    outer loop
      vertex -3.69264 3.69264 2.22218
      vertex -3.98076 3.26693 2.30217
      vertex -3.64138 3.64138 2.30217
    endloop
  endfacet
  facet normal -0.49791 0.451276 0.740564
    outer loop
      vertex -3.7492 3.7492 2.14969
      vertex -4.09863 3.36366 2.14969
      vertex -4.0368 3.31292 2.22218
    endloop
  endfacet
  facet normal -0.497895 0.451268 0.74058
    outer loop
      vertex -3.7492 3.7492 2.14969
      vertex -4.0368 3.31292 2.22218
      vertex -3.69264 3.69264 2.22218
    endloop
  endfacet
  facet normal -0.441777 0.40039 0.80282
    outer loop
      vertex -3.81051 3.81051 2.08538
      vertex -4.16565 3.41866 2.08538
      vertex -4.09863 3.36366 2.14969
    endloop
  endfacet
  facet normal -0.441751 0.400376 0.802842
    outer loop
      vertex -3.81051 3.81051 2.08538
      vertex -4.09863 3.36366 2.14969
      vertex -3.7492 3.7492 2.14969
    endloop
  endfacet
  facet normal -0.381213 0.34551 0.857496
    outer loop
      vertex -3.87598 3.87598 2.02989
      vertex -4.23723 3.4774 2.02989
      vertex -4.16565 3.41866 2.08538
    endloop
  endfacet
  facet normal -0.381241 0.345525 0.857477
    outer loop
      vertex -3.87598 3.87598 2.02989
      vertex -4.16565 3.41866 2.08538
      vertex -3.81051 3.81051 2.08538
    endloop
  endfacet
  facet normal -0.317144 0.287445 0.903767
    outer loop
      vertex -3.94498 3.94498 1.98373
      vertex -4.31266 3.53931 1.98373
      vertex -4.23723 3.4774 2.02989
    endloop
  endfacet
  facet normal -0.317154 0.28745 0.903762
    outer loop
      vertex -3.94498 3.94498 1.98373
      vertex -4.23723 3.4774 2.02989
      vertex -3.87598 3.87598 2.02989
    endloop
  endfacet
  facet normal -0.249898 0.226497 0.941409
    outer loop
      vertex -4.01685 4.01685 1.94736
      vertex -4.39123 3.60379 1.94736
      vertex -4.31266 3.53931 1.98373
    endloop
  endfacet
  facet normal -0.249902 0.226499 0.941407
    outer loop
      vertex -4.01685 4.01685 1.94736
      vertex -4.31266 3.53931 1.98373
      vertex -3.94498 3.94498 1.98373
    endloop
  endfacet
  facet normal -0.180188 0.163307 0.969981
    outer loop
      vertex -4.0909 4.0909 1.92114
      vertex -4.47217 3.67022 1.92114
      vertex -4.39123 3.60379 1.94736
    endloop
  endfacet
  facet normal -0.180165 0.163294 0.969988
    outer loop
      vertex -4.0909 4.0909 1.92114
      vertex -4.39123 3.60379 1.94736
      vertex -4.01685 4.01685 1.94736
    endloop
  endfacet
  facet normal -0.108847 0.0986543 0.989151
    outer loop
      vertex -4.1664 4.1664 1.9053
      vertex -4.55472 3.73796 1.9053
      vertex -4.47217 3.67022 1.92114
    endloop
  endfacet
  facet normal -0.108861 0.0986632 0.989148
    outer loop
      vertex -4.1664 4.1664 1.9053
      vertex -4.47217 3.67022 1.92114
      vertex -4.0909 4.0909 1.92114
    endloop
  endfacet
  facet normal -0.0364236 0.0330124 0.998791
    outer loop
      vertex -4.24264 4.24264 1.9
      vertex -4.63806 3.80636 1.9
      vertex -4.55472 3.73796 1.9053
    endloop
  endfacet
  facet normal -0.036422 0.0330113 0.998791
    outer loop
      vertex -4.24264 4.24264 1.9
      vertex -4.55472 3.73796 1.9053
      vertex -4.1664 4.1664 1.9053
    endloop
  endfacet
  facet normal -0.0330113 0.036422 -0.998791
    outer loop
      vertex -4.1664 4.1664 4.0947
      vertex -4.24264 4.24264 4.1
      vertex -3.73796 4.55472 4.0947
    endloop
  endfacet
  facet normal -0.0330124 0.0364236 -0.998791
    outer loop
      vertex -3.73796 4.55472 4.0947
      vertex -4.24264 4.24264 4.1
      vertex -3.80636 4.63806 4.1
    endloop
  endfacet
  facet normal -0.0986632 0.108861 -0.989148
    outer loop
      vertex -4.0909 4.0909 4.07886
      vertex -4.1664 4.1664 4.0947
      vertex -3.67022 4.47217 4.07886
    endloop
  endfacet
  facet normal -0.0986543 0.108847 -0.989151
    outer loop
      vertex -3.67022 4.47217 4.07886
      vertex -4.1664 4.1664 4.0947
      vertex -3.73796 4.55472 4.0947
    endloop
  endfacet
  facet normal -0.163352 0.180229 -0.969966
    outer loop
      vertex -4.01685 4.01685 4.05263
      vertex -4.0909 4.0909 4.07886
      vertex -3.60379 4.39123 4.05263
    endloop
  endfacet
  facet normal -0.163366 0.180252 -0.969959
    outer loop
      vertex -3.60379 4.39123 4.05263
      vertex -4.0909 4.0909 4.07886
      vertex -3.67022 4.47217 4.07886
    endloop
  endfacet
  facet normal -0.226444 0.249841 -0.941436
    outer loop
      vertex -3.94498 3.94498 4.01627
      vertex -4.01685 4.01685 4.05263
      vertex -3.53931 4.31266 4.01627
    endloop
  endfacet
  facet normal -0.226442 0.249837 -0.941438
    outer loop
      vertex -3.53931 4.31266 4.01627
      vertex -4.01685 4.01685 4.05263
      vertex -3.60379 4.39123 4.05263
    endloop
  endfacet
  facet normal -0.28745 0.317154 -0.903762
    outer loop
      vertex -3.87598 3.87598 3.97011
      vertex -3.94498 3.94498 4.01627
      vertex -3.4774 4.23723 3.97011
    endloop
  endfacet
  facet normal -0.287445 0.317144 -0.903767
    outer loop
      vertex -3.4774 4.23723 3.97011
      vertex -3.94498 3.94498 4.01627
      vertex -3.53931 4.31266 4.01627
    endloop
  endfacet
  facet normal -0.345525 0.381241 -0.857477
    outer loop
      vertex -3.81051 3.81051 3.91462
      vertex -3.87598 3.87598 3.97011
      vertex -3.41866 4.16565 3.91462
    endloop
  endfacet
  facet normal -0.34551 0.381213 -0.857496
    outer loop
      vertex -3.41866 4.16565 3.91462
      vertex -3.87598 3.87598 3.97011
      vertex -3.4774 4.23723 3.97011
    endloop
  endfacet
  facet normal -0.400376 0.441751 -0.802842
    outer loop
      vertex -3.7492 3.7492 3.85031
      vertex -3.81051 3.81051 3.91462
      vertex -3.36366 4.09863 3.85031
    endloop
  endfacet
  facet normal -0.40039 0.441777 -0.80282
    outer loop
      vertex -3.36366 4.09863 3.85031
      vertex -3.81051 3.81051 3.91462
      vertex -3.41866 4.16565 3.91462
    endloop
  endfacet
  facet normal -0.451268 0.497895 -0.74058
    outer loop
      vertex -3.69264 3.69264 3.77782
      vertex -3.7492 3.7492 3.85031
      vertex -3.31292 4.0368 3.77782
    endloop
  endfacet
  facet normal -0.451276 0.49791 -0.740564
    outer loop
      vertex -3.31292 4.0368 3.77782
      vertex -3.7492 3.7492 3.85031
      vertex -3.36366 4.09863 3.85031
    endloop
  endfacet
  facet normal -0.49788 0.549329 -0.671083
    outer loop
      vertex -3.64138 3.64138 3.69783
      vertex -3.69264 3.69264 3.77782
      vertex -3.26693 3.98076 3.69783
    endloop
  endfacet
  facet normal -0.497875 0.549317 -0.671097
    outer loop
      vertex -3.26693 3.98076 3.69783
      vertex -3.69264 3.69264 3.77782
      vertex -3.31292 4.0368 3.77782
    endloop
  endfacet
  facet normal -0.539614 0.595389 -0.595255
    outer loop
      vertex -3.59591 3.59591 3.61113
      vertex -3.64138 3.64138 3.69783
      vertex -3.22613 3.93105 3.61113
    endloop
  endfacet
  facet normal -0.539605 0.595365 -0.595288
    outer loop
      vertex -3.22613 3.93105 3.61113
      vertex -3.64138 3.64138 3.69783
      vertex -3.26693 3.98076 3.69783
    endloop
  endfacet
  facet normal -0.576199 0.635752 -0.513629
    outer loop
      vertex -3.55667 3.55667 3.51854
      vertex -3.59591 3.59591 3.61113
      vertex -3.19093 3.88815 3.51854
    endloop
  endfacet
  facet normal -0.5762 0.635756 -0.513621
    outer loop
      vertex -3.19093 3.88815 3.51854
      vertex -3.59591 3.59591 3.61113
      vertex -3.22613 3.93105 3.61113
    endloop
  endfacet
  facet normal -0.607216 0.669943 -0.427159
    outer loop
      vertex -3.52403 3.52403 3.42095
      vertex -3.55667 3.55667 3.51854
      vertex -3.16165 3.85248 3.42095
    endloop
  endfacet
  facet normal -0.607228 0.669987 -0.427073
    outer loop
      vertex -3.16165 3.85248 3.42095
      vertex -3.55667 3.55667 3.51854
      vertex -3.19093 3.88815 3.51854
    endloop
  endfacet
  facet normal -0.632377 0.697719 -0.336581
    outer loop
      vertex -3.49831 3.49831 3.31931
      vertex -3.52403 3.52403 3.42095
      vertex -3.13857 3.82436 3.31931
    endloop
  endfacet
  facet normal -0.632374 0.697701 -0.336625
    outer loop
      vertex -3.13857 3.82436 3.31931
      vertex -3.52403 3.52403 3.42095
      vertex -3.16165 3.85248 3.42095
    endloop
  endfacet
  facet normal -0.651485 0.718819 -0.242627
    outer loop
      vertex -3.47977 3.47977 3.2146
      vertex -3.49831 3.49831 3.31931
      vertex -3.12193 3.80409 3.2146
    endloop
  endfacet
  facet normal -0.651485 0.718801 -0.242678
    outer loop
      vertex -3.12193 3.80409 3.2146
      vertex -3.49831 3.49831 3.31931
      vertex -3.13857 3.82436 3.31931
    endloop
  endfacet
  facet normal -0.664312 0.732946 -0.146556
    outer loop
      vertex -3.46857 3.46857 3.10782
      vertex -3.47977 3.47977 3.2146
      vertex -3.11189 3.79185 3.10782
    endloop
  endfacet
  facet normal -0.664307 0.732966 -0.14648
    outer loop
      vertex -3.11189 3.79185 3.10782
      vertex -3.47977 3.47977 3.2146
      vertex -3.12193 3.80409 3.2146
    endloop
  endfacet
  facet normal -0.670759 0.740051 -0.0490682
    outer loop
      vertex -3.46482 3.46482 3
      vertex -3.46857 3.46857 3.10782
      vertex -3.10853 3.78775 3
    endloop
  endfacet
  facet normal -0.670755 0.740055 -0.0490444
    outer loop
      vertex -3.10853 3.78775 3
      vertex -3.46857 3.46857 3.10782
      vertex -3.11189 3.79185 3.10782
    endloop
  endfacet
  facet normal -0.670755 0.740054 0.0490682
    outer loop
      vertex -3.11189 3.79185 2.89218
      vertex -3.46857 3.46857 2.89218
      vertex -3.46482 3.46482 3
    endloop
  endfacet
  facet normal -0.670759 0.740052 0.0490444
    outer loop
      vertex -3.11189 3.79185 2.89218
      vertex -3.46482 3.46482 3
      vertex -3.10853 3.78775 3
    endloop
  endfacet
  facet normal -0.6643 0.732958 0.146556
    outer loop
      vertex -3.12193 3.80409 2.7854
      vertex -3.47977 3.47977 2.7854
      vertex -3.46857 3.46857 2.89218
    endloop
  endfacet
  facet normal -0.66432 0.732955 0.14648
    outer loop
      vertex -3.12193 3.80409 2.7854
      vertex -3.46857 3.46857 2.89218
      vertex -3.11189 3.79185 2.89218
    endloop
  endfacet
  facet normal -0.651493 0.718811 0.242627
    outer loop
      vertex -3.13857 3.82436 2.68069
      vertex -3.49831 3.49831 2.68069
      vertex -3.47977 3.47977 2.7854
    endloop
  endfacet
  facet normal -0.651476 0.718809 0.242678
    outer loop
      vertex -3.13857 3.82436 2.68069
      vertex -3.47977 3.47977 2.7854
      vertex -3.12193 3.80409 2.7854
    endloop
  endfacet
  facet normal -0.632385 0.697712 0.336581
    outer loop
      vertex -3.16165 3.85248 2.57905
      vertex -3.52403 3.52403 2.57905
      vertex -3.49831 3.49831 2.68069
    endloop
  endfacet
  facet normal -0.632367 0.697708 0.336625
    outer loop
      vertex -3.16165 3.85248 2.57905
      vertex -3.49831 3.49831 2.68069
      vertex -3.13857 3.82436 2.68069
    endloop
  endfacet
  facet normal -0.6072 0.669957 0.427159
    outer loop
      vertex -3.19093 3.88815 2.48146
      vertex -3.55667 3.55667 2.48146
      vertex -3.52403 3.52403 2.57905
    endloop
  endfacet
  facet normal -0.607243 0.669973 0.427073
    outer loop
      vertex -3.19093 3.88815 2.48146
      vertex -3.52403 3.52403 2.57905
      vertex -3.16165 3.85248 2.57905
    endloop
  endfacet
  facet normal -0.576197 0.635753 0.513629
    outer loop
      vertex -3.22613 3.93105 2.38887
      vertex -3.59591 3.59591 2.38887
      vertex -3.55667 3.55667 2.48146
    endloop
  endfacet
  facet normal -0.576202 0.635755 0.513621
    outer loop
      vertex -3.22613 3.93105 2.38887
      vertex -3.55667 3.55667 2.48146
      vertex -3.19093 3.88815 2.48146
    endloop
  endfacet
  facet normal -0.539621 0.595383 0.595255
    outer loop
      vertex -3.26693 3.98076 2.30217
      vertex -3.64138 3.64138 2.30217
      vertex -3.59591 3.59591 2.38887
    endloop
  endfacet
  facet normal -0.539598 0.595371 0.595288
    outer loop
      vertex -3.26693 3.98076 2.30217
      vertex -3.59591 3.59591 2.38887
      vertex -3.22613 3.93105 2.38887
    endloop
  endfacet
  facet normal -0.497883 0.549326 0.671083
    outer loop
      vertex -3.31292 4.0368 2.22218
      vertex -3.69264 3.69264 2.22218
      vertex -3.64138 3.64138 2.30217
    endloop
  endfacet
  facet normal -0.497872 0.54932 0.671097
    outer loop
      vertex -3.31292 4.0368 2.22218
      vertex -3.64138 3.64138 2.30217
      vertex -3.26693 3.98076 2.30217
    endloop
  endfacet
  facet normal -0.451264 0.497898 0.74058
    outer loop
      vertex -3.36366 4.09863 2.14969
      vertex -3.7492 3.7492 2.14969
      vertex -3.69264 3.69264 2.22218
    endloop
  endfacet
  facet normal -0.451279 0.497907 0.740564
    outer loop
      vertex -3.36366 4.09863 2.14969
      vertex -3.69264 3.69264 2.22218
      vertex -3.31292 4.0368 2.22218
    endloop
  endfacet
  facet normal -0.40037 0.441756 0.802842
    outer loop
      vertex -3.41866 4.16565 2.08538
      vertex -3.81051 3.81051 2.08538
      vertex -3.7492 3.7492 2.14969
    endloop
  endfacet
  facet normal -0.400396 0.441773 0.80282
    outer loop
      vertex -3.41866 4.16565 2.08538
      vertex -3.7492 3.7492 2.14969
      vertex -3.36366 4.09863 2.14969
    endloop
  endfacet
  facet normal -0.345531 0.381236 0.857477
    outer loop
      vertex -3.4774 4.23723 2.02989
      vertex -3.87598 3.87598 2.02989
      vertex -3.81051 3.81051 2.08538
    endloop
  endfacet
  facet normal -0.345504 0.381218 0.857496
    outer loop
      vertex -3.4774 4.23723 2.02989
      vertex -3.81051 3.81051 2.08538
      vertex -3.41866 4.16565 2.08538
    endloop
  endfacet
  facet normal -0.287452 0.317152 0.903762
    outer loop
      vertex -3.53931 4.31266 1.98373
      vertex -3.94498 3.94498 1.98373
      vertex -3.87598 3.87598 2.02989
    endloop
  endfacet
  facet normal -0.287443 0.317146 0.903767
    outer loop
      vertex -3.53931 4.31266 1.98373
      vertex -3.87598 3.87598 2.02989
      vertex -3.4774 4.23723 2.02989
    endloop
  endfacet
  facet normal -0.2265 0.249901 0.941407
    outer loop
      vertex -3.60379 4.39123 1.94736
      vertex -4.01685 4.01685 1.94736
      vertex -3.94498 3.94498 1.98373
    endloop
  endfacet
  facet normal -0.226496 0.249899 0.941409
    outer loop
      vertex -3.60379 4.39123 1.94736
      vertex -3.94498 3.94498 1.98373
      vertex -3.53931 4.31266 1.98373
    endloop
  endfacet
  facet normal -0.16329 0.180168 0.969988
    outer loop
      vertex -3.67022 4.47217 1.92114
      vertex -4.0909 4.0909 1.92114
      vertex -4.01685 4.01685 1.94736
    endloop
  endfacet
  facet normal -0.163311 0.180184 0.969981
    outer loop
      vertex -3.67022 4.47217 1.92114
      vertex -4.01685 4.01685 1.94736
      vertex -3.60379 4.39123 1.94736
    endloop
  endfacet
  facet normal -0.0986654 0.108859 0.989149
    outer loop
      vertex -3.73796 4.55472 1.9053
      vertex -4.1664 4.1664 1.9053
      vertex -4.0909 4.0909 1.92114
    endloop
  endfacet
  facet normal -0.0986518 0.108849 0.989151
    outer loop
      vertex -3.73796 4.55472 1.9053
      vertex -4.0909 4.0909 1.92114
      vertex -3.67022 4.47217 1.92114
    endloop
  endfacet
  facet normal -0.0330111 0.0364222 0.998791
    outer loop
      vertex -3.80636 4.63806 1.9
      vertex -4.24264 4.24264 1.9
      vertex -4.1664 4.1664 1.9053
    endloop
  endfacet
  facet normal -0.0330126 0.0364234 0.998791
    outer loop
      vertex -3.80636 4.63806 1.9
      vertex -4.1664 4.1664 1.9053
      vertex -3.73796 4.55472 1.9053
    endloop
  endfacet
  facet normal -0.0292833 0.0394842 -0.998791
    outer loop
      vertex -3.73796 4.55472 4.0947
      vertex -3.80636 4.63806 4.1
      vertex -3.27352 4.89917 4.0947
    endloop
  endfacet
  facet normal -0.0292823 0.0394822 -0.998791
    outer loop
      vertex -3.27352 4.89917 4.0947
      vertex -3.80636 4.63806 4.1
      vertex -3.33342 4.98882 4.1
    endloop
  endfacet
  facet normal -0.0875096 0.117992 -0.989151
    outer loop
      vertex -3.67022 4.47217 4.07886
      vertex -3.73796 4.55472 4.0947
      vertex -3.2142 4.81038 4.07886
    endloop
  endfacet
  facet normal -0.0875119 0.117997 -0.98915
    outer loop
      vertex -3.2142 4.81038 4.07886
      vertex -3.73796 4.55472 4.0947
      vertex -3.27352 4.89917 4.0947
    endloop
  endfacet
  facet normal -0.144915 0.195395 -0.969959
    outer loop
      vertex -3.60379 4.39123 4.05263
      vertex -3.67022 4.47217 4.07886
      vertex -3.15602 4.72332 4.05263
    endloop
  endfacet
  facet normal -0.144914 0.195393 -0.969959
    outer loop
      vertex -3.15602 4.72332 4.05263
      vertex -3.67022 4.47217 4.07886
      vertex -3.2142 4.81038 4.07886
    endloop
  endfacet
  facet normal -0.200862 0.27083 -0.941438
    outer loop
      vertex -3.53931 4.31266 4.01627
      vertex -3.60379 4.39123 4.05263
      vertex -3.09955 4.63881 4.01627
    endloop
  endfacet
  facet normal -0.200863 0.270831 -0.941438
    outer loop
      vertex -3.09955 4.63881 4.01627
      vertex -3.60379 4.39123 4.05263
      vertex -3.15602 4.72332 4.05263
    endloop
  endfacet
  facet normal -0.254976 0.343793 -0.903766
    outer loop
      vertex -3.4774 4.23723 3.97011
      vertex -3.53931 4.31266 4.01627
      vertex -3.04534 4.55767 3.97011
    endloop
  endfacet
  facet normal -0.254977 0.343795 -0.903765
    outer loop
      vertex -3.04534 4.55767 3.97011
      vertex -3.53931 4.31266 4.01627
      vertex -3.09955 4.63881 4.01627
    endloop
  endfacet
  facet normal -0.306485 0.413238 -0.857497
    outer loop
      vertex -3.41866 4.16565 3.91462
      vertex -3.4774 4.23723 3.97011
      vertex -2.9939 4.48068 3.91462
    endloop
  endfacet
  facet normal -0.30649 0.413251 -0.857489
    outer loop
      vertex -2.9939 4.48068 3.91462
      vertex -3.4774 4.23723 3.97011
      vertex -3.04534 4.55767 3.97011
    endloop
  endfacet
  facet normal -0.35517 0.478888 -0.802821
    outer loop
      vertex -3.36366 4.09863 3.85031
      vertex -3.41866 4.16565 3.91462
      vertex -2.94573 4.40859 3.85031
    endloop
  endfacet
  facet normal -0.355163 0.478873 -0.802832
    outer loop
      vertex -2.94573 4.40859 3.85031
      vertex -3.41866 4.16565 3.91462
      vertex -2.9939 4.48068 3.91462
    endloop
  endfacet
  facet normal -0.400304 0.53974 -0.740565
    outer loop
      vertex -3.31292 4.0368 3.77782
      vertex -3.36366 4.09863 3.85031
      vertex -2.90129 4.34209 3.77782
    endloop
  endfacet
  facet normal -0.400308 0.539749 -0.740557
    outer loop
      vertex -2.90129 4.34209 3.77782
      vertex -3.36366 4.09863 3.85031
      vertex -2.94573 4.40859 3.85031
    endloop
  endfacet
  facet normal -0.441633 0.595474 -0.671097
    outer loop
      vertex -3.26693 3.98076 3.69783
      vertex -3.31292 4.0368 3.77782
      vertex -2.86101 4.28181 3.69783
    endloop
  endfacet
  facet normal -0.441626 0.595455 -0.671118
    outer loop
      vertex -2.86101 4.28181 3.69783
      vertex -3.31292 4.0368 3.77782
      vertex -2.90129 4.34209 3.77782
    endloop
  endfacet
  facet normal -0.47866 0.645383 -0.595286
    outer loop
      vertex -3.22613 3.93105 3.61113
      vertex -3.26693 3.98076 3.69783
      vertex -2.82529 4.22834 3.61113
    endloop
  endfacet
  facet normal -0.478668 0.645411 -0.595249
    outer loop
      vertex -2.82529 4.22834 3.61113
      vertex -3.26693 3.98076 3.69783
      vertex -2.86101 4.28181 3.69783
    endloop
  endfacet
  facet normal -0.511119 0.689164 -0.513625
    outer loop
      vertex -3.19093 3.88815 3.51854
      vertex -3.22613 3.93105 3.61113
      vertex -2.79445 4.1822 3.51854
    endloop
  endfacet
  facet normal -0.511114 0.689142 -0.51366
    outer loop
      vertex -2.79445 4.1822 3.51854
      vertex -3.22613 3.93105 3.61113
      vertex -2.82529 4.22834 3.61113
    endloop
  endfacet
  facet normal -0.538631 0.726284 -0.427069
    outer loop
      vertex -3.16165 3.85248 3.42095
      vertex -3.19093 3.88815 3.51854
      vertex -2.76881 4.14382 3.42095
    endloop
  endfacet
  facet normal -0.538625 0.726251 -0.427133
    outer loop
      vertex -2.76881 4.14382 3.42095
      vertex -3.19093 3.88815 3.51854
      vertex -2.79445 4.1822 3.51854
    endloop
  endfacet
  facet normal -0.560941 0.756326 -0.336624
    outer loop
      vertex -3.13857 3.82436 3.31931
      vertex -3.16165 3.85248 3.42095
      vertex -2.74861 4.11358 3.31931
    endloop
  endfacet
  facet normal -0.560944 0.756371 -0.336518
    outer loop
      vertex -2.74861 4.11358 3.31931
      vertex -3.16165 3.85248 3.42095
      vertex -2.76881 4.14382 3.42095
    endloop
  endfacet
  facet normal -0.577894 0.779197 -0.242675
    outer loop
      vertex -3.12193 3.80409 3.2146
      vertex -3.13857 3.82436 3.31931
      vertex -2.73404 4.09177 3.2146
    endloop
  endfacet
  facet normal -0.577895 0.779185 -0.242708
    outer loop
      vertex -2.73404 4.09177 3.2146
      vertex -3.13857 3.82436 3.31931
      vertex -2.74861 4.11358 3.31931
    endloop
  endfacet
  facet normal -0.589261 0.794552 -0.146483
    outer loop
      vertex -3.11189 3.79185 3.10782
      vertex -3.12193 3.80409 3.2146
      vertex -2.72524 4.0786 3.10782
    endloop
  endfacet
  facet normal -0.589268 0.794533 -0.146559
    outer loop
      vertex -2.72524 4.0786 3.10782
      vertex -3.12193 3.80409 3.2146
      vertex -2.73404 4.09177 3.2146
    endloop
  endfacet
  facet normal -0.594975 0.802246 -0.0490477
    outer loop
      vertex -3.10853 3.78775 3
      vertex -3.11189 3.79185 3.10782
      vertex -2.72229 4.0742 3
    endloop
  endfacet
  facet normal -0.594971 0.802251 -0.0490175
    outer loop
      vertex -2.72229 4.0742 3
      vertex -3.11189 3.79185 3.10782
      vertex -2.72524 4.0786 3.10782
    endloop
  endfacet
  facet normal -0.59497 0.80225 0.0490477
    outer loop
      vertex -2.72524 4.0786 2.89218
      vertex -3.11189 3.79185 2.89218
      vertex -3.10853 3.78775 3
    endloop
  endfacet
  facet normal -0.594976 0.802247 0.0490175
    outer loop
      vertex -2.72524 4.0786 2.89218
      vertex -3.10853 3.78775 3
      vertex -2.72229 4.0742 3
    endloop
  endfacet
  facet normal -0.589275 0.794542 0.146484
    outer loop
      vertex -2.73404 4.09177 2.7854
      vertex -3.12193 3.80409 2.7854
      vertex -3.11189 3.79185 2.89218
    endloop
  endfacet
  facet normal -0.589255 0.794543 0.146559
    outer loop
      vertex -2.73404 4.09177 2.7854
      vertex -3.11189 3.79185 2.89218
      vertex -2.72524 4.0786 2.89218
    endloop
  endfacet
  facet normal -0.5779 0.779192 0.242675
    outer loop
      vertex -2.74861 4.11358 2.68069
      vertex -3.13857 3.82436 2.68069
      vertex -3.12193 3.80409 2.7854
    endloop
  endfacet
  facet normal -0.577889 0.77919 0.242708
    outer loop
      vertex -2.74861 4.11358 2.68069
      vertex -3.12193 3.80409 2.7854
      vertex -2.73404 4.09177 2.7854
    endloop
  endfacet
  facet normal -0.560922 0.756341 0.336623
    outer loop
      vertex -2.76881 4.14382 2.57905
      vertex -3.16165 3.85248 2.57905
      vertex -3.13857 3.82436 2.68069
    endloop
  endfacet
  facet normal -0.560964 0.756357 0.336518
    outer loop
      vertex -2.76881 4.14382 2.57905
      vertex -3.13857 3.82436 2.68069
      vertex -2.74861 4.11358 2.68069
    endloop
  endfacet
  facet normal -0.538643 0.726275 0.427069
    outer loop
      vertex -2.79445 4.1822 2.48146
      vertex -3.19093 3.88815 2.48146
      vertex -3.16165 3.85248 2.57905
    endloop
  endfacet
  facet normal -0.538613 0.72626 0.427133
    outer loop
      vertex -2.79445 4.1822 2.48146
      vertex -3.16165 3.85248 2.57905
      vertex -2.76881 4.14382 2.57905
    endloop
  endfacet
  facet normal -0.511126 0.689158 0.513625
    outer loop
      vertex -2.82529 4.22834 2.38887
      vertex -3.22613 3.93105 2.38887
      vertex -3.19093 3.88815 2.48146
    endloop
  endfacet
  facet normal -0.511107 0.689147 0.51366
    outer loop
      vertex -2.82529 4.22834 2.38887
      vertex -3.19093 3.88815 2.48146
      vertex -2.79445 4.1822 2.48146
    endloop
  endfacet
  facet normal -0.478652 0.645389 0.595286
    outer loop
      vertex -2.86101 4.28181 2.30217
      vertex -3.26693 3.98076 2.30217
      vertex -3.22613 3.93105 2.38887
    endloop
  endfacet
  facet normal -0.478676 0.645405 0.595249
    outer loop
      vertex -2.86101 4.28181 2.30217
      vertex -3.22613 3.93105 2.38887
      vertex -2.82529 4.22834 2.38887
    endloop
  endfacet
  facet normal -0.441637 0.59547 0.671097
    outer loop
      vertex -2.90129 4.34209 2.22218
      vertex -3.31292 4.0368 2.22218
      vertex -3.26693 3.98076 2.30217
    endloop
  endfacet
  facet normal -0.441621 0.595459 0.671118
    outer loop
      vertex -2.90129 4.34209 2.22218
      vertex -3.26693 3.98076 2.30217
      vertex -2.86101 4.28181 2.30217
    endloop
  endfacet
  facet normal -0.400302 0.539742 0.740565
    outer loop
      vertex -2.94573 4.40859 2.14969
      vertex -3.36366 4.09863 2.14969
      vertex -3.31292 4.0368 2.22218
    endloop
  endfacet
  facet normal -0.40031 0.539748 0.740557
    outer loop
      vertex -2.94573 4.40859 2.14969
      vertex -3.31292 4.0368 2.22218
      vertex -2.90129 4.34209 2.22218
    endloop
  endfacet
  facet normal -0.355173 0.478885 0.802821
    outer loop
      vertex -2.9939 4.48068 2.08538
      vertex -3.41866 4.16565 2.08538
      vertex -3.36366 4.09863 2.14969
    endloop
  endfacet
  facet normal -0.35516 0.478875 0.802833
    outer loop
      vertex -2.9939 4.48068 2.08538
      vertex -3.36366 4.09863 2.14969
      vertex -2.94573 4.40859 2.14969
    endloop
  endfacet
  facet normal -0.306482 0.41324 0.857497
    outer loop
      vertex -3.04534 4.55767 2.02989
      vertex -3.4774 4.23723 2.02989
      vertex -3.41866 4.16565 2.08538
    endloop
  endfacet
  facet normal -0.306493 0.413249 0.857489
    outer loop
      vertex -3.04534 4.55767 2.02989
      vertex -3.41866 4.16565 2.08538
      vertex -2.9939 4.48068 2.08538
    endloop
  endfacet
  facet normal -0.254976 0.343793 0.903766
    outer loop
      vertex -3.09955 4.63881 1.98373
      vertex -3.53931 4.31266 1.98373
      vertex -3.4774 4.23723 2.02989
    endloop
  endfacet
  facet normal -0.254977 0.343795 0.903765
    outer loop
      vertex -3.09955 4.63881 1.98373
      vertex -3.4774 4.23723 2.02989
      vertex -3.04534 4.55767 2.02989
    endloop
  endfacet
  facet normal -0.200911 0.270896 0.941409
    outer loop
      vertex -3.15602 4.72332 1.94736
      vertex -3.60379 4.39123 1.94736
      vertex -3.53931 4.31266 1.98373
    endloop
  endfacet
  facet normal -0.200912 0.270897 0.941408
    outer loop
      vertex -3.15602 4.72332 1.94736
      vertex -3.53931 4.31266 1.98373
      vertex -3.09955 4.63881 1.98373
    endloop
  endfacet
  facet normal -0.144864 0.195325 0.969981
    outer loop
      vertex -3.2142 4.81038 1.92114
      vertex -3.67022 4.47217 1.92114
      vertex -3.60379 4.39123 1.94736
    endloop
  endfacet
  facet normal -0.144862 0.195323 0.969981
    outer loop
      vertex -3.2142 4.81038 1.92114
      vertex -3.60379 4.39123 1.94736
      vertex -3.15602 4.72332 1.94736
    endloop
  endfacet
  facet normal -0.0875089 0.117993 0.989151
    outer loop
      vertex -3.27352 4.89917 1.9053
      vertex -3.73796 4.55472 1.9053
      vertex -3.67022 4.47217 1.92114
    endloop
  endfacet
  facet normal -0.0875127 0.117996 0.98915
    outer loop
      vertex -3.27352 4.89917 1.9053
      vertex -3.67022 4.47217 1.92114
      vertex -3.2142 4.81038 1.92114
    endloop
  endfacet
  facet normal -0.0292836 0.039484 0.998791
    outer loop
      vertex -3.33342 4.98882 1.9
      vertex -3.80636 4.63806 1.9
      vertex -3.73796 4.55472 1.9053
    endloop
  endfacet
  facet normal -0.029282 0.0394824 0.998791
    outer loop
      vertex -3.33342 4.98882 1.9
      vertex -3.73796 4.55472 1.9053
      vertex -3.27352 4.89917 1.9053
    endloop
  endfacet
  facet normal -0.0252709 0.0421624 -0.998791
    outer loop
      vertex -3.27352 4.89917 4.0947
      vertex -3.33342 4.98882 4.1
      vertex -2.77755 5.19644 4.0947
    endloop
  endfacet
  facet normal -0.0252704 0.0421611 -0.998791
    outer loop
      vertex -2.77755 5.19644 4.0947
      vertex -3.33342 4.98882 4.1
      vertex -2.82838 5.29153 4.1
    endloop
  endfacet
  facet normal -0.0755257 0.126005 -0.98915
    outer loop
      vertex -3.2142 4.81038 4.07886
      vertex -3.27352 4.89917 4.0947
      vertex -2.72722 5.10227 4.07886
    endloop
  endfacet
  facet normal -0.0755291 0.126014 -0.989149
    outer loop
      vertex -2.72722 5.10227 4.07886
      vertex -3.27352 4.89917 4.0947
      vertex -2.77755 5.19644 4.0947
    endloop
  endfacet
  facet normal -0.125065 0.208658 -0.969959
    outer loop
      vertex -3.15602 4.72332 4.05263
      vertex -3.2142 4.81038 4.07886
      vertex -2.67786 5.00992 4.05263
    endloop
  endfacet
  facet normal -0.125063 0.208651 -0.969961
    outer loop
      vertex -2.67786 5.00992 4.05263
      vertex -3.2142 4.81038 4.07886
      vertex -2.72722 5.10227 4.07886
    endloop
  endfacet
  facet normal -0.173348 0.289217 -0.941437
    outer loop
      vertex -3.09955 4.63881 4.01627
      vertex -3.15602 4.72332 4.05263
      vertex -2.62994 4.92028 4.01627
    endloop
  endfacet
  facet normal -0.173343 0.289204 -0.941442
    outer loop
      vertex -2.62994 4.92028 4.01627
      vertex -3.15602 4.72332 4.05263
      vertex -2.67786 5.00992 4.05263
    endloop
  endfacet
  facet normal -0.220048 0.367131 -0.903766
    outer loop
      vertex -3.04534 4.55767 3.97011
      vertex -3.09955 4.63881 4.01627
      vertex -2.58394 4.83422 3.97011
    endloop
  endfacet
  facet normal -0.220049 0.367134 -0.903765
    outer loop
      vertex -2.58394 4.83422 3.97011
      vertex -3.09955 4.63881 4.01627
      vertex -2.62994 4.92028 4.01627
    endloop
  endfacet
  facet normal -0.264508 0.441301 -0.85749
    outer loop
      vertex -2.9939 4.48068 3.91462
      vertex -3.04534 4.55767 3.97011
      vertex -2.5403 4.75256 3.91462
    endloop
  endfacet
  facet normal -0.264514 0.441319 -0.857479
    outer loop
      vertex -2.5403 4.75256 3.91462
      vertex -3.04534 4.55767 3.97011
      vertex -2.58394 4.83422 3.97011
    endloop
  endfacet
  facet normal -0.306504 0.511386 -0.802832
    outer loop
      vertex -2.94573 4.40859 3.85031
      vertex -2.9939 4.48068 3.91462
      vertex -2.49942 4.67609 3.85031
    endloop
  endfacet
  facet normal -0.306492 0.511346 -0.802862
    outer loop
      vertex -2.49942 4.67609 3.85031
      vertex -2.9939 4.48068 3.91462
      vertex -2.5403 4.75256 3.91462
    endloop
  endfacet
  facet normal -0.345467 0.576395 -0.740555
    outer loop
      vertex -2.90129 4.34209 3.77782
      vertex -2.94573 4.40859 3.85031
      vertex -2.46172 4.60555 3.77782
    endloop
  endfacet
  facet normal -0.345467 0.576394 -0.740556
    outer loop
      vertex -2.46172 4.60555 3.77782
      vertex -2.94573 4.40859 3.85031
      vertex -2.49942 4.67609 3.85031
    endloop
  endfacet
  facet normal -0.381135 0.635875 -0.671117
    outer loop
      vertex -2.86101 4.28181 3.69783
      vertex -2.90129 4.34209 3.77782
      vertex -2.42755 4.54162 3.69783
    endloop
  endfacet
  facet normal -0.381147 0.635924 -0.671064
    outer loop
      vertex -2.42755 4.54162 3.69783
      vertex -2.90129 4.34209 3.77782
      vertex -2.46172 4.60555 3.77782
    endloop
  endfacet
  facet normal -0.413102 0.689217 -0.595253
    outer loop
      vertex -2.82529 4.22834 3.61113
      vertex -2.86101 4.28181 3.69783
      vertex -2.39723 4.48491 3.61113
    endloop
  endfacet
  facet normal -0.413099 0.689204 -0.59527
    outer loop
      vertex -2.39723 4.48491 3.61113
      vertex -2.86101 4.28181 3.69783
      vertex -2.42755 4.54162 3.69783
    endloop
  endfacet
  facet normal -0.441093 0.735932 -0.513654
    outer loop
      vertex -2.79445 4.1822 3.51854
      vertex -2.82529 4.22834 3.61113
      vertex -2.37107 4.43596 3.51854
    endloop
  endfacet
  facet normal -0.441091 0.735914 -0.513683
    outer loop
      vertex -2.37107 4.43596 3.51854
      vertex -2.82529 4.22834 3.61113
      vertex -2.39723 4.48491 3.61113
    endloop
  endfacet
  facet normal -0.464847 0.775546 -0.427136
    outer loop
      vertex -2.76881 4.14382 3.42095
      vertex -2.79445 4.1822 3.51854
      vertex -2.34931 4.39526 3.42095
    endloop
  endfacet
  facet normal -0.464848 0.775566 -0.427099
    outer loop
      vertex -2.34931 4.39526 3.42095
      vertex -2.79445 4.1822 3.51854
      vertex -2.37107 4.43596 3.51854
    endloop
  endfacet
  facet normal -0.484126 0.807697 -0.336522
    outer loop
      vertex -2.74861 4.11358 3.31931
      vertex -2.76881 4.14382 3.42095
      vertex -2.33217 4.36319 3.31931
    endloop
  endfacet
  facet normal -0.484125 0.80771 -0.336493
    outer loop
      vertex -2.33217 4.36319 3.31931
      vertex -2.76881 4.14382 3.42095
      vertex -2.34931 4.39526 3.42095
    endloop
  endfacet
  facet normal -0.498731 0.832081 -0.24271
    outer loop
      vertex -2.73404 4.09177 3.2146
      vertex -2.74861 4.11358 3.31931
      vertex -2.31981 4.34005 3.2146
    endloop
  endfacet
  facet normal -0.498733 0.832068 -0.24275
    outer loop
      vertex -2.31981 4.34005 3.2146
      vertex -2.74861 4.11358 3.31931
      vertex -2.33217 4.36319 3.31931
    endloop
  endfacet
  facet normal -0.508562 0.84846 -0.146559
    outer loop
      vertex -2.72524 4.0786 3.10782
      vertex -2.73404 4.09177 3.2146
      vertex -2.31234 4.32609 3.10782
    endloop
  endfacet
  facet normal -0.508556 0.848474 -0.146503
    outer loop
      vertex -2.31234 4.32609 3.10782
      vertex -2.73404 4.09177 3.2146
      vertex -2.31981 4.34005 3.2146
    endloop
  endfacet
  facet normal -0.51348 0.856701 -0.0490099
    outer loop
      vertex -2.72229 4.0742 3
      vertex -2.72524 4.0786 3.10782
      vertex -2.30984 4.32141 3
    endloop
  endfacet
  facet normal -0.513494 0.856688 -0.0490914
    outer loop
      vertex -2.30984 4.32141 3
      vertex -2.72524 4.0786 3.10782
      vertex -2.31234 4.32609 3.10782
    endloop
  endfacet
  facet normal -0.513496 0.856691 0.04901
    outer loop
      vertex -2.31234 4.32609 2.89218
      vertex -2.72524 4.0786 2.89218
      vertex -2.72229 4.0742 3
    endloop
  endfacet
  facet normal -0.513478 0.856697 0.0490914
    outer loop
      vertex -2.31234 4.32609 2.89218
      vertex -2.72229 4.0742 3
      vertex -2.30984 4.32141 3
    endloop
  endfacet
  facet normal -0.508552 0.848467 0.146559
    outer loop
      vertex -2.31981 4.34005 2.7854
      vertex -2.73404 4.09177 2.7854
      vertex -2.72524 4.0786 2.89218
    endloop
  endfacet
  facet normal -0.508567 0.848467 0.146503
    outer loop
      vertex -2.31981 4.34005 2.7854
      vertex -2.72524 4.0786 2.89218
      vertex -2.31234 4.32609 2.89218
    endloop
  endfacet
  facet normal -0.498738 0.832077 0.24271
    outer loop
      vertex -2.33217 4.36319 2.68069
      vertex -2.74861 4.11358 2.68069
      vertex -2.73404 4.09177 2.7854
    endloop
  endfacet
  facet normal -0.498725 0.832073 0.242751
    outer loop
      vertex -2.33217 4.36319 2.68069
      vertex -2.73404 4.09177 2.7854
      vertex -2.31981 4.34005 2.7854
    endloop
  endfacet
  facet normal -0.48412 0.807701 0.336522
    outer loop
      vertex -2.34931 4.39526 2.57905
      vertex -2.76881 4.14382 2.57905
      vertex -2.74861 4.11358 2.68069
    endloop
  endfacet
  facet normal -0.484131 0.807706 0.336493
    outer loop
      vertex -2.34931 4.39526 2.57905
      vertex -2.74861 4.11358 2.68069
      vertex -2.33217 4.36319 2.68069
    endloop
  endfacet
  facet normal -0.46484 0.775551 0.427135
    outer loop
      vertex -2.37107 4.43596 2.48146
      vertex -2.79445 4.1822 2.48146
      vertex -2.76881 4.14382 2.57905
    endloop
  endfacet
  facet normal -0.464856 0.775561 0.427099
    outer loop
      vertex -2.37107 4.43596 2.48146
      vertex -2.76881 4.14382 2.57905
      vertex -2.34931 4.39526 2.57905
    endloop
  endfacet
  facet normal -0.4411 0.735928 0.513654
    outer loop
      vertex -2.39723 4.48491 2.38887
      vertex -2.82529 4.22834 2.38887
      vertex -2.79445 4.1822 2.48146
    endloop
  endfacet
  facet normal -0.441084 0.735917 0.513683
    outer loop
      vertex -2.39723 4.48491 2.38887
      vertex -2.79445 4.1822 2.48146
      vertex -2.37107 4.43596 2.48146
    endloop
  endfacet
  facet normal -0.413106 0.689215 0.595253
    outer loop
      vertex -2.42755 4.54162 2.30217
      vertex -2.86101 4.28181 2.30217
      vertex -2.82529 4.22834 2.38887
    endloop
  endfacet
  facet normal -0.413095 0.689206 0.59527
    outer loop
      vertex -2.42755 4.54162 2.30217
      vertex -2.82529 4.22834 2.38887
      vertex -2.39723 4.48491 2.38887
    endloop
  endfacet
  facet normal -0.381122 0.635883 0.671117
    outer loop
      vertex -2.46172 4.60555 2.22218
      vertex -2.90129 4.34209 2.22218
      vertex -2.86101 4.28181 2.30217
    endloop
  endfacet
  facet normal -0.38116 0.635917 0.671064
    outer loop
      vertex -2.46172 4.60555 2.22218
      vertex -2.86101 4.28181 2.30217
      vertex -2.42755 4.54162 2.30217
    endloop
  endfacet
  facet normal -0.345467 0.576395 0.740555
    outer loop
      vertex -2.49942 4.67609 2.14969
      vertex -2.94573 4.40859 2.14969
      vertex -2.90129 4.34209 2.22218
    endloop
  endfacet
  facet normal -0.345466 0.576394 0.740556
    outer loop
      vertex -2.49942 4.67609 2.14969
      vertex -2.90129 4.34209 2.22218
      vertex -2.46172 4.60555 2.22218
    endloop
  endfacet
  facet normal -0.306513 0.511381 0.802832
    outer loop
      vertex -2.5403 4.75256 2.08538
      vertex -2.9939 4.48068 2.08538
      vertex -2.94573 4.40859 2.14969
    endloop
  endfacet
  facet normal -0.306483 0.511351 0.802862
    outer loop
      vertex -2.5403 4.75256 2.08538
      vertex -2.94573 4.40859 2.14969
      vertex -2.49942 4.67609 2.14969
    endloop
  endfacet
  facet normal -0.264505 0.441304 0.85749
    outer loop
      vertex -2.58394 4.83422 2.02989
      vertex -3.04534 4.55767 2.02989
      vertex -2.9939 4.48068 2.08538
    endloop
  endfacet
  facet normal -0.264518 0.441317 0.857479
    outer loop
      vertex -2.58394 4.83422 2.02989
      vertex -2.9939 4.48068 2.08538
      vertex -2.5403 4.75256 2.08538
    endloop
  endfacet
  facet normal -0.220048 0.367132 0.903766
    outer loop
      vertex -2.62994 4.92028 1.98373
      vertex -3.09955 4.63881 1.98373
      vertex -3.04534 4.55767 2.02989
    endloop
  endfacet
  facet normal -0.220049 0.367134 0.903765
    outer loop
      vertex -2.62994 4.92028 1.98373
      vertex -3.04534 4.55767 2.02989
      vertex -2.58394 4.83422 2.02989
    endloop
  endfacet
  facet normal -0.173392 0.289286 0.941408
    outer loop
      vertex -2.67786 5.00992 1.94736
      vertex -3.15602 4.72332 1.94736
      vertex -3.09955 4.63881 1.98373
    endloop
  endfacet
  facet normal -0.173383 0.289276 0.941413
    outer loop
      vertex -2.67786 5.00992 1.94736
      vertex -3.09955 4.63881 1.98373
      vertex -2.62994 4.92028 1.98373
    endloop
  endfacet
  facet normal -0.125022 0.208582 0.969981
    outer loop
      vertex -2.72722 5.10227 1.92114
      vertex -3.2142 4.81038 1.92114
      vertex -3.15602 4.72332 1.94736
    endloop
  endfacet
  facet normal -0.125017 0.208577 0.969983
    outer loop
      vertex -2.72722 5.10227 1.92114
      vertex -3.15602 4.72332 1.94736
      vertex -2.67786 5.00992 1.94736
    endloop
  endfacet
  facet normal -0.0755242 0.126006 0.98915
    outer loop
      vertex -2.77755 5.19644 1.9053
      vertex -3.27352 4.89917 1.9053
      vertex -3.2142 4.81038 1.92114
    endloop
  endfacet
  facet normal -0.0755308 0.126013 0.989149
    outer loop
      vertex -2.77755 5.19644 1.9053
      vertex -3.2142 4.81038 1.92114
      vertex -2.72722 5.10227 1.92114
    endloop
  endfacet
  facet normal -0.0252712 0.0421623 0.998791
    outer loop
      vertex -2.82838 5.29153 1.9
      vertex -3.33342 4.98882 1.9
      vertex -3.27352 4.89917 1.9053
    endloop
  endfacet
  facet normal -0.0252702 0.0421612 0.998791
    outer loop
      vertex -2.82838 5.29153 1.9
      vertex -3.27352 4.89917 1.9053
      vertex -2.77755 5.19644 1.9053
    endloop
  endfacet
  facet normal -0.0210167 0.0444349 -0.998791
    outer loop
      vertex -2.77755 5.19644 4.0947
      vertex -2.82838 5.29153 4.1
      vertex -2.25484 5.44367 4.0947
    endloop
  endfacet
  facet normal -0.0210174 0.0444375 -0.998791
    outer loop
      vertex -2.25484 5.44367 4.0947
      vertex -2.82838 5.29153 4.1
      vertex -2.2961 5.54328 4.1
    endloop
  endfacet
  facet normal -0.0628133 0.13281 -0.989149
    outer loop
      vertex -2.72722 5.10227 4.07886
      vertex -2.77755 5.19644 4.0947
      vertex -2.21398 5.34501 4.07886
    endloop
  endfacet
  facet normal -0.0628099 0.132797 -0.989151
    outer loop
      vertex -2.21398 5.34501 4.07886
      vertex -2.77755 5.19644 4.0947
      vertex -2.25484 5.44367 4.0947
    endloop
  endfacet
  facet normal -0.104006 0.219906 -0.969961
    outer loop
      vertex -2.67786 5.00992 4.05263
      vertex -2.72722 5.10227 4.07886
      vertex -2.1739 5.24827 4.05263
    endloop
  endfacet
  facet normal -0.104005 0.219904 -0.969961
    outer loop
      vertex -2.1739 5.24827 4.05263
      vertex -2.72722 5.10227 4.07886
      vertex -2.21398 5.34501 4.07886
    endloop
  endfacet
  facet normal -0.144164 0.304802 -0.941442
    outer loop
      vertex -2.62994 4.92028 4.01627
      vertex -2.67786 5.00992 4.05263
      vertex -2.13501 5.15437 4.01627
    endloop
  endfacet
  facet normal -0.144171 0.304831 -0.941431
    outer loop
      vertex -2.13501 5.15437 4.01627
      vertex -2.67786 5.00992 4.05263
      vertex -2.1739 5.24827 4.05263
    endloop
  endfacet
  facet normal -0.183004 0.386935 -0.903765
    outer loop
      vertex -2.58394 4.83422 3.97011
      vertex -2.62994 4.92028 4.01627
      vertex -2.09766 5.06421 3.97011
    endloop
  endfacet
  facet normal -0.182997 0.386906 -0.903778
    outer loop
      vertex -2.09766 5.06421 3.97011
      vertex -2.62994 4.92028 4.01627
      vertex -2.13501 5.15437 4.01627
    endloop
  endfacet
  facet normal -0.219984 0.465117 -0.85748
    outer loop
      vertex -2.5403 4.75256 3.91462
      vertex -2.58394 4.83422 3.97011
      vertex -2.06223 4.97867 3.91462
    endloop
  endfacet
  facet normal -0.219986 0.465129 -0.857474
    outer loop
      vertex -2.06223 4.97867 3.91462
      vertex -2.58394 4.83422 3.97011
      vertex -2.09766 5.06421 3.97011
    endloop
  endfacet
  facet normal -0.254896 0.538928 -0.80286
    outer loop
      vertex -2.49942 4.67609 3.85031
      vertex -2.5403 4.75256 3.91462
      vertex -2.02905 4.89856 3.85031
    endloop
  endfacet
  facet normal -0.254897 0.538935 -0.802855
    outer loop
      vertex -2.02905 4.89856 3.85031
      vertex -2.5403 4.75256 3.91462
      vertex -2.06223 4.97867 3.91462
    endloop
  endfacet
  facet normal -0.287319 0.607472 -0.740557
    outer loop
      vertex -2.46172 4.60555 3.77782
      vertex -2.49942 4.67609 3.85031
      vertex -1.99844 4.82467 3.77782
    endloop
  endfacet
  facet normal -0.287322 0.607486 -0.740545
    outer loop
      vertex -1.99844 4.82467 3.77782
      vertex -2.49942 4.67609 3.85031
      vertex -2.02905 4.89856 3.85031
    endloop
  endfacet
  facet normal -0.316984 0.670219 -0.671064
    outer loop
      vertex -2.42755 4.54162 3.69783
      vertex -2.46172 4.60555 3.77782
      vertex -1.9707 4.75769 3.69783
    endloop
  endfacet
  facet normal -0.316979 0.670181 -0.671105
    outer loop
      vertex -1.9707 4.75769 3.69783
      vertex -2.46172 4.60555 3.77782
      vertex -1.99844 4.82467 3.77782
    endloop
  endfacet
  facet normal -0.343548 0.726383 -0.595266
    outer loop
      vertex -2.39723 4.48491 3.61113
      vertex -2.42755 4.54162 3.69783
      vertex -1.94609 4.69828 3.61113
    endloop
  endfacet
  facet normal -0.343549 0.726386 -0.595263
    outer loop
      vertex -1.94609 4.69828 3.61113
      vertex -2.42755 4.54162 3.69783
      vertex -1.9707 4.75769 3.69783
    endloop
  endfacet
  facet normal -0.366838 0.775601 -0.513686
    outer loop
      vertex -2.37107 4.43596 3.51854
      vertex -2.39723 4.48491 3.61113
      vertex -1.92485 4.64701 3.51854
    endloop
  endfacet
  facet normal -0.366839 0.775629 -0.513643
    outer loop
      vertex -1.92485 4.64701 3.51854
      vertex -2.39723 4.48491 3.61113
      vertex -1.94609 4.69828 3.61113
    endloop
  endfacet
  facet normal -0.386602 0.817391 -0.427096
    outer loop
      vertex -2.34931 4.39526 3.42095
      vertex -2.37107 4.43596 3.51854
      vertex -1.90719 4.60437 3.42095
    endloop
  endfacet
  facet normal -0.386602 0.817388 -0.427101
    outer loop
      vertex -1.90719 4.60437 3.42095
      vertex -2.37107 4.43596 3.51854
      vertex -1.92485 4.64701 3.51854
    endloop
  endfacet
  facet normal -0.402616 0.851277 -0.336494
    outer loop
      vertex -2.33217 4.36319 3.31931
      vertex -2.34931 4.39526 3.42095
      vertex -1.89327 4.57077 3.31931
    endloop
  endfacet
  facet normal -0.402619 0.851255 -0.336547
    outer loop
      vertex -1.89327 4.57077 3.31931
      vertex -2.34931 4.39526 3.42095
      vertex -1.90719 4.60437 3.42095
    endloop
  endfacet
  facet normal -0.414778 0.876942 -0.242757
    outer loop
      vertex -2.31981 4.34005 3.2146
      vertex -2.33217 4.36319 3.31931
      vertex -1.88324 4.54654 3.2146
    endloop
  endfacet
  facet normal -0.414769 0.876973 -0.242662
    outer loop
      vertex -1.88324 4.54654 3.2146
      vertex -2.33217 4.36319 3.31931
      vertex -1.89327 4.57077 3.31931
    endloop
  endfacet
  facet normal -0.422933 0.894241 -0.146497
    outer loop
      vertex -2.31234 4.32609 3.10782
      vertex -2.31981 4.34005 3.2146
      vertex -1.87718 4.5319 3.10782
    endloop
  endfacet
  facet normal -0.422948 0.894216 -0.146604
    outer loop
      vertex -1.87718 4.5319 3.10782
      vertex -2.31981 4.34005 3.2146
      vertex -1.88324 4.54654 3.2146
    endloop
  endfacet
  facet normal -0.427051 0.902894 -0.0490927
    outer loop
      vertex -2.30984 4.32141 3
      vertex -2.31234 4.32609 3.10782
      vertex -1.87515 4.52701 3
    endloop
  endfacet
  facet normal -0.427033 0.902908 -0.04899
    outer loop
      vertex -1.87515 4.52701 3
      vertex -2.31234 4.32609 3.10782
      vertex -1.87718 4.5319 3.10782
    endloop
  endfacet
  facet normal -0.42703 0.902904 0.0490926
    outer loop
      vertex -1.87718 4.5319 2.89218
      vertex -2.31234 4.32609 2.89218
      vertex -2.30984 4.32141 3
    endloop
  endfacet
  facet normal -0.427053 0.902898 0.0489899
    outer loop
      vertex -1.87718 4.5319 2.89218
      vertex -2.30984 4.32141 3
      vertex -1.87515 4.52701 3
    endloop
  endfacet
  facet normal -0.422955 0.89423 0.146497
    outer loop
      vertex -1.88324 4.54654 2.7854
      vertex -2.31981 4.34005 2.7854
      vertex -2.31234 4.32609 2.89218
    endloop
  endfacet
  facet normal -0.422926 0.894226 0.146604
    outer loop
      vertex -1.88324 4.54654 2.7854
      vertex -2.31234 4.32609 2.89218
      vertex -1.87718 4.5319 2.89218
    endloop
  endfacet
  facet normal -0.414759 0.876952 0.242757
    outer loop
      vertex -1.89327 4.57077 2.68069
      vertex -2.33217 4.36319 2.68069
      vertex -2.31981 4.34005 2.7854
    endloop
  endfacet
  facet normal -0.414789 0.876964 0.242662
    outer loop
      vertex -1.89327 4.57077 2.68069
      vertex -2.31981 4.34005 2.7854
      vertex -1.88324 4.54654 2.7854
    endloop
  endfacet
  facet normal -0.402627 0.851271 0.336494
    outer loop
      vertex -1.90719 4.60437 2.57905
      vertex -2.34931 4.39526 2.57905
      vertex -2.33217 4.36319 2.68069
    endloop
  endfacet
  facet normal -0.402608 0.85126 0.336547
    outer loop
      vertex -1.90719 4.60437 2.57905
      vertex -2.33217 4.36319 2.68069
      vertex -1.89327 4.57077 2.68069
    endloop
  endfacet
  facet normal -0.386604 0.81739 0.427096
    outer loop
      vertex -1.92485 4.64701 2.48146
      vertex -2.37107 4.43596 2.48146
      vertex -2.34931 4.39526 2.57905
    endloop
  endfacet
  facet normal -0.386601 0.817388 0.427101
    outer loop
      vertex -1.92485 4.64701 2.48146
      vertex -2.34931 4.39526 2.57905
      vertex -1.90719 4.60437 2.57905
    endloop
  endfacet
  facet normal -0.366828 0.775606 0.513685
    outer loop
      vertex -1.94609 4.69828 2.38887
      vertex -2.39723 4.48491 2.38887
      vertex -2.37107 4.43596 2.48146
    endloop
  endfacet
  facet normal -0.366849 0.775624 0.513642
    outer loop
      vertex -1.94609 4.69828 2.38887
      vertex -2.37107 4.43596 2.48146
      vertex -1.92485 4.64701 2.48146
    endloop
  endfacet
  facet normal -0.343548 0.726384 0.595266
    outer loop
      vertex -1.9707 4.75769 2.30217
      vertex -2.42755 4.54162 2.30217
      vertex -2.39723 4.48491 2.38887
    endloop
  endfacet
  facet normal -0.343549 0.726385 0.595263
    outer loop
      vertex -1.9707 4.75769 2.30217
      vertex -2.39723 4.48491 2.38887
      vertex -1.94609 4.69828 2.38887
    endloop
  endfacet
  facet normal -0.316995 0.670214 0.671065
    outer loop
      vertex -1.99844 4.82467 2.22218
      vertex -2.46172 4.60555 2.22218
      vertex -2.42755 4.54162 2.30217
    endloop
  endfacet
  facet normal -0.316968 0.670185 0.671105
    outer loop
      vertex -1.99844 4.82467 2.22218
      vertex -2.42755 4.54162 2.30217
      vertex -1.9707 4.75769 2.30217
    endloop
  endfacet
  facet normal -0.287316 0.607474 0.740557
    outer loop
      vertex -2.02905 4.89856 2.14969
      vertex -2.49942 4.67609 2.14969
      vertex -2.46172 4.60555 2.22218
    endloop
  endfacet
  facet normal -0.287325 0.607485 0.740545
    outer loop
      vertex -2.02905 4.89856 2.14969
      vertex -2.46172 4.60555 2.22218
      vertex -1.99844 4.82467 2.22218
    endloop
  endfacet
  facet normal -0.254894 0.538929 0.80286
    outer loop
      vertex -2.06223 4.97867 2.08538
      vertex -2.5403 4.75256 2.08538
      vertex -2.49942 4.67609 2.14969
    endloop
  endfacet
  facet normal -0.254899 0.538935 0.802855
    outer loop
      vertex -2.06223 4.97867 2.08538
      vertex -2.49942 4.67609 2.14969
      vertex -2.02905 4.89856 2.14969
    endloop
  endfacet
  facet normal -0.219982 0.465119 0.85748
    outer loop
      vertex -2.09766 5.06421 2.02989
      vertex -2.58394 4.83422 2.02989
      vertex -2.5403 4.75256 2.08538
    endloop
  endfacet
  facet normal -0.219989 0.465128 0.857474
    outer loop
      vertex -2.09766 5.06421 2.02989
      vertex -2.5403 4.75256 2.08538
      vertex -2.06223 4.97867 2.08538
    endloop
  endfacet
  facet normal -0.183009 0.386932 0.903765
    outer loop
      vertex -2.13501 5.15437 1.98373
      vertex -2.62994 4.92028 1.98373
      vertex -2.58394 4.83422 2.02989
    endloop
  endfacet
  facet normal -0.182992 0.386909 0.903779
    outer loop
      vertex -2.13501 5.15437 1.98373
      vertex -2.58394 4.83422 2.02989
      vertex -2.09766 5.06421 2.02989
    endloop
  endfacet
  facet normal -0.144194 0.304879 0.941412
    outer loop
      vertex -2.1739 5.24827 1.94736
      vertex -2.67786 5.00992 1.94736
      vertex -2.62994 4.92028 1.98373
    endloop
  endfacet
  facet normal -0.144212 0.304903 0.941402
    outer loop
      vertex -2.1739 5.24827 1.94736
      vertex -2.62994 4.92028 1.98373
      vertex -2.13501 5.15437 1.98373
    endloop
  endfacet
  facet normal -0.103969 0.219827 0.969983
    outer loop
      vertex -2.21398 5.34501 1.92114
      vertex -2.72722 5.10227 1.92114
      vertex -2.67786 5.00992 1.94736
    endloop
  endfacet
  facet normal -0.103968 0.219826 0.969983
    outer loop
      vertex -2.21398 5.34501 1.92114
      vertex -2.67786 5.00992 1.94736
      vertex -2.1739 5.24827 1.94736
    endloop
  endfacet
  facet normal -0.0628156 0.132809 0.989149
    outer loop
      vertex -2.25484 5.44367 1.9053
      vertex -2.77755 5.19644 1.9053
      vertex -2.72722 5.10227 1.92114
    endloop
  endfacet
  facet normal -0.0628076 0.132798 0.989151
    outer loop
      vertex -2.25484 5.44367 1.9053
      vertex -2.72722 5.10227 1.92114
      vertex -2.21398 5.34501 1.92114
    endloop
  endfacet
  facet normal -0.0210163 0.0444351 0.998791
    outer loop
      vertex -2.2961 5.54328 1.9
      vertex -2.82838 5.29153 1.9
      vertex -2.77755 5.19644 1.9053
    endloop
  endfacet
  facet normal -0.0210178 0.0444373 0.998791
    outer loop
      vertex -2.2961 5.54328 1.9
      vertex -2.77755 5.19644 1.9053
      vertex -2.25484 5.44367 1.9053
    endloop
  endfacet
  facet normal -0.0165598 0.0462839 -0.998791
    outer loop
      vertex -2.25484 5.44367 4.0947
      vertex -2.2961 5.54328 4.1
      vertex -1.71041 5.63846 4.0947
    endloop
  endfacet
  facet normal -0.0165593 0.0462811 -0.998791
    outer loop
      vertex -1.71041 5.63846 4.0947
      vertex -2.2961 5.54328 4.1
      vertex -1.74171 5.74164 4.1
    endloop
  endfacet
  facet normal -0.0494889 0.138314 -0.989151
    outer loop
      vertex -2.21398 5.34501 4.07886
      vertex -2.25484 5.44367 4.0947
      vertex -1.67941 5.53628 4.07886
    endloop
  endfacet
  facet normal -0.0494905 0.138324 -0.98915
    outer loop
      vertex -1.67941 5.53628 4.07886
      vertex -2.25484 5.44367 4.0947
      vertex -1.71041 5.63846 4.0947
    endloop
  endfacet
  facet normal -0.0819541 0.22904 -0.969961
    outer loop
      vertex -2.1739 5.24827 4.05263
      vertex -2.21398 5.34501 4.07886
      vertex -1.64902 5.43608 4.05263
    endloop
  endfacet
  facet normal -0.0819563 0.229055 -0.969957
    outer loop
      vertex -1.64902 5.43608 4.05263
      vertex -2.21398 5.34501 4.07886
      vertex -1.67941 5.53628 4.07886
    endloop
  endfacet
  facet normal -0.113601 0.317492 -0.941432
    outer loop
      vertex -2.13501 5.15437 4.01627
      vertex -2.1739 5.24827 4.05263
      vertex -1.61951 5.33882 4.01627
    endloop
  endfacet
  facet normal -0.1136 0.317482 -0.941435
    outer loop
      vertex -1.61951 5.33882 4.01627
      vertex -2.1739 5.24827 4.05263
      vertex -1.64902 5.43608 4.05263
    endloop
  endfacet
  facet normal -0.144188 0.402983 -0.903778
    outer loop
      vertex -2.09766 5.06421 3.97011
      vertex -2.13501 5.15437 4.01627
      vertex -1.59118 5.24543 3.97011
    endloop
  endfacet
  facet normal -0.144187 0.402974 -0.903782
    outer loop
      vertex -1.59118 5.24543 3.97011
      vertex -2.13501 5.15437 4.01627
      vertex -1.61951 5.33882 4.01627
    endloop
  endfacet
  facet normal -0.17334 0.484449 -0.857474
    outer loop
      vertex -2.06223 4.97867 3.91462
      vertex -2.09766 5.06421 3.97011
      vertex -1.56431 5.15683 3.91462
    endloop
  endfacet
  facet normal -0.173341 0.48446 -0.857468
    outer loop
      vertex -1.56431 5.15683 3.91462
      vertex -2.09766 5.06421 3.97011
      vertex -1.59118 5.24543 3.97011
    endloop
  endfacet
  facet normal -0.200852 0.561321 -0.802856
    outer loop
      vertex -2.02905 4.89856 3.85031
      vertex -2.06223 4.97867 3.91462
      vertex -1.53914 5.07386 3.85031
    endloop
  endfacet
  facet normal -0.200855 0.561347 -0.802837
    outer loop
      vertex -1.53914 5.07386 3.85031
      vertex -2.06223 4.97867 3.91462
      vertex -1.56431 5.15683 3.91462
    endloop
  endfacet
  facet normal -0.226395 0.632725 -0.740543
    outer loop
      vertex -1.99844 4.82467 3.77782
      vertex -2.02905 4.89856 3.85031
      vertex -1.51592 4.99732 3.77782
    endloop
  endfacet
  facet normal -0.226393 0.632699 -0.740566
    outer loop
      vertex -1.51592 4.99732 3.77782
      vertex -2.02905 4.89856 3.85031
      vertex -1.53914 5.07386 3.85031
    endloop
  endfacet
  facet normal -0.249751 0.698026 -0.671107
    outer loop
      vertex -1.9707 4.75769 3.69783
      vertex -1.99844 4.82467 3.77782
      vertex -1.49487 4.92794 3.69783
    endloop
  endfacet
  facet normal -0.24975 0.697997 -0.671137
    outer loop
      vertex -1.49487 4.92794 3.69783
      vertex -1.99844 4.82467 3.77782
      vertex -1.51592 4.99732 3.77782
    endloop
  endfacet
  facet normal -0.270708 0.756558 -0.595262
    outer loop
      vertex -1.94609 4.69828 3.61113
      vertex -1.9707 4.75769 3.69783
      vertex -1.47621 4.86641 3.61113
    endloop
  endfacet
  facet normal -0.270708 0.756598 -0.595212
    outer loop
      vertex -1.47621 4.86641 3.61113
      vertex -1.9707 4.75769 3.69783
      vertex -1.49487 4.92794 3.69783
    endloop
  endfacet
  facet normal -0.289053 0.80785 -0.51364
    outer loop
      vertex -1.92485 4.64701 3.51854
      vertex -1.94609 4.69828 3.61113
      vertex -1.4601 4.8133 3.51854
    endloop
  endfacet
  facet normal -0.289054 0.807832 -0.513669
    outer loop
      vertex -1.4601 4.8133 3.51854
      vertex -1.94609 4.69828 3.61113
      vertex -1.47621 4.86641 3.61113
    endloop
  endfacet
  facet normal -0.304607 0.851351 -0.427103
    outer loop
      vertex -1.90719 4.60437 3.42095
      vertex -1.92485 4.64701 3.51854
      vertex -1.4467 4.76913 3.42095
    endloop
  endfacet
  facet normal -0.30461 0.851329 -0.427144
    outer loop
      vertex -1.4467 4.76913 3.42095
      vertex -1.92485 4.64701 3.51854
      vertex -1.4601 4.8133 3.51854
    endloop
  endfacet
  facet normal -0.317232 0.886624 -0.336545
    outer loop
      vertex -1.89327 4.57077 3.31931
      vertex -1.90719 4.60437 3.42095
      vertex -1.43614 4.73433 3.31931
    endloop
  endfacet
  facet normal -0.31723 0.886631 -0.336528
    outer loop
      vertex -1.43614 4.73433 3.31931
      vertex -1.90719 4.60437 3.42095
      vertex -1.4467 4.76913 3.42095
    endloop
  endfacet
  facet normal -0.326806 0.913406 -0.242667
    outer loop
      vertex -1.88324 4.54654 3.2146
      vertex -1.89327 4.57077 3.31931
      vertex -1.42853 4.70923 3.2146
    endloop
  endfacet
  facet normal -0.326811 0.913395 -0.242701
    outer loop
      vertex -1.42853 4.70923 3.2146
      vertex -1.89327 4.57077 3.31931
      vertex -1.43614 4.73433 3.31931
    endloop
  endfacet
  facet normal -0.333258 0.931367 -0.146608
    outer loop
      vertex -1.87718 4.5319 3.10782
      vertex -1.88324 4.54654 3.2146
      vertex -1.42393 4.69408 3.10782
    endloop
  endfacet
  facet normal -0.333241 0.93139 -0.146502
    outer loop
      vertex -1.42393 4.69408 3.10782
      vertex -1.88324 4.54654 3.2146
      vertex -1.42853 4.70923 3.2146
    endloop
  endfacet
  facet normal -0.336485 0.940414 -0.0489862
    outer loop
      vertex -1.87515 4.52701 3
      vertex -1.87718 4.5319 3.10782
      vertex -1.42239 4.68901 3
    endloop
  endfacet
  facet normal -0.336493 0.940409 -0.0490268
    outer loop
      vertex -1.42239 4.68901 3
      vertex -1.87718 4.5319 3.10782
      vertex -1.42393 4.69408 3.10782
    endloop
  endfacet
  facet normal -0.336494 0.940411 0.0489862
    outer loop
      vertex -1.42393 4.69408 2.89218
      vertex -1.87718 4.5319 2.89218
      vertex -1.87515 4.52701 3
    endloop
  endfacet
  facet normal -0.336485 0.940412 0.0490268
    outer loop
      vertex -1.42393 4.69408 2.89218
      vertex -1.87515 4.52701 3
      vertex -1.42239 4.68901 3
    endloop
  endfacet
  facet normal -0.333235 0.931376 0.146607
    outer loop
      vertex -1.42853 4.70923 2.7854
      vertex -1.88324 4.54654 2.7854
      vertex -1.87718 4.5319 2.89218
    endloop
  endfacet
  facet normal -0.333263 0.931382 0.146502
    outer loop
      vertex -1.42853 4.70923 2.7854
      vertex -1.87718 4.5319 2.89218
      vertex -1.42393 4.69408 2.89218
    endloop
  endfacet
  facet normal -0.326813 0.913403 0.242667
    outer loop
      vertex -1.43614 4.73433 2.68069
      vertex -1.89327 4.57077 2.68069
      vertex -1.88324 4.54654 2.7854
    endloop
  endfacet
  facet normal -0.326803 0.913398 0.242701
    outer loop
      vertex -1.43614 4.73433 2.68069
      vertex -1.88324 4.54654 2.7854
      vertex -1.42853 4.70923 2.7854
    endloop
  endfacet
  facet normal -0.317228 0.886625 0.336545
    outer loop
      vertex -1.4467 4.76913 2.57905
      vertex -1.90719 4.60437 2.57905
      vertex -1.89327 4.57077 2.68069
    endloop
  endfacet
  facet normal -0.317234 0.886629 0.336528
    outer loop
      vertex -1.4467 4.76913 2.57905
      vertex -1.89327 4.57077 2.68069
      vertex -1.43614 4.73433 2.68069
    endloop
  endfacet
  facet normal -0.304616 0.851347 0.427103
    outer loop
      vertex -1.4601 4.8133 2.48146
      vertex -1.92485 4.64701 2.48146
      vertex -1.90719 4.60437 2.57905
    endloop
  endfacet
  facet normal -0.304601 0.851332 0.427144
    outer loop
      vertex -1.4601 4.8133 2.48146
      vertex -1.90719 4.60437 2.57905
      vertex -1.4467 4.76913 2.57905
    endloop
  endfacet
  facet normal -0.28906 0.807848 0.513641
    outer loop
      vertex -1.47621 4.86641 2.38887
      vertex -1.94609 4.69828 2.38887
      vertex -1.92485 4.64701 2.48146
    endloop
  endfacet
  facet normal -0.289047 0.807834 0.513669
    outer loop
      vertex -1.47621 4.86641 2.38887
      vertex -1.92485 4.64701 2.48146
      vertex -1.4601 4.8133 2.48146
    endloop
  endfacet
  facet normal -0.270695 0.756563 0.595262
    outer loop
      vertex -1.49487 4.92794 2.30217
      vertex -1.9707 4.75769 2.30217
      vertex -1.94609 4.69828 2.38887
    endloop
  endfacet
  facet normal -0.27072 0.756594 0.595212
    outer loop
      vertex -1.49487 4.92794 2.30217
      vertex -1.94609 4.69828 2.38887
      vertex -1.47621 4.86641 2.38887
    endloop
  endfacet
  facet normal -0.249759 0.698023 0.671107
    outer loop
      vertex -1.51592 4.99732 2.22218
      vertex -1.99844 4.82467 2.22218
      vertex -1.9707 4.75769 2.30217
    endloop
  endfacet
  facet normal -0.249741 0.698 0.671137
    outer loop
      vertex -1.51592 4.99732 2.22218
      vertex -1.9707 4.75769 2.30217
      vertex -1.49487 4.92794 2.30217
    endloop
  endfacet
  facet normal -0.226401 0.632722 0.740544
    outer loop
      vertex -1.53914 5.07386 2.14969
      vertex -2.02905 4.89856 2.14969
      vertex -1.99844 4.82467 2.22218
    endloop
  endfacet
  facet normal -0.226386 0.632701 0.740566
    outer loop
      vertex -1.53914 5.07386 2.14969
      vertex -1.99844 4.82467 2.22218
      vertex -1.51592 4.99732 2.22218
    endloop
  endfacet
  facet normal -0.200846 0.561323 0.802856
    outer loop
      vertex -1.56431 5.15683 2.08538
      vertex -2.06223 4.97867 2.08538
      vertex -2.02905 4.89856 2.14969
    endloop
  endfacet
  facet normal -0.200861 0.561345 0.802837
    outer loop
      vertex -1.56431 5.15683 2.08538
      vertex -2.02905 4.89856 2.14969
      vertex -1.53914 5.07386 2.14969
    endloop
  endfacet
  facet normal -0.173338 0.48445 0.857474
    outer loop
      vertex -1.59118 5.24543 2.02989
      vertex -2.09766 5.06421 2.02989
      vertex -2.06223 4.97867 2.08538
    endloop
  endfacet
  facet normal -0.173344 0.48446 0.857468
    outer loop
      vertex -1.59118 5.24543 2.02989
      vertex -2.06223 4.97867 2.08538
      vertex -1.56431 5.15683 2.08538
    endloop
  endfacet
  facet normal -0.14419 0.402982 0.903778
    outer loop
      vertex -1.61951 5.33882 1.98373
      vertex -2.13501 5.15437 1.98373
      vertex -2.09766 5.06421 2.02989
    endloop
  endfacet
  facet normal -0.144185 0.402975 0.903782
    outer loop
      vertex -1.61951 5.33882 1.98373
      vertex -2.09766 5.06421 2.02989
      vertex -1.59118 5.24543 2.02989
    endloop
  endfacet
  facet normal -0.113631 0.317569 0.941402
    outer loop
      vertex -1.64902 5.43608 1.94736
      vertex -2.1739 5.24827 1.94736
      vertex -2.13501 5.15437 1.98373
    endloop
  endfacet
  facet normal -0.113625 0.31756 0.941406
    outer loop
      vertex -1.64902 5.43608 1.94736
      vertex -2.13501 5.15437 1.98373
      vertex -1.61951 5.33882 1.98373
    endloop
  endfacet
  facet normal -0.081922 0.228959 0.969983
    outer loop
      vertex -1.67941 5.53628 1.92114
      vertex -2.21398 5.34501 1.92114
      vertex -2.1739 5.24827 1.94736
    endloop
  endfacet
  facet normal -0.0819297 0.228972 0.969979
    outer loop
      vertex -1.67941 5.53628 1.92114
      vertex -2.1739 5.24827 1.94736
      vertex -1.64902 5.43608 1.94736
    endloop
  endfacet
  facet normal -0.0494871 0.138315 0.989151
    outer loop
      vertex -1.71041 5.63846 1.9053
      vertex -2.25484 5.44367 1.9053
      vertex -2.21398 5.34501 1.92114
    endloop
  endfacet
  facet normal -0.0494923 0.138323 0.98915
    outer loop
      vertex -1.71041 5.63846 1.9053
      vertex -2.21398 5.34501 1.92114
      vertex -1.67941 5.53628 1.92114
    endloop
  endfacet
  facet normal -0.0165602 0.0462837 0.998791
    outer loop
      vertex -1.74171 5.74164 1.9
      vertex -2.2961 5.54328 1.9
      vertex -2.25484 5.44367 1.9053
    endloop
  endfacet
  facet normal -0.0165588 0.0462813 0.998791
    outer loop
      vertex -1.74171 5.74164 1.9
      vertex -2.25484 5.44367 1.9053
      vertex -1.71041 5.63846 1.9053
    endloop
  endfacet
  facet normal -0.0119437 0.0476813 -0.998791
    outer loop
      vertex -1.71041 5.63846 4.0947
      vertex -1.74171 5.74164 4.1
      vertex -1.14951 5.77896 4.0947
    endloop
  endfacet
  facet normal -0.0119438 0.0476824 -0.998791
    outer loop
      vertex -1.14951 5.77896 4.0947
      vertex -1.74171 5.74164 4.1
      vertex -1.17054 5.88471 4.1
    endloop
  endfacet
  facet normal -0.0356988 0.142508 -0.98915
    outer loop
      vertex -1.67941 5.53628 4.07886
      vertex -1.71041 5.63846 4.0947
      vertex -1.12868 5.67424 4.07886
    endloop
  endfacet
  facet normal -0.0356994 0.142518 -0.989148
    outer loop
      vertex -1.12868 5.67424 4.07886
      vertex -1.71041 5.63846 4.0947
      vertex -1.14951 5.77896 4.0947
    endloop
  endfacet
  facet normal -0.0591086 0.235985 -0.969957
    outer loop
      vertex -1.64902 5.43608 4.05263
      vertex -1.67941 5.53628 4.07886
      vertex -1.10825 5.57153 4.05263
    endloop
  endfacet
  facet normal -0.0591069 0.235952 -0.969965
    outer loop
      vertex -1.10825 5.57153 4.05263
      vertex -1.67941 5.53628 4.07886
      vertex -1.12868 5.67424 4.07886
    endloop
  endfacet
  facet normal -0.0819311 0.32709 -0.941435
    outer loop
      vertex -1.61951 5.33882 4.01627
      vertex -1.64902 5.43608 4.05263
      vertex -1.08842 5.47185 4.01627
    endloop
  endfacet
  facet normal -0.0819317 0.327104 -0.94143
    outer loop
      vertex -1.08842 5.47185 4.01627
      vertex -1.64902 5.43608 4.05263
      vertex -1.10825 5.57153 4.05263
    endloop
  endfacet
  facet normal -0.103998 0.415166 -0.903782
    outer loop
      vertex -1.59118 5.24543 3.97011
      vertex -1.61951 5.33882 4.01627
      vertex -1.06938 5.37614 3.97011
    endloop
  endfacet
  facet normal -0.103999 0.415191 -0.90377
    outer loop
      vertex -1.06938 5.37614 3.97011
      vertex -1.61951 5.33882 4.01627
      vertex -1.08842 5.47185 4.01627
    endloop
  endfacet
  facet normal -0.125024 0.499115 -0.857469
    outer loop
      vertex -1.56431 5.15683 3.91462
      vertex -1.59118 5.24543 3.97011
      vertex -1.05132 5.28533 3.91462
    endloop
  endfacet
  facet normal -0.125024 0.499102 -0.857477
    outer loop
      vertex -1.05132 5.28533 3.91462
      vertex -1.59118 5.24543 3.97011
      vertex -1.06938 5.37614 3.97011
    endloop
  endfacet
  facet normal -0.144864 0.578332 -0.802837
    outer loop
      vertex -1.53914 5.07386 3.85031
      vertex -1.56431 5.15683 3.91462
      vertex -1.0344 5.20029 3.85031
    endloop
  endfacet
  facet normal -0.144864 0.578317 -0.802848
    outer loop
      vertex -1.0344 5.20029 3.85031
      vertex -1.56431 5.15683 3.91462
      vertex -1.05132 5.28533 3.91462
    endloop
  endfacet
  facet normal -0.163276 0.651846 -0.740565
    outer loop
      vertex -1.51592 4.99732 3.77782
      vertex -1.53914 5.07386 3.85031
      vertex -1.0188 5.12184 3.77782
    endloop
  endfacet
  facet normal -0.163276 0.65184 -0.740571
    outer loop
      vertex -1.0188 5.12184 3.77782
      vertex -1.53914 5.07386 3.85031
      vertex -1.0344 5.20029 3.85031
    endloop
  endfacet
  facet normal -0.180138 0.719115 -0.671136
    outer loop
      vertex -1.49487 4.92794 3.69783
      vertex -1.51592 4.99732 3.77782
      vertex -1.00465 5.05074 3.69783
    endloop
  endfacet
  facet normal -0.180136 0.719155 -0.671094
    outer loop
      vertex -1.00465 5.05074 3.69783
      vertex -1.51592 4.99732 3.77782
      vertex -1.0188 5.12184 3.77782
    endloop
  endfacet
  facet normal -0.195249 0.779486 -0.595214
    outer loop
      vertex -1.47621 4.86641 3.61113
      vertex -1.49487 4.92794 3.69783
      vertex -0.992108 4.98767 3.61113
    endloop
  endfacet
  facet normal -0.195252 0.779451 -0.595258
    outer loop
      vertex -0.992108 4.98767 3.61113
      vertex -1.49487 4.92794 3.69783
      vertex -1.00465 5.05074 3.69783
    endloop
  endfacet
  facet normal -0.208478 0.832274 -0.51367
    outer loop
      vertex -1.4601 4.8133 3.51854
      vertex -1.47621 4.86641 3.61113
      vertex -0.981281 4.93324 3.51854
    endloop
  endfacet
  facet normal -0.208475 0.832289 -0.513648
    outer loop
      vertex -0.981281 4.93324 3.51854
      vertex -1.47621 4.86641 3.61113
      vertex -0.992108 4.98767 3.61113
    endloop
  endfacet
  facet normal -0.219705 0.877085 -0.427143
    outer loop
      vertex -1.4467 4.76913 3.42095
      vertex -1.4601 4.8133 3.51854
      vertex -0.972278 4.88797 3.42095
    endloop
  endfacet
  facet normal -0.219704 0.877091 -0.427133
    outer loop
      vertex -0.972278 4.88797 3.42095
      vertex -1.4601 4.8133 3.51854
      vertex -0.981281 4.93324 3.51854
    endloop
  endfacet
  facet normal -0.22881 0.913453 -0.336525
    outer loop
      vertex -1.43614 4.73433 3.31931
      vertex -1.4467 4.76913 3.42095
      vertex -0.965182 4.8523 3.31931
    endloop
  endfacet
  facet normal -0.228813 0.913446 -0.336543
    outer loop
      vertex -0.965182 4.8523 3.31931
      vertex -1.4467 4.76913 3.42095
      vertex -0.972278 4.88797 3.42095
    endloop
  endfacet
  facet normal -0.235726 0.941025 -0.242705
    outer loop
      vertex -1.42853 4.70923 3.2146
      vertex -1.43614 4.73433 3.31931
      vertex -0.960066 4.82658 3.2146
    endloop
  endfacet
  facet normal -0.23572 0.941037 -0.242665
    outer loop
      vertex -0.960066 4.82658 3.2146
      vertex -1.43614 4.73433 3.31931
      vertex -0.965182 4.8523 3.31931
    endloop
  endfacet
  facet normal -0.240347 0.959569 -0.146498
    outer loop
      vertex -1.42393 4.69408 3.10782
      vertex -1.42853 4.70923 3.2146
      vertex -0.956975 4.81104 3.10782
    endloop
  endfacet
  facet normal -0.240366 0.959548 -0.146604
    outer loop
      vertex -0.956975 4.81104 3.10782
      vertex -1.42853 4.70923 3.2146
      vertex -0.960066 4.82658 3.2146
    endloop
  endfacet
  facet normal -0.24269 0.968864 -0.0490251
    outer loop
      vertex -1.42239 4.68901 3
      vertex -1.42393 4.69408 3.10782
      vertex -0.955942 4.80585 3
    endloop
  endfacet
  facet normal -0.242677 0.968871 -0.0489624
    outer loop
      vertex -0.955942 4.80585 3
      vertex -1.42393 4.69408 3.10782
      vertex -0.956975 4.81104 3.10782
    endloop
  endfacet
  facet normal -0.242676 0.968868 0.0490251
    outer loop
      vertex -0.956975 4.81104 2.89218
      vertex -1.42393 4.69408 2.89218
      vertex -1.42239 4.68901 3
    endloop
  endfacet
  facet normal -0.24269 0.968867 0.0489624
    outer loop
      vertex -0.956975 4.81104 2.89218
      vertex -1.42239 4.68901 3
      vertex -0.955942 4.80585 3
    endloop
  endfacet
  facet normal -0.24037 0.959563 0.146498
    outer loop
      vertex -0.960066 4.82658 2.7854
      vertex -1.42853 4.70923 2.7854
      vertex -1.42393 4.69408 2.89218
    endloop
  endfacet
  facet normal -0.240343 0.959553 0.146604
    outer loop
      vertex -0.960066 4.82658 2.7854
      vertex -1.42393 4.69408 2.89218
      vertex -0.956975 4.81104 2.89218
    endloop
  endfacet
  facet normal -0.235717 0.941027 0.242704
    outer loop
      vertex -0.965182 4.8523 2.68069
      vertex -1.43614 4.73433 2.68069
      vertex -1.42853 4.70923 2.7854
    endloop
  endfacet
  facet normal -0.235729 0.941035 0.242664
    outer loop
      vertex -0.965182 4.8523 2.68069
      vertex -1.42853 4.70923 2.7854
      vertex -0.960066 4.82658 2.7854
    endloop
  endfacet
  facet normal -0.228815 0.913452 0.336525
    outer loop
      vertex -0.972278 4.88797 2.57905
      vertex -1.4467 4.76913 2.57905
      vertex -1.43614 4.73433 2.68069
    endloop
  endfacet
  facet normal -0.228809 0.913447 0.336543
    outer loop
      vertex -0.972278 4.88797 2.57905
      vertex -1.43614 4.73433 2.68069
      vertex -0.965182 4.8523 2.68069
    endloop
  endfacet
  facet normal -0.219702 0.877086 0.427143
    outer loop
      vertex -0.981281 4.93324 2.48146
      vertex -1.4601 4.8133 2.48146
      vertex -1.4467 4.76913 2.57905
    endloop
  endfacet
  facet normal -0.219706 0.87709 0.427133
    outer loop
      vertex -0.981281 4.93324 2.48146
      vertex -1.4467 4.76913 2.57905
      vertex -0.972278 4.88797 2.57905
    endloop
  endfacet
  facet normal -0.208472 0.832276 0.513669
    outer loop
      vertex -0.992108 4.98767 2.38887
      vertex -1.47621 4.86641 2.38887
      vertex -1.4601 4.8133 2.48146
    endloop
  endfacet
  facet normal -0.208481 0.832287 0.513647
    outer loop
      vertex -0.992108 4.98767 2.38887
      vertex -1.4601 4.8133 2.48146
      vertex -0.981281 4.93324 2.48146
    endloop
  endfacet
  facet normal -0.19526 0.779482 0.595215
    outer loop
      vertex -1.00465 5.05074 2.30217
      vertex -1.49487 4.92794 2.30217
      vertex -1.47621 4.86641 2.38887
    endloop
  endfacet
  facet normal -0.195241 0.779454 0.595258
    outer loop
      vertex -1.00465 5.05074 2.30217
      vertex -1.47621 4.86641 2.38887
      vertex -0.992108 4.98767 2.38887
    endloop
  endfacet
  facet normal -0.180127 0.719119 0.671135
    outer loop
      vertex -1.0188 5.12184 2.22218
      vertex -1.51592 4.99732 2.22218
      vertex -1.49487 4.92794 2.30217
    endloop
  endfacet
  facet normal -0.180147 0.719152 0.671094
    outer loop
      vertex -1.0188 5.12184 2.22218
      vertex -1.49487 4.92794 2.30217
      vertex -1.00465 5.05074 2.30217
    endloop
  endfacet
  facet normal -0.163278 0.651846 0.740566
    outer loop
      vertex -1.0344 5.20029 2.14969
      vertex -1.53914 5.07386 2.14969
      vertex -1.51592 4.99732 2.22218
    endloop
  endfacet
  facet normal -0.163275 0.651841 0.740571
    outer loop
      vertex -1.0344 5.20029 2.14969
      vertex -1.51592 4.99732 2.22218
      vertex -1.0188 5.12184 2.22218
    endloop
  endfacet
  facet normal -0.144867 0.578331 0.802837
    outer loop
      vertex -1.05132 5.28533 2.08538
      vertex -1.56431 5.15683 2.08538
      vertex -1.53914 5.07386 2.14969
    endloop
  endfacet
  facet normal -0.14486 0.578317 0.802848
    outer loop
      vertex -1.05132 5.28533 2.08538
      vertex -1.53914 5.07386 2.14969
      vertex -1.0344 5.20029 2.14969
    endloop
  endfacet
  facet normal -0.125027 0.499114 0.857469
    outer loop
      vertex -1.06938 5.37614 2.02989
      vertex -1.59118 5.24543 2.02989
      vertex -1.56431 5.15683 2.08538
    endloop
  endfacet
  facet normal -0.125021 0.499103 0.857477
    outer loop
      vertex -1.06938 5.37614 2.02989
      vertex -1.56431 5.15683 2.08538
      vertex -1.05132 5.28533 2.08538
    endloop
  endfacet
  facet normal -0.103993 0.415167 0.903782
    outer loop
      vertex -1.08842 5.47185 1.98373
      vertex -1.61951 5.33882 1.98373
      vertex -1.59118 5.24543 2.02989
    endloop
  endfacet
  facet normal -0.104004 0.41519 0.90377
    outer loop
      vertex -1.08842 5.47185 1.98373
      vertex -1.59118 5.24543 2.02989
      vertex -1.06938 5.37614 2.02989
    endloop
  endfacet
  facet normal -0.0819484 0.327171 0.941405
    outer loop
      vertex -1.10825 5.57153 1.94736
      vertex -1.64902 5.43608 1.94736
      vertex -1.61951 5.33882 1.98373
    endloop
  endfacet
  facet normal -0.0819543 0.327183 0.9414
    outer loop
      vertex -1.10825 5.57153 1.94736
      vertex -1.61951 5.33882 1.98373
      vertex -1.08842 5.47185 1.98373
    endloop
  endfacet
  facet normal -0.0590934 0.235898 0.969979
    outer loop
      vertex -1.12868 5.67424 1.92114
      vertex -1.67941 5.53628 1.92114
      vertex -1.64902 5.43608 1.94736
    endloop
  endfacet
  facet normal -0.0590795 0.235869 0.969987
    outer loop
      vertex -1.12868 5.67424 1.92114
      vertex -1.64902 5.43608 1.94736
      vertex -1.10825 5.57153 1.94736
    endloop
  endfacet
  facet normal -0.035697 0.142509 0.98915
    outer loop
      vertex -1.14951 5.77896 1.9053
      vertex -1.71041 5.63846 1.9053
      vertex -1.67941 5.53628 1.92114
    endloop
  endfacet
  facet normal -0.0357012 0.142518 0.989148
    outer loop
      vertex -1.14951 5.77896 1.9053
      vertex -1.67941 5.53628 1.92114
      vertex -1.12868 5.67424 1.92114
    endloop
  endfacet
  facet normal -0.0119435 0.0476813 0.998791
    outer loop
      vertex -1.17054 5.88471 1.9
      vertex -1.74171 5.74164 1.9
      vertex -1.71041 5.63846 1.9053
    endloop
  endfacet
  facet normal -0.011944 0.0476824 0.998791
    outer loop
      vertex -1.17054 5.88471 1.9
      vertex -1.71041 5.63846 1.9053
      vertex -1.14951 5.77896 1.9053
    endloop
  endfacet
  facet normal -0.00721304 0.0486232 -0.998791
    outer loop
      vertex -1.14951 5.77896 4.0947
      vertex -1.17054 5.88471 4.1
      vertex -0.577535 5.86381 4.0947
    endloop
  endfacet
  facet normal -0.007213 0.0486242 -0.998791
    outer loop
      vertex -0.577535 5.86381 4.0947
      vertex -1.17054 5.88471 4.1
      vertex -0.588102 5.97111 4.1
    endloop
  endfacet
  facet normal -0.021556 0.145331 -0.989148
    outer loop
      vertex -1.12868 5.67424 4.07886
      vertex -1.14951 5.77896 4.0947
      vertex -0.567068 5.75754 4.07886
    endloop
  endfacet
  facet normal -0.0215567 0.145314 -0.989151
    outer loop
      vertex -0.567068 5.75754 4.07886
      vertex -1.14951 5.77896 4.0947
      vertex -0.577535 5.86381 4.0947
    endloop
  endfacet
  facet normal -0.0356914 0.24061 -0.969966
    outer loop
      vertex -1.10825 5.57153 4.05263
      vertex -1.12868 5.67424 4.07886
      vertex -0.556805 5.65333 4.05263
    endloop
  endfacet
  facet normal -0.0356906 0.240627 -0.969961
    outer loop
      vertex -0.556805 5.65333 4.05263
      vertex -1.12868 5.67424 4.07886
      vertex -0.567068 5.75754 4.07886
    endloop
  endfacet
  facet normal -0.0494756 0.33356 -0.94143
    outer loop
      vertex -1.08842 5.47185 4.01627
      vertex -1.10825 5.57153 4.05263
      vertex -0.546842 5.55218 4.01627
    endloop
  endfacet
  facet normal -0.0494767 0.333541 -0.941436
    outer loop
      vertex -0.546842 5.55218 4.01627
      vertex -1.10825 5.57153 4.05263
      vertex -0.556805 5.65333 4.05263
    endloop
  endfacet
  facet normal -0.0628033 0.423386 -0.90377
    outer loop
      vertex -1.06938 5.37614 3.97011
      vertex -1.08842 5.47185 4.01627
      vertex -0.537277 5.45507 3.97011
    endloop
  endfacet
  facet normal -0.062802 0.423405 -0.903761
    outer loop
      vertex -0.537277 5.45507 3.97011
      vertex -1.08842 5.47185 4.01627
      vertex -0.546842 5.55218 4.01627
    endloop
  endfacet
  facet normal -0.075489 0.508954 -0.857477
    outer loop
      vertex -1.05132 5.28533 3.91462
      vertex -1.06938 5.37614 3.97011
      vertex -0.528201 5.36292 3.91462
    endloop
  endfacet
  facet normal -0.0754916 0.508923 -0.857495
    outer loop
      vertex -0.528201 5.36292 3.91462
      vertex -1.06938 5.37614 3.97011
      vertex -0.537277 5.45507 3.97011
    endloop
  endfacet
  facet normal -0.0874808 0.589733 -0.802846
    outer loop
      vertex -1.0344 5.20029 3.85031
      vertex -1.05132 5.28533 3.91462
      vertex -0.519703 5.27664 3.85031
    endloop
  endfacet
  facet normal -0.0874765 0.589774 -0.802816
    outer loop
      vertex -0.519703 5.27664 3.85031
      vertex -1.05132 5.28533 3.91462
      vertex -0.528201 5.36292 3.91462
    endloop
  endfacet
  facet normal -0.0986032 0.664702 -0.740573
    outer loop
      vertex -1.0188 5.12184 3.77782
      vertex -1.0344 5.20029 3.85031
      vertex -0.511863 5.19704 3.77782
    endloop
  endfacet
  facet normal -0.0986026 0.664708 -0.740568
    outer loop
      vertex -0.511863 5.19704 3.77782
      vertex -1.0344 5.20029 3.85031
      vertex -0.519703 5.27664 3.85031
    endloop
  endfacet
  facet normal -0.108779 0.733352 -0.67109
    outer loop
      vertex -1.00465 5.05074 3.69783
      vertex -1.0188 5.12184 3.77782
      vertex -0.504757 5.12489 3.69783
    endloop
  endfacet
  facet normal -0.108783 0.733327 -0.671116
    outer loop
      vertex -0.504757 5.12489 3.69783
      vertex -1.0188 5.12184 3.77782
      vertex -0.511863 5.19704 3.77782
    endloop
  endfacet
  facet normal -0.117892 0.794838 -0.59526
    outer loop
      vertex -0.992108 4.98767 3.61113
      vertex -1.00465 5.05074 3.69783
      vertex -0.498454 5.06089 3.61113
    endloop
  endfacet
  facet normal -0.117897 0.794817 -0.595287
    outer loop
      vertex -0.498454 5.06089 3.61113
      vertex -1.00465 5.05074 3.69783
      vertex -0.504757 5.12489 3.69783
    endloop
  endfacet
  facet normal -0.125899 0.848714 -0.513647
    outer loop
      vertex -0.981281 4.93324 3.51854
      vertex -0.992108 4.98767 3.61113
      vertex -0.493014 5.00567 3.51854
    endloop
  endfacet
  facet normal -0.125889 0.848753 -0.513586
    outer loop
      vertex -0.493014 5.00567 3.51854
      vertex -0.992108 4.98767 3.61113
      vertex -0.498454 5.06089 3.61113
    endloop
  endfacet
  facet normal -0.132667 0.894403 -0.427134
    outer loop
      vertex -0.972278 4.88797 3.42095
      vertex -0.981281 4.93324 3.51854
      vertex -0.488491 4.95973 3.42095
    endloop
  endfacet
  facet normal -0.132674 0.894382 -0.427175
    outer loop
      vertex -0.488491 4.95973 3.42095
      vertex -0.981281 4.93324 3.51854
      vertex -0.493014 5.00567 3.51854
    endloop
  endfacet
  facet normal -0.138173 0.931476 -0.336543
    outer loop
      vertex -0.965182 4.8523 3.31931
      vertex -0.972278 4.88797 3.42095
      vertex -0.484926 4.92354 3.31931
    endloop
  endfacet
  facet normal -0.138167 0.931488 -0.336512
    outer loop
      vertex -0.484926 4.92354 3.31931
      vertex -0.972278 4.88797 3.42095
      vertex -0.488491 4.95973 3.42095
    endloop
  endfacet
  facet normal -0.142341 0.959611 -0.242665
    outer loop
      vertex -0.960066 4.82658 3.2146
      vertex -0.965182 4.8523 3.31931
      vertex -0.482355 4.89744 3.2146
    endloop
  endfacet
  facet normal -0.142345 0.959605 -0.242686
    outer loop
      vertex -0.482355 4.89744 3.2146
      vertex -0.965182 4.8523 3.31931
      vertex -0.484926 4.92354 3.31931
    endloop
  endfacet
  facet normal -0.145158 0.978487 -0.146604
    outer loop
      vertex -0.956975 4.81104 3.10782
      vertex -0.960066 4.82658 3.2146
      vertex -0.480803 4.88168 3.10782
    endloop
  endfacet
  facet normal -0.145143 0.9785 -0.14653
    outer loop
      vertex -0.480803 4.88168 3.10782
      vertex -0.960066 4.82658 3.2146
      vertex -0.482355 4.89744 3.2146
    endloop
  endfacet
  facet normal -0.14654 0.987992 -0.0489617
    outer loop
      vertex -0.955942 4.80585 3
      vertex -0.956975 4.81104 3.10782
      vertex -0.480284 4.8764 3
    endloop
  endfacet
  facet normal -0.146567 0.987982 -0.0490875
    outer loop
      vertex -0.480284 4.8764 3
      vertex -0.956975 4.81104 3.10782
      vertex -0.480803 4.88168 3.10782
    endloop
  endfacet
  facet normal -0.146568 0.987988 0.0489618
    outer loop
      vertex -0.480803 4.88168 2.89218
      vertex -0.956975 4.81104 2.89218
      vertex -0.955942 4.80585 3
    endloop
  endfacet
  facet normal -0.146539 0.987986 0.0490876
    outer loop
      vertex -0.480803 4.88168 2.89218
      vertex -0.955942 4.80585 3
      vertex -0.480284 4.8764 3
    endloop
  endfacet
  facet normal -0.145142 0.978489 0.146604
    outer loop
      vertex -0.482355 4.89744 2.7854
      vertex -0.960066 4.82658 2.7854
      vertex -0.956975 4.81104 2.89218
    endloop
  endfacet
  facet normal -0.14516 0.978498 0.146529
    outer loop
      vertex -0.482355 4.89744 2.7854
      vertex -0.956975 4.81104 2.89218
      vertex -0.480803 4.88168 2.89218
    endloop
  endfacet
  facet normal -0.142346 0.95961 0.242665
    outer loop
      vertex -0.484926 4.92354 2.68069
      vertex -0.965182 4.8523 2.68069
      vertex -0.960066 4.82658 2.7854
    endloop
  endfacet
  facet normal -0.142341 0.959605 0.242686
    outer loop
      vertex -0.484926 4.92354 2.68069
      vertex -0.960066 4.82658 2.7854
      vertex -0.482355 4.89744 2.7854
    endloop
  endfacet
  facet normal -0.138166 0.931477 0.336543
    outer loop
      vertex -0.488491 4.95973 2.57905
      vertex -0.972278 4.88797 2.57905
      vertex -0.965182 4.8523 2.68069
    endloop
  endfacet
  facet normal -0.138174 0.931487 0.336512
    outer loop
      vertex -0.488491 4.95973 2.57905
      vertex -0.965182 4.8523 2.68069
      vertex -0.484926 4.92354 2.68069
    endloop
  endfacet
  facet normal -0.132676 0.894401 0.427134
    outer loop
      vertex -0.493014 5.00567 2.48146
      vertex -0.981281 4.93324 2.48146
      vertex -0.972278 4.88797 2.57905
    endloop
  endfacet
  facet normal -0.132664 0.894383 0.427175
    outer loop
      vertex -0.493014 5.00567 2.48146
      vertex -0.972278 4.88797 2.57905
      vertex -0.488491 4.95973 2.57905
    endloop
  endfacet
  facet normal -0.125884 0.848717 0.513647
    outer loop
      vertex -0.498454 5.06089 2.38887
      vertex -0.992108 4.98767 2.38887
      vertex -0.981281 4.93324 2.48146
    endloop
  endfacet
  facet normal -0.125904 0.848751 0.513586
    outer loop
      vertex -0.498454 5.06089 2.38887
      vertex -0.981281 4.93324 2.48146
      vertex -0.493014 5.00567 2.48146
    endloop
  endfacet
  facet normal -0.1179 0.794837 0.59526
    outer loop
      vertex -0.504757 5.12489 2.30217
      vertex -1.00465 5.05074 2.30217
      vertex -0.992108 4.98767 2.38887
    endloop
  endfacet
  facet normal -0.117889 0.794818 0.595287
    outer loop
      vertex -0.504757 5.12489 2.30217
      vertex -0.992108 4.98767 2.38887
      vertex -0.498454 5.06089 2.38887
    endloop
  endfacet
  facet normal -0.108787 0.73335 0.671091
    outer loop
      vertex -0.511863 5.19704 2.22218
      vertex -1.0188 5.12184 2.22218
      vertex -1.00465 5.05074 2.30217
    endloop
  endfacet
  facet normal -0.108776 0.733328 0.671116
    outer loop
      vertex -0.511863 5.19704 2.22218
      vertex -1.00465 5.05074 2.30217
      vertex -0.504757 5.12489 2.30217
    endloop
  endfacet
  facet normal -0.0986018 0.664703 0.740573
    outer loop
      vertex -0.519703 5.27664 2.14969
      vertex -1.0344 5.20029 2.14969
      vertex -1.0188 5.12184 2.22218
    endloop
  endfacet
  facet normal -0.098604 0.664708 0.740568
    outer loop
      vertex -0.519703 5.27664 2.14969
      vertex -1.0188 5.12184 2.22218
      vertex -0.511863 5.19704 2.22218
    endloop
  endfacet
  facet normal -0.0874706 0.589735 0.802846
    outer loop
      vertex -0.528201 5.36292 2.08538
      vertex -1.05132 5.28533 2.08538
      vertex -1.0344 5.20029 2.14969
    endloop
  endfacet
  facet normal -0.0874868 0.589773 0.802816
    outer loop
      vertex -0.528201 5.36292 2.08538
      vertex -1.0344 5.20029 2.14969
      vertex -0.519703 5.27664 2.14969
    endloop
  endfacet
  facet normal -0.0754959 0.508952 0.857478
    outer loop
      vertex -0.537277 5.45507 2.02989
      vertex -1.06938 5.37614 2.02989
      vertex -1.05132 5.28533 2.08538
    endloop
  endfacet
  facet normal -0.0754845 0.508924 0.857496
    outer loop
      vertex -0.537277 5.45507 2.02989
      vertex -1.05132 5.28533 2.08538
      vertex -0.528201 5.36292 2.08538
    endloop
  endfacet
  facet normal -0.0627992 0.423387 0.90377
    outer loop
      vertex -0.546842 5.55218 1.98373
      vertex -1.08842 5.47185 1.98373
      vertex -1.06938 5.37614 2.02989
    endloop
  endfacet
  facet normal -0.0628062 0.423405 0.903761
    outer loop
      vertex -0.546842 5.55218 1.98373
      vertex -1.06938 5.37614 2.02989
      vertex -0.537277 5.45507 2.02989
    endloop
  endfacet
  facet normal -0.0494915 0.333641 0.9414
    outer loop
      vertex -0.556805 5.65333 1.94736
      vertex -1.10825 5.57153 1.94736
      vertex -1.08842 5.47185 1.98373
    endloop
  endfacet
  facet normal -0.0494849 0.333623 0.941407
    outer loop
      vertex -0.556805 5.65333 1.94736
      vertex -1.08842 5.47185 1.98373
      vertex -0.546842 5.55218 1.98373
    endloop
  endfacet
  facet normal -0.0356753 0.240524 0.969987
    outer loop
      vertex -0.567068 5.75754 1.92114
      vertex -1.12868 5.67424 1.92114
      vertex -1.10825 5.57153 1.94736
    endloop
  endfacet
  facet normal -0.0356812 0.240541 0.969983
    outer loop
      vertex -0.567068 5.75754 1.92114
      vertex -1.10825 5.57153 1.94736
      vertex -0.556805 5.65333 1.94736
    endloop
  endfacet
  facet normal -0.0215592 0.145331 0.989148
    outer loop
      vertex -0.577535 5.86381 1.9053
      vertex -1.14951 5.77896 1.9053
      vertex -1.12868 5.67424 1.92114
    endloop
  endfacet
  facet normal -0.0215535 0.145314 0.989151
    outer loop
      vertex -0.577535 5.86381 1.9053
      vertex -1.12868 5.67424 1.92114
      vertex -0.567068 5.75754 1.92114
    endloop
  endfacet
  facet normal -0.00721287 0.0486232 0.998791
    outer loop
      vertex -0.588102 5.97111 1.9
      vertex -1.17054 5.88471 1.9
      vertex -1.14951 5.77896 1.9053
    endloop
  endfacet
  facet normal -0.00721318 0.0486241 0.998791
    outer loop
      vertex -0.588102 5.97111 1.9
      vertex -1.14951 5.77896 1.9053
      vertex -0.577535 5.86381 1.9053
    endloop
  endfacet
  facet normal -0.00241177 0.049097 -0.998791
    outer loop
      vertex -0.577535 5.86381 4.0947
      vertex -0.588102 5.97111 4.1
      vertex 0 5.89218 4.0947
    endloop
  endfacet
  facet normal -0.00241183 0.0490966 -0.998791
    outer loop
      vertex 0 5.89218 4.0947
      vertex -0.588102 5.97111 4.1
      vertex 0 6 4.1
    endloop
  endfacet
  facet normal -0.00720869 0.146727 -0.989151
    outer loop
      vertex -0.567068 5.75754 4.07886
      vertex -0.577535 5.86381 4.0947
      vertex 0 5.7854 4.07886
    endloop
  endfacet
  facet normal -0.00720789 0.146733 -0.98915
    outer loop
      vertex 0 5.7854 4.07886
      vertex -0.577535 5.86381 4.0947
      vertex 0 5.89218 4.0947
    endloop
  endfacet
  facet normal -0.0119388 0.242967 -0.969961
    outer loop
      vertex -0.556805 5.65333 4.05263
      vertex -0.567068 5.75754 4.07886
      vertex 0 5.68069 4.05263
    endloop
  endfacet
  facet normal -0.0119374 0.242976 -0.969959
    outer loop
      vertex 0 5.68069 4.05263
      vertex -0.567068 5.75754 4.07886
      vertex 0 5.7854 4.07886
    endloop
  endfacet
  facet normal -0.0165485 0.336785 -0.941436
    outer loop
      vertex -0.546842 5.55218 4.01627
      vertex -0.556805 5.65333 4.05263
      vertex 0 5.57905 4.01627
    endloop
  endfacet
  facet normal -0.0165487 0.336783 -0.941437
    outer loop
      vertex 0 5.57905 4.01627
      vertex -0.556805 5.65333 4.05263
      vertex 0 5.68069 4.05263
    endloop
  endfacet
  facet normal -0.0209991 0.427523 -0.903761
    outer loop
      vertex -0.537277 5.45507 3.97011
      vertex -0.546842 5.55218 4.01627
      vertex 0 5.48146 3.97011
    endloop
  endfacet
  facet normal -0.0210053 0.427486 -0.903778
    outer loop
      vertex 0 5.48146 3.97011
      vertex -0.546842 5.55218 4.01627
      vertex 0 5.57905 4.01627
    endloop
  endfacet
  facet normal -0.025246 0.513872 -0.857495
    outer loop
      vertex -0.528201 5.36292 3.91462
      vertex -0.537277 5.45507 3.97011
      vertex 0 5.38887 3.91462
    endloop
  endfacet
  facet normal -0.0252416 0.513896 -0.857481
    outer loop
      vertex 0 5.38887 3.91462
      vertex -0.537277 5.45507 3.97011
      vertex 0 5.48146 3.97011
    endloop
  endfacet
  facet normal -0.0292539 0.595509 -0.802816
    outer loop
      vertex -0.519703 5.27664 3.85031
      vertex -0.528201 5.36292 3.91462
      vertex 0 5.30217 3.85031
    endloop
  endfacet
  facet normal -0.0292562 0.595497 -0.802824
    outer loop
      vertex 0 5.30217 3.85031
      vertex -0.528201 5.36292 3.91462
      vertex 0 5.38887 3.91462
    endloop
  endfacet
  facet normal -0.0329644 0.671172 -0.740568
    outer loop
      vertex -0.511863 5.19704 3.77782
      vertex -0.519703 5.27664 3.85031
      vertex 0 5.22218 3.77782
    endloop
  endfacet
  facet normal -0.0329697 0.67115 -0.740588
    outer loop
      vertex 0 5.22218 3.77782
      vertex -0.519703 5.27664 3.85031
      vertex 0 5.30217 3.85031
    endloop
  endfacet
  facet normal -0.0363806 0.740459 -0.671117
    outer loop
      vertex -0.504757 5.12489 3.69783
      vertex -0.511863 5.19704 3.77782
      vertex 0 5.14969 3.69783
    endloop
  endfacet
  facet normal -0.0363695 0.740501 -0.67107
    outer loop
      vertex 0 5.14969 3.69783
      vertex -0.511863 5.19704 3.77782
      vertex 0 5.22218 3.77782
    endloop
  endfacet
  facet normal -0.0394306 0.802545 -0.595287
    outer loop
      vertex -0.498454 5.06089 3.61113
      vertex -0.504757 5.12489 3.69783
      vertex 0 5.08538 3.61113
    endloop
  endfacet
  facet normal -0.039431 0.802543 -0.595289
    outer loop
      vertex 0 5.08538 3.61113
      vertex -0.504757 5.12489 3.69783
      vertex 0 5.14969 3.69783
    endloop
  endfacet
  facet normal -0.0421016 0.857005 -0.513585
    outer loop
      vertex -0.493014 5.00567 3.51854
      vertex -0.498454 5.06089 3.61113
      vertex 0 5.02989 3.51854
    endloop
  endfacet
  facet normal -0.0421057 0.856994 -0.513604
    outer loop
      vertex 0 5.02989 3.51854
      vertex -0.498454 5.06089 3.61113
      vertex 0 5.08538 3.61113
    endloop
  endfacet
  facet normal -0.0443691 0.903079 -0.427176
    outer loop
      vertex -0.488491 4.95973 3.42095
      vertex -0.493014 5.00567 3.51854
      vertex 0 4.98373 3.42095
    endloop
  endfacet
  facet normal -0.0443654 0.903087 -0.42716
    outer loop
      vertex 0 4.98373 3.42095
      vertex -0.493014 5.00567 3.51854
      vertex 0 5.02989 3.51854
    endloop
  endfacet
  facet normal -0.0462004 0.940545 -0.336512
    outer loop
      vertex -0.484926 4.92354 3.31931
      vertex -0.488491 4.95973 3.42095
      vertex 0 4.94736 3.31931
    endloop
  endfacet
  facet normal -0.0462091 0.940531 -0.336552
    outer loop
      vertex 0 4.94736 3.31931
      vertex -0.488491 4.95973 3.42095
      vertex 0 4.98373 3.42095
    endloop
  endfacet
  facet normal -0.0476076 0.968936 -0.242686
    outer loop
      vertex -0.482355 4.89744 3.2146
      vertex -0.484926 4.92354 3.31931
      vertex 0 4.92114 3.2146
    endloop
  endfacet
  facet normal -0.0475957 0.96895 -0.242631
    outer loop
      vertex 0 4.92114 3.2146
      vertex -0.484926 4.92354 3.31931
      vertex 0 4.94736 3.31931
    endloop
  endfacet
  facet normal -0.0485374 0.988015 -0.14653
    outer loop
      vertex -0.480803 4.88168 3.10782
      vertex -0.482355 4.89744 3.2146
      vertex 0 4.9053 3.10782
    endloop
  endfacet
  facet normal -0.0485448 0.988009 -0.146564
    outer loop
      vertex 0 4.9053 3.10782
      vertex -0.482355 4.89744 3.2146
      vertex 0 4.92114 3.2146
    endloop
  endfacet
  facet normal -0.0490192 0.997591 -0.0490885
    outer loop
      vertex -0.480284 4.8764 3
      vertex -0.480803 4.88168 3.10782
      vertex 0 4.9 3
    endloop
  endfacet
  facet normal -0.0490079 0.997594 -0.0490377
    outer loop
      vertex 0 4.9 3
      vertex -0.480803 4.88168 3.10782
      vertex 0 4.9053 3.10782
    endloop
  endfacet
  facet normal -0.0490078 0.997591 0.0490885
    outer loop
      vertex 0 4.9053 2.89218
      vertex -0.480803 4.88168 2.89218
      vertex -0.480284 4.8764 3
    endloop
  endfacet
  facet normal -0.0490193 0.997593 0.0490377
    outer loop
      vertex 0 4.9053 2.89218
      vertex -0.480284 4.8764 3
      vertex 0 4.9 3
    endloop
  endfacet
  facet normal -0.048545 0.988014 0.14653
    outer loop
      vertex 0 4.92114 2.7854
      vertex -0.482355 4.89744 2.7854
      vertex -0.480803 4.88168 2.89218
    endloop
  endfacet
  facet normal -0.0485371 0.98801 0.146564
    outer loop
      vertex 0 4.92114 2.7854
      vertex -0.480803 4.88168 2.89218
      vertex 0 4.9053 2.89218
    endloop
  endfacet
  facet normal -0.047595 0.968937 0.242686
    outer loop
      vertex 0 4.94736 2.68069
      vertex -0.484926 4.92354 2.68069
      vertex -0.482355 4.89744 2.7854
    endloop
  endfacet
  facet normal -0.0476083 0.96895 0.242631
    outer loop
      vertex 0 4.94736 2.68069
      vertex -0.482355 4.89744 2.7854
      vertex 0 4.92114 2.7854
    endloop
  endfacet
  facet normal -0.0462098 0.940545 0.336512
    outer loop
      vertex 0 4.98373 2.57905
      vertex -0.488491 4.95973 2.57905
      vertex -0.484926 4.92354 2.68069
    endloop
  endfacet
  facet normal -0.0461997 0.940531 0.336552
    outer loop
      vertex 0 4.98373 2.57905
      vertex -0.484926 4.92354 2.68069
      vertex 0 4.94736 2.68069
    endloop
  endfacet
  facet normal -0.044365 0.903079 0.427176
    outer loop
      vertex 0 5.02989 2.48146
      vertex -0.493014 5.00567 2.48146
      vertex -0.488491 4.95973 2.57905
    endloop
  endfacet
  facet normal -0.0443695 0.903087 0.427159
    outer loop
      vertex 0 5.02989 2.48146
      vertex -0.488491 4.95973 2.57905
      vertex 0 4.98373 2.57905
    endloop
  endfacet
  facet normal -0.0421063 0.857005 0.513585
    outer loop
      vertex 0 5.08538 2.38887
      vertex -0.498454 5.06089 2.38887
      vertex -0.493014 5.00567 2.48146
    endloop
  endfacet
  facet normal -0.042101 0.856994 0.513604
    outer loop
      vertex 0 5.08538 2.38887
      vertex -0.493014 5.00567 2.48146
      vertex 0 5.02989 2.48146
    endloop
  endfacet
  facet normal -0.0394311 0.802545 0.595287
    outer loop
      vertex 0 5.14969 2.30217
      vertex -0.504757 5.12489 2.30217
      vertex -0.498454 5.06089 2.38887
    endloop
  endfacet
  facet normal -0.0394305 0.802543 0.595289
    outer loop
      vertex 0 5.14969 2.30217
      vertex -0.498454 5.06089 2.38887
      vertex 0 5.08538 2.38887
    endloop
  endfacet
  facet normal -0.0363675 0.74046 0.671116
    outer loop
      vertex 0 5.22218 2.22218
      vertex -0.511863 5.19704 2.22218
      vertex -0.504757 5.12489 2.30217
    endloop
  endfacet
  facet normal -0.0363827 0.740501 0.67107
    outer loop
      vertex 0 5.22218 2.22218
      vertex -0.504757 5.12489 2.30217
      vertex 0 5.14969 2.30217
    endloop
  endfacet
  facet normal -0.0329708 0.671172 0.740568
    outer loop
      vertex 0 5.30217 2.14969
      vertex -0.519703 5.27664 2.14969
      vertex -0.511863 5.19704 2.22218
    endloop
  endfacet
  facet normal -0.0329633 0.67115 0.740589
    outer loop
      vertex 0 5.30217 2.14969
      vertex -0.511863 5.19704 2.22218
      vertex 0 5.22218 2.22218
    endloop
  endfacet
  facet normal -0.0292568 0.595509 0.802816
    outer loop
      vertex 0 5.38887 2.08538
      vertex -0.528201 5.36292 2.08538
      vertex -0.519703 5.27664 2.14969
    endloop
  endfacet
  facet normal -0.0292533 0.595498 0.802824
    outer loop
      vertex 0 5.38887 2.08538
      vertex -0.519703 5.27664 2.14969
      vertex 0 5.30217 2.14969
    endloop
  endfacet
  facet normal -0.0252404 0.513872 0.857495
    outer loop
      vertex 0 5.48146 2.02989
      vertex -0.537277 5.45507 2.02989
      vertex -0.528201 5.36292 2.08538
    endloop
  endfacet
  facet normal -0.0252472 0.513896 0.857481
    outer loop
      vertex 0 5.48146 2.02989
      vertex -0.528201 5.36292 2.08538
      vertex 0 5.38887 2.08538
    endloop
  endfacet
  facet normal -0.021007 0.427522 0.903761
    outer loop
      vertex 0 5.57905 1.98373
      vertex -0.546842 5.55218 1.98373
      vertex -0.537277 5.45507 2.02989
    endloop
  endfacet
  facet normal -0.0209973 0.427486 0.903778
    outer loop
      vertex 0 5.57905 1.98373
      vertex -0.537277 5.45507 2.02989
      vertex 0 5.48146 2.02989
    endloop
  endfacet
  facet normal -0.0165528 0.336867 0.941407
    outer loop
      vertex 0 5.68069 1.94736
      vertex -0.556805 5.65333 1.94736
      vertex -0.546842 5.55218 1.98373
    endloop
  endfacet
  facet normal -0.0165524 0.336865 0.941407
    outer loop
      vertex 0 5.68069 1.94736
      vertex -0.546842 5.55218 1.98373
      vertex 0 5.57905 1.98373
    endloop
  endfacet
  facet normal -0.0119327 0.24288 0.969983
    outer loop
      vertex 0 5.7854 1.92114
      vertex -0.567068 5.75754 1.92114
      vertex -0.556805 5.65333 1.94736
    endloop
  endfacet
  facet normal -0.0119349 0.242889 0.969981
    outer loop
      vertex 0 5.7854 1.92114
      vertex -0.556805 5.65333 1.94736
      vertex 0 5.68069 1.94736
    endloop
  endfacet
  facet normal -0.00720762 0.146727 0.989151
    outer loop
      vertex 0 5.89218 1.9053
      vertex -0.577535 5.86381 1.9053
      vertex -0.567068 5.75754 1.92114
    endloop
  endfacet
  facet normal -0.00720897 0.146733 0.98915
    outer loop
      vertex 0 5.89218 1.9053
      vertex -0.567068 5.75754 1.92114
      vertex 0 5.7854 1.92114
    endloop
  endfacet
  facet normal -0.00241185 0.049097 0.998791
    outer loop
      vertex 0 6 1.9
      vertex -0.588102 5.97111 1.9
      vertex -0.577535 5.86381 1.9053
    endloop
  endfacet
  facet normal -0.00241175 0.0490966 0.998791
    outer loop
      vertex 0 6 1.9
      vertex -0.577535 5.86381 1.9053
      vertex 0 5.89218 1.9053
    endloop
  endfacet
  facet normal 0.00241175 0.0490966 -0.998791
    outer loop
      vertex 0.577535 5.86381 4.0947
      vertex 0 5.89218 4.0947
      vertex 0 6 4.1
    endloop
  endfacet
  facet normal 0.00241185 0.049097 -0.998791
    outer loop
      vertex 0.577535 5.86381 4.0947
      vertex 0 6 4.1
      vertex 0.588102 5.97111 4.1
    endloop
  endfacet
  facet normal 0.00720897 0.146733 -0.98915
    outer loop
      vertex 0.567068 5.75754 4.07886
      vertex 0 5.7854 4.07886
      vertex 0 5.89218 4.0947
    endloop
  endfacet
  facet normal 0.00720762 0.146727 -0.989151
    outer loop
      vertex 0.567068 5.75754 4.07886
      vertex 0 5.89218 4.0947
      vertex 0.577535 5.86381 4.0947
    endloop
  endfacet
  facet normal 0.0119392 0.242976 -0.969959
    outer loop
      vertex 0.556805 5.65333 4.05263
      vertex 0 5.68069 4.05263
      vertex 0 5.7854 4.07886
    endloop
  endfacet
  facet normal 0.0119369 0.242967 -0.969961
    outer loop
      vertex 0.556805 5.65333 4.05263
      vertex 0 5.7854 4.07886
      vertex 0.567068 5.75754 4.07886
    endloop
  endfacet
  facet normal 0.0165484 0.336783 -0.941437
    outer loop
      vertex 0.546842 5.55218 4.01627
      vertex 0 5.57905 4.01627
      vertex 0 5.68069 4.05263
    endloop
  endfacet
  facet normal 0.0165487 0.336784 -0.941436
    outer loop
      vertex 0.546842 5.55218 4.01627
      vertex 0 5.68069 4.05263
      vertex 0.556805 5.65333 4.05263
    endloop
  endfacet
  facet normal 0.0209973 0.427486 -0.903778
    outer loop
      vertex 0.537277 5.45507 3.97011
      vertex 0 5.48146 3.97011
      vertex 0 5.57905 4.01627
    endloop
  endfacet
  facet normal 0.021007 0.427522 -0.903761
    outer loop
      vertex 0.537277 5.45507 3.97011
      vertex 0 5.57905 4.01627
      vertex 0.546842 5.55218 4.01627
    endloop
  endfacet
  facet normal 0.0252472 0.513896 -0.857481
    outer loop
      vertex 0.528201 5.36292 3.91462
      vertex 0 5.38887 3.91462
      vertex 0 5.48146 3.97011
    endloop
  endfacet
  facet normal 0.0252404 0.513872 -0.857495
    outer loop
      vertex 0.528201 5.36292 3.91462
      vertex 0 5.48146 3.97011
      vertex 0.537277 5.45507 3.97011
    endloop
  endfacet
  facet normal 0.0292533 0.595498 -0.802824
    outer loop
      vertex 0.519703 5.27664 3.85031
      vertex 0 5.30217 3.85031
      vertex 0 5.38887 3.91462
    endloop
  endfacet
  facet normal 0.0292568 0.595509 -0.802816
    outer loop
      vertex 0.519703 5.27664 3.85031
      vertex 0 5.38887 3.91462
      vertex 0.528201 5.36292 3.91462
    endloop
  endfacet
  facet normal 0.0329633 0.67115 -0.740589
    outer loop
      vertex 0.511863 5.19704 3.77782
      vertex 0 5.22218 3.77782
      vertex 0 5.30217 3.85031
    endloop
  endfacet
  facet normal 0.0329708 0.671172 -0.740568
    outer loop
      vertex 0.511863 5.19704 3.77782
      vertex 0 5.30217 3.85031
      vertex 0.519703 5.27664 3.85031
    endloop
  endfacet
  facet normal 0.0363827 0.740501 -0.67107
    outer loop
      vertex 0.504757 5.12489 3.69783
      vertex 0 5.14969 3.69783
      vertex 0 5.22218 3.77782
    endloop
  endfacet
  facet normal 0.0363675 0.74046 -0.671116
    outer loop
      vertex 0.504757 5.12489 3.69783
      vertex 0 5.22218 3.77782
      vertex 0.511863 5.19704 3.77782
    endloop
  endfacet
  facet normal 0.0394305 0.802543 -0.595289
    outer loop
      vertex 0.498454 5.06089 3.61113
      vertex 0 5.08538 3.61113
      vertex 0 5.14969 3.69783
    endloop
  endfacet
  facet normal 0.0394311 0.802545 -0.595287
    outer loop
      vertex 0.498454 5.06089 3.61113
      vertex 0 5.14969 3.69783
      vertex 0.504757 5.12489 3.69783
    endloop
  endfacet
  facet normal 0.042101 0.856994 -0.513604
    outer loop
      vertex 0.493014 5.00567 3.51854
      vertex 0 5.02989 3.51854
      vertex 0 5.08538 3.61113
    endloop
  endfacet
  facet normal 0.0421063 0.857005 -0.513585
    outer loop
      vertex 0.493014 5.00567 3.51854
      vertex 0 5.08538 3.61113
      vertex 0.498454 5.06089 3.61113
    endloop
  endfacet
  facet normal 0.0443695 0.903087 -0.427159
    outer loop
      vertex 0.488491 4.95973 3.42095
      vertex 0 4.98373 3.42095
      vertex 0 5.02989 3.51854
    endloop
  endfacet
  facet normal 0.044365 0.903079 -0.427176
    outer loop
      vertex 0.488491 4.95973 3.42095
      vertex 0 5.02989 3.51854
      vertex 0.493014 5.00567 3.51854
    endloop
  endfacet
  facet normal 0.0461997 0.940531 -0.336552
    outer loop
      vertex 0.484926 4.92354 3.31931
      vertex 0 4.94736 3.31931
      vertex 0 4.98373 3.42095
    endloop
  endfacet
  facet normal 0.0462098 0.940545 -0.336512
    outer loop
      vertex 0.484926 4.92354 3.31931
      vertex 0 4.98373 3.42095
      vertex 0.488491 4.95973 3.42095
    endloop
  endfacet
  facet normal 0.0476083 0.96895 -0.242631
    outer loop
      vertex 0.482355 4.89744 3.2146
      vertex 0 4.92114 3.2146
      vertex 0 4.94736 3.31931
    endloop
  endfacet
  facet normal 0.047595 0.968937 -0.242686
    outer loop
      vertex 0.482355 4.89744 3.2146
      vertex 0 4.94736 3.31931
      vertex 0.484926 4.92354 3.31931
    endloop
  endfacet
  facet normal 0.0485371 0.98801 -0.146564
    outer loop
      vertex 0.480803 4.88168 3.10782
      vertex 0 4.9053 3.10782
      vertex 0 4.92114 3.2146
    endloop
  endfacet
  facet normal 0.048545 0.988014 -0.14653
    outer loop
      vertex 0.480803 4.88168 3.10782
      vertex 0 4.92114 3.2146
      vertex 0.482355 4.89744 3.2146
    endloop
  endfacet
  facet normal 0.0490193 0.997593 -0.0490377
    outer loop
      vertex 0.480284 4.8764 3
      vertex 0 4.9 3
      vertex 0 4.9053 3.10782
    endloop
  endfacet
  facet normal 0.0490078 0.997591 -0.0490885
    outer loop
      vertex 0.480284 4.8764 3
      vertex 0 4.9053 3.10782
      vertex 0.480803 4.88168 3.10782
    endloop
  endfacet
  facet normal 0.0490079 0.997594 0.0490377
    outer loop
      vertex 0 4.9053 2.89218
      vertex 0 4.9 3
      vertex 0.480803 4.88168 2.89218
    endloop
  endfacet
  facet normal 0.0490192 0.997591 0.0490885
    outer loop
      vertex 0.480803 4.88168 2.89218
      vertex 0 4.9 3
      vertex 0.480284 4.8764 3
    endloop
  endfacet
  facet normal 0.0485448 0.988009 0.146564
    outer loop
      vertex 0 4.92114 2.7854
      vertex 0 4.9053 2.89218
      vertex 0.482355 4.89744 2.7854
    endloop
  endfacet
  facet normal 0.0485374 0.988015 0.14653
    outer loop
      vertex 0.482355 4.89744 2.7854
      vertex 0 4.9053 2.89218
      vertex 0.480803 4.88168 2.89218
    endloop
  endfacet
  facet normal 0.0475957 0.96895 0.242631
    outer loop
      vertex 0 4.94736 2.68069
      vertex 0 4.92114 2.7854
      vertex 0.484926 4.92354 2.68069
    endloop
  endfacet
  facet normal 0.0476076 0.968936 0.242686
    outer loop
      vertex 0.484926 4.92354 2.68069
      vertex 0 4.92114 2.7854
      vertex 0.482355 4.89744 2.7854
    endloop
  endfacet
  facet normal 0.0462091 0.940531 0.336552
    outer loop
      vertex 0 4.98373 2.57905
      vertex 0 4.94736 2.68069
      vertex 0.488491 4.95973 2.57905
    endloop
  endfacet
  facet normal 0.0462004 0.940545 0.336512
    outer loop
      vertex 0.488491 4.95973 2.57905
      vertex 0 4.94736 2.68069
      vertex 0.484926 4.92354 2.68069
    endloop
  endfacet
  facet normal 0.0443654 0.903087 0.42716
    outer loop
      vertex 0 5.02989 2.48146
      vertex 0 4.98373 2.57905
      vertex 0.493014 5.00567 2.48146
    endloop
  endfacet
  facet normal 0.0443691 0.903079 0.427176
    outer loop
      vertex 0.493014 5.00567 2.48146
      vertex 0 4.98373 2.57905
      vertex 0.488491 4.95973 2.57905
    endloop
  endfacet
  facet normal 0.0421057 0.856994 0.513604
    outer loop
      vertex 0 5.08538 2.38887
      vertex 0 5.02989 2.48146
      vertex 0.498454 5.06089 2.38887
    endloop
  endfacet
  facet normal 0.0421016 0.857005 0.513585
    outer loop
      vertex 0.498454 5.06089 2.38887
      vertex 0 5.02989 2.48146
      vertex 0.493014 5.00567 2.48146
    endloop
  endfacet
  facet normal 0.039431 0.802543 0.595289
    outer loop
      vertex 0 5.14969 2.30217
      vertex 0 5.08538 2.38887
      vertex 0.504757 5.12489 2.30217
    endloop
  endfacet
  facet normal 0.0394306 0.802545 0.595287
    outer loop
      vertex 0.504757 5.12489 2.30217
      vertex 0 5.08538 2.38887
      vertex 0.498454 5.06089 2.38887
    endloop
  endfacet
  facet normal 0.0363695 0.740501 0.67107
    outer loop
      vertex 0 5.22218 2.22218
      vertex 0 5.14969 2.30217
      vertex 0.511863 5.19704 2.22218
    endloop
  endfacet
  facet normal 0.0363806 0.740459 0.671117
    outer loop
      vertex 0.511863 5.19704 2.22218
      vertex 0 5.14969 2.30217
      vertex 0.504757 5.12489 2.30217
    endloop
  endfacet
  facet normal 0.0329697 0.67115 0.740588
    outer loop
      vertex 0 5.30217 2.14969
      vertex 0 5.22218 2.22218
      vertex 0.519703 5.27664 2.14969
    endloop
  endfacet
  facet normal 0.0329644 0.671172 0.740568
    outer loop
      vertex 0.519703 5.27664 2.14969
      vertex 0 5.22218 2.22218
      vertex 0.511863 5.19704 2.22218
    endloop
  endfacet
  facet normal 0.0292562 0.595497 0.802824
    outer loop
      vertex 0 5.38887 2.08538
      vertex 0 5.30217 2.14969
      vertex 0.528201 5.36292 2.08538
    endloop
  endfacet
  facet normal 0.0292539 0.595509 0.802816
    outer loop
      vertex 0.528201 5.36292 2.08538
      vertex 0 5.30217 2.14969
      vertex 0.519703 5.27664 2.14969
    endloop
  endfacet
  facet normal 0.0252416 0.513896 0.857481
    outer loop
      vertex 0 5.48146 2.02989
      vertex 0 5.38887 2.08538
      vertex 0.537277 5.45507 2.02989
    endloop
  endfacet
  facet normal 0.025246 0.513872 0.857495
    outer loop
      vertex 0.537277 5.45507 2.02989
      vertex 0 5.38887 2.08538
      vertex 0.528201 5.36292 2.08538
    endloop
  endfacet
  facet normal 0.0210053 0.427486 0.903778
    outer loop
      vertex 0 5.57905 1.98373
      vertex 0 5.48146 2.02989
      vertex 0.546842 5.55218 1.98373
    endloop
  endfacet
  facet normal 0.0209991 0.427523 0.903761
    outer loop
      vertex 0.546842 5.55218 1.98373
      vertex 0 5.48146 2.02989
      vertex 0.537277 5.45507 2.02989
    endloop
  endfacet
  facet normal 0.0165527 0.336865 0.941407
    outer loop
      vertex 0 5.68069 1.94736
      vertex 0 5.57905 1.98373
      vertex 0.556805 5.65333 1.94736
    endloop
  endfacet
  facet normal 0.0165525 0.336867 0.941407
    outer loop
      vertex 0.556805 5.65333 1.94736
      vertex 0 5.57905 1.98373
      vertex 0.546842 5.55218 1.98373
    endloop
  endfacet
  facet normal 0.0119331 0.242889 0.969981
    outer loop
      vertex 0 5.7854 1.92114
      vertex 0 5.68069 1.94736
      vertex 0.567068 5.75754 1.92114
    endloop
  endfacet
  facet normal 0.0119345 0.242879 0.969983
    outer loop
      vertex 0.567068 5.75754 1.92114
      vertex 0 5.68069 1.94736
      vertex 0.556805 5.65333 1.94736
    endloop
  endfacet
  facet normal 0.00720789 0.146733 0.98915
    outer loop
      vertex 0 5.89218 1.9053
      vertex 0 5.7854 1.92114
      vertex 0.577535 5.86381 1.9053
    endloop
  endfacet
  facet normal 0.00720869 0.146727 0.989151
    outer loop
      vertex 0.577535 5.86381 1.9053
      vertex 0 5.7854 1.92114
      vertex 0.567068 5.75754 1.92114
    endloop
  endfacet
  facet normal 0.00241183 0.0490966 0.998791
    outer loop
      vertex 0 6 1.9
      vertex 0 5.89218 1.9053
      vertex 0.588102 5.97111 1.9
    endloop
  endfacet
  facet normal 0.00241177 0.049097 0.998791
    outer loop
      vertex 0.588102 5.97111 1.9
      vertex 0 5.89218 1.9053
      vertex 0.577535 5.86381 1.9053
    endloop
  endfacet
  facet normal 0.00721318 0.0486241 -0.998791
    outer loop
      vertex 1.14951 5.77896 4.0947
      vertex 0.577535 5.86381 4.0947
      vertex 0.588102 5.97111 4.1
    endloop
  endfacet
  facet normal 0.00721287 0.0486232 -0.998791
    outer loop
      vertex 1.14951 5.77896 4.0947
      vertex 0.588102 5.97111 4.1
      vertex 1.17054 5.88471 4.1
    endloop
  endfacet
  facet normal 0.0215535 0.145314 -0.989151
    outer loop
      vertex 1.12868 5.67424 4.07886
      vertex 0.567068 5.75754 4.07886
      vertex 0.577535 5.86381 4.0947
    endloop
  endfacet
  facet normal 0.0215592 0.145331 -0.989148
    outer loop
      vertex 1.12868 5.67424 4.07886
      vertex 0.577535 5.86381 4.0947
      vertex 1.14951 5.77896 4.0947
    endloop
  endfacet
  facet normal 0.035694 0.240627 -0.969961
    outer loop
      vertex 1.10825 5.57153 4.05263
      vertex 0.556805 5.65333 4.05263
      vertex 0.567068 5.75754 4.07886
    endloop
  endfacet
  facet normal 0.0356881 0.24061 -0.969965
    outer loop
      vertex 1.10825 5.57153 4.05263
      vertex 0.567068 5.75754 4.07886
      vertex 1.12868 5.67424 4.07886
    endloop
  endfacet
  facet normal 0.0494728 0.333542 -0.941436
    outer loop
      vertex 1.08842 5.47185 4.01627
      vertex 0.546842 5.55218 4.01627
      vertex 0.556805 5.65333 4.05263
    endloop
  endfacet
  facet normal 0.0494794 0.333559 -0.94143
    outer loop
      vertex 1.08842 5.47185 4.01627
      vertex 0.556805 5.65333 4.05263
      vertex 1.10825 5.57153 4.05263
    endloop
  endfacet
  facet normal 0.0628062 0.423405 -0.903761
    outer loop
      vertex 1.06938 5.37614 3.97011
      vertex 0.537277 5.45507 3.97011
      vertex 0.546842 5.55218 4.01627
    endloop
  endfacet
  facet normal 0.0627992 0.423387 -0.90377
    outer loop
      vertex 1.06938 5.37614 3.97011
      vertex 0.546842 5.55218 4.01627
      vertex 1.08842 5.47185 4.01627
    endloop
  endfacet
  facet normal 0.0754845 0.508924 -0.857496
    outer loop
      vertex 1.05132 5.28533 3.91462
      vertex 0.528201 5.36292 3.91462
      vertex 0.537277 5.45507 3.97011
    endloop
  endfacet
  facet normal 0.0754959 0.508952 -0.857478
    outer loop
      vertex 1.05132 5.28533 3.91462
      vertex 0.537277 5.45507 3.97011
      vertex 1.06938 5.37614 3.97011
    endloop
  endfacet
  facet normal 0.0874868 0.589773 -0.802816
    outer loop
      vertex 1.0344 5.20029 3.85031
      vertex 0.519703 5.27664 3.85031
      vertex 0.528201 5.36292 3.91462
    endloop
  endfacet
  facet normal 0.0874706 0.589735 -0.802846
    outer loop
      vertex 1.0344 5.20029 3.85031
      vertex 0.528201 5.36292 3.91462
      vertex 1.05132 5.28533 3.91462
    endloop
  endfacet
  facet normal 0.098604 0.664708 -0.740568
    outer loop
      vertex 1.0188 5.12184 3.77782
      vertex 0.511863 5.19704 3.77782
      vertex 0.519703 5.27664 3.85031
    endloop
  endfacet
  facet normal 0.0986018 0.664703 -0.740573
    outer loop
      vertex 1.0188 5.12184 3.77782
      vertex 0.519703 5.27664 3.85031
      vertex 1.0344 5.20029 3.85031
    endloop
  endfacet
  facet normal 0.108776 0.733328 -0.671116
    outer loop
      vertex 1.00465 5.05074 3.69783
      vertex 0.504757 5.12489 3.69783
      vertex 0.511863 5.19704 3.77782
    endloop
  endfacet
  facet normal 0.108787 0.73335 -0.671091
    outer loop
      vertex 1.00465 5.05074 3.69783
      vertex 0.511863 5.19704 3.77782
      vertex 1.0188 5.12184 3.77782
    endloop
  endfacet
  facet normal 0.117889 0.794818 -0.595287
    outer loop
      vertex 0.992108 4.98767 3.61113
      vertex 0.498454 5.06089 3.61113
      vertex 0.504757 5.12489 3.69783
    endloop
  endfacet
  facet normal 0.1179 0.794837 -0.59526
    outer loop
      vertex 0.992108 4.98767 3.61113
      vertex 0.504757 5.12489 3.69783
      vertex 1.00465 5.05074 3.69783
    endloop
  endfacet
  facet normal 0.125904 0.848751 -0.513586
    outer loop
      vertex 0.981281 4.93324 3.51854
      vertex 0.493014 5.00567 3.51854
      vertex 0.498454 5.06089 3.61113
    endloop
  endfacet
  facet normal 0.125884 0.848717 -0.513647
    outer loop
      vertex 0.981281 4.93324 3.51854
      vertex 0.498454 5.06089 3.61113
      vertex 0.992108 4.98767 3.61113
    endloop
  endfacet
  facet normal 0.132664 0.894383 -0.427175
    outer loop
      vertex 0.972278 4.88797 3.42095
      vertex 0.488491 4.95973 3.42095
      vertex 0.493014 5.00567 3.51854
    endloop
  endfacet
  facet normal 0.132676 0.894401 -0.427134
    outer loop
      vertex 0.972278 4.88797 3.42095
      vertex 0.493014 5.00567 3.51854
      vertex 0.981281 4.93324 3.51854
    endloop
  endfacet
  facet normal 0.138174 0.931487 -0.336512
    outer loop
      vertex 0.965182 4.8523 3.31931
      vertex 0.484926 4.92354 3.31931
      vertex 0.488491 4.95973 3.42095
    endloop
  endfacet
  facet normal 0.138166 0.931477 -0.336543
    outer loop
      vertex 0.965182 4.8523 3.31931
      vertex 0.488491 4.95973 3.42095
      vertex 0.972278 4.88797 3.42095
    endloop
  endfacet
  facet normal 0.142341 0.959605 -0.242686
    outer loop
      vertex 0.960066 4.82658 3.2146
      vertex 0.482355 4.89744 3.2146
      vertex 0.484926 4.92354 3.31931
    endloop
  endfacet
  facet normal 0.142346 0.95961 -0.242665
    outer loop
      vertex 0.960066 4.82658 3.2146
      vertex 0.484926 4.92354 3.31931
      vertex 0.965182 4.8523 3.31931
    endloop
  endfacet
  facet normal 0.14516 0.978498 -0.146529
    outer loop
      vertex 0.956975 4.81104 3.10782
      vertex 0.480803 4.88168 3.10782
      vertex 0.482355 4.89744 3.2146
    endloop
  endfacet
  facet normal 0.145142 0.978489 -0.146604
    outer loop
      vertex 0.956975 4.81104 3.10782
      vertex 0.482355 4.89744 3.2146
      vertex 0.960066 4.82658 3.2146
    endloop
  endfacet
  facet normal 0.146539 0.987986 -0.0490876
    outer loop
      vertex 0.955942 4.80585 3
      vertex 0.480284 4.8764 3
      vertex 0.480803 4.88168 3.10782
    endloop
  endfacet
  facet normal 0.146568 0.987988 -0.0489618
    outer loop
      vertex 0.955942 4.80585 3
      vertex 0.480803 4.88168 3.10782
      vertex 0.956975 4.81104 3.10782
    endloop
  endfacet
  facet normal 0.146567 0.987982 0.0490875
    outer loop
      vertex 0.480803 4.88168 2.89218
      vertex 0.480284 4.8764 3
      vertex 0.956975 4.81104 2.89218
    endloop
  endfacet
  facet normal 0.14654 0.987992 0.0489617
    outer loop
      vertex 0.956975 4.81104 2.89218
      vertex 0.480284 4.8764 3
      vertex 0.955942 4.80585 3
    endloop
  endfacet
  facet normal 0.145143 0.9785 0.14653
    outer loop
      vertex 0.482355 4.89744 2.7854
      vertex 0.480803 4.88168 2.89218
      vertex 0.960066 4.82658 2.7854
    endloop
  endfacet
  facet normal 0.145158 0.978487 0.146604
    outer loop
      vertex 0.960066 4.82658 2.7854
      vertex 0.480803 4.88168 2.89218
      vertex 0.956975 4.81104 2.89218
    endloop
  endfacet
  facet normal 0.142345 0.959605 0.242686
    outer loop
      vertex 0.484926 4.92354 2.68069
      vertex 0.482355 4.89744 2.7854
      vertex 0.965182 4.8523 2.68069
    endloop
  endfacet
  facet normal 0.142341 0.959611 0.242665
    outer loop
      vertex 0.965182 4.8523 2.68069
      vertex 0.482355 4.89744 2.7854
      vertex 0.960066 4.82658 2.7854
    endloop
  endfacet
  facet normal 0.138167 0.931488 0.336512
    outer loop
      vertex 0.488491 4.95973 2.57905
      vertex 0.484926 4.92354 2.68069
      vertex 0.972278 4.88797 2.57905
    endloop
  endfacet
  facet normal 0.138173 0.931476 0.336543
    outer loop
      vertex 0.972278 4.88797 2.57905
      vertex 0.484926 4.92354 2.68069
      vertex 0.965182 4.8523 2.68069
    endloop
  endfacet
  facet normal 0.132674 0.894382 0.427175
    outer loop
      vertex 0.493014 5.00567 2.48146
      vertex 0.488491 4.95973 2.57905
      vertex 0.981281 4.93324 2.48146
    endloop
  endfacet
  facet normal 0.132667 0.894403 0.427134
    outer loop
      vertex 0.981281 4.93324 2.48146
      vertex 0.488491 4.95973 2.57905
      vertex 0.972278 4.88797 2.57905
    endloop
  endfacet
  facet normal 0.125889 0.848753 0.513586
    outer loop
      vertex 0.498454 5.06089 2.38887
      vertex 0.493014 5.00567 2.48146
      vertex 0.992108 4.98767 2.38887
    endloop
  endfacet
  facet normal 0.125899 0.848714 0.513647
    outer loop
      vertex 0.992108 4.98767 2.38887
      vertex 0.493014 5.00567 2.48146
      vertex 0.981281 4.93324 2.48146
    endloop
  endfacet
  facet normal 0.117897 0.794817 0.595287
    outer loop
      vertex 0.504757 5.12489 2.30217
      vertex 0.498454 5.06089 2.38887
      vertex 1.00465 5.05074 2.30217
    endloop
  endfacet
  facet normal 0.117892 0.794838 0.59526
    outer loop
      vertex 1.00465 5.05074 2.30217
      vertex 0.498454 5.06089 2.38887
      vertex 0.992108 4.98767 2.38887
    endloop
  endfacet
  facet normal 0.108783 0.733327 0.671116
    outer loop
      vertex 0.511863 5.19704 2.22218
      vertex 0.504757 5.12489 2.30217
      vertex 1.0188 5.12184 2.22218
    endloop
  endfacet
  facet normal 0.108779 0.733352 0.67109
    outer loop
      vertex 1.0188 5.12184 2.22218
      vertex 0.504757 5.12489 2.30217
      vertex 1.00465 5.05074 2.30217
    endloop
  endfacet
  facet normal 0.0986026 0.664708 0.740568
    outer loop
      vertex 0.519703 5.27664 2.14969
      vertex 0.511863 5.19704 2.22218
      vertex 1.0344 5.20029 2.14969
    endloop
  endfacet
  facet normal 0.0986032 0.664702 0.740573
    outer loop
      vertex 1.0344 5.20029 2.14969
      vertex 0.511863 5.19704 2.22218
      vertex 1.0188 5.12184 2.22218
    endloop
  endfacet
  facet normal 0.0874765 0.589774 0.802816
    outer loop
      vertex 0.528201 5.36292 2.08538
      vertex 0.519703 5.27664 2.14969
      vertex 1.05132 5.28533 2.08538
    endloop
  endfacet
  facet normal 0.0874808 0.589733 0.802846
    outer loop
      vertex 1.05132 5.28533 2.08538
      vertex 0.519703 5.27664 2.14969
      vertex 1.0344 5.20029 2.14969
    endloop
  endfacet
  facet normal 0.0754916 0.508923 0.857495
    outer loop
      vertex 0.537277 5.45507 2.02989
      vertex 0.528201 5.36292 2.08538
      vertex 1.06938 5.37614 2.02989
    endloop
  endfacet
  facet normal 0.075489 0.508954 0.857477
    outer loop
      vertex 1.06938 5.37614 2.02989
      vertex 0.528201 5.36292 2.08538
      vertex 1.05132 5.28533 2.08538
    endloop
  endfacet
  facet normal 0.062802 0.423405 0.903761
    outer loop
      vertex 0.546842 5.55218 1.98373
      vertex 0.537277 5.45507 2.02989
      vertex 1.08842 5.47185 1.98373
    endloop
  endfacet
  facet normal 0.0628033 0.423386 0.90377
    outer loop
      vertex 1.08842 5.47185 1.98373
      vertex 0.537277 5.45507 2.02989
      vertex 1.06938 5.37614 2.02989
    endloop
  endfacet
  facet normal 0.0494887 0.333622 0.941407
    outer loop
      vertex 0.556805 5.65333 1.94736
      vertex 0.546842 5.55218 1.98373
      vertex 1.10825 5.57153 1.94736
    endloop
  endfacet
  facet normal 0.0494876 0.333642 0.9414
    outer loop
      vertex 1.10825 5.57153 1.94736
      vertex 0.546842 5.55218 1.98373
      vertex 1.08842 5.47185 1.98373
    endloop
  endfacet
  facet normal 0.0356778 0.240541 0.969983
    outer loop
      vertex 0.567068 5.75754 1.92114
      vertex 0.556805 5.65333 1.94736
      vertex 1.12868 5.67424 1.92114
    endloop
  endfacet
  facet normal 0.0356786 0.240523 0.969987
    outer loop
      vertex 1.12868 5.67424 1.92114
      vertex 0.556805 5.65333 1.94736
      vertex 1.10825 5.57153 1.94736
    endloop
  endfacet
  facet normal 0.0215567 0.145314 0.989151
    outer loop
      vertex 0.577535 5.86381 1.9053
      vertex 0.567068 5.75754 1.92114
      vertex 1.14951 5.77896 1.9053
    endloop
  endfacet
  facet normal 0.021556 0.145331 0.989148
    outer loop
      vertex 1.14951 5.77896 1.9053
      vertex 0.567068 5.75754 1.92114
      vertex 1.12868 5.67424 1.92114
    endloop
  endfacet
  facet normal 0.007213 0.0486242 0.998791
    outer loop
      vertex 0.588102 5.97111 1.9
      vertex 0.577535 5.86381 1.9053
      vertex 1.17054 5.88471 1.9
    endloop
  endfacet
  facet normal 0.00721304 0.0486232 0.998791
    outer loop
      vertex 1.17054 5.88471 1.9
      vertex 0.577535 5.86381 1.9053
      vertex 1.14951 5.77896 1.9053
    endloop
  endfacet
  facet normal 0.011944 0.0476824 -0.998791
    outer loop
      vertex 1.71041 5.63846 4.0947
      vertex 1.14951 5.77896 4.0947
      vertex 1.17054 5.88471 4.1
    endloop
  endfacet
  facet normal 0.0119435 0.0476813 -0.998791
    outer loop
      vertex 1.71041 5.63846 4.0947
      vertex 1.17054 5.88471 4.1
      vertex 1.74171 5.74164 4.1
    endloop
  endfacet
  facet normal 0.0357012 0.142518 -0.989148
    outer loop
      vertex 1.67941 5.53628 4.07886
      vertex 1.12868 5.67424 4.07886
      vertex 1.14951 5.77896 4.0947
    endloop
  endfacet
  facet normal 0.035697 0.142509 -0.98915
    outer loop
      vertex 1.67941 5.53628 4.07886
      vertex 1.14951 5.77896 4.0947
      vertex 1.71041 5.63846 4.0947
    endloop
  endfacet
  facet normal 0.0591007 0.235953 -0.969966
    outer loop
      vertex 1.64902 5.43608 4.05263
      vertex 1.10825 5.57153 4.05263
      vertex 1.12868 5.67424 4.07886
    endloop
  endfacet
  facet normal 0.0591146 0.235983 -0.969957
    outer loop
      vertex 1.64902 5.43608 4.05263
      vertex 1.12868 5.67424 4.07886
      vertex 1.67941 5.53628 4.07886
    endloop
  endfacet
  facet normal 0.0819344 0.327103 -0.94143
    outer loop
      vertex 1.61951 5.33882 4.01627
      vertex 1.08842 5.47185 4.01627
      vertex 1.10825 5.57153 4.05263
    endloop
  endfacet
  facet normal 0.0819285 0.327091 -0.941435
    outer loop
      vertex 1.61951 5.33882 4.01627
      vertex 1.10825 5.57153 4.05263
      vertex 1.64902 5.43608 4.05263
    endloop
  endfacet
  facet normal 0.104004 0.41519 -0.90377
    outer loop
      vertex 1.59118 5.24543 3.97011
      vertex 1.06938 5.37614 3.97011
      vertex 1.08842 5.47185 4.01627
    endloop
  endfacet
  facet normal 0.103993 0.415167 -0.903782
    outer loop
      vertex 1.59118 5.24543 3.97011
      vertex 1.08842 5.47185 4.01627
      vertex 1.61951 5.33882 4.01627
    endloop
  endfacet
  facet normal 0.125021 0.499103 -0.857477
    outer loop
      vertex 1.56431 5.15683 3.91462
      vertex 1.05132 5.28533 3.91462
      vertex 1.06938 5.37614 3.97011
    endloop
  endfacet
  facet normal 0.125027 0.499114 -0.857469
    outer loop
      vertex 1.56431 5.15683 3.91462
      vertex 1.06938 5.37614 3.97011
      vertex 1.59118 5.24543 3.97011
    endloop
  endfacet
  facet normal 0.14486 0.578317 -0.802848
    outer loop
      vertex 1.53914 5.07386 3.85031
      vertex 1.0344 5.20029 3.85031
      vertex 1.05132 5.28533 3.91462
    endloop
  endfacet
  facet normal 0.144867 0.578331 -0.802837
    outer loop
      vertex 1.53914 5.07386 3.85031
      vertex 1.05132 5.28533 3.91462
      vertex 1.56431 5.15683 3.91462
    endloop
  endfacet
  facet normal 0.163275 0.651841 -0.740571
    outer loop
      vertex 1.51592 4.99732 3.77782
      vertex 1.0188 5.12184 3.77782
      vertex 1.0344 5.20029 3.85031
    endloop
  endfacet
  facet normal 0.163278 0.651846 -0.740566
    outer loop
      vertex 1.51592 4.99732 3.77782
      vertex 1.0344 5.20029 3.85031
      vertex 1.53914 5.07386 3.85031
    endloop
  endfacet
  facet normal 0.180147 0.719152 -0.671094
    outer loop
      vertex 1.49487 4.92794 3.69783
      vertex 1.00465 5.05074 3.69783
      vertex 1.0188 5.12184 3.77782
    endloop
  endfacet
  facet normal 0.180127 0.719119 -0.671135
    outer loop
      vertex 1.49487 4.92794 3.69783
      vertex 1.0188 5.12184 3.77782
      vertex 1.51592 4.99732 3.77782
    endloop
  endfacet
  facet normal 0.195241 0.779454 -0.595258
    outer loop
      vertex 1.47621 4.86641 3.61113
      vertex 0.992108 4.98767 3.61113
      vertex 1.00465 5.05074 3.69783
    endloop
  endfacet
  facet normal 0.19526 0.779482 -0.595215
    outer loop
      vertex 1.47621 4.86641 3.61113
      vertex 1.00465 5.05074 3.69783
      vertex 1.49487 4.92794 3.69783
    endloop
  endfacet
  facet normal 0.208481 0.832287 -0.513647
    outer loop
      vertex 1.4601 4.8133 3.51854
      vertex 0.981281 4.93324 3.51854
      vertex 0.992108 4.98767 3.61113
    endloop
  endfacet
  facet normal 0.208472 0.832276 -0.513669
    outer loop
      vertex 1.4601 4.8133 3.51854
      vertex 0.992108 4.98767 3.61113
      vertex 1.47621 4.86641 3.61113
    endloop
  endfacet
  facet normal 0.219706 0.87709 -0.427133
    outer loop
      vertex 1.4467 4.76913 3.42095
      vertex 0.972278 4.88797 3.42095
      vertex 0.981281 4.93324 3.51854
    endloop
  endfacet
  facet normal 0.219702 0.877086 -0.427143
    outer loop
      vertex 1.4467 4.76913 3.42095
      vertex 0.981281 4.93324 3.51854
      vertex 1.4601 4.8133 3.51854
    endloop
  endfacet
  facet normal 0.228809 0.913447 -0.336543
    outer loop
      vertex 1.43614 4.73433 3.31931
      vertex 0.965182 4.8523 3.31931
      vertex 0.972278 4.88797 3.42095
    endloop
  endfacet
  facet normal 0.228815 0.913452 -0.336525
    outer loop
      vertex 1.43614 4.73433 3.31931
      vertex 0.972278 4.88797 3.42095
      vertex 1.4467 4.76913 3.42095
    endloop
  endfacet
  facet normal 0.235729 0.941035 -0.242664
    outer loop
      vertex 1.42853 4.70923 3.2146
      vertex 0.960066 4.82658 3.2146
      vertex 0.965182 4.8523 3.31931
    endloop
  endfacet
  facet normal 0.235717 0.941027 -0.242704
    outer loop
      vertex 1.42853 4.70923 3.2146
      vertex 0.965182 4.8523 3.31931
      vertex 1.43614 4.73433 3.31931
    endloop
  endfacet
  facet normal 0.240343 0.959553 -0.146604
    outer loop
      vertex 1.42393 4.69408 3.10782
      vertex 0.956975 4.81104 3.10782
      vertex 0.960066 4.82658 3.2146
    endloop
  endfacet
  facet normal 0.24037 0.959563 -0.146498
    outer loop
      vertex 1.42393 4.69408 3.10782
      vertex 0.960066 4.82658 3.2146
      vertex 1.42853 4.70923 3.2146
    endloop
  endfacet
  facet normal 0.24269 0.968867 -0.0489624
    outer loop
      vertex 1.42239 4.68901 3
      vertex 0.955942 4.80585 3
      vertex 0.956975 4.81104 3.10782
    endloop
  endfacet
  facet normal 0.242676 0.968868 -0.0490251
    outer loop
      vertex 1.42239 4.68901 3
      vertex 0.956975 4.81104 3.10782
      vertex 1.42393 4.69408 3.10782
    endloop
  endfacet
  facet normal 0.242677 0.968871 0.0489624
    outer loop
      vertex 0.956975 4.81104 2.89218
      vertex 0.955942 4.80585 3
      vertex 1.42393 4.69408 2.89218
    endloop
  endfacet
  facet normal 0.24269 0.968864 0.0490251
    outer loop
      vertex 1.42393 4.69408 2.89218
      vertex 0.955942 4.80585 3
      vertex 1.42239 4.68901 3
    endloop
  endfacet
  facet normal 0.240366 0.959548 0.146604
    outer loop
      vertex 0.960066 4.82658 2.7854
      vertex 0.956975 4.81104 2.89218
      vertex 1.42853 4.70923 2.7854
    endloop
  endfacet
  facet normal 0.240347 0.959569 0.146498
    outer loop
      vertex 1.42853 4.70923 2.7854
      vertex 0.956975 4.81104 2.89218
      vertex 1.42393 4.69408 2.89218
    endloop
  endfacet
  facet normal 0.23572 0.941037 0.242665
    outer loop
      vertex 0.965182 4.8523 2.68069
      vertex 0.960066 4.82658 2.7854
      vertex 1.43614 4.73433 2.68069
    endloop
  endfacet
  facet normal 0.235726 0.941025 0.242705
    outer loop
      vertex 1.43614 4.73433 2.68069
      vertex 0.960066 4.82658 2.7854
      vertex 1.42853 4.70923 2.7854
    endloop
  endfacet
  facet normal 0.228813 0.913446 0.336543
    outer loop
      vertex 0.972278 4.88797 2.57905
      vertex 0.965182 4.8523 2.68069
      vertex 1.4467 4.76913 2.57905
    endloop
  endfacet
  facet normal 0.22881 0.913453 0.336525
    outer loop
      vertex 1.4467 4.76913 2.57905
      vertex 0.965182 4.8523 2.68069
      vertex 1.43614 4.73433 2.68069
    endloop
  endfacet
  facet normal 0.219704 0.877091 0.427133
    outer loop
      vertex 0.981281 4.93324 2.48146
      vertex 0.972278 4.88797 2.57905
      vertex 1.4601 4.8133 2.48146
    endloop
  endfacet
  facet normal 0.219705 0.877085 0.427143
    outer loop
      vertex 1.4601 4.8133 2.48146
      vertex 0.972278 4.88797 2.57905
      vertex 1.4467 4.76913 2.57905
    endloop
  endfacet
  facet normal 0.208475 0.832289 0.513648
    outer loop
      vertex 0.992108 4.98767 2.38887
      vertex 0.981281 4.93324 2.48146
      vertex 1.47621 4.86641 2.38887
    endloop
  endfacet
  facet normal 0.208478 0.832274 0.51367
    outer loop
      vertex 1.47621 4.86641 2.38887
      vertex 0.981281 4.93324 2.48146
      vertex 1.4601 4.8133 2.48146
    endloop
  endfacet
  facet normal 0.195252 0.779451 0.595258
    outer loop
      vertex 1.00465 5.05074 2.30217
      vertex 0.992108 4.98767 2.38887
      vertex 1.49487 4.92794 2.30217
    endloop
  endfacet
  facet normal 0.195249 0.779486 0.595214
    outer loop
      vertex 1.49487 4.92794 2.30217
      vertex 0.992108 4.98767 2.38887
      vertex 1.47621 4.86641 2.38887
    endloop
  endfacet
  facet normal 0.180136 0.719155 0.671094
    outer loop
      vertex 1.0188 5.12184 2.22218
      vertex 1.00465 5.05074 2.30217
      vertex 1.51592 4.99732 2.22218
    endloop
  endfacet
  facet normal 0.180138 0.719115 0.671136
    outer loop
      vertex 1.51592 4.99732 2.22218
      vertex 1.00465 5.05074 2.30217
      vertex 1.49487 4.92794 2.30217
    endloop
  endfacet
  facet normal 0.163276 0.65184 0.740571
    outer loop
      vertex 1.0344 5.20029 2.14969
      vertex 1.0188 5.12184 2.22218
      vertex 1.53914 5.07386 2.14969
    endloop
  endfacet
  facet normal 0.163276 0.651846 0.740565
    outer loop
      vertex 1.53914 5.07386 2.14969
      vertex 1.0188 5.12184 2.22218
      vertex 1.51592 4.99732 2.22218
    endloop
  endfacet
  facet normal 0.144864 0.578317 0.802848
    outer loop
      vertex 1.05132 5.28533 2.08538
      vertex 1.0344 5.20029 2.14969
      vertex 1.56431 5.15683 2.08538
    endloop
  endfacet
  facet normal 0.144864 0.578332 0.802837
    outer loop
      vertex 1.56431 5.15683 2.08538
      vertex 1.0344 5.20029 2.14969
      vertex 1.53914 5.07386 2.14969
    endloop
  endfacet
  facet normal 0.125024 0.499102 0.857477
    outer loop
      vertex 1.06938 5.37614 2.02989
      vertex 1.05132 5.28533 2.08538
      vertex 1.59118 5.24543 2.02989
    endloop
  endfacet
  facet normal 0.125024 0.499115 0.857469
    outer loop
      vertex 1.59118 5.24543 2.02989
      vertex 1.05132 5.28533 2.08538
      vertex 1.56431 5.15683 2.08538
    endloop
  endfacet
  facet normal 0.103999 0.415191 0.90377
    outer loop
      vertex 1.08842 5.47185 1.98373
      vertex 1.06938 5.37614 2.02989
      vertex 1.61951 5.33882 1.98373
    endloop
  endfacet
  facet normal 0.103998 0.415166 0.903782
    outer loop
      vertex 1.61951 5.33882 1.98373
      vertex 1.06938 5.37614 2.02989
      vertex 1.59118 5.24543 2.02989
    endloop
  endfacet
  facet normal 0.0819516 0.327183 0.941401
    outer loop
      vertex 1.10825 5.57153 1.94736
      vertex 1.08842 5.47185 1.98373
      vertex 1.64902 5.43608 1.94736
    endloop
  endfacet
  facet normal 0.0819511 0.32717 0.941405
    outer loop
      vertex 1.64902 5.43608 1.94736
      vertex 1.08842 5.47185 1.98373
      vertex 1.61951 5.33882 1.98373
    endloop
  endfacet
  facet normal 0.0590857 0.235867 0.969987
    outer loop
      vertex 1.12868 5.67424 1.92114
      vertex 1.10825 5.57153 1.94736
      vertex 1.67941 5.53628 1.92114
    endloop
  endfacet
  facet normal 0.0590874 0.2359 0.969979
    outer loop
      vertex 1.67941 5.53628 1.92114
      vertex 1.10825 5.57153 1.94736
      vertex 1.64902 5.43608 1.94736
    endloop
  endfacet
  facet normal 0.0356994 0.142518 0.989148
    outer loop
      vertex 1.14951 5.77896 1.9053
      vertex 1.12868 5.67424 1.92114
      vertex 1.71041 5.63846 1.9053
    endloop
  endfacet
  facet normal 0.0356988 0.142508 0.98915
    outer loop
      vertex 1.71041 5.63846 1.9053
      vertex 1.12868 5.67424 1.92114
      vertex 1.67941 5.53628 1.92114
    endloop
  endfacet
  facet normal 0.0119438 0.0476824 0.998791
    outer loop
      vertex 1.17054 5.88471 1.9
      vertex 1.14951 5.77896 1.9053
      vertex 1.74171 5.74164 1.9
    endloop
  endfacet
  facet normal 0.0119437 0.0476813 0.998791
    outer loop
      vertex 1.74171 5.74164 1.9
      vertex 1.14951 5.77896 1.9053
      vertex 1.71041 5.63846 1.9053
    endloop
  endfacet
  facet normal 0.0165588 0.0462813 -0.998791
    outer loop
      vertex 2.25484 5.44367 4.0947
      vertex 1.71041 5.63846 4.0947
      vertex 1.74171 5.74164 4.1
    endloop
  endfacet
  facet normal 0.0165602 0.0462837 -0.998791
    outer loop
      vertex 2.25484 5.44367 4.0947
      vertex 1.74171 5.74164 4.1
      vertex 2.2961 5.54328 4.1
    endloop
  endfacet
  facet normal 0.0494923 0.138323 -0.98915
    outer loop
      vertex 2.21398 5.34501 4.07886
      vertex 1.67941 5.53628 4.07886
      vertex 1.71041 5.63846 4.0947
    endloop
  endfacet
  facet normal 0.0494871 0.138315 -0.989151
    outer loop
      vertex 2.21398 5.34501 4.07886
      vertex 1.71041 5.63846 4.0947
      vertex 2.25484 5.44367 4.0947
    endloop
  endfacet
  facet normal 0.0819591 0.229054 -0.969957
    outer loop
      vertex 2.1739 5.24827 4.05263
      vertex 1.64902 5.43608 4.05263
      vertex 1.67941 5.53628 4.07886
    endloop
  endfacet
  facet normal 0.0819514 0.229041 -0.969961
    outer loop
      vertex 2.1739 5.24827 4.05263
      vertex 1.67941 5.53628 4.07886
      vertex 2.21398 5.34501 4.07886
    endloop
  endfacet
  facet normal 0.113598 0.317482 -0.941435
    outer loop
      vertex 2.13501 5.15437 4.01627
      vertex 1.61951 5.33882 4.01627
      vertex 1.64902 5.43608 4.05263
    endloop
  endfacet
  facet normal 0.113603 0.317491 -0.941432
    outer loop
      vertex 2.13501 5.15437 4.01627
      vertex 1.64902 5.43608 4.05263
      vertex 2.1739 5.24827 4.05263
    endloop
  endfacet
  facet normal 0.144185 0.402975 -0.903782
    outer loop
      vertex 2.09766 5.06421 3.97011
      vertex 1.59118 5.24543 3.97011
      vertex 1.61951 5.33882 4.01627
    endloop
  endfacet
  facet normal 0.14419 0.402982 -0.903778
    outer loop
      vertex 2.09766 5.06421 3.97011
      vertex 1.61951 5.33882 4.01627
      vertex 2.13501 5.15437 4.01627
    endloop
  endfacet
  facet normal 0.173344 0.48446 -0.857468
    outer loop
      vertex 2.06223 4.97867 3.91462
      vertex 1.56431 5.15683 3.91462
      vertex 1.59118 5.24543 3.97011
    endloop
  endfacet
  facet normal 0.173338 0.48445 -0.857474
    outer loop
      vertex 2.06223 4.97867 3.91462
      vertex 1.59118 5.24543 3.97011
      vertex 2.09766 5.06421 3.97011
    endloop
  endfacet
  facet normal 0.200861 0.561345 -0.802837
    outer loop
      vertex 2.02905 4.89856 3.85031
      vertex 1.53914 5.07386 3.85031
      vertex 1.56431 5.15683 3.91462
    endloop
  endfacet
  facet normal 0.200846 0.561323 -0.802856
    outer loop
      vertex 2.02905 4.89856 3.85031
      vertex 1.56431 5.15683 3.91462
      vertex 2.06223 4.97867 3.91462
    endloop
  endfacet
  facet normal 0.226386 0.632701 -0.740566
    outer loop
      vertex 1.99844 4.82467 3.77782
      vertex 1.51592 4.99732 3.77782
      vertex 1.53914 5.07386 3.85031
    endloop
  endfacet
  facet normal 0.226401 0.632722 -0.740544
    outer loop
      vertex 1.99844 4.82467 3.77782
      vertex 1.53914 5.07386 3.85031
      vertex 2.02905 4.89856 3.85031
    endloop
  endfacet
  facet normal 0.249741 0.698 -0.671137
    outer loop
      vertex 1.9707 4.75769 3.69783
      vertex 1.49487 4.92794 3.69783
      vertex 1.51592 4.99732 3.77782
    endloop
  endfacet
  facet normal 0.249759 0.698023 -0.671107
    outer loop
      vertex 1.9707 4.75769 3.69783
      vertex 1.51592 4.99732 3.77782
      vertex 1.99844 4.82467 3.77782
    endloop
  endfacet
  facet normal 0.27072 0.756594 -0.595212
    outer loop
      vertex 1.94609 4.69828 3.61113
      vertex 1.47621 4.86641 3.61113
      vertex 1.49487 4.92794 3.69783
    endloop
  endfacet
  facet normal 0.270695 0.756563 -0.595262
    outer loop
      vertex 1.94609 4.69828 3.61113
      vertex 1.49487 4.92794 3.69783
      vertex 1.9707 4.75769 3.69783
    endloop
  endfacet
  facet normal 0.289047 0.807834 -0.513669
    outer loop
      vertex 1.92485 4.64701 3.51854
      vertex 1.4601 4.8133 3.51854
      vertex 1.47621 4.86641 3.61113
    endloop
  endfacet
  facet normal 0.28906 0.807848 -0.513641
    outer loop
      vertex 1.92485 4.64701 3.51854
      vertex 1.47621 4.86641 3.61113
      vertex 1.94609 4.69828 3.61113
    endloop
  endfacet
  facet normal 0.304601 0.851332 -0.427144
    outer loop
      vertex 1.90719 4.60437 3.42095
      vertex 1.4467 4.76913 3.42095
      vertex 1.4601 4.8133 3.51854
    endloop
  endfacet
  facet normal 0.304616 0.851347 -0.427103
    outer loop
      vertex 1.90719 4.60437 3.42095
      vertex 1.4601 4.8133 3.51854
      vertex 1.92485 4.64701 3.51854
    endloop
  endfacet
  facet normal 0.317234 0.886629 -0.336528
    outer loop
      vertex 1.89327 4.57077 3.31931
      vertex 1.43614 4.73433 3.31931
      vertex 1.4467 4.76913 3.42095
    endloop
  endfacet
  facet normal 0.317228 0.886625 -0.336545
    outer loop
      vertex 1.89327 4.57077 3.31931
      vertex 1.4467 4.76913 3.42095
      vertex 1.90719 4.60437 3.42095
    endloop
  endfacet
  facet normal 0.326803 0.913398 -0.242701
    outer loop
      vertex 1.88324 4.54654 3.2146
      vertex 1.42853 4.70923 3.2146
      vertex 1.43614 4.73433 3.31931
    endloop
  endfacet
  facet normal 0.326813 0.913403 -0.242667
    outer loop
      vertex 1.88324 4.54654 3.2146
      vertex 1.43614 4.73433 3.31931
      vertex 1.89327 4.57077 3.31931
    endloop
  endfacet
  facet normal 0.333263 0.931382 -0.146502
    outer loop
      vertex 1.87718 4.5319 3.10782
      vertex 1.42393 4.69408 3.10782
      vertex 1.42853 4.70923 3.2146
    endloop
  endfacet
  facet normal 0.333235 0.931376 -0.146607
    outer loop
      vertex 1.87718 4.5319 3.10782
      vertex 1.42853 4.70923 3.2146
      vertex 1.88324 4.54654 3.2146
    endloop
  endfacet
  facet normal 0.336485 0.940412 -0.0490268
    outer loop
      vertex 1.87515 4.52701 3
      vertex 1.42239 4.68901 3
      vertex 1.42393 4.69408 3.10782
    endloop
  endfacet
  facet normal 0.336494 0.940411 -0.0489862
    outer loop
      vertex 1.87515 4.52701 3
      vertex 1.42393 4.69408 3.10782
      vertex 1.87718 4.5319 3.10782
    endloop
  endfacet
  facet normal 0.336493 0.940409 0.0490268
    outer loop
      vertex 1.42393 4.69408 2.89218
      vertex 1.42239 4.68901 3
      vertex 1.87718 4.5319 2.89218
    endloop
  endfacet
  facet normal 0.336485 0.940414 0.0489862
    outer loop
      vertex 1.87718 4.5319 2.89218
      vertex 1.42239 4.68901 3
      vertex 1.87515 4.52701 3
    endloop
  endfacet
  facet normal 0.333241 0.93139 0.146502
    outer loop
      vertex 1.42853 4.70923 2.7854
      vertex 1.42393 4.69408 2.89218
      vertex 1.88324 4.54654 2.7854
    endloop
  endfacet
  facet normal 0.333258 0.931367 0.146608
    outer loop
      vertex 1.88324 4.54654 2.7854
      vertex 1.42393 4.69408 2.89218
      vertex 1.87718 4.5319 2.89218
    endloop
  endfacet
  facet normal 0.326811 0.913395 0.242701
    outer loop
      vertex 1.43614 4.73433 2.68069
      vertex 1.42853 4.70923 2.7854
      vertex 1.89327 4.57077 2.68069
    endloop
  endfacet
  facet normal 0.326806 0.913406 0.242667
    outer loop
      vertex 1.89327 4.57077 2.68069
      vertex 1.42853 4.70923 2.7854
      vertex 1.88324 4.54654 2.7854
    endloop
  endfacet
  facet normal 0.31723 0.886631 0.336528
    outer loop
      vertex 1.4467 4.76913 2.57905
      vertex 1.43614 4.73433 2.68069
      vertex 1.90719 4.60437 2.57905
    endloop
  endfacet
  facet normal 0.317232 0.886624 0.336545
    outer loop
      vertex 1.90719 4.60437 2.57905
      vertex 1.43614 4.73433 2.68069
      vertex 1.89327 4.57077 2.68069
    endloop
  endfacet
  facet normal 0.30461 0.851329 0.427144
    outer loop
      vertex 1.4601 4.8133 2.48146
      vertex 1.4467 4.76913 2.57905
      vertex 1.92485 4.64701 2.48146
    endloop
  endfacet
  facet normal 0.304607 0.851351 0.427103
    outer loop
      vertex 1.92485 4.64701 2.48146
      vertex 1.4467 4.76913 2.57905
      vertex 1.90719 4.60437 2.57905
    endloop
  endfacet
  facet normal 0.289054 0.807832 0.513669
    outer loop
      vertex 1.47621 4.86641 2.38887
      vertex 1.4601 4.8133 2.48146
      vertex 1.94609 4.69828 2.38887
    endloop
  endfacet
  facet normal 0.289053 0.80785 0.51364
    outer loop
      vertex 1.94609 4.69828 2.38887
      vertex 1.4601 4.8133 2.48146
      vertex 1.92485 4.64701 2.48146
    endloop
  endfacet
  facet normal 0.270708 0.756598 0.595212
    outer loop
      vertex 1.49487 4.92794 2.30217
      vertex 1.47621 4.86641 2.38887
      vertex 1.9707 4.75769 2.30217
    endloop
  endfacet
  facet normal 0.270708 0.756558 0.595262
    outer loop
      vertex 1.9707 4.75769 2.30217
      vertex 1.47621 4.86641 2.38887
      vertex 1.94609 4.69828 2.38887
    endloop
  endfacet
  facet normal 0.24975 0.697997 0.671137
    outer loop
      vertex 1.51592 4.99732 2.22218
      vertex 1.49487 4.92794 2.30217
      vertex 1.99844 4.82467 2.22218
    endloop
  endfacet
  facet normal 0.249751 0.698026 0.671107
    outer loop
      vertex 1.99844 4.82467 2.22218
      vertex 1.49487 4.92794 2.30217
      vertex 1.9707 4.75769 2.30217
    endloop
  endfacet
  facet normal 0.226393 0.632699 0.740566
    outer loop
      vertex 1.53914 5.07386 2.14969
      vertex 1.51592 4.99732 2.22218
      vertex 2.02905 4.89856 2.14969
    endloop
  endfacet
  facet normal 0.226395 0.632725 0.740543
    outer loop
      vertex 2.02905 4.89856 2.14969
      vertex 1.51592 4.99732 2.22218
      vertex 1.99844 4.82467 2.22218
    endloop
  endfacet
  facet normal 0.200855 0.561347 0.802837
    outer loop
      vertex 1.56431 5.15683 2.08538
      vertex 1.53914 5.07386 2.14969
      vertex 2.06223 4.97867 2.08538
    endloop
  endfacet
  facet normal 0.200852 0.561321 0.802856
    outer loop
      vertex 2.06223 4.97867 2.08538
      vertex 1.53914 5.07386 2.14969
      vertex 2.02905 4.89856 2.14969
    endloop
  endfacet
  facet normal 0.173341 0.48446 0.857468
    outer loop
      vertex 1.59118 5.24543 2.02989
      vertex 1.56431 5.15683 2.08538
      vertex 2.09766 5.06421 2.02989
    endloop
  endfacet
  facet normal 0.17334 0.484449 0.857474
    outer loop
      vertex 2.09766 5.06421 2.02989
      vertex 1.56431 5.15683 2.08538
      vertex 2.06223 4.97867 2.08538
    endloop
  endfacet
  facet normal 0.144187 0.402974 0.903782
    outer loop
      vertex 1.61951 5.33882 1.98373
      vertex 1.59118 5.24543 2.02989
      vertex 2.13501 5.15437 1.98373
    endloop
  endfacet
  facet normal 0.144188 0.402983 0.903778
    outer loop
      vertex 2.13501 5.15437 1.98373
      vertex 1.59118 5.24543 2.02989
      vertex 2.09766 5.06421 2.02989
    endloop
  endfacet
  facet normal 0.113627 0.317559 0.941406
    outer loop
      vertex 1.64902 5.43608 1.94736
      vertex 1.61951 5.33882 1.98373
      vertex 2.1739 5.24827 1.94736
    endloop
  endfacet
  facet normal 0.113629 0.317569 0.941402
    outer loop
      vertex 2.1739 5.24827 1.94736
      vertex 1.61951 5.33882 1.98373
      vertex 2.13501 5.15437 1.98373
    endloop
  endfacet
  facet normal 0.0819269 0.228973 0.969979
    outer loop
      vertex 1.67941 5.53628 1.92114
      vertex 1.64902 5.43608 1.94736
      vertex 2.21398 5.34501 1.92114
    endloop
  endfacet
  facet normal 0.0819247 0.228958 0.969983
    outer loop
      vertex 2.21398 5.34501 1.92114
      vertex 1.64902 5.43608 1.94736
      vertex 2.1739 5.24827 1.94736
    endloop
  endfacet
  facet normal 0.0494905 0.138324 0.98915
    outer loop
      vertex 1.71041 5.63846 1.9053
      vertex 1.67941 5.53628 1.92114
      vertex 2.25484 5.44367 1.9053
    endloop
  endfacet
  facet normal 0.0494889 0.138314 0.989151
    outer loop
      vertex 2.25484 5.44367 1.9053
      vertex 1.67941 5.53628 1.92114
      vertex 2.21398 5.34501 1.92114
    endloop
  endfacet
  facet normal 0.0165593 0.0462811 0.998791
    outer loop
      vertex 1.74171 5.74164 1.9
      vertex 1.71041 5.63846 1.9053
      vertex 2.2961 5.54328 1.9
    endloop
  endfacet
  facet normal 0.0165598 0.0462839 0.998791
    outer loop
      vertex 2.2961 5.54328 1.9
      vertex 1.71041 5.63846 1.9053
      vertex 2.25484 5.44367 1.9053
    endloop
  endfacet
  facet normal 0.0210178 0.0444373 -0.998791
    outer loop
      vertex 2.77755 5.19644 4.0947
      vertex 2.25484 5.44367 4.0947
      vertex 2.2961 5.54328 4.1
    endloop
  endfacet
  facet normal 0.0210163 0.0444351 -0.998791
    outer loop
      vertex 2.77755 5.19644 4.0947
      vertex 2.2961 5.54328 4.1
      vertex 2.82838 5.29153 4.1
    endloop
  endfacet
  facet normal 0.0628076 0.132798 -0.989151
    outer loop
      vertex 2.72722 5.10227 4.07886
      vertex 2.21398 5.34501 4.07886
      vertex 2.25484 5.44367 4.0947
    endloop
  endfacet
  facet normal 0.0628156 0.132809 -0.989149
    outer loop
      vertex 2.72722 5.10227 4.07886
      vertex 2.25484 5.44367 4.0947
      vertex 2.77755 5.19644 4.0947
    endloop
  endfacet
  facet normal 0.104005 0.219905 -0.969961
    outer loop
      vertex 2.67786 5.00992 4.05263
      vertex 2.1739 5.24827 4.05263
      vertex 2.21398 5.34501 4.07886
    endloop
  endfacet
  facet normal 0.104006 0.219906 -0.969961
    outer loop
      vertex 2.67786 5.00992 4.05263
      vertex 2.21398 5.34501 4.07886
      vertex 2.72722 5.10227 4.07886
    endloop
  endfacet
  facet normal 0.144177 0.304829 -0.941431
    outer loop
      vertex 2.62994 4.92028 4.01627
      vertex 2.13501 5.15437 4.01627
      vertex 2.1739 5.24827 4.05263
    endloop
  endfacet
  facet normal 0.144159 0.304805 -0.941442
    outer loop
      vertex 2.62994 4.92028 4.01627
      vertex 2.1739 5.24827 4.05263
      vertex 2.67786 5.00992 4.05263
    endloop
  endfacet
  facet normal 0.182992 0.386909 -0.903779
    outer loop
      vertex 2.58394 4.83422 3.97011
      vertex 2.09766 5.06421 3.97011
      vertex 2.13501 5.15437 4.01627
    endloop
  endfacet
  facet normal 0.183009 0.386932 -0.903765
    outer loop
      vertex 2.58394 4.83422 3.97011
      vertex 2.13501 5.15437 4.01627
      vertex 2.62994 4.92028 4.01627
    endloop
  endfacet
  facet normal 0.219989 0.465128 -0.857474
    outer loop
      vertex 2.5403 4.75256 3.91462
      vertex 2.06223 4.97867 3.91462
      vertex 2.09766 5.06421 3.97011
    endloop
  endfacet
  facet normal 0.219982 0.465119 -0.85748
    outer loop
      vertex 2.5403 4.75256 3.91462
      vertex 2.09766 5.06421 3.97011
      vertex 2.58394 4.83422 3.97011
    endloop
  endfacet
  facet normal 0.254899 0.538935 -0.802855
    outer loop
      vertex 2.49942 4.67609 3.85031
      vertex 2.02905 4.89856 3.85031
      vertex 2.06223 4.97867 3.91462
    endloop
  endfacet
  facet normal 0.254894 0.538929 -0.80286
    outer loop
      vertex 2.49942 4.67609 3.85031
      vertex 2.06223 4.97867 3.91462
      vertex 2.5403 4.75256 3.91462
    endloop
  endfacet
  facet normal 0.287325 0.607485 -0.740545
    outer loop
      vertex 2.46172 4.60555 3.77782
      vertex 1.99844 4.82467 3.77782
      vertex 2.02905 4.89856 3.85031
    endloop
  endfacet
  facet normal 0.287316 0.607474 -0.740557
    outer loop
      vertex 2.46172 4.60555 3.77782
      vertex 2.02905 4.89856 3.85031
      vertex 2.49942 4.67609 3.85031
    endloop
  endfacet
  facet normal 0.316968 0.670185 -0.671105
    outer loop
      vertex 2.42755 4.54162 3.69783
      vertex 1.9707 4.75769 3.69783
      vertex 1.99844 4.82467 3.77782
    endloop
  endfacet
  facet normal 0.316995 0.670214 -0.671065
    outer loop
      vertex 2.42755 4.54162 3.69783
      vertex 1.99844 4.82467 3.77782
      vertex 2.46172 4.60555 3.77782
    endloop
  endfacet
  facet normal 0.343549 0.726385 -0.595263
    outer loop
      vertex 2.39723 4.48491 3.61113
      vertex 1.94609 4.69828 3.61113
      vertex 1.9707 4.75769 3.69783
    endloop
  endfacet
  facet normal 0.343548 0.726384 -0.595266
    outer loop
      vertex 2.39723 4.48491 3.61113
      vertex 1.9707 4.75769 3.69783
      vertex 2.42755 4.54162 3.69783
    endloop
  endfacet
  facet normal 0.366849 0.775624 -0.513642
    outer loop
      vertex 2.37107 4.43596 3.51854
      vertex 1.92485 4.64701 3.51854
      vertex 1.94609 4.69828 3.61113
    endloop
  endfacet
  facet normal 0.366828 0.775606 -0.513685
    outer loop
      vertex 2.37107 4.43596 3.51854
      vertex 1.94609 4.69828 3.61113
      vertex 2.39723 4.48491 3.61113
    endloop
  endfacet
  facet normal 0.386601 0.817388 -0.427101
    outer loop
      vertex 2.34931 4.39526 3.42095
      vertex 1.90719 4.60437 3.42095
      vertex 1.92485 4.64701 3.51854
    endloop
  endfacet
  facet normal 0.386604 0.81739 -0.427096
    outer loop
      vertex 2.34931 4.39526 3.42095
      vertex 1.92485 4.64701 3.51854
      vertex 2.37107 4.43596 3.51854
    endloop
  endfacet
  facet normal 0.402608 0.85126 -0.336547
    outer loop
      vertex 2.33217 4.36319 3.31931
      vertex 1.89327 4.57077 3.31931
      vertex 1.90719 4.60437 3.42095
    endloop
  endfacet
  facet normal 0.402627 0.851271 -0.336494
    outer loop
      vertex 2.33217 4.36319 3.31931
      vertex 1.90719 4.60437 3.42095
      vertex 2.34931 4.39526 3.42095
    endloop
  endfacet
  facet normal 0.414789 0.876964 -0.242662
    outer loop
      vertex 2.31981 4.34005 3.2146
      vertex 1.88324 4.54654 3.2146
      vertex 1.89327 4.57077 3.31931
    endloop
  endfacet
  facet normal 0.414759 0.876952 -0.242757
    outer loop
      vertex 2.31981 4.34005 3.2146
      vertex 1.89327 4.57077 3.31931
      vertex 2.33217 4.36319 3.31931
    endloop
  endfacet
  facet normal 0.422926 0.894226 -0.146604
    outer loop
      vertex 2.31234 4.32609 3.10782
      vertex 1.87718 4.5319 3.10782
      vertex 1.88324 4.54654 3.2146
    endloop
  endfacet
  facet normal 0.422955 0.89423 -0.146497
    outer loop
      vertex 2.31234 4.32609 3.10782
      vertex 1.88324 4.54654 3.2146
      vertex 2.31981 4.34005 3.2146
    endloop
  endfacet
  facet normal 0.427053 0.902898 -0.0489899
    outer loop
      vertex 2.30984 4.32141 3
      vertex 1.87515 4.52701 3
      vertex 1.87718 4.5319 3.10782
    endloop
  endfacet
  facet normal 0.42703 0.902904 -0.0490926
    outer loop
      vertex 2.30984 4.32141 3
      vertex 1.87718 4.5319 3.10782
      vertex 2.31234 4.32609 3.10782
    endloop
  endfacet
  facet normal 0.427033 0.902908 0.04899
    outer loop
      vertex 1.87718 4.5319 2.89218
      vertex 1.87515 4.52701 3
      vertex 2.31234 4.32609 2.89218
    endloop
  endfacet
  facet normal 0.427051 0.902894 0.0490927
    outer loop
      vertex 2.31234 4.32609 2.89218
      vertex 1.87515 4.52701 3
      vertex 2.30984 4.32141 3
    endloop
  endfacet
  facet normal 0.422948 0.894216 0.146604
    outer loop
      vertex 1.88324 4.54654 2.7854
      vertex 1.87718 4.5319 2.89218
      vertex 2.31981 4.34005 2.7854
    endloop
  endfacet
  facet normal 0.422933 0.894241 0.146497
    outer loop
      vertex 2.31981 4.34005 2.7854
      vertex 1.87718 4.5319 2.89218
      vertex 2.31234 4.32609 2.89218
    endloop
  endfacet
  facet normal 0.414769 0.876973 0.242662
    outer loop
      vertex 1.89327 4.57077 2.68069
      vertex 1.88324 4.54654 2.7854
      vertex 2.33217 4.36319 2.68069
    endloop
  endfacet
  facet normal 0.414778 0.876942 0.242757
    outer loop
      vertex 2.33217 4.36319 2.68069
      vertex 1.88324 4.54654 2.7854
      vertex 2.31981 4.34005 2.7854
    endloop
  endfacet
  facet normal 0.402619 0.851255 0.336547
    outer loop
      vertex 1.90719 4.60437 2.57905
      vertex 1.89327 4.57077 2.68069
      vertex 2.34931 4.39526 2.57905
    endloop
  endfacet
  facet normal 0.402616 0.851277 0.336494
    outer loop
      vertex 2.34931 4.39526 2.57905
      vertex 1.89327 4.57077 2.68069
      vertex 2.33217 4.36319 2.68069
    endloop
  endfacet
  facet normal 0.386602 0.817388 0.427101
    outer loop
      vertex 1.92485 4.64701 2.48146
      vertex 1.90719 4.60437 2.57905
      vertex 2.37107 4.43596 2.48146
    endloop
  endfacet
  facet normal 0.386602 0.817391 0.427096
    outer loop
      vertex 2.37107 4.43596 2.48146
      vertex 1.90719 4.60437 2.57905
      vertex 2.34931 4.39526 2.57905
    endloop
  endfacet
  facet normal 0.366839 0.775629 0.513643
    outer loop
      vertex 1.94609 4.69828 2.38887
      vertex 1.92485 4.64701 2.48146
      vertex 2.39723 4.48491 2.38887
    endloop
  endfacet
  facet normal 0.366838 0.775601 0.513686
    outer loop
      vertex 2.39723 4.48491 2.38887
      vertex 1.92485 4.64701 2.48146
      vertex 2.37107 4.43596 2.48146
    endloop
  endfacet
  facet normal 0.343549 0.726386 0.595263
    outer loop
      vertex 1.9707 4.75769 2.30217
      vertex 1.94609 4.69828 2.38887
      vertex 2.42755 4.54162 2.30217
    endloop
  endfacet
  facet normal 0.343548 0.726383 0.595266
    outer loop
      vertex 2.42755 4.54162 2.30217
      vertex 1.94609 4.69828 2.38887
      vertex 2.39723 4.48491 2.38887
    endloop
  endfacet
  facet normal 0.316979 0.670181 0.671105
    outer loop
      vertex 1.99844 4.82467 2.22218
      vertex 1.9707 4.75769 2.30217
      vertex 2.46172 4.60555 2.22218
    endloop
  endfacet
  facet normal 0.316984 0.670219 0.671064
    outer loop
      vertex 2.46172 4.60555 2.22218
      vertex 1.9707 4.75769 2.30217
      vertex 2.42755 4.54162 2.30217
    endloop
  endfacet
  facet normal 0.287322 0.607486 0.740545
    outer loop
      vertex 2.02905 4.89856 2.14969
      vertex 1.99844 4.82467 2.22218
      vertex 2.49942 4.67609 2.14969
    endloop
  endfacet
  facet normal 0.287319 0.607472 0.740557
    outer loop
      vertex 2.49942 4.67609 2.14969
      vertex 1.99844 4.82467 2.22218
      vertex 2.46172 4.60555 2.22218
    endloop
  endfacet
  facet normal 0.254897 0.538935 0.802855
    outer loop
      vertex 2.06223 4.97867 2.08538
      vertex 2.02905 4.89856 2.14969
      vertex 2.5403 4.75256 2.08538
    endloop
  endfacet
  facet normal 0.254896 0.538928 0.80286
    outer loop
      vertex 2.5403 4.75256 2.08538
      vertex 2.02905 4.89856 2.14969
      vertex 2.49942 4.67609 2.14969
    endloop
  endfacet
  facet normal 0.219986 0.465129 0.857474
    outer loop
      vertex 2.09766 5.06421 2.02989
      vertex 2.06223 4.97867 2.08538
      vertex 2.58394 4.83422 2.02989
    endloop
  endfacet
  facet normal 0.219984 0.465117 0.85748
    outer loop
      vertex 2.58394 4.83422 2.02989
      vertex 2.06223 4.97867 2.08538
      vertex 2.5403 4.75256 2.08538
    endloop
  endfacet
  facet normal 0.182997 0.386906 0.903778
    outer loop
      vertex 2.13501 5.15437 1.98373
      vertex 2.09766 5.06421 2.02989
      vertex 2.62994 4.92028 1.98373
    endloop
  endfacet
  facet normal 0.183004 0.386935 0.903765
    outer loop
      vertex 2.62994 4.92028 1.98373
      vertex 2.09766 5.06421 2.02989
      vertex 2.58394 4.83422 2.02989
    endloop
  endfacet
  facet normal 0.144206 0.304905 0.941402
    outer loop
      vertex 2.1739 5.24827 1.94736
      vertex 2.13501 5.15437 1.98373
      vertex 2.67786 5.00992 1.94736
    endloop
  endfacet
  facet normal 0.144199 0.304877 0.941412
    outer loop
      vertex 2.67786 5.00992 1.94736
      vertex 2.13501 5.15437 1.98373
      vertex 2.62994 4.92028 1.98373
    endloop
  endfacet
  facet normal 0.103968 0.219826 0.969983
    outer loop
      vertex 2.21398 5.34501 1.92114
      vertex 2.1739 5.24827 1.94736
      vertex 2.72722 5.10227 1.92114
    endloop
  endfacet
  facet normal 0.103968 0.219827 0.969983
    outer loop
      vertex 2.72722 5.10227 1.92114
      vertex 2.1739 5.24827 1.94736
      vertex 2.67786 5.00992 1.94736
    endloop
  endfacet
  facet normal 0.0628099 0.132797 0.989151
    outer loop
      vertex 2.25484 5.44367 1.9053
      vertex 2.21398 5.34501 1.92114
      vertex 2.77755 5.19644 1.9053
    endloop
  endfacet
  facet normal 0.0628133 0.13281 0.989149
    outer loop
      vertex 2.77755 5.19644 1.9053
      vertex 2.21398 5.34501 1.92114
      vertex 2.72722 5.10227 1.92114
    endloop
  endfacet
  facet normal 0.0210174 0.0444375 0.998791
    outer loop
      vertex 2.2961 5.54328 1.9
      vertex 2.25484 5.44367 1.9053
      vertex 2.82838 5.29153 1.9
    endloop
  endfacet
  facet normal 0.0210167 0.0444349 0.998791
    outer loop
      vertex 2.82838 5.29153 1.9
      vertex 2.25484 5.44367 1.9053
      vertex 2.77755 5.19644 1.9053
    endloop
  endfacet
  facet normal 0.0252702 0.0421612 -0.998791
    outer loop
      vertex 3.27352 4.89917 4.0947
      vertex 2.77755 5.19644 4.0947
      vertex 2.82838 5.29153 4.1
    endloop
  endfacet
  facet normal 0.0252712 0.0421623 -0.998791
    outer loop
      vertex 3.27352 4.89917 4.0947
      vertex 2.82838 5.29153 4.1
      vertex 3.33342 4.98882 4.1
    endloop
  endfacet
  facet normal 0.0755308 0.126013 -0.989149
    outer loop
      vertex 3.2142 4.81038 4.07886
      vertex 2.72722 5.10227 4.07886
      vertex 2.77755 5.19644 4.0947
    endloop
  endfacet
  facet normal 0.0755242 0.126006 -0.98915
    outer loop
      vertex 3.2142 4.81038 4.07886
      vertex 2.77755 5.19644 4.0947
      vertex 3.27352 4.89917 4.0947
    endloop
  endfacet
  facet normal 0.125062 0.208652 -0.969961
    outer loop
      vertex 3.15602 4.72332 4.05263
      vertex 2.67786 5.00992 4.05263
      vertex 2.72722 5.10227 4.07886
    endloop
  endfacet
  facet normal 0.125066 0.208657 -0.969959
    outer loop
      vertex 3.15602 4.72332 4.05263
      vertex 2.72722 5.10227 4.07886
      vertex 3.2142 4.81038 4.07886
    endloop
  endfacet
  facet normal 0.173341 0.289205 -0.941442
    outer loop
      vertex 3.09955 4.63881 4.01627
      vertex 2.62994 4.92028 4.01627
      vertex 2.67786 5.00992 4.05263
    endloop
  endfacet
  facet normal 0.17335 0.289215 -0.941437
    outer loop
      vertex 3.09955 4.63881 4.01627
      vertex 2.67786 5.00992 4.05263
      vertex 3.15602 4.72332 4.05263
    endloop
  endfacet
  facet normal 0.220049 0.367134 -0.903765
    outer loop
      vertex 3.04534 4.55767 3.97011
      vertex 2.58394 4.83422 3.97011
      vertex 2.62994 4.92028 4.01627
    endloop
  endfacet
  facet normal 0.220048 0.367132 -0.903766
    outer loop
      vertex 3.04534 4.55767 3.97011
      vertex 2.62994 4.92028 4.01627
      vertex 3.09955 4.63881 4.01627
    endloop
  endfacet
  facet normal 0.264518 0.441317 -0.857479
    outer loop
      vertex 2.9939 4.48068 3.91462
      vertex 2.5403 4.75256 3.91462
      vertex 2.58394 4.83422 3.97011
    endloop
  endfacet
  facet normal 0.264505 0.441304 -0.85749
    outer loop
      vertex 2.9939 4.48068 3.91462
      vertex 2.58394 4.83422 3.97011
      vertex 3.04534 4.55767 3.97011
    endloop
  endfacet
  facet normal 0.306483 0.511351 -0.802862
    outer loop
      vertex 2.94573 4.40859 3.85031
      vertex 2.49942 4.67609 3.85031
      vertex 2.5403 4.75256 3.91462
    endloop
  endfacet
  facet normal 0.306513 0.511381 -0.802832
    outer loop
      vertex 2.94573 4.40859 3.85031
      vertex 2.5403 4.75256 3.91462
      vertex 2.9939 4.48068 3.91462
    endloop
  endfacet
  facet normal 0.345466 0.576394 -0.740556
    outer loop
      vertex 2.90129 4.34209 3.77782
      vertex 2.46172 4.60555 3.77782
      vertex 2.49942 4.67609 3.85031
    endloop
  endfacet
  facet normal 0.345467 0.576395 -0.740555
    outer loop
      vertex 2.90129 4.34209 3.77782
      vertex 2.49942 4.67609 3.85031
      vertex 2.94573 4.40859 3.85031
    endloop
  endfacet
  facet normal 0.38116 0.635917 -0.671064
    outer loop
      vertex 2.86101 4.28181 3.69783
      vertex 2.42755 4.54162 3.69783
      vertex 2.46172 4.60555 3.77782
    endloop
  endfacet
  facet normal 0.381122 0.635883 -0.671117
    outer loop
      vertex 2.86101 4.28181 3.69783
      vertex 2.46172 4.60555 3.77782
      vertex 2.90129 4.34209 3.77782
    endloop
  endfacet
  facet normal 0.413095 0.689206 -0.59527
    outer loop
      vertex 2.82529 4.22834 3.61113
      vertex 2.39723 4.48491 3.61113
      vertex 2.42755 4.54162 3.69783
    endloop
  endfacet
  facet normal 0.413106 0.689215 -0.595253
    outer loop
      vertex 2.82529 4.22834 3.61113
      vertex 2.42755 4.54162 3.69783
      vertex 2.86101 4.28181 3.69783
    endloop
  endfacet
  facet normal 0.441084 0.735917 -0.513683
    outer loop
      vertex 2.79445 4.1822 3.51854
      vertex 2.37107 4.43596 3.51854
      vertex 2.39723 4.48491 3.61113
    endloop
  endfacet
  facet normal 0.4411 0.735928 -0.513654
    outer loop
      vertex 2.79445 4.1822 3.51854
      vertex 2.39723 4.48491 3.61113
      vertex 2.82529 4.22834 3.61113
    endloop
  endfacet
  facet normal 0.464856 0.775561 -0.427099
    outer loop
      vertex 2.76881 4.14382 3.42095
      vertex 2.34931 4.39526 3.42095
      vertex 2.37107 4.43596 3.51854
    endloop
  endfacet
  facet normal 0.46484 0.775551 -0.427135
    outer loop
      vertex 2.76881 4.14382 3.42095
      vertex 2.37107 4.43596 3.51854
      vertex 2.79445 4.1822 3.51854
    endloop
  endfacet
  facet normal 0.484131 0.807706 -0.336493
    outer loop
      vertex 2.74861 4.11358 3.31931
      vertex 2.33217 4.36319 3.31931
      vertex 2.34931 4.39526 3.42095
    endloop
  endfacet
  facet normal 0.48412 0.807701 -0.336522
    outer loop
      vertex 2.74861 4.11358 3.31931
      vertex 2.34931 4.39526 3.42095
      vertex 2.76881 4.14382 3.42095
    endloop
  endfacet
  facet normal 0.498725 0.832073 -0.242751
    outer loop
      vertex 2.73404 4.09177 3.2146
      vertex 2.31981 4.34005 3.2146
      vertex 2.33217 4.36319 3.31931
    endloop
  endfacet
  facet normal 0.498738 0.832077 -0.24271
    outer loop
      vertex 2.73404 4.09177 3.2146
      vertex 2.33217 4.36319 3.31931
      vertex 2.74861 4.11358 3.31931
    endloop
  endfacet
  facet normal 0.508567 0.848467 -0.146503
    outer loop
      vertex 2.72524 4.0786 3.10782
      vertex 2.31234 4.32609 3.10782
      vertex 2.31981 4.34005 3.2146
    endloop
  endfacet
  facet normal 0.508552 0.848467 -0.146559
    outer loop
      vertex 2.72524 4.0786 3.10782
      vertex 2.31981 4.34005 3.2146
      vertex 2.73404 4.09177 3.2146
    endloop
  endfacet
  facet normal 0.513478 0.856697 -0.0490914
    outer loop
      vertex 2.72229 4.0742 3
      vertex 2.30984 4.32141 3
      vertex 2.31234 4.32609 3.10782
    endloop
  endfacet
  facet normal 0.513496 0.856691 -0.04901
    outer loop
      vertex 2.72229 4.0742 3
      vertex 2.31234 4.32609 3.10782
      vertex 2.72524 4.0786 3.10782
    endloop
  endfacet
  facet normal 0.513494 0.856688 0.0490914
    outer loop
      vertex 2.31234 4.32609 2.89218
      vertex 2.30984 4.32141 3
      vertex 2.72524 4.0786 2.89218
    endloop
  endfacet
  facet normal 0.51348 0.856701 0.0490099
    outer loop
      vertex 2.72524 4.0786 2.89218
      vertex 2.30984 4.32141 3
      vertex 2.72229 4.0742 3
    endloop
  endfacet
  facet normal 0.508556 0.848474 0.146503
    outer loop
      vertex 2.31981 4.34005 2.7854
      vertex 2.31234 4.32609 2.89218
      vertex 2.73404 4.09177 2.7854
    endloop
  endfacet
  facet normal 0.508562 0.84846 0.146559
    outer loop
      vertex 2.73404 4.09177 2.7854
      vertex 2.31234 4.32609 2.89218
      vertex 2.72524 4.0786 2.89218
    endloop
  endfacet
  facet normal 0.498733 0.832068 0.24275
    outer loop
      vertex 2.33217 4.36319 2.68069
      vertex 2.31981 4.34005 2.7854
      vertex 2.74861 4.11358 2.68069
    endloop
  endfacet
  facet normal 0.498731 0.832081 0.24271
    outer loop
      vertex 2.74861 4.11358 2.68069
      vertex 2.31981 4.34005 2.7854
      vertex 2.73404 4.09177 2.7854
    endloop
  endfacet
  facet normal 0.484125 0.80771 0.336493
    outer loop
      vertex 2.34931 4.39526 2.57905
      vertex 2.33217 4.36319 2.68069
      vertex 2.76881 4.14382 2.57905
    endloop
  endfacet
  facet normal 0.484126 0.807697 0.336522
    outer loop
      vertex 2.76881 4.14382 2.57905
      vertex 2.33217 4.36319 2.68069
      vertex 2.74861 4.11358 2.68069
    endloop
  endfacet
  facet normal 0.464848 0.775566 0.427099
    outer loop
      vertex 2.37107 4.43596 2.48146
      vertex 2.34931 4.39526 2.57905
      vertex 2.79445 4.1822 2.48146
    endloop
  endfacet
  facet normal 0.464847 0.775546 0.427136
    outer loop
      vertex 2.79445 4.1822 2.48146
      vertex 2.34931 4.39526 2.57905
      vertex 2.76881 4.14382 2.57905
    endloop
  endfacet
  facet normal 0.441091 0.735914 0.513683
    outer loop
      vertex 2.39723 4.48491 2.38887
      vertex 2.37107 4.43596 2.48146
      vertex 2.82529 4.22834 2.38887
    endloop
  endfacet
  facet normal 0.441093 0.735932 0.513654
    outer loop
      vertex 2.82529 4.22834 2.38887
      vertex 2.37107 4.43596 2.48146
      vertex 2.79445 4.1822 2.48146
    endloop
  endfacet
  facet normal 0.413099 0.689204 0.59527
    outer loop
      vertex 2.42755 4.54162 2.30217
      vertex 2.39723 4.48491 2.38887
      vertex 2.86101 4.28181 2.30217
    endloop
  endfacet
  facet normal 0.413102 0.689217 0.595253
    outer loop
      vertex 2.86101 4.28181 2.30217
      vertex 2.39723 4.48491 2.38887
      vertex 2.82529 4.22834 2.38887
    endloop
  endfacet
  facet normal 0.381147 0.635924 0.671064
    outer loop
      vertex 2.46172 4.60555 2.22218
      vertex 2.42755 4.54162 2.30217
      vertex 2.90129 4.34209 2.22218
    endloop
  endfacet
  facet normal 0.381135 0.635875 0.671117
    outer loop
      vertex 2.90129 4.34209 2.22218
      vertex 2.42755 4.54162 2.30217
      vertex 2.86101 4.28181 2.30217
    endloop
  endfacet
  facet normal 0.345467 0.576394 0.740556
    outer loop
      vertex 2.49942 4.67609 2.14969
      vertex 2.46172 4.60555 2.22218
      vertex 2.94573 4.40859 2.14969
    endloop
  endfacet
  facet normal 0.345467 0.576395 0.740555
    outer loop
      vertex 2.94573 4.40859 2.14969
      vertex 2.46172 4.60555 2.22218
      vertex 2.90129 4.34209 2.22218
    endloop
  endfacet
  facet normal 0.306492 0.511346 0.802862
    outer loop
      vertex 2.5403 4.75256 2.08538
      vertex 2.49942 4.67609 2.14969
      vertex 2.9939 4.48068 2.08538
    endloop
  endfacet
  facet normal 0.306504 0.511386 0.802832
    outer loop
      vertex 2.9939 4.48068 2.08538
      vertex 2.49942 4.67609 2.14969
      vertex 2.94573 4.40859 2.14969
    endloop
  endfacet
  facet normal 0.264514 0.441319 0.857479
    outer loop
      vertex 2.58394 4.83422 2.02989
      vertex 2.5403 4.75256 2.08538
      vertex 3.04534 4.55767 2.02989
    endloop
  endfacet
  facet normal 0.264508 0.441301 0.85749
    outer loop
      vertex 3.04534 4.55767 2.02989
      vertex 2.5403 4.75256 2.08538
      vertex 2.9939 4.48068 2.08538
    endloop
  endfacet
  facet normal 0.220049 0.367134 0.903765
    outer loop
      vertex 2.62994 4.92028 1.98373
      vertex 2.58394 4.83422 2.02989
      vertex 3.09955 4.63881 1.98373
    endloop
  endfacet
  facet normal 0.220048 0.367131 0.903766
    outer loop
      vertex 3.09955 4.63881 1.98373
      vertex 2.58394 4.83422 2.02989
      vertex 3.04534 4.55767 2.02989
    endloop
  endfacet
  facet normal 0.173385 0.289274 0.941413
    outer loop
      vertex 2.67786 5.00992 1.94736
      vertex 2.62994 4.92028 1.98373
      vertex 3.15602 4.72332 1.94736
    endloop
  endfacet
  facet normal 0.17339 0.289287 0.941408
    outer loop
      vertex 3.15602 4.72332 1.94736
      vertex 2.62994 4.92028 1.98373
      vertex 3.09955 4.63881 1.98373
    endloop
  endfacet
  facet normal 0.125018 0.208577 0.969983
    outer loop
      vertex 2.72722 5.10227 1.92114
      vertex 2.67786 5.00992 1.94736
      vertex 3.2142 4.81038 1.92114
    endloop
  endfacet
  facet normal 0.12502 0.208583 0.969981
    outer loop
      vertex 3.2142 4.81038 1.92114
      vertex 2.67786 5.00992 1.94736
      vertex 3.15602 4.72332 1.94736
    endloop
  endfacet
  facet normal 0.0755291 0.126014 0.989149
    outer loop
      vertex 2.77755 5.19644 1.9053
      vertex 2.72722 5.10227 1.92114
      vertex 3.27352 4.89917 1.9053
    endloop
  endfacet
  facet normal 0.0755257 0.126005 0.98915
    outer loop
      vertex 3.27352 4.89917 1.9053
      vertex 2.72722 5.10227 1.92114
      vertex 3.2142 4.81038 1.92114
    endloop
  endfacet
  facet normal 0.0252704 0.0421611 0.998791
    outer loop
      vertex 2.82838 5.29153 1.9
      vertex 2.77755 5.19644 1.9053
      vertex 3.33342 4.98882 1.9
    endloop
  endfacet
  facet normal 0.0252709 0.0421624 0.998791
    outer loop
      vertex 3.33342 4.98882 1.9
      vertex 2.77755 5.19644 1.9053
      vertex 3.27352 4.89917 1.9053
    endloop
  endfacet
  facet normal 0.029282 0.0394824 -0.998791
    outer loop
      vertex 3.73796 4.55472 4.0947
      vertex 3.27352 4.89917 4.0947
      vertex 3.33342 4.98882 4.1
    endloop
  endfacet
  facet normal 0.0292836 0.039484 -0.998791
    outer loop
      vertex 3.73796 4.55472 4.0947
      vertex 3.33342 4.98882 4.1
      vertex 3.80636 4.63806 4.1
    endloop
  endfacet
  facet normal 0.0875127 0.117996 -0.98915
    outer loop
      vertex 3.67022 4.47217 4.07886
      vertex 3.2142 4.81038 4.07886
      vertex 3.27352 4.89917 4.0947
    endloop
  endfacet
  facet normal 0.0875089 0.117993 -0.989151
    outer loop
      vertex 3.67022 4.47217 4.07886
      vertex 3.27352 4.89917 4.0947
      vertex 3.73796 4.55472 4.0947
    endloop
  endfacet
  facet normal 0.144914 0.195393 -0.969959
    outer loop
      vertex 3.60379 4.39123 4.05263
      vertex 3.15602 4.72332 4.05263
      vertex 3.2142 4.81038 4.07886
    endloop
  endfacet
  facet normal 0.144916 0.195395 -0.969959
    outer loop
      vertex 3.60379 4.39123 4.05263
      vertex 3.2142 4.81038 4.07886
      vertex 3.67022 4.47217 4.07886
    endloop
  endfacet
  facet normal 0.200863 0.270831 -0.941438
    outer loop
      vertex 3.53931 4.31266 4.01627
      vertex 3.09955 4.63881 4.01627
      vertex 3.15602 4.72332 4.05263
    endloop
  endfacet
  facet normal 0.200862 0.27083 -0.941438
    outer loop
      vertex 3.53931 4.31266 4.01627
      vertex 3.15602 4.72332 4.05263
      vertex 3.60379 4.39123 4.05263
    endloop
  endfacet
  facet normal 0.254977 0.343795 -0.903765
    outer loop
      vertex 3.4774 4.23723 3.97011
      vertex 3.04534 4.55767 3.97011
      vertex 3.09955 4.63881 4.01627
    endloop
  endfacet
  facet normal 0.254976 0.343793 -0.903766
    outer loop
      vertex 3.4774 4.23723 3.97011
      vertex 3.09955 4.63881 4.01627
      vertex 3.53931 4.31266 4.01627
    endloop
  endfacet
  facet normal 0.306493 0.413249 -0.857489
    outer loop
      vertex 3.41866 4.16565 3.91462
      vertex 2.9939 4.48068 3.91462
      vertex 3.04534 4.55767 3.97011
    endloop
  endfacet
  facet normal 0.306482 0.41324 -0.857497
    outer loop
      vertex 3.41866 4.16565 3.91462
      vertex 3.04534 4.55767 3.97011
      vertex 3.4774 4.23723 3.97011
    endloop
  endfacet
  facet normal 0.35516 0.478875 -0.802833
    outer loop
      vertex 3.36366 4.09863 3.85031
      vertex 2.94573 4.40859 3.85031
      vertex 2.9939 4.48068 3.91462
    endloop
  endfacet
  facet normal 0.355173 0.478885 -0.802821
    outer loop
      vertex 3.36366 4.09863 3.85031
      vertex 2.9939 4.48068 3.91462
      vertex 3.41866 4.16565 3.91462
    endloop
  endfacet
  facet normal 0.40031 0.539748 -0.740557
    outer loop
      vertex 3.31292 4.0368 3.77782
      vertex 2.90129 4.34209 3.77782
      vertex 2.94573 4.40859 3.85031
    endloop
  endfacet
  facet normal 0.400302 0.539742 -0.740565
    outer loop
      vertex 3.31292 4.0368 3.77782
      vertex 2.94573 4.40859 3.85031
      vertex 3.36366 4.09863 3.85031
    endloop
  endfacet
  facet normal 0.441621 0.595459 -0.671118
    outer loop
      vertex 3.26693 3.98076 3.69783
      vertex 2.86101 4.28181 3.69783
      vertex 2.90129 4.34209 3.77782
    endloop
  endfacet
  facet normal 0.441637 0.59547 -0.671097
    outer loop
      vertex 3.26693 3.98076 3.69783
      vertex 2.90129 4.34209 3.77782
      vertex 3.31292 4.0368 3.77782
    endloop
  endfacet
  facet normal 0.478676 0.645405 -0.595249
    outer loop
      vertex 3.22613 3.93105 3.61113
      vertex 2.82529 4.22834 3.61113
      vertex 2.86101 4.28181 3.69783
    endloop
  endfacet
  facet normal 0.478652 0.645389 -0.595286
    outer loop
      vertex 3.22613 3.93105 3.61113
      vertex 2.86101 4.28181 3.69783
      vertex 3.26693 3.98076 3.69783
    endloop
  endfacet
  facet normal 0.511107 0.689147 -0.51366
    outer loop
      vertex 3.19093 3.88815 3.51854
      vertex 2.79445 4.1822 3.51854
      vertex 2.82529 4.22834 3.61113
    endloop
  endfacet
  facet normal 0.511126 0.689158 -0.513625
    outer loop
      vertex 3.19093 3.88815 3.51854
      vertex 2.82529 4.22834 3.61113
      vertex 3.22613 3.93105 3.61113
    endloop
  endfacet
  facet normal 0.538613 0.72626 -0.427133
    outer loop
      vertex 3.16165 3.85248 3.42095
      vertex 2.76881 4.14382 3.42095
      vertex 2.79445 4.1822 3.51854
    endloop
  endfacet
  facet normal 0.538643 0.726275 -0.427069
    outer loop
      vertex 3.16165 3.85248 3.42095
      vertex 2.79445 4.1822 3.51854
      vertex 3.19093 3.88815 3.51854
    endloop
  endfacet
  facet normal 0.560964 0.756357 -0.336518
    outer loop
      vertex 3.13857 3.82436 3.31931
      vertex 2.74861 4.11358 3.31931
      vertex 2.76881 4.14382 3.42095
    endloop
  endfacet
  facet normal 0.560922 0.756341 -0.336623
    outer loop
      vertex 3.13857 3.82436 3.31931
      vertex 2.76881 4.14382 3.42095
      vertex 3.16165 3.85248 3.42095
    endloop
  endfacet
  facet normal 0.577889 0.77919 -0.242708
    outer loop
      vertex 3.12193 3.80409 3.2146
      vertex 2.73404 4.09177 3.2146
      vertex 2.74861 4.11358 3.31931
    endloop
  endfacet
  facet normal 0.5779 0.779192 -0.242675
    outer loop
      vertex 3.12193 3.80409 3.2146
      vertex 2.74861 4.11358 3.31931
      vertex 3.13857 3.82436 3.31931
    endloop
  endfacet
  facet normal 0.589255 0.794543 -0.146559
    outer loop
      vertex 3.11189 3.79185 3.10782
      vertex 2.72524 4.0786 3.10782
      vertex 2.73404 4.09177 3.2146
    endloop
  endfacet
  facet normal 0.589275 0.794542 -0.146484
    outer loop
      vertex 3.11189 3.79185 3.10782
      vertex 2.73404 4.09177 3.2146
      vertex 3.12193 3.80409 3.2146
    endloop
  endfacet
  facet normal 0.594976 0.802247 -0.0490175
    outer loop
      vertex 3.10853 3.78775 3
      vertex 2.72229 4.0742 3
      vertex 2.72524 4.0786 3.10782
    endloop
  endfacet
  facet normal 0.59497 0.80225 -0.0490477
    outer loop
      vertex 3.10853 3.78775 3
      vertex 2.72524 4.0786 3.10782
      vertex 3.11189 3.79185 3.10782
    endloop
  endfacet
  facet normal 0.594971 0.802251 0.0490175
    outer loop
      vertex 2.72524 4.0786 2.89218
      vertex 2.72229 4.0742 3
      vertex 3.11189 3.79185 2.89218
    endloop
  endfacet
  facet normal 0.594975 0.802246 0.0490477
    outer loop
      vertex 3.11189 3.79185 2.89218
      vertex 2.72229 4.0742 3
      vertex 3.10853 3.78775 3
    endloop
  endfacet
  facet normal 0.589268 0.794533 0.146559
    outer loop
      vertex 2.73404 4.09177 2.7854
      vertex 2.72524 4.0786 2.89218
      vertex 3.12193 3.80409 2.7854
    endloop
  endfacet
  facet normal 0.589261 0.794552 0.146483
    outer loop
      vertex 3.12193 3.80409 2.7854
      vertex 2.72524 4.0786 2.89218
      vertex 3.11189 3.79185 2.89218
    endloop
  endfacet
  facet normal 0.577895 0.779185 0.242708
    outer loop
      vertex 2.74861 4.11358 2.68069
      vertex 2.73404 4.09177 2.7854
      vertex 3.13857 3.82436 2.68069
    endloop
  endfacet
  facet normal 0.577894 0.779197 0.242675
    outer loop
      vertex 3.13857 3.82436 2.68069
      vertex 2.73404 4.09177 2.7854
      vertex 3.12193 3.80409 2.7854
    endloop
  endfacet
  facet normal 0.560944 0.756371 0.336518
    outer loop
      vertex 2.76881 4.14382 2.57905
      vertex 2.74861 4.11358 2.68069
      vertex 3.16165 3.85248 2.57905
    endloop
  endfacet
  facet normal 0.560941 0.756326 0.336624
    outer loop
      vertex 3.16165 3.85248 2.57905
      vertex 2.74861 4.11358 2.68069
      vertex 3.13857 3.82436 2.68069
    endloop
  endfacet
  facet normal 0.538625 0.726251 0.427133
    outer loop
      vertex 2.79445 4.1822 2.48146
      vertex 2.76881 4.14382 2.57905
      vertex 3.19093 3.88815 2.48146
    endloop
  endfacet
  facet normal 0.538631 0.726284 0.427069
    outer loop
      vertex 3.19093 3.88815 2.48146
      vertex 2.76881 4.14382 2.57905
      vertex 3.16165 3.85248 2.57905
    endloop
  endfacet
  facet normal 0.511114 0.689142 0.51366
    outer loop
      vertex 2.82529 4.22834 2.38887
      vertex 2.79445 4.1822 2.48146
      vertex 3.22613 3.93105 2.38887
    endloop
  endfacet
  facet normal 0.511119 0.689164 0.513625
    outer loop
      vertex 3.22613 3.93105 2.38887
      vertex 2.79445 4.1822 2.48146
      vertex 3.19093 3.88815 2.48146
    endloop
  endfacet
  facet normal 0.478668 0.645411 0.595249
    outer loop
      vertex 2.86101 4.28181 2.30217
      vertex 2.82529 4.22834 2.38887
      vertex 3.26693 3.98076 2.30217
    endloop
  endfacet
  facet normal 0.47866 0.645383 0.595286
    outer loop
      vertex 3.26693 3.98076 2.30217
      vertex 2.82529 4.22834 2.38887
      vertex 3.22613 3.93105 2.38887
    endloop
  endfacet
  facet normal 0.441626 0.595455 0.671118
    outer loop
      vertex 2.90129 4.34209 2.22218
      vertex 2.86101 4.28181 2.30217
      vertex 3.31292 4.0368 2.22218
    endloop
  endfacet
  facet normal 0.441633 0.595474 0.671097
    outer loop
      vertex 3.31292 4.0368 2.22218
      vertex 2.86101 4.28181 2.30217
      vertex 3.26693 3.98076 2.30217
    endloop
  endfacet
  facet normal 0.400308 0.539749 0.740557
    outer loop
      vertex 2.94573 4.40859 2.14969
      vertex 2.90129 4.34209 2.22218
      vertex 3.36366 4.09863 2.14969
    endloop
  endfacet
  facet normal 0.400304 0.53974 0.740565
    outer loop
      vertex 3.36366 4.09863 2.14969
      vertex 2.90129 4.34209 2.22218
      vertex 3.31292 4.0368 2.22218
    endloop
  endfacet
  facet normal 0.355163 0.478873 0.802832
    outer loop
      vertex 2.9939 4.48068 2.08538
      vertex 2.94573 4.40859 2.14969
      vertex 3.41866 4.16565 2.08538
    endloop
  endfacet
  facet normal 0.35517 0.478888 0.802821
    outer loop
      vertex 3.41866 4.16565 2.08538
      vertex 2.94573 4.40859 2.14969
      vertex 3.36366 4.09863 2.14969
    endloop
  endfacet
  facet normal 0.30649 0.413251 0.857489
    outer loop
      vertex 3.04534 4.55767 2.02989
      vertex 2.9939 4.48068 2.08538
      vertex 3.4774 4.23723 2.02989
    endloop
  endfacet
  facet normal 0.306485 0.413238 0.857497
    outer loop
      vertex 3.4774 4.23723 2.02989
      vertex 2.9939 4.48068 2.08538
      vertex 3.41866 4.16565 2.08538
    endloop
  endfacet
  facet normal 0.254977 0.343795 0.903765
    outer loop
      vertex 3.09955 4.63881 1.98373
      vertex 3.04534 4.55767 2.02989
      vertex 3.53931 4.31266 1.98373
    endloop
  endfacet
  facet normal 0.254976 0.343793 0.903766
    outer loop
      vertex 3.53931 4.31266 1.98373
      vertex 3.04534 4.55767 2.02989
      vertex 3.4774 4.23723 2.02989
    endloop
  endfacet
  facet normal 0.200912 0.270897 0.941408
    outer loop
      vertex 3.15602 4.72332 1.94736
      vertex 3.09955 4.63881 1.98373
      vertex 3.60379 4.39123 1.94736
    endloop
  endfacet
  facet normal 0.200911 0.270896 0.941409
    outer loop
      vertex 3.60379 4.39123 1.94736
      vertex 3.09955 4.63881 1.98373
      vertex 3.53931 4.31266 1.98373
    endloop
  endfacet
  facet normal 0.144862 0.195323 0.969981
    outer loop
      vertex 3.2142 4.81038 1.92114
      vertex 3.15602 4.72332 1.94736
      vertex 3.67022 4.47217 1.92114
    endloop
  endfacet
  facet normal 0.144863 0.195325 0.969981
    outer loop
      vertex 3.67022 4.47217 1.92114
      vertex 3.15602 4.72332 1.94736
      vertex 3.60379 4.39123 1.94736
    endloop
  endfacet
  facet normal 0.0875119 0.117997 0.98915
    outer loop
      vertex 3.27352 4.89917 1.9053
      vertex 3.2142 4.81038 1.92114
      vertex 3.73796 4.55472 1.9053
    endloop
  endfacet
  facet normal 0.0875096 0.117992 0.989151
    outer loop
      vertex 3.73796 4.55472 1.9053
      vertex 3.2142 4.81038 1.92114
      vertex 3.67022 4.47217 1.92114
    endloop
  endfacet
  facet normal 0.0292823 0.0394822 0.998791
    outer loop
      vertex 3.33342 4.98882 1.9
      vertex 3.27352 4.89917 1.9053
      vertex 3.80636 4.63806 1.9
    endloop
  endfacet
  facet normal 0.0292833 0.0394842 0.998791
    outer loop
      vertex 3.80636 4.63806 1.9
      vertex 3.27352 4.89917 1.9053
      vertex 3.73796 4.55472 1.9053
    endloop
  endfacet
  facet normal 0.0330126 0.0364234 -0.998791
    outer loop
      vertex 4.1664 4.1664 4.0947
      vertex 3.73796 4.55472 4.0947
      vertex 3.80636 4.63806 4.1
    endloop
  endfacet
  facet normal 0.0330111 0.0364222 -0.998791
    outer loop
      vertex 4.1664 4.1664 4.0947
      vertex 3.80636 4.63806 4.1
      vertex 4.24264 4.24264 4.1
    endloop
  endfacet
  facet normal 0.0986518 0.108849 -0.989151
    outer loop
      vertex 4.0909 4.0909 4.07886
      vertex 3.67022 4.47217 4.07886
      vertex 3.73796 4.55472 4.0947
    endloop
  endfacet
  facet normal 0.0986654 0.108859 -0.989149
    outer loop
      vertex 4.0909 4.0909 4.07886
      vertex 3.73796 4.55472 4.0947
      vertex 4.1664 4.1664 4.0947
    endloop
  endfacet
  facet normal 0.16337 0.180249 -0.969959
    outer loop
      vertex 4.01685 4.01685 4.05263
      vertex 3.60379 4.39123 4.05263
      vertex 3.67022 4.47217 4.07886
    endloop
  endfacet
  facet normal 0.163348 0.180233 -0.969966
    outer loop
      vertex 4.01685 4.01685 4.05263
      vertex 3.67022 4.47217 4.07886
      vertex 4.0909 4.0909 4.07886
    endloop
  endfacet
  facet normal 0.226441 0.249838 -0.941438
    outer loop
      vertex 3.94498 3.94498 4.01627
      vertex 3.53931 4.31266 4.01627
      vertex 3.60379 4.39123 4.05263
    endloop
  endfacet
  facet normal 0.226445 0.249841 -0.941436
    outer loop
      vertex 3.94498 3.94498 4.01627
      vertex 3.60379 4.39123 4.05263
      vertex 4.01685 4.01685 4.05263
    endloop
  endfacet
  facet normal 0.287443 0.317146 -0.903767
    outer loop
      vertex 3.87598 3.87598 3.97011
      vertex 3.4774 4.23723 3.97011
      vertex 3.53931 4.31266 4.01627
    endloop
  endfacet
  facet normal 0.287452 0.317152 -0.903762
    outer loop
      vertex 3.87598 3.87598 3.97011
      vertex 3.53931 4.31266 4.01627
      vertex 3.94498 3.94498 4.01627
    endloop
  endfacet
  facet normal 0.345504 0.381218 -0.857496
    outer loop
      vertex 3.81051 3.81051 3.91462
      vertex 3.41866 4.16565 3.91462
      vertex 3.4774 4.23723 3.97011
    endloop
  endfacet
  facet normal 0.345531 0.381236 -0.857477
    outer loop
      vertex 3.81051 3.81051 3.91462
      vertex 3.4774 4.23723 3.97011
      vertex 3.87598 3.87598 3.97011
    endloop
  endfacet
  facet normal 0.400396 0.441773 -0.80282
    outer loop
      vertex 3.7492 3.7492 3.85031
      vertex 3.36366 4.09863 3.85031
      vertex 3.41866 4.16565 3.91462
    endloop
  endfacet
  facet normal 0.40037 0.441756 -0.802842
    outer loop
      vertex 3.7492 3.7492 3.85031
      vertex 3.41866 4.16565 3.91462
      vertex 3.81051 3.81051 3.91462
    endloop
  endfacet
  facet normal 0.451279 0.497907 -0.740564
    outer loop
      vertex 3.69264 3.69264 3.77782
      vertex 3.31292 4.0368 3.77782
      vertex 3.36366 4.09863 3.85031
    endloop
  endfacet
  facet normal 0.451264 0.497898 -0.74058
    outer loop
      vertex 3.69264 3.69264 3.77782
      vertex 3.36366 4.09863 3.85031
      vertex 3.7492 3.7492 3.85031
    endloop
  endfacet
  facet normal 0.497872 0.54932 -0.671097
    outer loop
      vertex 3.64138 3.64138 3.69783
      vertex 3.26693 3.98076 3.69783
      vertex 3.31292 4.0368 3.77782
    endloop
  endfacet
  facet normal 0.497883 0.549326 -0.671083
    outer loop
      vertex 3.64138 3.64138 3.69783
      vertex 3.31292 4.0368 3.77782
      vertex 3.69264 3.69264 3.77782
    endloop
  endfacet
  facet normal 0.539598 0.595371 -0.595288
    outer loop
      vertex 3.59591 3.59591 3.61113
      vertex 3.22613 3.93105 3.61113
      vertex 3.26693 3.98076 3.69783
    endloop
  endfacet
  facet normal 0.539621 0.595383 -0.595255
    outer loop
      vertex 3.59591 3.59591 3.61113
      vertex 3.26693 3.98076 3.69783
      vertex 3.64138 3.64138 3.69783
    endloop
  endfacet
  facet normal 0.576202 0.635755 -0.513621
    outer loop
      vertex 3.55667 3.55667 3.51854
      vertex 3.19093 3.88815 3.51854
      vertex 3.22613 3.93105 3.61113
    endloop
  endfacet
  facet normal 0.576197 0.635753 -0.513629
    outer loop
      vertex 3.55667 3.55667 3.51854
      vertex 3.22613 3.93105 3.61113
      vertex 3.59591 3.59591 3.61113
    endloop
  endfacet
  facet normal 0.607243 0.669973 -0.427073
    outer loop
      vertex 3.52403 3.52403 3.42095
      vertex 3.16165 3.85248 3.42095
      vertex 3.19093 3.88815 3.51854
    endloop
  endfacet
  facet normal 0.6072 0.669957 -0.427159
    outer loop
      vertex 3.52403 3.52403 3.42095
      vertex 3.19093 3.88815 3.51854
      vertex 3.55667 3.55667 3.51854
    endloop
  endfacet
  facet normal 0.632367 0.697708 -0.336625
    outer loop
      vertex 3.49831 3.49831 3.31931
      vertex 3.13857 3.82436 3.31931
      vertex 3.16165 3.85248 3.42095
    endloop
  endfacet
  facet normal 0.632385 0.697712 -0.336581
    outer loop
      vertex 3.49831 3.49831 3.31931
      vertex 3.16165 3.85248 3.42095
      vertex 3.52403 3.52403 3.42095
    endloop
  endfacet
  facet normal 0.651476 0.718809 -0.242678
    outer loop
      vertex 3.47977 3.47977 3.2146
      vertex 3.12193 3.80409 3.2146
      vertex 3.13857 3.82436 3.31931
    endloop
  endfacet
  facet normal 0.651493 0.718811 -0.242627
    outer loop
      vertex 3.47977 3.47977 3.2146
      vertex 3.13857 3.82436 3.31931
      vertex 3.49831 3.49831 3.31931
    endloop
  endfacet
  facet normal 0.66432 0.732955 -0.14648
    outer loop
      vertex 3.46857 3.46857 3.10782
      vertex 3.11189 3.79185 3.10782
      vertex 3.12193 3.80409 3.2146
    endloop
  endfacet
  facet normal 0.6643 0.732958 -0.146556
    outer loop
      vertex 3.46857 3.46857 3.10782
      vertex 3.12193 3.80409 3.2146
      vertex 3.47977 3.47977 3.2146
    endloop
  endfacet
  facet normal 0.670759 0.740052 -0.0490444
    outer loop
      vertex 3.46482 3.46482 3
      vertex 3.10853 3.78775 3
      vertex 3.11189 3.79185 3.10782
    endloop
  endfacet
  facet normal 0.670755 0.740054 -0.0490682
    outer loop
      vertex 3.46482 3.46482 3
      vertex 3.11189 3.79185 3.10782
      vertex 3.46857 3.46857 3.10782
    endloop
  endfacet
  facet normal 0.670755 0.740055 0.0490444
    outer loop
      vertex 3.11189 3.79185 2.89218
      vertex 3.10853 3.78775 3
      vertex 3.46857 3.46857 2.89218
    endloop
  endfacet
  facet normal 0.670759 0.740051 0.0490682
    outer loop
      vertex 3.46857 3.46857 2.89218
      vertex 3.10853 3.78775 3
      vertex 3.46482 3.46482 3
    endloop
  endfacet
  facet normal 0.664307 0.732966 0.14648
    outer loop
      vertex 3.12193 3.80409 2.7854
      vertex 3.11189 3.79185 2.89218
      vertex 3.47977 3.47977 2.7854
    endloop
  endfacet
  facet normal 0.664312 0.732946 0.146556
    outer loop
      vertex 3.47977 3.47977 2.7854
      vertex 3.11189 3.79185 2.89218
      vertex 3.46857 3.46857 2.89218
    endloop
  endfacet
  facet normal 0.651485 0.718801 0.242678
    outer loop
      vertex 3.13857 3.82436 2.68069
      vertex 3.12193 3.80409 2.7854
      vertex 3.49831 3.49831 2.68069
    endloop
  endfacet
  facet normal 0.651485 0.718819 0.242627
    outer loop
      vertex 3.49831 3.49831 2.68069
      vertex 3.12193 3.80409 2.7854
      vertex 3.47977 3.47977 2.7854
    endloop
  endfacet
  facet normal 0.632374 0.697701 0.336625
    outer loop
      vertex 3.16165 3.85248 2.57905
      vertex 3.13857 3.82436 2.68069
      vertex 3.52403 3.52403 2.57905
    endloop
  endfacet
  facet normal 0.632377 0.697719 0.336581
    outer loop
      vertex 3.52403 3.52403 2.57905
      vertex 3.13857 3.82436 2.68069
      vertex 3.49831 3.49831 2.68069
    endloop
  endfacet
  facet normal 0.607228 0.669987 0.427073
    outer loop
      vertex 3.19093 3.88815 2.48146
      vertex 3.16165 3.85248 2.57905
      vertex 3.55667 3.55667 2.48146
    endloop
  endfacet
  facet normal 0.607216 0.669943 0.427159
    outer loop
      vertex 3.55667 3.55667 2.48146
      vertex 3.16165 3.85248 2.57905
      vertex 3.52403 3.52403 2.57905
    endloop
  endfacet
  facet normal 0.5762 0.635756 0.513621
    outer loop
      vertex 3.22613 3.93105 2.38887
      vertex 3.19093 3.88815 2.48146
      vertex 3.59591 3.59591 2.38887
    endloop
  endfacet
  facet normal 0.576199 0.635752 0.513629
    outer loop
      vertex 3.59591 3.59591 2.38887
      vertex 3.19093 3.88815 2.48146
      vertex 3.55667 3.55667 2.48146
    endloop
  endfacet
  facet normal 0.539605 0.595365 0.595288
    outer loop
      vertex 3.26693 3.98076 2.30217
      vertex 3.22613 3.93105 2.38887
      vertex 3.64138 3.64138 2.30217
    endloop
  endfacet
  facet normal 0.539614 0.595389 0.595255
    outer loop
      vertex 3.64138 3.64138 2.30217
      vertex 3.22613 3.93105 2.38887
      vertex 3.59591 3.59591 2.38887
    endloop
  endfacet
  facet normal 0.497875 0.549317 0.671097
    outer loop
      vertex 3.31292 4.0368 2.22218
      vertex 3.26693 3.98076 2.30217
      vertex 3.69264 3.69264 2.22218
    endloop
  endfacet
  facet normal 0.49788 0.549329 0.671083
    outer loop
      vertex 3.69264 3.69264 2.22218
      vertex 3.26693 3.98076 2.30217
      vertex 3.64138 3.64138 2.30217
    endloop
  endfacet
  facet normal 0.451276 0.49791 0.740564
    outer loop
      vertex 3.36366 4.09863 2.14969
      vertex 3.31292 4.0368 2.22218
      vertex 3.7492 3.7492 2.14969
    endloop
  endfacet
  facet normal 0.451268 0.497895 0.74058
    outer loop
      vertex 3.7492 3.7492 2.14969
      vertex 3.31292 4.0368 2.22218
      vertex 3.69264 3.69264 2.22218
    endloop
  endfacet
  facet normal 0.40039 0.441777 0.80282
    outer loop
      vertex 3.41866 4.16565 2.08538
      vertex 3.36366 4.09863 2.14969
      vertex 3.81051 3.81051 2.08538
    endloop
  endfacet
  facet normal 0.400376 0.441751 0.802842
    outer loop
      vertex 3.81051 3.81051 2.08538
      vertex 3.36366 4.09863 2.14969
      vertex 3.7492 3.7492 2.14969
    endloop
  endfacet
  facet normal 0.34551 0.381213 0.857496
    outer loop
      vertex 3.4774 4.23723 2.02989
      vertex 3.41866 4.16565 2.08538
      vertex 3.87598 3.87598 2.02989
    endloop
  endfacet
  facet normal 0.345525 0.381241 0.857477
    outer loop
      vertex 3.87598 3.87598 2.02989
      vertex 3.41866 4.16565 2.08538
      vertex 3.81051 3.81051 2.08538
    endloop
  endfacet
  facet normal 0.287445 0.317144 0.903767
    outer loop
      vertex 3.53931 4.31266 1.98373
      vertex 3.4774 4.23723 2.02989
      vertex 3.94498 3.94498 1.98373
    endloop
  endfacet
  facet normal 0.28745 0.317154 0.903762
    outer loop
      vertex 3.94498 3.94498 1.98373
      vertex 3.4774 4.23723 2.02989
      vertex 3.87598 3.87598 2.02989
    endloop
  endfacet
  facet normal 0.226497 0.249898 0.941409
    outer loop
      vertex 3.60379 4.39123 1.94736
      vertex 3.53931 4.31266 1.98373
      vertex 4.01685 4.01685 1.94736
    endloop
  endfacet
  facet normal 0.226499 0.249902 0.941407
    outer loop
      vertex 4.01685 4.01685 1.94736
      vertex 3.53931 4.31266 1.98373
      vertex 3.94498 3.94498 1.98373
    endloop
  endfacet
  facet normal 0.163307 0.180188 0.969981
    outer loop
      vertex 3.67022 4.47217 1.92114
      vertex 3.60379 4.39123 1.94736
      vertex 4.0909 4.0909 1.92114
    endloop
  endfacet
  facet normal 0.163294 0.180165 0.969988
    outer loop
      vertex 4.0909 4.0909 1.92114
      vertex 3.60379 4.39123 1.94736
      vertex 4.01685 4.01685 1.94736
    endloop
  endfacet
  facet normal 0.0986543 0.108847 0.989151
    outer loop
      vertex 3.73796 4.55472 1.9053
      vertex 3.67022 4.47217 1.92114
      vertex 4.1664 4.1664 1.9053
    endloop
  endfacet
  facet normal 0.0986632 0.108861 0.989148
    outer loop
      vertex 4.1664 4.1664 1.9053
      vertex 3.67022 4.47217 1.92114
      vertex 4.0909 4.0909 1.92114
    endloop
  endfacet
  facet normal 0.0330124 0.0364236 0.998791
    outer loop
      vertex 3.80636 4.63806 1.9
      vertex 3.73796 4.55472 1.9053
      vertex 4.24264 4.24264 1.9
    endloop
  endfacet
  facet normal 0.0330113 0.036422 0.998791
    outer loop
      vertex 4.24264 4.24264 1.9
      vertex 3.73796 4.55472 1.9053
      vertex 4.1664 4.1664 1.9053
    endloop
  endfacet
  facet normal 0.036422 0.0330113 -0.998791
    outer loop
      vertex 4.55472 3.73796 4.0947
      vertex 4.1664 4.1664 4.0947
      vertex 4.24264 4.24264 4.1
    endloop
  endfacet
  facet normal 0.0364236 0.0330124 -0.998791
    outer loop
      vertex 4.55472 3.73796 4.0947
      vertex 4.24264 4.24264 4.1
      vertex 4.63806 3.80636 4.1
    endloop
  endfacet
  facet normal 0.108861 0.0986632 -0.989148
    outer loop
      vertex 4.47217 3.67022 4.07886
      vertex 4.0909 4.0909 4.07886
      vertex 4.1664 4.1664 4.0947
    endloop
  endfacet
  facet normal 0.108847 0.0986543 -0.989151
    outer loop
      vertex 4.47217 3.67022 4.07886
      vertex 4.1664 4.1664 4.0947
      vertex 4.55472 3.73796 4.0947
    endloop
  endfacet
  facet normal 0.180229 0.163352 -0.969966
    outer loop
      vertex 4.39123 3.60379 4.05263
      vertex 4.01685 4.01685 4.05263
      vertex 4.0909 4.0909 4.07886
    endloop
  endfacet
  facet normal 0.180252 0.163366 -0.969959
    outer loop
      vertex 4.39123 3.60379 4.05263
      vertex 4.0909 4.0909 4.07886
      vertex 4.47217 3.67022 4.07886
    endloop
  endfacet
  facet normal 0.249841 0.226444 -0.941436
    outer loop
      vertex 4.31266 3.53931 4.01627
      vertex 3.94498 3.94498 4.01627
      vertex 4.01685 4.01685 4.05263
    endloop
  endfacet
  facet normal 0.249837 0.226442 -0.941438
    outer loop
      vertex 4.31266 3.53931 4.01627
      vertex 4.01685 4.01685 4.05263
      vertex 4.39123 3.60379 4.05263
    endloop
  endfacet
  facet normal 0.317154 0.28745 -0.903762
    outer loop
      vertex 4.23723 3.4774 3.97011
      vertex 3.87598 3.87598 3.97011
      vertex 3.94498 3.94498 4.01627
    endloop
  endfacet
  facet normal 0.317144 0.287445 -0.903767
    outer loop
      vertex 4.23723 3.4774 3.97011
      vertex 3.94498 3.94498 4.01627
      vertex 4.31266 3.53931 4.01627
    endloop
  endfacet
  facet normal 0.381241 0.345525 -0.857477
    outer loop
      vertex 4.16565 3.41866 3.91462
      vertex 3.81051 3.81051 3.91462
      vertex 3.87598 3.87598 3.97011
    endloop
  endfacet
  facet normal 0.381213 0.34551 -0.857496
    outer loop
      vertex 4.16565 3.41866 3.91462
      vertex 3.87598 3.87598 3.97011
      vertex 4.23723 3.4774 3.97011
    endloop
  endfacet
  facet normal 0.441751 0.400376 -0.802842
    outer loop
      vertex 4.09863 3.36366 3.85031
      vertex 3.7492 3.7492 3.85031
      vertex 3.81051 3.81051 3.91462
    endloop
  endfacet
  facet normal 0.441777 0.40039 -0.80282
    outer loop
      vertex 4.09863 3.36366 3.85031
      vertex 3.81051 3.81051 3.91462
      vertex 4.16565 3.41866 3.91462
    endloop
  endfacet
  facet normal 0.497895 0.451268 -0.74058
    outer loop
      vertex 4.0368 3.31292 3.77782
      vertex 3.69264 3.69264 3.77782
      vertex 3.7492 3.7492 3.85031
    endloop
  endfacet
  facet normal 0.49791 0.451276 -0.740564
    outer loop
      vertex 4.0368 3.31292 3.77782
      vertex 3.7492 3.7492 3.85031
      vertex 4.09863 3.36366 3.85031
    endloop
  endfacet
  facet normal 0.549329 0.49788 -0.671083
    outer loop
      vertex 3.98076 3.26693 3.69783
      vertex 3.64138 3.64138 3.69783
      vertex 3.69264 3.69264 3.77782
    endloop
  endfacet
  facet normal 0.549317 0.497875 -0.671097
    outer loop
      vertex 3.98076 3.26693 3.69783
      vertex 3.69264 3.69264 3.77782
      vertex 4.0368 3.31292 3.77782
    endloop
  endfacet
  facet normal 0.595389 0.539614 -0.595255
    outer loop
      vertex 3.93105 3.22613 3.61113
      vertex 3.59591 3.59591 3.61113
      vertex 3.64138 3.64138 3.69783
    endloop
  endfacet
  facet normal 0.595365 0.539605 -0.595288
    outer loop
      vertex 3.93105 3.22613 3.61113
      vertex 3.64138 3.64138 3.69783
      vertex 3.98076 3.26693 3.69783
    endloop
  endfacet
  facet normal 0.635752 0.576199 -0.513629
    outer loop
      vertex 3.88815 3.19093 3.51854
      vertex 3.55667 3.55667 3.51854
      vertex 3.59591 3.59591 3.61113
    endloop
  endfacet
  facet normal 0.635756 0.5762 -0.513621
    outer loop
      vertex 3.88815 3.19093 3.51854
      vertex 3.59591 3.59591 3.61113
      vertex 3.93105 3.22613 3.61113
    endloop
  endfacet
  facet normal 0.669943 0.607216 -0.427159
    outer loop
      vertex 3.85248 3.16165 3.42095
      vertex 3.52403 3.52403 3.42095
      vertex 3.55667 3.55667 3.51854
    endloop
  endfacet
  facet normal 0.669987 0.607228 -0.427073
    outer loop
      vertex 3.85248 3.16165 3.42095
      vertex 3.55667 3.55667 3.51854
      vertex 3.88815 3.19093 3.51854
    endloop
  endfacet
  facet normal 0.697719 0.632377 -0.336581
    outer loop
      vertex 3.82436 3.13857 3.31931
      vertex 3.49831 3.49831 3.31931
      vertex 3.52403 3.52403 3.42095
    endloop
  endfacet
  facet normal 0.697701 0.632374 -0.336625
    outer loop
      vertex 3.82436 3.13857 3.31931
      vertex 3.52403 3.52403 3.42095
      vertex 3.85248 3.16165 3.42095
    endloop
  endfacet
  facet normal 0.718819 0.651485 -0.242627
    outer loop
      vertex 3.80409 3.12193 3.2146
      vertex 3.47977 3.47977 3.2146
      vertex 3.49831 3.49831 3.31931
    endloop
  endfacet
  facet normal 0.718801 0.651485 -0.242678
    outer loop
      vertex 3.80409 3.12193 3.2146
      vertex 3.49831 3.49831 3.31931
      vertex 3.82436 3.13857 3.31931
    endloop
  endfacet
  facet normal 0.732946 0.664312 -0.146556
    outer loop
      vertex 3.79185 3.11189 3.10782
      vertex 3.46857 3.46857 3.10782
      vertex 3.47977 3.47977 3.2146
    endloop
  endfacet
  facet normal 0.732966 0.664307 -0.14648
    outer loop
      vertex 3.79185 3.11189 3.10782
      vertex 3.47977 3.47977 3.2146
      vertex 3.80409 3.12193 3.2146
    endloop
  endfacet
  facet normal 0.740051 0.670759 -0.0490682
    outer loop
      vertex 3.78775 3.10853 3
      vertex 3.46482 3.46482 3
      vertex 3.46857 3.46857 3.10782
    endloop
  endfacet
  facet normal 0.740055 0.670755 -0.0490444
    outer loop
      vertex 3.78775 3.10853 3
      vertex 3.46857 3.46857 3.10782
      vertex 3.79185 3.11189 3.10782
    endloop
  endfacet
  facet normal 0.740054 0.670755 0.0490682
    outer loop
      vertex 3.46857 3.46857 2.89218
      vertex 3.46482 3.46482 3
      vertex 3.79185 3.11189 2.89218
    endloop
  endfacet
  facet normal 0.740052 0.670759 0.0490444
    outer loop
      vertex 3.79185 3.11189 2.89218
      vertex 3.46482 3.46482 3
      vertex 3.78775 3.10853 3
    endloop
  endfacet
  facet normal 0.732958 0.6643 0.146556
    outer loop
      vertex 3.47977 3.47977 2.7854
      vertex 3.46857 3.46857 2.89218
      vertex 3.80409 3.12193 2.7854
    endloop
  endfacet
  facet normal 0.732955 0.66432 0.14648
    outer loop
      vertex 3.80409 3.12193 2.7854
      vertex 3.46857 3.46857 2.89218
      vertex 3.79185 3.11189 2.89218
    endloop
  endfacet
  facet normal 0.718811 0.651493 0.242627
    outer loop
      vertex 3.49831 3.49831 2.68069
      vertex 3.47977 3.47977 2.7854
      vertex 3.82436 3.13857 2.68069
    endloop
  endfacet
  facet normal 0.718809 0.651476 0.242678
    outer loop
      vertex 3.82436 3.13857 2.68069
      vertex 3.47977 3.47977 2.7854
      vertex 3.80409 3.12193 2.7854
    endloop
  endfacet
  facet normal 0.697712 0.632385 0.336581
    outer loop
      vertex 3.52403 3.52403 2.57905
      vertex 3.49831 3.49831 2.68069
      vertex 3.85248 3.16165 2.57905
    endloop
  endfacet
  facet normal 0.697708 0.632367 0.336625
    outer loop
      vertex 3.85248 3.16165 2.57905
      vertex 3.49831 3.49831 2.68069
      vertex 3.82436 3.13857 2.68069
    endloop
  endfacet
  facet normal 0.669957 0.6072 0.427159
    outer loop
      vertex 3.55667 3.55667 2.48146
      vertex 3.52403 3.52403 2.57905
      vertex 3.88815 3.19093 2.48146
    endloop
  endfacet
  facet normal 0.669973 0.607243 0.427073
    outer loop
      vertex 3.88815 3.19093 2.48146
      vertex 3.52403 3.52403 2.57905
      vertex 3.85248 3.16165 2.57905
    endloop
  endfacet
  facet normal 0.635753 0.576197 0.513629
    outer loop
      vertex 3.59591 3.59591 2.38887
      vertex 3.55667 3.55667 2.48146
      vertex 3.93105 3.22613 2.38887
    endloop
  endfacet
  facet normal 0.635755 0.576202 0.513621
    outer loop
      vertex 3.93105 3.22613 2.38887
      vertex 3.55667 3.55667 2.48146
      vertex 3.88815 3.19093 2.48146
    endloop
  endfacet
  facet normal 0.595383 0.539621 0.595255
    outer loop
      vertex 3.64138 3.64138 2.30217
      vertex 3.59591 3.59591 2.38887
      vertex 3.98076 3.26693 2.30217
    endloop
  endfacet
  facet normal 0.595371 0.539598 0.595288
    outer loop
      vertex 3.98076 3.26693 2.30217
      vertex 3.59591 3.59591 2.38887
      vertex 3.93105 3.22613 2.38887
    endloop
  endfacet
  facet normal 0.549326 0.497883 0.671083
    outer loop
      vertex 3.69264 3.69264 2.22218
      vertex 3.64138 3.64138 2.30217
      vertex 4.0368 3.31292 2.22218
    endloop
  endfacet
  facet normal 0.54932 0.497872 0.671097
    outer loop
      vertex 4.0368 3.31292 2.22218
      vertex 3.64138 3.64138 2.30217
      vertex 3.98076 3.26693 2.30217
    endloop
  endfacet
  facet normal 0.497898 0.451264 0.74058
    outer loop
      vertex 3.7492 3.7492 2.14969
      vertex 3.69264 3.69264 2.22218
      vertex 4.09863 3.36366 2.14969
    endloop
  endfacet
  facet normal 0.497907 0.451279 0.740564
    outer loop
      vertex 4.09863 3.36366 2.14969
      vertex 3.69264 3.69264 2.22218
      vertex 4.0368 3.31292 2.22218
    endloop
  endfacet
  facet normal 0.441756 0.40037 0.802842
    outer loop
      vertex 3.81051 3.81051 2.08538
      vertex 3.7492 3.7492 2.14969
      vertex 4.16565 3.41866 2.08538
    endloop
  endfacet
  facet normal 0.441773 0.400396 0.80282
    outer loop
      vertex 4.16565 3.41866 2.08538
      vertex 3.7492 3.7492 2.14969
      vertex 4.09863 3.36366 2.14969
    endloop
  endfacet
  facet normal 0.381236 0.345531 0.857477
    outer loop
      vertex 3.87598 3.87598 2.02989
      vertex 3.81051 3.81051 2.08538
      vertex 4.23723 3.4774 2.02989
    endloop
  endfacet
  facet normal 0.381218 0.345504 0.857496
    outer loop
      vertex 4.23723 3.4774 2.02989
      vertex 3.81051 3.81051 2.08538
      vertex 4.16565 3.41866 2.08538
    endloop
  endfacet
  facet normal 0.317152 0.287452 0.903762
    outer loop
      vertex 3.94498 3.94498 1.98373
      vertex 3.87598 3.87598 2.02989
      vertex 4.31266 3.53931 1.98373
    endloop
  endfacet
  facet normal 0.317146 0.287443 0.903767
    outer loop
      vertex 4.31266 3.53931 1.98373
      vertex 3.87598 3.87598 2.02989
      vertex 4.23723 3.4774 2.02989
    endloop
  endfacet
  facet normal 0.249901 0.2265 0.941407
    outer loop
      vertex 4.01685 4.01685 1.94736
      vertex 3.94498 3.94498 1.98373
      vertex 4.39123 3.60379 1.94736
    endloop
  endfacet
  facet normal 0.249899 0.226496 0.941409
    outer loop
      vertex 4.39123 3.60379 1.94736
      vertex 3.94498 3.94498 1.98373
      vertex 4.31266 3.53931 1.98373
    endloop
  endfacet
  facet normal 0.180168 0.16329 0.969988
    outer loop
      vertex 4.0909 4.0909 1.92114
      vertex 4.01685 4.01685 1.94736
      vertex 4.47217 3.67022 1.92114
    endloop
  endfacet
  facet normal 0.180184 0.163311 0.969981
    outer loop
      vertex 4.47217 3.67022 1.92114
      vertex 4.01685 4.01685 1.94736
      vertex 4.39123 3.60379 1.94736
    endloop
  endfacet
  facet normal 0.108859 0.0986654 0.989149
    outer loop
      vertex 4.1664 4.1664 1.9053
      vertex 4.0909 4.0909 1.92114
      vertex 4.55472 3.73796 1.9053
    endloop
  endfacet
  facet normal 0.108849 0.0986518 0.989151
    outer loop
      vertex 4.55472 3.73796 1.9053
      vertex 4.0909 4.0909 1.92114
      vertex 4.47217 3.67022 1.92114
    endloop
  endfacet
  facet normal 0.0364222 0.0330111 0.998791
    outer loop
      vertex 4.24264 4.24264 1.9
      vertex 4.1664 4.1664 1.9053
      vertex 4.63806 3.80636 1.9
    endloop
  endfacet
  facet normal 0.0364234 0.0330126 0.998791
    outer loop
      vertex 4.63806 3.80636 1.9
      vertex 4.1664 4.1664 1.9053
      vertex 4.55472 3.73796 1.9053
    endloop
  endfacet
  facet normal 0.0394842 0.0292833 -0.998791
    outer loop
      vertex 4.89917 3.27352 4.0947
      vertex 4.55472 3.73796 4.0947
      vertex 4.63806 3.80636 4.1
    endloop
  endfacet
  facet normal 0.0394822 0.0292823 -0.998791
    outer loop
      vertex 4.89917 3.27352 4.0947
      vertex 4.63806 3.80636 4.1
      vertex 4.98882 3.33342 4.1
    endloop
  endfacet
  facet normal 0.117992 0.0875096 -0.989151
    outer loop
      vertex 4.81038 3.2142 4.07886
      vertex 4.47217 3.67022 4.07886
      vertex 4.55472 3.73796 4.0947
    endloop
  endfacet
  facet normal 0.117997 0.0875119 -0.98915
    outer loop
      vertex 4.81038 3.2142 4.07886
      vertex 4.55472 3.73796 4.0947
      vertex 4.89917 3.27352 4.0947
    endloop
  endfacet
  facet normal 0.195395 0.144915 -0.969959
    outer loop
      vertex 4.72332 3.15602 4.05263
      vertex 4.39123 3.60379 4.05263
      vertex 4.47217 3.67022 4.07886
    endloop
  endfacet
  facet normal 0.195393 0.144914 -0.969959
    outer loop
      vertex 4.72332 3.15602 4.05263
      vertex 4.47217 3.67022 4.07886
      vertex 4.81038 3.2142 4.07886
    endloop
  endfacet
  facet normal 0.27083 0.200862 -0.941438
    outer loop
      vertex 4.63881 3.09955 4.01627
      vertex 4.31266 3.53931 4.01627
      vertex 4.39123 3.60379 4.05263
    endloop
  endfacet
  facet normal 0.270831 0.200863 -0.941438
    outer loop
      vertex 4.63881 3.09955 4.01627
      vertex 4.39123 3.60379 4.05263
      vertex 4.72332 3.15602 4.05263
    endloop
  endfacet
  facet normal 0.343793 0.254976 -0.903766
    outer loop
      vertex 4.55767 3.04534 3.97011
      vertex 4.23723 3.4774 3.97011
      vertex 4.31266 3.53931 4.01627
    endloop
  endfacet
  facet normal 0.343795 0.254977 -0.903765
    outer loop
      vertex 4.55767 3.04534 3.97011
      vertex 4.31266 3.53931 4.01627
      vertex 4.63881 3.09955 4.01627
    endloop
  endfacet
  facet normal 0.413238 0.306485 -0.857497
    outer loop
      vertex 4.48068 2.9939 3.91462
      vertex 4.16565 3.41866 3.91462
      vertex 4.23723 3.4774 3.97011
    endloop
  endfacet
  facet normal 0.413251 0.30649 -0.857489
    outer loop
      vertex 4.48068 2.9939 3.91462
      vertex 4.23723 3.4774 3.97011
      vertex 4.55767 3.04534 3.97011
    endloop
  endfacet
  facet normal 0.478888 0.35517 -0.802821
    outer loop
      vertex 4.40859 2.94573 3.85031
      vertex 4.09863 3.36366 3.85031
      vertex 4.16565 3.41866 3.91462
    endloop
  endfacet
  facet normal 0.478873 0.355163 -0.802832
    outer loop
      vertex 4.40859 2.94573 3.85031
      vertex 4.16565 3.41866 3.91462
      vertex 4.48068 2.9939 3.91462
    endloop
  endfacet
  facet normal 0.53974 0.400304 -0.740565
    outer loop
      vertex 4.34209 2.90129 3.77782
      vertex 4.0368 3.31292 3.77782
      vertex 4.09863 3.36366 3.85031
    endloop
  endfacet
  facet normal 0.539749 0.400308 -0.740557
    outer loop
      vertex 4.34209 2.90129 3.77782
      vertex 4.09863 3.36366 3.85031
      vertex 4.40859 2.94573 3.85031
    endloop
  endfacet
  facet normal 0.595474 0.441633 -0.671097
    outer loop
      vertex 4.28181 2.86101 3.69783
      vertex 3.98076 3.26693 3.69783
      vertex 4.0368 3.31292 3.77782
    endloop
  endfacet
  facet normal 0.595455 0.441626 -0.671118
    outer loop
      vertex 4.28181 2.86101 3.69783
      vertex 4.0368 3.31292 3.77782
      vertex 4.34209 2.90129 3.77782
    endloop
  endfacet
  facet normal 0.645383 0.47866 -0.595286
    outer loop
      vertex 4.22834 2.82529 3.61113
      vertex 3.93105 3.22613 3.61113
      vertex 3.98076 3.26693 3.69783
    endloop
  endfacet
  facet normal 0.645411 0.478668 -0.595249
    outer loop
      vertex 4.22834 2.82529 3.61113
      vertex 3.98076 3.26693 3.69783
      vertex 4.28181 2.86101 3.69783
    endloop
  endfacet
  facet normal 0.689164 0.511119 -0.513625
    outer loop
      vertex 4.1822 2.79445 3.51854
      vertex 3.88815 3.19093 3.51854
      vertex 3.93105 3.22613 3.61113
    endloop
  endfacet
  facet normal 0.689142 0.511114 -0.51366
    outer loop
      vertex 4.1822 2.79445 3.51854
      vertex 3.93105 3.22613 3.61113
      vertex 4.22834 2.82529 3.61113
    endloop
  endfacet
  facet normal 0.726284 0.538631 -0.427069
    outer loop
      vertex 4.14382 2.76881 3.42095
      vertex 3.85248 3.16165 3.42095
      vertex 3.88815 3.19093 3.51854
    endloop
  endfacet
  facet normal 0.726251 0.538625 -0.427133
    outer loop
      vertex 4.14382 2.76881 3.42095
      vertex 3.88815 3.19093 3.51854
      vertex 4.1822 2.79445 3.51854
    endloop
  endfacet
  facet normal 0.756326 0.560941 -0.336624
    outer loop
      vertex 4.11358 2.74861 3.31931
      vertex 3.82436 3.13857 3.31931
      vertex 3.85248 3.16165 3.42095
    endloop
  endfacet
  facet normal 0.756371 0.560944 -0.336518
    outer loop
      vertex 4.11358 2.74861 3.31931
      vertex 3.85248 3.16165 3.42095
      vertex 4.14382 2.76881 3.42095
    endloop
  endfacet
  facet normal 0.779197 0.577894 -0.242675
    outer loop
      vertex 4.09177 2.73404 3.2146
      vertex 3.80409 3.12193 3.2146
      vertex 3.82436 3.13857 3.31931
    endloop
  endfacet
  facet normal 0.779185 0.577895 -0.242708
    outer loop
      vertex 4.09177 2.73404 3.2146
      vertex 3.82436 3.13857 3.31931
      vertex 4.11358 2.74861 3.31931
    endloop
  endfacet
  facet normal 0.794552 0.589261 -0.146483
    outer loop
      vertex 4.0786 2.72524 3.10782
      vertex 3.79185 3.11189 3.10782
      vertex 3.80409 3.12193 3.2146
    endloop
  endfacet
  facet normal 0.794533 0.589268 -0.146559
    outer loop
      vertex 4.0786 2.72524 3.10782
      vertex 3.80409 3.12193 3.2146
      vertex 4.09177 2.73404 3.2146
    endloop
  endfacet
  facet normal 0.802246 0.594975 -0.0490477
    outer loop
      vertex 4.0742 2.72229 3
      vertex 3.78775 3.10853 3
      vertex 3.79185 3.11189 3.10782
    endloop
  endfacet
  facet normal 0.802251 0.594971 -0.0490175
    outer loop
      vertex 4.0742 2.72229 3
      vertex 3.79185 3.11189 3.10782
      vertex 4.0786 2.72524 3.10782
    endloop
  endfacet
  facet normal 0.80225 0.59497 0.0490477
    outer loop
      vertex 3.79185 3.11189 2.89218
      vertex 3.78775 3.10853 3
      vertex 4.0786 2.72524 2.89218
    endloop
  endfacet
  facet normal 0.802247 0.594976 0.0490175
    outer loop
      vertex 4.0786 2.72524 2.89218
      vertex 3.78775 3.10853 3
      vertex 4.0742 2.72229 3
    endloop
  endfacet
  facet normal 0.794542 0.589275 0.146484
    outer loop
      vertex 3.80409 3.12193 2.7854
      vertex 3.79185 3.11189 2.89218
      vertex 4.09177 2.73404 2.7854
    endloop
  endfacet
  facet normal 0.794543 0.589255 0.146559
    outer loop
      vertex 4.09177 2.73404 2.7854
      vertex 3.79185 3.11189 2.89218
      vertex 4.0786 2.72524 2.89218
    endloop
  endfacet
  facet normal 0.779192 0.5779 0.242675
    outer loop
      vertex 3.82436 3.13857 2.68069
      vertex 3.80409 3.12193 2.7854
      vertex 4.11358 2.74861 2.68069
    endloop
  endfacet
  facet normal 0.77919 0.577889 0.242708
    outer loop
      vertex 4.11358 2.74861 2.68069
      vertex 3.80409 3.12193 2.7854
      vertex 4.09177 2.73404 2.7854
    endloop
  endfacet
  facet normal 0.756341 0.560922 0.336623
    outer loop
      vertex 3.85248 3.16165 2.57905
      vertex 3.82436 3.13857 2.68069
      vertex 4.14382 2.76881 2.57905
    endloop
  endfacet
  facet normal 0.756357 0.560964 0.336518
    outer loop
      vertex 4.14382 2.76881 2.57905
      vertex 3.82436 3.13857 2.68069
      vertex 4.11358 2.74861 2.68069
    endloop
  endfacet
  facet normal 0.726275 0.538643 0.427069
    outer loop
      vertex 3.88815 3.19093 2.48146
      vertex 3.85248 3.16165 2.57905
      vertex 4.1822 2.79445 2.48146
    endloop
  endfacet
  facet normal 0.72626 0.538613 0.427133
    outer loop
      vertex 4.1822 2.79445 2.48146
      vertex 3.85248 3.16165 2.57905
      vertex 4.14382 2.76881 2.57905
    endloop
  endfacet
  facet normal 0.689158 0.511126 0.513625
    outer loop
      vertex 3.93105 3.22613 2.38887
      vertex 3.88815 3.19093 2.48146
      vertex 4.22834 2.82529 2.38887
    endloop
  endfacet
  facet normal 0.689147 0.511107 0.51366
    outer loop
      vertex 4.22834 2.82529 2.38887
      vertex 3.88815 3.19093 2.48146
      vertex 4.1822 2.79445 2.48146
    endloop
  endfacet
  facet normal 0.645389 0.478652 0.595286
    outer loop
      vertex 3.98076 3.26693 2.30217
      vertex 3.93105 3.22613 2.38887
      vertex 4.28181 2.86101 2.30217
    endloop
  endfacet
  facet normal 0.645405 0.478676 0.595249
    outer loop
      vertex 4.28181 2.86101 2.30217
      vertex 3.93105 3.22613 2.38887
      vertex 4.22834 2.82529 2.38887
    endloop
  endfacet
  facet normal 0.59547 0.441637 0.671097
    outer loop
      vertex 4.0368 3.31292 2.22218
      vertex 3.98076 3.26693 2.30217
      vertex 4.34209 2.90129 2.22218
    endloop
  endfacet
  facet normal 0.595459 0.441621 0.671118
    outer loop
      vertex 4.34209 2.90129 2.22218
      vertex 3.98076 3.26693 2.30217
      vertex 4.28181 2.86101 2.30217
    endloop
  endfacet
  facet normal 0.539742 0.400302 0.740565
    outer loop
      vertex 4.09863 3.36366 2.14969
      vertex 4.0368 3.31292 2.22218
      vertex 4.40859 2.94573 2.14969
    endloop
  endfacet
  facet normal 0.539748 0.40031 0.740557
    outer loop
      vertex 4.40859 2.94573 2.14969
      vertex 4.0368 3.31292 2.22218
      vertex 4.34209 2.90129 2.22218
    endloop
  endfacet
  facet normal 0.478885 0.355173 0.802821
    outer loop
      vertex 4.16565 3.41866 2.08538
      vertex 4.09863 3.36366 2.14969
      vertex 4.48068 2.9939 2.08538
    endloop
  endfacet
  facet normal 0.478875 0.35516 0.802833
    outer loop
      vertex 4.48068 2.9939 2.08538
      vertex 4.09863 3.36366 2.14969
      vertex 4.40859 2.94573 2.14969
    endloop
  endfacet
  facet normal 0.41324 0.306482 0.857497
    outer loop
      vertex 4.23723 3.4774 2.02989
      vertex 4.16565 3.41866 2.08538
      vertex 4.55767 3.04534 2.02989
    endloop
  endfacet
  facet normal 0.413249 0.306493 0.857489
    outer loop
      vertex 4.55767 3.04534 2.02989
      vertex 4.16565 3.41866 2.08538
      vertex 4.48068 2.9939 2.08538
    endloop
  endfacet
  facet normal 0.343793 0.254976 0.903766
    outer loop
      vertex 4.31266 3.53931 1.98373
      vertex 4.23723 3.4774 2.02989
      vertex 4.63881 3.09955 1.98373
    endloop
  endfacet
  facet normal 0.343795 0.254977 0.903765
    outer loop
      vertex 4.63881 3.09955 1.98373
      vertex 4.23723 3.4774 2.02989
      vertex 4.55767 3.04534 2.02989
    endloop
  endfacet
  facet normal 0.270896 0.200911 0.941409
    outer loop
      vertex 4.39123 3.60379 1.94736
      vertex 4.31266 3.53931 1.98373
      vertex 4.72332 3.15602 1.94736
    endloop
  endfacet
  facet normal 0.270897 0.200912 0.941408
    outer loop
      vertex 4.72332 3.15602 1.94736
      vertex 4.31266 3.53931 1.98373
      vertex 4.63881 3.09955 1.98373
    endloop
  endfacet
  facet normal 0.195325 0.144864 0.969981
    outer loop
      vertex 4.47217 3.67022 1.92114
      vertex 4.39123 3.60379 1.94736
      vertex 4.81038 3.2142 1.92114
    endloop
  endfacet
  facet normal 0.195323 0.144862 0.969981
    outer loop
      vertex 4.81038 3.2142 1.92114
      vertex 4.39123 3.60379 1.94736
      vertex 4.72332 3.15602 1.94736
    endloop
  endfacet
  facet normal 0.117993 0.0875089 0.989151
    outer loop
      vertex 4.55472 3.73796 1.9053
      vertex 4.47217 3.67022 1.92114
      vertex 4.89917 3.27352 1.9053
    endloop
  endfacet
  facet normal 0.117996 0.0875127 0.98915
    outer loop
      vertex 4.89917 3.27352 1.9053
      vertex 4.47217 3.67022 1.92114
      vertex 4.81038 3.2142 1.92114
    endloop
  endfacet
  facet normal 0.039484 0.0292836 0.998791
    outer loop
      vertex 4.63806 3.80636 1.9
      vertex 4.55472 3.73796 1.9053
      vertex 4.98882 3.33342 1.9
    endloop
  endfacet
  facet normal 0.0394824 0.029282 0.998791
    outer loop
      vertex 4.98882 3.33342 1.9
      vertex 4.55472 3.73796 1.9053
      vertex 4.89917 3.27352 1.9053
    endloop
  endfacet
  facet normal 0.0421624 0.0252709 -0.998791
    outer loop
      vertex 5.19644 2.77755 4.0947
      vertex 4.89917 3.27352 4.0947
      vertex 4.98882 3.33342 4.1
    endloop
  endfacet
  facet normal 0.0421611 0.0252704 -0.998791
    outer loop
      vertex 5.19644 2.77755 4.0947
      vertex 4.98882 3.33342 4.1
      vertex 5.29153 2.82838 4.1
    endloop
  endfacet
  facet normal 0.126005 0.0755257 -0.98915
    outer loop
      vertex 5.10227 2.72722 4.07886
      vertex 4.81038 3.2142 4.07886
      vertex 4.89917 3.27352 4.0947
    endloop
  endfacet
  facet normal 0.126014 0.0755291 -0.989149
    outer loop
      vertex 5.10227 2.72722 4.07886
      vertex 4.89917 3.27352 4.0947
      vertex 5.19644 2.77755 4.0947
    endloop
  endfacet
  facet normal 0.208658 0.125065 -0.969959
    outer loop
      vertex 5.00992 2.67786 4.05263
      vertex 4.72332 3.15602 4.05263
      vertex 4.81038 3.2142 4.07886
    endloop
  endfacet
  facet normal 0.208651 0.125063 -0.969961
    outer loop
      vertex 5.00992 2.67786 4.05263
      vertex 4.81038 3.2142 4.07886
      vertex 5.10227 2.72722 4.07886
    endloop
  endfacet
  facet normal 0.289217 0.173348 -0.941437
    outer loop
      vertex 4.92028 2.62994 4.01627
      vertex 4.63881 3.09955 4.01627
      vertex 4.72332 3.15602 4.05263
    endloop
  endfacet
  facet normal 0.289204 0.173343 -0.941442
    outer loop
      vertex 4.92028 2.62994 4.01627
      vertex 4.72332 3.15602 4.05263
      vertex 5.00992 2.67786 4.05263
    endloop
  endfacet
  facet normal 0.367131 0.220048 -0.903766
    outer loop
      vertex 4.83422 2.58394 3.97011
      vertex 4.55767 3.04534 3.97011
      vertex 4.63881 3.09955 4.01627
    endloop
  endfacet
  facet normal 0.367134 0.220049 -0.903765
    outer loop
      vertex 4.83422 2.58394 3.97011
      vertex 4.63881 3.09955 4.01627
      vertex 4.92028 2.62994 4.01627
    endloop
  endfacet
  facet normal 0.441301 0.264508 -0.85749
    outer loop
      vertex 4.75256 2.5403 3.91462
      vertex 4.48068 2.9939 3.91462
      vertex 4.55767 3.04534 3.97011
    endloop
  endfacet
  facet normal 0.441319 0.264514 -0.857479
    outer loop
      vertex 4.75256 2.5403 3.91462
      vertex 4.55767 3.04534 3.97011
      vertex 4.83422 2.58394 3.97011
    endloop
  endfacet
  facet normal 0.511386 0.306504 -0.802832
    outer loop
      vertex 4.67609 2.49942 3.85031
      vertex 4.40859 2.94573 3.85031
      vertex 4.48068 2.9939 3.91462
    endloop
  endfacet
  facet normal 0.511346 0.306492 -0.802862
    outer loop
      vertex 4.67609 2.49942 3.85031
      vertex 4.48068 2.9939 3.91462
      vertex 4.75256 2.5403 3.91462
    endloop
  endfacet
  facet normal 0.576395 0.345467 -0.740555
    outer loop
      vertex 4.60555 2.46172 3.77782
      vertex 4.34209 2.90129 3.77782
      vertex 4.40859 2.94573 3.85031
    endloop
  endfacet
  facet normal 0.576394 0.345467 -0.740556
    outer loop
      vertex 4.60555 2.46172 3.77782
      vertex 4.40859 2.94573 3.85031
      vertex 4.67609 2.49942 3.85031
    endloop
  endfacet
  facet normal 0.635875 0.381135 -0.671117
    outer loop
      vertex 4.54162 2.42755 3.69783
      vertex 4.28181 2.86101 3.69783
      vertex 4.34209 2.90129 3.77782
    endloop
  endfacet
  facet normal 0.635924 0.381147 -0.671064
    outer loop
      vertex 4.54162 2.42755 3.69783
      vertex 4.34209 2.90129 3.77782
      vertex 4.60555 2.46172 3.77782
    endloop
  endfacet
  facet normal 0.689217 0.413102 -0.595253
    outer loop
      vertex 4.48491 2.39723 3.61113
      vertex 4.22834 2.82529 3.61113
      vertex 4.28181 2.86101 3.69783
    endloop
  endfacet
  facet normal 0.689204 0.413099 -0.59527
    outer loop
      vertex 4.48491 2.39723 3.61113
      vertex 4.28181 2.86101 3.69783
      vertex 4.54162 2.42755 3.69783
    endloop
  endfacet
  facet normal 0.735932 0.441093 -0.513654
    outer loop
      vertex 4.43596 2.37107 3.51854
      vertex 4.1822 2.79445 3.51854
      vertex 4.22834 2.82529 3.61113
    endloop
  endfacet
  facet normal 0.735914 0.441091 -0.513683
    outer loop
      vertex 4.43596 2.37107 3.51854
      vertex 4.22834 2.82529 3.61113
      vertex 4.48491 2.39723 3.61113
    endloop
  endfacet
  facet normal 0.775546 0.464847 -0.427136
    outer loop
      vertex 4.39526 2.34931 3.42095
      vertex 4.14382 2.76881 3.42095
      vertex 4.1822 2.79445 3.51854
    endloop
  endfacet
  facet normal 0.775566 0.464848 -0.427099
    outer loop
      vertex 4.39526 2.34931 3.42095
      vertex 4.1822 2.79445 3.51854
      vertex 4.43596 2.37107 3.51854
    endloop
  endfacet
  facet normal 0.807697 0.484126 -0.336522
    outer loop
      vertex 4.36319 2.33217 3.31931
      vertex 4.11358 2.74861 3.31931
      vertex 4.14382 2.76881 3.42095
    endloop
  endfacet
  facet normal 0.80771 0.484125 -0.336493
    outer loop
      vertex 4.36319 2.33217 3.31931
      vertex 4.14382 2.76881 3.42095
      vertex 4.39526 2.34931 3.42095
    endloop
  endfacet
  facet normal 0.832081 0.498731 -0.24271
    outer loop
      vertex 4.34005 2.31981 3.2146
      vertex 4.09177 2.73404 3.2146
      vertex 4.11358 2.74861 3.31931
    endloop
  endfacet
  facet normal 0.832068 0.498733 -0.24275
    outer loop
      vertex 4.34005 2.31981 3.2146
      vertex 4.11358 2.74861 3.31931
      vertex 4.36319 2.33217 3.31931
    endloop
  endfacet
  facet normal 0.84846 0.508562 -0.146559
    outer loop
      vertex 4.32609 2.31234 3.10782
      vertex 4.0786 2.72524 3.10782
      vertex 4.09177 2.73404 3.2146
    endloop
  endfacet
  facet normal 0.848474 0.508556 -0.146503
    outer loop
      vertex 4.32609 2.31234 3.10782
      vertex 4.09177 2.73404 3.2146
      vertex 4.34005 2.31981 3.2146
    endloop
  endfacet
  facet normal 0.856701 0.51348 -0.0490099
    outer loop
      vertex 4.32141 2.30984 3
      vertex 4.0742 2.72229 3
      vertex 4.0786 2.72524 3.10782
    endloop
  endfacet
  facet normal 0.856688 0.513494 -0.0490914
    outer loop
      vertex 4.32141 2.30984 3
      vertex 4.0786 2.72524 3.10782
      vertex 4.32609 2.31234 3.10782
    endloop
  endfacet
  facet normal 0.856691 0.513496 0.04901
    outer loop
      vertex 4.0786 2.72524 2.89218
      vertex 4.0742 2.72229 3
      vertex 4.32609 2.31234 2.89218
    endloop
  endfacet
  facet normal 0.856697 0.513478 0.0490914
    outer loop
      vertex 4.32609 2.31234 2.89218
      vertex 4.0742 2.72229 3
      vertex 4.32141 2.30984 3
    endloop
  endfacet
  facet normal 0.848467 0.508552 0.146559
    outer loop
      vertex 4.09177 2.73404 2.7854
      vertex 4.0786 2.72524 2.89218
      vertex 4.34005 2.31981 2.7854
    endloop
  endfacet
  facet normal 0.848467 0.508567 0.146503
    outer loop
      vertex 4.34005 2.31981 2.7854
      vertex 4.0786 2.72524 2.89218
      vertex 4.32609 2.31234 2.89218
    endloop
  endfacet
  facet normal 0.832077 0.498738 0.24271
    outer loop
      vertex 4.11358 2.74861 2.68069
      vertex 4.09177 2.73404 2.7854
      vertex 4.36319 2.33217 2.68069
    endloop
  endfacet
  facet normal 0.832073 0.498725 0.242751
    outer loop
      vertex 4.36319 2.33217 2.68069
      vertex 4.09177 2.73404 2.7854
      vertex 4.34005 2.31981 2.7854
    endloop
  endfacet
  facet normal 0.807701 0.48412 0.336522
    outer loop
      vertex 4.14382 2.76881 2.57905
      vertex 4.11358 2.74861 2.68069
      vertex 4.39526 2.34931 2.57905
    endloop
  endfacet
  facet normal 0.807706 0.484131 0.336493
    outer loop
      vertex 4.39526 2.34931 2.57905
      vertex 4.11358 2.74861 2.68069
      vertex 4.36319 2.33217 2.68069
    endloop
  endfacet
  facet normal 0.775551 0.46484 0.427135
    outer loop
      vertex 4.1822 2.79445 2.48146
      vertex 4.14382 2.76881 2.57905
      vertex 4.43596 2.37107 2.48146
    endloop
  endfacet
  facet normal 0.775561 0.464856 0.427099
    outer loop
      vertex 4.43596 2.37107 2.48146
      vertex 4.14382 2.76881 2.57905
      vertex 4.39526 2.34931 2.57905
    endloop
  endfacet
  facet normal 0.735928 0.4411 0.513654
    outer loop
      vertex 4.22834 2.82529 2.38887
      vertex 4.1822 2.79445 2.48146
      vertex 4.48491 2.39723 2.38887
    endloop
  endfacet
  facet normal 0.735917 0.441084 0.513683
    outer loop
      vertex 4.48491 2.39723 2.38887
      vertex 4.1822 2.79445 2.48146
      vertex 4.43596 2.37107 2.48146
    endloop
  endfacet
  facet normal 0.689215 0.413106 0.595253
    outer loop
      vertex 4.28181 2.86101 2.30217
      vertex 4.22834 2.82529 2.38887
      vertex 4.54162 2.42755 2.30217
    endloop
  endfacet
  facet normal 0.689206 0.413095 0.59527
    outer loop
      vertex 4.54162 2.42755 2.30217
      vertex 4.22834 2.82529 2.38887
      vertex 4.48491 2.39723 2.38887
    endloop
  endfacet
  facet normal 0.635883 0.381122 0.671117
    outer loop
      vertex 4.34209 2.90129 2.22218
      vertex 4.28181 2.86101 2.30217
      vertex 4.60555 2.46172 2.22218
    endloop
  endfacet
  facet normal 0.635917 0.38116 0.671064
    outer loop
      vertex 4.60555 2.46172 2.22218
      vertex 4.28181 2.86101 2.30217
      vertex 4.54162 2.42755 2.30217
    endloop
  endfacet
  facet normal 0.576395 0.345467 0.740555
    outer loop
      vertex 4.40859 2.94573 2.14969
      vertex 4.34209 2.90129 2.22218
      vertex 4.67609 2.49942 2.14969
    endloop
  endfacet
  facet normal 0.576394 0.345466 0.740556
    outer loop
      vertex 4.67609 2.49942 2.14969
      vertex 4.34209 2.90129 2.22218
      vertex 4.60555 2.46172 2.22218
    endloop
  endfacet
  facet normal 0.511381 0.306513 0.802832
    outer loop
      vertex 4.48068 2.9939 2.08538
      vertex 4.40859 2.94573 2.14969
      vertex 4.75256 2.5403 2.08538
    endloop
  endfacet
  facet normal 0.511351 0.306483 0.802862
    outer loop
      vertex 4.75256 2.5403 2.08538
      vertex 4.40859 2.94573 2.14969
      vertex 4.67609 2.49942 2.14969
    endloop
  endfacet
  facet normal 0.441304 0.264505 0.85749
    outer loop
      vertex 4.55767 3.04534 2.02989
      vertex 4.48068 2.9939 2.08538
      vertex 4.83422 2.58394 2.02989
    endloop
  endfacet
  facet normal 0.441317 0.264518 0.857479
    outer loop
      vertex 4.83422 2.58394 2.02989
      vertex 4.48068 2.9939 2.08538
      vertex 4.75256 2.5403 2.08538
    endloop
  endfacet
  facet normal 0.367132 0.220048 0.903766
    outer loop
      vertex 4.63881 3.09955 1.98373
      vertex 4.55767 3.04534 2.02989
      vertex 4.92028 2.62994 1.98373
    endloop
  endfacet
  facet normal 0.367134 0.220049 0.903765
    outer loop
      vertex 4.92028 2.62994 1.98373
      vertex 4.55767 3.04534 2.02989
      vertex 4.83422 2.58394 2.02989
    endloop
  endfacet
  facet normal 0.289286 0.173392 0.941408
    outer loop
      vertex 4.72332 3.15602 1.94736
      vertex 4.63881 3.09955 1.98373
      vertex 5.00992 2.67786 1.94736
    endloop
  endfacet
  facet normal 0.289276 0.173383 0.941413
    outer loop
      vertex 5.00992 2.67786 1.94736
      vertex 4.63881 3.09955 1.98373
      vertex 4.92028 2.62994 1.98373
    endloop
  endfacet
  facet normal 0.208582 0.125022 0.969981
    outer loop
      vertex 4.81038 3.2142 1.92114
      vertex 4.72332 3.15602 1.94736
      vertex 5.10227 2.72722 1.92114
    endloop
  endfacet
  facet normal 0.208577 0.125017 0.969983
    outer loop
      vertex 5.10227 2.72722 1.92114
      vertex 4.72332 3.15602 1.94736
      vertex 5.00992 2.67786 1.94736
    endloop
  endfacet
  facet normal 0.126006 0.0755242 0.98915
    outer loop
      vertex 4.89917 3.27352 1.9053
      vertex 4.81038 3.2142 1.92114
      vertex 5.19644 2.77755 1.9053
    endloop
  endfacet
  facet normal 0.126013 0.0755308 0.989149
    outer loop
      vertex 5.19644 2.77755 1.9053
      vertex 4.81038 3.2142 1.92114
      vertex 5.10227 2.72722 1.92114
    endloop
  endfacet
  facet normal 0.0421623 0.0252712 0.998791
    outer loop
      vertex 4.98882 3.33342 1.9
      vertex 4.89917 3.27352 1.9053
      vertex 5.29153 2.82838 1.9
    endloop
  endfacet
  facet normal 0.0421612 0.0252702 0.998791
    outer loop
      vertex 5.29153 2.82838 1.9
      vertex 4.89917 3.27352 1.9053
      vertex 5.19644 2.77755 1.9053
    endloop
  endfacet
  facet normal 0.0444349 0.0210167 -0.998791
    outer loop
      vertex 5.44367 2.25484 4.0947
      vertex 5.19644 2.77755 4.0947
      vertex 5.29153 2.82838 4.1
    endloop
  endfacet
  facet normal 0.0444375 0.0210174 -0.998791
    outer loop
      vertex 5.44367 2.25484 4.0947
      vertex 5.29153 2.82838 4.1
      vertex 5.54328 2.2961 4.1
    endloop
  endfacet
  facet normal 0.13281 0.0628133 -0.989149
    outer loop
      vertex 5.34501 2.21398 4.07886
      vertex 5.10227 2.72722 4.07886
      vertex 5.19644 2.77755 4.0947
    endloop
  endfacet
  facet normal 0.132797 0.0628099 -0.989151
    outer loop
      vertex 5.34501 2.21398 4.07886
      vertex 5.19644 2.77755 4.0947
      vertex 5.44367 2.25484 4.0947
    endloop
  endfacet
  facet normal 0.219906 0.104006 -0.969961
    outer loop
      vertex 5.24827 2.1739 4.05263
      vertex 5.00992 2.67786 4.05263
      vertex 5.10227 2.72722 4.07886
    endloop
  endfacet
  facet normal 0.219904 0.104005 -0.969961
    outer loop
      vertex 5.24827 2.1739 4.05263
      vertex 5.10227 2.72722 4.07886
      vertex 5.34501 2.21398 4.07886
    endloop
  endfacet
  facet normal 0.304802 0.144164 -0.941442
    outer loop
      vertex 5.15437 2.13501 4.01627
      vertex 4.92028 2.62994 4.01627
      vertex 5.00992 2.67786 4.05263
    endloop
  endfacet
  facet normal 0.304831 0.144171 -0.941431
    outer loop
      vertex 5.15437 2.13501 4.01627
      vertex 5.00992 2.67786 4.05263
      vertex 5.24827 2.1739 4.05263
    endloop
  endfacet
  facet normal 0.386935 0.183004 -0.903765
    outer loop
      vertex 5.06421 2.09766 3.97011
      vertex 4.83422 2.58394 3.97011
      vertex 4.92028 2.62994 4.01627
    endloop
  endfacet
  facet normal 0.386906 0.182997 -0.903778
    outer loop
      vertex 5.06421 2.09766 3.97011
      vertex 4.92028 2.62994 4.01627
      vertex 5.15437 2.13501 4.01627
    endloop
  endfacet
  facet normal 0.465117 0.219984 -0.85748
    outer loop
      vertex 4.97867 2.06223 3.91462
      vertex 4.75256 2.5403 3.91462
      vertex 4.83422 2.58394 3.97011
    endloop
  endfacet
  facet normal 0.465129 0.219986 -0.857474
    outer loop
      vertex 4.97867 2.06223 3.91462
      vertex 4.83422 2.58394 3.97011
      vertex 5.06421 2.09766 3.97011
    endloop
  endfacet
  facet normal 0.538928 0.254896 -0.80286
    outer loop
      vertex 4.89856 2.02905 3.85031
      vertex 4.67609 2.49942 3.85031
      vertex 4.75256 2.5403 3.91462
    endloop
  endfacet
  facet normal 0.538935 0.254897 -0.802855
    outer loop
      vertex 4.89856 2.02905 3.85031
      vertex 4.75256 2.5403 3.91462
      vertex 4.97867 2.06223 3.91462
    endloop
  endfacet
  facet normal 0.607472 0.287319 -0.740557
    outer loop
      vertex 4.82467 1.99844 3.77782
      vertex 4.60555 2.46172 3.77782
      vertex 4.67609 2.49942 3.85031
    endloop
  endfacet
  facet normal 0.607486 0.287322 -0.740545
    outer loop
      vertex 4.82467 1.99844 3.77782
      vertex 4.67609 2.49942 3.85031
      vertex 4.89856 2.02905 3.85031
    endloop
  endfacet
  facet normal 0.670219 0.316984 -0.671064
    outer loop
      vertex 4.75769 1.9707 3.69783
      vertex 4.54162 2.42755 3.69783
      vertex 4.60555 2.46172 3.77782
    endloop
  endfacet
  facet normal 0.670181 0.316979 -0.671105
    outer loop
      vertex 4.75769 1.9707 3.69783
      vertex 4.60555 2.46172 3.77782
      vertex 4.82467 1.99844 3.77782
    endloop
  endfacet
  facet normal 0.726383 0.343548 -0.595266
    outer loop
      vertex 4.69828 1.94609 3.61113
      vertex 4.48491 2.39723 3.61113
      vertex 4.54162 2.42755 3.69783
    endloop
  endfacet
  facet normal 0.726386 0.343549 -0.595263
    outer loop
      vertex 4.69828 1.94609 3.61113
      vertex 4.54162 2.42755 3.69783
      vertex 4.75769 1.9707 3.69783
    endloop
  endfacet
  facet normal 0.775601 0.366838 -0.513686
    outer loop
      vertex 4.64701 1.92485 3.51854
      vertex 4.43596 2.37107 3.51854
      vertex 4.48491 2.39723 3.61113
    endloop
  endfacet
  facet normal 0.775629 0.366839 -0.513643
    outer loop
      vertex 4.64701 1.92485 3.51854
      vertex 4.48491 2.39723 3.61113
      vertex 4.69828 1.94609 3.61113
    endloop
  endfacet
  facet normal 0.817391 0.386602 -0.427096
    outer loop
      vertex 4.60437 1.90719 3.42095
      vertex 4.39526 2.34931 3.42095
      vertex 4.43596 2.37107 3.51854
    endloop
  endfacet
  facet normal 0.817388 0.386602 -0.427101
    outer loop
      vertex 4.60437 1.90719 3.42095
      vertex 4.43596 2.37107 3.51854
      vertex 4.64701 1.92485 3.51854
    endloop
  endfacet
  facet normal 0.851277 0.402616 -0.336494
    outer loop
      vertex 4.57077 1.89327 3.31931
      vertex 4.36319 2.33217 3.31931
      vertex 4.39526 2.34931 3.42095
    endloop
  endfacet
  facet normal 0.851255 0.402619 -0.336547
    outer loop
      vertex 4.57077 1.89327 3.31931
      vertex 4.39526 2.34931 3.42095
      vertex 4.60437 1.90719 3.42095
    endloop
  endfacet
  facet normal 0.876942 0.414778 -0.242757
    outer loop
      vertex 4.54654 1.88324 3.2146
      vertex 4.34005 2.31981 3.2146
      vertex 4.36319 2.33217 3.31931
    endloop
  endfacet
  facet normal 0.876973 0.414769 -0.242662
    outer loop
      vertex 4.54654 1.88324 3.2146
      vertex 4.36319 2.33217 3.31931
      vertex 4.57077 1.89327 3.31931
    endloop
  endfacet
  facet normal 0.894241 0.422933 -0.146497
    outer loop
      vertex 4.5319 1.87718 3.10782
      vertex 4.32609 2.31234 3.10782
      vertex 4.34005 2.31981 3.2146
    endloop
  endfacet
  facet normal 0.894216 0.422948 -0.146604
    outer loop
      vertex 4.5319 1.87718 3.10782
      vertex 4.34005 2.31981 3.2146
      vertex 4.54654 1.88324 3.2146
    endloop
  endfacet
  facet normal 0.902894 0.427051 -0.0490927
    outer loop
      vertex 4.52701 1.87515 3
      vertex 4.32141 2.30984 3
      vertex 4.32609 2.31234 3.10782
    endloop
  endfacet
  facet normal 0.902908 0.427033 -0.04899
    outer loop
      vertex 4.52701 1.87515 3
      vertex 4.32609 2.31234 3.10782
      vertex 4.5319 1.87718 3.10782
    endloop
  endfacet
  facet normal 0.902904 0.42703 0.0490926
    outer loop
      vertex 4.32609 2.31234 2.89218
      vertex 4.32141 2.30984 3
      vertex 4.5319 1.87718 2.89218
    endloop
  endfacet
  facet normal 0.902898 0.427053 0.0489899
    outer loop
      vertex 4.5319 1.87718 2.89218
      vertex 4.32141 2.30984 3
      vertex 4.52701 1.87515 3
    endloop
  endfacet
  facet normal 0.89423 0.422955 0.146497
    outer loop
      vertex 4.34005 2.31981 2.7854
      vertex 4.32609 2.31234 2.89218
      vertex 4.54654 1.88324 2.7854
    endloop
  endfacet
  facet normal 0.894226 0.422926 0.146604
    outer loop
      vertex 4.54654 1.88324 2.7854
      vertex 4.32609 2.31234 2.89218
      vertex 4.5319 1.87718 2.89218
    endloop
  endfacet
  facet normal 0.876952 0.414759 0.242757
    outer loop
      vertex 4.36319 2.33217 2.68069
      vertex 4.34005 2.31981 2.7854
      vertex 4.57077 1.89327 2.68069
    endloop
  endfacet
  facet normal 0.876964 0.414789 0.242662
    outer loop
      vertex 4.57077 1.89327 2.68069
      vertex 4.34005 2.31981 2.7854
      vertex 4.54654 1.88324 2.7854
    endloop
  endfacet
  facet normal 0.851271 0.402627 0.336494
    outer loop
      vertex 4.39526 2.34931 2.57905
      vertex 4.36319 2.33217 2.68069
      vertex 4.60437 1.90719 2.57905
    endloop
  endfacet
  facet normal 0.85126 0.402608 0.336547
    outer loop
      vertex 4.60437 1.90719 2.57905
      vertex 4.36319 2.33217 2.68069
      vertex 4.57077 1.89327 2.68069
    endloop
  endfacet
  facet normal 0.81739 0.386604 0.427096
    outer loop
      vertex 4.43596 2.37107 2.48146
      vertex 4.39526 2.34931 2.57905
      vertex 4.64701 1.92485 2.48146
    endloop
  endfacet
  facet normal 0.817388 0.386601 0.427101
    outer loop
      vertex 4.64701 1.92485 2.48146
      vertex 4.39526 2.34931 2.57905
      vertex 4.60437 1.90719 2.57905
    endloop
  endfacet
  facet normal 0.775606 0.366828 0.513685
    outer loop
      vertex 4.48491 2.39723 2.38887
      vertex 4.43596 2.37107 2.48146
      vertex 4.69828 1.94609 2.38887
    endloop
  endfacet
  facet normal 0.775624 0.366849 0.513642
    outer loop
      vertex 4.69828 1.94609 2.38887
      vertex 4.43596 2.37107 2.48146
      vertex 4.64701 1.92485 2.48146
    endloop
  endfacet
  facet normal 0.726384 0.343548 0.595266
    outer loop
      vertex 4.54162 2.42755 2.30217
      vertex 4.48491 2.39723 2.38887
      vertex 4.75769 1.9707 2.30217
    endloop
  endfacet
  facet normal 0.726385 0.343549 0.595263
    outer loop
      vertex 4.75769 1.9707 2.30217
      vertex 4.48491 2.39723 2.38887
      vertex 4.69828 1.94609 2.38887
    endloop
  endfacet
  facet normal 0.670214 0.316995 0.671065
    outer loop
      vertex 4.60555 2.46172 2.22218
      vertex 4.54162 2.42755 2.30217
      vertex 4.82467 1.99844 2.22218
    endloop
  endfacet
  facet normal 0.670185 0.316968 0.671105
    outer loop
      vertex 4.82467 1.99844 2.22218
      vertex 4.54162 2.42755 2.30217
      vertex 4.75769 1.9707 2.30217
    endloop
  endfacet
  facet normal 0.607474 0.287316 0.740557
    outer loop
      vertex 4.67609 2.49942 2.14969
      vertex 4.60555 2.46172 2.22218
      vertex 4.89856 2.02905 2.14969
    endloop
  endfacet
  facet normal 0.607485 0.287325 0.740545
    outer loop
      vertex 4.89856 2.02905 2.14969
      vertex 4.60555 2.46172 2.22218
      vertex 4.82467 1.99844 2.22218
    endloop
  endfacet
  facet normal 0.538929 0.254894 0.80286
    outer loop
      vertex 4.75256 2.5403 2.08538
      vertex 4.67609 2.49942 2.14969
      vertex 4.97867 2.06223 2.08538
    endloop
  endfacet
  facet normal 0.538935 0.254899 0.802855
    outer loop
      vertex 4.97867 2.06223 2.08538
      vertex 4.67609 2.49942 2.14969
      vertex 4.89856 2.02905 2.14969
    endloop
  endfacet
  facet normal 0.465119 0.219982 0.85748
    outer loop
      vertex 4.83422 2.58394 2.02989
      vertex 4.75256 2.5403 2.08538
      vertex 5.06421 2.09766 2.02989
    endloop
  endfacet
  facet normal 0.465128 0.219989 0.857474
    outer loop
      vertex 5.06421 2.09766 2.02989
      vertex 4.75256 2.5403 2.08538
      vertex 4.97867 2.06223 2.08538
    endloop
  endfacet
  facet normal 0.386932 0.183009 0.903765
    outer loop
      vertex 4.92028 2.62994 1.98373
      vertex 4.83422 2.58394 2.02989
      vertex 5.15437 2.13501 1.98373
    endloop
  endfacet
  facet normal 0.386909 0.182992 0.903779
    outer loop
      vertex 5.15437 2.13501 1.98373
      vertex 4.83422 2.58394 2.02989
      vertex 5.06421 2.09766 2.02989
    endloop
  endfacet
  facet normal 0.304879 0.144194 0.941412
    outer loop
      vertex 5.00992 2.67786 1.94736
      vertex 4.92028 2.62994 1.98373
      vertex 5.24827 2.1739 1.94736
    endloop
  endfacet
  facet normal 0.304903 0.144212 0.941402
    outer loop
      vertex 5.24827 2.1739 1.94736
      vertex 4.92028 2.62994 1.98373
      vertex 5.15437 2.13501 1.98373
    endloop
  endfacet
  facet normal 0.219827 0.103969 0.969983
    outer loop
      vertex 5.10227 2.72722 1.92114
      vertex 5.00992 2.67786 1.94736
      vertex 5.34501 2.21398 1.92114
    endloop
  endfacet
  facet normal 0.219826 0.103968 0.969983
    outer loop
      vertex 5.34501 2.21398 1.92114
      vertex 5.00992 2.67786 1.94736
      vertex 5.24827 2.1739 1.94736
    endloop
  endfacet
  facet normal 0.132809 0.0628156 0.989149
    outer loop
      vertex 5.19644 2.77755 1.9053
      vertex 5.10227 2.72722 1.92114
      vertex 5.44367 2.25484 1.9053
    endloop
  endfacet
  facet normal 0.132798 0.0628076 0.989151
    outer loop
      vertex 5.44367 2.25484 1.9053
      vertex 5.10227 2.72722 1.92114
      vertex 5.34501 2.21398 1.92114
    endloop
  endfacet
  facet normal 0.0444351 0.0210163 0.998791
    outer loop
      vertex 5.29153 2.82838 1.9
      vertex 5.19644 2.77755 1.9053
      vertex 5.54328 2.2961 1.9
    endloop
  endfacet
  facet normal 0.0444373 0.0210178 0.998791
    outer loop
      vertex 5.54328 2.2961 1.9
      vertex 5.19644 2.77755 1.9053
      vertex 5.44367 2.25484 1.9053
    endloop
  endfacet
  facet normal 0.0462839 0.0165598 -0.998791
    outer loop
      vertex 5.63846 1.71041 4.0947
      vertex 5.44367 2.25484 4.0947
      vertex 5.54328 2.2961 4.1
    endloop
  endfacet
  facet normal 0.0462811 0.0165593 -0.998791
    outer loop
      vertex 5.63846 1.71041 4.0947
      vertex 5.54328 2.2961 4.1
      vertex 5.74164 1.74171 4.1
    endloop
  endfacet
  facet normal 0.138314 0.0494889 -0.989151
    outer loop
      vertex 5.53628 1.67941 4.07886
      vertex 5.34501 2.21398 4.07886
      vertex 5.44367 2.25484 4.0947
    endloop
  endfacet
  facet normal 0.138324 0.0494905 -0.98915
    outer loop
      vertex 5.53628 1.67941 4.07886
      vertex 5.44367 2.25484 4.0947
      vertex 5.63846 1.71041 4.0947
    endloop
  endfacet
  facet normal 0.22904 0.0819541 -0.969961
    outer loop
      vertex 5.43608 1.64902 4.05263
      vertex 5.24827 2.1739 4.05263
      vertex 5.34501 2.21398 4.07886
    endloop
  endfacet
  facet normal 0.229055 0.0819563 -0.969957
    outer loop
      vertex 5.43608 1.64902 4.05263
      vertex 5.34501 2.21398 4.07886
      vertex 5.53628 1.67941 4.07886
    endloop
  endfacet
  facet normal 0.317492 0.113601 -0.941432
    outer loop
      vertex 5.33882 1.61951 4.01627
      vertex 5.15437 2.13501 4.01627
      vertex 5.24827 2.1739 4.05263
    endloop
  endfacet
  facet normal 0.317482 0.1136 -0.941435
    outer loop
      vertex 5.33882 1.61951 4.01627
      vertex 5.24827 2.1739 4.05263
      vertex 5.43608 1.64902 4.05263
    endloop
  endfacet
  facet normal 0.402983 0.144188 -0.903778
    outer loop
      vertex 5.24543 1.59118 3.97011
      vertex 5.06421 2.09766 3.97011
      vertex 5.15437 2.13501 4.01627
    endloop
  endfacet
  facet normal 0.402974 0.144187 -0.903782
    outer loop
      vertex 5.24543 1.59118 3.97011
      vertex 5.15437 2.13501 4.01627
      vertex 5.33882 1.61951 4.01627
    endloop
  endfacet
  facet normal 0.484449 0.17334 -0.857474
    outer loop
      vertex 5.15683 1.56431 3.91462
      vertex 4.97867 2.06223 3.91462
      vertex 5.06421 2.09766 3.97011
    endloop
  endfacet
  facet normal 0.48446 0.173341 -0.857468
    outer loop
      vertex 5.15683 1.56431 3.91462
      vertex 5.06421 2.09766 3.97011
      vertex 5.24543 1.59118 3.97011
    endloop
  endfacet
  facet normal 0.561321 0.200852 -0.802856
    outer loop
      vertex 5.07386 1.53914 3.85031
      vertex 4.89856 2.02905 3.85031
      vertex 4.97867 2.06223 3.91462
    endloop
  endfacet
  facet normal 0.561347 0.200855 -0.802837
    outer loop
      vertex 5.07386 1.53914 3.85031
      vertex 4.97867 2.06223 3.91462
      vertex 5.15683 1.56431 3.91462
    endloop
  endfacet
  facet normal 0.632725 0.226395 -0.740543
    outer loop
      vertex 4.99732 1.51592 3.77782
      vertex 4.82467 1.99844 3.77782
      vertex 4.89856 2.02905 3.85031
    endloop
  endfacet
  facet normal 0.632699 0.226393 -0.740566
    outer loop
      vertex 4.99732 1.51592 3.77782
      vertex 4.89856 2.02905 3.85031
      vertex 5.07386 1.53914 3.85031
    endloop
  endfacet
  facet normal 0.698026 0.249751 -0.671107
    outer loop
      vertex 4.92794 1.49487 3.69783
      vertex 4.75769 1.9707 3.69783
      vertex 4.82467 1.99844 3.77782
    endloop
  endfacet
  facet normal 0.697997 0.24975 -0.671137
    outer loop
      vertex 4.92794 1.49487 3.69783
      vertex 4.82467 1.99844 3.77782
      vertex 4.99732 1.51592 3.77782
    endloop
  endfacet
  facet normal 0.756558 0.270708 -0.595262
    outer loop
      vertex 4.86641 1.47621 3.61113
      vertex 4.69828 1.94609 3.61113
      vertex 4.75769 1.9707 3.69783
    endloop
  endfacet
  facet normal 0.756598 0.270708 -0.595212
    outer loop
      vertex 4.86641 1.47621 3.61113
      vertex 4.75769 1.9707 3.69783
      vertex 4.92794 1.49487 3.69783
    endloop
  endfacet
  facet normal 0.80785 0.289053 -0.51364
    outer loop
      vertex 4.8133 1.4601 3.51854
      vertex 4.64701 1.92485 3.51854
      vertex 4.69828 1.94609 3.61113
    endloop
  endfacet
  facet normal 0.807832 0.289054 -0.513669
    outer loop
      vertex 4.8133 1.4601 3.51854
      vertex 4.69828 1.94609 3.61113
      vertex 4.86641 1.47621 3.61113
    endloop
  endfacet
  facet normal 0.851351 0.304607 -0.427103
    outer loop
      vertex 4.76913 1.4467 3.42095
      vertex 4.60437 1.90719 3.42095
      vertex 4.64701 1.92485 3.51854
    endloop
  endfacet
  facet normal 0.851329 0.30461 -0.427144
    outer loop
      vertex 4.76913 1.4467 3.42095
      vertex 4.64701 1.92485 3.51854
      vertex 4.8133 1.4601 3.51854
    endloop
  endfacet
  facet normal 0.886624 0.317232 -0.336545
    outer loop
      vertex 4.73433 1.43614 3.31931
      vertex 4.57077 1.89327 3.31931
      vertex 4.60437 1.90719 3.42095
    endloop
  endfacet
  facet normal 0.886631 0.31723 -0.336528
    outer loop
      vertex 4.73433 1.43614 3.31931
      vertex 4.60437 1.90719 3.42095
      vertex 4.76913 1.4467 3.42095
    endloop
  endfacet
  facet normal 0.913406 0.326806 -0.242667
    outer loop
      vertex 4.70923 1.42853 3.2146
      vertex 4.54654 1.88324 3.2146
      vertex 4.57077 1.89327 3.31931
    endloop
  endfacet
  facet normal 0.913395 0.326811 -0.242701
    outer loop
      vertex 4.70923 1.42853 3.2146
      vertex 4.57077 1.89327 3.31931
      vertex 4.73433 1.43614 3.31931
    endloop
  endfacet
  facet normal 0.931367 0.333258 -0.146608
    outer loop
      vertex 4.69408 1.42393 3.10782
      vertex 4.5319 1.87718 3.10782
      vertex 4.54654 1.88324 3.2146
    endloop
  endfacet
  facet normal 0.93139 0.333241 -0.146502
    outer loop
      vertex 4.69408 1.42393 3.10782
      vertex 4.54654 1.88324 3.2146
      vertex 4.70923 1.42853 3.2146
    endloop
  endfacet
  facet normal 0.940414 0.336485 -0.0489862
    outer loop
      vertex 4.68901 1.42239 3
      vertex 4.52701 1.87515 3
      vertex 4.5319 1.87718 3.10782
    endloop
  endfacet
  facet normal 0.940409 0.336493 -0.0490268
    outer loop
      vertex 4.68901 1.42239 3
      vertex 4.5319 1.87718 3.10782
      vertex 4.69408 1.42393 3.10782
    endloop
  endfacet
  facet normal 0.940411 0.336494 0.0489862
    outer loop
      vertex 4.5319 1.87718 2.89218
      vertex 4.52701 1.87515 3
      vertex 4.69408 1.42393 2.89218
    endloop
  endfacet
  facet normal 0.940412 0.336485 0.0490268
    outer loop
      vertex 4.69408 1.42393 2.89218
      vertex 4.52701 1.87515 3
      vertex 4.68901 1.42239 3
    endloop
  endfacet
  facet normal 0.931376 0.333235 0.146607
    outer loop
      vertex 4.54654 1.88324 2.7854
      vertex 4.5319 1.87718 2.89218
      vertex 4.70923 1.42853 2.7854
    endloop
  endfacet
  facet normal 0.931382 0.333263 0.146502
    outer loop
      vertex 4.70923 1.42853 2.7854
      vertex 4.5319 1.87718 2.89218
      vertex 4.69408 1.42393 2.89218
    endloop
  endfacet
  facet normal 0.913403 0.326813 0.242667
    outer loop
      vertex 4.57077 1.89327 2.68069
      vertex 4.54654 1.88324 2.7854
      vertex 4.73433 1.43614 2.68069
    endloop
  endfacet
  facet normal 0.913398 0.326803 0.242701
    outer loop
      vertex 4.73433 1.43614 2.68069
      vertex 4.54654 1.88324 2.7854
      vertex 4.70923 1.42853 2.7854
    endloop
  endfacet
  facet normal 0.886625 0.317228 0.336545
    outer loop
      vertex 4.60437 1.90719 2.57905
      vertex 4.57077 1.89327 2.68069
      vertex 4.76913 1.4467 2.57905
    endloop
  endfacet
  facet normal 0.886629 0.317234 0.336528
    outer loop
      vertex 4.76913 1.4467 2.57905
      vertex 4.57077 1.89327 2.68069
      vertex 4.73433 1.43614 2.68069
    endloop
  endfacet
  facet normal 0.851347 0.304616 0.427103
    outer loop
      vertex 4.64701 1.92485 2.48146
      vertex 4.60437 1.90719 2.57905
      vertex 4.8133 1.4601 2.48146
    endloop
  endfacet
  facet normal 0.851332 0.304601 0.427144
    outer loop
      vertex 4.8133 1.4601 2.48146
      vertex 4.60437 1.90719 2.57905
      vertex 4.76913 1.4467 2.57905
    endloop
  endfacet
  facet normal 0.807848 0.28906 0.513641
    outer loop
      vertex 4.69828 1.94609 2.38887
      vertex 4.64701 1.92485 2.48146
      vertex 4.86641 1.47621 2.38887
    endloop
  endfacet
  facet normal 0.807834 0.289047 0.513669
    outer loop
      vertex 4.86641 1.47621 2.38887
      vertex 4.64701 1.92485 2.48146
      vertex 4.8133 1.4601 2.48146
    endloop
  endfacet
  facet normal 0.756563 0.270695 0.595262
    outer loop
      vertex 4.75769 1.9707 2.30217
      vertex 4.69828 1.94609 2.38887
      vertex 4.92794 1.49487 2.30217
    endloop
  endfacet
  facet normal 0.756594 0.27072 0.595212
    outer loop
      vertex 4.92794 1.49487 2.30217
      vertex 4.69828 1.94609 2.38887
      vertex 4.86641 1.47621 2.38887
    endloop
  endfacet
  facet normal 0.698023 0.249759 0.671107
    outer loop
      vertex 4.82467 1.99844 2.22218
      vertex 4.75769 1.9707 2.30217
      vertex 4.99732 1.51592 2.22218
    endloop
  endfacet
  facet normal 0.698 0.249741 0.671137
    outer loop
      vertex 4.99732 1.51592 2.22218
      vertex 4.75769 1.9707 2.30217
      vertex 4.92794 1.49487 2.30217
    endloop
  endfacet
  facet normal 0.632722 0.226401 0.740544
    outer loop
      vertex 4.89856 2.02905 2.14969
      vertex 4.82467 1.99844 2.22218
      vertex 5.07386 1.53914 2.14969
    endloop
  endfacet
  facet normal 0.632701 0.226386 0.740566
    outer loop
      vertex 5.07386 1.53914 2.14969
      vertex 4.82467 1.99844 2.22218
      vertex 4.99732 1.51592 2.22218
    endloop
  endfacet
  facet normal 0.561323 0.200846 0.802856
    outer loop
      vertex 4.97867 2.06223 2.08538
      vertex 4.89856 2.02905 2.14969
      vertex 5.15683 1.56431 2.08538
    endloop
  endfacet
  facet normal 0.561345 0.200861 0.802837
    outer loop
      vertex 5.15683 1.56431 2.08538
      vertex 4.89856 2.02905 2.14969
      vertex 5.07386 1.53914 2.14969
    endloop
  endfacet
  facet normal 0.48445 0.173338 0.857474
    outer loop
      vertex 5.06421 2.09766 2.02989
      vertex 4.97867 2.06223 2.08538
      vertex 5.24543 1.59118 2.02989
    endloop
  endfacet
  facet normal 0.48446 0.173344 0.857468
    outer loop
      vertex 5.24543 1.59118 2.02989
      vertex 4.97867 2.06223 2.08538
      vertex 5.15683 1.56431 2.08538
    endloop
  endfacet
  facet normal 0.402982 0.14419 0.903778
    outer loop
      vertex 5.15437 2.13501 1.98373
      vertex 5.06421 2.09766 2.02989
      vertex 5.33882 1.61951 1.98373
    endloop
  endfacet
  facet normal 0.402975 0.144185 0.903782
    outer loop
      vertex 5.33882 1.61951 1.98373
      vertex 5.06421 2.09766 2.02989
      vertex 5.24543 1.59118 2.02989
    endloop
  endfacet
  facet normal 0.317569 0.113631 0.941402
    outer loop
      vertex 5.24827 2.1739 1.94736
      vertex 5.15437 2.13501 1.98373
      vertex 5.43608 1.64902 1.94736
    endloop
  endfacet
  facet normal 0.31756 0.113625 0.941406
    outer loop
      vertex 5.43608 1.64902 1.94736
      vertex 5.15437 2.13501 1.98373
      vertex 5.33882 1.61951 1.98373
    endloop
  endfacet
  facet normal 0.228959 0.081922 0.969983
    outer loop
      vertex 5.34501 2.21398 1.92114
      vertex 5.24827 2.1739 1.94736
      vertex 5.53628 1.67941 1.92114
    endloop
  endfacet
  facet normal 0.228972 0.0819297 0.969979
    outer loop
      vertex 5.53628 1.67941 1.92114
      vertex 5.24827 2.1739 1.94736
      vertex 5.43608 1.64902 1.94736
    endloop
  endfacet
  facet normal 0.138315 0.0494871 0.989151
    outer loop
      vertex 5.44367 2.25484 1.9053
      vertex 5.34501 2.21398 1.92114
      vertex 5.63846 1.71041 1.9053
    endloop
  endfacet
  facet normal 0.138323 0.0494923 0.98915
    outer loop
      vertex 5.63846 1.71041 1.9053
      vertex 5.34501 2.21398 1.92114
      vertex 5.53628 1.67941 1.92114
    endloop
  endfacet
  facet normal 0.0462837 0.0165602 0.998791
    outer loop
      vertex 5.54328 2.2961 1.9
      vertex 5.44367 2.25484 1.9053
      vertex 5.74164 1.74171 1.9
    endloop
  endfacet
  facet normal 0.0462813 0.0165588 0.998791
    outer loop
      vertex 5.74164 1.74171 1.9
      vertex 5.44367 2.25484 1.9053
      vertex 5.63846 1.71041 1.9053
    endloop
  endfacet
  facet normal 0.0476813 0.0119437 -0.998791
    outer loop
      vertex 5.77896 1.14951 4.0947
      vertex 5.63846 1.71041 4.0947
      vertex 5.74164 1.74171 4.1
    endloop
  endfacet
  facet normal 0.0476824 0.0119438 -0.998791
    outer loop
      vertex 5.77896 1.14951 4.0947
      vertex 5.74164 1.74171 4.1
      vertex 5.88471 1.17054 4.1
    endloop
  endfacet
  facet normal 0.142508 0.0356988 -0.98915
    outer loop
      vertex 5.67424 1.12868 4.07886
      vertex 5.53628 1.67941 4.07886
      vertex 5.63846 1.71041 4.0947
    endloop
  endfacet
  facet normal 0.142518 0.0356994 -0.989148
    outer loop
      vertex 5.67424 1.12868 4.07886
      vertex 5.63846 1.71041 4.0947
      vertex 5.77896 1.14951 4.0947
    endloop
  endfacet
  facet normal 0.235985 0.0591086 -0.969957
    outer loop
      vertex 5.57153 1.10825 4.05263
      vertex 5.43608 1.64902 4.05263
      vertex 5.53628 1.67941 4.07886
    endloop
  endfacet
  facet normal 0.235952 0.0591069 -0.969965
    outer loop
      vertex 5.57153 1.10825 4.05263
      vertex 5.53628 1.67941 4.07886
      vertex 5.67424 1.12868 4.07886
    endloop
  endfacet
  facet normal 0.32709 0.0819311 -0.941435
    outer loop
      vertex 5.47185 1.08842 4.01627
      vertex 5.33882 1.61951 4.01627
      vertex 5.43608 1.64902 4.05263
    endloop
  endfacet
  facet normal 0.327104 0.0819317 -0.94143
    outer loop
      vertex 5.47185 1.08842 4.01627
      vertex 5.43608 1.64902 4.05263
      vertex 5.57153 1.10825 4.05263
    endloop
  endfacet
  facet normal 0.415166 0.103998 -0.903782
    outer loop
      vertex 5.37614 1.06938 3.97011
      vertex 5.24543 1.59118 3.97011
      vertex 5.33882 1.61951 4.01627
    endloop
  endfacet
  facet normal 0.415191 0.103999 -0.90377
    outer loop
      vertex 5.37614 1.06938 3.97011
      vertex 5.33882 1.61951 4.01627
      vertex 5.47185 1.08842 4.01627
    endloop
  endfacet
  facet normal 0.499115 0.125024 -0.857469
    outer loop
      vertex 5.28533 1.05132 3.91462
      vertex 5.15683 1.56431 3.91462
      vertex 5.24543 1.59118 3.97011
    endloop
  endfacet
  facet normal 0.499102 0.125024 -0.857477
    outer loop
      vertex 5.28533 1.05132 3.91462
      vertex 5.24543 1.59118 3.97011
      vertex 5.37614 1.06938 3.97011
    endloop
  endfacet
  facet normal 0.578332 0.144864 -0.802837
    outer loop
      vertex 5.20029 1.0344 3.85031
      vertex 5.07386 1.53914 3.85031
      vertex 5.15683 1.56431 3.91462
    endloop
  endfacet
  facet normal 0.578317 0.144864 -0.802848
    outer loop
      vertex 5.20029 1.0344 3.85031
      vertex 5.15683 1.56431 3.91462
      vertex 5.28533 1.05132 3.91462
    endloop
  endfacet
  facet normal 0.651846 0.163276 -0.740565
    outer loop
      vertex 5.12184 1.0188 3.77782
      vertex 4.99732 1.51592 3.77782
      vertex 5.07386 1.53914 3.85031
    endloop
  endfacet
  facet normal 0.65184 0.163276 -0.740571
    outer loop
      vertex 5.12184 1.0188 3.77782
      vertex 5.07386 1.53914 3.85031
      vertex 5.20029 1.0344 3.85031
    endloop
  endfacet
  facet normal 0.719115 0.180138 -0.671136
    outer loop
      vertex 5.05074 1.00465 3.69783
      vertex 4.92794 1.49487 3.69783
      vertex 4.99732 1.51592 3.77782
    endloop
  endfacet
  facet normal 0.719155 0.180136 -0.671094
    outer loop
      vertex 5.05074 1.00465 3.69783
      vertex 4.99732 1.51592 3.77782
      vertex 5.12184 1.0188 3.77782
    endloop
  endfacet
  facet normal 0.779486 0.195249 -0.595214
    outer loop
      vertex 4.98767 0.992108 3.61113
      vertex 4.86641 1.47621 3.61113
      vertex 4.92794 1.49487 3.69783
    endloop
  endfacet
  facet normal 0.779451 0.195252 -0.595258
    outer loop
      vertex 4.98767 0.992108 3.61113
      vertex 4.92794 1.49487 3.69783
      vertex 5.05074 1.00465 3.69783
    endloop
  endfacet
  facet normal 0.832274 0.208478 -0.51367
    outer loop
      vertex 4.93324 0.981281 3.51854
      vertex 4.8133 1.4601 3.51854
      vertex 4.86641 1.47621 3.61113
    endloop
  endfacet
  facet normal 0.832289 0.208475 -0.513648
    outer loop
      vertex 4.93324 0.981281 3.51854
      vertex 4.86641 1.47621 3.61113
      vertex 4.98767 0.992108 3.61113
    endloop
  endfacet
  facet normal 0.877085 0.219705 -0.427143
    outer loop
      vertex 4.88797 0.972278 3.42095
      vertex 4.76913 1.4467 3.42095
      vertex 4.8133 1.4601 3.51854
    endloop
  endfacet
  facet normal 0.877091 0.219704 -0.427133
    outer loop
      vertex 4.88797 0.972278 3.42095
      vertex 4.8133 1.4601 3.51854
      vertex 4.93324 0.981281 3.51854
    endloop
  endfacet
  facet normal 0.913453 0.22881 -0.336525
    outer loop
      vertex 4.8523 0.965182 3.31931
      vertex 4.73433 1.43614 3.31931
      vertex 4.76913 1.4467 3.42095
    endloop
  endfacet
  facet normal 0.913446 0.228813 -0.336543
    outer loop
      vertex 4.8523 0.965182 3.31931
      vertex 4.76913 1.4467 3.42095
      vertex 4.88797 0.972278 3.42095
    endloop
  endfacet
  facet normal 0.941025 0.235726 -0.242705
    outer loop
      vertex 4.82658 0.960066 3.2146
      vertex 4.70923 1.42853 3.2146
      vertex 4.73433 1.43614 3.31931
    endloop
  endfacet
  facet normal 0.941037 0.23572 -0.242665
    outer loop
      vertex 4.82658 0.960066 3.2146
      vertex 4.73433 1.43614 3.31931
      vertex 4.8523 0.965182 3.31931
    endloop
  endfacet
  facet normal 0.959569 0.240347 -0.146498
    outer loop
      vertex 4.81104 0.956975 3.10782
      vertex 4.69408 1.42393 3.10782
      vertex 4.70923 1.42853 3.2146
    endloop
  endfacet
  facet normal 0.959548 0.240366 -0.146604
    outer loop
      vertex 4.81104 0.956975 3.10782
      vertex 4.70923 1.42853 3.2146
      vertex 4.82658 0.960066 3.2146
    endloop
  endfacet
  facet normal 0.968864 0.24269 -0.0490251
    outer loop
      vertex 4.80585 0.955942 3
      vertex 4.68901 1.42239 3
      vertex 4.69408 1.42393 3.10782
    endloop
  endfacet
  facet normal 0.968871 0.242677 -0.0489624
    outer loop
      vertex 4.80585 0.955942 3
      vertex 4.69408 1.42393 3.10782
      vertex 4.81104 0.956975 3.10782
    endloop
  endfacet
  facet normal 0.968868 0.242676 0.0490251
    outer loop
      vertex 4.69408 1.42393 2.89218
      vertex 4.68901 1.42239 3
      vertex 4.81104 0.956975 2.89218
    endloop
  endfacet
  facet normal 0.968867 0.24269 0.0489624
    outer loop
      vertex 4.81104 0.956975 2.89218
      vertex 4.68901 1.42239 3
      vertex 4.80585 0.955942 3
    endloop
  endfacet
  facet normal 0.959563 0.24037 0.146498
    outer loop
      vertex 4.70923 1.42853 2.7854
      vertex 4.69408 1.42393 2.89218
      vertex 4.82658 0.960066 2.7854
    endloop
  endfacet
  facet normal 0.959553 0.240343 0.146604
    outer loop
      vertex 4.82658 0.960066 2.7854
      vertex 4.69408 1.42393 2.89218
      vertex 4.81104 0.956975 2.89218
    endloop
  endfacet
  facet normal 0.941027 0.235717 0.242704
    outer loop
      vertex 4.73433 1.43614 2.68069
      vertex 4.70923 1.42853 2.7854
      vertex 4.8523 0.965182 2.68069
    endloop
  endfacet
  facet normal 0.941035 0.235729 0.242664
    outer loop
      vertex 4.8523 0.965182 2.68069
      vertex 4.70923 1.42853 2.7854
      vertex 4.82658 0.960066 2.7854
    endloop
  endfacet
  facet normal 0.913452 0.228815 0.336525
    outer loop
      vertex 4.76913 1.4467 2.57905
      vertex 4.73433 1.43614 2.68069
      vertex 4.88797 0.972278 2.57905
    endloop
  endfacet
  facet normal 0.913447 0.228809 0.336543
    outer loop
      vertex 4.88797 0.972278 2.57905
      vertex 4.73433 1.43614 2.68069
      vertex 4.8523 0.965182 2.68069
    endloop
  endfacet
  facet normal 0.877086 0.219702 0.427143
    outer loop
      vertex 4.8133 1.4601 2.48146
      vertex 4.76913 1.4467 2.57905
      vertex 4.93324 0.981281 2.48146
    endloop
  endfacet
  facet normal 0.87709 0.219706 0.427133
    outer loop
      vertex 4.93324 0.981281 2.48146
      vertex 4.76913 1.4467 2.57905
      vertex 4.88797 0.972278 2.57905
    endloop
  endfacet
  facet normal 0.832276 0.208472 0.513669
    outer loop
      vertex 4.86641 1.47621 2.38887
      vertex 4.8133 1.4601 2.48146
      vertex 4.98767 0.992108 2.38887
    endloop
  endfacet
  facet normal 0.832287 0.208481 0.513647
    outer loop
      vertex 4.98767 0.992108 2.38887
      vertex 4.8133 1.4601 2.48146
      vertex 4.93324 0.981281 2.48146
    endloop
  endfacet
  facet normal 0.779482 0.19526 0.595215
    outer loop
      vertex 4.92794 1.49487 2.30217
      vertex 4.86641 1.47621 2.38887
      vertex 5.05074 1.00465 2.30217
    endloop
  endfacet
  facet normal 0.779454 0.195241 0.595258
    outer loop
      vertex 5.05074 1.00465 2.30217
      vertex 4.86641 1.47621 2.38887
      vertex 4.98767 0.992108 2.38887
    endloop
  endfacet
  facet normal 0.719119 0.180127 0.671135
    outer loop
      vertex 4.99732 1.51592 2.22218
      vertex 4.92794 1.49487 2.30217
      vertex 5.12184 1.0188 2.22218
    endloop
  endfacet
  facet normal 0.719152 0.180147 0.671094
    outer loop
      vertex 5.12184 1.0188 2.22218
      vertex 4.92794 1.49487 2.30217
      vertex 5.05074 1.00465 2.30217
    endloop
  endfacet
  facet normal 0.651846 0.163278 0.740566
    outer loop
      vertex 5.07386 1.53914 2.14969
      vertex 4.99732 1.51592 2.22218
      vertex 5.20029 1.0344 2.14969
    endloop
  endfacet
  facet normal 0.651841 0.163275 0.740571
    outer loop
      vertex 5.20029 1.0344 2.14969
      vertex 4.99732 1.51592 2.22218
      vertex 5.12184 1.0188 2.22218
    endloop
  endfacet
  facet normal 0.578331 0.144867 0.802837
    outer loop
      vertex 5.15683 1.56431 2.08538
      vertex 5.07386 1.53914 2.14969
      vertex 5.28533 1.05132 2.08538
    endloop
  endfacet
  facet normal 0.578317 0.14486 0.802848
    outer loop
      vertex 5.28533 1.05132 2.08538
      vertex 5.07386 1.53914 2.14969
      vertex 5.20029 1.0344 2.14969
    endloop
  endfacet
  facet normal 0.499114 0.125027 0.857469
    outer loop
      vertex 5.24543 1.59118 2.02989
      vertex 5.15683 1.56431 2.08538
      vertex 5.37614 1.06938 2.02989
    endloop
  endfacet
  facet normal 0.499103 0.125021 0.857477
    outer loop
      vertex 5.37614 1.06938 2.02989
      vertex 5.15683 1.56431 2.08538
      vertex 5.28533 1.05132 2.08538
    endloop
  endfacet
  facet normal 0.415167 0.103993 0.903782
    outer loop
      vertex 5.33882 1.61951 1.98373
      vertex 5.24543 1.59118 2.02989
      vertex 5.47185 1.08842 1.98373
    endloop
  endfacet
  facet normal 0.41519 0.104004 0.90377
    outer loop
      vertex 5.47185 1.08842 1.98373
      vertex 5.24543 1.59118 2.02989
      vertex 5.37614 1.06938 2.02989
    endloop
  endfacet
  facet normal 0.327171 0.0819484 0.941405
    outer loop
      vertex 5.43608 1.64902 1.94736
      vertex 5.33882 1.61951 1.98373
      vertex 5.57153 1.10825 1.94736
    endloop
  endfacet
  facet normal 0.327183 0.0819543 0.9414
    outer loop
      vertex 5.57153 1.10825 1.94736
      vertex 5.33882 1.61951 1.98373
      vertex 5.47185 1.08842 1.98373
    endloop
  endfacet
  facet normal 0.235898 0.0590934 0.969979
    outer loop
      vertex 5.53628 1.67941 1.92114
      vertex 5.43608 1.64902 1.94736
      vertex 5.67424 1.12868 1.92114
    endloop
  endfacet
  facet normal 0.235869 0.0590795 0.969987
    outer loop
      vertex 5.67424 1.12868 1.92114
      vertex 5.43608 1.64902 1.94736
      vertex 5.57153 1.10825 1.94736
    endloop
  endfacet
  facet normal 0.142509 0.035697 0.98915
    outer loop
      vertex 5.63846 1.71041 1.9053
      vertex 5.53628 1.67941 1.92114
      vertex 5.77896 1.14951 1.9053
    endloop
  endfacet
  facet normal 0.142518 0.0357012 0.989148
    outer loop
      vertex 5.77896 1.14951 1.9053
      vertex 5.53628 1.67941 1.92114
      vertex 5.67424 1.12868 1.92114
    endloop
  endfacet
  facet normal 0.0476813 0.0119435 0.998791
    outer loop
      vertex 5.74164 1.74171 1.9
      vertex 5.63846 1.71041 1.9053
      vertex 5.88471 1.17054 1.9
    endloop
  endfacet
  facet normal 0.0476824 0.011944 0.998791
    outer loop
      vertex 5.88471 1.17054 1.9
      vertex 5.63846 1.71041 1.9053
      vertex 5.77896 1.14951 1.9053
    endloop
  endfacet
  facet normal 0.0486232 0.00721304 -0.998791
    outer loop
      vertex 5.86381 0.577535 4.0947
      vertex 5.77896 1.14951 4.0947
      vertex 5.88471 1.17054 4.1
    endloop
  endfacet
  facet normal 0.0486242 0.007213 -0.998791
    outer loop
      vertex 5.97111 0.588102 4.1
      vertex 5.86381 0.577535 4.0947
      vertex 5.88471 1.17054 4.1
    endloop
  endfacet
  facet normal 0.145331 0.021556 -0.989148
    outer loop
      vertex 5.75754 0.567068 4.07886
      vertex 5.67424 1.12868 4.07886
      vertex 5.77896 1.14951 4.0947
    endloop
  endfacet
  facet normal 0.145314 0.0215567 -0.989151
    outer loop
      vertex 5.86381 0.577535 4.0947
      vertex 5.75754 0.567068 4.07886
      vertex 5.77896 1.14951 4.0947
    endloop
  endfacet
  facet normal 0.24061 0.0356914 -0.969966
    outer loop
      vertex 5.65333 0.556805 4.05263
      vertex 5.57153 1.10825 4.05263
      vertex 5.67424 1.12868 4.07886
    endloop
  endfacet
  facet normal 0.240627 0.0356906 -0.969961
    outer loop
      vertex 5.75754 0.567068 4.07886
      vertex 5.65333 0.556805 4.05263
      vertex 5.67424 1.12868 4.07886
    endloop
  endfacet
  facet normal 0.33356 0.0494756 -0.94143
    outer loop
      vertex 5.55218 0.546842 4.01627
      vertex 5.47185 1.08842 4.01627
      vertex 5.57153 1.10825 4.05263
    endloop
  endfacet
  facet normal 0.333541 0.0494767 -0.941436
    outer loop
      vertex 5.65333 0.556805 4.05263
      vertex 5.55218 0.546842 4.01627
      vertex 5.57153 1.10825 4.05263
    endloop
  endfacet
  facet normal 0.423386 0.0628033 -0.90377
    outer loop
      vertex 5.45507 0.537277 3.97011
      vertex 5.37614 1.06938 3.97011
      vertex 5.47185 1.08842 4.01627
    endloop
  endfacet
  facet normal 0.423405 0.062802 -0.903761
    outer loop
      vertex 5.55218 0.546842 4.01627
      vertex 5.45507 0.537277 3.97011
      vertex 5.47185 1.08842 4.01627
    endloop
  endfacet
  facet normal 0.508954 0.075489 -0.857477
    outer loop
      vertex 5.36292 0.528201 3.91462
      vertex 5.28533 1.05132 3.91462
      vertex 5.37614 1.06938 3.97011
    endloop
  endfacet
  facet normal 0.508923 0.0754916 -0.857495
    outer loop
      vertex 5.45507 0.537277 3.97011
      vertex 5.36292 0.528201 3.91462
      vertex 5.37614 1.06938 3.97011
    endloop
  endfacet
  facet normal 0.589733 0.0874808 -0.802846
    outer loop
      vertex 5.27664 0.519703 3.85031
      vertex 5.20029 1.0344 3.85031
      vertex 5.28533 1.05132 3.91462
    endloop
  endfacet
  facet normal 0.589774 0.0874765 -0.802816
    outer loop
      vertex 5.36292 0.528201 3.91462
      vertex 5.27664 0.519703 3.85031
      vertex 5.28533 1.05132 3.91462
    endloop
  endfacet
  facet normal 0.664702 0.0986032 -0.740573
    outer loop
      vertex 5.19704 0.511863 3.77782
      vertex 5.12184 1.0188 3.77782
      vertex 5.20029 1.0344 3.85031
    endloop
  endfacet
  facet normal 0.664708 0.0986026 -0.740568
    outer loop
      vertex 5.27664 0.519703 3.85031
      vertex 5.19704 0.511863 3.77782
      vertex 5.20029 1.0344 3.85031
    endloop
  endfacet
  facet normal 0.733352 0.108779 -0.67109
    outer loop
      vertex 5.12489 0.504757 3.69783
      vertex 5.05074 1.00465 3.69783
      vertex 5.12184 1.0188 3.77782
    endloop
  endfacet
  facet normal 0.733327 0.108783 -0.671116
    outer loop
      vertex 5.12489 0.504757 3.69783
      vertex 5.12184 1.0188 3.77782
      vertex 5.19704 0.511863 3.77782
    endloop
  endfacet
  facet normal 0.794838 0.117892 -0.59526
    outer loop
      vertex 5.06089 0.498454 3.61113
      vertex 4.98767 0.992108 3.61113
      vertex 5.05074 1.00465 3.69783
    endloop
  endfacet
  facet normal 0.794817 0.117897 -0.595287
    outer loop
      vertex 5.06089 0.498454 3.61113
      vertex 5.05074 1.00465 3.69783
      vertex 5.12489 0.504757 3.69783
    endloop
  endfacet
  facet normal 0.848714 0.125899 -0.513647
    outer loop
      vertex 5.00567 0.493014 3.51854
      vertex 4.93324 0.981281 3.51854
      vertex 4.98767 0.992108 3.61113
    endloop
  endfacet
  facet normal 0.848753 0.125889 -0.513586
    outer loop
      vertex 5.00567 0.493014 3.51854
      vertex 4.98767 0.992108 3.61113
      vertex 5.06089 0.498454 3.61113
    endloop
  endfacet
  facet normal 0.894403 0.132667 -0.427134
    outer loop
      vertex 4.95973 0.488491 3.42095
      vertex 4.88797 0.972278 3.42095
      vertex 4.93324 0.981281 3.51854
    endloop
  endfacet
  facet normal 0.894382 0.132674 -0.427175
    outer loop
      vertex 4.95973 0.488491 3.42095
      vertex 4.93324 0.981281 3.51854
      vertex 5.00567 0.493014 3.51854
    endloop
  endfacet
  facet normal 0.931476 0.138173 -0.336543
    outer loop
      vertex 4.92354 0.484926 3.31931
      vertex 4.8523 0.965182 3.31931
      vertex 4.88797 0.972278 3.42095
    endloop
  endfacet
  facet normal 0.931488 0.138167 -0.336512
    outer loop
      vertex 4.92354 0.484926 3.31931
      vertex 4.88797 0.972278 3.42095
      vertex 4.95973 0.488491 3.42095
    endloop
  endfacet
  facet normal 0.959611 0.142341 -0.242665
    outer loop
      vertex 4.89744 0.482355 3.2146
      vertex 4.82658 0.960066 3.2146
      vertex 4.8523 0.965182 3.31931
    endloop
  endfacet
  facet normal 0.959605 0.142345 -0.242686
    outer loop
      vertex 4.89744 0.482355 3.2146
      vertex 4.8523 0.965182 3.31931
      vertex 4.92354 0.484926 3.31931
    endloop
  endfacet
  facet normal 0.978487 0.145158 -0.146604
    outer loop
      vertex 4.88168 0.480803 3.10782
      vertex 4.81104 0.956975 3.10782
      vertex 4.82658 0.960066 3.2146
    endloop
  endfacet
  facet normal 0.9785 0.145143 -0.14653
    outer loop
      vertex 4.88168 0.480803 3.10782
      vertex 4.82658 0.960066 3.2146
      vertex 4.89744 0.482355 3.2146
    endloop
  endfacet
  facet normal 0.987992 0.14654 -0.0489617
    outer loop
      vertex 4.8764 0.480284 3
      vertex 4.80585 0.955942 3
      vertex 4.81104 0.956975 3.10782
    endloop
  endfacet
  facet normal 0.987982 0.146567 -0.0490875
    outer loop
      vertex 4.8764 0.480284 3
      vertex 4.81104 0.956975 3.10782
      vertex 4.88168 0.480803 3.10782
    endloop
  endfacet
  facet normal 0.987988 0.146568 0.0489618
    outer loop
      vertex 4.81104 0.956975 2.89218
      vertex 4.80585 0.955942 3
      vertex 4.88168 0.480803 2.89218
    endloop
  endfacet
  facet normal 0.987986 0.146539 0.0490876
    outer loop
      vertex 4.88168 0.480803 2.89218
      vertex 4.80585 0.955942 3
      vertex 4.8764 0.480284 3
    endloop
  endfacet
  facet normal 0.978489 0.145142 0.146604
    outer loop
      vertex 4.82658 0.960066 2.7854
      vertex 4.81104 0.956975 2.89218
      vertex 4.89744 0.482355 2.7854
    endloop
  endfacet
  facet normal 0.978498 0.14516 0.146529
    outer loop
      vertex 4.89744 0.482355 2.7854
      vertex 4.81104 0.956975 2.89218
      vertex 4.88168 0.480803 2.89218
    endloop
  endfacet
  facet normal 0.95961 0.142346 0.242665
    outer loop
      vertex 4.8523 0.965182 2.68069
      vertex 4.82658 0.960066 2.7854
      vertex 4.92354 0.484926 2.68069
    endloop
  endfacet
  facet normal 0.959605 0.142341 0.242686
    outer loop
      vertex 4.92354 0.484926 2.68069
      vertex 4.82658 0.960066 2.7854
      vertex 4.89744 0.482355 2.7854
    endloop
  endfacet
  facet normal 0.931477 0.138166 0.336543
    outer loop
      vertex 4.88797 0.972278 2.57905
      vertex 4.8523 0.965182 2.68069
      vertex 4.95973 0.488491 2.57905
    endloop
  endfacet
  facet normal 0.931487 0.138174 0.336512
    outer loop
      vertex 4.95973 0.488491 2.57905
      vertex 4.8523 0.965182 2.68069
      vertex 4.92354 0.484926 2.68069
    endloop
  endfacet
  facet normal 0.894401 0.132676 0.427134
    outer loop
      vertex 4.93324 0.981281 2.48146
      vertex 4.88797 0.972278 2.57905
      vertex 5.00567 0.493014 2.48146
    endloop
  endfacet
  facet normal 0.894383 0.132664 0.427175
    outer loop
      vertex 5.00567 0.493014 2.48146
      vertex 4.88797 0.972278 2.57905
      vertex 4.95973 0.488491 2.57905
    endloop
  endfacet
  facet normal 0.848717 0.125884 0.513647
    outer loop
      vertex 4.98767 0.992108 2.38887
      vertex 4.93324 0.981281 2.48146
      vertex 5.06089 0.498454 2.38887
    endloop
  endfacet
  facet normal 0.848751 0.125904 0.513586
    outer loop
      vertex 5.06089 0.498454 2.38887
      vertex 4.93324 0.981281 2.48146
      vertex 5.00567 0.493014 2.48146
    endloop
  endfacet
  facet normal 0.794837 0.1179 0.59526
    outer loop
      vertex 5.05074 1.00465 2.30217
      vertex 4.98767 0.992108 2.38887
      vertex 5.12489 0.504757 2.30217
    endloop
  endfacet
  facet normal 0.794818 0.117889 0.595287
    outer loop
      vertex 5.12489 0.504757 2.30217
      vertex 4.98767 0.992108 2.38887
      vertex 5.06089 0.498454 2.38887
    endloop
  endfacet
  facet normal 0.73335 0.108787 0.671091
    outer loop
      vertex 5.12184 1.0188 2.22218
      vertex 5.05074 1.00465 2.30217
      vertex 5.19704 0.511863 2.22218
    endloop
  endfacet
  facet normal 0.733328 0.108776 0.671116
    outer loop
      vertex 5.19704 0.511863 2.22218
      vertex 5.05074 1.00465 2.30217
      vertex 5.12489 0.504757 2.30217
    endloop
  endfacet
  facet normal 0.664703 0.0986018 0.740573
    outer loop
      vertex 5.20029 1.0344 2.14969
      vertex 5.12184 1.0188 2.22218
      vertex 5.27664 0.519703 2.14969
    endloop
  endfacet
  facet normal 0.664708 0.098604 0.740568
    outer loop
      vertex 5.27664 0.519703 2.14969
      vertex 5.12184 1.0188 2.22218
      vertex 5.19704 0.511863 2.22218
    endloop
  endfacet
  facet normal 0.589735 0.0874706 0.802846
    outer loop
      vertex 5.28533 1.05132 2.08538
      vertex 5.20029 1.0344 2.14969
      vertex 5.36292 0.528201 2.08538
    endloop
  endfacet
  facet normal 0.589773 0.0874868 0.802816
    outer loop
      vertex 5.36292 0.528201 2.08538
      vertex 5.20029 1.0344 2.14969
      vertex 5.27664 0.519703 2.14969
    endloop
  endfacet
  facet normal 0.508952 0.0754959 0.857478
    outer loop
      vertex 5.37614 1.06938 2.02989
      vertex 5.28533 1.05132 2.08538
      vertex 5.45507 0.537277 2.02989
    endloop
  endfacet
  facet normal 0.508924 0.0754845 0.857496
    outer loop
      vertex 5.45507 0.537277 2.02989
      vertex 5.28533 1.05132 2.08538
      vertex 5.36292 0.528201 2.08538
    endloop
  endfacet
  facet normal 0.423387 0.0627992 0.90377
    outer loop
      vertex 5.47185 1.08842 1.98373
      vertex 5.37614 1.06938 2.02989
      vertex 5.55218 0.546842 1.98373
    endloop
  endfacet
  facet normal 0.423405 0.0628062 0.903761
    outer loop
      vertex 5.55218 0.546842 1.98373
      vertex 5.37614 1.06938 2.02989
      vertex 5.45507 0.537277 2.02989
    endloop
  endfacet
  facet normal 0.333641 0.0494915 0.9414
    outer loop
      vertex 5.57153 1.10825 1.94736
      vertex 5.47185 1.08842 1.98373
      vertex 5.65333 0.556805 1.94736
    endloop
  endfacet
  facet normal 0.333623 0.0494849 0.941407
    outer loop
      vertex 5.65333 0.556805 1.94736
      vertex 5.47185 1.08842 1.98373
      vertex 5.55218 0.546842 1.98373
    endloop
  endfacet
  facet normal 0.240524 0.0356753 0.969987
    outer loop
      vertex 5.67424 1.12868 1.92114
      vertex 5.57153 1.10825 1.94736
      vertex 5.75754 0.567068 1.92114
    endloop
  endfacet
  facet normal 0.240541 0.0356812 0.969983
    outer loop
      vertex 5.75754 0.567068 1.92114
      vertex 5.57153 1.10825 1.94736
      vertex 5.65333 0.556805 1.94736
    endloop
  endfacet
  facet normal 0.145331 0.0215592 0.989148
    outer loop
      vertex 5.77896 1.14951 1.9053
      vertex 5.67424 1.12868 1.92114
      vertex 5.86381 0.577535 1.9053
    endloop
  endfacet
  facet normal 0.145314 0.0215535 0.989151
    outer loop
      vertex 5.86381 0.577535 1.9053
      vertex 5.67424 1.12868 1.92114
      vertex 5.75754 0.567068 1.92114
    endloop
  endfacet
  facet normal 0.0486232 0.00721287 0.998791
    outer loop
      vertex 5.88471 1.17054 1.9
      vertex 5.77896 1.14951 1.9053
      vertex 5.97111 0.588102 1.9
    endloop
  endfacet
  facet normal 0.0486241 0.00721318 0.998791
    outer loop
      vertex 5.97111 0.588102 1.9
      vertex 5.77896 1.14951 1.9053
      vertex 5.86381 0.577535 1.9053
    endloop
  endfacet
  facet normal 0.049097 0.00241177 -0.998791
    outer loop
      vertex 5.89218 0 4.0947
      vertex 5.86381 0.577535 4.0947
      vertex 5.97111 0.588102 4.1
    endloop
  endfacet
  facet normal 0.0490966 0.00241183 -0.998791
    outer loop
      vertex 6 0 4.1
      vertex 5.89218 0 4.0947
      vertex 5.97111 0.588102 4.1
    endloop
  endfacet
  facet normal 0.146727 0.00720869 -0.989151
    outer loop
      vertex 5.7854 0 4.07886
      vertex 5.75754 0.567068 4.07886
      vertex 5.86381 0.577535 4.0947
    endloop
  endfacet
  facet normal 0.146733 0.00720789 -0.98915
    outer loop
      vertex 5.89218 0 4.0947
      vertex 5.7854 0 4.07886
      vertex 5.86381 0.577535 4.0947
    endloop
  endfacet
  facet normal 0.242967 0.0119388 -0.969961
    outer loop
      vertex 5.68069 0 4.05263
      vertex 5.65333 0.556805 4.05263
      vertex 5.75754 0.567068 4.07886
    endloop
  endfacet
  facet normal 0.242976 0.0119374 -0.969959
    outer loop
      vertex 5.7854 0 4.07886
      vertex 5.68069 0 4.05263
      vertex 5.75754 0.567068 4.07886
    endloop
  endfacet
  facet normal 0.336785 0.0165485 -0.941436
    outer loop
      vertex 5.57905 0 4.01627
      vertex 5.55218 0.546842 4.01627
      vertex 5.65333 0.556805 4.05263
    endloop
  endfacet
  facet normal 0.336783 0.0165487 -0.941437
    outer loop
      vertex 5.68069 0 4.05263
      vertex 5.57905 0 4.01627
      vertex 5.65333 0.556805 4.05263
    endloop
  endfacet
  facet normal 0.427523 0.0209991 -0.903761
    outer loop
      vertex 5.48146 0 3.97011
      vertex 5.45507 0.537277 3.97011
      vertex 5.55218 0.546842 4.01627
    endloop
  endfacet
  facet normal 0.427486 0.0210053 -0.903778
    outer loop
      vertex 5.57905 0 4.01627
      vertex 5.48146 0 3.97011
      vertex 5.55218 0.546842 4.01627
    endloop
  endfacet
  facet normal 0.513872 0.025246 -0.857495
    outer loop
      vertex 5.38887 0 3.91462
      vertex 5.36292 0.528201 3.91462
      vertex 5.45507 0.537277 3.97011
    endloop
  endfacet
  facet normal 0.513896 0.0252416 -0.857481
    outer loop
      vertex 5.48146 0 3.97011
      vertex 5.38887 0 3.91462
      vertex 5.45507 0.537277 3.97011
    endloop
  endfacet
  facet normal 0.595509 0.0292539 -0.802816
    outer loop
      vertex 5.30217 0 3.85031
      vertex 5.27664 0.519703 3.85031
      vertex 5.36292 0.528201 3.91462
    endloop
  endfacet
  facet normal 0.595497 0.0292562 -0.802824
    outer loop
      vertex 5.38887 0 3.91462
      vertex 5.30217 0 3.85031
      vertex 5.36292 0.528201 3.91462
    endloop
  endfacet
  facet normal 0.671172 0.0329644 -0.740568
    outer loop
      vertex 5.22218 0 3.77782
      vertex 5.19704 0.511863 3.77782
      vertex 5.27664 0.519703 3.85031
    endloop
  endfacet
  facet normal 0.67115 0.0329697 -0.740588
    outer loop
      vertex 5.30217 0 3.85031
      vertex 5.22218 0 3.77782
      vertex 5.27664 0.519703 3.85031
    endloop
  endfacet
  facet normal 0.740459 0.0363806 -0.671117
    outer loop
      vertex 5.14969 0 3.69783
      vertex 5.12489 0.504757 3.69783
      vertex 5.19704 0.511863 3.77782
    endloop
  endfacet
  facet normal 0.740501 0.0363695 -0.67107
    outer loop
      vertex 5.22218 0 3.77782
      vertex 5.14969 0 3.69783
      vertex 5.19704 0.511863 3.77782
    endloop
  endfacet
  facet normal 0.802545 0.0394306 -0.595287
    outer loop
      vertex 5.08538 0 3.61113
      vertex 5.06089 0.498454 3.61113
      vertex 5.12489 0.504757 3.69783
    endloop
  endfacet
  facet normal 0.802543 0.039431 -0.595289
    outer loop
      vertex 5.14969 0 3.69783
      vertex 5.08538 0 3.61113
      vertex 5.12489 0.504757 3.69783
    endloop
  endfacet
  facet normal 0.857005 0.0421016 -0.513585
    outer loop
      vertex 5.02989 0 3.51854
      vertex 5.00567 0.493014 3.51854
      vertex 5.06089 0.498454 3.61113
    endloop
  endfacet
  facet normal 0.856994 0.0421057 -0.513604
    outer loop
      vertex 5.08538 0 3.61113
      vertex 5.02989 0 3.51854
      vertex 5.06089 0.498454 3.61113
    endloop
  endfacet
  facet normal 0.903079 0.0443691 -0.427176
    outer loop
      vertex 4.98373 0 3.42095
      vertex 4.95973 0.488491 3.42095
      vertex 5.00567 0.493014 3.51854
    endloop
  endfacet
  facet normal 0.903087 0.0443654 -0.42716
    outer loop
      vertex 5.02989 0 3.51854
      vertex 4.98373 0 3.42095
      vertex 5.00567 0.493014 3.51854
    endloop
  endfacet
  facet normal 0.940545 0.0462004 -0.336512
    outer loop
      vertex 4.94736 0 3.31931
      vertex 4.92354 0.484926 3.31931
      vertex 4.95973 0.488491 3.42095
    endloop
  endfacet
  facet normal 0.940531 0.0462091 -0.336552
    outer loop
      vertex 4.98373 0 3.42095
      vertex 4.94736 0 3.31931
      vertex 4.95973 0.488491 3.42095
    endloop
  endfacet
  facet normal 0.968936 0.0476076 -0.242686
    outer loop
      vertex 4.92114 0 3.2146
      vertex 4.89744 0.482355 3.2146
      vertex 4.92354 0.484926 3.31931
    endloop
  endfacet
  facet normal 0.96895 0.0475957 -0.242631
    outer loop
      vertex 4.94736 0 3.31931
      vertex 4.92114 0 3.2146
      vertex 4.92354 0.484926 3.31931
    endloop
  endfacet
  facet normal 0.988015 0.0485374 -0.14653
    outer loop
      vertex 4.9053 0 3.10782
      vertex 4.88168 0.480803 3.10782
      vertex 4.89744 0.482355 3.2146
    endloop
  endfacet
  facet normal 0.988009 0.0485448 -0.146564
    outer loop
      vertex 4.9053 0 3.10782
      vertex 4.89744 0.482355 3.2146
      vertex 4.92114 0 3.2146
    endloop
  endfacet
  facet normal 0.997591 0.0490192 -0.0490885
    outer loop
      vertex 4.9 0 3
      vertex 4.8764 0.480284 3
      vertex 4.88168 0.480803 3.10782
    endloop
  endfacet
  facet normal 0.997594 0.0490079 -0.0490377
    outer loop
      vertex 4.9 0 3
      vertex 4.88168 0.480803 3.10782
      vertex 4.9053 0 3.10782
    endloop
  endfacet
  facet normal 0.997591 0.0490078 0.0490885
    outer loop
      vertex 4.88168 0.480803 2.89218
      vertex 4.8764 0.480284 3
      vertex 4.9053 0 2.89218
    endloop
  endfacet
  facet normal 0.997593 0.0490193 0.0490377
    outer loop
      vertex 4.9053 0 2.89218
      vertex 4.8764 0.480284 3
      vertex 4.9 0 3
    endloop
  endfacet
  facet normal 0.988014 0.048545 0.14653
    outer loop
      vertex 4.89744 0.482355 2.7854
      vertex 4.88168 0.480803 2.89218
      vertex 4.92114 0 2.7854
    endloop
  endfacet
  facet normal 0.98801 0.0485371 0.146564
    outer loop
      vertex 4.92114 0 2.7854
      vertex 4.88168 0.480803 2.89218
      vertex 4.9053 0 2.89218
    endloop
  endfacet
  facet normal 0.968937 0.047595 0.242686
    outer loop
      vertex 4.92354 0.484926 2.68069
      vertex 4.89744 0.482355 2.7854
      vertex 4.94736 0 2.68069
    endloop
  endfacet
  facet normal 0.96895 0.0476083 0.242631
    outer loop
      vertex 4.94736 0 2.68069
      vertex 4.89744 0.482355 2.7854
      vertex 4.92114 0 2.7854
    endloop
  endfacet
  facet normal 0.940545 0.0462098 0.336512
    outer loop
      vertex 4.95973 0.488491 2.57905
      vertex 4.92354 0.484926 2.68069
      vertex 4.98373 0 2.57905
    endloop
  endfacet
  facet normal 0.940531 0.0461997 0.336552
    outer loop
      vertex 4.98373 0 2.57905
      vertex 4.92354 0.484926 2.68069
      vertex 4.94736 0 2.68069
    endloop
  endfacet
  facet normal 0.903079 0.044365 0.427176
    outer loop
      vertex 5.00567 0.493014 2.48146
      vertex 4.95973 0.488491 2.57905
      vertex 5.02989 0 2.48146
    endloop
  endfacet
  facet normal 0.903087 0.0443695 0.427159
    outer loop
      vertex 5.02989 0 2.48146
      vertex 4.95973 0.488491 2.57905
      vertex 4.98373 0 2.57905
    endloop
  endfacet
  facet normal 0.857005 0.0421063 0.513585
    outer loop
      vertex 5.06089 0.498454 2.38887
      vertex 5.00567 0.493014 2.48146
      vertex 5.08538 0 2.38887
    endloop
  endfacet
  facet normal 0.856994 0.042101 0.513604
    outer loop
      vertex 5.08538 0 2.38887
      vertex 5.00567 0.493014 2.48146
      vertex 5.02989 0 2.48146
    endloop
  endfacet
  facet normal 0.802545 0.0394311 0.595287
    outer loop
      vertex 5.12489 0.504757 2.30217
      vertex 5.06089 0.498454 2.38887
      vertex 5.14969 0 2.30217
    endloop
  endfacet
  facet normal 0.802543 0.0394305 0.595289
    outer loop
      vertex 5.14969 0 2.30217
      vertex 5.06089 0.498454 2.38887
      vertex 5.08538 0 2.38887
    endloop
  endfacet
  facet normal 0.74046 0.0363675 0.671116
    outer loop
      vertex 5.19704 0.511863 2.22218
      vertex 5.12489 0.504757 2.30217
      vertex 5.22218 0 2.22218
    endloop
  endfacet
  facet normal 0.740501 0.0363827 0.67107
    outer loop
      vertex 5.22218 0 2.22218
      vertex 5.12489 0.504757 2.30217
      vertex 5.14969 0 2.30217
    endloop
  endfacet
  facet normal 0.671172 0.0329708 0.740568
    outer loop
      vertex 5.27664 0.519703 2.14969
      vertex 5.19704 0.511863 2.22218
      vertex 5.30217 0 2.14969
    endloop
  endfacet
  facet normal 0.67115 0.0329633 0.740589
    outer loop
      vertex 5.30217 0 2.14969
      vertex 5.19704 0.511863 2.22218
      vertex 5.22218 0 2.22218
    endloop
  endfacet
  facet normal 0.595509 0.0292568 0.802816
    outer loop
      vertex 5.36292 0.528201 2.08538
      vertex 5.27664 0.519703 2.14969
      vertex 5.38887 0 2.08538
    endloop
  endfacet
  facet normal 0.595498 0.0292533 0.802824
    outer loop
      vertex 5.38887 0 2.08538
      vertex 5.27664 0.519703 2.14969
      vertex 5.30217 0 2.14969
    endloop
  endfacet
  facet normal 0.513872 0.0252404 0.857495
    outer loop
      vertex 5.45507 0.537277 2.02989
      vertex 5.36292 0.528201 2.08538
      vertex 5.48146 0 2.02989
    endloop
  endfacet
  facet normal 0.513896 0.0252472 0.857481
    outer loop
      vertex 5.48146 0 2.02989
      vertex 5.36292 0.528201 2.08538
      vertex 5.38887 0 2.08538
    endloop
  endfacet
  facet normal 0.427522 0.021007 0.903761
    outer loop
      vertex 5.55218 0.546842 1.98373
      vertex 5.45507 0.537277 2.02989
      vertex 5.57905 0 1.98373
    endloop
  endfacet
  facet normal 0.427486 0.0209973 0.903778
    outer loop
      vertex 5.57905 0 1.98373
      vertex 5.45507 0.537277 2.02989
      vertex 5.48146 0 2.02989
    endloop
  endfacet
  facet normal 0.336867 0.0165528 0.941407
    outer loop
      vertex 5.65333 0.556805 1.94736
      vertex 5.55218 0.546842 1.98373
      vertex 5.68069 0 1.94736
    endloop
  endfacet
  facet normal 0.336865 0.0165524 0.941407
    outer loop
      vertex 5.68069 0 1.94736
      vertex 5.55218 0.546842 1.98373
      vertex 5.57905 0 1.98373
    endloop
  endfacet
  facet normal 0.24288 0.0119327 0.969983
    outer loop
      vertex 5.75754 0.567068 1.92114
      vertex 5.65333 0.556805 1.94736
      vertex 5.7854 0 1.92114
    endloop
  endfacet
  facet normal 0.242889 0.0119349 0.969981
    outer loop
      vertex 5.7854 0 1.92114
      vertex 5.65333 0.556805 1.94736
      vertex 5.68069 0 1.94736
    endloop
  endfacet
  facet normal 0.146727 0.00720762 0.989151
    outer loop
      vertex 5.86381 0.577535 1.9053
      vertex 5.75754 0.567068 1.92114
      vertex 5.89218 0 1.9053
    endloop
  endfacet
  facet normal 0.146733 0.00720897 0.98915
    outer loop
      vertex 5.89218 0 1.9053
      vertex 5.75754 0.567068 1.92114
      vertex 5.7854 0 1.92114
    endloop
  endfacet
  facet normal 0.049097 0.00241185 0.998791
    outer loop
      vertex 5.97111 0.588102 1.9
      vertex 5.86381 0.577535 1.9053
      vertex 6 0 1.9
    endloop
  endfacet
  facet normal 0.0490966 0.00241175 0.998791
    outer loop
      vertex 6 0 1.9
      vertex 5.86381 0.577535 1.9053
      vertex 5.89218 0 1.9053
    endloop
  endfacet
  facet normal 0.0490966 -0.00241175 -0.998791
    outer loop
      vertex 6 0 4.1
      vertex 5.86381 -0.577535 4.0947
      vertex 5.89218 0 4.0947
    endloop
  endfacet
  facet normal 0.049097 -0.00241185 -0.998791
    outer loop
      vertex 5.97111 -0.588102 4.1
      vertex 5.86381 -0.577535 4.0947
      vertex 6 0 4.1
    endloop
  endfacet
  facet normal 0.146733 -0.00720897 -0.98915
    outer loop
      vertex 5.89218 0 4.0947
      vertex 5.75754 -0.567068 4.07886
      vertex 5.7854 0 4.07886
    endloop
  endfacet
  facet normal 0.146727 -0.00720762 -0.989151
    outer loop
      vertex 5.86381 -0.577535 4.0947
      vertex 5.75754 -0.567068 4.07886
      vertex 5.89218 0 4.0947
    endloop
  endfacet
  facet normal 0.242976 -0.0119392 -0.969959
    outer loop
      vertex 5.7854 0 4.07886
      vertex 5.65333 -0.556805 4.05263
      vertex 5.68069 0 4.05263
    endloop
  endfacet
  facet normal 0.242967 -0.0119369 -0.969961
    outer loop
      vertex 5.75754 -0.567068 4.07886
      vertex 5.65333 -0.556805 4.05263
      vertex 5.7854 0 4.07886
    endloop
  endfacet
  facet normal 0.336783 -0.0165484 -0.941437
    outer loop
      vertex 5.68069 0 4.05263
      vertex 5.55218 -0.546842 4.01627
      vertex 5.57905 0 4.01627
    endloop
  endfacet
  facet normal 0.336784 -0.0165487 -0.941436
    outer loop
      vertex 5.65333 -0.556805 4.05263
      vertex 5.55218 -0.546842 4.01627
      vertex 5.68069 0 4.05263
    endloop
  endfacet
  facet normal 0.427486 -0.0209973 -0.903778
    outer loop
      vertex 5.57905 0 4.01627
      vertex 5.45507 -0.537277 3.97011
      vertex 5.48146 0 3.97011
    endloop
  endfacet
  facet normal 0.427522 -0.021007 -0.903761
    outer loop
      vertex 5.55218 -0.546842 4.01627
      vertex 5.45507 -0.537277 3.97011
      vertex 5.57905 0 4.01627
    endloop
  endfacet
  facet normal 0.513896 -0.0252472 -0.857481
    outer loop
      vertex 5.48146 0 3.97011
      vertex 5.36292 -0.528201 3.91462
      vertex 5.38887 0 3.91462
    endloop
  endfacet
  facet normal 0.513872 -0.0252404 -0.857495
    outer loop
      vertex 5.45507 -0.537277 3.97011
      vertex 5.36292 -0.528201 3.91462
      vertex 5.48146 0 3.97011
    endloop
  endfacet
  facet normal 0.595498 -0.0292533 -0.802824
    outer loop
      vertex 5.38887 0 3.91462
      vertex 5.27664 -0.519703 3.85031
      vertex 5.30217 0 3.85031
    endloop
  endfacet
  facet normal 0.595509 -0.0292568 -0.802816
    outer loop
      vertex 5.36292 -0.528201 3.91462
      vertex 5.27664 -0.519703 3.85031
      vertex 5.38887 0 3.91462
    endloop
  endfacet
  facet normal 0.67115 -0.0329633 -0.740589
    outer loop
      vertex 5.30217 0 3.85031
      vertex 5.19704 -0.511863 3.77782
      vertex 5.22218 0 3.77782
    endloop
  endfacet
  facet normal 0.671172 -0.0329708 -0.740568
    outer loop
      vertex 5.27664 -0.519703 3.85031
      vertex 5.19704 -0.511863 3.77782
      vertex 5.30217 0 3.85031
    endloop
  endfacet
  facet normal 0.740501 -0.0363827 -0.67107
    outer loop
      vertex 5.22218 0 3.77782
      vertex 5.12489 -0.504757 3.69783
      vertex 5.14969 0 3.69783
    endloop
  endfacet
  facet normal 0.74046 -0.0363675 -0.671116
    outer loop
      vertex 5.19704 -0.511863 3.77782
      vertex 5.12489 -0.504757 3.69783
      vertex 5.22218 0 3.77782
    endloop
  endfacet
  facet normal 0.802543 -0.0394305 -0.595289
    outer loop
      vertex 5.14969 0 3.69783
      vertex 5.06089 -0.498454 3.61113
      vertex 5.08538 0 3.61113
    endloop
  endfacet
  facet normal 0.802545 -0.0394311 -0.595287
    outer loop
      vertex 5.12489 -0.504757 3.69783
      vertex 5.06089 -0.498454 3.61113
      vertex 5.14969 0 3.69783
    endloop
  endfacet
  facet normal 0.856994 -0.042101 -0.513604
    outer loop
      vertex 5.08538 0 3.61113
      vertex 5.00567 -0.493014 3.51854
      vertex 5.02989 0 3.51854
    endloop
  endfacet
  facet normal 0.857005 -0.0421063 -0.513585
    outer loop
      vertex 5.06089 -0.498454 3.61113
      vertex 5.00567 -0.493014 3.51854
      vertex 5.08538 0 3.61113
    endloop
  endfacet
  facet normal 0.903087 -0.0443695 -0.427159
    outer loop
      vertex 5.02989 0 3.51854
      vertex 4.95973 -0.488491 3.42095
      vertex 4.98373 0 3.42095
    endloop
  endfacet
  facet normal 0.903079 -0.044365 -0.427176
    outer loop
      vertex 5.00567 -0.493014 3.51854
      vertex 4.95973 -0.488491 3.42095
      vertex 5.02989 0 3.51854
    endloop
  endfacet
  facet normal 0.940531 -0.0461997 -0.336552
    outer loop
      vertex 4.98373 0 3.42095
      vertex 4.92354 -0.484926 3.31931
      vertex 4.94736 0 3.31931
    endloop
  endfacet
  facet normal 0.940545 -0.0462098 -0.336512
    outer loop
      vertex 4.95973 -0.488491 3.42095
      vertex 4.92354 -0.484926 3.31931
      vertex 4.98373 0 3.42095
    endloop
  endfacet
  facet normal 0.96895 -0.0476083 -0.242631
    outer loop
      vertex 4.94736 0 3.31931
      vertex 4.89744 -0.482355 3.2146
      vertex 4.92114 0 3.2146
    endloop
  endfacet
  facet normal 0.968937 -0.047595 -0.242686
    outer loop
      vertex 4.92354 -0.484926 3.31931
      vertex 4.89744 -0.482355 3.2146
      vertex 4.94736 0 3.31931
    endloop
  endfacet
  facet normal 0.98801 -0.0485371 -0.146564
    outer loop
      vertex 4.92114 0 3.2146
      vertex 4.88168 -0.480803 3.10782
      vertex 4.9053 0 3.10782
    endloop
  endfacet
  facet normal 0.988014 -0.048545 -0.14653
    outer loop
      vertex 4.89744 -0.482355 3.2146
      vertex 4.88168 -0.480803 3.10782
      vertex 4.92114 0 3.2146
    endloop
  endfacet
  facet normal 0.997593 -0.0490193 -0.0490377
    outer loop
      vertex 4.9053 0 3.10782
      vertex 4.8764 -0.480284 3
      vertex 4.9 0 3
    endloop
  endfacet
  facet normal 0.997591 -0.0490078 -0.0490885
    outer loop
      vertex 4.88168 -0.480803 3.10782
      vertex 4.8764 -0.480284 3
      vertex 4.9053 0 3.10782
    endloop
  endfacet
  facet normal 0.997594 -0.0490079 0.0490377
    outer loop
      vertex 4.9 0 3
      vertex 4.88168 -0.480803 2.89218
      vertex 4.9053 0 2.89218
    endloop
  endfacet
  facet normal 0.997591 -0.0490192 0.0490885
    outer loop
      vertex 4.9 0 3
      vertex 4.8764 -0.480284 3
      vertex 4.88168 -0.480803 2.89218
    endloop
  endfacet
  facet normal 0.988009 -0.0485448 0.146564
    outer loop
      vertex 4.9053 0 2.89218
      vertex 4.89744 -0.482355 2.7854
      vertex 4.92114 0 2.7854
    endloop
  endfacet
  facet normal 0.988015 -0.0485374 0.14653
    outer loop
      vertex 4.9053 0 2.89218
      vertex 4.88168 -0.480803 2.89218
      vertex 4.89744 -0.482355 2.7854
    endloop
  endfacet
  facet normal 0.96895 -0.0475957 0.242631
    outer loop
      vertex 4.94736 0 2.68069
      vertex 4.92114 0 2.7854
      vertex 4.92354 -0.484926 2.68069
    endloop
  endfacet
  facet normal 0.968936 -0.0476076 0.242686
    outer loop
      vertex 4.92114 0 2.7854
      vertex 4.89744 -0.482355 2.7854
      vertex 4.92354 -0.484926 2.68069
    endloop
  endfacet
  facet normal 0.940531 -0.0462091 0.336552
    outer loop
      vertex 4.98373 0 2.57905
      vertex 4.94736 0 2.68069
      vertex 4.95973 -0.488491 2.57905
    endloop
  endfacet
  facet normal 0.940545 -0.0462004 0.336512
    outer loop
      vertex 4.94736 0 2.68069
      vertex 4.92354 -0.484926 2.68069
      vertex 4.95973 -0.488491 2.57905
    endloop
  endfacet
  facet normal 0.903087 -0.0443654 0.42716
    outer loop
      vertex 5.02989 0 2.48146
      vertex 4.98373 0 2.57905
      vertex 5.00567 -0.493014 2.48146
    endloop
  endfacet
  facet normal 0.903079 -0.0443691 0.427176
    outer loop
      vertex 4.98373 0 2.57905
      vertex 4.95973 -0.488491 2.57905
      vertex 5.00567 -0.493014 2.48146
    endloop
  endfacet
  facet normal 0.856994 -0.0421057 0.513604
    outer loop
      vertex 5.08538 0 2.38887
      vertex 5.02989 0 2.48146
      vertex 5.06089 -0.498454 2.38887
    endloop
  endfacet
  facet normal 0.857005 -0.0421016 0.513585
    outer loop
      vertex 5.02989 0 2.48146
      vertex 5.00567 -0.493014 2.48146
      vertex 5.06089 -0.498454 2.38887
    endloop
  endfacet
  facet normal 0.802543 -0.039431 0.595289
    outer loop
      vertex 5.14969 0 2.30217
      vertex 5.08538 0 2.38887
      vertex 5.12489 -0.504757 2.30217
    endloop
  endfacet
  facet normal 0.802545 -0.0394306 0.595287
    outer loop
      vertex 5.08538 0 2.38887
      vertex 5.06089 -0.498454 2.38887
      vertex 5.12489 -0.504757 2.30217
    endloop
  endfacet
  facet normal 0.740501 -0.0363695 0.67107
    outer loop
      vertex 5.22218 0 2.22218
      vertex 5.14969 0 2.30217
      vertex 5.19704 -0.511863 2.22218
    endloop
  endfacet
  facet normal 0.740459 -0.0363806 0.671117
    outer loop
      vertex 5.14969 0 2.30217
      vertex 5.12489 -0.504757 2.30217
      vertex 5.19704 -0.511863 2.22218
    endloop
  endfacet
  facet normal 0.67115 -0.0329697 0.740588
    outer loop
      vertex 5.30217 0 2.14969
      vertex 5.22218 0 2.22218
      vertex 5.27664 -0.519703 2.14969
    endloop
  endfacet
  facet normal 0.671172 -0.0329644 0.740568
    outer loop
      vertex 5.22218 0 2.22218
      vertex 5.19704 -0.511863 2.22218
      vertex 5.27664 -0.519703 2.14969
    endloop
  endfacet
  facet normal 0.595497 -0.0292562 0.802824
    outer loop
      vertex 5.38887 0 2.08538
      vertex 5.30217 0 2.14969
      vertex 5.36292 -0.528201 2.08538
    endloop
  endfacet
  facet normal 0.595509 -0.0292539 0.802816
    outer loop
      vertex 5.30217 0 2.14969
      vertex 5.27664 -0.519703 2.14969
      vertex 5.36292 -0.528201 2.08538
    endloop
  endfacet
  facet normal 0.513896 -0.0252416 0.857481
    outer loop
      vertex 5.48146 0 2.02989
      vertex 5.38887 0 2.08538
      vertex 5.45507 -0.537277 2.02989
    endloop
  endfacet
  facet normal 0.513872 -0.025246 0.857495
    outer loop
      vertex 5.38887 0 2.08538
      vertex 5.36292 -0.528201 2.08538
      vertex 5.45507 -0.537277 2.02989
    endloop
  endfacet
  facet normal 0.427486 -0.0210053 0.903778
    outer loop
      vertex 5.57905 0 1.98373
      vertex 5.48146 0 2.02989
      vertex 5.55218 -0.546842 1.98373
    endloop
  endfacet
  facet normal 0.427523 -0.0209991 0.903761
    outer loop
      vertex 5.48146 0 2.02989
      vertex 5.45507 -0.537277 2.02989
      vertex 5.55218 -0.546842 1.98373
    endloop
  endfacet
  facet normal 0.336865 -0.0165527 0.941407
    outer loop
      vertex 5.68069 0 1.94736
      vertex 5.57905 0 1.98373
      vertex 5.65333 -0.556805 1.94736
    endloop
  endfacet
  facet normal 0.336867 -0.0165525 0.941407
    outer loop
      vertex 5.57905 0 1.98373
      vertex 5.55218 -0.546842 1.98373
      vertex 5.65333 -0.556805 1.94736
    endloop
  endfacet
  facet normal 0.242889 -0.0119331 0.969981
    outer loop
      vertex 5.7854 0 1.92114
      vertex 5.68069 0 1.94736
      vertex 5.75754 -0.567068 1.92114
    endloop
  endfacet
  facet normal 0.242879 -0.0119345 0.969983
    outer loop
      vertex 5.68069 0 1.94736
      vertex 5.65333 -0.556805 1.94736
      vertex 5.75754 -0.567068 1.92114
    endloop
  endfacet
  facet normal 0.146733 -0.00720789 0.98915
    outer loop
      vertex 5.89218 0 1.9053
      vertex 5.7854 0 1.92114
      vertex 5.86381 -0.577535 1.9053
    endloop
  endfacet
  facet normal 0.146727 -0.00720869 0.989151
    outer loop
      vertex 5.7854 0 1.92114
      vertex 5.75754 -0.567068 1.92114
      vertex 5.86381 -0.577535 1.9053
    endloop
  endfacet
  facet normal 0.0490966 -0.00241183 0.998791
    outer loop
      vertex 6 0 1.9
      vertex 5.89218 0 1.9053
      vertex 5.97111 -0.588102 1.9
    endloop
  endfacet
  facet normal 0.049097 -0.00241177 0.998791
    outer loop
      vertex 5.89218 0 1.9053
      vertex 5.86381 -0.577535 1.9053
      vertex 5.97111 -0.588102 1.9
    endloop
  endfacet
  facet normal 0.0486241 -0.00721318 -0.998791
    outer loop
      vertex 5.97111 -0.588102 4.1
      vertex 5.77896 -1.14951 4.0947
      vertex 5.86381 -0.577535 4.0947
    endloop
  endfacet
  facet normal 0.0486232 -0.00721287 -0.998791
    outer loop
      vertex 5.88471 -1.17054 4.1
      vertex 5.77896 -1.14951 4.0947
      vertex 5.97111 -0.588102 4.1
    endloop
  endfacet
  facet normal 0.145314 -0.0215535 -0.989151
    outer loop
      vertex 5.86381 -0.577535 4.0947
      vertex 5.67424 -1.12868 4.07886
      vertex 5.75754 -0.567068 4.07886
    endloop
  endfacet
  facet normal 0.145331 -0.0215592 -0.989148
    outer loop
      vertex 5.77896 -1.14951 4.0947
      vertex 5.67424 -1.12868 4.07886
      vertex 5.86381 -0.577535 4.0947
    endloop
  endfacet
  facet normal 0.240627 -0.035694 -0.969961
    outer loop
      vertex 5.75754 -0.567068 4.07886
      vertex 5.57153 -1.10825 4.05263
      vertex 5.65333 -0.556805 4.05263
    endloop
  endfacet
  facet normal 0.24061 -0.0356881 -0.969965
    outer loop
      vertex 5.67424 -1.12868 4.07886
      vertex 5.57153 -1.10825 4.05263
      vertex 5.75754 -0.567068 4.07886
    endloop
  endfacet
  facet normal 0.333542 -0.0494728 -0.941436
    outer loop
      vertex 5.65333 -0.556805 4.05263
      vertex 5.47185 -1.08842 4.01627
      vertex 5.55218 -0.546842 4.01627
    endloop
  endfacet
  facet normal 0.333559 -0.0494794 -0.94143
    outer loop
      vertex 5.57153 -1.10825 4.05263
      vertex 5.47185 -1.08842 4.01627
      vertex 5.65333 -0.556805 4.05263
    endloop
  endfacet
  facet normal 0.423405 -0.0628062 -0.903761
    outer loop
      vertex 5.55218 -0.546842 4.01627
      vertex 5.37614 -1.06938 3.97011
      vertex 5.45507 -0.537277 3.97011
    endloop
  endfacet
  facet normal 0.423387 -0.0627992 -0.90377
    outer loop
      vertex 5.47185 -1.08842 4.01627
      vertex 5.37614 -1.06938 3.97011
      vertex 5.55218 -0.546842 4.01627
    endloop
  endfacet
  facet normal 0.508924 -0.0754845 -0.857496
    outer loop
      vertex 5.45507 -0.537277 3.97011
      vertex 5.28533 -1.05132 3.91462
      vertex 5.36292 -0.528201 3.91462
    endloop
  endfacet
  facet normal 0.508952 -0.0754959 -0.857478
    outer loop
      vertex 5.37614 -1.06938 3.97011
      vertex 5.28533 -1.05132 3.91462
      vertex 5.45507 -0.537277 3.97011
    endloop
  endfacet
  facet normal 0.589773 -0.0874868 -0.802816
    outer loop
      vertex 5.36292 -0.528201 3.91462
      vertex 5.20029 -1.0344 3.85031
      vertex 5.27664 -0.519703 3.85031
    endloop
  endfacet
  facet normal 0.589735 -0.0874706 -0.802846
    outer loop
      vertex 5.28533 -1.05132 3.91462
      vertex 5.20029 -1.0344 3.85031
      vertex 5.36292 -0.528201 3.91462
    endloop
  endfacet
  facet normal 0.664708 -0.098604 -0.740568
    outer loop
      vertex 5.27664 -0.519703 3.85031
      vertex 5.12184 -1.0188 3.77782
      vertex 5.19704 -0.511863 3.77782
    endloop
  endfacet
  facet normal 0.664703 -0.0986018 -0.740573
    outer loop
      vertex 5.20029 -1.0344 3.85031
      vertex 5.12184 -1.0188 3.77782
      vertex 5.27664 -0.519703 3.85031
    endloop
  endfacet
  facet normal 0.733328 -0.108776 -0.671116
    outer loop
      vertex 5.19704 -0.511863 3.77782
      vertex 5.05074 -1.00465 3.69783
      vertex 5.12489 -0.504757 3.69783
    endloop
  endfacet
  facet normal 0.73335 -0.108787 -0.671091
    outer loop
      vertex 5.12184 -1.0188 3.77782
      vertex 5.05074 -1.00465 3.69783
      vertex 5.19704 -0.511863 3.77782
    endloop
  endfacet
  facet normal 0.794818 -0.117889 -0.595287
    outer loop
      vertex 5.12489 -0.504757 3.69783
      vertex 4.98767 -0.992108 3.61113
      vertex 5.06089 -0.498454 3.61113
    endloop
  endfacet
  facet normal 0.794837 -0.1179 -0.59526
    outer loop
      vertex 5.05074 -1.00465 3.69783
      vertex 4.98767 -0.992108 3.61113
      vertex 5.12489 -0.504757 3.69783
    endloop
  endfacet
  facet normal 0.848751 -0.125904 -0.513586
    outer loop
      vertex 5.06089 -0.498454 3.61113
      vertex 4.93324 -0.981281 3.51854
      vertex 5.00567 -0.493014 3.51854
    endloop
  endfacet
  facet normal 0.848717 -0.125884 -0.513647
    outer loop
      vertex 4.98767 -0.992108 3.61113
      vertex 4.93324 -0.981281 3.51854
      vertex 5.06089 -0.498454 3.61113
    endloop
  endfacet
  facet normal 0.894383 -0.132664 -0.427175
    outer loop
      vertex 5.00567 -0.493014 3.51854
      vertex 4.88797 -0.972278 3.42095
      vertex 4.95973 -0.488491 3.42095
    endloop
  endfacet
  facet normal 0.894401 -0.132676 -0.427134
    outer loop
      vertex 4.93324 -0.981281 3.51854
      vertex 4.88797 -0.972278 3.42095
      vertex 5.00567 -0.493014 3.51854
    endloop
  endfacet
  facet normal 0.931487 -0.138174 -0.336512
    outer loop
      vertex 4.95973 -0.488491 3.42095
      vertex 4.8523 -0.965182 3.31931
      vertex 4.92354 -0.484926 3.31931
    endloop
  endfacet
  facet normal 0.931477 -0.138166 -0.336543
    outer loop
      vertex 4.88797 -0.972278 3.42095
      vertex 4.8523 -0.965182 3.31931
      vertex 4.95973 -0.488491 3.42095
    endloop
  endfacet
  facet normal 0.959605 -0.142341 -0.242686
    outer loop
      vertex 4.92354 -0.484926 3.31931
      vertex 4.82658 -0.960066 3.2146
      vertex 4.89744 -0.482355 3.2146
    endloop
  endfacet
  facet normal 0.95961 -0.142346 -0.242665
    outer loop
      vertex 4.8523 -0.965182 3.31931
      vertex 4.82658 -0.960066 3.2146
      vertex 4.92354 -0.484926 3.31931
    endloop
  endfacet
  facet normal 0.978498 -0.14516 -0.146529
    outer loop
      vertex 4.89744 -0.482355 3.2146
      vertex 4.81104 -0.956975 3.10782
      vertex 4.88168 -0.480803 3.10782
    endloop
  endfacet
  facet normal 0.978489 -0.145142 -0.146604
    outer loop
      vertex 4.82658 -0.960066 3.2146
      vertex 4.81104 -0.956975 3.10782
      vertex 4.89744 -0.482355 3.2146
    endloop
  endfacet
  facet normal 0.987986 -0.146539 -0.0490876
    outer loop
      vertex 4.88168 -0.480803 3.10782
      vertex 4.80585 -0.955942 3
      vertex 4.8764 -0.480284 3
    endloop
  endfacet
  facet normal 0.987988 -0.146568 -0.0489618
    outer loop
      vertex 4.81104 -0.956975 3.10782
      vertex 4.80585 -0.955942 3
      vertex 4.88168 -0.480803 3.10782
    endloop
  endfacet
  facet normal 0.987982 -0.146567 0.0490875
    outer loop
      vertex 4.8764 -0.480284 3
      vertex 4.81104 -0.956975 2.89218
      vertex 4.88168 -0.480803 2.89218
    endloop
  endfacet
  facet normal 0.987992 -0.14654 0.0489617
    outer loop
      vertex 4.8764 -0.480284 3
      vertex 4.80585 -0.955942 3
      vertex 4.81104 -0.956975 2.89218
    endloop
  endfacet
  facet normal 0.9785 -0.145143 0.14653
    outer loop
      vertex 4.88168 -0.480803 2.89218
      vertex 4.82658 -0.960066 2.7854
      vertex 4.89744 -0.482355 2.7854
    endloop
  endfacet
  facet normal 0.978487 -0.145158 0.146604
    outer loop
      vertex 4.88168 -0.480803 2.89218
      vertex 4.81104 -0.956975 2.89218
      vertex 4.82658 -0.960066 2.7854
    endloop
  endfacet
  facet normal 0.959605 -0.142345 0.242686
    outer loop
      vertex 4.89744 -0.482355 2.7854
      vertex 4.8523 -0.965182 2.68069
      vertex 4.92354 -0.484926 2.68069
    endloop
  endfacet
  facet normal 0.959611 -0.142341 0.242665
    outer loop
      vertex 4.89744 -0.482355 2.7854
      vertex 4.82658 -0.960066 2.7854
      vertex 4.8523 -0.965182 2.68069
    endloop
  endfacet
  facet normal 0.931488 -0.138167 0.336512
    outer loop
      vertex 4.92354 -0.484926 2.68069
      vertex 4.88797 -0.972278 2.57905
      vertex 4.95973 -0.488491 2.57905
    endloop
  endfacet
  facet normal 0.931476 -0.138173 0.336543
    outer loop
      vertex 4.92354 -0.484926 2.68069
      vertex 4.8523 -0.965182 2.68069
      vertex 4.88797 -0.972278 2.57905
    endloop
  endfacet
  facet normal 0.894382 -0.132674 0.427175
    outer loop
      vertex 4.95973 -0.488491 2.57905
      vertex 4.93324 -0.981281 2.48146
      vertex 5.00567 -0.493014 2.48146
    endloop
  endfacet
  facet normal 0.894403 -0.132667 0.427134
    outer loop
      vertex 4.95973 -0.488491 2.57905
      vertex 4.88797 -0.972278 2.57905
      vertex 4.93324 -0.981281 2.48146
    endloop
  endfacet
  facet normal 0.848753 -0.125889 0.513586
    outer loop
      vertex 5.00567 -0.493014 2.48146
      vertex 4.98767 -0.992108 2.38887
      vertex 5.06089 -0.498454 2.38887
    endloop
  endfacet
  facet normal 0.848714 -0.125899 0.513647
    outer loop
      vertex 5.00567 -0.493014 2.48146
      vertex 4.93324 -0.981281 2.48146
      vertex 4.98767 -0.992108 2.38887
    endloop
  endfacet
  facet normal 0.794817 -0.117897 0.595287
    outer loop
      vertex 5.06089 -0.498454 2.38887
      vertex 5.05074 -1.00465 2.30217
      vertex 5.12489 -0.504757 2.30217
    endloop
  endfacet
  facet normal 0.794838 -0.117892 0.59526
    outer loop
      vertex 5.06089 -0.498454 2.38887
      vertex 4.98767 -0.992108 2.38887
      vertex 5.05074 -1.00465 2.30217
    endloop
  endfacet
  facet normal 0.733327 -0.108783 0.671116
    outer loop
      vertex 5.12489 -0.504757 2.30217
      vertex 5.12184 -1.0188 2.22218
      vertex 5.19704 -0.511863 2.22218
    endloop
  endfacet
  facet normal 0.733352 -0.108779 0.67109
    outer loop
      vertex 5.12489 -0.504757 2.30217
      vertex 5.05074 -1.00465 2.30217
      vertex 5.12184 -1.0188 2.22218
    endloop
  endfacet
  facet normal 0.664708 -0.0986026 0.740568
    outer loop
      vertex 5.27664 -0.519703 2.14969
      vertex 5.19704 -0.511863 2.22218
      vertex 5.20029 -1.0344 2.14969
    endloop
  endfacet
  facet normal 0.664702 -0.0986032 0.740573
    outer loop
      vertex 5.19704 -0.511863 2.22218
      vertex 5.12184 -1.0188 2.22218
      vertex 5.20029 -1.0344 2.14969
    endloop
  endfacet
  facet normal 0.589774 -0.0874765 0.802816
    outer loop
      vertex 5.36292 -0.528201 2.08538
      vertex 5.27664 -0.519703 2.14969
      vertex 5.28533 -1.05132 2.08538
    endloop
  endfacet
  facet normal 0.589733 -0.0874808 0.802846
    outer loop
      vertex 5.27664 -0.519703 2.14969
      vertex 5.20029 -1.0344 2.14969
      vertex 5.28533 -1.05132 2.08538
    endloop
  endfacet
  facet normal 0.508923 -0.0754916 0.857495
    outer loop
      vertex 5.45507 -0.537277 2.02989
      vertex 5.36292 -0.528201 2.08538
      vertex 5.37614 -1.06938 2.02989
    endloop
  endfacet
  facet normal 0.508954 -0.075489 0.857477
    outer loop
      vertex 5.36292 -0.528201 2.08538
      vertex 5.28533 -1.05132 2.08538
      vertex 5.37614 -1.06938 2.02989
    endloop
  endfacet
  facet normal 0.423405 -0.062802 0.903761
    outer loop
      vertex 5.55218 -0.546842 1.98373
      vertex 5.45507 -0.537277 2.02989
      vertex 5.47185 -1.08842 1.98373
    endloop
  endfacet
  facet normal 0.423386 -0.0628033 0.90377
    outer loop
      vertex 5.45507 -0.537277 2.02989
      vertex 5.37614 -1.06938 2.02989
      vertex 5.47185 -1.08842 1.98373
    endloop
  endfacet
  facet normal 0.333622 -0.0494887 0.941407
    outer loop
      vertex 5.65333 -0.556805 1.94736
      vertex 5.55218 -0.546842 1.98373
      vertex 5.57153 -1.10825 1.94736
    endloop
  endfacet
  facet normal 0.333642 -0.0494876 0.9414
    outer loop
      vertex 5.55218 -0.546842 1.98373
      vertex 5.47185 -1.08842 1.98373
      vertex 5.57153 -1.10825 1.94736
    endloop
  endfacet
  facet normal 0.240541 -0.0356778 0.969983
    outer loop
      vertex 5.75754 -0.567068 1.92114
      vertex 5.65333 -0.556805 1.94736
      vertex 5.67424 -1.12868 1.92114
    endloop
  endfacet
  facet normal 0.240523 -0.0356786 0.969987
    outer loop
      vertex 5.65333 -0.556805 1.94736
      vertex 5.57153 -1.10825 1.94736
      vertex 5.67424 -1.12868 1.92114
    endloop
  endfacet
  facet normal 0.145314 -0.0215567 0.989151
    outer loop
      vertex 5.86381 -0.577535 1.9053
      vertex 5.75754 -0.567068 1.92114
      vertex 5.77896 -1.14951 1.9053
    endloop
  endfacet
  facet normal 0.145331 -0.021556 0.989148
    outer loop
      vertex 5.75754 -0.567068 1.92114
      vertex 5.67424 -1.12868 1.92114
      vertex 5.77896 -1.14951 1.9053
    endloop
  endfacet
  facet normal 0.0486242 -0.007213 0.998791
    outer loop
      vertex 5.97111 -0.588102 1.9
      vertex 5.86381 -0.577535 1.9053
      vertex 5.88471 -1.17054 1.9
    endloop
  endfacet
  facet normal 0.0486232 -0.00721304 0.998791
    outer loop
      vertex 5.86381 -0.577535 1.9053
      vertex 5.77896 -1.14951 1.9053
      vertex 5.88471 -1.17054 1.9
    endloop
  endfacet
  facet normal 0.0476824 -0.011944 -0.998791
    outer loop
      vertex 5.88471 -1.17054 4.1
      vertex 5.63846 -1.71041 4.0947
      vertex 5.77896 -1.14951 4.0947
    endloop
  endfacet
  facet normal 0.0476813 -0.0119435 -0.998791
    outer loop
      vertex 5.74164 -1.74171 4.1
      vertex 5.63846 -1.71041 4.0947
      vertex 5.88471 -1.17054 4.1
    endloop
  endfacet
  facet normal 0.142518 -0.0357012 -0.989148
    outer loop
      vertex 5.77896 -1.14951 4.0947
      vertex 5.53628 -1.67941 4.07886
      vertex 5.67424 -1.12868 4.07886
    endloop
  endfacet
  facet normal 0.142509 -0.035697 -0.98915
    outer loop
      vertex 5.63846 -1.71041 4.0947
      vertex 5.53628 -1.67941 4.07886
      vertex 5.77896 -1.14951 4.0947
    endloop
  endfacet
  facet normal 0.235953 -0.0591007 -0.969966
    outer loop
      vertex 5.67424 -1.12868 4.07886
      vertex 5.43608 -1.64902 4.05263
      vertex 5.57153 -1.10825 4.05263
    endloop
  endfacet
  facet normal 0.235983 -0.0591146 -0.969957
    outer loop
      vertex 5.53628 -1.67941 4.07886
      vertex 5.43608 -1.64902 4.05263
      vertex 5.67424 -1.12868 4.07886
    endloop
  endfacet
  facet normal 0.327103 -0.0819344 -0.94143
    outer loop
      vertex 5.57153 -1.10825 4.05263
      vertex 5.33882 -1.61951 4.01627
      vertex 5.47185 -1.08842 4.01627
    endloop
  endfacet
  facet normal 0.327091 -0.0819285 -0.941435
    outer loop
      vertex 5.43608 -1.64902 4.05263
      vertex 5.33882 -1.61951 4.01627
      vertex 5.57153 -1.10825 4.05263
    endloop
  endfacet
  facet normal 0.41519 -0.104004 -0.90377
    outer loop
      vertex 5.47185 -1.08842 4.01627
      vertex 5.24543 -1.59118 3.97011
      vertex 5.37614 -1.06938 3.97011
    endloop
  endfacet
  facet normal 0.415167 -0.103993 -0.903782
    outer loop
      vertex 5.33882 -1.61951 4.01627
      vertex 5.24543 -1.59118 3.97011
      vertex 5.47185 -1.08842 4.01627
    endloop
  endfacet
  facet normal 0.499103 -0.125021 -0.857477
    outer loop
      vertex 5.37614 -1.06938 3.97011
      vertex 5.15683 -1.56431 3.91462
      vertex 5.28533 -1.05132 3.91462
    endloop
  endfacet
  facet normal 0.499114 -0.125027 -0.857469
    outer loop
      vertex 5.24543 -1.59118 3.97011
      vertex 5.15683 -1.56431 3.91462
      vertex 5.37614 -1.06938 3.97011
    endloop
  endfacet
  facet normal 0.578317 -0.14486 -0.802848
    outer loop
      vertex 5.28533 -1.05132 3.91462
      vertex 5.07386 -1.53914 3.85031
      vertex 5.20029 -1.0344 3.85031
    endloop
  endfacet
  facet normal 0.578331 -0.144867 -0.802837
    outer loop
      vertex 5.15683 -1.56431 3.91462
      vertex 5.07386 -1.53914 3.85031
      vertex 5.28533 -1.05132 3.91462
    endloop
  endfacet
  facet normal 0.651841 -0.163275 -0.740571
    outer loop
      vertex 5.20029 -1.0344 3.85031
      vertex 4.99732 -1.51592 3.77782
      vertex 5.12184 -1.0188 3.77782
    endloop
  endfacet
  facet normal 0.651846 -0.163278 -0.740566
    outer loop
      vertex 5.07386 -1.53914 3.85031
      vertex 4.99732 -1.51592 3.77782
      vertex 5.20029 -1.0344 3.85031
    endloop
  endfacet
  facet normal 0.719152 -0.180147 -0.671094
    outer loop
      vertex 5.12184 -1.0188 3.77782
      vertex 4.92794 -1.49487 3.69783
      vertex 5.05074 -1.00465 3.69783
    endloop
  endfacet
  facet normal 0.719119 -0.180127 -0.671135
    outer loop
      vertex 4.99732 -1.51592 3.77782
      vertex 4.92794 -1.49487 3.69783
      vertex 5.12184 -1.0188 3.77782
    endloop
  endfacet
  facet normal 0.779454 -0.195241 -0.595258
    outer loop
      vertex 5.05074 -1.00465 3.69783
      vertex 4.86641 -1.47621 3.61113
      vertex 4.98767 -0.992108 3.61113
    endloop
  endfacet
  facet normal 0.779482 -0.19526 -0.595215
    outer loop
      vertex 4.92794 -1.49487 3.69783
      vertex 4.86641 -1.47621 3.61113
      vertex 5.05074 -1.00465 3.69783
    endloop
  endfacet
  facet normal 0.832287 -0.208481 -0.513647
    outer loop
      vertex 4.98767 -0.992108 3.61113
      vertex 4.8133 -1.4601 3.51854
      vertex 4.93324 -0.981281 3.51854
    endloop
  endfacet
  facet normal 0.832276 -0.208472 -0.513669
    outer loop
      vertex 4.86641 -1.47621 3.61113
      vertex 4.8133 -1.4601 3.51854
      vertex 4.98767 -0.992108 3.61113
    endloop
  endfacet
  facet normal 0.87709 -0.219706 -0.427133
    outer loop
      vertex 4.93324 -0.981281 3.51854
      vertex 4.76913 -1.4467 3.42095
      vertex 4.88797 -0.972278 3.42095
    endloop
  endfacet
  facet normal 0.877086 -0.219702 -0.427143
    outer loop
      vertex 4.8133 -1.4601 3.51854
      vertex 4.76913 -1.4467 3.42095
      vertex 4.93324 -0.981281 3.51854
    endloop
  endfacet
  facet normal 0.913447 -0.228809 -0.336543
    outer loop
      vertex 4.88797 -0.972278 3.42095
      vertex 4.73433 -1.43614 3.31931
      vertex 4.8523 -0.965182 3.31931
    endloop
  endfacet
  facet normal 0.913452 -0.228815 -0.336525
    outer loop
      vertex 4.76913 -1.4467 3.42095
      vertex 4.73433 -1.43614 3.31931
      vertex 4.88797 -0.972278 3.42095
    endloop
  endfacet
  facet normal 0.941035 -0.235729 -0.242664
    outer loop
      vertex 4.8523 -0.965182 3.31931
      vertex 4.70923 -1.42853 3.2146
      vertex 4.82658 -0.960066 3.2146
    endloop
  endfacet
  facet normal 0.941027 -0.235717 -0.242704
    outer loop
      vertex 4.73433 -1.43614 3.31931
      vertex 4.70923 -1.42853 3.2146
      vertex 4.8523 -0.965182 3.31931
    endloop
  endfacet
  facet normal 0.959553 -0.240343 -0.146604
    outer loop
      vertex 4.82658 -0.960066 3.2146
      vertex 4.69408 -1.42393 3.10782
      vertex 4.81104 -0.956975 3.10782
    endloop
  endfacet
  facet normal 0.959563 -0.24037 -0.146498
    outer loop
      vertex 4.70923 -1.42853 3.2146
      vertex 4.69408 -1.42393 3.10782
      vertex 4.82658 -0.960066 3.2146
    endloop
  endfacet
  facet normal 0.968867 -0.24269 -0.0489624
    outer loop
      vertex 4.81104 -0.956975 3.10782
      vertex 4.68901 -1.42239 3
      vertex 4.80585 -0.955942 3
    endloop
  endfacet
  facet normal 0.968868 -0.242676 -0.0490251
    outer loop
      vertex 4.69408 -1.42393 3.10782
      vertex 4.68901 -1.42239 3
      vertex 4.81104 -0.956975 3.10782
    endloop
  endfacet
  facet normal 0.968871 -0.242677 0.0489624
    outer loop
      vertex 4.80585 -0.955942 3
      vertex 4.69408 -1.42393 2.89218
      vertex 4.81104 -0.956975 2.89218
    endloop
  endfacet
  facet normal 0.968864 -0.24269 0.0490251
    outer loop
      vertex 4.80585 -0.955942 3
      vertex 4.68901 -1.42239 3
      vertex 4.69408 -1.42393 2.89218
    endloop
  endfacet
  facet normal 0.959548 -0.240366 0.146604
    outer loop
      vertex 4.81104 -0.956975 2.89218
      vertex 4.70923 -1.42853 2.7854
      vertex 4.82658 -0.960066 2.7854
    endloop
  endfacet
  facet normal 0.959569 -0.240347 0.146498
    outer loop
      vertex 4.81104 -0.956975 2.89218
      vertex 4.69408 -1.42393 2.89218
      vertex 4.70923 -1.42853 2.7854
    endloop
  endfacet
  facet normal 0.941037 -0.23572 0.242665
    outer loop
      vertex 4.82658 -0.960066 2.7854
      vertex 4.73433 -1.43614 2.68069
      vertex 4.8523 -0.965182 2.68069
    endloop
  endfacet
  facet normal 0.941025 -0.235726 0.242705
    outer loop
      vertex 4.82658 -0.960066 2.7854
      vertex 4.70923 -1.42853 2.7854
      vertex 4.73433 -1.43614 2.68069
    endloop
  endfacet
  facet normal 0.913446 -0.228813 0.336543
    outer loop
      vertex 4.8523 -0.965182 2.68069
      vertex 4.76913 -1.4467 2.57905
      vertex 4.88797 -0.972278 2.57905
    endloop
  endfacet
  facet normal 0.913453 -0.22881 0.336525
    outer loop
      vertex 4.8523 -0.965182 2.68069
      vertex 4.73433 -1.43614 2.68069
      vertex 4.76913 -1.4467 2.57905
    endloop
  endfacet
  facet normal 0.877091 -0.219704 0.427133
    outer loop
      vertex 4.88797 -0.972278 2.57905
      vertex 4.8133 -1.4601 2.48146
      vertex 4.93324 -0.981281 2.48146
    endloop
  endfacet
  facet normal 0.877085 -0.219705 0.427143
    outer loop
      vertex 4.88797 -0.972278 2.57905
      vertex 4.76913 -1.4467 2.57905
      vertex 4.8133 -1.4601 2.48146
    endloop
  endfacet
  facet normal 0.832289 -0.208475 0.513648
    outer loop
      vertex 4.93324 -0.981281 2.48146
      vertex 4.86641 -1.47621 2.38887
      vertex 4.98767 -0.992108 2.38887
    endloop
  endfacet
  facet normal 0.832274 -0.208478 0.51367
    outer loop
      vertex 4.93324 -0.981281 2.48146
      vertex 4.8133 -1.4601 2.48146
      vertex 4.86641 -1.47621 2.38887
    endloop
  endfacet
  facet normal 0.779451 -0.195252 0.595258
    outer loop
      vertex 4.98767 -0.992108 2.38887
      vertex 4.92794 -1.49487 2.30217
      vertex 5.05074 -1.00465 2.30217
    endloop
  endfacet
  facet normal 0.779486 -0.195249 0.595214
    outer loop
      vertex 4.98767 -0.992108 2.38887
      vertex 4.86641 -1.47621 2.38887
      vertex 4.92794 -1.49487 2.30217
    endloop
  endfacet
  facet normal 0.719155 -0.180136 0.671094
    outer loop
      vertex 5.05074 -1.00465 2.30217
      vertex 4.99732 -1.51592 2.22218
      vertex 5.12184 -1.0188 2.22218
    endloop
  endfacet
  facet normal 0.719115 -0.180138 0.671136
    outer loop
      vertex 5.05074 -1.00465 2.30217
      vertex 4.92794 -1.49487 2.30217
      vertex 4.99732 -1.51592 2.22218
    endloop
  endfacet
  facet normal 0.65184 -0.163276 0.740571
    outer loop
      vertex 5.12184 -1.0188 2.22218
      vertex 5.07386 -1.53914 2.14969
      vertex 5.20029 -1.0344 2.14969
    endloop
  endfacet
  facet normal 0.651846 -0.163276 0.740565
    outer loop
      vertex 5.12184 -1.0188 2.22218
      vertex 4.99732 -1.51592 2.22218
      vertex 5.07386 -1.53914 2.14969
    endloop
  endfacet
  facet normal 0.578317 -0.144864 0.802848
    outer loop
      vertex 5.20029 -1.0344 2.14969
      vertex 5.15683 -1.56431 2.08538
      vertex 5.28533 -1.05132 2.08538
    endloop
  endfacet
  facet normal 0.578332 -0.144864 0.802837
    outer loop
      vertex 5.20029 -1.0344 2.14969
      vertex 5.07386 -1.53914 2.14969
      vertex 5.15683 -1.56431 2.08538
    endloop
  endfacet
  facet normal 0.499102 -0.125024 0.857477
    outer loop
      vertex 5.28533 -1.05132 2.08538
      vertex 5.24543 -1.59118 2.02989
      vertex 5.37614 -1.06938 2.02989
    endloop
  endfacet
  facet normal 0.499115 -0.125024 0.857469
    outer loop
      vertex 5.28533 -1.05132 2.08538
      vertex 5.15683 -1.56431 2.08538
      vertex 5.24543 -1.59118 2.02989
    endloop
  endfacet
  facet normal 0.415191 -0.103999 0.90377
    outer loop
      vertex 5.37614 -1.06938 2.02989
      vertex 5.33882 -1.61951 1.98373
      vertex 5.47185 -1.08842 1.98373
    endloop
  endfacet
  facet normal 0.415166 -0.103998 0.903782
    outer loop
      vertex 5.37614 -1.06938 2.02989
      vertex 5.24543 -1.59118 2.02989
      vertex 5.33882 -1.61951 1.98373
    endloop
  endfacet
  facet normal 0.327183 -0.0819516 0.941401
    outer loop
      vertex 5.47185 -1.08842 1.98373
      vertex 5.43608 -1.64902 1.94736
      vertex 5.57153 -1.10825 1.94736
    endloop
  endfacet
  facet normal 0.32717 -0.0819511 0.941405
    outer loop
      vertex 5.47185 -1.08842 1.98373
      vertex 5.33882 -1.61951 1.98373
      vertex 5.43608 -1.64902 1.94736
    endloop
  endfacet
  facet normal 0.235867 -0.0590857 0.969987
    outer loop
      vertex 5.57153 -1.10825 1.94736
      vertex 5.53628 -1.67941 1.92114
      vertex 5.67424 -1.12868 1.92114
    endloop
  endfacet
  facet normal 0.2359 -0.0590874 0.969979
    outer loop
      vertex 5.57153 -1.10825 1.94736
      vertex 5.43608 -1.64902 1.94736
      vertex 5.53628 -1.67941 1.92114
    endloop
  endfacet
  facet normal 0.142518 -0.0356994 0.989148
    outer loop
      vertex 5.67424 -1.12868 1.92114
      vertex 5.63846 -1.71041 1.9053
      vertex 5.77896 -1.14951 1.9053
    endloop
  endfacet
  facet normal 0.142508 -0.0356988 0.98915
    outer loop
      vertex 5.67424 -1.12868 1.92114
      vertex 5.53628 -1.67941 1.92114
      vertex 5.63846 -1.71041 1.9053
    endloop
  endfacet
  facet normal 0.0476824 -0.0119438 0.998791
    outer loop
      vertex 5.77896 -1.14951 1.9053
      vertex 5.74164 -1.74171 1.9
      vertex 5.88471 -1.17054 1.9
    endloop
  endfacet
  facet normal 0.0476813 -0.0119437 0.998791
    outer loop
      vertex 5.77896 -1.14951 1.9053
      vertex 5.63846 -1.71041 1.9053
      vertex 5.74164 -1.74171 1.9
    endloop
  endfacet
  facet normal 0.0462813 -0.0165588 -0.998791
    outer loop
      vertex 5.74164 -1.74171 4.1
      vertex 5.44367 -2.25484 4.0947
      vertex 5.63846 -1.71041 4.0947
    endloop
  endfacet
  facet normal 0.0462837 -0.0165602 -0.998791
    outer loop
      vertex 5.54328 -2.2961 4.1
      vertex 5.44367 -2.25484 4.0947
      vertex 5.74164 -1.74171 4.1
    endloop
  endfacet
  facet normal 0.138323 -0.0494923 -0.98915
    outer loop
      vertex 5.63846 -1.71041 4.0947
      vertex 5.34501 -2.21398 4.07886
      vertex 5.53628 -1.67941 4.07886
    endloop
  endfacet
  facet normal 0.138315 -0.0494871 -0.989151
    outer loop
      vertex 5.44367 -2.25484 4.0947
      vertex 5.34501 -2.21398 4.07886
      vertex 5.63846 -1.71041 4.0947
    endloop
  endfacet
  facet normal 0.229054 -0.0819591 -0.969957
    outer loop
      vertex 5.53628 -1.67941 4.07886
      vertex 5.24827 -2.1739 4.05263
      vertex 5.43608 -1.64902 4.05263
    endloop
  endfacet
  facet normal 0.229041 -0.0819514 -0.969961
    outer loop
      vertex 5.34501 -2.21398 4.07886
      vertex 5.24827 -2.1739 4.05263
      vertex 5.53628 -1.67941 4.07886
    endloop
  endfacet
  facet normal 0.317482 -0.113598 -0.941435
    outer loop
      vertex 5.43608 -1.64902 4.05263
      vertex 5.15437 -2.13501 4.01627
      vertex 5.33882 -1.61951 4.01627
    endloop
  endfacet
  facet normal 0.317491 -0.113603 -0.941432
    outer loop
      vertex 5.24827 -2.1739 4.05263
      vertex 5.15437 -2.13501 4.01627
      vertex 5.43608 -1.64902 4.05263
    endloop
  endfacet
  facet normal 0.402975 -0.144185 -0.903782
    outer loop
      vertex 5.33882 -1.61951 4.01627
      vertex 5.06421 -2.09766 3.97011
      vertex 5.24543 -1.59118 3.97011
    endloop
  endfacet
  facet normal 0.402982 -0.14419 -0.903778
    outer loop
      vertex 5.15437 -2.13501 4.01627
      vertex 5.06421 -2.09766 3.97011
      vertex 5.33882 -1.61951 4.01627
    endloop
  endfacet
  facet normal 0.48446 -0.173344 -0.857468
    outer loop
      vertex 5.24543 -1.59118 3.97011
      vertex 4.97867 -2.06223 3.91462
      vertex 5.15683 -1.56431 3.91462
    endloop
  endfacet
  facet normal 0.48445 -0.173338 -0.857474
    outer loop
      vertex 5.06421 -2.09766 3.97011
      vertex 4.97867 -2.06223 3.91462
      vertex 5.24543 -1.59118 3.97011
    endloop
  endfacet
  facet normal 0.561345 -0.200861 -0.802837
    outer loop
      vertex 5.15683 -1.56431 3.91462
      vertex 4.89856 -2.02905 3.85031
      vertex 5.07386 -1.53914 3.85031
    endloop
  endfacet
  facet normal 0.561323 -0.200846 -0.802856
    outer loop
      vertex 4.97867 -2.06223 3.91462
      vertex 4.89856 -2.02905 3.85031
      vertex 5.15683 -1.56431 3.91462
    endloop
  endfacet
  facet normal 0.632701 -0.226386 -0.740566
    outer loop
      vertex 5.07386 -1.53914 3.85031
      vertex 4.82467 -1.99844 3.77782
      vertex 4.99732 -1.51592 3.77782
    endloop
  endfacet
  facet normal 0.632722 -0.226401 -0.740544
    outer loop
      vertex 4.89856 -2.02905 3.85031
      vertex 4.82467 -1.99844 3.77782
      vertex 5.07386 -1.53914 3.85031
    endloop
  endfacet
  facet normal 0.698 -0.249741 -0.671137
    outer loop
      vertex 4.99732 -1.51592 3.77782
      vertex 4.75769 -1.9707 3.69783
      vertex 4.92794 -1.49487 3.69783
    endloop
  endfacet
  facet normal 0.698023 -0.249759 -0.671107
    outer loop
      vertex 4.82467 -1.99844 3.77782
      vertex 4.75769 -1.9707 3.69783
      vertex 4.99732 -1.51592 3.77782
    endloop
  endfacet
  facet normal 0.756594 -0.27072 -0.595212
    outer loop
      vertex 4.92794 -1.49487 3.69783
      vertex 4.69828 -1.94609 3.61113
      vertex 4.86641 -1.47621 3.61113
    endloop
  endfacet
  facet normal 0.756563 -0.270695 -0.595262
    outer loop
      vertex 4.75769 -1.9707 3.69783
      vertex 4.69828 -1.94609 3.61113
      vertex 4.92794 -1.49487 3.69783
    endloop
  endfacet
  facet normal 0.807834 -0.289047 -0.513669
    outer loop
      vertex 4.86641 -1.47621 3.61113
      vertex 4.64701 -1.92485 3.51854
      vertex 4.8133 -1.4601 3.51854
    endloop
  endfacet
  facet normal 0.807848 -0.28906 -0.513641
    outer loop
      vertex 4.69828 -1.94609 3.61113
      vertex 4.64701 -1.92485 3.51854
      vertex 4.86641 -1.47621 3.61113
    endloop
  endfacet
  facet normal 0.851332 -0.304601 -0.427144
    outer loop
      vertex 4.8133 -1.4601 3.51854
      vertex 4.60437 -1.90719 3.42095
      vertex 4.76913 -1.4467 3.42095
    endloop
  endfacet
  facet normal 0.851347 -0.304616 -0.427103
    outer loop
      vertex 4.64701 -1.92485 3.51854
      vertex 4.60437 -1.90719 3.42095
      vertex 4.8133 -1.4601 3.51854
    endloop
  endfacet
  facet normal 0.886629 -0.317234 -0.336528
    outer loop
      vertex 4.76913 -1.4467 3.42095
      vertex 4.57077 -1.89327 3.31931
      vertex 4.73433 -1.43614 3.31931
    endloop
  endfacet
  facet normal 0.886625 -0.317228 -0.336545
    outer loop
      vertex 4.60437 -1.90719 3.42095
      vertex 4.57077 -1.89327 3.31931
      vertex 4.76913 -1.4467 3.42095
    endloop
  endfacet
  facet normal 0.913398 -0.326803 -0.242701
    outer loop
      vertex 4.73433 -1.43614 3.31931
      vertex 4.54654 -1.88324 3.2146
      vertex 4.70923 -1.42853 3.2146
    endloop
  endfacet
  facet normal 0.913403 -0.326813 -0.242667
    outer loop
      vertex 4.57077 -1.89327 3.31931
      vertex 4.54654 -1.88324 3.2146
      vertex 4.73433 -1.43614 3.31931
    endloop
  endfacet
  facet normal 0.931382 -0.333263 -0.146502
    outer loop
      vertex 4.70923 -1.42853 3.2146
      vertex 4.5319 -1.87718 3.10782
      vertex 4.69408 -1.42393 3.10782
    endloop
  endfacet
  facet normal 0.931376 -0.333235 -0.146607
    outer loop
      vertex 4.54654 -1.88324 3.2146
      vertex 4.5319 -1.87718 3.10782
      vertex 4.70923 -1.42853 3.2146
    endloop
  endfacet
  facet normal 0.940412 -0.336485 -0.0490268
    outer loop
      vertex 4.69408 -1.42393 3.10782
      vertex 4.52701 -1.87515 3
      vertex 4.68901 -1.42239 3
    endloop
  endfacet
  facet normal 0.940411 -0.336494 -0.0489862
    outer loop
      vertex 4.5319 -1.87718 3.10782
      vertex 4.52701 -1.87515 3
      vertex 4.69408 -1.42393 3.10782
    endloop
  endfacet
  facet normal 0.940409 -0.336493 0.0490268
    outer loop
      vertex 4.68901 -1.42239 3
      vertex 4.5319 -1.87718 2.89218
      vertex 4.69408 -1.42393 2.89218
    endloop
  endfacet
  facet normal 0.940414 -0.336485 0.0489862
    outer loop
      vertex 4.68901 -1.42239 3
      vertex 4.52701 -1.87515 3
      vertex 4.5319 -1.87718 2.89218
    endloop
  endfacet
  facet normal 0.93139 -0.333241 0.146502
    outer loop
      vertex 4.69408 -1.42393 2.89218
      vertex 4.54654 -1.88324 2.7854
      vertex 4.70923 -1.42853 2.7854
    endloop
  endfacet
  facet normal 0.931367 -0.333258 0.146608
    outer loop
      vertex 4.69408 -1.42393 2.89218
      vertex 4.5319 -1.87718 2.89218
      vertex 4.54654 -1.88324 2.7854
    endloop
  endfacet
  facet normal 0.913395 -0.326811 0.242701
    outer loop
      vertex 4.70923 -1.42853 2.7854
      vertex 4.57077 -1.89327 2.68069
      vertex 4.73433 -1.43614 2.68069
    endloop
  endfacet
  facet normal 0.913406 -0.326806 0.242667
    outer loop
      vertex 4.70923 -1.42853 2.7854
      vertex 4.54654 -1.88324 2.7854
      vertex 4.57077 -1.89327 2.68069
    endloop
  endfacet
  facet normal 0.886631 -0.31723 0.336528
    outer loop
      vertex 4.73433 -1.43614 2.68069
      vertex 4.60437 -1.90719 2.57905
      vertex 4.76913 -1.4467 2.57905
    endloop
  endfacet
  facet normal 0.886624 -0.317232 0.336545
    outer loop
      vertex 4.73433 -1.43614 2.68069
      vertex 4.57077 -1.89327 2.68069
      vertex 4.60437 -1.90719 2.57905
    endloop
  endfacet
  facet normal 0.851329 -0.30461 0.427144
    outer loop
      vertex 4.76913 -1.4467 2.57905
      vertex 4.64701 -1.92485 2.48146
      vertex 4.8133 -1.4601 2.48146
    endloop
  endfacet
  facet normal 0.851351 -0.304607 0.427103
    outer loop
      vertex 4.76913 -1.4467 2.57905
      vertex 4.60437 -1.90719 2.57905
      vertex 4.64701 -1.92485 2.48146
    endloop
  endfacet
  facet normal 0.807832 -0.289054 0.513669
    outer loop
      vertex 4.8133 -1.4601 2.48146
      vertex 4.69828 -1.94609 2.38887
      vertex 4.86641 -1.47621 2.38887
    endloop
  endfacet
  facet normal 0.80785 -0.289053 0.51364
    outer loop
      vertex 4.8133 -1.4601 2.48146
      vertex 4.64701 -1.92485 2.48146
      vertex 4.69828 -1.94609 2.38887
    endloop
  endfacet
  facet normal 0.756598 -0.270708 0.595212
    outer loop
      vertex 4.86641 -1.47621 2.38887
      vertex 4.75769 -1.9707 2.30217
      vertex 4.92794 -1.49487 2.30217
    endloop
  endfacet
  facet normal 0.756558 -0.270708 0.595262
    outer loop
      vertex 4.86641 -1.47621 2.38887
      vertex 4.69828 -1.94609 2.38887
      vertex 4.75769 -1.9707 2.30217
    endloop
  endfacet
  facet normal 0.697997 -0.24975 0.671137
    outer loop
      vertex 4.92794 -1.49487 2.30217
      vertex 4.82467 -1.99844 2.22218
      vertex 4.99732 -1.51592 2.22218
    endloop
  endfacet
  facet normal 0.698026 -0.249751 0.671107
    outer loop
      vertex 4.92794 -1.49487 2.30217
      vertex 4.75769 -1.9707 2.30217
      vertex 4.82467 -1.99844 2.22218
    endloop
  endfacet
  facet normal 0.632699 -0.226393 0.740566
    outer loop
      vertex 4.99732 -1.51592 2.22218
      vertex 4.89856 -2.02905 2.14969
      vertex 5.07386 -1.53914 2.14969
    endloop
  endfacet
  facet normal 0.632725 -0.226395 0.740543
    outer loop
      vertex 4.99732 -1.51592 2.22218
      vertex 4.82467 -1.99844 2.22218
      vertex 4.89856 -2.02905 2.14969
    endloop
  endfacet
  facet normal 0.561347 -0.200855 0.802837
    outer loop
      vertex 5.07386 -1.53914 2.14969
      vertex 4.97867 -2.06223 2.08538
      vertex 5.15683 -1.56431 2.08538
    endloop
  endfacet
  facet normal 0.561321 -0.200852 0.802856
    outer loop
      vertex 5.07386 -1.53914 2.14969
      vertex 4.89856 -2.02905 2.14969
      vertex 4.97867 -2.06223 2.08538
    endloop
  endfacet
  facet normal 0.48446 -0.173341 0.857468
    outer loop
      vertex 5.15683 -1.56431 2.08538
      vertex 5.06421 -2.09766 2.02989
      vertex 5.24543 -1.59118 2.02989
    endloop
  endfacet
  facet normal 0.484449 -0.17334 0.857474
    outer loop
      vertex 5.15683 -1.56431 2.08538
      vertex 4.97867 -2.06223 2.08538
      vertex 5.06421 -2.09766 2.02989
    endloop
  endfacet
  facet normal 0.402974 -0.144187 0.903782
    outer loop
      vertex 5.24543 -1.59118 2.02989
      vertex 5.15437 -2.13501 1.98373
      vertex 5.33882 -1.61951 1.98373
    endloop
  endfacet
  facet normal 0.402983 -0.144188 0.903778
    outer loop
      vertex 5.24543 -1.59118 2.02989
      vertex 5.06421 -2.09766 2.02989
      vertex 5.15437 -2.13501 1.98373
    endloop
  endfacet
  facet normal 0.317559 -0.113627 0.941406
    outer loop
      vertex 5.33882 -1.61951 1.98373
      vertex 5.24827 -2.1739 1.94736
      vertex 5.43608 -1.64902 1.94736
    endloop
  endfacet
  facet normal 0.317569 -0.113629 0.941402
    outer loop
      vertex 5.33882 -1.61951 1.98373
      vertex 5.15437 -2.13501 1.98373
      vertex 5.24827 -2.1739 1.94736
    endloop
  endfacet
  facet normal 0.228973 -0.0819269 0.969979
    outer loop
      vertex 5.43608 -1.64902 1.94736
      vertex 5.34501 -2.21398 1.92114
      vertex 5.53628 -1.67941 1.92114
    endloop
  endfacet
  facet normal 0.228958 -0.0819247 0.969983
    outer loop
      vertex 5.43608 -1.64902 1.94736
      vertex 5.24827 -2.1739 1.94736
      vertex 5.34501 -2.21398 1.92114
    endloop
  endfacet
  facet normal 0.138324 -0.0494905 0.98915
    outer loop
      vertex 5.53628 -1.67941 1.92114
      vertex 5.44367 -2.25484 1.9053
      vertex 5.63846 -1.71041 1.9053
    endloop
  endfacet
  facet normal 0.138314 -0.0494889 0.989151
    outer loop
      vertex 5.53628 -1.67941 1.92114
      vertex 5.34501 -2.21398 1.92114
      vertex 5.44367 -2.25484 1.9053
    endloop
  endfacet
  facet normal 0.0462811 -0.0165593 0.998791
    outer loop
      vertex 5.63846 -1.71041 1.9053
      vertex 5.54328 -2.2961 1.9
      vertex 5.74164 -1.74171 1.9
    endloop
  endfacet
  facet normal 0.0462839 -0.0165598 0.998791
    outer loop
      vertex 5.63846 -1.71041 1.9053
      vertex 5.44367 -2.25484 1.9053
      vertex 5.54328 -2.2961 1.9
    endloop
  endfacet
  facet normal 0.0444373 -0.0210178 -0.998791
    outer loop
      vertex 5.54328 -2.2961 4.1
      vertex 5.19644 -2.77755 4.0947
      vertex 5.44367 -2.25484 4.0947
    endloop
  endfacet
  facet normal 0.0444351 -0.0210163 -0.998791
    outer loop
      vertex 5.29153 -2.82838 4.1
      vertex 5.19644 -2.77755 4.0947
      vertex 5.54328 -2.2961 4.1
    endloop
  endfacet
  facet normal 0.132798 -0.0628076 -0.989151
    outer loop
      vertex 5.44367 -2.25484 4.0947
      vertex 5.10227 -2.72722 4.07886
      vertex 5.34501 -2.21398 4.07886
    endloop
  endfacet
  facet normal 0.132809 -0.0628156 -0.989149
    outer loop
      vertex 5.19644 -2.77755 4.0947
      vertex 5.10227 -2.72722 4.07886
      vertex 5.44367 -2.25484 4.0947
    endloop
  endfacet
  facet normal 0.219905 -0.104005 -0.969961
    outer loop
      vertex 5.34501 -2.21398 4.07886
      vertex 5.00992 -2.67786 4.05263
      vertex 5.24827 -2.1739 4.05263
    endloop
  endfacet
  facet normal 0.219906 -0.104006 -0.969961
    outer loop
      vertex 5.10227 -2.72722 4.07886
      vertex 5.00992 -2.67786 4.05263
      vertex 5.34501 -2.21398 4.07886
    endloop
  endfacet
  facet normal 0.304829 -0.144177 -0.941431
    outer loop
      vertex 5.24827 -2.1739 4.05263
      vertex 4.92028 -2.62994 4.01627
      vertex 5.15437 -2.13501 4.01627
    endloop
  endfacet
  facet normal 0.304805 -0.144159 -0.941442
    outer loop
      vertex 5.00992 -2.67786 4.05263
      vertex 4.92028 -2.62994 4.01627
      vertex 5.24827 -2.1739 4.05263
    endloop
  endfacet
  facet normal 0.386909 -0.182992 -0.903779
    outer loop
      vertex 5.15437 -2.13501 4.01627
      vertex 4.83422 -2.58394 3.97011
      vertex 5.06421 -2.09766 3.97011
    endloop
  endfacet
  facet normal 0.386932 -0.183009 -0.903765
    outer loop
      vertex 4.92028 -2.62994 4.01627
      vertex 4.83422 -2.58394 3.97011
      vertex 5.15437 -2.13501 4.01627
    endloop
  endfacet
  facet normal 0.465128 -0.219989 -0.857474
    outer loop
      vertex 5.06421 -2.09766 3.97011
      vertex 4.75256 -2.5403 3.91462
      vertex 4.97867 -2.06223 3.91462
    endloop
  endfacet
  facet normal 0.465119 -0.219982 -0.85748
    outer loop
      vertex 4.83422 -2.58394 3.97011
      vertex 4.75256 -2.5403 3.91462
      vertex 5.06421 -2.09766 3.97011
    endloop
  endfacet
  facet normal 0.538935 -0.254899 -0.802855
    outer loop
      vertex 4.97867 -2.06223 3.91462
      vertex 4.67609 -2.49942 3.85031
      vertex 4.89856 -2.02905 3.85031
    endloop
  endfacet
  facet normal 0.538929 -0.254894 -0.80286
    outer loop
      vertex 4.75256 -2.5403 3.91462
      vertex 4.67609 -2.49942 3.85031
      vertex 4.97867 -2.06223 3.91462
    endloop
  endfacet
  facet normal 0.607485 -0.287325 -0.740545
    outer loop
      vertex 4.89856 -2.02905 3.85031
      vertex 4.60555 -2.46172 3.77782
      vertex 4.82467 -1.99844 3.77782
    endloop
  endfacet
  facet normal 0.607474 -0.287316 -0.740557
    outer loop
      vertex 4.67609 -2.49942 3.85031
      vertex 4.60555 -2.46172 3.77782
      vertex 4.89856 -2.02905 3.85031
    endloop
  endfacet
  facet normal 0.670185 -0.316968 -0.671105
    outer loop
      vertex 4.82467 -1.99844 3.77782
      vertex 4.54162 -2.42755 3.69783
      vertex 4.75769 -1.9707 3.69783
    endloop
  endfacet
  facet normal 0.670214 -0.316995 -0.671065
    outer loop
      vertex 4.60555 -2.46172 3.77782
      vertex 4.54162 -2.42755 3.69783
      vertex 4.82467 -1.99844 3.77782
    endloop
  endfacet
  facet normal 0.726385 -0.343549 -0.595263
    outer loop
      vertex 4.75769 -1.9707 3.69783
      vertex 4.48491 -2.39723 3.61113
      vertex 4.69828 -1.94609 3.61113
    endloop
  endfacet
  facet normal 0.726384 -0.343548 -0.595266
    outer loop
      vertex 4.54162 -2.42755 3.69783
      vertex 4.48491 -2.39723 3.61113
      vertex 4.75769 -1.9707 3.69783
    endloop
  endfacet
  facet normal 0.775624 -0.366849 -0.513642
    outer loop
      vertex 4.69828 -1.94609 3.61113
      vertex 4.43596 -2.37107 3.51854
      vertex 4.64701 -1.92485 3.51854
    endloop
  endfacet
  facet normal 0.775606 -0.366828 -0.513685
    outer loop
      vertex 4.48491 -2.39723 3.61113
      vertex 4.43596 -2.37107 3.51854
      vertex 4.69828 -1.94609 3.61113
    endloop
  endfacet
  facet normal 0.817388 -0.386601 -0.427101
    outer loop
      vertex 4.64701 -1.92485 3.51854
      vertex 4.39526 -2.34931 3.42095
      vertex 4.60437 -1.90719 3.42095
    endloop
  endfacet
  facet normal 0.81739 -0.386604 -0.427096
    outer loop
      vertex 4.43596 -2.37107 3.51854
      vertex 4.39526 -2.34931 3.42095
      vertex 4.64701 -1.92485 3.51854
    endloop
  endfacet
  facet normal 0.85126 -0.402608 -0.336547
    outer loop
      vertex 4.60437 -1.90719 3.42095
      vertex 4.36319 -2.33217 3.31931
      vertex 4.57077 -1.89327 3.31931
    endloop
  endfacet
  facet normal 0.851271 -0.402627 -0.336494
    outer loop
      vertex 4.39526 -2.34931 3.42095
      vertex 4.36319 -2.33217 3.31931
      vertex 4.60437 -1.90719 3.42095
    endloop
  endfacet
  facet normal 0.876964 -0.414789 -0.242662
    outer loop
      vertex 4.57077 -1.89327 3.31931
      vertex 4.34005 -2.31981 3.2146
      vertex 4.54654 -1.88324 3.2146
    endloop
  endfacet
  facet normal 0.876952 -0.414759 -0.242757
    outer loop
      vertex 4.36319 -2.33217 3.31931
      vertex 4.34005 -2.31981 3.2146
      vertex 4.57077 -1.89327 3.31931
    endloop
  endfacet
  facet normal 0.894226 -0.422926 -0.146604
    outer loop
      vertex 4.54654 -1.88324 3.2146
      vertex 4.32609 -2.31234 3.10782
      vertex 4.5319 -1.87718 3.10782
    endloop
  endfacet
  facet normal 0.89423 -0.422955 -0.146497
    outer loop
      vertex 4.34005 -2.31981 3.2146
      vertex 4.32609 -2.31234 3.10782
      vertex 4.54654 -1.88324 3.2146
    endloop
  endfacet
  facet normal 0.902898 -0.427053 -0.0489899
    outer loop
      vertex 4.5319 -1.87718 3.10782
      vertex 4.32141 -2.30984 3
      vertex 4.52701 -1.87515 3
    endloop
  endfacet
  facet normal 0.902904 -0.42703 -0.0490926
    outer loop
      vertex 4.32609 -2.31234 3.10782
      vertex 4.32141 -2.30984 3
      vertex 4.5319 -1.87718 3.10782
    endloop
  endfacet
  facet normal 0.902908 -0.427033 0.04899
    outer loop
      vertex 4.52701 -1.87515 3
      vertex 4.32609 -2.31234 2.89218
      vertex 4.5319 -1.87718 2.89218
    endloop
  endfacet
  facet normal 0.902894 -0.427051 0.0490927
    outer loop
      vertex 4.52701 -1.87515 3
      vertex 4.32141 -2.30984 3
      vertex 4.32609 -2.31234 2.89218
    endloop
  endfacet
  facet normal 0.894216 -0.422948 0.146604
    outer loop
      vertex 4.5319 -1.87718 2.89218
      vertex 4.34005 -2.31981 2.7854
      vertex 4.54654 -1.88324 2.7854
    endloop
  endfacet
  facet normal 0.894241 -0.422933 0.146497
    outer loop
      vertex 4.5319 -1.87718 2.89218
      vertex 4.32609 -2.31234 2.89218
      vertex 4.34005 -2.31981 2.7854
    endloop
  endfacet
  facet normal 0.876973 -0.414769 0.242662
    outer loop
      vertex 4.54654 -1.88324 2.7854
      vertex 4.36319 -2.33217 2.68069
      vertex 4.57077 -1.89327 2.68069
    endloop
  endfacet
  facet normal 0.876942 -0.414778 0.242757
    outer loop
      vertex 4.54654 -1.88324 2.7854
      vertex 4.34005 -2.31981 2.7854
      vertex 4.36319 -2.33217 2.68069
    endloop
  endfacet
  facet normal 0.851255 -0.402619 0.336547
    outer loop
      vertex 4.57077 -1.89327 2.68069
      vertex 4.39526 -2.34931 2.57905
      vertex 4.60437 -1.90719 2.57905
    endloop
  endfacet
  facet normal 0.851277 -0.402616 0.336494
    outer loop
      vertex 4.57077 -1.89327 2.68069
      vertex 4.36319 -2.33217 2.68069
      vertex 4.39526 -2.34931 2.57905
    endloop
  endfacet
  facet normal 0.817388 -0.386602 0.427101
    outer loop
      vertex 4.60437 -1.90719 2.57905
      vertex 4.43596 -2.37107 2.48146
      vertex 4.64701 -1.92485 2.48146
    endloop
  endfacet
  facet normal 0.817391 -0.386602 0.427096
    outer loop
      vertex 4.60437 -1.90719 2.57905
      vertex 4.39526 -2.34931 2.57905
      vertex 4.43596 -2.37107 2.48146
    endloop
  endfacet
  facet normal 0.775629 -0.366839 0.513643
    outer loop
      vertex 4.64701 -1.92485 2.48146
      vertex 4.48491 -2.39723 2.38887
      vertex 4.69828 -1.94609 2.38887
    endloop
  endfacet
  facet normal 0.775601 -0.366838 0.513686
    outer loop
      vertex 4.64701 -1.92485 2.48146
      vertex 4.43596 -2.37107 2.48146
      vertex 4.48491 -2.39723 2.38887
    endloop
  endfacet
  facet normal 0.726386 -0.343549 0.595263
    outer loop
      vertex 4.69828 -1.94609 2.38887
      vertex 4.54162 -2.42755 2.30217
      vertex 4.75769 -1.9707 2.30217
    endloop
  endfacet
  facet normal 0.726383 -0.343548 0.595266
    outer loop
      vertex 4.69828 -1.94609 2.38887
      vertex 4.48491 -2.39723 2.38887
      vertex 4.54162 -2.42755 2.30217
    endloop
  endfacet
  facet normal 0.670181 -0.316979 0.671105
    outer loop
      vertex 4.75769 -1.9707 2.30217
      vertex 4.60555 -2.46172 2.22218
      vertex 4.82467 -1.99844 2.22218
    endloop
  endfacet
  facet normal 0.670219 -0.316984 0.671064
    outer loop
      vertex 4.75769 -1.9707 2.30217
      vertex 4.54162 -2.42755 2.30217
      vertex 4.60555 -2.46172 2.22218
    endloop
  endfacet
  facet normal 0.607486 -0.287322 0.740545
    outer loop
      vertex 4.82467 -1.99844 2.22218
      vertex 4.67609 -2.49942 2.14969
      vertex 4.89856 -2.02905 2.14969
    endloop
  endfacet
  facet normal 0.607472 -0.287319 0.740557
    outer loop
      vertex 4.82467 -1.99844 2.22218
      vertex 4.60555 -2.46172 2.22218
      vertex 4.67609 -2.49942 2.14969
    endloop
  endfacet
  facet normal 0.538935 -0.254897 0.802855
    outer loop
      vertex 4.89856 -2.02905 2.14969
      vertex 4.75256 -2.5403 2.08538
      vertex 4.97867 -2.06223 2.08538
    endloop
  endfacet
  facet normal 0.538928 -0.254896 0.80286
    outer loop
      vertex 4.89856 -2.02905 2.14969
      vertex 4.67609 -2.49942 2.14969
      vertex 4.75256 -2.5403 2.08538
    endloop
  endfacet
  facet normal 0.465129 -0.219986 0.857474
    outer loop
      vertex 4.97867 -2.06223 2.08538
      vertex 4.83422 -2.58394 2.02989
      vertex 5.06421 -2.09766 2.02989
    endloop
  endfacet
  facet normal 0.465117 -0.219984 0.85748
    outer loop
      vertex 4.97867 -2.06223 2.08538
      vertex 4.75256 -2.5403 2.08538
      vertex 4.83422 -2.58394 2.02989
    endloop
  endfacet
  facet normal 0.386906 -0.182997 0.903778
    outer loop
      vertex 5.06421 -2.09766 2.02989
      vertex 4.92028 -2.62994 1.98373
      vertex 5.15437 -2.13501 1.98373
    endloop
  endfacet
  facet normal 0.386935 -0.183004 0.903765
    outer loop
      vertex 5.06421 -2.09766 2.02989
      vertex 4.83422 -2.58394 2.02989
      vertex 4.92028 -2.62994 1.98373
    endloop
  endfacet
  facet normal 0.304905 -0.144206 0.941402
    outer loop
      vertex 5.15437 -2.13501 1.98373
      vertex 5.00992 -2.67786 1.94736
      vertex 5.24827 -2.1739 1.94736
    endloop
  endfacet
  facet normal 0.304877 -0.144199 0.941412
    outer loop
      vertex 5.15437 -2.13501 1.98373
      vertex 4.92028 -2.62994 1.98373
      vertex 5.00992 -2.67786 1.94736
    endloop
  endfacet
  facet normal 0.219826 -0.103968 0.969983
    outer loop
      vertex 5.24827 -2.1739 1.94736
      vertex 5.10227 -2.72722 1.92114
      vertex 5.34501 -2.21398 1.92114
    endloop
  endfacet
  facet normal 0.219827 -0.103968 0.969983
    outer loop
      vertex 5.24827 -2.1739 1.94736
      vertex 5.00992 -2.67786 1.94736
      vertex 5.10227 -2.72722 1.92114
    endloop
  endfacet
  facet normal 0.132797 -0.0628099 0.989151
    outer loop
      vertex 5.34501 -2.21398 1.92114
      vertex 5.19644 -2.77755 1.9053
      vertex 5.44367 -2.25484 1.9053
    endloop
  endfacet
  facet normal 0.13281 -0.0628133 0.989149
    outer loop
      vertex 5.34501 -2.21398 1.92114
      vertex 5.10227 -2.72722 1.92114
      vertex 5.19644 -2.77755 1.9053
    endloop
  endfacet
  facet normal 0.0444375 -0.0210174 0.998791
    outer loop
      vertex 5.44367 -2.25484 1.9053
      vertex 5.29153 -2.82838 1.9
      vertex 5.54328 -2.2961 1.9
    endloop
  endfacet
  facet normal 0.0444349 -0.0210167 0.998791
    outer loop
      vertex 5.44367 -2.25484 1.9053
      vertex 5.19644 -2.77755 1.9053
      vertex 5.29153 -2.82838 1.9
    endloop
  endfacet
  facet normal 0.0421612 -0.0252702 -0.998791
    outer loop
      vertex 5.29153 -2.82838 4.1
      vertex 4.89917 -3.27352 4.0947
      vertex 5.19644 -2.77755 4.0947
    endloop
  endfacet
  facet normal 0.0421623 -0.0252712 -0.998791
    outer loop
      vertex 4.98882 -3.33342 4.1
      vertex 4.89917 -3.27352 4.0947
      vertex 5.29153 -2.82838 4.1
    endloop
  endfacet
  facet normal 0.126013 -0.0755308 -0.989149
    outer loop
      vertex 5.19644 -2.77755 4.0947
      vertex 4.81038 -3.2142 4.07886
      vertex 5.10227 -2.72722 4.07886
    endloop
  endfacet
  facet normal 0.126006 -0.0755242 -0.98915
    outer loop
      vertex 4.89917 -3.27352 4.0947
      vertex 4.81038 -3.2142 4.07886
      vertex 5.19644 -2.77755 4.0947
    endloop
  endfacet
  facet normal 0.208652 -0.125062 -0.969961
    outer loop
      vertex 5.10227 -2.72722 4.07886
      vertex 4.72332 -3.15602 4.05263
      vertex 5.00992 -2.67786 4.05263
    endloop
  endfacet
  facet normal 0.208657 -0.125066 -0.969959
    outer loop
      vertex 4.81038 -3.2142 4.07886
      vertex 4.72332 -3.15602 4.05263
      vertex 5.10227 -2.72722 4.07886
    endloop
  endfacet
  facet normal 0.289205 -0.173341 -0.941442
    outer loop
      vertex 5.00992 -2.67786 4.05263
      vertex 4.63881 -3.09955 4.01627
      vertex 4.92028 -2.62994 4.01627
    endloop
  endfacet
  facet normal 0.289215 -0.17335 -0.941437
    outer loop
      vertex 4.72332 -3.15602 4.05263
      vertex 4.63881 -3.09955 4.01627
      vertex 5.00992 -2.67786 4.05263
    endloop
  endfacet
  facet normal 0.367134 -0.220049 -0.903765
    outer loop
      vertex 4.92028 -2.62994 4.01627
      vertex 4.55767 -3.04534 3.97011
      vertex 4.83422 -2.58394 3.97011
    endloop
  endfacet
  facet normal 0.367132 -0.220048 -0.903766
    outer loop
      vertex 4.63881 -3.09955 4.01627
      vertex 4.55767 -3.04534 3.97011
      vertex 4.92028 -2.62994 4.01627
    endloop
  endfacet
  facet normal 0.441317 -0.264518 -0.857479
    outer loop
      vertex 4.83422 -2.58394 3.97011
      vertex 4.48068 -2.9939 3.91462
      vertex 4.75256 -2.5403 3.91462
    endloop
  endfacet
  facet normal 0.441304 -0.264505 -0.85749
    outer loop
      vertex 4.55767 -3.04534 3.97011
      vertex 4.48068 -2.9939 3.91462
      vertex 4.83422 -2.58394 3.97011
    endloop
  endfacet
  facet normal 0.511351 -0.306483 -0.802862
    outer loop
      vertex 4.75256 -2.5403 3.91462
      vertex 4.40859 -2.94573 3.85031
      vertex 4.67609 -2.49942 3.85031
    endloop
  endfacet
  facet normal 0.511381 -0.306513 -0.802832
    outer loop
      vertex 4.48068 -2.9939 3.91462
      vertex 4.40859 -2.94573 3.85031
      vertex 4.75256 -2.5403 3.91462
    endloop
  endfacet
  facet normal 0.576394 -0.345466 -0.740556
    outer loop
      vertex 4.67609 -2.49942 3.85031
      vertex 4.34209 -2.90129 3.77782
      vertex 4.60555 -2.46172 3.77782
    endloop
  endfacet
  facet normal 0.576395 -0.345467 -0.740555
    outer loop
      vertex 4.40859 -2.94573 3.85031
      vertex 4.34209 -2.90129 3.77782
      vertex 4.67609 -2.49942 3.85031
    endloop
  endfacet
  facet normal 0.635917 -0.38116 -0.671064
    outer loop
      vertex 4.60555 -2.46172 3.77782
      vertex 4.28181 -2.86101 3.69783
      vertex 4.54162 -2.42755 3.69783
    endloop
  endfacet
  facet normal 0.635883 -0.381122 -0.671117
    outer loop
      vertex 4.34209 -2.90129 3.77782
      vertex 4.28181 -2.86101 3.69783
      vertex 4.60555 -2.46172 3.77782
    endloop
  endfacet
  facet normal 0.689206 -0.413095 -0.59527
    outer loop
      vertex 4.54162 -2.42755 3.69783
      vertex 4.22834 -2.82529 3.61113
      vertex 4.48491 -2.39723 3.61113
    endloop
  endfacet
  facet normal 0.689215 -0.413106 -0.595253
    outer loop
      vertex 4.28181 -2.86101 3.69783
      vertex 4.22834 -2.82529 3.61113
      vertex 4.54162 -2.42755 3.69783
    endloop
  endfacet
  facet normal 0.735917 -0.441084 -0.513683
    outer loop
      vertex 4.48491 -2.39723 3.61113
      vertex 4.1822 -2.79445 3.51854
      vertex 4.43596 -2.37107 3.51854
    endloop
  endfacet
  facet normal 0.735928 -0.4411 -0.513654
    outer loop
      vertex 4.22834 -2.82529 3.61113
      vertex 4.1822 -2.79445 3.51854
      vertex 4.48491 -2.39723 3.61113
    endloop
  endfacet
  facet normal 0.775561 -0.464856 -0.427099
    outer loop
      vertex 4.43596 -2.37107 3.51854
      vertex 4.14382 -2.76881 3.42095
      vertex 4.39526 -2.34931 3.42095
    endloop
  endfacet
  facet normal 0.775551 -0.46484 -0.427135
    outer loop
      vertex 4.1822 -2.79445 3.51854
      vertex 4.14382 -2.76881 3.42095
      vertex 4.43596 -2.37107 3.51854
    endloop
  endfacet
  facet normal 0.807706 -0.484131 -0.336493
    outer loop
      vertex 4.39526 -2.34931 3.42095
      vertex 4.11358 -2.74861 3.31931
      vertex 4.36319 -2.33217 3.31931
    endloop
  endfacet
  facet normal 0.807701 -0.48412 -0.336522
    outer loop
      vertex 4.14382 -2.76881 3.42095
      vertex 4.11358 -2.74861 3.31931
      vertex 4.39526 -2.34931 3.42095
    endloop
  endfacet
  facet normal 0.832073 -0.498725 -0.242751
    outer loop
      vertex 4.36319 -2.33217 3.31931
      vertex 4.09177 -2.73404 3.2146
      vertex 4.34005 -2.31981 3.2146
    endloop
  endfacet
  facet normal 0.832077 -0.498738 -0.24271
    outer loop
      vertex 4.11358 -2.74861 3.31931
      vertex 4.09177 -2.73404 3.2146
      vertex 4.36319 -2.33217 3.31931
    endloop
  endfacet
  facet normal 0.848467 -0.508567 -0.146503
    outer loop
      vertex 4.34005 -2.31981 3.2146
      vertex 4.0786 -2.72524 3.10782
      vertex 4.32609 -2.31234 3.10782
    endloop
  endfacet
  facet normal 0.848467 -0.508552 -0.146559
    outer loop
      vertex 4.09177 -2.73404 3.2146
      vertex 4.0786 -2.72524 3.10782
      vertex 4.34005 -2.31981 3.2146
    endloop
  endfacet
  facet normal 0.856697 -0.513478 -0.0490914
    outer loop
      vertex 4.32609 -2.31234 3.10782
      vertex 4.0742 -2.72229 3
      vertex 4.32141 -2.30984 3
    endloop
  endfacet
  facet normal 0.856691 -0.513496 -0.04901
    outer loop
      vertex 4.0786 -2.72524 3.10782
      vertex 4.0742 -2.72229 3
      vertex 4.32609 -2.31234 3.10782
    endloop
  endfacet
  facet normal 0.856688 -0.513494 0.0490914
    outer loop
      vertex 4.32141 -2.30984 3
      vertex 4.0786 -2.72524 2.89218
      vertex 4.32609 -2.31234 2.89218
    endloop
  endfacet
  facet normal 0.856701 -0.51348 0.0490099
    outer loop
      vertex 4.32141 -2.30984 3
      vertex 4.0742 -2.72229 3
      vertex 4.0786 -2.72524 2.89218
    endloop
  endfacet
  facet normal 0.848474 -0.508556 0.146503
    outer loop
      vertex 4.32609 -2.31234 2.89218
      vertex 4.09177 -2.73404 2.7854
      vertex 4.34005 -2.31981 2.7854
    endloop
  endfacet
  facet normal 0.84846 -0.508562 0.146559
    outer loop
      vertex 4.32609 -2.31234 2.89218
      vertex 4.0786 -2.72524 2.89218
      vertex 4.09177 -2.73404 2.7854
    endloop
  endfacet
  facet normal 0.832068 -0.498733 0.24275
    outer loop
      vertex 4.34005 -2.31981 2.7854
      vertex 4.11358 -2.74861 2.68069
      vertex 4.36319 -2.33217 2.68069
    endloop
  endfacet
  facet normal 0.832081 -0.498731 0.24271
    outer loop
      vertex 4.34005 -2.31981 2.7854
      vertex 4.09177 -2.73404 2.7854
      vertex 4.11358 -2.74861 2.68069
    endloop
  endfacet
  facet normal 0.80771 -0.484125 0.336493
    outer loop
      vertex 4.36319 -2.33217 2.68069
      vertex 4.14382 -2.76881 2.57905
      vertex 4.39526 -2.34931 2.57905
    endloop
  endfacet
  facet normal 0.807697 -0.484126 0.336522
    outer loop
      vertex 4.36319 -2.33217 2.68069
      vertex 4.11358 -2.74861 2.68069
      vertex 4.14382 -2.76881 2.57905
    endloop
  endfacet
  facet normal 0.775566 -0.464848 0.427099
    outer loop
      vertex 4.39526 -2.34931 2.57905
      vertex 4.1822 -2.79445 2.48146
      vertex 4.43596 -2.37107 2.48146
    endloop
  endfacet
  facet normal 0.775546 -0.464847 0.427136
    outer loop
      vertex 4.39526 -2.34931 2.57905
      vertex 4.14382 -2.76881 2.57905
      vertex 4.1822 -2.79445 2.48146
    endloop
  endfacet
  facet normal 0.735914 -0.441091 0.513683
    outer loop
      vertex 4.43596 -2.37107 2.48146
      vertex 4.22834 -2.82529 2.38887
      vertex 4.48491 -2.39723 2.38887
    endloop
  endfacet
  facet normal 0.735932 -0.441093 0.513654
    outer loop
      vertex 4.43596 -2.37107 2.48146
      vertex 4.1822 -2.79445 2.48146
      vertex 4.22834 -2.82529 2.38887
    endloop
  endfacet
  facet normal 0.689204 -0.413099 0.59527
    outer loop
      vertex 4.48491 -2.39723 2.38887
      vertex 4.28181 -2.86101 2.30217
      vertex 4.54162 -2.42755 2.30217
    endloop
  endfacet
  facet normal 0.689217 -0.413102 0.595253
    outer loop
      vertex 4.48491 -2.39723 2.38887
      vertex 4.22834 -2.82529 2.38887
      vertex 4.28181 -2.86101 2.30217
    endloop
  endfacet
  facet normal 0.635924 -0.381147 0.671064
    outer loop
      vertex 4.54162 -2.42755 2.30217
      vertex 4.34209 -2.90129 2.22218
      vertex 4.60555 -2.46172 2.22218
    endloop
  endfacet
  facet normal 0.635875 -0.381135 0.671117
    outer loop
      vertex 4.54162 -2.42755 2.30217
      vertex 4.28181 -2.86101 2.30217
      vertex 4.34209 -2.90129 2.22218
    endloop
  endfacet
  facet normal 0.576394 -0.345467 0.740556
    outer loop
      vertex 4.60555 -2.46172 2.22218
      vertex 4.40859 -2.94573 2.14969
      vertex 4.67609 -2.49942 2.14969
    endloop
  endfacet
  facet normal 0.576395 -0.345467 0.740555
    outer loop
      vertex 4.60555 -2.46172 2.22218
      vertex 4.34209 -2.90129 2.22218
      vertex 4.40859 -2.94573 2.14969
    endloop
  endfacet
  facet normal 0.511346 -0.306492 0.802862
    outer loop
      vertex 4.67609 -2.49942 2.14969
      vertex 4.48068 -2.9939 2.08538
      vertex 4.75256 -2.5403 2.08538
    endloop
  endfacet
  facet normal 0.511386 -0.306504 0.802832
    outer loop
      vertex 4.67609 -2.49942 2.14969
      vertex 4.40859 -2.94573 2.14969
      vertex 4.48068 -2.9939 2.08538
    endloop
  endfacet
  facet normal 0.441319 -0.264514 0.857479
    outer loop
      vertex 4.75256 -2.5403 2.08538
      vertex 4.55767 -3.04534 2.02989
      vertex 4.83422 -2.58394 2.02989
    endloop
  endfacet
  facet normal 0.441301 -0.264508 0.85749
    outer loop
      vertex 4.75256 -2.5403 2.08538
      vertex 4.48068 -2.9939 2.08538
      vertex 4.55767 -3.04534 2.02989
    endloop
  endfacet
  facet normal 0.367134 -0.220049 0.903765
    outer loop
      vertex 4.83422 -2.58394 2.02989
      vertex 4.63881 -3.09955 1.98373
      vertex 4.92028 -2.62994 1.98373
    endloop
  endfacet
  facet normal 0.367131 -0.220048 0.903766
    outer loop
      vertex 4.83422 -2.58394 2.02989
      vertex 4.55767 -3.04534 2.02989
      vertex 4.63881 -3.09955 1.98373
    endloop
  endfacet
  facet normal 0.289274 -0.173385 0.941413
    outer loop
      vertex 4.92028 -2.62994 1.98373
      vertex 4.72332 -3.15602 1.94736
      vertex 5.00992 -2.67786 1.94736
    endloop
  endfacet
  facet normal 0.289287 -0.17339 0.941408
    outer loop
      vertex 4.92028 -2.62994 1.98373
      vertex 4.63881 -3.09955 1.98373
      vertex 4.72332 -3.15602 1.94736
    endloop
  endfacet
  facet normal 0.208577 -0.125018 0.969983
    outer loop
      vertex 5.00992 -2.67786 1.94736
      vertex 4.81038 -3.2142 1.92114
      vertex 5.10227 -2.72722 1.92114
    endloop
  endfacet
  facet normal 0.208583 -0.12502 0.969981
    outer loop
      vertex 5.00992 -2.67786 1.94736
      vertex 4.72332 -3.15602 1.94736
      vertex 4.81038 -3.2142 1.92114
    endloop
  endfacet
  facet normal 0.126014 -0.0755291 0.989149
    outer loop
      vertex 5.10227 -2.72722 1.92114
      vertex 4.89917 -3.27352 1.9053
      vertex 5.19644 -2.77755 1.9053
    endloop
  endfacet
  facet normal 0.126005 -0.0755257 0.98915
    outer loop
      vertex 5.10227 -2.72722 1.92114
      vertex 4.81038 -3.2142 1.92114
      vertex 4.89917 -3.27352 1.9053
    endloop
  endfacet
  facet normal 0.0421611 -0.0252704 0.998791
    outer loop
      vertex 5.19644 -2.77755 1.9053
      vertex 4.98882 -3.33342 1.9
      vertex 5.29153 -2.82838 1.9
    endloop
  endfacet
  facet normal 0.0421624 -0.0252709 0.998791
    outer loop
      vertex 5.19644 -2.77755 1.9053
      vertex 4.89917 -3.27352 1.9053
      vertex 4.98882 -3.33342 1.9
    endloop
  endfacet
  facet normal 0.0394824 -0.029282 -0.998791
    outer loop
      vertex 4.98882 -3.33342 4.1
      vertex 4.55472 -3.73796 4.0947
      vertex 4.89917 -3.27352 4.0947
    endloop
  endfacet
  facet normal 0.039484 -0.0292836 -0.998791
    outer loop
      vertex 4.63806 -3.80636 4.1
      vertex 4.55472 -3.73796 4.0947
      vertex 4.98882 -3.33342 4.1
    endloop
  endfacet
  facet normal 0.117996 -0.0875127 -0.98915
    outer loop
      vertex 4.89917 -3.27352 4.0947
      vertex 4.47217 -3.67022 4.07886
      vertex 4.81038 -3.2142 4.07886
    endloop
  endfacet
  facet normal 0.117993 -0.0875089 -0.989151
    outer loop
      vertex 4.55472 -3.73796 4.0947
      vertex 4.47217 -3.67022 4.07886
      vertex 4.89917 -3.27352 4.0947
    endloop
  endfacet
  facet normal 0.195393 -0.144914 -0.969959
    outer loop
      vertex 4.81038 -3.2142 4.07886
      vertex 4.39123 -3.60379 4.05263
      vertex 4.72332 -3.15602 4.05263
    endloop
  endfacet
  facet normal 0.195395 -0.144916 -0.969959
    outer loop
      vertex 4.47217 -3.67022 4.07886
      vertex 4.39123 -3.60379 4.05263
      vertex 4.81038 -3.2142 4.07886
    endloop
  endfacet
  facet normal 0.270831 -0.200863 -0.941438
    outer loop
      vertex 4.72332 -3.15602 4.05263
      vertex 4.31266 -3.53931 4.01627
      vertex 4.63881 -3.09955 4.01627
    endloop
  endfacet
  facet normal 0.27083 -0.200862 -0.941438
    outer loop
      vertex 4.39123 -3.60379 4.05263
      vertex 4.31266 -3.53931 4.01627
      vertex 4.72332 -3.15602 4.05263
    endloop
  endfacet
  facet normal 0.343795 -0.254977 -0.903765
    outer loop
      vertex 4.63881 -3.09955 4.01627
      vertex 4.23723 -3.4774 3.97011
      vertex 4.55767 -3.04534 3.97011
    endloop
  endfacet
  facet normal 0.343793 -0.254976 -0.903766
    outer loop
      vertex 4.31266 -3.53931 4.01627
      vertex 4.23723 -3.4774 3.97011
      vertex 4.63881 -3.09955 4.01627
    endloop
  endfacet
  facet normal 0.413249 -0.306493 -0.857489
    outer loop
      vertex 4.55767 -3.04534 3.97011
      vertex 4.16565 -3.41866 3.91462
      vertex 4.48068 -2.9939 3.91462
    endloop
  endfacet
  facet normal 0.41324 -0.306482 -0.857497
    outer loop
      vertex 4.23723 -3.4774 3.97011
      vertex 4.16565 -3.41866 3.91462
      vertex 4.55767 -3.04534 3.97011
    endloop
  endfacet
  facet normal 0.478875 -0.35516 -0.802833
    outer loop
      vertex 4.48068 -2.9939 3.91462
      vertex 4.09863 -3.36366 3.85031
      vertex 4.40859 -2.94573 3.85031
    endloop
  endfacet
  facet normal 0.478885 -0.355173 -0.802821
    outer loop
      vertex 4.16565 -3.41866 3.91462
      vertex 4.09863 -3.36366 3.85031
      vertex 4.48068 -2.9939 3.91462
    endloop
  endfacet
  facet normal 0.539748 -0.40031 -0.740557
    outer loop
      vertex 4.40859 -2.94573 3.85031
      vertex 4.0368 -3.31292 3.77782
      vertex 4.34209 -2.90129 3.77782
    endloop
  endfacet
  facet normal 0.539742 -0.400302 -0.740565
    outer loop
      vertex 4.09863 -3.36366 3.85031
      vertex 4.0368 -3.31292 3.77782
      vertex 4.40859 -2.94573 3.85031
    endloop
  endfacet
  facet normal 0.595459 -0.441621 -0.671118
    outer loop
      vertex 4.34209 -2.90129 3.77782
      vertex 3.98076 -3.26693 3.69783
      vertex 4.28181 -2.86101 3.69783
    endloop
  endfacet
  facet normal 0.59547 -0.441637 -0.671097
    outer loop
      vertex 4.0368 -3.31292 3.77782
      vertex 3.98076 -3.26693 3.69783
      vertex 4.34209 -2.90129 3.77782
    endloop
  endfacet
  facet normal 0.645405 -0.478676 -0.595249
    outer loop
      vertex 4.28181 -2.86101 3.69783
      vertex 3.93105 -3.22613 3.61113
      vertex 4.22834 -2.82529 3.61113
    endloop
  endfacet
  facet normal 0.645389 -0.478652 -0.595286
    outer loop
      vertex 3.98076 -3.26693 3.69783
      vertex 3.93105 -3.22613 3.61113
      vertex 4.28181 -2.86101 3.69783
    endloop
  endfacet
  facet normal 0.689147 -0.511107 -0.51366
    outer loop
      vertex 4.22834 -2.82529 3.61113
      vertex 3.88815 -3.19093 3.51854
      vertex 4.1822 -2.79445 3.51854
    endloop
  endfacet
  facet normal 0.689158 -0.511126 -0.513625
    outer loop
      vertex 3.93105 -3.22613 3.61113
      vertex 3.88815 -3.19093 3.51854
      vertex 4.22834 -2.82529 3.61113
    endloop
  endfacet
  facet normal 0.72626 -0.538613 -0.427133
    outer loop
      vertex 4.1822 -2.79445 3.51854
      vertex 3.85248 -3.16165 3.42095
      vertex 4.14382 -2.76881 3.42095
    endloop
  endfacet
  facet normal 0.726275 -0.538643 -0.427069
    outer loop
      vertex 3.88815 -3.19093 3.51854
      vertex 3.85248 -3.16165 3.42095
      vertex 4.1822 -2.79445 3.51854
    endloop
  endfacet
  facet normal 0.756357 -0.560964 -0.336518
    outer loop
      vertex 4.14382 -2.76881 3.42095
      vertex 3.82436 -3.13857 3.31931
      vertex 4.11358 -2.74861 3.31931
    endloop
  endfacet
  facet normal 0.756341 -0.560922 -0.336623
    outer loop
      vertex 3.85248 -3.16165 3.42095
      vertex 3.82436 -3.13857 3.31931
      vertex 4.14382 -2.76881 3.42095
    endloop
  endfacet
  facet normal 0.77919 -0.577889 -0.242708
    outer loop
      vertex 4.11358 -2.74861 3.31931
      vertex 3.80409 -3.12193 3.2146
      vertex 4.09177 -2.73404 3.2146
    endloop
  endfacet
  facet normal 0.779192 -0.5779 -0.242675
    outer loop
      vertex 3.82436 -3.13857 3.31931
      vertex 3.80409 -3.12193 3.2146
      vertex 4.11358 -2.74861 3.31931
    endloop
  endfacet
  facet normal 0.794543 -0.589255 -0.146559
    outer loop
      vertex 4.09177 -2.73404 3.2146
      vertex 3.79185 -3.11189 3.10782
      vertex 4.0786 -2.72524 3.10782
    endloop
  endfacet
  facet normal 0.794542 -0.589275 -0.146484
    outer loop
      vertex 3.80409 -3.12193 3.2146
      vertex 3.79185 -3.11189 3.10782
      vertex 4.09177 -2.73404 3.2146
    endloop
  endfacet
  facet normal 0.802247 -0.594976 -0.0490175
    outer loop
      vertex 4.0786 -2.72524 3.10782
      vertex 3.78775 -3.10853 3
      vertex 4.0742 -2.72229 3
    endloop
  endfacet
  facet normal 0.80225 -0.59497 -0.0490477
    outer loop
      vertex 3.79185 -3.11189 3.10782
      vertex 3.78775 -3.10853 3
      vertex 4.0786 -2.72524 3.10782
    endloop
  endfacet
  facet normal 0.802251 -0.594971 0.0490175
    outer loop
      vertex 4.0742 -2.72229 3
      vertex 3.79185 -3.11189 2.89218
      vertex 4.0786 -2.72524 2.89218
    endloop
  endfacet
  facet normal 0.802246 -0.594975 0.0490477
    outer loop
      vertex 4.0742 -2.72229 3
      vertex 3.78775 -3.10853 3
      vertex 3.79185 -3.11189 2.89218
    endloop
  endfacet
  facet normal 0.794533 -0.589268 0.146559
    outer loop
      vertex 4.0786 -2.72524 2.89218
      vertex 3.80409 -3.12193 2.7854
      vertex 4.09177 -2.73404 2.7854
    endloop
  endfacet
  facet normal 0.794552 -0.589261 0.146483
    outer loop
      vertex 4.0786 -2.72524 2.89218
      vertex 3.79185 -3.11189 2.89218
      vertex 3.80409 -3.12193 2.7854
    endloop
  endfacet
  facet normal 0.779185 -0.577895 0.242708
    outer loop
      vertex 4.09177 -2.73404 2.7854
      vertex 3.82436 -3.13857 2.68069
      vertex 4.11358 -2.74861 2.68069
    endloop
  endfacet
  facet normal 0.779197 -0.577894 0.242675
    outer loop
      vertex 4.09177 -2.73404 2.7854
      vertex 3.80409 -3.12193 2.7854
      vertex 3.82436 -3.13857 2.68069
    endloop
  endfacet
  facet normal 0.756371 -0.560944 0.336518
    outer loop
      vertex 4.11358 -2.74861 2.68069
      vertex 3.85248 -3.16165 2.57905
      vertex 4.14382 -2.76881 2.57905
    endloop
  endfacet
  facet normal 0.756326 -0.560941 0.336624
    outer loop
      vertex 4.11358 -2.74861 2.68069
      vertex 3.82436 -3.13857 2.68069
      vertex 3.85248 -3.16165 2.57905
    endloop
  endfacet
  facet normal 0.726251 -0.538625 0.427133
    outer loop
      vertex 4.14382 -2.76881 2.57905
      vertex 3.88815 -3.19093 2.48146
      vertex 4.1822 -2.79445 2.48146
    endloop
  endfacet
  facet normal 0.726284 -0.538631 0.427069
    outer loop
      vertex 4.14382 -2.76881 2.57905
      vertex 3.85248 -3.16165 2.57905
      vertex 3.88815 -3.19093 2.48146
    endloop
  endfacet
  facet normal 0.689142 -0.511114 0.51366
    outer loop
      vertex 4.1822 -2.79445 2.48146
      vertex 3.93105 -3.22613 2.38887
      vertex 4.22834 -2.82529 2.38887
    endloop
  endfacet
  facet normal 0.689164 -0.511119 0.513625
    outer loop
      vertex 4.1822 -2.79445 2.48146
      vertex 3.88815 -3.19093 2.48146
      vertex 3.93105 -3.22613 2.38887
    endloop
  endfacet
  facet normal 0.645411 -0.478668 0.595249
    outer loop
      vertex 4.22834 -2.82529 2.38887
      vertex 3.98076 -3.26693 2.30217
      vertex 4.28181 -2.86101 2.30217
    endloop
  endfacet
  facet normal 0.645383 -0.47866 0.595286
    outer loop
      vertex 4.22834 -2.82529 2.38887
      vertex 3.93105 -3.22613 2.38887
      vertex 3.98076 -3.26693 2.30217
    endloop
  endfacet
  facet normal 0.595455 -0.441626 0.671118
    outer loop
      vertex 4.28181 -2.86101 2.30217
      vertex 4.0368 -3.31292 2.22218
      vertex 4.34209 -2.90129 2.22218
    endloop
  endfacet
  facet normal 0.595474 -0.441633 0.671097
    outer loop
      vertex 4.28181 -2.86101 2.30217
      vertex 3.98076 -3.26693 2.30217
      vertex 4.0368 -3.31292 2.22218
    endloop
  endfacet
  facet normal 0.539749 -0.400308 0.740557
    outer loop
      vertex 4.34209 -2.90129 2.22218
      vertex 4.09863 -3.36366 2.14969
      vertex 4.40859 -2.94573 2.14969
    endloop
  endfacet
  facet normal 0.53974 -0.400304 0.740565
    outer loop
      vertex 4.34209 -2.90129 2.22218
      vertex 4.0368 -3.31292 2.22218
      vertex 4.09863 -3.36366 2.14969
    endloop
  endfacet
  facet normal 0.478873 -0.355163 0.802832
    outer loop
      vertex 4.40859 -2.94573 2.14969
      vertex 4.16565 -3.41866 2.08538
      vertex 4.48068 -2.9939 2.08538
    endloop
  endfacet
  facet normal 0.478888 -0.35517 0.802821
    outer loop
      vertex 4.40859 -2.94573 2.14969
      vertex 4.09863 -3.36366 2.14969
      vertex 4.16565 -3.41866 2.08538
    endloop
  endfacet
  facet normal 0.413251 -0.30649 0.857489
    outer loop
      vertex 4.48068 -2.9939 2.08538
      vertex 4.23723 -3.4774 2.02989
      vertex 4.55767 -3.04534 2.02989
    endloop
  endfacet
  facet normal 0.413238 -0.306485 0.857497
    outer loop
      vertex 4.48068 -2.9939 2.08538
      vertex 4.16565 -3.41866 2.08538
      vertex 4.23723 -3.4774 2.02989
    endloop
  endfacet
  facet normal 0.343795 -0.254977 0.903765
    outer loop
      vertex 4.55767 -3.04534 2.02989
      vertex 4.31266 -3.53931 1.98373
      vertex 4.63881 -3.09955 1.98373
    endloop
  endfacet
  facet normal 0.343793 -0.254976 0.903766
    outer loop
      vertex 4.55767 -3.04534 2.02989
      vertex 4.23723 -3.4774 2.02989
      vertex 4.31266 -3.53931 1.98373
    endloop
  endfacet
  facet normal 0.270897 -0.200912 0.941408
    outer loop
      vertex 4.63881 -3.09955 1.98373
      vertex 4.39123 -3.60379 1.94736
      vertex 4.72332 -3.15602 1.94736
    endloop
  endfacet
  facet normal 0.270896 -0.200911 0.941409
    outer loop
      vertex 4.63881 -3.09955 1.98373
      vertex 4.31266 -3.53931 1.98373
      vertex 4.39123 -3.60379 1.94736
    endloop
  endfacet
  facet normal 0.195323 -0.144862 0.969981
    outer loop
      vertex 4.72332 -3.15602 1.94736
      vertex 4.47217 -3.67022 1.92114
      vertex 4.81038 -3.2142 1.92114
    endloop
  endfacet
  facet normal 0.195325 -0.144863 0.969981
    outer loop
      vertex 4.72332 -3.15602 1.94736
      vertex 4.39123 -3.60379 1.94736
      vertex 4.47217 -3.67022 1.92114
    endloop
  endfacet
  facet normal 0.117997 -0.0875119 0.98915
    outer loop
      vertex 4.81038 -3.2142 1.92114
      vertex 4.55472 -3.73796 1.9053
      vertex 4.89917 -3.27352 1.9053
    endloop
  endfacet
  facet normal 0.117992 -0.0875096 0.989151
    outer loop
      vertex 4.81038 -3.2142 1.92114
      vertex 4.47217 -3.67022 1.92114
      vertex 4.55472 -3.73796 1.9053
    endloop
  endfacet
  facet normal 0.0394822 -0.0292823 0.998791
    outer loop
      vertex 4.89917 -3.27352 1.9053
      vertex 4.63806 -3.80636 1.9
      vertex 4.98882 -3.33342 1.9
    endloop
  endfacet
  facet normal 0.0394842 -0.0292833 0.998791
    outer loop
      vertex 4.89917 -3.27352 1.9053
      vertex 4.55472 -3.73796 1.9053
      vertex 4.63806 -3.80636 1.9
    endloop
  endfacet
  facet normal 0.0364234 -0.0330126 -0.998791
    outer loop
      vertex 4.63806 -3.80636 4.1
      vertex 4.1664 -4.1664 4.0947
      vertex 4.55472 -3.73796 4.0947
    endloop
  endfacet
  facet normal 0.0364222 -0.0330111 -0.998791
    outer loop
      vertex 4.24264 -4.24264 4.1
      vertex 4.1664 -4.1664 4.0947
      vertex 4.63806 -3.80636 4.1
    endloop
  endfacet
  facet normal 0.108849 -0.0986518 -0.989151
    outer loop
      vertex 4.55472 -3.73796 4.0947
      vertex 4.0909 -4.0909 4.07886
      vertex 4.47217 -3.67022 4.07886
    endloop
  endfacet
  facet normal 0.108859 -0.0986654 -0.989149
    outer loop
      vertex 4.1664 -4.1664 4.0947
      vertex 4.0909 -4.0909 4.07886
      vertex 4.55472 -3.73796 4.0947
    endloop
  endfacet
  facet normal 0.180249 -0.16337 -0.969959
    outer loop
      vertex 4.47217 -3.67022 4.07886
      vertex 4.01685 -4.01685 4.05263
      vertex 4.39123 -3.60379 4.05263
    endloop
  endfacet
  facet normal 0.180233 -0.163348 -0.969966
    outer loop
      vertex 4.0909 -4.0909 4.07886
      vertex 4.01685 -4.01685 4.05263
      vertex 4.47217 -3.67022 4.07886
    endloop
  endfacet
  facet normal 0.249838 -0.226441 -0.941438
    outer loop
      vertex 4.39123 -3.60379 4.05263
      vertex 3.94498 -3.94498 4.01627
      vertex 4.31266 -3.53931 4.01627
    endloop
  endfacet
  facet normal 0.249841 -0.226445 -0.941436
    outer loop
      vertex 4.01685 -4.01685 4.05263
      vertex 3.94498 -3.94498 4.01627
      vertex 4.39123 -3.60379 4.05263
    endloop
  endfacet
  facet normal 0.317146 -0.287443 -0.903767
    outer loop
      vertex 4.31266 -3.53931 4.01627
      vertex 3.87598 -3.87598 3.97011
      vertex 4.23723 -3.4774 3.97011
    endloop
  endfacet
  facet normal 0.317152 -0.287452 -0.903762
    outer loop
      vertex 3.94498 -3.94498 4.01627
      vertex 3.87598 -3.87598 3.97011
      vertex 4.31266 -3.53931 4.01627
    endloop
  endfacet
  facet normal 0.381218 -0.345504 -0.857496
    outer loop
      vertex 4.23723 -3.4774 3.97011
      vertex 3.81051 -3.81051 3.91462
      vertex 4.16565 -3.41866 3.91462
    endloop
  endfacet
  facet normal 0.381236 -0.345531 -0.857477
    outer loop
      vertex 3.87598 -3.87598 3.97011
      vertex 3.81051 -3.81051 3.91462
      vertex 4.23723 -3.4774 3.97011
    endloop
  endfacet
  facet normal 0.441773 -0.400396 -0.80282
    outer loop
      vertex 4.16565 -3.41866 3.91462
      vertex 3.7492 -3.7492 3.85031
      vertex 4.09863 -3.36366 3.85031
    endloop
  endfacet
  facet normal 0.441756 -0.40037 -0.802842
    outer loop
      vertex 3.81051 -3.81051 3.91462
      vertex 3.7492 -3.7492 3.85031
      vertex 4.16565 -3.41866 3.91462
    endloop
  endfacet
  facet normal 0.497907 -0.451279 -0.740564
    outer loop
      vertex 4.09863 -3.36366 3.85031
      vertex 3.69264 -3.69264 3.77782
      vertex 4.0368 -3.31292 3.77782
    endloop
  endfacet
  facet normal 0.497898 -0.451264 -0.74058
    outer loop
      vertex 3.7492 -3.7492 3.85031
      vertex 3.69264 -3.69264 3.77782
      vertex 4.09863 -3.36366 3.85031
    endloop
  endfacet
  facet normal 0.54932 -0.497872 -0.671097
    outer loop
      vertex 4.0368 -3.31292 3.77782
      vertex 3.64138 -3.64138 3.69783
      vertex 3.98076 -3.26693 3.69783
    endloop
  endfacet
  facet normal 0.549326 -0.497883 -0.671083
    outer loop
      vertex 3.69264 -3.69264 3.77782
      vertex 3.64138 -3.64138 3.69783
      vertex 4.0368 -3.31292 3.77782
    endloop
  endfacet
  facet normal 0.595371 -0.539598 -0.595288
    outer loop
      vertex 3.98076 -3.26693 3.69783
      vertex 3.59591 -3.59591 3.61113
      vertex 3.93105 -3.22613 3.61113
    endloop
  endfacet
  facet normal 0.595383 -0.539621 -0.595255
    outer loop
      vertex 3.64138 -3.64138 3.69783
      vertex 3.59591 -3.59591 3.61113
      vertex 3.98076 -3.26693 3.69783
    endloop
  endfacet
  facet normal 0.635755 -0.576202 -0.513621
    outer loop
      vertex 3.93105 -3.22613 3.61113
      vertex 3.55667 -3.55667 3.51854
      vertex 3.88815 -3.19093 3.51854
    endloop
  endfacet
  facet normal 0.635753 -0.576197 -0.513629
    outer loop
      vertex 3.59591 -3.59591 3.61113
      vertex 3.55667 -3.55667 3.51854
      vertex 3.93105 -3.22613 3.61113
    endloop
  endfacet
  facet normal 0.669973 -0.607243 -0.427073
    outer loop
      vertex 3.88815 -3.19093 3.51854
      vertex 3.52403 -3.52403 3.42095
      vertex 3.85248 -3.16165 3.42095
    endloop
  endfacet
  facet normal 0.669957 -0.6072 -0.427159
    outer loop
      vertex 3.55667 -3.55667 3.51854
      vertex 3.52403 -3.52403 3.42095
      vertex 3.88815 -3.19093 3.51854
    endloop
  endfacet
  facet normal 0.697708 -0.632367 -0.336625
    outer loop
      vertex 3.85248 -3.16165 3.42095
      vertex 3.49831 -3.49831 3.31931
      vertex 3.82436 -3.13857 3.31931
    endloop
  endfacet
  facet normal 0.697712 -0.632385 -0.336581
    outer loop
      vertex 3.52403 -3.52403 3.42095
      vertex 3.49831 -3.49831 3.31931
      vertex 3.85248 -3.16165 3.42095
    endloop
  endfacet
  facet normal 0.718809 -0.651476 -0.242678
    outer loop
      vertex 3.82436 -3.13857 3.31931
      vertex 3.47977 -3.47977 3.2146
      vertex 3.80409 -3.12193 3.2146
    endloop
  endfacet
  facet normal 0.718811 -0.651493 -0.242627
    outer loop
      vertex 3.49831 -3.49831 3.31931
      vertex 3.47977 -3.47977 3.2146
      vertex 3.82436 -3.13857 3.31931
    endloop
  endfacet
  facet normal 0.732955 -0.66432 -0.14648
    outer loop
      vertex 3.80409 -3.12193 3.2146
      vertex 3.46857 -3.46857 3.10782
      vertex 3.79185 -3.11189 3.10782
    endloop
  endfacet
  facet normal 0.732958 -0.6643 -0.146556
    outer loop
      vertex 3.47977 -3.47977 3.2146
      vertex 3.46857 -3.46857 3.10782
      vertex 3.80409 -3.12193 3.2146
    endloop
  endfacet
  facet normal 0.740052 -0.670759 -0.0490444
    outer loop
      vertex 3.79185 -3.11189 3.10782
      vertex 3.46482 -3.46482 3
      vertex 3.78775 -3.10853 3
    endloop
  endfacet
  facet normal 0.740054 -0.670755 -0.0490682
    outer loop
      vertex 3.46857 -3.46857 3.10782
      vertex 3.46482 -3.46482 3
      vertex 3.79185 -3.11189 3.10782
    endloop
  endfacet
  facet normal 0.740055 -0.670755 0.0490444
    outer loop
      vertex 3.78775 -3.10853 3
      vertex 3.46857 -3.46857 2.89218
      vertex 3.79185 -3.11189 2.89218
    endloop
  endfacet
  facet normal 0.740051 -0.670759 0.0490682
    outer loop
      vertex 3.78775 -3.10853 3
      vertex 3.46482 -3.46482 3
      vertex 3.46857 -3.46857 2.89218
    endloop
  endfacet
  facet normal 0.732966 -0.664307 0.14648
    outer loop
      vertex 3.79185 -3.11189 2.89218
      vertex 3.47977 -3.47977 2.7854
      vertex 3.80409 -3.12193 2.7854
    endloop
  endfacet
  facet normal 0.732946 -0.664312 0.146556
    outer loop
      vertex 3.79185 -3.11189 2.89218
      vertex 3.46857 -3.46857 2.89218
      vertex 3.47977 -3.47977 2.7854
    endloop
  endfacet
  facet normal 0.718801 -0.651485 0.242678
    outer loop
      vertex 3.80409 -3.12193 2.7854
      vertex 3.49831 -3.49831 2.68069
      vertex 3.82436 -3.13857 2.68069
    endloop
  endfacet
  facet normal 0.718819 -0.651485 0.242627
    outer loop
      vertex 3.80409 -3.12193 2.7854
      vertex 3.47977 -3.47977 2.7854
      vertex 3.49831 -3.49831 2.68069
    endloop
  endfacet
  facet normal 0.697701 -0.632374 0.336625
    outer loop
      vertex 3.82436 -3.13857 2.68069
      vertex 3.52403 -3.52403 2.57905
      vertex 3.85248 -3.16165 2.57905
    endloop
  endfacet
  facet normal 0.697719 -0.632377 0.336581
    outer loop
      vertex 3.82436 -3.13857 2.68069
      vertex 3.49831 -3.49831 2.68069
      vertex 3.52403 -3.52403 2.57905
    endloop
  endfacet
  facet normal 0.669987 -0.607228 0.427073
    outer loop
      vertex 3.85248 -3.16165 2.57905
      vertex 3.55667 -3.55667 2.48146
      vertex 3.88815 -3.19093 2.48146
    endloop
  endfacet
  facet normal 0.669943 -0.607216 0.427159
    outer loop
      vertex 3.85248 -3.16165 2.57905
      vertex 3.52403 -3.52403 2.57905
      vertex 3.55667 -3.55667 2.48146
    endloop
  endfacet
  facet normal 0.635756 -0.5762 0.513621
    outer loop
      vertex 3.88815 -3.19093 2.48146
      vertex 3.59591 -3.59591 2.38887
      vertex 3.93105 -3.22613 2.38887
    endloop
  endfacet
  facet normal 0.635752 -0.576199 0.513629
    outer loop
      vertex 3.88815 -3.19093 2.48146
      vertex 3.55667 -3.55667 2.48146
      vertex 3.59591 -3.59591 2.38887
    endloop
  endfacet
  facet normal 0.595365 -0.539605 0.595288
    outer loop
      vertex 3.93105 -3.22613 2.38887
      vertex 3.64138 -3.64138 2.30217
      vertex 3.98076 -3.26693 2.30217
    endloop
  endfacet
  facet normal 0.595389 -0.539614 0.595255
    outer loop
      vertex 3.93105 -3.22613 2.38887
      vertex 3.59591 -3.59591 2.38887
      vertex 3.64138 -3.64138 2.30217
    endloop
  endfacet
  facet normal 0.549317 -0.497875 0.671097
    outer loop
      vertex 3.98076 -3.26693 2.30217
      vertex 3.69264 -3.69264 2.22218
      vertex 4.0368 -3.31292 2.22218
    endloop
  endfacet
  facet normal 0.549329 -0.49788 0.671083
    outer loop
      vertex 3.98076 -3.26693 2.30217
      vertex 3.64138 -3.64138 2.30217
      vertex 3.69264 -3.69264 2.22218
    endloop
  endfacet
  facet normal 0.49791 -0.451276 0.740564
    outer loop
      vertex 4.0368 -3.31292 2.22218
      vertex 3.7492 -3.7492 2.14969
      vertex 4.09863 -3.36366 2.14969
    endloop
  endfacet
  facet normal 0.497895 -0.451268 0.74058
    outer loop
      vertex 4.0368 -3.31292 2.22218
      vertex 3.69264 -3.69264 2.22218
      vertex 3.7492 -3.7492 2.14969
    endloop
  endfacet
  facet normal 0.441777 -0.40039 0.80282
    outer loop
      vertex 4.09863 -3.36366 2.14969
      vertex 3.81051 -3.81051 2.08538
      vertex 4.16565 -3.41866 2.08538
    endloop
  endfacet
  facet normal 0.441751 -0.400376 0.802842
    outer loop
      vertex 4.09863 -3.36366 2.14969
      vertex 3.7492 -3.7492 2.14969
      vertex 3.81051 -3.81051 2.08538
    endloop
  endfacet
  facet normal 0.381213 -0.34551 0.857496
    outer loop
      vertex 4.16565 -3.41866 2.08538
      vertex 3.87598 -3.87598 2.02989
      vertex 4.23723 -3.4774 2.02989
    endloop
  endfacet
  facet normal 0.381241 -0.345525 0.857477
    outer loop
      vertex 4.16565 -3.41866 2.08538
      vertex 3.81051 -3.81051 2.08538
      vertex 3.87598 -3.87598 2.02989
    endloop
  endfacet
  facet normal 0.317144 -0.287445 0.903767
    outer loop
      vertex 4.23723 -3.4774 2.02989
      vertex 3.94498 -3.94498 1.98373
      vertex 4.31266 -3.53931 1.98373
    endloop
  endfacet
  facet normal 0.317154 -0.28745 0.903762
    outer loop
      vertex 4.23723 -3.4774 2.02989
      vertex 3.87598 -3.87598 2.02989
      vertex 3.94498 -3.94498 1.98373
    endloop
  endfacet
  facet normal 0.249898 -0.226497 0.941409
    outer loop
      vertex 4.31266 -3.53931 1.98373
      vertex 4.01685 -4.01685 1.94736
      vertex 4.39123 -3.60379 1.94736
    endloop
  endfacet
  facet normal 0.249902 -0.226499 0.941407
    outer loop
      vertex 4.31266 -3.53931 1.98373
      vertex 3.94498 -3.94498 1.98373
      vertex 4.01685 -4.01685 1.94736
    endloop
  endfacet
  facet normal 0.180188 -0.163307 0.969981
    outer loop
      vertex 4.39123 -3.60379 1.94736
      vertex 4.0909 -4.0909 1.92114
      vertex 4.47217 -3.67022 1.92114
    endloop
  endfacet
  facet normal 0.180165 -0.163294 0.969988
    outer loop
      vertex 4.39123 -3.60379 1.94736
      vertex 4.01685 -4.01685 1.94736
      vertex 4.0909 -4.0909 1.92114
    endloop
  endfacet
  facet normal 0.108847 -0.0986543 0.989151
    outer loop
      vertex 4.47217 -3.67022 1.92114
      vertex 4.1664 -4.1664 1.9053
      vertex 4.55472 -3.73796 1.9053
    endloop
  endfacet
  facet normal 0.108861 -0.0986632 0.989148
    outer loop
      vertex 4.47217 -3.67022 1.92114
      vertex 4.0909 -4.0909 1.92114
      vertex 4.1664 -4.1664 1.9053
    endloop
  endfacet
  facet normal 0.0364236 -0.0330124 0.998791
    outer loop
      vertex 4.55472 -3.73796 1.9053
      vertex 4.24264 -4.24264 1.9
      vertex 4.63806 -3.80636 1.9
    endloop
  endfacet
  facet normal 0.036422 -0.0330113 0.998791
    outer loop
      vertex 4.55472 -3.73796 1.9053
      vertex 4.1664 -4.1664 1.9053
      vertex 4.24264 -4.24264 1.9
    endloop
  endfacet
  facet normal 0.0330113 -0.036422 -0.998791
    outer loop
      vertex 4.24264 -4.24264 4.1
      vertex 3.73796 -4.55472 4.0947
      vertex 4.1664 -4.1664 4.0947
    endloop
  endfacet
  facet normal 0.0330124 -0.0364236 -0.998791
    outer loop
      vertex 3.80636 -4.63806 4.1
      vertex 3.73796 -4.55472 4.0947
      vertex 4.24264 -4.24264 4.1
    endloop
  endfacet
  facet normal 0.0986632 -0.108861 -0.989148
    outer loop
      vertex 4.1664 -4.1664 4.0947
      vertex 3.67022 -4.47217 4.07886
      vertex 4.0909 -4.0909 4.07886
    endloop
  endfacet
  facet normal 0.0986543 -0.108847 -0.989151
    outer loop
      vertex 3.73796 -4.55472 4.0947
      vertex 3.67022 -4.47217 4.07886
      vertex 4.1664 -4.1664 4.0947
    endloop
  endfacet
  facet normal 0.163352 -0.180229 -0.969966
    outer loop
      vertex 4.0909 -4.0909 4.07886
      vertex 3.60379 -4.39123 4.05263
      vertex 4.01685 -4.01685 4.05263
    endloop
  endfacet
  facet normal 0.163366 -0.180252 -0.969959
    outer loop
      vertex 3.67022 -4.47217 4.07886
      vertex 3.60379 -4.39123 4.05263
      vertex 4.0909 -4.0909 4.07886
    endloop
  endfacet
  facet normal 0.226444 -0.249841 -0.941436
    outer loop
      vertex 4.01685 -4.01685 4.05263
      vertex 3.53931 -4.31266 4.01627
      vertex 3.94498 -3.94498 4.01627
    endloop
  endfacet
  facet normal 0.226442 -0.249837 -0.941438
    outer loop
      vertex 3.60379 -4.39123 4.05263
      vertex 3.53931 -4.31266 4.01627
      vertex 4.01685 -4.01685 4.05263
    endloop
  endfacet
  facet normal 0.28745 -0.317154 -0.903762
    outer loop
      vertex 3.94498 -3.94498 4.01627
      vertex 3.4774 -4.23723 3.97011
      vertex 3.87598 -3.87598 3.97011
    endloop
  endfacet
  facet normal 0.287445 -0.317144 -0.903767
    outer loop
      vertex 3.53931 -4.31266 4.01627
      vertex 3.4774 -4.23723 3.97011
      vertex 3.94498 -3.94498 4.01627
    endloop
  endfacet
  facet normal 0.345525 -0.381241 -0.857477
    outer loop
      vertex 3.87598 -3.87598 3.97011
      vertex 3.41866 -4.16565 3.91462
      vertex 3.81051 -3.81051 3.91462
    endloop
  endfacet
  facet normal 0.34551 -0.381213 -0.857496
    outer loop
      vertex 3.4774 -4.23723 3.97011
      vertex 3.41866 -4.16565 3.91462
      vertex 3.87598 -3.87598 3.97011
    endloop
  endfacet
  facet normal 0.400376 -0.441751 -0.802842
    outer loop
      vertex 3.81051 -3.81051 3.91462
      vertex 3.36366 -4.09863 3.85031
      vertex 3.7492 -3.7492 3.85031
    endloop
  endfacet
  facet normal 0.40039 -0.441777 -0.80282
    outer loop
      vertex 3.41866 -4.16565 3.91462
      vertex 3.36366 -4.09863 3.85031
      vertex 3.81051 -3.81051 3.91462
    endloop
  endfacet
  facet normal 0.451268 -0.497895 -0.74058
    outer loop
      vertex 3.7492 -3.7492 3.85031
      vertex 3.31292 -4.0368 3.77782
      vertex 3.69264 -3.69264 3.77782
    endloop
  endfacet
  facet normal 0.451276 -0.49791 -0.740564
    outer loop
      vertex 3.36366 -4.09863 3.85031
      vertex 3.31292 -4.0368 3.77782
      vertex 3.7492 -3.7492 3.85031
    endloop
  endfacet
  facet normal 0.49788 -0.549329 -0.671083
    outer loop
      vertex 3.69264 -3.69264 3.77782
      vertex 3.26693 -3.98076 3.69783
      vertex 3.64138 -3.64138 3.69783
    endloop
  endfacet
  facet normal 0.497875 -0.549317 -0.671097
    outer loop
      vertex 3.31292 -4.0368 3.77782
      vertex 3.26693 -3.98076 3.69783
      vertex 3.69264 -3.69264 3.77782
    endloop
  endfacet
  facet normal 0.539614 -0.595389 -0.595255
    outer loop
      vertex 3.64138 -3.64138 3.69783
      vertex 3.22613 -3.93105 3.61113
      vertex 3.59591 -3.59591 3.61113
    endloop
  endfacet
  facet normal 0.539605 -0.595365 -0.595288
    outer loop
      vertex 3.26693 -3.98076 3.69783
      vertex 3.22613 -3.93105 3.61113
      vertex 3.64138 -3.64138 3.69783
    endloop
  endfacet
  facet normal 0.576199 -0.635752 -0.513629
    outer loop
      vertex 3.59591 -3.59591 3.61113
      vertex 3.19093 -3.88815 3.51854
      vertex 3.55667 -3.55667 3.51854
    endloop
  endfacet
  facet normal 0.5762 -0.635756 -0.513621
    outer loop
      vertex 3.22613 -3.93105 3.61113
      vertex 3.19093 -3.88815 3.51854
      vertex 3.59591 -3.59591 3.61113
    endloop
  endfacet
  facet normal 0.607216 -0.669943 -0.427159
    outer loop
      vertex 3.55667 -3.55667 3.51854
      vertex 3.16165 -3.85248 3.42095
      vertex 3.52403 -3.52403 3.42095
    endloop
  endfacet
  facet normal 0.607228 -0.669987 -0.427073
    outer loop
      vertex 3.19093 -3.88815 3.51854
      vertex 3.16165 -3.85248 3.42095
      vertex 3.55667 -3.55667 3.51854
    endloop
  endfacet
  facet normal 0.632377 -0.697719 -0.336581
    outer loop
      vertex 3.52403 -3.52403 3.42095
      vertex 3.13857 -3.82436 3.31931
      vertex 3.49831 -3.49831 3.31931
    endloop
  endfacet
  facet normal 0.632374 -0.697701 -0.336625
    outer loop
      vertex 3.16165 -3.85248 3.42095
      vertex 3.13857 -3.82436 3.31931
      vertex 3.52403 -3.52403 3.42095
    endloop
  endfacet
  facet normal 0.651485 -0.718819 -0.242627
    outer loop
      vertex 3.49831 -3.49831 3.31931
      vertex 3.12193 -3.80409 3.2146
      vertex 3.47977 -3.47977 3.2146
    endloop
  endfacet
  facet normal 0.651485 -0.718801 -0.242678
    outer loop
      vertex 3.13857 -3.82436 3.31931
      vertex 3.12193 -3.80409 3.2146
      vertex 3.49831 -3.49831 3.31931
    endloop
  endfacet
  facet normal 0.664312 -0.732946 -0.146556
    outer loop
      vertex 3.47977 -3.47977 3.2146
      vertex 3.11189 -3.79185 3.10782
      vertex 3.46857 -3.46857 3.10782
    endloop
  endfacet
  facet normal 0.664307 -0.732966 -0.14648
    outer loop
      vertex 3.12193 -3.80409 3.2146
      vertex 3.11189 -3.79185 3.10782
      vertex 3.47977 -3.47977 3.2146
    endloop
  endfacet
  facet normal 0.670759 -0.740051 -0.0490682
    outer loop
      vertex 3.46857 -3.46857 3.10782
      vertex 3.10853 -3.78775 3
      vertex 3.46482 -3.46482 3
    endloop
  endfacet
  facet normal 0.670755 -0.740055 -0.0490444
    outer loop
      vertex 3.11189 -3.79185 3.10782
      vertex 3.10853 -3.78775 3
      vertex 3.46857 -3.46857 3.10782
    endloop
  endfacet
  facet normal 0.670755 -0.740054 0.0490682
    outer loop
      vertex 3.46482 -3.46482 3
      vertex 3.11189 -3.79185 2.89218
      vertex 3.46857 -3.46857 2.89218
    endloop
  endfacet
  facet normal 0.670759 -0.740052 0.0490444
    outer loop
      vertex 3.46482 -3.46482 3
      vertex 3.10853 -3.78775 3
      vertex 3.11189 -3.79185 2.89218
    endloop
  endfacet
  facet normal 0.6643 -0.732958 0.146556
    outer loop
      vertex 3.46857 -3.46857 2.89218
      vertex 3.12193 -3.80409 2.7854
      vertex 3.47977 -3.47977 2.7854
    endloop
  endfacet
  facet normal 0.66432 -0.732955 0.14648
    outer loop
      vertex 3.46857 -3.46857 2.89218
      vertex 3.11189 -3.79185 2.89218
      vertex 3.12193 -3.80409 2.7854
    endloop
  endfacet
  facet normal 0.651493 -0.718811 0.242627
    outer loop
      vertex 3.47977 -3.47977 2.7854
      vertex 3.13857 -3.82436 2.68069
      vertex 3.49831 -3.49831 2.68069
    endloop
  endfacet
  facet normal 0.651476 -0.718809 0.242678
    outer loop
      vertex 3.47977 -3.47977 2.7854
      vertex 3.12193 -3.80409 2.7854
      vertex 3.13857 -3.82436 2.68069
    endloop
  endfacet
  facet normal 0.632385 -0.697712 0.336581
    outer loop
      vertex 3.49831 -3.49831 2.68069
      vertex 3.16165 -3.85248 2.57905
      vertex 3.52403 -3.52403 2.57905
    endloop
  endfacet
  facet normal 0.632367 -0.697708 0.336625
    outer loop
      vertex 3.49831 -3.49831 2.68069
      vertex 3.13857 -3.82436 2.68069
      vertex 3.16165 -3.85248 2.57905
    endloop
  endfacet
  facet normal 0.6072 -0.669957 0.427159
    outer loop
      vertex 3.52403 -3.52403 2.57905
      vertex 3.19093 -3.88815 2.48146
      vertex 3.55667 -3.55667 2.48146
    endloop
  endfacet
  facet normal 0.607243 -0.669973 0.427073
    outer loop
      vertex 3.52403 -3.52403 2.57905
      vertex 3.16165 -3.85248 2.57905
      vertex 3.19093 -3.88815 2.48146
    endloop
  endfacet
  facet normal 0.576197 -0.635753 0.513629
    outer loop
      vertex 3.55667 -3.55667 2.48146
      vertex 3.22613 -3.93105 2.38887
      vertex 3.59591 -3.59591 2.38887
    endloop
  endfacet
  facet normal 0.576202 -0.635755 0.513621
    outer loop
      vertex 3.55667 -3.55667 2.48146
      vertex 3.19093 -3.88815 2.48146
      vertex 3.22613 -3.93105 2.38887
    endloop
  endfacet
  facet normal 0.539621 -0.595383 0.595255
    outer loop
      vertex 3.59591 -3.59591 2.38887
      vertex 3.26693 -3.98076 2.30217
      vertex 3.64138 -3.64138 2.30217
    endloop
  endfacet
  facet normal 0.539598 -0.595371 0.595288
    outer loop
      vertex 3.59591 -3.59591 2.38887
      vertex 3.22613 -3.93105 2.38887
      vertex 3.26693 -3.98076 2.30217
    endloop
  endfacet
  facet normal 0.497883 -0.549326 0.671083
    outer loop
      vertex 3.64138 -3.64138 2.30217
      vertex 3.31292 -4.0368 2.22218
      vertex 3.69264 -3.69264 2.22218
    endloop
  endfacet
  facet normal 0.497872 -0.54932 0.671097
    outer loop
      vertex 3.64138 -3.64138 2.30217
      vertex 3.26693 -3.98076 2.30217
      vertex 3.31292 -4.0368 2.22218
    endloop
  endfacet
  facet normal 0.451264 -0.497898 0.74058
    outer loop
      vertex 3.69264 -3.69264 2.22218
      vertex 3.36366 -4.09863 2.14969
      vertex 3.7492 -3.7492 2.14969
    endloop
  endfacet
  facet normal 0.451279 -0.497907 0.740564
    outer loop
      vertex 3.69264 -3.69264 2.22218
      vertex 3.31292 -4.0368 2.22218
      vertex 3.36366 -4.09863 2.14969
    endloop
  endfacet
  facet normal 0.40037 -0.441756 0.802842
    outer loop
      vertex 3.7492 -3.7492 2.14969
      vertex 3.41866 -4.16565 2.08538
      vertex 3.81051 -3.81051 2.08538
    endloop
  endfacet
  facet normal 0.400396 -0.441773 0.80282
    outer loop
      vertex 3.7492 -3.7492 2.14969
      vertex 3.36366 -4.09863 2.14969
      vertex 3.41866 -4.16565 2.08538
    endloop
  endfacet
  facet normal 0.345531 -0.381236 0.857477
    outer loop
      vertex 3.81051 -3.81051 2.08538
      vertex 3.4774 -4.23723 2.02989
      vertex 3.87598 -3.87598 2.02989
    endloop
  endfacet
  facet normal 0.345504 -0.381218 0.857496
    outer loop
      vertex 3.81051 -3.81051 2.08538
      vertex 3.41866 -4.16565 2.08538
      vertex 3.4774 -4.23723 2.02989
    endloop
  endfacet
  facet normal 0.287452 -0.317152 0.903762
    outer loop
      vertex 3.87598 -3.87598 2.02989
      vertex 3.53931 -4.31266 1.98373
      vertex 3.94498 -3.94498 1.98373
    endloop
  endfacet
  facet normal 0.287443 -0.317146 0.903767
    outer loop
      vertex 3.87598 -3.87598 2.02989
      vertex 3.4774 -4.23723 2.02989
      vertex 3.53931 -4.31266 1.98373
    endloop
  endfacet
  facet normal 0.2265 -0.249901 0.941407
    outer loop
      vertex 3.94498 -3.94498 1.98373
      vertex 3.60379 -4.39123 1.94736
      vertex 4.01685 -4.01685 1.94736
    endloop
  endfacet
  facet normal 0.226496 -0.249899 0.941409
    outer loop
      vertex 3.94498 -3.94498 1.98373
      vertex 3.53931 -4.31266 1.98373
      vertex 3.60379 -4.39123 1.94736
    endloop
  endfacet
  facet normal 0.16329 -0.180168 0.969988
    outer loop
      vertex 4.01685 -4.01685 1.94736
      vertex 3.67022 -4.47217 1.92114
      vertex 4.0909 -4.0909 1.92114
    endloop
  endfacet
  facet normal 0.163311 -0.180184 0.969981
    outer loop
      vertex 4.01685 -4.01685 1.94736
      vertex 3.60379 -4.39123 1.94736
      vertex 3.67022 -4.47217 1.92114
    endloop
  endfacet
  facet normal 0.0986654 -0.108859 0.989149
    outer loop
      vertex 4.0909 -4.0909 1.92114
      vertex 3.73796 -4.55472 1.9053
      vertex 4.1664 -4.1664 1.9053
    endloop
  endfacet
  facet normal 0.0986518 -0.108849 0.989151
    outer loop
      vertex 4.0909 -4.0909 1.92114
      vertex 3.67022 -4.47217 1.92114
      vertex 3.73796 -4.55472 1.9053
    endloop
  endfacet
  facet normal 0.0330111 -0.0364222 0.998791
    outer loop
      vertex 4.1664 -4.1664 1.9053
      vertex 3.80636 -4.63806 1.9
      vertex 4.24264 -4.24264 1.9
    endloop
  endfacet
  facet normal 0.0330126 -0.0364234 0.998791
    outer loop
      vertex 4.1664 -4.1664 1.9053
      vertex 3.73796 -4.55472 1.9053
      vertex 3.80636 -4.63806 1.9
    endloop
  endfacet
  facet normal 0.0292833 -0.0394842 -0.998791
    outer loop
      vertex 3.80636 -4.63806 4.1
      vertex 3.27352 -4.89917 4.0947
      vertex 3.73796 -4.55472 4.0947
    endloop
  endfacet
  facet normal 0.0292823 -0.0394822 -0.998791
    outer loop
      vertex 3.33342 -4.98882 4.1
      vertex 3.27352 -4.89917 4.0947
      vertex 3.80636 -4.63806 4.1
    endloop
  endfacet
  facet normal 0.0875096 -0.117992 -0.989151
    outer loop
      vertex 3.73796 -4.55472 4.0947
      vertex 3.2142 -4.81038 4.07886
      vertex 3.67022 -4.47217 4.07886
    endloop
  endfacet
  facet normal 0.0875119 -0.117997 -0.98915
    outer loop
      vertex 3.27352 -4.89917 4.0947
      vertex 3.2142 -4.81038 4.07886
      vertex 3.73796 -4.55472 4.0947
    endloop
  endfacet
  facet normal 0.144915 -0.195395 -0.969959
    outer loop
      vertex 3.67022 -4.47217 4.07886
      vertex 3.15602 -4.72332 4.05263
      vertex 3.60379 -4.39123 4.05263
    endloop
  endfacet
  facet normal 0.144914 -0.195393 -0.969959
    outer loop
      vertex 3.2142 -4.81038 4.07886
      vertex 3.15602 -4.72332 4.05263
      vertex 3.67022 -4.47217 4.07886
    endloop
  endfacet
  facet normal 0.200862 -0.27083 -0.941438
    outer loop
      vertex 3.60379 -4.39123 4.05263
      vertex 3.09955 -4.63881 4.01627
      vertex 3.53931 -4.31266 4.01627
    endloop
  endfacet
  facet normal 0.200863 -0.270831 -0.941438
    outer loop
      vertex 3.15602 -4.72332 4.05263
      vertex 3.09955 -4.63881 4.01627
      vertex 3.60379 -4.39123 4.05263
    endloop
  endfacet
  facet normal 0.254976 -0.343793 -0.903766
    outer loop
      vertex 3.53931 -4.31266 4.01627
      vertex 3.04534 -4.55767 3.97011
      vertex 3.4774 -4.23723 3.97011
    endloop
  endfacet
  facet normal 0.254977 -0.343795 -0.903765
    outer loop
      vertex 3.09955 -4.63881 4.01627
      vertex 3.04534 -4.55767 3.97011
      vertex 3.53931 -4.31266 4.01627
    endloop
  endfacet
  facet normal 0.306485 -0.413238 -0.857497
    outer loop
      vertex 3.4774 -4.23723 3.97011
      vertex 2.9939 -4.48068 3.91462
      vertex 3.41866 -4.16565 3.91462
    endloop
  endfacet
  facet normal 0.30649 -0.413251 -0.857489
    outer loop
      vertex 3.04534 -4.55767 3.97011
      vertex 2.9939 -4.48068 3.91462
      vertex 3.4774 -4.23723 3.97011
    endloop
  endfacet
  facet normal 0.35517 -0.478888 -0.802821
    outer loop
      vertex 3.41866 -4.16565 3.91462
      vertex 2.94573 -4.40859 3.85031
      vertex 3.36366 -4.09863 3.85031
    endloop
  endfacet
  facet normal 0.355163 -0.478873 -0.802832
    outer loop
      vertex 2.9939 -4.48068 3.91462
      vertex 2.94573 -4.40859 3.85031
      vertex 3.41866 -4.16565 3.91462
    endloop
  endfacet
  facet normal 0.400304 -0.53974 -0.740565
    outer loop
      vertex 3.36366 -4.09863 3.85031
      vertex 2.90129 -4.34209 3.77782
      vertex 3.31292 -4.0368 3.77782
    endloop
  endfacet
  facet normal 0.400308 -0.539749 -0.740557
    outer loop
      vertex 2.94573 -4.40859 3.85031
      vertex 2.90129 -4.34209 3.77782
      vertex 3.36366 -4.09863 3.85031
    endloop
  endfacet
  facet normal 0.441633 -0.595474 -0.671097
    outer loop
      vertex 3.31292 -4.0368 3.77782
      vertex 2.86101 -4.28181 3.69783
      vertex 3.26693 -3.98076 3.69783
    endloop
  endfacet
  facet normal 0.441626 -0.595455 -0.671118
    outer loop
      vertex 2.90129 -4.34209 3.77782
      vertex 2.86101 -4.28181 3.69783
      vertex 3.31292 -4.0368 3.77782
    endloop
  endfacet
  facet normal 0.47866 -0.645383 -0.595286
    outer loop
      vertex 3.26693 -3.98076 3.69783
      vertex 2.82529 -4.22834 3.61113
      vertex 3.22613 -3.93105 3.61113
    endloop
  endfacet
  facet normal 0.478668 -0.645411 -0.595249
    outer loop
      vertex 2.86101 -4.28181 3.69783
      vertex 2.82529 -4.22834 3.61113
      vertex 3.26693 -3.98076 3.69783
    endloop
  endfacet
  facet normal 0.511119 -0.689164 -0.513625
    outer loop
      vertex 3.22613 -3.93105 3.61113
      vertex 2.79445 -4.1822 3.51854
      vertex 3.19093 -3.88815 3.51854
    endloop
  endfacet
  facet normal 0.511114 -0.689142 -0.51366
    outer loop
      vertex 2.82529 -4.22834 3.61113
      vertex 2.79445 -4.1822 3.51854
      vertex 3.22613 -3.93105 3.61113
    endloop
  endfacet
  facet normal 0.538631 -0.726284 -0.427069
    outer loop
      vertex 3.19093 -3.88815 3.51854
      vertex 2.76881 -4.14382 3.42095
      vertex 3.16165 -3.85248 3.42095
    endloop
  endfacet
  facet normal 0.538625 -0.726251 -0.427133
    outer loop
      vertex 2.79445 -4.1822 3.51854
      vertex 2.76881 -4.14382 3.42095
      vertex 3.19093 -3.88815 3.51854
    endloop
  endfacet
  facet normal 0.560941 -0.756326 -0.336624
    outer loop
      vertex 3.16165 -3.85248 3.42095
      vertex 2.74861 -4.11358 3.31931
      vertex 3.13857 -3.82436 3.31931
    endloop
  endfacet
  facet normal 0.560944 -0.756371 -0.336518
    outer loop
      vertex 2.76881 -4.14382 3.42095
      vertex 2.74861 -4.11358 3.31931
      vertex 3.16165 -3.85248 3.42095
    endloop
  endfacet
  facet normal 0.577894 -0.779197 -0.242675
    outer loop
      vertex 3.13857 -3.82436 3.31931
      vertex 2.73404 -4.09177 3.2146
      vertex 3.12193 -3.80409 3.2146
    endloop
  endfacet
  facet normal 0.577895 -0.779185 -0.242708
    outer loop
      vertex 2.74861 -4.11358 3.31931
      vertex 2.73404 -4.09177 3.2146
      vertex 3.13857 -3.82436 3.31931
    endloop
  endfacet
  facet normal 0.589261 -0.794552 -0.146483
    outer loop
      vertex 3.12193 -3.80409 3.2146
      vertex 2.72524 -4.0786 3.10782
      vertex 3.11189 -3.79185 3.10782
    endloop
  endfacet
  facet normal 0.589268 -0.794533 -0.146559
    outer loop
      vertex 2.73404 -4.09177 3.2146
      vertex 2.72524 -4.0786 3.10782
      vertex 3.12193 -3.80409 3.2146
    endloop
  endfacet
  facet normal 0.594975 -0.802246 -0.0490477
    outer loop
      vertex 3.11189 -3.79185 3.10782
      vertex 2.72229 -4.0742 3
      vertex 3.10853 -3.78775 3
    endloop
  endfacet
  facet normal 0.594971 -0.802251 -0.0490175
    outer loop
      vertex 2.72524 -4.0786 3.10782
      vertex 2.72229 -4.0742 3
      vertex 3.11189 -3.79185 3.10782
    endloop
  endfacet
  facet normal 0.59497 -0.80225 0.0490477
    outer loop
      vertex 3.10853 -3.78775 3
      vertex 2.72524 -4.0786 2.89218
      vertex 3.11189 -3.79185 2.89218
    endloop
  endfacet
  facet normal 0.594976 -0.802247 0.0490175
    outer loop
      vertex 3.10853 -3.78775 3
      vertex 2.72229 -4.0742 3
      vertex 2.72524 -4.0786 2.89218
    endloop
  endfacet
  facet normal 0.589275 -0.794542 0.146484
    outer loop
      vertex 3.11189 -3.79185 2.89218
      vertex 2.73404 -4.09177 2.7854
      vertex 3.12193 -3.80409 2.7854
    endloop
  endfacet
  facet normal 0.589255 -0.794543 0.146559
    outer loop
      vertex 3.11189 -3.79185 2.89218
      vertex 2.72524 -4.0786 2.89218
      vertex 2.73404 -4.09177 2.7854
    endloop
  endfacet
  facet normal 0.5779 -0.779192 0.242675
    outer loop
      vertex 3.12193 -3.80409 2.7854
      vertex 2.74861 -4.11358 2.68069
      vertex 3.13857 -3.82436 2.68069
    endloop
  endfacet
  facet normal 0.577889 -0.77919 0.242708
    outer loop
      vertex 3.12193 -3.80409 2.7854
      vertex 2.73404 -4.09177 2.7854
      vertex 2.74861 -4.11358 2.68069
    endloop
  endfacet
  facet normal 0.560922 -0.756341 0.336623
    outer loop
      vertex 3.13857 -3.82436 2.68069
      vertex 2.76881 -4.14382 2.57905
      vertex 3.16165 -3.85248 2.57905
    endloop
  endfacet
  facet normal 0.560964 -0.756357 0.336518
    outer loop
      vertex 3.13857 -3.82436 2.68069
      vertex 2.74861 -4.11358 2.68069
      vertex 2.76881 -4.14382 2.57905
    endloop
  endfacet
  facet normal 0.538643 -0.726275 0.427069
    outer loop
      vertex 3.16165 -3.85248 2.57905
      vertex 2.79445 -4.1822 2.48146
      vertex 3.19093 -3.88815 2.48146
    endloop
  endfacet
  facet normal 0.538613 -0.72626 0.427133
    outer loop
      vertex 3.16165 -3.85248 2.57905
      vertex 2.76881 -4.14382 2.57905
      vertex 2.79445 -4.1822 2.48146
    endloop
  endfacet
  facet normal 0.511126 -0.689158 0.513625
    outer loop
      vertex 3.19093 -3.88815 2.48146
      vertex 2.82529 -4.22834 2.38887
      vertex 3.22613 -3.93105 2.38887
    endloop
  endfacet
  facet normal 0.511107 -0.689147 0.51366
    outer loop
      vertex 3.19093 -3.88815 2.48146
      vertex 2.79445 -4.1822 2.48146
      vertex 2.82529 -4.22834 2.38887
    endloop
  endfacet
  facet normal 0.478652 -0.645389 0.595286
    outer loop
      vertex 3.22613 -3.93105 2.38887
      vertex 2.86101 -4.28181 2.30217
      vertex 3.26693 -3.98076 2.30217
    endloop
  endfacet
  facet normal 0.478676 -0.645405 0.595249
    outer loop
      vertex 3.22613 -3.93105 2.38887
      vertex 2.82529 -4.22834 2.38887
      vertex 2.86101 -4.28181 2.30217
    endloop
  endfacet
  facet normal 0.441637 -0.59547 0.671097
    outer loop
      vertex 3.26693 -3.98076 2.30217
      vertex 2.90129 -4.34209 2.22218
      vertex 3.31292 -4.0368 2.22218
    endloop
  endfacet
  facet normal 0.441621 -0.595459 0.671118
    outer loop
      vertex 3.26693 -3.98076 2.30217
      vertex 2.86101 -4.28181 2.30217
      vertex 2.90129 -4.34209 2.22218
    endloop
  endfacet
  facet normal 0.400302 -0.539742 0.740565
    outer loop
      vertex 3.31292 -4.0368 2.22218
      vertex 2.94573 -4.40859 2.14969
      vertex 3.36366 -4.09863 2.14969
    endloop
  endfacet
  facet normal 0.40031 -0.539748 0.740557
    outer loop
      vertex 3.31292 -4.0368 2.22218
      vertex 2.90129 -4.34209 2.22218
      vertex 2.94573 -4.40859 2.14969
    endloop
  endfacet
  facet normal 0.355173 -0.478885 0.802821
    outer loop
      vertex 3.36366 -4.09863 2.14969
      vertex 2.9939 -4.48068 2.08538
      vertex 3.41866 -4.16565 2.08538
    endloop
  endfacet
  facet normal 0.35516 -0.478875 0.802833
    outer loop
      vertex 3.36366 -4.09863 2.14969
      vertex 2.94573 -4.40859 2.14969
      vertex 2.9939 -4.48068 2.08538
    endloop
  endfacet
  facet normal 0.306482 -0.41324 0.857497
    outer loop
      vertex 3.41866 -4.16565 2.08538
      vertex 3.04534 -4.55767 2.02989
      vertex 3.4774 -4.23723 2.02989
    endloop
  endfacet
  facet normal 0.306493 -0.413249 0.857489
    outer loop
      vertex 3.41866 -4.16565 2.08538
      vertex 2.9939 -4.48068 2.08538
      vertex 3.04534 -4.55767 2.02989
    endloop
  endfacet
  facet normal 0.254976 -0.343793 0.903766
    outer loop
      vertex 3.4774 -4.23723 2.02989
      vertex 3.09955 -4.63881 1.98373
      vertex 3.53931 -4.31266 1.98373
    endloop
  endfacet
  facet normal 0.254977 -0.343795 0.903765
    outer loop
      vertex 3.4774 -4.23723 2.02989
      vertex 3.04534 -4.55767 2.02989
      vertex 3.09955 -4.63881 1.98373
    endloop
  endfacet
  facet normal 0.200911 -0.270896 0.941409
    outer loop
      vertex 3.53931 -4.31266 1.98373
      vertex 3.15602 -4.72332 1.94736
      vertex 3.60379 -4.39123 1.94736
    endloop
  endfacet
  facet normal 0.200912 -0.270897 0.941408
    outer loop
      vertex 3.53931 -4.31266 1.98373
      vertex 3.09955 -4.63881 1.98373
      vertex 3.15602 -4.72332 1.94736
    endloop
  endfacet
  facet normal 0.144864 -0.195325 0.969981
    outer loop
      vertex 3.60379 -4.39123 1.94736
      vertex 3.2142 -4.81038 1.92114
      vertex 3.67022 -4.47217 1.92114
    endloop
  endfacet
  facet normal 0.144862 -0.195323 0.969981
    outer loop
      vertex 3.60379 -4.39123 1.94736
      vertex 3.15602 -4.72332 1.94736
      vertex 3.2142 -4.81038 1.92114
    endloop
  endfacet
  facet normal 0.0875089 -0.117993 0.989151
    outer loop
      vertex 3.67022 -4.47217 1.92114
      vertex 3.27352 -4.89917 1.9053
      vertex 3.73796 -4.55472 1.9053
    endloop
  endfacet
  facet normal 0.0875127 -0.117996 0.98915
    outer loop
      vertex 3.67022 -4.47217 1.92114
      vertex 3.2142 -4.81038 1.92114
      vertex 3.27352 -4.89917 1.9053
    endloop
  endfacet
  facet normal 0.0292836 -0.039484 0.998791
    outer loop
      vertex 3.73796 -4.55472 1.9053
      vertex 3.33342 -4.98882 1.9
      vertex 3.80636 -4.63806 1.9
    endloop
  endfacet
  facet normal 0.029282 -0.0394824 0.998791
    outer loop
      vertex 3.73796 -4.55472 1.9053
      vertex 3.27352 -4.89917 1.9053
      vertex 3.33342 -4.98882 1.9
    endloop
  endfacet
  facet normal 0.0252709 -0.0421624 -0.998791
    outer loop
      vertex 3.33342 -4.98882 4.1
      vertex 2.77755 -5.19644 4.0947
      vertex 3.27352 -4.89917 4.0947
    endloop
  endfacet
  facet normal 0.0252704 -0.0421611 -0.998791
    outer loop
      vertex 2.82838 -5.29153 4.1
      vertex 2.77755 -5.19644 4.0947
      vertex 3.33342 -4.98882 4.1
    endloop
  endfacet
  facet normal 0.0755257 -0.126005 -0.98915
    outer loop
      vertex 3.27352 -4.89917 4.0947
      vertex 2.72722 -5.10227 4.07886
      vertex 3.2142 -4.81038 4.07886
    endloop
  endfacet
  facet normal 0.0755291 -0.126014 -0.989149
    outer loop
      vertex 2.77755 -5.19644 4.0947
      vertex 2.72722 -5.10227 4.07886
      vertex 3.27352 -4.89917 4.0947
    endloop
  endfacet
  facet normal 0.125065 -0.208658 -0.969959
    outer loop
      vertex 3.2142 -4.81038 4.07886
      vertex 2.67786 -5.00992 4.05263
      vertex 3.15602 -4.72332 4.05263
    endloop
  endfacet
  facet normal 0.125063 -0.208651 -0.969961
    outer loop
      vertex 2.72722 -5.10227 4.07886
      vertex 2.67786 -5.00992 4.05263
      vertex 3.2142 -4.81038 4.07886
    endloop
  endfacet
  facet normal 0.173348 -0.289217 -0.941437
    outer loop
      vertex 3.15602 -4.72332 4.05263
      vertex 2.62994 -4.92028 4.01627
      vertex 3.09955 -4.63881 4.01627
    endloop
  endfacet
  facet normal 0.173343 -0.289204 -0.941442
    outer loop
      vertex 2.67786 -5.00992 4.05263
      vertex 2.62994 -4.92028 4.01627
      vertex 3.15602 -4.72332 4.05263
    endloop
  endfacet
  facet normal 0.220048 -0.367131 -0.903766
    outer loop
      vertex 3.09955 -4.63881 4.01627
      vertex 2.58394 -4.83422 3.97011
      vertex 3.04534 -4.55767 3.97011
    endloop
  endfacet
  facet normal 0.220049 -0.367134 -0.903765
    outer loop
      vertex 2.62994 -4.92028 4.01627
      vertex 2.58394 -4.83422 3.97011
      vertex 3.09955 -4.63881 4.01627
    endloop
  endfacet
  facet normal 0.264508 -0.441301 -0.85749
    outer loop
      vertex 3.04534 -4.55767 3.97011
      vertex 2.5403 -4.75256 3.91462
      vertex 2.9939 -4.48068 3.91462
    endloop
  endfacet
  facet normal 0.264514 -0.441319 -0.857479
    outer loop
      vertex 2.58394 -4.83422 3.97011
      vertex 2.5403 -4.75256 3.91462
      vertex 3.04534 -4.55767 3.97011
    endloop
  endfacet
  facet normal 0.306504 -0.511386 -0.802832
    outer loop
      vertex 2.9939 -4.48068 3.91462
      vertex 2.49942 -4.67609 3.85031
      vertex 2.94573 -4.40859 3.85031
    endloop
  endfacet
  facet normal 0.306492 -0.511346 -0.802862
    outer loop
      vertex 2.5403 -4.75256 3.91462
      vertex 2.49942 -4.67609 3.85031
      vertex 2.9939 -4.48068 3.91462
    endloop
  endfacet
  facet normal 0.345467 -0.576395 -0.740555
    outer loop
      vertex 2.94573 -4.40859 3.85031
      vertex 2.46172 -4.60555 3.77782
      vertex 2.90129 -4.34209 3.77782
    endloop
  endfacet
  facet normal 0.345467 -0.576394 -0.740556
    outer loop
      vertex 2.49942 -4.67609 3.85031
      vertex 2.46172 -4.60555 3.77782
      vertex 2.94573 -4.40859 3.85031
    endloop
  endfacet
  facet normal 0.381135 -0.635875 -0.671117
    outer loop
      vertex 2.90129 -4.34209 3.77782
      vertex 2.42755 -4.54162 3.69783
      vertex 2.86101 -4.28181 3.69783
    endloop
  endfacet
  facet normal 0.381147 -0.635924 -0.671064
    outer loop
      vertex 2.46172 -4.60555 3.77782
      vertex 2.42755 -4.54162 3.69783
      vertex 2.90129 -4.34209 3.77782
    endloop
  endfacet
  facet normal 0.413102 -0.689217 -0.595253
    outer loop
      vertex 2.86101 -4.28181 3.69783
      vertex 2.39723 -4.48491 3.61113
      vertex 2.82529 -4.22834 3.61113
    endloop
  endfacet
  facet normal 0.413099 -0.689204 -0.59527
    outer loop
      vertex 2.42755 -4.54162 3.69783
      vertex 2.39723 -4.48491 3.61113
      vertex 2.86101 -4.28181 3.69783
    endloop
  endfacet
  facet normal 0.441093 -0.735932 -0.513654
    outer loop
      vertex 2.82529 -4.22834 3.61113
      vertex 2.37107 -4.43596 3.51854
      vertex 2.79445 -4.1822 3.51854
    endloop
  endfacet
  facet normal 0.441091 -0.735914 -0.513683
    outer loop
      vertex 2.39723 -4.48491 3.61113
      vertex 2.37107 -4.43596 3.51854
      vertex 2.82529 -4.22834 3.61113
    endloop
  endfacet
  facet normal 0.464847 -0.775546 -0.427136
    outer loop
      vertex 2.79445 -4.1822 3.51854
      vertex 2.34931 -4.39526 3.42095
      vertex 2.76881 -4.14382 3.42095
    endloop
  endfacet
  facet normal 0.464848 -0.775566 -0.427099
    outer loop
      vertex 2.37107 -4.43596 3.51854
      vertex 2.34931 -4.39526 3.42095
      vertex 2.79445 -4.1822 3.51854
    endloop
  endfacet
  facet normal 0.484126 -0.807697 -0.336522
    outer loop
      vertex 2.76881 -4.14382 3.42095
      vertex 2.33217 -4.36319 3.31931
      vertex 2.74861 -4.11358 3.31931
    endloop
  endfacet
  facet normal 0.484125 -0.80771 -0.336493
    outer loop
      vertex 2.34931 -4.39526 3.42095
      vertex 2.33217 -4.36319 3.31931
      vertex 2.76881 -4.14382 3.42095
    endloop
  endfacet
  facet normal 0.498731 -0.832081 -0.24271
    outer loop
      vertex 2.74861 -4.11358 3.31931
      vertex 2.31981 -4.34005 3.2146
      vertex 2.73404 -4.09177 3.2146
    endloop
  endfacet
  facet normal 0.498733 -0.832068 -0.24275
    outer loop
      vertex 2.33217 -4.36319 3.31931
      vertex 2.31981 -4.34005 3.2146
      vertex 2.74861 -4.11358 3.31931
    endloop
  endfacet
  facet normal 0.508562 -0.84846 -0.146559
    outer loop
      vertex 2.73404 -4.09177 3.2146
      vertex 2.31234 -4.32609 3.10782
      vertex 2.72524 -4.0786 3.10782
    endloop
  endfacet
  facet normal 0.508556 -0.848474 -0.146503
    outer loop
      vertex 2.31981 -4.34005 3.2146
      vertex 2.31234 -4.32609 3.10782
      vertex 2.73404 -4.09177 3.2146
    endloop
  endfacet
  facet normal 0.51348 -0.856701 -0.0490099
    outer loop
      vertex 2.72524 -4.0786 3.10782
      vertex 2.30984 -4.32141 3
      vertex 2.72229 -4.0742 3
    endloop
  endfacet
  facet normal 0.513494 -0.856688 -0.0490914
    outer loop
      vertex 2.31234 -4.32609 3.10782
      vertex 2.30984 -4.32141 3
      vertex 2.72524 -4.0786 3.10782
    endloop
  endfacet
  facet normal 0.513496 -0.856691 0.04901
    outer loop
      vertex 2.72229 -4.0742 3
      vertex 2.31234 -4.32609 2.89218
      vertex 2.72524 -4.0786 2.89218
    endloop
  endfacet
  facet normal 0.513478 -0.856697 0.0490914
    outer loop
      vertex 2.72229 -4.0742 3
      vertex 2.30984 -4.32141 3
      vertex 2.31234 -4.32609 2.89218
    endloop
  endfacet
  facet normal 0.508552 -0.848467 0.146559
    outer loop
      vertex 2.72524 -4.0786 2.89218
      vertex 2.31981 -4.34005 2.7854
      vertex 2.73404 -4.09177 2.7854
    endloop
  endfacet
  facet normal 0.508567 -0.848467 0.146503
    outer loop
      vertex 2.72524 -4.0786 2.89218
      vertex 2.31234 -4.32609 2.89218
      vertex 2.31981 -4.34005 2.7854
    endloop
  endfacet
  facet normal 0.498738 -0.832077 0.24271
    outer loop
      vertex 2.73404 -4.09177 2.7854
      vertex 2.33217 -4.36319 2.68069
      vertex 2.74861 -4.11358 2.68069
    endloop
  endfacet
  facet normal 0.498725 -0.832073 0.242751
    outer loop
      vertex 2.73404 -4.09177 2.7854
      vertex 2.31981 -4.34005 2.7854
      vertex 2.33217 -4.36319 2.68069
    endloop
  endfacet
  facet normal 0.48412 -0.807701 0.336522
    outer loop
      vertex 2.74861 -4.11358 2.68069
      vertex 2.34931 -4.39526 2.57905
      vertex 2.76881 -4.14382 2.57905
    endloop
  endfacet
  facet normal 0.484131 -0.807706 0.336493
    outer loop
      vertex 2.74861 -4.11358 2.68069
      vertex 2.33217 -4.36319 2.68069
      vertex 2.34931 -4.39526 2.57905
    endloop
  endfacet
  facet normal 0.46484 -0.775551 0.427135
    outer loop
      vertex 2.76881 -4.14382 2.57905
      vertex 2.37107 -4.43596 2.48146
      vertex 2.79445 -4.1822 2.48146
    endloop
  endfacet
  facet normal 0.464856 -0.775561 0.427099
    outer loop
      vertex 2.76881 -4.14382 2.57905
      vertex 2.34931 -4.39526 2.57905
      vertex 2.37107 -4.43596 2.48146
    endloop
  endfacet
  facet normal 0.4411 -0.735928 0.513654
    outer loop
      vertex 2.79445 -4.1822 2.48146
      vertex 2.39723 -4.48491 2.38887
      vertex 2.82529 -4.22834 2.38887
    endloop
  endfacet
  facet normal 0.441084 -0.735917 0.513683
    outer loop
      vertex 2.79445 -4.1822 2.48146
      vertex 2.37107 -4.43596 2.48146
      vertex 2.39723 -4.48491 2.38887
    endloop
  endfacet
  facet normal 0.413106 -0.689215 0.595253
    outer loop
      vertex 2.82529 -4.22834 2.38887
      vertex 2.42755 -4.54162 2.30217
      vertex 2.86101 -4.28181 2.30217
    endloop
  endfacet
  facet normal 0.413095 -0.689206 0.59527
    outer loop
      vertex 2.82529 -4.22834 2.38887
      vertex 2.39723 -4.48491 2.38887
      vertex 2.42755 -4.54162 2.30217
    endloop
  endfacet
  facet normal 0.381122 -0.635883 0.671117
    outer loop
      vertex 2.86101 -4.28181 2.30217
      vertex 2.46172 -4.60555 2.22218
      vertex 2.90129 -4.34209 2.22218
    endloop
  endfacet
  facet normal 0.38116 -0.635917 0.671064
    outer loop
      vertex 2.86101 -4.28181 2.30217
      vertex 2.42755 -4.54162 2.30217
      vertex 2.46172 -4.60555 2.22218
    endloop
  endfacet
  facet normal 0.345467 -0.576395 0.740555
    outer loop
      vertex 2.90129 -4.34209 2.22218
      vertex 2.49942 -4.67609 2.14969
      vertex 2.94573 -4.40859 2.14969
    endloop
  endfacet
  facet normal 0.345466 -0.576394 0.740556
    outer loop
      vertex 2.90129 -4.34209 2.22218
      vertex 2.46172 -4.60555 2.22218
      vertex 2.49942 -4.67609 2.14969
    endloop
  endfacet
  facet normal 0.306513 -0.511381 0.802832
    outer loop
      vertex 2.94573 -4.40859 2.14969
      vertex 2.5403 -4.75256 2.08538
      vertex 2.9939 -4.48068 2.08538
    endloop
  endfacet
  facet normal 0.306483 -0.511351 0.802862
    outer loop
      vertex 2.94573 -4.40859 2.14969
      vertex 2.49942 -4.67609 2.14969
      vertex 2.5403 -4.75256 2.08538
    endloop
  endfacet
  facet normal 0.264505 -0.441304 0.85749
    outer loop
      vertex 2.9939 -4.48068 2.08538
      vertex 2.58394 -4.83422 2.02989
      vertex 3.04534 -4.55767 2.02989
    endloop
  endfacet
  facet normal 0.264518 -0.441317 0.857479
    outer loop
      vertex 2.9939 -4.48068 2.08538
      vertex 2.5403 -4.75256 2.08538
      vertex 2.58394 -4.83422 2.02989
    endloop
  endfacet
  facet normal 0.220048 -0.367132 0.903766
    outer loop
      vertex 3.04534 -4.55767 2.02989
      vertex 2.62994 -4.92028 1.98373
      vertex 3.09955 -4.63881 1.98373
    endloop
  endfacet
  facet normal 0.220049 -0.367134 0.903765
    outer loop
      vertex 3.04534 -4.55767 2.02989
      vertex 2.58394 -4.83422 2.02989
      vertex 2.62994 -4.92028 1.98373
    endloop
  endfacet
  facet normal 0.173392 -0.289286 0.941408
    outer loop
      vertex 3.09955 -4.63881 1.98373
      vertex 2.67786 -5.00992 1.94736
      vertex 3.15602 -4.72332 1.94736
    endloop
  endfacet
  facet normal 0.173383 -0.289276 0.941413
    outer loop
      vertex 3.09955 -4.63881 1.98373
      vertex 2.62994 -4.92028 1.98373
      vertex 2.67786 -5.00992 1.94736
    endloop
  endfacet
  facet normal 0.125022 -0.208582 0.969981
    outer loop
      vertex 3.15602 -4.72332 1.94736
      vertex 2.72722 -5.10227 1.92114
      vertex 3.2142 -4.81038 1.92114
    endloop
  endfacet
  facet normal 0.125017 -0.208577 0.969983
    outer loop
      vertex 3.15602 -4.72332 1.94736
      vertex 2.67786 -5.00992 1.94736
      vertex 2.72722 -5.10227 1.92114
    endloop
  endfacet
  facet normal 0.0755242 -0.126006 0.98915
    outer loop
      vertex 3.2142 -4.81038 1.92114
      vertex 2.77755 -5.19644 1.9053
      vertex 3.27352 -4.89917 1.9053
    endloop
  endfacet
  facet normal 0.0755308 -0.126013 0.989149
    outer loop
      vertex 3.2142 -4.81038 1.92114
      vertex 2.72722 -5.10227 1.92114
      vertex 2.77755 -5.19644 1.9053
    endloop
  endfacet
  facet normal 0.0252712 -0.0421623 0.998791
    outer loop
      vertex 3.27352 -4.89917 1.9053
      vertex 2.82838 -5.29153 1.9
      vertex 3.33342 -4.98882 1.9
    endloop
  endfacet
  facet normal 0.0252702 -0.0421612 0.998791
    outer loop
      vertex 3.27352 -4.89917 1.9053
      vertex 2.77755 -5.19644 1.9053
      vertex 2.82838 -5.29153 1.9
    endloop
  endfacet
  facet normal 0.0210167 -0.0444349 -0.998791
    outer loop
      vertex 2.82838 -5.29153 4.1
      vertex 2.25484 -5.44367 4.0947
      vertex 2.77755 -5.19644 4.0947
    endloop
  endfacet
  facet normal 0.0210174 -0.0444375 -0.998791
    outer loop
      vertex 2.2961 -5.54328 4.1
      vertex 2.25484 -5.44367 4.0947
      vertex 2.82838 -5.29153 4.1
    endloop
  endfacet
  facet normal 0.0628133 -0.13281 -0.989149
    outer loop
      vertex 2.77755 -5.19644 4.0947
      vertex 2.21398 -5.34501 4.07886
      vertex 2.72722 -5.10227 4.07886
    endloop
  endfacet
  facet normal 0.0628099 -0.132797 -0.989151
    outer loop
      vertex 2.25484 -5.44367 4.0947
      vertex 2.21398 -5.34501 4.07886
      vertex 2.77755 -5.19644 4.0947
    endloop
  endfacet
  facet normal 0.104006 -0.219906 -0.969961
    outer loop
      vertex 2.72722 -5.10227 4.07886
      vertex 2.1739 -5.24827 4.05263
      vertex 2.67786 -5.00992 4.05263
    endloop
  endfacet
  facet normal 0.104005 -0.219904 -0.969961
    outer loop
      vertex 2.21398 -5.34501 4.07886
      vertex 2.1739 -5.24827 4.05263
      vertex 2.72722 -5.10227 4.07886
    endloop
  endfacet
  facet normal 0.144164 -0.304802 -0.941442
    outer loop
      vertex 2.67786 -5.00992 4.05263
      vertex 2.13501 -5.15437 4.01627
      vertex 2.62994 -4.92028 4.01627
    endloop
  endfacet
  facet normal 0.144171 -0.304831 -0.941431
    outer loop
      vertex 2.1739 -5.24827 4.05263
      vertex 2.13501 -5.15437 4.01627
      vertex 2.67786 -5.00992 4.05263
    endloop
  endfacet
  facet normal 0.183004 -0.386935 -0.903765
    outer loop
      vertex 2.62994 -4.92028 4.01627
      vertex 2.09766 -5.06421 3.97011
      vertex 2.58394 -4.83422 3.97011
    endloop
  endfacet
  facet normal 0.182997 -0.386906 -0.903778
    outer loop
      vertex 2.13501 -5.15437 4.01627
      vertex 2.09766 -5.06421 3.97011
      vertex 2.62994 -4.92028 4.01627
    endloop
  endfacet
  facet normal 0.219984 -0.465117 -0.85748
    outer loop
      vertex 2.58394 -4.83422 3.97011
      vertex 2.06223 -4.97867 3.91462
      vertex 2.5403 -4.75256 3.91462
    endloop
  endfacet
  facet normal 0.219986 -0.465129 -0.857474
    outer loop
      vertex 2.09766 -5.06421 3.97011
      vertex 2.06223 -4.97867 3.91462
      vertex 2.58394 -4.83422 3.97011
    endloop
  endfacet
  facet normal 0.254896 -0.538928 -0.80286
    outer loop
      vertex 2.5403 -4.75256 3.91462
      vertex 2.02905 -4.89856 3.85031
      vertex 2.49942 -4.67609 3.85031
    endloop
  endfacet
  facet normal 0.254897 -0.538935 -0.802855
    outer loop
      vertex 2.06223 -4.97867 3.91462
      vertex 2.02905 -4.89856 3.85031
      vertex 2.5403 -4.75256 3.91462
    endloop
  endfacet
  facet normal 0.287319 -0.607472 -0.740557
    outer loop
      vertex 2.49942 -4.67609 3.85031
      vertex 1.99844 -4.82467 3.77782
      vertex 2.46172 -4.60555 3.77782
    endloop
  endfacet
  facet normal 0.287322 -0.607486 -0.740545
    outer loop
      vertex 2.02905 -4.89856 3.85031
      vertex 1.99844 -4.82467 3.77782
      vertex 2.49942 -4.67609 3.85031
    endloop
  endfacet
  facet normal 0.316984 -0.670219 -0.671064
    outer loop
      vertex 2.46172 -4.60555 3.77782
      vertex 1.9707 -4.75769 3.69783
      vertex 2.42755 -4.54162 3.69783
    endloop
  endfacet
  facet normal 0.316979 -0.670181 -0.671105
    outer loop
      vertex 1.99844 -4.82467 3.77782
      vertex 1.9707 -4.75769 3.69783
      vertex 2.46172 -4.60555 3.77782
    endloop
  endfacet
  facet normal 0.343548 -0.726383 -0.595266
    outer loop
      vertex 2.42755 -4.54162 3.69783
      vertex 1.94609 -4.69828 3.61113
      vertex 2.39723 -4.48491 3.61113
    endloop
  endfacet
  facet normal 0.343549 -0.726386 -0.595263
    outer loop
      vertex 1.9707 -4.75769 3.69783
      vertex 1.94609 -4.69828 3.61113
      vertex 2.42755 -4.54162 3.69783
    endloop
  endfacet
  facet normal 0.366838 -0.775601 -0.513686
    outer loop
      vertex 2.39723 -4.48491 3.61113
      vertex 1.92485 -4.64701 3.51854
      vertex 2.37107 -4.43596 3.51854
    endloop
  endfacet
  facet normal 0.366839 -0.775629 -0.513643
    outer loop
      vertex 1.94609 -4.69828 3.61113
      vertex 1.92485 -4.64701 3.51854
      vertex 2.39723 -4.48491 3.61113
    endloop
  endfacet
  facet normal 0.386602 -0.817391 -0.427096
    outer loop
      vertex 2.37107 -4.43596 3.51854
      vertex 1.90719 -4.60437 3.42095
      vertex 2.34931 -4.39526 3.42095
    endloop
  endfacet
  facet normal 0.386602 -0.817388 -0.427101
    outer loop
      vertex 1.92485 -4.64701 3.51854
      vertex 1.90719 -4.60437 3.42095
      vertex 2.37107 -4.43596 3.51854
    endloop
  endfacet
  facet normal 0.402616 -0.851277 -0.336494
    outer loop
      vertex 2.34931 -4.39526 3.42095
      vertex 1.89327 -4.57077 3.31931
      vertex 2.33217 -4.36319 3.31931
    endloop
  endfacet
  facet normal 0.402619 -0.851255 -0.336547
    outer loop
      vertex 1.90719 -4.60437 3.42095
      vertex 1.89327 -4.57077 3.31931
      vertex 2.34931 -4.39526 3.42095
    endloop
  endfacet
  facet normal 0.414778 -0.876942 -0.242757
    outer loop
      vertex 2.33217 -4.36319 3.31931
      vertex 1.88324 -4.54654 3.2146
      vertex 2.31981 -4.34005 3.2146
    endloop
  endfacet
  facet normal 0.414769 -0.876973 -0.242662
    outer loop
      vertex 1.89327 -4.57077 3.31931
      vertex 1.88324 -4.54654 3.2146
      vertex 2.33217 -4.36319 3.31931
    endloop
  endfacet
  facet normal 0.422933 -0.894241 -0.146497
    outer loop
      vertex 2.31981 -4.34005 3.2146
      vertex 1.87718 -4.5319 3.10782
      vertex 2.31234 -4.32609 3.10782
    endloop
  endfacet
  facet normal 0.422948 -0.894216 -0.146604
    outer loop
      vertex 1.88324 -4.54654 3.2146
      vertex 1.87718 -4.5319 3.10782
      vertex 2.31981 -4.34005 3.2146
    endloop
  endfacet
  facet normal 0.427051 -0.902894 -0.0490927
    outer loop
      vertex 2.31234 -4.32609 3.10782
      vertex 1.87515 -4.52701 3
      vertex 2.30984 -4.32141 3
    endloop
  endfacet
  facet normal 0.427033 -0.902908 -0.04899
    outer loop
      vertex 1.87718 -4.5319 3.10782
      vertex 1.87515 -4.52701 3
      vertex 2.31234 -4.32609 3.10782
    endloop
  endfacet
  facet normal 0.42703 -0.902904 0.0490926
    outer loop
      vertex 2.30984 -4.32141 3
      vertex 1.87718 -4.5319 2.89218
      vertex 2.31234 -4.32609 2.89218
    endloop
  endfacet
  facet normal 0.427053 -0.902898 0.0489899
    outer loop
      vertex 2.30984 -4.32141 3
      vertex 1.87515 -4.52701 3
      vertex 1.87718 -4.5319 2.89218
    endloop
  endfacet
  facet normal 0.422955 -0.89423 0.146497
    outer loop
      vertex 2.31234 -4.32609 2.89218
      vertex 1.88324 -4.54654 2.7854
      vertex 2.31981 -4.34005 2.7854
    endloop
  endfacet
  facet normal 0.422926 -0.894226 0.146604
    outer loop
      vertex 2.31234 -4.32609 2.89218
      vertex 1.87718 -4.5319 2.89218
      vertex 1.88324 -4.54654 2.7854
    endloop
  endfacet
  facet normal 0.414759 -0.876952 0.242757
    outer loop
      vertex 2.31981 -4.34005 2.7854
      vertex 1.89327 -4.57077 2.68069
      vertex 2.33217 -4.36319 2.68069
    endloop
  endfacet
  facet normal 0.414789 -0.876964 0.242662
    outer loop
      vertex 2.31981 -4.34005 2.7854
      vertex 1.88324 -4.54654 2.7854
      vertex 1.89327 -4.57077 2.68069
    endloop
  endfacet
  facet normal 0.402627 -0.851271 0.336494
    outer loop
      vertex 2.33217 -4.36319 2.68069
      vertex 1.90719 -4.60437 2.57905
      vertex 2.34931 -4.39526 2.57905
    endloop
  endfacet
  facet normal 0.402608 -0.85126 0.336547
    outer loop
      vertex 2.33217 -4.36319 2.68069
      vertex 1.89327 -4.57077 2.68069
      vertex 1.90719 -4.60437 2.57905
    endloop
  endfacet
  facet normal 0.386604 -0.81739 0.427096
    outer loop
      vertex 2.34931 -4.39526 2.57905
      vertex 1.92485 -4.64701 2.48146
      vertex 2.37107 -4.43596 2.48146
    endloop
  endfacet
  facet normal 0.386601 -0.817388 0.427101
    outer loop
      vertex 2.34931 -4.39526 2.57905
      vertex 1.90719 -4.60437 2.57905
      vertex 1.92485 -4.64701 2.48146
    endloop
  endfacet
  facet normal 0.366828 -0.775606 0.513685
    outer loop
      vertex 2.37107 -4.43596 2.48146
      vertex 1.94609 -4.69828 2.38887
      vertex 2.39723 -4.48491 2.38887
    endloop
  endfacet
  facet normal 0.366849 -0.775624 0.513642
    outer loop
      vertex 2.37107 -4.43596 2.48146
      vertex 1.92485 -4.64701 2.48146
      vertex 1.94609 -4.69828 2.38887
    endloop
  endfacet
  facet normal 0.343548 -0.726384 0.595266
    outer loop
      vertex 2.39723 -4.48491 2.38887
      vertex 1.9707 -4.75769 2.30217
      vertex 2.42755 -4.54162 2.30217
    endloop
  endfacet
  facet normal 0.343549 -0.726385 0.595263
    outer loop
      vertex 2.39723 -4.48491 2.38887
      vertex 1.94609 -4.69828 2.38887
      vertex 1.9707 -4.75769 2.30217
    endloop
  endfacet
  facet normal 0.316995 -0.670214 0.671065
    outer loop
      vertex 2.42755 -4.54162 2.30217
      vertex 1.99844 -4.82467 2.22218
      vertex 2.46172 -4.60555 2.22218
    endloop
  endfacet
  facet normal 0.316968 -0.670185 0.671105
    outer loop
      vertex 2.42755 -4.54162 2.30217
      vertex 1.9707 -4.75769 2.30217
      vertex 1.99844 -4.82467 2.22218
    endloop
  endfacet
  facet normal 0.287316 -0.607474 0.740557
    outer loop
      vertex 2.46172 -4.60555 2.22218
      vertex 2.02905 -4.89856 2.14969
      vertex 2.49942 -4.67609 2.14969
    endloop
  endfacet
  facet normal 0.287325 -0.607485 0.740545
    outer loop
      vertex 2.46172 -4.60555 2.22218
      vertex 1.99844 -4.82467 2.22218
      vertex 2.02905 -4.89856 2.14969
    endloop
  endfacet
  facet normal 0.254894 -0.538929 0.80286
    outer loop
      vertex 2.49942 -4.67609 2.14969
      vertex 2.06223 -4.97867 2.08538
      vertex 2.5403 -4.75256 2.08538
    endloop
  endfacet
  facet normal 0.254899 -0.538935 0.802855
    outer loop
      vertex 2.49942 -4.67609 2.14969
      vertex 2.02905 -4.89856 2.14969
      vertex 2.06223 -4.97867 2.08538
    endloop
  endfacet
  facet normal 0.219982 -0.465119 0.85748
    outer loop
      vertex 2.5403 -4.75256 2.08538
      vertex 2.09766 -5.06421 2.02989
      vertex 2.58394 -4.83422 2.02989
    endloop
  endfacet
  facet normal 0.219989 -0.465128 0.857474
    outer loop
      vertex 2.5403 -4.75256 2.08538
      vertex 2.06223 -4.97867 2.08538
      vertex 2.09766 -5.06421 2.02989
    endloop
  endfacet
  facet normal 0.183009 -0.386932 0.903765
    outer loop
      vertex 2.58394 -4.83422 2.02989
      vertex 2.13501 -5.15437 1.98373
      vertex 2.62994 -4.92028 1.98373
    endloop
  endfacet
  facet normal 0.182992 -0.386909 0.903779
    outer loop
      vertex 2.58394 -4.83422 2.02989
      vertex 2.09766 -5.06421 2.02989
      vertex 2.13501 -5.15437 1.98373
    endloop
  endfacet
  facet normal 0.144194 -0.304879 0.941412
    outer loop
      vertex 2.62994 -4.92028 1.98373
      vertex 2.1739 -5.24827 1.94736
      vertex 2.67786 -5.00992 1.94736
    endloop
  endfacet
  facet normal 0.144212 -0.304903 0.941402
    outer loop
      vertex 2.62994 -4.92028 1.98373
      vertex 2.13501 -5.15437 1.98373
      vertex 2.1739 -5.24827 1.94736
    endloop
  endfacet
  facet normal 0.103969 -0.219827 0.969983
    outer loop
      vertex 2.67786 -5.00992 1.94736
      vertex 2.21398 -5.34501 1.92114
      vertex 2.72722 -5.10227 1.92114
    endloop
  endfacet
  facet normal 0.103968 -0.219826 0.969983
    outer loop
      vertex 2.67786 -5.00992 1.94736
      vertex 2.1739 -5.24827 1.94736
      vertex 2.21398 -5.34501 1.92114
    endloop
  endfacet
  facet normal 0.0628156 -0.132809 0.989149
    outer loop
      vertex 2.72722 -5.10227 1.92114
      vertex 2.25484 -5.44367 1.9053
      vertex 2.77755 -5.19644 1.9053
    endloop
  endfacet
  facet normal 0.0628076 -0.132798 0.989151
    outer loop
      vertex 2.72722 -5.10227 1.92114
      vertex 2.21398 -5.34501 1.92114
      vertex 2.25484 -5.44367 1.9053
    endloop
  endfacet
  facet normal 0.0210163 -0.0444351 0.998791
    outer loop
      vertex 2.77755 -5.19644 1.9053
      vertex 2.2961 -5.54328 1.9
      vertex 2.82838 -5.29153 1.9
    endloop
  endfacet
  facet normal 0.0210178 -0.0444373 0.998791
    outer loop
      vertex 2.77755 -5.19644 1.9053
      vertex 2.25484 -5.44367 1.9053
      vertex 2.2961 -5.54328 1.9
    endloop
  endfacet
  facet normal 0.0165598 -0.0462839 -0.998791
    outer loop
      vertex 2.2961 -5.54328 4.1
      vertex 1.71041 -5.63846 4.0947
      vertex 2.25484 -5.44367 4.0947
    endloop
  endfacet
  facet normal 0.0165593 -0.0462811 -0.998791
    outer loop
      vertex 1.74171 -5.74164 4.1
      vertex 1.71041 -5.63846 4.0947
      vertex 2.2961 -5.54328 4.1
    endloop
  endfacet
  facet normal 0.0494889 -0.138314 -0.989151
    outer loop
      vertex 2.25484 -5.44367 4.0947
      vertex 1.67941 -5.53628 4.07886
      vertex 2.21398 -5.34501 4.07886
    endloop
  endfacet
  facet normal 0.0494905 -0.138324 -0.98915
    outer loop
      vertex 1.71041 -5.63846 4.0947
      vertex 1.67941 -5.53628 4.07886
      vertex 2.25484 -5.44367 4.0947
    endloop
  endfacet
  facet normal 0.0819541 -0.22904 -0.969961
    outer loop
      vertex 2.21398 -5.34501 4.07886
      vertex 1.64902 -5.43608 4.05263
      vertex 2.1739 -5.24827 4.05263
    endloop
  endfacet
  facet normal 0.0819563 -0.229055 -0.969957
    outer loop
      vertex 1.67941 -5.53628 4.07886
      vertex 1.64902 -5.43608 4.05263
      vertex 2.21398 -5.34501 4.07886
    endloop
  endfacet
  facet normal 0.113601 -0.317492 -0.941432
    outer loop
      vertex 2.1739 -5.24827 4.05263
      vertex 1.61951 -5.33882 4.01627
      vertex 2.13501 -5.15437 4.01627
    endloop
  endfacet
  facet normal 0.1136 -0.317482 -0.941435
    outer loop
      vertex 1.64902 -5.43608 4.05263
      vertex 1.61951 -5.33882 4.01627
      vertex 2.1739 -5.24827 4.05263
    endloop
  endfacet
  facet normal 0.144188 -0.402983 -0.903778
    outer loop
      vertex 2.13501 -5.15437 4.01627
      vertex 1.59118 -5.24543 3.97011
      vertex 2.09766 -5.06421 3.97011
    endloop
  endfacet
  facet normal 0.144187 -0.402974 -0.903782
    outer loop
      vertex 1.61951 -5.33882 4.01627
      vertex 1.59118 -5.24543 3.97011
      vertex 2.13501 -5.15437 4.01627
    endloop
  endfacet
  facet normal 0.17334 -0.484449 -0.857474
    outer loop
      vertex 2.09766 -5.06421 3.97011
      vertex 1.56431 -5.15683 3.91462
      vertex 2.06223 -4.97867 3.91462
    endloop
  endfacet
  facet normal 0.173341 -0.48446 -0.857468
    outer loop
      vertex 1.59118 -5.24543 3.97011
      vertex 1.56431 -5.15683 3.91462
      vertex 2.09766 -5.06421 3.97011
    endloop
  endfacet
  facet normal 0.200852 -0.561321 -0.802856
    outer loop
      vertex 2.06223 -4.97867 3.91462
      vertex 1.53914 -5.07386 3.85031
      vertex 2.02905 -4.89856 3.85031
    endloop
  endfacet
  facet normal 0.200855 -0.561347 -0.802837
    outer loop
      vertex 1.56431 -5.15683 3.91462
      vertex 1.53914 -5.07386 3.85031
      vertex 2.06223 -4.97867 3.91462
    endloop
  endfacet
  facet normal 0.226395 -0.632725 -0.740543
    outer loop
      vertex 2.02905 -4.89856 3.85031
      vertex 1.51592 -4.99732 3.77782
      vertex 1.99844 -4.82467 3.77782
    endloop
  endfacet
  facet normal 0.226393 -0.632699 -0.740566
    outer loop
      vertex 1.53914 -5.07386 3.85031
      vertex 1.51592 -4.99732 3.77782
      vertex 2.02905 -4.89856 3.85031
    endloop
  endfacet
  facet normal 0.249751 -0.698026 -0.671107
    outer loop
      vertex 1.99844 -4.82467 3.77782
      vertex 1.49487 -4.92794 3.69783
      vertex 1.9707 -4.75769 3.69783
    endloop
  endfacet
  facet normal 0.24975 -0.697997 -0.671137
    outer loop
      vertex 1.51592 -4.99732 3.77782
      vertex 1.49487 -4.92794 3.69783
      vertex 1.99844 -4.82467 3.77782
    endloop
  endfacet
  facet normal 0.270708 -0.756558 -0.595262
    outer loop
      vertex 1.9707 -4.75769 3.69783
      vertex 1.47621 -4.86641 3.61113
      vertex 1.94609 -4.69828 3.61113
    endloop
  endfacet
  facet normal 0.270708 -0.756598 -0.595212
    outer loop
      vertex 1.49487 -4.92794 3.69783
      vertex 1.47621 -4.86641 3.61113
      vertex 1.9707 -4.75769 3.69783
    endloop
  endfacet
  facet normal 0.289053 -0.80785 -0.51364
    outer loop
      vertex 1.94609 -4.69828 3.61113
      vertex 1.4601 -4.8133 3.51854
      vertex 1.92485 -4.64701 3.51854
    endloop
  endfacet
  facet normal 0.289054 -0.807832 -0.513669
    outer loop
      vertex 1.47621 -4.86641 3.61113
      vertex 1.4601 -4.8133 3.51854
      vertex 1.94609 -4.69828 3.61113
    endloop
  endfacet
  facet normal 0.304607 -0.851351 -0.427103
    outer loop
      vertex 1.92485 -4.64701 3.51854
      vertex 1.4467 -4.76913 3.42095
      vertex 1.90719 -4.60437 3.42095
    endloop
  endfacet
  facet normal 0.30461 -0.851329 -0.427144
    outer loop
      vertex 1.4601 -4.8133 3.51854
      vertex 1.4467 -4.76913 3.42095
      vertex 1.92485 -4.64701 3.51854
    endloop
  endfacet
  facet normal 0.317232 -0.886624 -0.336545
    outer loop
      vertex 1.90719 -4.60437 3.42095
      vertex 1.43614 -4.73433 3.31931
      vertex 1.89327 -4.57077 3.31931
    endloop
  endfacet
  facet normal 0.31723 -0.886631 -0.336528
    outer loop
      vertex 1.4467 -4.76913 3.42095
      vertex 1.43614 -4.73433 3.31931
      vertex 1.90719 -4.60437 3.42095
    endloop
  endfacet
  facet normal 0.326806 -0.913406 -0.242667
    outer loop
      vertex 1.89327 -4.57077 3.31931
      vertex 1.42853 -4.70923 3.2146
      vertex 1.88324 -4.54654 3.2146
    endloop
  endfacet
  facet normal 0.326811 -0.913395 -0.242701
    outer loop
      vertex 1.43614 -4.73433 3.31931
      vertex 1.42853 -4.70923 3.2146
      vertex 1.89327 -4.57077 3.31931
    endloop
  endfacet
  facet normal 0.333258 -0.931367 -0.146608
    outer loop
      vertex 1.88324 -4.54654 3.2146
      vertex 1.42393 -4.69408 3.10782
      vertex 1.87718 -4.5319 3.10782
    endloop
  endfacet
  facet normal 0.333241 -0.93139 -0.146502
    outer loop
      vertex 1.42853 -4.70923 3.2146
      vertex 1.42393 -4.69408 3.10782
      vertex 1.88324 -4.54654 3.2146
    endloop
  endfacet
  facet normal 0.336485 -0.940414 -0.0489862
    outer loop
      vertex 1.87718 -4.5319 3.10782
      vertex 1.42239 -4.68901 3
      vertex 1.87515 -4.52701 3
    endloop
  endfacet
  facet normal 0.336493 -0.940409 -0.0490268
    outer loop
      vertex 1.42393 -4.69408 3.10782
      vertex 1.42239 -4.68901 3
      vertex 1.87718 -4.5319 3.10782
    endloop
  endfacet
  facet normal 0.336494 -0.940411 0.0489862
    outer loop
      vertex 1.87515 -4.52701 3
      vertex 1.42393 -4.69408 2.89218
      vertex 1.87718 -4.5319 2.89218
    endloop
  endfacet
  facet normal 0.336485 -0.940412 0.0490268
    outer loop
      vertex 1.87515 -4.52701 3
      vertex 1.42239 -4.68901 3
      vertex 1.42393 -4.69408 2.89218
    endloop
  endfacet
  facet normal 0.333235 -0.931376 0.146607
    outer loop
      vertex 1.87718 -4.5319 2.89218
      vertex 1.42853 -4.70923 2.7854
      vertex 1.88324 -4.54654 2.7854
    endloop
  endfacet
  facet normal 0.333263 -0.931382 0.146502
    outer loop
      vertex 1.87718 -4.5319 2.89218
      vertex 1.42393 -4.69408 2.89218
      vertex 1.42853 -4.70923 2.7854
    endloop
  endfacet
  facet normal 0.326813 -0.913403 0.242667
    outer loop
      vertex 1.88324 -4.54654 2.7854
      vertex 1.43614 -4.73433 2.68069
      vertex 1.89327 -4.57077 2.68069
    endloop
  endfacet
  facet normal 0.326803 -0.913398 0.242701
    outer loop
      vertex 1.88324 -4.54654 2.7854
      vertex 1.42853 -4.70923 2.7854
      vertex 1.43614 -4.73433 2.68069
    endloop
  endfacet
  facet normal 0.317228 -0.886625 0.336545
    outer loop
      vertex 1.89327 -4.57077 2.68069
      vertex 1.4467 -4.76913 2.57905
      vertex 1.90719 -4.60437 2.57905
    endloop
  endfacet
  facet normal 0.317234 -0.886629 0.336528
    outer loop
      vertex 1.89327 -4.57077 2.68069
      vertex 1.43614 -4.73433 2.68069
      vertex 1.4467 -4.76913 2.57905
    endloop
  endfacet
  facet normal 0.304616 -0.851347 0.427103
    outer loop
      vertex 1.90719 -4.60437 2.57905
      vertex 1.4601 -4.8133 2.48146
      vertex 1.92485 -4.64701 2.48146
    endloop
  endfacet
  facet normal 0.304601 -0.851332 0.427144
    outer loop
      vertex 1.90719 -4.60437 2.57905
      vertex 1.4467 -4.76913 2.57905
      vertex 1.4601 -4.8133 2.48146
    endloop
  endfacet
  facet normal 0.28906 -0.807848 0.513641
    outer loop
      vertex 1.92485 -4.64701 2.48146
      vertex 1.47621 -4.86641 2.38887
      vertex 1.94609 -4.69828 2.38887
    endloop
  endfacet
  facet normal 0.289047 -0.807834 0.513669
    outer loop
      vertex 1.92485 -4.64701 2.48146
      vertex 1.4601 -4.8133 2.48146
      vertex 1.47621 -4.86641 2.38887
    endloop
  endfacet
  facet normal 0.270695 -0.756563 0.595262
    outer loop
      vertex 1.94609 -4.69828 2.38887
      vertex 1.49487 -4.92794 2.30217
      vertex 1.9707 -4.75769 2.30217
    endloop
  endfacet
  facet normal 0.27072 -0.756594 0.595212
    outer loop
      vertex 1.94609 -4.69828 2.38887
      vertex 1.47621 -4.86641 2.38887
      vertex 1.49487 -4.92794 2.30217
    endloop
  endfacet
  facet normal 0.249759 -0.698023 0.671107
    outer loop
      vertex 1.9707 -4.75769 2.30217
      vertex 1.51592 -4.99732 2.22218
      vertex 1.99844 -4.82467 2.22218
    endloop
  endfacet
  facet normal 0.249741 -0.698 0.671137
    outer loop
      vertex 1.9707 -4.75769 2.30217
      vertex 1.49487 -4.92794 2.30217
      vertex 1.51592 -4.99732 2.22218
    endloop
  endfacet
  facet normal 0.226401 -0.632722 0.740544
    outer loop
      vertex 1.99844 -4.82467 2.22218
      vertex 1.53914 -5.07386 2.14969
      vertex 2.02905 -4.89856 2.14969
    endloop
  endfacet
  facet normal 0.226386 -0.632701 0.740566
    outer loop
      vertex 1.99844 -4.82467 2.22218
      vertex 1.51592 -4.99732 2.22218
      vertex 1.53914 -5.07386 2.14969
    endloop
  endfacet
  facet normal 0.200846 -0.561323 0.802856
    outer loop
      vertex 2.02905 -4.89856 2.14969
      vertex 1.56431 -5.15683 2.08538
      vertex 2.06223 -4.97867 2.08538
    endloop
  endfacet
  facet normal 0.200861 -0.561345 0.802837
    outer loop
      vertex 2.02905 -4.89856 2.14969
      vertex 1.53914 -5.07386 2.14969
      vertex 1.56431 -5.15683 2.08538
    endloop
  endfacet
  facet normal 0.173338 -0.48445 0.857474
    outer loop
      vertex 2.06223 -4.97867 2.08538
      vertex 1.59118 -5.24543 2.02989
      vertex 2.09766 -5.06421 2.02989
    endloop
  endfacet
  facet normal 0.173344 -0.48446 0.857468
    outer loop
      vertex 2.06223 -4.97867 2.08538
      vertex 1.56431 -5.15683 2.08538
      vertex 1.59118 -5.24543 2.02989
    endloop
  endfacet
  facet normal 0.14419 -0.402982 0.903778
    outer loop
      vertex 2.09766 -5.06421 2.02989
      vertex 1.61951 -5.33882 1.98373
      vertex 2.13501 -5.15437 1.98373
    endloop
  endfacet
  facet normal 0.144185 -0.402975 0.903782
    outer loop
      vertex 2.09766 -5.06421 2.02989
      vertex 1.59118 -5.24543 2.02989
      vertex 1.61951 -5.33882 1.98373
    endloop
  endfacet
  facet normal 0.113631 -0.317569 0.941402
    outer loop
      vertex 2.13501 -5.15437 1.98373
      vertex 1.64902 -5.43608 1.94736
      vertex 2.1739 -5.24827 1.94736
    endloop
  endfacet
  facet normal 0.113625 -0.31756 0.941406
    outer loop
      vertex 2.13501 -5.15437 1.98373
      vertex 1.61951 -5.33882 1.98373
      vertex 1.64902 -5.43608 1.94736
    endloop
  endfacet
  facet normal 0.081922 -0.228959 0.969983
    outer loop
      vertex 2.1739 -5.24827 1.94736
      vertex 1.67941 -5.53628 1.92114
      vertex 2.21398 -5.34501 1.92114
    endloop
  endfacet
  facet normal 0.0819297 -0.228972 0.969979
    outer loop
      vertex 2.1739 -5.24827 1.94736
      vertex 1.64902 -5.43608 1.94736
      vertex 1.67941 -5.53628 1.92114
    endloop
  endfacet
  facet normal 0.0494871 -0.138315 0.989151
    outer loop
      vertex 2.21398 -5.34501 1.92114
      vertex 1.71041 -5.63846 1.9053
      vertex 2.25484 -5.44367 1.9053
    endloop
  endfacet
  facet normal 0.0494923 -0.138323 0.98915
    outer loop
      vertex 2.21398 -5.34501 1.92114
      vertex 1.67941 -5.53628 1.92114
      vertex 1.71041 -5.63846 1.9053
    endloop
  endfacet
  facet normal 0.0165602 -0.0462837 0.998791
    outer loop
      vertex 2.25484 -5.44367 1.9053
      vertex 1.74171 -5.74164 1.9
      vertex 2.2961 -5.54328 1.9
    endloop
  endfacet
  facet normal 0.0165588 -0.0462813 0.998791
    outer loop
      vertex 2.25484 -5.44367 1.9053
      vertex 1.71041 -5.63846 1.9053
      vertex 1.74171 -5.74164 1.9
    endloop
  endfacet
  facet normal 0.0119437 -0.0476813 -0.998791
    outer loop
      vertex 1.74171 -5.74164 4.1
      vertex 1.14951 -5.77896 4.0947
      vertex 1.71041 -5.63846 4.0947
    endloop
  endfacet
  facet normal 0.0119438 -0.0476824 -0.998791
    outer loop
      vertex 1.17054 -5.88471 4.1
      vertex 1.14951 -5.77896 4.0947
      vertex 1.74171 -5.74164 4.1
    endloop
  endfacet
  facet normal 0.0356988 -0.142508 -0.98915
    outer loop
      vertex 1.71041 -5.63846 4.0947
      vertex 1.12868 -5.67424 4.07886
      vertex 1.67941 -5.53628 4.07886
    endloop
  endfacet
  facet normal 0.0356994 -0.142518 -0.989148
    outer loop
      vertex 1.14951 -5.77896 4.0947
      vertex 1.12868 -5.67424 4.07886
      vertex 1.71041 -5.63846 4.0947
    endloop
  endfacet
  facet normal 0.0591086 -0.235985 -0.969957
    outer loop
      vertex 1.67941 -5.53628 4.07886
      vertex 1.10825 -5.57153 4.05263
      vertex 1.64902 -5.43608 4.05263
    endloop
  endfacet
  facet normal 0.0591069 -0.235952 -0.969965
    outer loop
      vertex 1.12868 -5.67424 4.07886
      vertex 1.10825 -5.57153 4.05263
      vertex 1.67941 -5.53628 4.07886
    endloop
  endfacet
  facet normal 0.0819311 -0.32709 -0.941435
    outer loop
      vertex 1.64902 -5.43608 4.05263
      vertex 1.08842 -5.47185 4.01627
      vertex 1.61951 -5.33882 4.01627
    endloop
  endfacet
  facet normal 0.0819317 -0.327104 -0.94143
    outer loop
      vertex 1.10825 -5.57153 4.05263
      vertex 1.08842 -5.47185 4.01627
      vertex 1.64902 -5.43608 4.05263
    endloop
  endfacet
  facet normal 0.103998 -0.415166 -0.903782
    outer loop
      vertex 1.61951 -5.33882 4.01627
      vertex 1.06938 -5.37614 3.97011
      vertex 1.59118 -5.24543 3.97011
    endloop
  endfacet
  facet normal 0.103999 -0.415191 -0.90377
    outer loop
      vertex 1.08842 -5.47185 4.01627
      vertex 1.06938 -5.37614 3.97011
      vertex 1.61951 -5.33882 4.01627
    endloop
  endfacet
  facet normal 0.125024 -0.499115 -0.857469
    outer loop
      vertex 1.59118 -5.24543 3.97011
      vertex 1.05132 -5.28533 3.91462
      vertex 1.56431 -5.15683 3.91462
    endloop
  endfacet
  facet normal 0.125024 -0.499102 -0.857477
    outer loop
      vertex 1.06938 -5.37614 3.97011
      vertex 1.05132 -5.28533 3.91462
      vertex 1.59118 -5.24543 3.97011
    endloop
  endfacet
  facet normal 0.144864 -0.578332 -0.802837
    outer loop
      vertex 1.56431 -5.15683 3.91462
      vertex 1.0344 -5.20029 3.85031
      vertex 1.53914 -5.07386 3.85031
    endloop
  endfacet
  facet normal 0.144864 -0.578317 -0.802848
    outer loop
      vertex 1.05132 -5.28533 3.91462
      vertex 1.0344 -5.20029 3.85031
      vertex 1.56431 -5.15683 3.91462
    endloop
  endfacet
  facet normal 0.163276 -0.651846 -0.740565
    outer loop
      vertex 1.53914 -5.07386 3.85031
      vertex 1.0188 -5.12184 3.77782
      vertex 1.51592 -4.99732 3.77782
    endloop
  endfacet
  facet normal 0.163276 -0.65184 -0.740571
    outer loop
      vertex 1.0344 -5.20029 3.85031
      vertex 1.0188 -5.12184 3.77782
      vertex 1.53914 -5.07386 3.85031
    endloop
  endfacet
  facet normal 0.180138 -0.719115 -0.671136
    outer loop
      vertex 1.51592 -4.99732 3.77782
      vertex 1.00465 -5.05074 3.69783
      vertex 1.49487 -4.92794 3.69783
    endloop
  endfacet
  facet normal 0.180136 -0.719155 -0.671094
    outer loop
      vertex 1.0188 -5.12184 3.77782
      vertex 1.00465 -5.05074 3.69783
      vertex 1.51592 -4.99732 3.77782
    endloop
  endfacet
  facet normal 0.195249 -0.779486 -0.595214
    outer loop
      vertex 1.49487 -4.92794 3.69783
      vertex 0.992108 -4.98767 3.61113
      vertex 1.47621 -4.86641 3.61113
    endloop
  endfacet
  facet normal 0.195252 -0.779451 -0.595258
    outer loop
      vertex 1.00465 -5.05074 3.69783
      vertex 0.992108 -4.98767 3.61113
      vertex 1.49487 -4.92794 3.69783
    endloop
  endfacet
  facet normal 0.208478 -0.832274 -0.51367
    outer loop
      vertex 1.47621 -4.86641 3.61113
      vertex 0.981281 -4.93324 3.51854
      vertex 1.4601 -4.8133 3.51854
    endloop
  endfacet
  facet normal 0.208475 -0.832289 -0.513648
    outer loop
      vertex 0.992108 -4.98767 3.61113
      vertex 0.981281 -4.93324 3.51854
      vertex 1.47621 -4.86641 3.61113
    endloop
  endfacet
  facet normal 0.219705 -0.877085 -0.427143
    outer loop
      vertex 1.4601 -4.8133 3.51854
      vertex 0.972278 -4.88797 3.42095
      vertex 1.4467 -4.76913 3.42095
    endloop
  endfacet
  facet normal 0.219704 -0.877091 -0.427133
    outer loop
      vertex 0.981281 -4.93324 3.51854
      vertex 0.972278 -4.88797 3.42095
      vertex 1.4601 -4.8133 3.51854
    endloop
  endfacet
  facet normal 0.22881 -0.913453 -0.336525
    outer loop
      vertex 1.4467 -4.76913 3.42095
      vertex 0.965182 -4.8523 3.31931
      vertex 1.43614 -4.73433 3.31931
    endloop
  endfacet
  facet normal 0.228813 -0.913446 -0.336543
    outer loop
      vertex 0.972278 -4.88797 3.42095
      vertex 0.965182 -4.8523 3.31931
      vertex 1.4467 -4.76913 3.42095
    endloop
  endfacet
  facet normal 0.235726 -0.941025 -0.242705
    outer loop
      vertex 1.43614 -4.73433 3.31931
      vertex 0.960066 -4.82658 3.2146
      vertex 1.42853 -4.70923 3.2146
    endloop
  endfacet
  facet normal 0.23572 -0.941037 -0.242665
    outer loop
      vertex 0.965182 -4.8523 3.31931
      vertex 0.960066 -4.82658 3.2146
      vertex 1.43614 -4.73433 3.31931
    endloop
  endfacet
  facet normal 0.240347 -0.959569 -0.146498
    outer loop
      vertex 1.42853 -4.70923 3.2146
      vertex 0.956975 -4.81104 3.10782
      vertex 1.42393 -4.69408 3.10782
    endloop
  endfacet
  facet normal 0.240366 -0.959548 -0.146604
    outer loop
      vertex 0.960066 -4.82658 3.2146
      vertex 0.956975 -4.81104 3.10782
      vertex 1.42853 -4.70923 3.2146
    endloop
  endfacet
  facet normal 0.24269 -0.968864 -0.0490251
    outer loop
      vertex 1.42393 -4.69408 3.10782
      vertex 0.955942 -4.80585 3
      vertex 1.42239 -4.68901 3
    endloop
  endfacet
  facet normal 0.242677 -0.968871 -0.0489624
    outer loop
      vertex 0.956975 -4.81104 3.10782
      vertex 0.955942 -4.80585 3
      vertex 1.42393 -4.69408 3.10782
    endloop
  endfacet
  facet normal 0.242676 -0.968868 0.0490251
    outer loop
      vertex 1.42239 -4.68901 3
      vertex 0.956975 -4.81104 2.89218
      vertex 1.42393 -4.69408 2.89218
    endloop
  endfacet
  facet normal 0.24269 -0.968867 0.0489624
    outer loop
      vertex 1.42239 -4.68901 3
      vertex 0.955942 -4.80585 3
      vertex 0.956975 -4.81104 2.89218
    endloop
  endfacet
  facet normal 0.24037 -0.959563 0.146498
    outer loop
      vertex 1.42393 -4.69408 2.89218
      vertex 0.960066 -4.82658 2.7854
      vertex 1.42853 -4.70923 2.7854
    endloop
  endfacet
  facet normal 0.240343 -0.959553 0.146604
    outer loop
      vertex 1.42393 -4.69408 2.89218
      vertex 0.956975 -4.81104 2.89218
      vertex 0.960066 -4.82658 2.7854
    endloop
  endfacet
  facet normal 0.235717 -0.941027 0.242704
    outer loop
      vertex 1.42853 -4.70923 2.7854
      vertex 0.965182 -4.8523 2.68069
      vertex 1.43614 -4.73433 2.68069
    endloop
  endfacet
  facet normal 0.235729 -0.941035 0.242664
    outer loop
      vertex 1.42853 -4.70923 2.7854
      vertex 0.960066 -4.82658 2.7854
      vertex 0.965182 -4.8523 2.68069
    endloop
  endfacet
  facet normal 0.228815 -0.913452 0.336525
    outer loop
      vertex 1.43614 -4.73433 2.68069
      vertex 0.972278 -4.88797 2.57905
      vertex 1.4467 -4.76913 2.57905
    endloop
  endfacet
  facet normal 0.228809 -0.913447 0.336543
    outer loop
      vertex 1.43614 -4.73433 2.68069
      vertex 0.965182 -4.8523 2.68069
      vertex 0.972278 -4.88797 2.57905
    endloop
  endfacet
  facet normal 0.219702 -0.877086 0.427143
    outer loop
      vertex 1.4467 -4.76913 2.57905
      vertex 0.981281 -4.93324 2.48146
      vertex 1.4601 -4.8133 2.48146
    endloop
  endfacet
  facet normal 0.219706 -0.87709 0.427133
    outer loop
      vertex 1.4467 -4.76913 2.57905
      vertex 0.972278 -4.88797 2.57905
      vertex 0.981281 -4.93324 2.48146
    endloop
  endfacet
  facet normal 0.208472 -0.832276 0.513669
    outer loop
      vertex 1.4601 -4.8133 2.48146
      vertex 0.992108 -4.98767 2.38887
      vertex 1.47621 -4.86641 2.38887
    endloop
  endfacet
  facet normal 0.208481 -0.832287 0.513647
    outer loop
      vertex 1.4601 -4.8133 2.48146
      vertex 0.981281 -4.93324 2.48146
      vertex 0.992108 -4.98767 2.38887
    endloop
  endfacet
  facet normal 0.19526 -0.779482 0.595215
    outer loop
      vertex 1.47621 -4.86641 2.38887
      vertex 1.00465 -5.05074 2.30217
      vertex 1.49487 -4.92794 2.30217
    endloop
  endfacet
  facet normal 0.195241 -0.779454 0.595258
    outer loop
      vertex 1.47621 -4.86641 2.38887
      vertex 0.992108 -4.98767 2.38887
      vertex 1.00465 -5.05074 2.30217
    endloop
  endfacet
  facet normal 0.180127 -0.719119 0.671135
    outer loop
      vertex 1.49487 -4.92794 2.30217
      vertex 1.0188 -5.12184 2.22218
      vertex 1.51592 -4.99732 2.22218
    endloop
  endfacet
  facet normal 0.180147 -0.719152 0.671094
    outer loop
      vertex 1.49487 -4.92794 2.30217
      vertex 1.00465 -5.05074 2.30217
      vertex 1.0188 -5.12184 2.22218
    endloop
  endfacet
  facet normal 0.163278 -0.651846 0.740566
    outer loop
      vertex 1.51592 -4.99732 2.22218
      vertex 1.0344 -5.20029 2.14969
      vertex 1.53914 -5.07386 2.14969
    endloop
  endfacet
  facet normal 0.163275 -0.651841 0.740571
    outer loop
      vertex 1.51592 -4.99732 2.22218
      vertex 1.0188 -5.12184 2.22218
      vertex 1.0344 -5.20029 2.14969
    endloop
  endfacet
  facet normal 0.144867 -0.578331 0.802837
    outer loop
      vertex 1.53914 -5.07386 2.14969
      vertex 1.05132 -5.28533 2.08538
      vertex 1.56431 -5.15683 2.08538
    endloop
  endfacet
  facet normal 0.14486 -0.578317 0.802848
    outer loop
      vertex 1.53914 -5.07386 2.14969
      vertex 1.0344 -5.20029 2.14969
      vertex 1.05132 -5.28533 2.08538
    endloop
  endfacet
  facet normal 0.125027 -0.499114 0.857469
    outer loop
      vertex 1.56431 -5.15683 2.08538
      vertex 1.06938 -5.37614 2.02989
      vertex 1.59118 -5.24543 2.02989
    endloop
  endfacet
  facet normal 0.125021 -0.499103 0.857477
    outer loop
      vertex 1.56431 -5.15683 2.08538
      vertex 1.05132 -5.28533 2.08538
      vertex 1.06938 -5.37614 2.02989
    endloop
  endfacet
  facet normal 0.103993 -0.415167 0.903782
    outer loop
      vertex 1.59118 -5.24543 2.02989
      vertex 1.08842 -5.47185 1.98373
      vertex 1.61951 -5.33882 1.98373
    endloop
  endfacet
  facet normal 0.104004 -0.41519 0.90377
    outer loop
      vertex 1.59118 -5.24543 2.02989
      vertex 1.06938 -5.37614 2.02989
      vertex 1.08842 -5.47185 1.98373
    endloop
  endfacet
  facet normal 0.0819484 -0.327171 0.941405
    outer loop
      vertex 1.61951 -5.33882 1.98373
      vertex 1.10825 -5.57153 1.94736
      vertex 1.64902 -5.43608 1.94736
    endloop
  endfacet
  facet normal 0.0819543 -0.327183 0.9414
    outer loop
      vertex 1.61951 -5.33882 1.98373
      vertex 1.08842 -5.47185 1.98373
      vertex 1.10825 -5.57153 1.94736
    endloop
  endfacet
  facet normal 0.0590934 -0.235898 0.969979
    outer loop
      vertex 1.64902 -5.43608 1.94736
      vertex 1.12868 -5.67424 1.92114
      vertex 1.67941 -5.53628 1.92114
    endloop
  endfacet
  facet normal 0.0590795 -0.235869 0.969987
    outer loop
      vertex 1.64902 -5.43608 1.94736
      vertex 1.10825 -5.57153 1.94736
      vertex 1.12868 -5.67424 1.92114
    endloop
  endfacet
  facet normal 0.035697 -0.142509 0.98915
    outer loop
      vertex 1.67941 -5.53628 1.92114
      vertex 1.14951 -5.77896 1.9053
      vertex 1.71041 -5.63846 1.9053
    endloop
  endfacet
  facet normal 0.0357012 -0.142518 0.989148
    outer loop
      vertex 1.67941 -5.53628 1.92114
      vertex 1.12868 -5.67424 1.92114
      vertex 1.14951 -5.77896 1.9053
    endloop
  endfacet
  facet normal 0.0119435 -0.0476813 0.998791
    outer loop
      vertex 1.71041 -5.63846 1.9053
      vertex 1.17054 -5.88471 1.9
      vertex 1.74171 -5.74164 1.9
    endloop
  endfacet
  facet normal 0.011944 -0.0476824 0.998791
    outer loop
      vertex 1.71041 -5.63846 1.9053
      vertex 1.14951 -5.77896 1.9053
      vertex 1.17054 -5.88471 1.9
    endloop
  endfacet
  facet normal 0.00721304 -0.0486232 -0.998791
    outer loop
      vertex 1.17054 -5.88471 4.1
      vertex 0.577535 -5.86381 4.0947
      vertex 1.14951 -5.77896 4.0947
    endloop
  endfacet
  facet normal 0.007213 -0.0486242 -0.998791
    outer loop
      vertex 0.588102 -5.97111 4.1
      vertex 0.577535 -5.86381 4.0947
      vertex 1.17054 -5.88471 4.1
    endloop
  endfacet
  facet normal 0.021556 -0.145331 -0.989148
    outer loop
      vertex 1.14951 -5.77896 4.0947
      vertex 0.567068 -5.75754 4.07886
      vertex 1.12868 -5.67424 4.07886
    endloop
  endfacet
  facet normal 0.0215567 -0.145314 -0.989151
    outer loop
      vertex 0.577535 -5.86381 4.0947
      vertex 0.567068 -5.75754 4.07886
      vertex 1.14951 -5.77896 4.0947
    endloop
  endfacet
  facet normal 0.0356914 -0.24061 -0.969966
    outer loop
      vertex 1.12868 -5.67424 4.07886
      vertex 0.556805 -5.65333 4.05263
      vertex 1.10825 -5.57153 4.05263
    endloop
  endfacet
  facet normal 0.0356906 -0.240627 -0.969961
    outer loop
      vertex 0.567068 -5.75754 4.07886
      vertex 0.556805 -5.65333 4.05263
      vertex 1.12868 -5.67424 4.07886
    endloop
  endfacet
  facet normal 0.0494756 -0.33356 -0.94143
    outer loop
      vertex 1.10825 -5.57153 4.05263
      vertex 0.546842 -5.55218 4.01627
      vertex 1.08842 -5.47185 4.01627
    endloop
  endfacet
  facet normal 0.0494767 -0.333541 -0.941436
    outer loop
      vertex 0.556805 -5.65333 4.05263
      vertex 0.546842 -5.55218 4.01627
      vertex 1.10825 -5.57153 4.05263
    endloop
  endfacet
  facet normal 0.0628033 -0.423386 -0.90377
    outer loop
      vertex 1.08842 -5.47185 4.01627
      vertex 0.537277 -5.45507 3.97011
      vertex 1.06938 -5.37614 3.97011
    endloop
  endfacet
  facet normal 0.062802 -0.423405 -0.903761
    outer loop
      vertex 0.546842 -5.55218 4.01627
      vertex 0.537277 -5.45507 3.97011
      vertex 1.08842 -5.47185 4.01627
    endloop
  endfacet
  facet normal 0.075489 -0.508954 -0.857477
    outer loop
      vertex 1.06938 -5.37614 3.97011
      vertex 0.528201 -5.36292 3.91462
      vertex 1.05132 -5.28533 3.91462
    endloop
  endfacet
  facet normal 0.0754916 -0.508923 -0.857495
    outer loop
      vertex 0.537277 -5.45507 3.97011
      vertex 0.528201 -5.36292 3.91462
      vertex 1.06938 -5.37614 3.97011
    endloop
  endfacet
  facet normal 0.0874808 -0.589733 -0.802846
    outer loop
      vertex 1.05132 -5.28533 3.91462
      vertex 0.519703 -5.27664 3.85031
      vertex 1.0344 -5.20029 3.85031
    endloop
  endfacet
  facet normal 0.0874765 -0.589774 -0.802816
    outer loop
      vertex 0.528201 -5.36292 3.91462
      vertex 0.519703 -5.27664 3.85031
      vertex 1.05132 -5.28533 3.91462
    endloop
  endfacet
  facet normal 0.0986032 -0.664702 -0.740573
    outer loop
      vertex 1.0344 -5.20029 3.85031
      vertex 0.511863 -5.19704 3.77782
      vertex 1.0188 -5.12184 3.77782
    endloop
  endfacet
  facet normal 0.0986026 -0.664708 -0.740568
    outer loop
      vertex 0.519703 -5.27664 3.85031
      vertex 0.511863 -5.19704 3.77782
      vertex 1.0344 -5.20029 3.85031
    endloop
  endfacet
  facet normal 0.108779 -0.733352 -0.67109
    outer loop
      vertex 1.0188 -5.12184 3.77782
      vertex 0.504757 -5.12489 3.69783
      vertex 1.00465 -5.05074 3.69783
    endloop
  endfacet
  facet normal 0.108783 -0.733327 -0.671116
    outer loop
      vertex 0.511863 -5.19704 3.77782
      vertex 0.504757 -5.12489 3.69783
      vertex 1.0188 -5.12184 3.77782
    endloop
  endfacet
  facet normal 0.117892 -0.794838 -0.59526
    outer loop
      vertex 1.00465 -5.05074 3.69783
      vertex 0.498454 -5.06089 3.61113
      vertex 0.992108 -4.98767 3.61113
    endloop
  endfacet
  facet normal 0.117897 -0.794817 -0.595287
    outer loop
      vertex 0.504757 -5.12489 3.69783
      vertex 0.498454 -5.06089 3.61113
      vertex 1.00465 -5.05074 3.69783
    endloop
  endfacet
  facet normal 0.125899 -0.848714 -0.513647
    outer loop
      vertex 0.992108 -4.98767 3.61113
      vertex 0.493014 -5.00567 3.51854
      vertex 0.981281 -4.93324 3.51854
    endloop
  endfacet
  facet normal 0.125889 -0.848753 -0.513586
    outer loop
      vertex 0.498454 -5.06089 3.61113
      vertex 0.493014 -5.00567 3.51854
      vertex 0.992108 -4.98767 3.61113
    endloop
  endfacet
  facet normal 0.132667 -0.894403 -0.427134
    outer loop
      vertex 0.981281 -4.93324 3.51854
      vertex 0.488491 -4.95973 3.42095
      vertex 0.972278 -4.88797 3.42095
    endloop
  endfacet
  facet normal 0.132674 -0.894382 -0.427175
    outer loop
      vertex 0.493014 -5.00567 3.51854
      vertex 0.488491 -4.95973 3.42095
      vertex 0.981281 -4.93324 3.51854
    endloop
  endfacet
  facet normal 0.138173 -0.931476 -0.336543
    outer loop
      vertex 0.972278 -4.88797 3.42095
      vertex 0.484926 -4.92354 3.31931
      vertex 0.965182 -4.8523 3.31931
    endloop
  endfacet
  facet normal 0.138167 -0.931488 -0.336512
    outer loop
      vertex 0.488491 -4.95973 3.42095
      vertex 0.484926 -4.92354 3.31931
      vertex 0.972278 -4.88797 3.42095
    endloop
  endfacet
  facet normal 0.142341 -0.959611 -0.242665
    outer loop
      vertex 0.965182 -4.8523 3.31931
      vertex 0.482355 -4.89744 3.2146
      vertex 0.960066 -4.82658 3.2146
    endloop
  endfacet
  facet normal 0.142345 -0.959605 -0.242686
    outer loop
      vertex 0.484926 -4.92354 3.31931
      vertex 0.482355 -4.89744 3.2146
      vertex 0.965182 -4.8523 3.31931
    endloop
  endfacet
  facet normal 0.145158 -0.978487 -0.146604
    outer loop
      vertex 0.960066 -4.82658 3.2146
      vertex 0.480803 -4.88168 3.10782
      vertex 0.956975 -4.81104 3.10782
    endloop
  endfacet
  facet normal 0.145143 -0.9785 -0.14653
    outer loop
      vertex 0.482355 -4.89744 3.2146
      vertex 0.480803 -4.88168 3.10782
      vertex 0.960066 -4.82658 3.2146
    endloop
  endfacet
  facet normal 0.14654 -0.987992 -0.0489617
    outer loop
      vertex 0.956975 -4.81104 3.10782
      vertex 0.480284 -4.8764 3
      vertex 0.955942 -4.80585 3
    endloop
  endfacet
  facet normal 0.146567 -0.987982 -0.0490875
    outer loop
      vertex 0.480803 -4.88168 3.10782
      vertex 0.480284 -4.8764 3
      vertex 0.956975 -4.81104 3.10782
    endloop
  endfacet
  facet normal 0.146568 -0.987988 0.0489618
    outer loop
      vertex 0.955942 -4.80585 3
      vertex 0.480803 -4.88168 2.89218
      vertex 0.956975 -4.81104 2.89218
    endloop
  endfacet
  facet normal 0.146539 -0.987986 0.0490876
    outer loop
      vertex 0.955942 -4.80585 3
      vertex 0.480284 -4.8764 3
      vertex 0.480803 -4.88168 2.89218
    endloop
  endfacet
  facet normal 0.145142 -0.978489 0.146604
    outer loop
      vertex 0.956975 -4.81104 2.89218
      vertex 0.482355 -4.89744 2.7854
      vertex 0.960066 -4.82658 2.7854
    endloop
  endfacet
  facet normal 0.14516 -0.978498 0.146529
    outer loop
      vertex 0.956975 -4.81104 2.89218
      vertex 0.480803 -4.88168 2.89218
      vertex 0.482355 -4.89744 2.7854
    endloop
  endfacet
  facet normal 0.142346 -0.95961 0.242665
    outer loop
      vertex 0.960066 -4.82658 2.7854
      vertex 0.484926 -4.92354 2.68069
      vertex 0.965182 -4.8523 2.68069
    endloop
  endfacet
  facet normal 0.142341 -0.959605 0.242686
    outer loop
      vertex 0.960066 -4.82658 2.7854
      vertex 0.482355 -4.89744 2.7854
      vertex 0.484926 -4.92354 2.68069
    endloop
  endfacet
  facet normal 0.138166 -0.931477 0.336543
    outer loop
      vertex 0.965182 -4.8523 2.68069
      vertex 0.488491 -4.95973 2.57905
      vertex 0.972278 -4.88797 2.57905
    endloop
  endfacet
  facet normal 0.138174 -0.931487 0.336512
    outer loop
      vertex 0.965182 -4.8523 2.68069
      vertex 0.484926 -4.92354 2.68069
      vertex 0.488491 -4.95973 2.57905
    endloop
  endfacet
  facet normal 0.132676 -0.894401 0.427134
    outer loop
      vertex 0.972278 -4.88797 2.57905
      vertex 0.493014 -5.00567 2.48146
      vertex 0.981281 -4.93324 2.48146
    endloop
  endfacet
  facet normal 0.132664 -0.894383 0.427175
    outer loop
      vertex 0.972278 -4.88797 2.57905
      vertex 0.488491 -4.95973 2.57905
      vertex 0.493014 -5.00567 2.48146
    endloop
  endfacet
  facet normal 0.125884 -0.848717 0.513647
    outer loop
      vertex 0.981281 -4.93324 2.48146
      vertex 0.498454 -5.06089 2.38887
      vertex 0.992108 -4.98767 2.38887
    endloop
  endfacet
  facet normal 0.125904 -0.848751 0.513586
    outer loop
      vertex 0.981281 -4.93324 2.48146
      vertex 0.493014 -5.00567 2.48146
      vertex 0.498454 -5.06089 2.38887
    endloop
  endfacet
  facet normal 0.1179 -0.794837 0.59526
    outer loop
      vertex 0.992108 -4.98767 2.38887
      vertex 0.504757 -5.12489 2.30217
      vertex 1.00465 -5.05074 2.30217
    endloop
  endfacet
  facet normal 0.117889 -0.794818 0.595287
    outer loop
      vertex 0.992108 -4.98767 2.38887
      vertex 0.498454 -5.06089 2.38887
      vertex 0.504757 -5.12489 2.30217
    endloop
  endfacet
  facet normal 0.108787 -0.73335 0.671091
    outer loop
      vertex 1.00465 -5.05074 2.30217
      vertex 0.511863 -5.19704 2.22218
      vertex 1.0188 -5.12184 2.22218
    endloop
  endfacet
  facet normal 0.108776 -0.733328 0.671116
    outer loop
      vertex 1.00465 -5.05074 2.30217
      vertex 0.504757 -5.12489 2.30217
      vertex 0.511863 -5.19704 2.22218
    endloop
  endfacet
  facet normal 0.0986018 -0.664703 0.740573
    outer loop
      vertex 1.0188 -5.12184 2.22218
      vertex 0.519703 -5.27664 2.14969
      vertex 1.0344 -5.20029 2.14969
    endloop
  endfacet
  facet normal 0.098604 -0.664708 0.740568
    outer loop
      vertex 1.0188 -5.12184 2.22218
      vertex 0.511863 -5.19704 2.22218
      vertex 0.519703 -5.27664 2.14969
    endloop
  endfacet
  facet normal 0.0874706 -0.589735 0.802846
    outer loop
      vertex 1.0344 -5.20029 2.14969
      vertex 0.528201 -5.36292 2.08538
      vertex 1.05132 -5.28533 2.08538
    endloop
  endfacet
  facet normal 0.0874868 -0.589773 0.802816
    outer loop
      vertex 1.0344 -5.20029 2.14969
      vertex 0.519703 -5.27664 2.14969
      vertex 0.528201 -5.36292 2.08538
    endloop
  endfacet
  facet normal 0.0754959 -0.508952 0.857478
    outer loop
      vertex 1.05132 -5.28533 2.08538
      vertex 0.537277 -5.45507 2.02989
      vertex 1.06938 -5.37614 2.02989
    endloop
  endfacet
  facet normal 0.0754845 -0.508924 0.857496
    outer loop
      vertex 1.05132 -5.28533 2.08538
      vertex 0.528201 -5.36292 2.08538
      vertex 0.537277 -5.45507 2.02989
    endloop
  endfacet
  facet normal 0.0627992 -0.423387 0.90377
    outer loop
      vertex 1.06938 -5.37614 2.02989
      vertex 0.546842 -5.55218 1.98373
      vertex 1.08842 -5.47185 1.98373
    endloop
  endfacet
  facet normal 0.0628062 -0.423405 0.903761
    outer loop
      vertex 1.06938 -5.37614 2.02989
      vertex 0.537277 -5.45507 2.02989
      vertex 0.546842 -5.55218 1.98373
    endloop
  endfacet
  facet normal 0.0494915 -0.333641 0.9414
    outer loop
      vertex 1.08842 -5.47185 1.98373
      vertex 0.556805 -5.65333 1.94736
      vertex 1.10825 -5.57153 1.94736
    endloop
  endfacet
  facet normal 0.0494849 -0.333623 0.941407
    outer loop
      vertex 1.08842 -5.47185 1.98373
      vertex 0.546842 -5.55218 1.98373
      vertex 0.556805 -5.65333 1.94736
    endloop
  endfacet
  facet normal 0.0356753 -0.240524 0.969987
    outer loop
      vertex 1.10825 -5.57153 1.94736
      vertex 0.567068 -5.75754 1.92114
      vertex 1.12868 -5.67424 1.92114
    endloop
  endfacet
  facet normal 0.0356812 -0.240541 0.969983
    outer loop
      vertex 1.10825 -5.57153 1.94736
      vertex 0.556805 -5.65333 1.94736
      vertex 0.567068 -5.75754 1.92114
    endloop
  endfacet
  facet normal 0.0215592 -0.145331 0.989148
    outer loop
      vertex 1.12868 -5.67424 1.92114
      vertex 0.577535 -5.86381 1.9053
      vertex 1.14951 -5.77896 1.9053
    endloop
  endfacet
  facet normal 0.0215535 -0.145314 0.989151
    outer loop
      vertex 1.12868 -5.67424 1.92114
      vertex 0.567068 -5.75754 1.92114
      vertex 0.577535 -5.86381 1.9053
    endloop
  endfacet
  facet normal 0.00721287 -0.0486232 0.998791
    outer loop
      vertex 1.14951 -5.77896 1.9053
      vertex 0.588102 -5.97111 1.9
      vertex 1.17054 -5.88471 1.9
    endloop
  endfacet
  facet normal 0.00721318 -0.0486241 0.998791
    outer loop
      vertex 1.14951 -5.77896 1.9053
      vertex 0.577535 -5.86381 1.9053
      vertex 0.588102 -5.97111 1.9
    endloop
  endfacet
  facet normal 0.00241177 -0.049097 -0.998791
    outer loop
      vertex 0.588102 -5.97111 4.1
      vertex 0 -5.89218 4.0947
      vertex 0.577535 -5.86381 4.0947
    endloop
  endfacet
  facet normal 0.00241183 -0.0490966 -0.998791
    outer loop
      vertex 0.588102 -5.97111 4.1
      vertex 0 -6 4.1
      vertex 0 -5.89218 4.0947
    endloop
  endfacet
  facet normal 0.00720869 -0.146727 -0.989151
    outer loop
      vertex 0.577535 -5.86381 4.0947
      vertex 0 -5.7854 4.07886
      vertex 0.567068 -5.75754 4.07886
    endloop
  endfacet
  facet normal 0.00720789 -0.146733 -0.98915
    outer loop
      vertex 0.577535 -5.86381 4.0947
      vertex 0 -5.89218 4.0947
      vertex 0 -5.7854 4.07886
    endloop
  endfacet
  facet normal 0.0119388 -0.242967 -0.969961
    outer loop
      vertex 0.567068 -5.75754 4.07886
      vertex 0 -5.68069 4.05263
      vertex 0.556805 -5.65333 4.05263
    endloop
  endfacet
  facet normal 0.0119374 -0.242976 -0.969959
    outer loop
      vertex 0.567068 -5.75754 4.07886
      vertex 0 -5.7854 4.07886
      vertex 0 -5.68069 4.05263
    endloop
  endfacet
  facet normal 0.0165485 -0.336785 -0.941436
    outer loop
      vertex 0.556805 -5.65333 4.05263
      vertex 0 -5.57905 4.01627
      vertex 0.546842 -5.55218 4.01627
    endloop
  endfacet
  facet normal 0.0165487 -0.336783 -0.941437
    outer loop
      vertex 0.556805 -5.65333 4.05263
      vertex 0 -5.68069 4.05263
      vertex 0 -5.57905 4.01627
    endloop
  endfacet
  facet normal 0.0209991 -0.427523 -0.903761
    outer loop
      vertex 0.546842 -5.55218 4.01627
      vertex 0 -5.48146 3.97011
      vertex 0.537277 -5.45507 3.97011
    endloop
  endfacet
  facet normal 0.0210053 -0.427486 -0.903778
    outer loop
      vertex 0.546842 -5.55218 4.01627
      vertex 0 -5.57905 4.01627
      vertex 0 -5.48146 3.97011
    endloop
  endfacet
  facet normal 0.025246 -0.513872 -0.857495
    outer loop
      vertex 0.537277 -5.45507 3.97011
      vertex 0 -5.38887 3.91462
      vertex 0.528201 -5.36292 3.91462
    endloop
  endfacet
  facet normal 0.0252416 -0.513896 -0.857481
    outer loop
      vertex 0.537277 -5.45507 3.97011
      vertex 0 -5.48146 3.97011
      vertex 0 -5.38887 3.91462
    endloop
  endfacet
  facet normal 0.0292539 -0.595509 -0.802816
    outer loop
      vertex 0.528201 -5.36292 3.91462
      vertex 0 -5.30217 3.85031
      vertex 0.519703 -5.27664 3.85031
    endloop
  endfacet
  facet normal 0.0292562 -0.595497 -0.802824
    outer loop
      vertex 0.528201 -5.36292 3.91462
      vertex 0 -5.38887 3.91462
      vertex 0 -5.30217 3.85031
    endloop
  endfacet
  facet normal 0.0329644 -0.671172 -0.740568
    outer loop
      vertex 0.519703 -5.27664 3.85031
      vertex 0 -5.22218 3.77782
      vertex 0.511863 -5.19704 3.77782
    endloop
  endfacet
  facet normal 0.0329697 -0.67115 -0.740588
    outer loop
      vertex 0.519703 -5.27664 3.85031
      vertex 0 -5.30217 3.85031
      vertex 0 -5.22218 3.77782
    endloop
  endfacet
  facet normal 0.0363806 -0.740459 -0.671117
    outer loop
      vertex 0.511863 -5.19704 3.77782
      vertex 0 -5.14969 3.69783
      vertex 0.504757 -5.12489 3.69783
    endloop
  endfacet
  facet normal 0.0363695 -0.740501 -0.67107
    outer loop
      vertex 0.511863 -5.19704 3.77782
      vertex 0 -5.22218 3.77782
      vertex 0 -5.14969 3.69783
    endloop
  endfacet
  facet normal 0.0394306 -0.802545 -0.595287
    outer loop
      vertex 0.504757 -5.12489 3.69783
      vertex 0 -5.08538 3.61113
      vertex 0.498454 -5.06089 3.61113
    endloop
  endfacet
  facet normal 0.039431 -0.802543 -0.595289
    outer loop
      vertex 0.504757 -5.12489 3.69783
      vertex 0 -5.14969 3.69783
      vertex 0 -5.08538 3.61113
    endloop
  endfacet
  facet normal 0.0421016 -0.857005 -0.513585
    outer loop
      vertex 0.498454 -5.06089 3.61113
      vertex 0 -5.02989 3.51854
      vertex 0.493014 -5.00567 3.51854
    endloop
  endfacet
  facet normal 0.0421057 -0.856994 -0.513604
    outer loop
      vertex 0.498454 -5.06089 3.61113
      vertex 0 -5.08538 3.61113
      vertex 0 -5.02989 3.51854
    endloop
  endfacet
  facet normal 0.0443691 -0.903079 -0.427176
    outer loop
      vertex 0.493014 -5.00567 3.51854
      vertex 0 -4.98373 3.42095
      vertex 0.488491 -4.95973 3.42095
    endloop
  endfacet
  facet normal 0.0443654 -0.903087 -0.42716
    outer loop
      vertex 0.493014 -5.00567 3.51854
      vertex 0 -5.02989 3.51854
      vertex 0 -4.98373 3.42095
    endloop
  endfacet
  facet normal 0.0462004 -0.940545 -0.336512
    outer loop
      vertex 0.488491 -4.95973 3.42095
      vertex 0 -4.94736 3.31931
      vertex 0.484926 -4.92354 3.31931
    endloop
  endfacet
  facet normal 0.0462091 -0.940531 -0.336552
    outer loop
      vertex 0.488491 -4.95973 3.42095
      vertex 0 -4.98373 3.42095
      vertex 0 -4.94736 3.31931
    endloop
  endfacet
  facet normal 0.0476076 -0.968936 -0.242686
    outer loop
      vertex 0.484926 -4.92354 3.31931
      vertex 0 -4.92114 3.2146
      vertex 0.482355 -4.89744 3.2146
    endloop
  endfacet
  facet normal 0.0475957 -0.96895 -0.242631
    outer loop
      vertex 0.484926 -4.92354 3.31931
      vertex 0 -4.94736 3.31931
      vertex 0 -4.92114 3.2146
    endloop
  endfacet
  facet normal 0.0485374 -0.988015 -0.14653
    outer loop
      vertex 0.482355 -4.89744 3.2146
      vertex 0 -4.9053 3.10782
      vertex 0.480803 -4.88168 3.10782
    endloop
  endfacet
  facet normal 0.0485448 -0.988009 -0.146564
    outer loop
      vertex 0.482355 -4.89744 3.2146
      vertex 0 -4.92114 3.2146
      vertex 0 -4.9053 3.10782
    endloop
  endfacet
  facet normal 0.0490192 -0.997591 -0.0490885
    outer loop
      vertex 0.480803 -4.88168 3.10782
      vertex 0 -4.9 3
      vertex 0.480284 -4.8764 3
    endloop
  endfacet
  facet normal 0.0490079 -0.997594 -0.0490377
    outer loop
      vertex 0.480803 -4.88168 3.10782
      vertex 0 -4.9053 3.10782
      vertex 0 -4.9 3
    endloop
  endfacet
  facet normal 0.0490078 -0.997591 0.0490885
    outer loop
      vertex 0.480284 -4.8764 3
      vertex 0 -4.9053 2.89218
      vertex 0.480803 -4.88168 2.89218
    endloop
  endfacet
  facet normal 0.0490193 -0.997593 0.0490377
    outer loop
      vertex 0 -4.9 3
      vertex 0 -4.9053 2.89218
      vertex 0.480284 -4.8764 3
    endloop
  endfacet
  facet normal 0.048545 -0.988014 0.14653
    outer loop
      vertex 0.480803 -4.88168 2.89218
      vertex 0 -4.92114 2.7854
      vertex 0.482355 -4.89744 2.7854
    endloop
  endfacet
  facet normal 0.0485371 -0.98801 0.146564
    outer loop
      vertex 0 -4.9053 2.89218
      vertex 0 -4.92114 2.7854
      vertex 0.480803 -4.88168 2.89218
    endloop
  endfacet
  facet normal 0.047595 -0.968937 0.242686
    outer loop
      vertex 0.482355 -4.89744 2.7854
      vertex 0 -4.94736 2.68069
      vertex 0.484926 -4.92354 2.68069
    endloop
  endfacet
  facet normal 0.0476083 -0.96895 0.242631
    outer loop
      vertex 0 -4.92114 2.7854
      vertex 0 -4.94736 2.68069
      vertex 0.482355 -4.89744 2.7854
    endloop
  endfacet
  facet normal 0.0462098 -0.940545 0.336512
    outer loop
      vertex 0.484926 -4.92354 2.68069
      vertex 0 -4.98373 2.57905
      vertex 0.488491 -4.95973 2.57905
    endloop
  endfacet
  facet normal 0.0461997 -0.940531 0.336552
    outer loop
      vertex 0 -4.94736 2.68069
      vertex 0 -4.98373 2.57905
      vertex 0.484926 -4.92354 2.68069
    endloop
  endfacet
  facet normal 0.044365 -0.903079 0.427176
    outer loop
      vertex 0.488491 -4.95973 2.57905
      vertex 0 -5.02989 2.48146
      vertex 0.493014 -5.00567 2.48146
    endloop
  endfacet
  facet normal 0.0443695 -0.903087 0.427159
    outer loop
      vertex 0 -4.98373 2.57905
      vertex 0 -5.02989 2.48146
      vertex 0.488491 -4.95973 2.57905
    endloop
  endfacet
  facet normal 0.0421063 -0.857005 0.513585
    outer loop
      vertex 0.493014 -5.00567 2.48146
      vertex 0 -5.08538 2.38887
      vertex 0.498454 -5.06089 2.38887
    endloop
  endfacet
  facet normal 0.042101 -0.856994 0.513604
    outer loop
      vertex 0 -5.02989 2.48146
      vertex 0 -5.08538 2.38887
      vertex 0.493014 -5.00567 2.48146
    endloop
  endfacet
  facet normal 0.0394311 -0.802545 0.595287
    outer loop
      vertex 0.498454 -5.06089 2.38887
      vertex 0 -5.14969 2.30217
      vertex 0.504757 -5.12489 2.30217
    endloop
  endfacet
  facet normal 0.0394305 -0.802543 0.595289
    outer loop
      vertex 0 -5.08538 2.38887
      vertex 0 -5.14969 2.30217
      vertex 0.498454 -5.06089 2.38887
    endloop
  endfacet
  facet normal 0.0363675 -0.74046 0.671116
    outer loop
      vertex 0.504757 -5.12489 2.30217
      vertex 0 -5.22218 2.22218
      vertex 0.511863 -5.19704 2.22218
    endloop
  endfacet
  facet normal 0.0363827 -0.740501 0.67107
    outer loop
      vertex 0 -5.14969 2.30217
      vertex 0 -5.22218 2.22218
      vertex 0.504757 -5.12489 2.30217
    endloop
  endfacet
  facet normal 0.0329708 -0.671172 0.740568
    outer loop
      vertex 0.511863 -5.19704 2.22218
      vertex 0 -5.30217 2.14969
      vertex 0.519703 -5.27664 2.14969
    endloop
  endfacet
  facet normal 0.0329633 -0.67115 0.740589
    outer loop
      vertex 0 -5.22218 2.22218
      vertex 0 -5.30217 2.14969
      vertex 0.511863 -5.19704 2.22218
    endloop
  endfacet
  facet normal 0.0292568 -0.595509 0.802816
    outer loop
      vertex 0.519703 -5.27664 2.14969
      vertex 0 -5.38887 2.08538
      vertex 0.528201 -5.36292 2.08538
    endloop
  endfacet
  facet normal 0.0292533 -0.595498 0.802824
    outer loop
      vertex 0 -5.30217 2.14969
      vertex 0 -5.38887 2.08538
      vertex 0.519703 -5.27664 2.14969
    endloop
  endfacet
  facet normal 0.0252404 -0.513872 0.857495
    outer loop
      vertex 0.528201 -5.36292 2.08538
      vertex 0 -5.48146 2.02989
      vertex 0.537277 -5.45507 2.02989
    endloop
  endfacet
  facet normal 0.0252472 -0.513896 0.857481
    outer loop
      vertex 0 -5.38887 2.08538
      vertex 0 -5.48146 2.02989
      vertex 0.528201 -5.36292 2.08538
    endloop
  endfacet
  facet normal 0.021007 -0.427522 0.903761
    outer loop
      vertex 0.537277 -5.45507 2.02989
      vertex 0 -5.57905 1.98373
      vertex 0.546842 -5.55218 1.98373
    endloop
  endfacet
  facet normal 0.0209973 -0.427486 0.903778
    outer loop
      vertex 0 -5.48146 2.02989
      vertex 0 -5.57905 1.98373
      vertex 0.537277 -5.45507 2.02989
    endloop
  endfacet
  facet normal 0.0165528 -0.336867 0.941407
    outer loop
      vertex 0.546842 -5.55218 1.98373
      vertex 0 -5.68069 1.94736
      vertex 0.556805 -5.65333 1.94736
    endloop
  endfacet
  facet normal 0.0165524 -0.336865 0.941407
    outer loop
      vertex 0 -5.57905 1.98373
      vertex 0 -5.68069 1.94736
      vertex 0.546842 -5.55218 1.98373
    endloop
  endfacet
  facet normal 0.0119327 -0.24288 0.969983
    outer loop
      vertex 0.556805 -5.65333 1.94736
      vertex 0 -5.7854 1.92114
      vertex 0.567068 -5.75754 1.92114
    endloop
  endfacet
  facet normal 0.0119349 -0.242889 0.969981
    outer loop
      vertex 0 -5.68069 1.94736
      vertex 0 -5.7854 1.92114
      vertex 0.556805 -5.65333 1.94736
    endloop
  endfacet
  facet normal 0.00720762 -0.146727 0.989151
    outer loop
      vertex 0.567068 -5.75754 1.92114
      vertex 0 -5.89218 1.9053
      vertex 0.577535 -5.86381 1.9053
    endloop
  endfacet
  facet normal 0.00720897 -0.146733 0.98915
    outer loop
      vertex 0 -5.7854 1.92114
      vertex 0 -5.89218 1.9053
      vertex 0.567068 -5.75754 1.92114
    endloop
  endfacet
  facet normal 0.00241185 -0.049097 0.998791
    outer loop
      vertex 0.577535 -5.86381 1.9053
      vertex 0 -6 1.9
      vertex 0.588102 -5.97111 1.9
    endloop
  endfacet
  facet normal 0.00241175 -0.0490966 0.998791
    outer loop
      vertex 0 -5.89218 1.9053
      vertex 0 -6 1.9
      vertex 0.577535 -5.86381 1.9053
    endloop
  endfacet
  facet normal -0.00241175 -0.0490966 -0.998791
    outer loop
      vertex 0 -6 4.1
      vertex -0.577535 -5.86381 4.0947
      vertex 0 -5.89218 4.0947
    endloop
  endfacet
  facet normal -0.00241185 -0.049097 -0.998791
    outer loop
      vertex 0 -6 4.1
      vertex -0.588102 -5.97111 4.1
      vertex -0.577535 -5.86381 4.0947
    endloop
  endfacet
  facet normal -0.00720897 -0.146733 -0.98915
    outer loop
      vertex 0 -5.89218 4.0947
      vertex -0.567068 -5.75754 4.07886
      vertex 0 -5.7854 4.07886
    endloop
  endfacet
  facet normal -0.00720762 -0.146727 -0.989151
    outer loop
      vertex 0 -5.89218 4.0947
      vertex -0.577535 -5.86381 4.0947
      vertex -0.567068 -5.75754 4.07886
    endloop
  endfacet
  facet normal -0.0119392 -0.242976 -0.969959
    outer loop
      vertex 0 -5.7854 4.07886
      vertex -0.556805 -5.65333 4.05263
      vertex 0 -5.68069 4.05263
    endloop
  endfacet
  facet normal -0.0119369 -0.242967 -0.969961
    outer loop
      vertex 0 -5.7854 4.07886
      vertex -0.567068 -5.75754 4.07886
      vertex -0.556805 -5.65333 4.05263
    endloop
  endfacet
  facet normal -0.0165484 -0.336783 -0.941437
    outer loop
      vertex 0 -5.68069 4.05263
      vertex -0.546842 -5.55218 4.01627
      vertex 0 -5.57905 4.01627
    endloop
  endfacet
  facet normal -0.0165487 -0.336784 -0.941436
    outer loop
      vertex 0 -5.68069 4.05263
      vertex -0.556805 -5.65333 4.05263
      vertex -0.546842 -5.55218 4.01627
    endloop
  endfacet
  facet normal -0.0209973 -0.427486 -0.903778
    outer loop
      vertex 0 -5.57905 4.01627
      vertex -0.537277 -5.45507 3.97011
      vertex 0 -5.48146 3.97011
    endloop
  endfacet
  facet normal -0.021007 -0.427522 -0.903761
    outer loop
      vertex 0 -5.57905 4.01627
      vertex -0.546842 -5.55218 4.01627
      vertex -0.537277 -5.45507 3.97011
    endloop
  endfacet
  facet normal -0.0252472 -0.513896 -0.857481
    outer loop
      vertex 0 -5.48146 3.97011
      vertex -0.528201 -5.36292 3.91462
      vertex 0 -5.38887 3.91462
    endloop
  endfacet
  facet normal -0.0252404 -0.513872 -0.857495
    outer loop
      vertex 0 -5.48146 3.97011
      vertex -0.537277 -5.45507 3.97011
      vertex -0.528201 -5.36292 3.91462
    endloop
  endfacet
  facet normal -0.0292533 -0.595498 -0.802824
    outer loop
      vertex 0 -5.38887 3.91462
      vertex -0.519703 -5.27664 3.85031
      vertex 0 -5.30217 3.85031
    endloop
  endfacet
  facet normal -0.0292568 -0.595509 -0.802816
    outer loop
      vertex 0 -5.38887 3.91462
      vertex -0.528201 -5.36292 3.91462
      vertex -0.519703 -5.27664 3.85031
    endloop
  endfacet
  facet normal -0.0329633 -0.67115 -0.740589
    outer loop
      vertex 0 -5.30217 3.85031
      vertex -0.511863 -5.19704 3.77782
      vertex 0 -5.22218 3.77782
    endloop
  endfacet
  facet normal -0.0329708 -0.671172 -0.740568
    outer loop
      vertex 0 -5.30217 3.85031
      vertex -0.519703 -5.27664 3.85031
      vertex -0.511863 -5.19704 3.77782
    endloop
  endfacet
  facet normal -0.0363827 -0.740501 -0.67107
    outer loop
      vertex 0 -5.22218 3.77782
      vertex -0.504757 -5.12489 3.69783
      vertex 0 -5.14969 3.69783
    endloop
  endfacet
  facet normal -0.0363675 -0.74046 -0.671116
    outer loop
      vertex 0 -5.22218 3.77782
      vertex -0.511863 -5.19704 3.77782
      vertex -0.504757 -5.12489 3.69783
    endloop
  endfacet
  facet normal -0.0394305 -0.802543 -0.595289
    outer loop
      vertex 0 -5.14969 3.69783
      vertex -0.498454 -5.06089 3.61113
      vertex 0 -5.08538 3.61113
    endloop
  endfacet
  facet normal -0.0394311 -0.802545 -0.595287
    outer loop
      vertex 0 -5.14969 3.69783
      vertex -0.504757 -5.12489 3.69783
      vertex -0.498454 -5.06089 3.61113
    endloop
  endfacet
  facet normal -0.042101 -0.856994 -0.513604
    outer loop
      vertex 0 -5.08538 3.61113
      vertex -0.493014 -5.00567 3.51854
      vertex 0 -5.02989 3.51854
    endloop
  endfacet
  facet normal -0.0421063 -0.857005 -0.513585
    outer loop
      vertex 0 -5.08538 3.61113
      vertex -0.498454 -5.06089 3.61113
      vertex -0.493014 -5.00567 3.51854
    endloop
  endfacet
  facet normal -0.0443695 -0.903087 -0.427159
    outer loop
      vertex 0 -5.02989 3.51854
      vertex -0.488491 -4.95973 3.42095
      vertex 0 -4.98373 3.42095
    endloop
  endfacet
  facet normal -0.044365 -0.903079 -0.427176
    outer loop
      vertex 0 -5.02989 3.51854
      vertex -0.493014 -5.00567 3.51854
      vertex -0.488491 -4.95973 3.42095
    endloop
  endfacet
  facet normal -0.0461997 -0.940531 -0.336552
    outer loop
      vertex 0 -4.98373 3.42095
      vertex -0.484926 -4.92354 3.31931
      vertex 0 -4.94736 3.31931
    endloop
  endfacet
  facet normal -0.0462098 -0.940545 -0.336512
    outer loop
      vertex 0 -4.98373 3.42095
      vertex -0.488491 -4.95973 3.42095
      vertex -0.484926 -4.92354 3.31931
    endloop
  endfacet
  facet normal -0.0476083 -0.96895 -0.242631
    outer loop
      vertex 0 -4.94736 3.31931
      vertex -0.482355 -4.89744 3.2146
      vertex 0 -4.92114 3.2146
    endloop
  endfacet
  facet normal -0.047595 -0.968937 -0.242686
    outer loop
      vertex 0 -4.94736 3.31931
      vertex -0.484926 -4.92354 3.31931
      vertex -0.482355 -4.89744 3.2146
    endloop
  endfacet
  facet normal -0.0485371 -0.98801 -0.146564
    outer loop
      vertex 0 -4.92114 3.2146
      vertex -0.480803 -4.88168 3.10782
      vertex 0 -4.9053 3.10782
    endloop
  endfacet
  facet normal -0.048545 -0.988014 -0.14653
    outer loop
      vertex 0 -4.92114 3.2146
      vertex -0.482355 -4.89744 3.2146
      vertex -0.480803 -4.88168 3.10782
    endloop
  endfacet
  facet normal -0.0490193 -0.997593 -0.0490377
    outer loop
      vertex 0 -4.9053 3.10782
      vertex -0.480284 -4.8764 3
      vertex 0 -4.9 3
    endloop
  endfacet
  facet normal -0.0490078 -0.997591 -0.0490885
    outer loop
      vertex 0 -4.9053 3.10782
      vertex -0.480803 -4.88168 3.10782
      vertex -0.480284 -4.8764 3
    endloop
  endfacet
  facet normal -0.0490079 -0.997594 0.0490377
    outer loop
      vertex 0 -4.9 3
      vertex -0.480803 -4.88168 2.89218
      vertex 0 -4.9053 2.89218
    endloop
  endfacet
  facet normal -0.0490192 -0.997591 0.0490885
    outer loop
      vertex -0.480284 -4.8764 3
      vertex -0.480803 -4.88168 2.89218
      vertex 0 -4.9 3
    endloop
  endfacet
  facet normal -0.0485448 -0.988009 0.146564
    outer loop
      vertex 0 -4.9053 2.89218
      vertex -0.482355 -4.89744 2.7854
      vertex 0 -4.92114 2.7854
    endloop
  endfacet
  facet normal -0.0485374 -0.988015 0.14653
    outer loop
      vertex -0.480803 -4.88168 2.89218
      vertex -0.482355 -4.89744 2.7854
      vertex 0 -4.9053 2.89218
    endloop
  endfacet
  facet normal -0.0475957 -0.96895 0.242631
    outer loop
      vertex 0 -4.92114 2.7854
      vertex -0.484926 -4.92354 2.68069
      vertex 0 -4.94736 2.68069
    endloop
  endfacet
  facet normal -0.0476076 -0.968936 0.242686
    outer loop
      vertex -0.482355 -4.89744 2.7854
      vertex -0.484926 -4.92354 2.68069
      vertex 0 -4.92114 2.7854
    endloop
  endfacet
  facet normal -0.0462091 -0.940531 0.336552
    outer loop
      vertex 0 -4.94736 2.68069
      vertex -0.488491 -4.95973 2.57905
      vertex 0 -4.98373 2.57905
    endloop
  endfacet
  facet normal -0.0462004 -0.940545 0.336512
    outer loop
      vertex -0.484926 -4.92354 2.68069
      vertex -0.488491 -4.95973 2.57905
      vertex 0 -4.94736 2.68069
    endloop
  endfacet
  facet normal -0.0443654 -0.903087 0.42716
    outer loop
      vertex 0 -4.98373 2.57905
      vertex -0.493014 -5.00567 2.48146
      vertex 0 -5.02989 2.48146
    endloop
  endfacet
  facet normal -0.0443691 -0.903079 0.427176
    outer loop
      vertex -0.488491 -4.95973 2.57905
      vertex -0.493014 -5.00567 2.48146
      vertex 0 -4.98373 2.57905
    endloop
  endfacet
  facet normal -0.0421057 -0.856994 0.513604
    outer loop
      vertex 0 -5.02989 2.48146
      vertex -0.498454 -5.06089 2.38887
      vertex 0 -5.08538 2.38887
    endloop
  endfacet
  facet normal -0.0421016 -0.857005 0.513585
    outer loop
      vertex -0.493014 -5.00567 2.48146
      vertex -0.498454 -5.06089 2.38887
      vertex 0 -5.02989 2.48146
    endloop
  endfacet
  facet normal -0.039431 -0.802543 0.595289
    outer loop
      vertex 0 -5.08538 2.38887
      vertex -0.504757 -5.12489 2.30217
      vertex 0 -5.14969 2.30217
    endloop
  endfacet
  facet normal -0.0394306 -0.802545 0.595287
    outer loop
      vertex -0.498454 -5.06089 2.38887
      vertex -0.504757 -5.12489 2.30217
      vertex 0 -5.08538 2.38887
    endloop
  endfacet
  facet normal -0.0363695 -0.740501 0.67107
    outer loop
      vertex 0 -5.14969 2.30217
      vertex -0.511863 -5.19704 2.22218
      vertex 0 -5.22218 2.22218
    endloop
  endfacet
  facet normal -0.0363806 -0.740459 0.671117
    outer loop
      vertex -0.504757 -5.12489 2.30217
      vertex -0.511863 -5.19704 2.22218
      vertex 0 -5.14969 2.30217
    endloop
  endfacet
  facet normal -0.0329697 -0.67115 0.740588
    outer loop
      vertex 0 -5.22218 2.22218
      vertex -0.519703 -5.27664 2.14969
      vertex 0 -5.30217 2.14969
    endloop
  endfacet
  facet normal -0.0329644 -0.671172 0.740568
    outer loop
      vertex -0.511863 -5.19704 2.22218
      vertex -0.519703 -5.27664 2.14969
      vertex 0 -5.22218 2.22218
    endloop
  endfacet
  facet normal -0.0292562 -0.595497 0.802824
    outer loop
      vertex 0 -5.30217 2.14969
      vertex -0.528201 -5.36292 2.08538
      vertex 0 -5.38887 2.08538
    endloop
  endfacet
  facet normal -0.0292539 -0.595509 0.802816
    outer loop
      vertex -0.519703 -5.27664 2.14969
      vertex -0.528201 -5.36292 2.08538
      vertex 0 -5.30217 2.14969
    endloop
  endfacet
  facet normal -0.0252416 -0.513896 0.857481
    outer loop
      vertex 0 -5.38887 2.08538
      vertex -0.537277 -5.45507 2.02989
      vertex 0 -5.48146 2.02989
    endloop
  endfacet
  facet normal -0.025246 -0.513872 0.857495
    outer loop
      vertex -0.528201 -5.36292 2.08538
      vertex -0.537277 -5.45507 2.02989
      vertex 0 -5.38887 2.08538
    endloop
  endfacet
  facet normal -0.0210053 -0.427486 0.903778
    outer loop
      vertex 0 -5.48146 2.02989
      vertex -0.546842 -5.55218 1.98373
      vertex 0 -5.57905 1.98373
    endloop
  endfacet
  facet normal -0.0209991 -0.427523 0.903761
    outer loop
      vertex -0.537277 -5.45507 2.02989
      vertex -0.546842 -5.55218 1.98373
      vertex 0 -5.48146 2.02989
    endloop
  endfacet
  facet normal -0.0165527 -0.336865 0.941407
    outer loop
      vertex 0 -5.57905 1.98373
      vertex -0.556805 -5.65333 1.94736
      vertex 0 -5.68069 1.94736
    endloop
  endfacet
  facet normal -0.0165525 -0.336867 0.941407
    outer loop
      vertex -0.546842 -5.55218 1.98373
      vertex -0.556805 -5.65333 1.94736
      vertex 0 -5.57905 1.98373
    endloop
  endfacet
  facet normal -0.0119331 -0.242889 0.969981
    outer loop
      vertex 0 -5.68069 1.94736
      vertex -0.567068 -5.75754 1.92114
      vertex 0 -5.7854 1.92114
    endloop
  endfacet
  facet normal -0.0119345 -0.242879 0.969983
    outer loop
      vertex -0.556805 -5.65333 1.94736
      vertex -0.567068 -5.75754 1.92114
      vertex 0 -5.68069 1.94736
    endloop
  endfacet
  facet normal -0.00720789 -0.146733 0.98915
    outer loop
      vertex 0 -5.7854 1.92114
      vertex -0.577535 -5.86381 1.9053
      vertex 0 -5.89218 1.9053
    endloop
  endfacet
  facet normal -0.00720869 -0.146727 0.989151
    outer loop
      vertex -0.567068 -5.75754 1.92114
      vertex -0.577535 -5.86381 1.9053
      vertex 0 -5.7854 1.92114
    endloop
  endfacet
  facet normal -0.00241183 -0.0490966 0.998791
    outer loop
      vertex 0 -5.89218 1.9053
      vertex -0.588102 -5.97111 1.9
      vertex 0 -6 1.9
    endloop
  endfacet
  facet normal -0.00241177 -0.049097 0.998791
    outer loop
      vertex -0.577535 -5.86381 1.9053
      vertex -0.588102 -5.97111 1.9
      vertex 0 -5.89218 1.9053
    endloop
  endfacet
  facet normal -0.00721318 -0.0486241 -0.998791
    outer loop
      vertex -0.588102 -5.97111 4.1
      vertex -1.14951 -5.77896 4.0947
      vertex -0.577535 -5.86381 4.0947
    endloop
  endfacet
  facet normal -0.00721287 -0.0486232 -0.998791
    outer loop
      vertex -0.588102 -5.97111 4.1
      vertex -1.17054 -5.88471 4.1
      vertex -1.14951 -5.77896 4.0947
    endloop
  endfacet
  facet normal -0.0215535 -0.145314 -0.989151
    outer loop
      vertex -0.577535 -5.86381 4.0947
      vertex -1.12868 -5.67424 4.07886
      vertex -0.567068 -5.75754 4.07886
    endloop
  endfacet
  facet normal -0.0215592 -0.145331 -0.989148
    outer loop
      vertex -0.577535 -5.86381 4.0947
      vertex -1.14951 -5.77896 4.0947
      vertex -1.12868 -5.67424 4.07886
    endloop
  endfacet
  facet normal -0.035694 -0.240627 -0.969961
    outer loop
      vertex -0.567068 -5.75754 4.07886
      vertex -1.10825 -5.57153 4.05263
      vertex -0.556805 -5.65333 4.05263
    endloop
  endfacet
  facet normal -0.0356881 -0.24061 -0.969965
    outer loop
      vertex -0.567068 -5.75754 4.07886
      vertex -1.12868 -5.67424 4.07886
      vertex -1.10825 -5.57153 4.05263
    endloop
  endfacet
  facet normal -0.0494728 -0.333542 -0.941436
    outer loop
      vertex -0.556805 -5.65333 4.05263
      vertex -1.08842 -5.47185 4.01627
      vertex -0.546842 -5.55218 4.01627
    endloop
  endfacet
  facet normal -0.0494794 -0.333559 -0.94143
    outer loop
      vertex -0.556805 -5.65333 4.05263
      vertex -1.10825 -5.57153 4.05263
      vertex -1.08842 -5.47185 4.01627
    endloop
  endfacet
  facet normal -0.0628062 -0.423405 -0.903761
    outer loop
      vertex -0.546842 -5.55218 4.01627
      vertex -1.06938 -5.37614 3.97011
      vertex -0.537277 -5.45507 3.97011
    endloop
  endfacet
  facet normal -0.0627992 -0.423387 -0.90377
    outer loop
      vertex -0.546842 -5.55218 4.01627
      vertex -1.08842 -5.47185 4.01627
      vertex -1.06938 -5.37614 3.97011
    endloop
  endfacet
  facet normal -0.0754845 -0.508924 -0.857496
    outer loop
      vertex -0.537277 -5.45507 3.97011
      vertex -1.05132 -5.28533 3.91462
      vertex -0.528201 -5.36292 3.91462
    endloop
  endfacet
  facet normal -0.0754959 -0.508952 -0.857478
    outer loop
      vertex -0.537277 -5.45507 3.97011
      vertex -1.06938 -5.37614 3.97011
      vertex -1.05132 -5.28533 3.91462
    endloop
  endfacet
  facet normal -0.0874868 -0.589773 -0.802816
    outer loop
      vertex -0.528201 -5.36292 3.91462
      vertex -1.0344 -5.20029 3.85031
      vertex -0.519703 -5.27664 3.85031
    endloop
  endfacet
  facet normal -0.0874706 -0.589735 -0.802846
    outer loop
      vertex -0.528201 -5.36292 3.91462
      vertex -1.05132 -5.28533 3.91462
      vertex -1.0344 -5.20029 3.85031
    endloop
  endfacet
  facet normal -0.098604 -0.664708 -0.740568
    outer loop
      vertex -0.519703 -5.27664 3.85031
      vertex -1.0188 -5.12184 3.77782
      vertex -0.511863 -5.19704 3.77782
    endloop
  endfacet
  facet normal -0.0986018 -0.664703 -0.740573
    outer loop
      vertex -0.519703 -5.27664 3.85031
      vertex -1.0344 -5.20029 3.85031
      vertex -1.0188 -5.12184 3.77782
    endloop
  endfacet
  facet normal -0.108776 -0.733328 -0.671116
    outer loop
      vertex -0.511863 -5.19704 3.77782
      vertex -1.00465 -5.05074 3.69783
      vertex -0.504757 -5.12489 3.69783
    endloop
  endfacet
  facet normal -0.108787 -0.73335 -0.671091
    outer loop
      vertex -0.511863 -5.19704 3.77782
      vertex -1.0188 -5.12184 3.77782
      vertex -1.00465 -5.05074 3.69783
    endloop
  endfacet
  facet normal -0.117889 -0.794818 -0.595287
    outer loop
      vertex -0.504757 -5.12489 3.69783
      vertex -0.992108 -4.98767 3.61113
      vertex -0.498454 -5.06089 3.61113
    endloop
  endfacet
  facet normal -0.1179 -0.794837 -0.59526
    outer loop
      vertex -0.504757 -5.12489 3.69783
      vertex -1.00465 -5.05074 3.69783
      vertex -0.992108 -4.98767 3.61113
    endloop
  endfacet
  facet normal -0.125904 -0.848751 -0.513586
    outer loop
      vertex -0.498454 -5.06089 3.61113
      vertex -0.981281 -4.93324 3.51854
      vertex -0.493014 -5.00567 3.51854
    endloop
  endfacet
  facet normal -0.125884 -0.848717 -0.513647
    outer loop
      vertex -0.498454 -5.06089 3.61113
      vertex -0.992108 -4.98767 3.61113
      vertex -0.981281 -4.93324 3.51854
    endloop
  endfacet
  facet normal -0.132664 -0.894383 -0.427175
    outer loop
      vertex -0.493014 -5.00567 3.51854
      vertex -0.972278 -4.88797 3.42095
      vertex -0.488491 -4.95973 3.42095
    endloop
  endfacet
  facet normal -0.132676 -0.894401 -0.427134
    outer loop
      vertex -0.493014 -5.00567 3.51854
      vertex -0.981281 -4.93324 3.51854
      vertex -0.972278 -4.88797 3.42095
    endloop
  endfacet
  facet normal -0.138174 -0.931487 -0.336512
    outer loop
      vertex -0.488491 -4.95973 3.42095
      vertex -0.965182 -4.8523 3.31931
      vertex -0.484926 -4.92354 3.31931
    endloop
  endfacet
  facet normal -0.138166 -0.931477 -0.336543
    outer loop
      vertex -0.488491 -4.95973 3.42095
      vertex -0.972278 -4.88797 3.42095
      vertex -0.965182 -4.8523 3.31931
    endloop
  endfacet
  facet normal -0.142341 -0.959605 -0.242686
    outer loop
      vertex -0.484926 -4.92354 3.31931
      vertex -0.960066 -4.82658 3.2146
      vertex -0.482355 -4.89744 3.2146
    endloop
  endfacet
  facet normal -0.142346 -0.95961 -0.242665
    outer loop
      vertex -0.484926 -4.92354 3.31931
      vertex -0.965182 -4.8523 3.31931
      vertex -0.960066 -4.82658 3.2146
    endloop
  endfacet
  facet normal -0.14516 -0.978498 -0.146529
    outer loop
      vertex -0.482355 -4.89744 3.2146
      vertex -0.956975 -4.81104 3.10782
      vertex -0.480803 -4.88168 3.10782
    endloop
  endfacet
  facet normal -0.145142 -0.978489 -0.146604
    outer loop
      vertex -0.482355 -4.89744 3.2146
      vertex -0.960066 -4.82658 3.2146
      vertex -0.956975 -4.81104 3.10782
    endloop
  endfacet
  facet normal -0.146539 -0.987986 -0.0490876
    outer loop
      vertex -0.480803 -4.88168 3.10782
      vertex -0.955942 -4.80585 3
      vertex -0.480284 -4.8764 3
    endloop
  endfacet
  facet normal -0.146568 -0.987988 -0.0489618
    outer loop
      vertex -0.480803 -4.88168 3.10782
      vertex -0.956975 -4.81104 3.10782
      vertex -0.955942 -4.80585 3
    endloop
  endfacet
  facet normal -0.146567 -0.987982 0.0490875
    outer loop
      vertex -0.480284 -4.8764 3
      vertex -0.956975 -4.81104 2.89218
      vertex -0.480803 -4.88168 2.89218
    endloop
  endfacet
  facet normal -0.14654 -0.987992 0.0489617
    outer loop
      vertex -0.955942 -4.80585 3
      vertex -0.956975 -4.81104 2.89218
      vertex -0.480284 -4.8764 3
    endloop
  endfacet
  facet normal -0.145143 -0.9785 0.14653
    outer loop
      vertex -0.480803 -4.88168 2.89218
      vertex -0.960066 -4.82658 2.7854
      vertex -0.482355 -4.89744 2.7854
    endloop
  endfacet
  facet normal -0.145158 -0.978487 0.146604
    outer loop
      vertex -0.956975 -4.81104 2.89218
      vertex -0.960066 -4.82658 2.7854
      vertex -0.480803 -4.88168 2.89218
    endloop
  endfacet
  facet normal -0.142345 -0.959605 0.242686
    outer loop
      vertex -0.482355 -4.89744 2.7854
      vertex -0.965182 -4.8523 2.68069
      vertex -0.484926 -4.92354 2.68069
    endloop
  endfacet
  facet normal -0.142341 -0.959611 0.242665
    outer loop
      vertex -0.960066 -4.82658 2.7854
      vertex -0.965182 -4.8523 2.68069
      vertex -0.482355 -4.89744 2.7854
    endloop
  endfacet
  facet normal -0.138167 -0.931488 0.336512
    outer loop
      vertex -0.484926 -4.92354 2.68069
      vertex -0.972278 -4.88797 2.57905
      vertex -0.488491 -4.95973 2.57905
    endloop
  endfacet
  facet normal -0.138173 -0.931476 0.336543
    outer loop
      vertex -0.965182 -4.8523 2.68069
      vertex -0.972278 -4.88797 2.57905
      vertex -0.484926 -4.92354 2.68069
    endloop
  endfacet
  facet normal -0.132674 -0.894382 0.427175
    outer loop
      vertex -0.488491 -4.95973 2.57905
      vertex -0.981281 -4.93324 2.48146
      vertex -0.493014 -5.00567 2.48146
    endloop
  endfacet
  facet normal -0.132667 -0.894403 0.427134
    outer loop
      vertex -0.972278 -4.88797 2.57905
      vertex -0.981281 -4.93324 2.48146
      vertex -0.488491 -4.95973 2.57905
    endloop
  endfacet
  facet normal -0.125889 -0.848753 0.513586
    outer loop
      vertex -0.493014 -5.00567 2.48146
      vertex -0.992108 -4.98767 2.38887
      vertex -0.498454 -5.06089 2.38887
    endloop
  endfacet
  facet normal -0.125899 -0.848714 0.513647
    outer loop
      vertex -0.981281 -4.93324 2.48146
      vertex -0.992108 -4.98767 2.38887
      vertex -0.493014 -5.00567 2.48146
    endloop
  endfacet
  facet normal -0.117897 -0.794817 0.595287
    outer loop
      vertex -0.498454 -5.06089 2.38887
      vertex -1.00465 -5.05074 2.30217
      vertex -0.504757 -5.12489 2.30217
    endloop
  endfacet
  facet normal -0.117892 -0.794838 0.59526
    outer loop
      vertex -0.992108 -4.98767 2.38887
      vertex -1.00465 -5.05074 2.30217
      vertex -0.498454 -5.06089 2.38887
    endloop
  endfacet
  facet normal -0.108783 -0.733327 0.671116
    outer loop
      vertex -0.504757 -5.12489 2.30217
      vertex -1.0188 -5.12184 2.22218
      vertex -0.511863 -5.19704 2.22218
    endloop
  endfacet
  facet normal -0.108779 -0.733352 0.67109
    outer loop
      vertex -1.00465 -5.05074 2.30217
      vertex -1.0188 -5.12184 2.22218
      vertex -0.504757 -5.12489 2.30217
    endloop
  endfacet
  facet normal -0.0986026 -0.664708 0.740568
    outer loop
      vertex -0.511863 -5.19704 2.22218
      vertex -1.0344 -5.20029 2.14969
      vertex -0.519703 -5.27664 2.14969
    endloop
  endfacet
  facet normal -0.0986032 -0.664702 0.740573
    outer loop
      vertex -1.0188 -5.12184 2.22218
      vertex -1.0344 -5.20029 2.14969
      vertex -0.511863 -5.19704 2.22218
    endloop
  endfacet
  facet normal -0.0874765 -0.589774 0.802816
    outer loop
      vertex -0.519703 -5.27664 2.14969
      vertex -1.05132 -5.28533 2.08538
      vertex -0.528201 -5.36292 2.08538
    endloop
  endfacet
  facet normal -0.0874808 -0.589733 0.802846
    outer loop
      vertex -1.0344 -5.20029 2.14969
      vertex -1.05132 -5.28533 2.08538
      vertex -0.519703 -5.27664 2.14969
    endloop
  endfacet
  facet normal -0.0754916 -0.508923 0.857495
    outer loop
      vertex -0.528201 -5.36292 2.08538
      vertex -1.06938 -5.37614 2.02989
      vertex -0.537277 -5.45507 2.02989
    endloop
  endfacet
  facet normal -0.075489 -0.508954 0.857477
    outer loop
      vertex -1.05132 -5.28533 2.08538
      vertex -1.06938 -5.37614 2.02989
      vertex -0.528201 -5.36292 2.08538
    endloop
  endfacet
  facet normal -0.062802 -0.423405 0.903761
    outer loop
      vertex -0.537277 -5.45507 2.02989
      vertex -1.08842 -5.47185 1.98373
      vertex -0.546842 -5.55218 1.98373
    endloop
  endfacet
  facet normal -0.0628033 -0.423386 0.90377
    outer loop
      vertex -1.06938 -5.37614 2.02989
      vertex -1.08842 -5.47185 1.98373
      vertex -0.537277 -5.45507 2.02989
    endloop
  endfacet
  facet normal -0.0494887 -0.333622 0.941407
    outer loop
      vertex -0.546842 -5.55218 1.98373
      vertex -1.10825 -5.57153 1.94736
      vertex -0.556805 -5.65333 1.94736
    endloop
  endfacet
  facet normal -0.0494876 -0.333642 0.9414
    outer loop
      vertex -1.08842 -5.47185 1.98373
      vertex -1.10825 -5.57153 1.94736
      vertex -0.546842 -5.55218 1.98373
    endloop
  endfacet
  facet normal -0.0356778 -0.240541 0.969983
    outer loop
      vertex -0.556805 -5.65333 1.94736
      vertex -1.12868 -5.67424 1.92114
      vertex -0.567068 -5.75754 1.92114
    endloop
  endfacet
  facet normal -0.0356786 -0.240523 0.969987
    outer loop
      vertex -1.10825 -5.57153 1.94736
      vertex -1.12868 -5.67424 1.92114
      vertex -0.556805 -5.65333 1.94736
    endloop
  endfacet
  facet normal -0.0215567 -0.145314 0.989151
    outer loop
      vertex -0.567068 -5.75754 1.92114
      vertex -1.14951 -5.77896 1.9053
      vertex -0.577535 -5.86381 1.9053
    endloop
  endfacet
  facet normal -0.021556 -0.145331 0.989148
    outer loop
      vertex -1.12868 -5.67424 1.92114
      vertex -1.14951 -5.77896 1.9053
      vertex -0.567068 -5.75754 1.92114
    endloop
  endfacet
  facet normal -0.007213 -0.0486242 0.998791
    outer loop
      vertex -0.577535 -5.86381 1.9053
      vertex -1.17054 -5.88471 1.9
      vertex -0.588102 -5.97111 1.9
    endloop
  endfacet
  facet normal -0.00721304 -0.0486232 0.998791
    outer loop
      vertex -1.14951 -5.77896 1.9053
      vertex -1.17054 -5.88471 1.9
      vertex -0.577535 -5.86381 1.9053
    endloop
  endfacet
  facet normal -0.011944 -0.0476824 -0.998791
    outer loop
      vertex -1.17054 -5.88471 4.1
      vertex -1.71041 -5.63846 4.0947
      vertex -1.14951 -5.77896 4.0947
    endloop
  endfacet
  facet normal -0.0119435 -0.0476813 -0.998791
    outer loop
      vertex -1.17054 -5.88471 4.1
      vertex -1.74171 -5.74164 4.1
      vertex -1.71041 -5.63846 4.0947
    endloop
  endfacet
  facet normal -0.0357012 -0.142518 -0.989148
    outer loop
      vertex -1.14951 -5.77896 4.0947
      vertex -1.67941 -5.53628 4.07886
      vertex -1.12868 -5.67424 4.07886
    endloop
  endfacet
  facet normal -0.035697 -0.142509 -0.98915
    outer loop
      vertex -1.14951 -5.77896 4.0947
      vertex -1.71041 -5.63846 4.0947
      vertex -1.67941 -5.53628 4.07886
    endloop
  endfacet
  facet normal -0.0591007 -0.235953 -0.969966
    outer loop
      vertex -1.12868 -5.67424 4.07886
      vertex -1.64902 -5.43608 4.05263
      vertex -1.10825 -5.57153 4.05263
    endloop
  endfacet
  facet normal -0.0591146 -0.235983 -0.969957
    outer loop
      vertex -1.12868 -5.67424 4.07886
      vertex -1.67941 -5.53628 4.07886
      vertex -1.64902 -5.43608 4.05263
    endloop
  endfacet
  facet normal -0.0819344 -0.327103 -0.94143
    outer loop
      vertex -1.10825 -5.57153 4.05263
      vertex -1.61951 -5.33882 4.01627
      vertex -1.08842 -5.47185 4.01627
    endloop
  endfacet
  facet normal -0.0819285 -0.327091 -0.941435
    outer loop
      vertex -1.10825 -5.57153 4.05263
      vertex -1.64902 -5.43608 4.05263
      vertex -1.61951 -5.33882 4.01627
    endloop
  endfacet
  facet normal -0.104004 -0.41519 -0.90377
    outer loop
      vertex -1.08842 -5.47185 4.01627
      vertex -1.59118 -5.24543 3.97011
      vertex -1.06938 -5.37614 3.97011
    endloop
  endfacet
  facet normal -0.103993 -0.415167 -0.903782
    outer loop
      vertex -1.08842 -5.47185 4.01627
      vertex -1.61951 -5.33882 4.01627
      vertex -1.59118 -5.24543 3.97011
    endloop
  endfacet
  facet normal -0.125021 -0.499103 -0.857477
    outer loop
      vertex -1.06938 -5.37614 3.97011
      vertex -1.56431 -5.15683 3.91462
      vertex -1.05132 -5.28533 3.91462
    endloop
  endfacet
  facet normal -0.125027 -0.499114 -0.857469
    outer loop
      vertex -1.06938 -5.37614 3.97011
      vertex -1.59118 -5.24543 3.97011
      vertex -1.56431 -5.15683 3.91462
    endloop
  endfacet
  facet normal -0.14486 -0.578317 -0.802848
    outer loop
      vertex -1.05132 -5.28533 3.91462
      vertex -1.53914 -5.07386 3.85031
      vertex -1.0344 -5.20029 3.85031
    endloop
  endfacet
  facet normal -0.144867 -0.578331 -0.802837
    outer loop
      vertex -1.05132 -5.28533 3.91462
      vertex -1.56431 -5.15683 3.91462
      vertex -1.53914 -5.07386 3.85031
    endloop
  endfacet
  facet normal -0.163275 -0.651841 -0.740571
    outer loop
      vertex -1.0344 -5.20029 3.85031
      vertex -1.51592 -4.99732 3.77782
      vertex -1.0188 -5.12184 3.77782
    endloop
  endfacet
  facet normal -0.163278 -0.651846 -0.740566
    outer loop
      vertex -1.0344 -5.20029 3.85031
      vertex -1.53914 -5.07386 3.85031
      vertex -1.51592 -4.99732 3.77782
    endloop
  endfacet
  facet normal -0.180147 -0.719152 -0.671094
    outer loop
      vertex -1.0188 -5.12184 3.77782
      vertex -1.49487 -4.92794 3.69783
      vertex -1.00465 -5.05074 3.69783
    endloop
  endfacet
  facet normal -0.180127 -0.719119 -0.671135
    outer loop
      vertex -1.0188 -5.12184 3.77782
      vertex -1.51592 -4.99732 3.77782
      vertex -1.49487 -4.92794 3.69783
    endloop
  endfacet
  facet normal -0.195241 -0.779454 -0.595258
    outer loop
      vertex -1.00465 -5.05074 3.69783
      vertex -1.47621 -4.86641 3.61113
      vertex -0.992108 -4.98767 3.61113
    endloop
  endfacet
  facet normal -0.19526 -0.779482 -0.595215
    outer loop
      vertex -1.00465 -5.05074 3.69783
      vertex -1.49487 -4.92794 3.69783
      vertex -1.47621 -4.86641 3.61113
    endloop
  endfacet
  facet normal -0.208481 -0.832287 -0.513647
    outer loop
      vertex -0.992108 -4.98767 3.61113
      vertex -1.4601 -4.8133 3.51854
      vertex -0.981281 -4.93324 3.51854
    endloop
  endfacet
  facet normal -0.208472 -0.832276 -0.513669
    outer loop
      vertex -0.992108 -4.98767 3.61113
      vertex -1.47621 -4.86641 3.61113
      vertex -1.4601 -4.8133 3.51854
    endloop
  endfacet
  facet normal -0.219706 -0.87709 -0.427133
    outer loop
      vertex -0.981281 -4.93324 3.51854
      vertex -1.4467 -4.76913 3.42095
      vertex -0.972278 -4.88797 3.42095
    endloop
  endfacet
  facet normal -0.219702 -0.877086 -0.427143
    outer loop
      vertex -0.981281 -4.93324 3.51854
      vertex -1.4601 -4.8133 3.51854
      vertex -1.4467 -4.76913 3.42095
    endloop
  endfacet
  facet normal -0.228809 -0.913447 -0.336543
    outer loop
      vertex -0.972278 -4.88797 3.42095
      vertex -1.43614 -4.73433 3.31931
      vertex -0.965182 -4.8523 3.31931
    endloop
  endfacet
  facet normal -0.228815 -0.913452 -0.336525
    outer loop
      vertex -0.972278 -4.88797 3.42095
      vertex -1.4467 -4.76913 3.42095
      vertex -1.43614 -4.73433 3.31931
    endloop
  endfacet
  facet normal -0.235729 -0.941035 -0.242664
    outer loop
      vertex -0.965182 -4.8523 3.31931
      vertex -1.42853 -4.70923 3.2146
      vertex -0.960066 -4.82658 3.2146
    endloop
  endfacet
  facet normal -0.235717 -0.941027 -0.242704
    outer loop
      vertex -0.965182 -4.8523 3.31931
      vertex -1.43614 -4.73433 3.31931
      vertex -1.42853 -4.70923 3.2146
    endloop
  endfacet
  facet normal -0.240343 -0.959553 -0.146604
    outer loop
      vertex -0.960066 -4.82658 3.2146
      vertex -1.42393 -4.69408 3.10782
      vertex -0.956975 -4.81104 3.10782
    endloop
  endfacet
  facet normal -0.24037 -0.959563 -0.146498
    outer loop
      vertex -0.960066 -4.82658 3.2146
      vertex -1.42853 -4.70923 3.2146
      vertex -1.42393 -4.69408 3.10782
    endloop
  endfacet
  facet normal -0.24269 -0.968867 -0.0489624
    outer loop
      vertex -0.956975 -4.81104 3.10782
      vertex -1.42239 -4.68901 3
      vertex -0.955942 -4.80585 3
    endloop
  endfacet
  facet normal -0.242676 -0.968868 -0.0490251
    outer loop
      vertex -0.956975 -4.81104 3.10782
      vertex -1.42393 -4.69408 3.10782
      vertex -1.42239 -4.68901 3
    endloop
  endfacet
  facet normal -0.242677 -0.968871 0.0489624
    outer loop
      vertex -0.955942 -4.80585 3
      vertex -1.42393 -4.69408 2.89218
      vertex -0.956975 -4.81104 2.89218
    endloop
  endfacet
  facet normal -0.24269 -0.968864 0.0490251
    outer loop
      vertex -1.42239 -4.68901 3
      vertex -1.42393 -4.69408 2.89218
      vertex -0.955942 -4.80585 3
    endloop
  endfacet
  facet normal -0.240366 -0.959548 0.146604
    outer loop
      vertex -0.956975 -4.81104 2.89218
      vertex -1.42853 -4.70923 2.7854
      vertex -0.960066 -4.82658 2.7854
    endloop
  endfacet
  facet normal -0.240347 -0.959569 0.146498
    outer loop
      vertex -1.42393 -4.69408 2.89218
      vertex -1.42853 -4.70923 2.7854
      vertex -0.956975 -4.81104 2.89218
    endloop
  endfacet
  facet normal -0.23572 -0.941037 0.242665
    outer loop
      vertex -0.960066 -4.82658 2.7854
      vertex -1.43614 -4.73433 2.68069
      vertex -0.965182 -4.8523 2.68069
    endloop
  endfacet
  facet normal -0.235726 -0.941025 0.242705
    outer loop
      vertex -1.42853 -4.70923 2.7854
      vertex -1.43614 -4.73433 2.68069
      vertex -0.960066 -4.82658 2.7854
    endloop
  endfacet
  facet normal -0.228813 -0.913446 0.336543
    outer loop
      vertex -0.965182 -4.8523 2.68069
      vertex -1.4467 -4.76913 2.57905
      vertex -0.972278 -4.88797 2.57905
    endloop
  endfacet
  facet normal -0.22881 -0.913453 0.336525
    outer loop
      vertex -1.43614 -4.73433 2.68069
      vertex -1.4467 -4.76913 2.57905
      vertex -0.965182 -4.8523 2.68069
    endloop
  endfacet
  facet normal -0.219704 -0.877091 0.427133
    outer loop
      vertex -0.972278 -4.88797 2.57905
      vertex -1.4601 -4.8133 2.48146
      vertex -0.981281 -4.93324 2.48146
    endloop
  endfacet
  facet normal -0.219705 -0.877085 0.427143
    outer loop
      vertex -1.4467 -4.76913 2.57905
      vertex -1.4601 -4.8133 2.48146
      vertex -0.972278 -4.88797 2.57905
    endloop
  endfacet
  facet normal -0.208475 -0.832289 0.513648
    outer loop
      vertex -0.981281 -4.93324 2.48146
      vertex -1.47621 -4.86641 2.38887
      vertex -0.992108 -4.98767 2.38887
    endloop
  endfacet
  facet normal -0.208478 -0.832274 0.51367
    outer loop
      vertex -1.4601 -4.8133 2.48146
      vertex -1.47621 -4.86641 2.38887
      vertex -0.981281 -4.93324 2.48146
    endloop
  endfacet
  facet normal -0.195252 -0.779451 0.595258
    outer loop
      vertex -0.992108 -4.98767 2.38887
      vertex -1.49487 -4.92794 2.30217
      vertex -1.00465 -5.05074 2.30217
    endloop
  endfacet
  facet normal -0.195249 -0.779486 0.595214
    outer loop
      vertex -1.47621 -4.86641 2.38887
      vertex -1.49487 -4.92794 2.30217
      vertex -0.992108 -4.98767 2.38887
    endloop
  endfacet
  facet normal -0.180136 -0.719155 0.671094
    outer loop
      vertex -1.00465 -5.05074 2.30217
      vertex -1.51592 -4.99732 2.22218
      vertex -1.0188 -5.12184 2.22218
    endloop
  endfacet
  facet normal -0.180138 -0.719115 0.671136
    outer loop
      vertex -1.49487 -4.92794 2.30217
      vertex -1.51592 -4.99732 2.22218
      vertex -1.00465 -5.05074 2.30217
    endloop
  endfacet
  facet normal -0.163276 -0.65184 0.740571
    outer loop
      vertex -1.0188 -5.12184 2.22218
      vertex -1.53914 -5.07386 2.14969
      vertex -1.0344 -5.20029 2.14969
    endloop
  endfacet
  facet normal -0.163276 -0.651846 0.740565
    outer loop
      vertex -1.51592 -4.99732 2.22218
      vertex -1.53914 -5.07386 2.14969
      vertex -1.0188 -5.12184 2.22218
    endloop
  endfacet
  facet normal -0.144864 -0.578317 0.802848
    outer loop
      vertex -1.0344 -5.20029 2.14969
      vertex -1.56431 -5.15683 2.08538
      vertex -1.05132 -5.28533 2.08538
    endloop
  endfacet
  facet normal -0.144864 -0.578332 0.802837
    outer loop
      vertex -1.53914 -5.07386 2.14969
      vertex -1.56431 -5.15683 2.08538
      vertex -1.0344 -5.20029 2.14969
    endloop
  endfacet
  facet normal -0.125024 -0.499102 0.857477
    outer loop
      vertex -1.05132 -5.28533 2.08538
      vertex -1.59118 -5.24543 2.02989
      vertex -1.06938 -5.37614 2.02989
    endloop
  endfacet
  facet normal -0.125024 -0.499115 0.857469
    outer loop
      vertex -1.56431 -5.15683 2.08538
      vertex -1.59118 -5.24543 2.02989
      vertex -1.05132 -5.28533 2.08538
    endloop
  endfacet
  facet normal -0.103999 -0.415191 0.90377
    outer loop
      vertex -1.06938 -5.37614 2.02989
      vertex -1.61951 -5.33882 1.98373
      vertex -1.08842 -5.47185 1.98373
    endloop
  endfacet
  facet normal -0.103998 -0.415166 0.903782
    outer loop
      vertex -1.59118 -5.24543 2.02989
      vertex -1.61951 -5.33882 1.98373
      vertex -1.06938 -5.37614 2.02989
    endloop
  endfacet
  facet normal -0.0819516 -0.327183 0.941401
    outer loop
      vertex -1.08842 -5.47185 1.98373
      vertex -1.64902 -5.43608 1.94736
      vertex -1.10825 -5.57153 1.94736
    endloop
  endfacet
  facet normal -0.0819511 -0.32717 0.941405
    outer loop
      vertex -1.61951 -5.33882 1.98373
      vertex -1.64902 -5.43608 1.94736
      vertex -1.08842 -5.47185 1.98373
    endloop
  endfacet
  facet normal -0.0590857 -0.235867 0.969987
    outer loop
      vertex -1.10825 -5.57153 1.94736
      vertex -1.67941 -5.53628 1.92114
      vertex -1.12868 -5.67424 1.92114
    endloop
  endfacet
  facet normal -0.0590874 -0.2359 0.969979
    outer loop
      vertex -1.64902 -5.43608 1.94736
      vertex -1.67941 -5.53628 1.92114
      vertex -1.10825 -5.57153 1.94736
    endloop
  endfacet
  facet normal -0.0356994 -0.142518 0.989148
    outer loop
      vertex -1.12868 -5.67424 1.92114
      vertex -1.71041 -5.63846 1.9053
      vertex -1.14951 -5.77896 1.9053
    endloop
  endfacet
  facet normal -0.0356988 -0.142508 0.98915
    outer loop
      vertex -1.67941 -5.53628 1.92114
      vertex -1.71041 -5.63846 1.9053
      vertex -1.12868 -5.67424 1.92114
    endloop
  endfacet
  facet normal -0.0119438 -0.0476824 0.998791
    outer loop
      vertex -1.14951 -5.77896 1.9053
      vertex -1.74171 -5.74164 1.9
      vertex -1.17054 -5.88471 1.9
    endloop
  endfacet
  facet normal -0.0119437 -0.0476813 0.998791
    outer loop
      vertex -1.71041 -5.63846 1.9053
      vertex -1.74171 -5.74164 1.9
      vertex -1.14951 -5.77896 1.9053
    endloop
  endfacet
  facet normal -0.0165588 -0.0462813 -0.998791
    outer loop
      vertex -1.74171 -5.74164 4.1
      vertex -2.25484 -5.44367 4.0947
      vertex -1.71041 -5.63846 4.0947
    endloop
  endfacet
  facet normal -0.0165602 -0.0462837 -0.998791
    outer loop
      vertex -1.74171 -5.74164 4.1
      vertex -2.2961 -5.54328 4.1
      vertex -2.25484 -5.44367 4.0947
    endloop
  endfacet
  facet normal -0.0494923 -0.138323 -0.98915
    outer loop
      vertex -1.71041 -5.63846 4.0947
      vertex -2.21398 -5.34501 4.07886
      vertex -1.67941 -5.53628 4.07886
    endloop
  endfacet
  facet normal -0.0494871 -0.138315 -0.989151
    outer loop
      vertex -1.71041 -5.63846 4.0947
      vertex -2.25484 -5.44367 4.0947
      vertex -2.21398 -5.34501 4.07886
    endloop
  endfacet
  facet normal -0.0819591 -0.229054 -0.969957
    outer loop
      vertex -1.67941 -5.53628 4.07886
      vertex -2.1739 -5.24827 4.05263
      vertex -1.64902 -5.43608 4.05263
    endloop
  endfacet
  facet normal -0.0819514 -0.229041 -0.969961
    outer loop
      vertex -1.67941 -5.53628 4.07886
      vertex -2.21398 -5.34501 4.07886
      vertex -2.1739 -5.24827 4.05263
    endloop
  endfacet
  facet normal -0.113598 -0.317482 -0.941435
    outer loop
      vertex -1.64902 -5.43608 4.05263
      vertex -2.13501 -5.15437 4.01627
      vertex -1.61951 -5.33882 4.01627
    endloop
  endfacet
  facet normal -0.113603 -0.317491 -0.941432
    outer loop
      vertex -1.64902 -5.43608 4.05263
      vertex -2.1739 -5.24827 4.05263
      vertex -2.13501 -5.15437 4.01627
    endloop
  endfacet
  facet normal -0.144185 -0.402975 -0.903782
    outer loop
      vertex -1.61951 -5.33882 4.01627
      vertex -2.09766 -5.06421 3.97011
      vertex -1.59118 -5.24543 3.97011
    endloop
  endfacet
  facet normal -0.14419 -0.402982 -0.903778
    outer loop
      vertex -1.61951 -5.33882 4.01627
      vertex -2.13501 -5.15437 4.01627
      vertex -2.09766 -5.06421 3.97011
    endloop
  endfacet
  facet normal -0.173344 -0.48446 -0.857468
    outer loop
      vertex -1.59118 -5.24543 3.97011
      vertex -2.06223 -4.97867 3.91462
      vertex -1.56431 -5.15683 3.91462
    endloop
  endfacet
  facet normal -0.173338 -0.48445 -0.857474
    outer loop
      vertex -1.59118 -5.24543 3.97011
      vertex -2.09766 -5.06421 3.97011
      vertex -2.06223 -4.97867 3.91462
    endloop
  endfacet
  facet normal -0.200861 -0.561345 -0.802837
    outer loop
      vertex -1.56431 -5.15683 3.91462
      vertex -2.02905 -4.89856 3.85031
      vertex -1.53914 -5.07386 3.85031
    endloop
  endfacet
  facet normal -0.200846 -0.561323 -0.802856
    outer loop
      vertex -1.56431 -5.15683 3.91462
      vertex -2.06223 -4.97867 3.91462
      vertex -2.02905 -4.89856 3.85031
    endloop
  endfacet
  facet normal -0.226386 -0.632701 -0.740566
    outer loop
      vertex -1.53914 -5.07386 3.85031
      vertex -1.99844 -4.82467 3.77782
      vertex -1.51592 -4.99732 3.77782
    endloop
  endfacet
  facet normal -0.226401 -0.632722 -0.740544
    outer loop
      vertex -1.53914 -5.07386 3.85031
      vertex -2.02905 -4.89856 3.85031
      vertex -1.99844 -4.82467 3.77782
    endloop
  endfacet
  facet normal -0.249741 -0.698 -0.671137
    outer loop
      vertex -1.51592 -4.99732 3.77782
      vertex -1.9707 -4.75769 3.69783
      vertex -1.49487 -4.92794 3.69783
    endloop
  endfacet
  facet normal -0.249759 -0.698023 -0.671107
    outer loop
      vertex -1.51592 -4.99732 3.77782
      vertex -1.99844 -4.82467 3.77782
      vertex -1.9707 -4.75769 3.69783
    endloop
  endfacet
  facet normal -0.27072 -0.756594 -0.595212
    outer loop
      vertex -1.49487 -4.92794 3.69783
      vertex -1.94609 -4.69828 3.61113
      vertex -1.47621 -4.86641 3.61113
    endloop
  endfacet
  facet normal -0.270695 -0.756563 -0.595262
    outer loop
      vertex -1.49487 -4.92794 3.69783
      vertex -1.9707 -4.75769 3.69783
      vertex -1.94609 -4.69828 3.61113
    endloop
  endfacet
  facet normal -0.289047 -0.807834 -0.513669
    outer loop
      vertex -1.47621 -4.86641 3.61113
      vertex -1.92485 -4.64701 3.51854
      vertex -1.4601 -4.8133 3.51854
    endloop
  endfacet
  facet normal -0.28906 -0.807848 -0.513641
    outer loop
      vertex -1.47621 -4.86641 3.61113
      vertex -1.94609 -4.69828 3.61113
      vertex -1.92485 -4.64701 3.51854
    endloop
  endfacet
  facet normal -0.304601 -0.851332 -0.427144
    outer loop
      vertex -1.4601 -4.8133 3.51854
      vertex -1.90719 -4.60437 3.42095
      vertex -1.4467 -4.76913 3.42095
    endloop
  endfacet
  facet normal -0.304616 -0.851347 -0.427103
    outer loop
      vertex -1.4601 -4.8133 3.51854
      vertex -1.92485 -4.64701 3.51854
      vertex -1.90719 -4.60437 3.42095
    endloop
  endfacet
  facet normal -0.317234 -0.886629 -0.336528
    outer loop
      vertex -1.4467 -4.76913 3.42095
      vertex -1.89327 -4.57077 3.31931
      vertex -1.43614 -4.73433 3.31931
    endloop
  endfacet
  facet normal -0.317228 -0.886625 -0.336545
    outer loop
      vertex -1.4467 -4.76913 3.42095
      vertex -1.90719 -4.60437 3.42095
      vertex -1.89327 -4.57077 3.31931
    endloop
  endfacet
  facet normal -0.326803 -0.913398 -0.242701
    outer loop
      vertex -1.43614 -4.73433 3.31931
      vertex -1.88324 -4.54654 3.2146
      vertex -1.42853 -4.70923 3.2146
    endloop
  endfacet
  facet normal -0.326813 -0.913403 -0.242667
    outer loop
      vertex -1.43614 -4.73433 3.31931
      vertex -1.89327 -4.57077 3.31931
      vertex -1.88324 -4.54654 3.2146
    endloop
  endfacet
  facet normal -0.333263 -0.931382 -0.146502
    outer loop
      vertex -1.42853 -4.70923 3.2146
      vertex -1.87718 -4.5319 3.10782
      vertex -1.42393 -4.69408 3.10782
    endloop
  endfacet
  facet normal -0.333235 -0.931376 -0.146607
    outer loop
      vertex -1.42853 -4.70923 3.2146
      vertex -1.88324 -4.54654 3.2146
      vertex -1.87718 -4.5319 3.10782
    endloop
  endfacet
  facet normal -0.336485 -0.940412 -0.0490268
    outer loop
      vertex -1.42393 -4.69408 3.10782
      vertex -1.87515 -4.52701 3
      vertex -1.42239 -4.68901 3
    endloop
  endfacet
  facet normal -0.336494 -0.940411 -0.0489862
    outer loop
      vertex -1.42393 -4.69408 3.10782
      vertex -1.87718 -4.5319 3.10782
      vertex -1.87515 -4.52701 3
    endloop
  endfacet
  facet normal -0.336493 -0.940409 0.0490268
    outer loop
      vertex -1.42239 -4.68901 3
      vertex -1.87718 -4.5319 2.89218
      vertex -1.42393 -4.69408 2.89218
    endloop
  endfacet
  facet normal -0.336485 -0.940414 0.0489862
    outer loop
      vertex -1.87515 -4.52701 3
      vertex -1.87718 -4.5319 2.89218
      vertex -1.42239 -4.68901 3
    endloop
  endfacet
  facet normal -0.333241 -0.93139 0.146502
    outer loop
      vertex -1.42393 -4.69408 2.89218
      vertex -1.88324 -4.54654 2.7854
      vertex -1.42853 -4.70923 2.7854
    endloop
  endfacet
  facet normal -0.333258 -0.931367 0.146608
    outer loop
      vertex -1.87718 -4.5319 2.89218
      vertex -1.88324 -4.54654 2.7854
      vertex -1.42393 -4.69408 2.89218
    endloop
  endfacet
  facet normal -0.326811 -0.913395 0.242701
    outer loop
      vertex -1.42853 -4.70923 2.7854
      vertex -1.89327 -4.57077 2.68069
      vertex -1.43614 -4.73433 2.68069
    endloop
  endfacet
  facet normal -0.326806 -0.913406 0.242667
    outer loop
      vertex -1.88324 -4.54654 2.7854
      vertex -1.89327 -4.57077 2.68069
      vertex -1.42853 -4.70923 2.7854
    endloop
  endfacet
  facet normal -0.31723 -0.886631 0.336528
    outer loop
      vertex -1.43614 -4.73433 2.68069
      vertex -1.90719 -4.60437 2.57905
      vertex -1.4467 -4.76913 2.57905
    endloop
  endfacet
  facet normal -0.317232 -0.886624 0.336545
    outer loop
      vertex -1.89327 -4.57077 2.68069
      vertex -1.90719 -4.60437 2.57905
      vertex -1.43614 -4.73433 2.68069
    endloop
  endfacet
  facet normal -0.30461 -0.851329 0.427144
    outer loop
      vertex -1.4467 -4.76913 2.57905
      vertex -1.92485 -4.64701 2.48146
      vertex -1.4601 -4.8133 2.48146
    endloop
  endfacet
  facet normal -0.304607 -0.851351 0.427103
    outer loop
      vertex -1.90719 -4.60437 2.57905
      vertex -1.92485 -4.64701 2.48146
      vertex -1.4467 -4.76913 2.57905
    endloop
  endfacet
  facet normal -0.289054 -0.807832 0.513669
    outer loop
      vertex -1.4601 -4.8133 2.48146
      vertex -1.94609 -4.69828 2.38887
      vertex -1.47621 -4.86641 2.38887
    endloop
  endfacet
  facet normal -0.289053 -0.80785 0.51364
    outer loop
      vertex -1.92485 -4.64701 2.48146
      vertex -1.94609 -4.69828 2.38887
      vertex -1.4601 -4.8133 2.48146
    endloop
  endfacet
  facet normal -0.270708 -0.756598 0.595212
    outer loop
      vertex -1.47621 -4.86641 2.38887
      vertex -1.9707 -4.75769 2.30217
      vertex -1.49487 -4.92794 2.30217
    endloop
  endfacet
  facet normal -0.270708 -0.756558 0.595262
    outer loop
      vertex -1.94609 -4.69828 2.38887
      vertex -1.9707 -4.75769 2.30217
      vertex -1.47621 -4.86641 2.38887
    endloop
  endfacet
  facet normal -0.24975 -0.697997 0.671137
    outer loop
      vertex -1.49487 -4.92794 2.30217
      vertex -1.99844 -4.82467 2.22218
      vertex -1.51592 -4.99732 2.22218
    endloop
  endfacet
  facet normal -0.249751 -0.698026 0.671107
    outer loop
      vertex -1.9707 -4.75769 2.30217
      vertex -1.99844 -4.82467 2.22218
      vertex -1.49487 -4.92794 2.30217
    endloop
  endfacet
  facet normal -0.226393 -0.632699 0.740566
    outer loop
      vertex -1.51592 -4.99732 2.22218
      vertex -2.02905 -4.89856 2.14969
      vertex -1.53914 -5.07386 2.14969
    endloop
  endfacet
  facet normal -0.226395 -0.632725 0.740543
    outer loop
      vertex -1.99844 -4.82467 2.22218
      vertex -2.02905 -4.89856 2.14969
      vertex -1.51592 -4.99732 2.22218
    endloop
  endfacet
  facet normal -0.200855 -0.561347 0.802837
    outer loop
      vertex -1.53914 -5.07386 2.14969
      vertex -2.06223 -4.97867 2.08538
      vertex -1.56431 -5.15683 2.08538
    endloop
  endfacet
  facet normal -0.200852 -0.561321 0.802856
    outer loop
      vertex -2.02905 -4.89856 2.14969
      vertex -2.06223 -4.97867 2.08538
      vertex -1.53914 -5.07386 2.14969
    endloop
  endfacet
  facet normal -0.173341 -0.48446 0.857468
    outer loop
      vertex -1.56431 -5.15683 2.08538
      vertex -2.09766 -5.06421 2.02989
      vertex -1.59118 -5.24543 2.02989
    endloop
  endfacet
  facet normal -0.17334 -0.484449 0.857474
    outer loop
      vertex -2.06223 -4.97867 2.08538
      vertex -2.09766 -5.06421 2.02989
      vertex -1.56431 -5.15683 2.08538
    endloop
  endfacet
  facet normal -0.144187 -0.402974 0.903782
    outer loop
      vertex -1.59118 -5.24543 2.02989
      vertex -2.13501 -5.15437 1.98373
      vertex -1.61951 -5.33882 1.98373
    endloop
  endfacet
  facet normal -0.144188 -0.402983 0.903778
    outer loop
      vertex -2.09766 -5.06421 2.02989
      vertex -2.13501 -5.15437 1.98373
      vertex -1.59118 -5.24543 2.02989
    endloop
  endfacet
  facet normal -0.113627 -0.317559 0.941406
    outer loop
      vertex -1.61951 -5.33882 1.98373
      vertex -2.1739 -5.24827 1.94736
      vertex -1.64902 -5.43608 1.94736
    endloop
  endfacet
  facet normal -0.113629 -0.317569 0.941402
    outer loop
      vertex -2.13501 -5.15437 1.98373
      vertex -2.1739 -5.24827 1.94736
      vertex -1.61951 -5.33882 1.98373
    endloop
  endfacet
  facet normal -0.0819269 -0.228973 0.969979
    outer loop
      vertex -1.64902 -5.43608 1.94736
      vertex -2.21398 -5.34501 1.92114
      vertex -1.67941 -5.53628 1.92114
    endloop
  endfacet
  facet normal -0.0819247 -0.228958 0.969983
    outer loop
      vertex -2.1739 -5.24827 1.94736
      vertex -2.21398 -5.34501 1.92114
      vertex -1.64902 -5.43608 1.94736
    endloop
  endfacet
  facet normal -0.0494905 -0.138324 0.98915
    outer loop
      vertex -1.67941 -5.53628 1.92114
      vertex -2.25484 -5.44367 1.9053
      vertex -1.71041 -5.63846 1.9053
    endloop
  endfacet
  facet normal -0.0494889 -0.138314 0.989151
    outer loop
      vertex -2.21398 -5.34501 1.92114
      vertex -2.25484 -5.44367 1.9053
      vertex -1.67941 -5.53628 1.92114
    endloop
  endfacet
  facet normal -0.0165593 -0.0462811 0.998791
    outer loop
      vertex -1.71041 -5.63846 1.9053
      vertex -2.2961 -5.54328 1.9
      vertex -1.74171 -5.74164 1.9
    endloop
  endfacet
  facet normal -0.0165598 -0.0462839 0.998791
    outer loop
      vertex -2.25484 -5.44367 1.9053
      vertex -2.2961 -5.54328 1.9
      vertex -1.71041 -5.63846 1.9053
    endloop
  endfacet
  facet normal -0.0210178 -0.0444373 -0.998791
    outer loop
      vertex -2.2961 -5.54328 4.1
      vertex -2.77755 -5.19644 4.0947
      vertex -2.25484 -5.44367 4.0947
    endloop
  endfacet
  facet normal -0.0210163 -0.0444351 -0.998791
    outer loop
      vertex -2.2961 -5.54328 4.1
      vertex -2.82838 -5.29153 4.1
      vertex -2.77755 -5.19644 4.0947
    endloop
  endfacet
  facet normal -0.0628076 -0.132798 -0.989151
    outer loop
      vertex -2.25484 -5.44367 4.0947
      vertex -2.72722 -5.10227 4.07886
      vertex -2.21398 -5.34501 4.07886
    endloop
  endfacet
  facet normal -0.0628156 -0.132809 -0.989149
    outer loop
      vertex -2.25484 -5.44367 4.0947
      vertex -2.77755 -5.19644 4.0947
      vertex -2.72722 -5.10227 4.07886
    endloop
  endfacet
  facet normal -0.104005 -0.219905 -0.969961
    outer loop
      vertex -2.21398 -5.34501 4.07886
      vertex -2.67786 -5.00992 4.05263
      vertex -2.1739 -5.24827 4.05263
    endloop
  endfacet
  facet normal -0.104006 -0.219906 -0.969961
    outer loop
      vertex -2.21398 -5.34501 4.07886
      vertex -2.72722 -5.10227 4.07886
      vertex -2.67786 -5.00992 4.05263
    endloop
  endfacet
  facet normal -0.144177 -0.304829 -0.941431
    outer loop
      vertex -2.1739 -5.24827 4.05263
      vertex -2.62994 -4.92028 4.01627
      vertex -2.13501 -5.15437 4.01627
    endloop
  endfacet
  facet normal -0.144159 -0.304805 -0.941442
    outer loop
      vertex -2.1739 -5.24827 4.05263
      vertex -2.67786 -5.00992 4.05263
      vertex -2.62994 -4.92028 4.01627
    endloop
  endfacet
  facet normal -0.182992 -0.386909 -0.903779
    outer loop
      vertex -2.13501 -5.15437 4.01627
      vertex -2.58394 -4.83422 3.97011
      vertex -2.09766 -5.06421 3.97011
    endloop
  endfacet
  facet normal -0.183009 -0.386932 -0.903765
    outer loop
      vertex -2.13501 -5.15437 4.01627
      vertex -2.62994 -4.92028 4.01627
      vertex -2.58394 -4.83422 3.97011
    endloop
  endfacet
  facet normal -0.219989 -0.465128 -0.857474
    outer loop
      vertex -2.09766 -5.06421 3.97011
      vertex -2.5403 -4.75256 3.91462
      vertex -2.06223 -4.97867 3.91462
    endloop
  endfacet
  facet normal -0.219982 -0.465119 -0.85748
    outer loop
      vertex -2.09766 -5.06421 3.97011
      vertex -2.58394 -4.83422 3.97011
      vertex -2.5403 -4.75256 3.91462
    endloop
  endfacet
  facet normal -0.254899 -0.538935 -0.802855
    outer loop
      vertex -2.06223 -4.97867 3.91462
      vertex -2.49942 -4.67609 3.85031
      vertex -2.02905 -4.89856 3.85031
    endloop
  endfacet
  facet normal -0.254894 -0.538929 -0.80286
    outer loop
      vertex -2.06223 -4.97867 3.91462
      vertex -2.5403 -4.75256 3.91462
      vertex -2.49942 -4.67609 3.85031
    endloop
  endfacet
  facet normal -0.287325 -0.607485 -0.740545
    outer loop
      vertex -2.02905 -4.89856 3.85031
      vertex -2.46172 -4.60555 3.77782
      vertex -1.99844 -4.82467 3.77782
    endloop
  endfacet
  facet normal -0.287316 -0.607474 -0.740557
    outer loop
      vertex -2.02905 -4.89856 3.85031
      vertex -2.49942 -4.67609 3.85031
      vertex -2.46172 -4.60555 3.77782
    endloop
  endfacet
  facet normal -0.316968 -0.670185 -0.671105
    outer loop
      vertex -1.99844 -4.82467 3.77782
      vertex -2.42755 -4.54162 3.69783
      vertex -1.9707 -4.75769 3.69783
    endloop
  endfacet
  facet normal -0.316995 -0.670214 -0.671065
    outer loop
      vertex -1.99844 -4.82467 3.77782
      vertex -2.46172 -4.60555 3.77782
      vertex -2.42755 -4.54162 3.69783
    endloop
  endfacet
  facet normal -0.343549 -0.726385 -0.595263
    outer loop
      vertex -1.9707 -4.75769 3.69783
      vertex -2.39723 -4.48491 3.61113
      vertex -1.94609 -4.69828 3.61113
    endloop
  endfacet
  facet normal -0.343548 -0.726384 -0.595266
    outer loop
      vertex -1.9707 -4.75769 3.69783
      vertex -2.42755 -4.54162 3.69783
      vertex -2.39723 -4.48491 3.61113
    endloop
  endfacet
  facet normal -0.366849 -0.775624 -0.513642
    outer loop
      vertex -1.94609 -4.69828 3.61113
      vertex -2.37107 -4.43596 3.51854
      vertex -1.92485 -4.64701 3.51854
    endloop
  endfacet
  facet normal -0.366828 -0.775606 -0.513685
    outer loop
      vertex -1.94609 -4.69828 3.61113
      vertex -2.39723 -4.48491 3.61113
      vertex -2.37107 -4.43596 3.51854
    endloop
  endfacet
  facet normal -0.386601 -0.817388 -0.427101
    outer loop
      vertex -1.92485 -4.64701 3.51854
      vertex -2.34931 -4.39526 3.42095
      vertex -1.90719 -4.60437 3.42095
    endloop
  endfacet
  facet normal -0.386604 -0.81739 -0.427096
    outer loop
      vertex -1.92485 -4.64701 3.51854
      vertex -2.37107 -4.43596 3.51854
      vertex -2.34931 -4.39526 3.42095
    endloop
  endfacet
  facet normal -0.402608 -0.85126 -0.336547
    outer loop
      vertex -1.90719 -4.60437 3.42095
      vertex -2.33217 -4.36319 3.31931
      vertex -1.89327 -4.57077 3.31931
    endloop
  endfacet
  facet normal -0.402627 -0.851271 -0.336494
    outer loop
      vertex -1.90719 -4.60437 3.42095
      vertex -2.34931 -4.39526 3.42095
      vertex -2.33217 -4.36319 3.31931
    endloop
  endfacet
  facet normal -0.414789 -0.876964 -0.242662
    outer loop
      vertex -1.89327 -4.57077 3.31931
      vertex -2.31981 -4.34005 3.2146
      vertex -1.88324 -4.54654 3.2146
    endloop
  endfacet
  facet normal -0.414759 -0.876952 -0.242757
    outer loop
      vertex -1.89327 -4.57077 3.31931
      vertex -2.33217 -4.36319 3.31931
      vertex -2.31981 -4.34005 3.2146
    endloop
  endfacet
  facet normal -0.422926 -0.894226 -0.146604
    outer loop
      vertex -1.88324 -4.54654 3.2146
      vertex -2.31234 -4.32609 3.10782
      vertex -1.87718 -4.5319 3.10782
    endloop
  endfacet
  facet normal -0.422955 -0.89423 -0.146497
    outer loop
      vertex -1.88324 -4.54654 3.2146
      vertex -2.31981 -4.34005 3.2146
      vertex -2.31234 -4.32609 3.10782
    endloop
  endfacet
  facet normal -0.427053 -0.902898 -0.0489899
    outer loop
      vertex -1.87718 -4.5319 3.10782
      vertex -2.30984 -4.32141 3
      vertex -1.87515 -4.52701 3
    endloop
  endfacet
  facet normal -0.42703 -0.902904 -0.0490926
    outer loop
      vertex -1.87718 -4.5319 3.10782
      vertex -2.31234 -4.32609 3.10782
      vertex -2.30984 -4.32141 3
    endloop
  endfacet
  facet normal -0.427033 -0.902908 0.04899
    outer loop
      vertex -1.87515 -4.52701 3
      vertex -2.31234 -4.32609 2.89218
      vertex -1.87718 -4.5319 2.89218
    endloop
  endfacet
  facet normal -0.427051 -0.902894 0.0490927
    outer loop
      vertex -2.30984 -4.32141 3
      vertex -2.31234 -4.32609 2.89218
      vertex -1.87515 -4.52701 3
    endloop
  endfacet
  facet normal -0.422948 -0.894216 0.146604
    outer loop
      vertex -1.87718 -4.5319 2.89218
      vertex -2.31981 -4.34005 2.7854
      vertex -1.88324 -4.54654 2.7854
    endloop
  endfacet
  facet normal -0.422933 -0.894241 0.146497
    outer loop
      vertex -2.31234 -4.32609 2.89218
      vertex -2.31981 -4.34005 2.7854
      vertex -1.87718 -4.5319 2.89218
    endloop
  endfacet
  facet normal -0.414769 -0.876973 0.242662
    outer loop
      vertex -1.88324 -4.54654 2.7854
      vertex -2.33217 -4.36319 2.68069
      vertex -1.89327 -4.57077 2.68069
    endloop
  endfacet
  facet normal -0.414778 -0.876942 0.242757
    outer loop
      vertex -2.31981 -4.34005 2.7854
      vertex -2.33217 -4.36319 2.68069
      vertex -1.88324 -4.54654 2.7854
    endloop
  endfacet
  facet normal -0.402619 -0.851255 0.336547
    outer loop
      vertex -1.89327 -4.57077 2.68069
      vertex -2.34931 -4.39526 2.57905
      vertex -1.90719 -4.60437 2.57905
    endloop
  endfacet
  facet normal -0.402616 -0.851277 0.336494
    outer loop
      vertex -2.33217 -4.36319 2.68069
      vertex -2.34931 -4.39526 2.57905
      vertex -1.89327 -4.57077 2.68069
    endloop
  endfacet
  facet normal -0.386602 -0.817388 0.427101
    outer loop
      vertex -1.90719 -4.60437 2.57905
      vertex -2.37107 -4.43596 2.48146
      vertex -1.92485 -4.64701 2.48146
    endloop
  endfacet
  facet normal -0.386602 -0.817391 0.427096
    outer loop
      vertex -2.34931 -4.39526 2.57905
      vertex -2.37107 -4.43596 2.48146
      vertex -1.90719 -4.60437 2.57905
    endloop
  endfacet
  facet normal -0.366839 -0.775629 0.513643
    outer loop
      vertex -1.92485 -4.64701 2.48146
      vertex -2.39723 -4.48491 2.38887
      vertex -1.94609 -4.69828 2.38887
    endloop
  endfacet
  facet normal -0.366838 -0.775601 0.513686
    outer loop
      vertex -2.37107 -4.43596 2.48146
      vertex -2.39723 -4.48491 2.38887
      vertex -1.92485 -4.64701 2.48146
    endloop
  endfacet
  facet normal -0.343549 -0.726386 0.595263
    outer loop
      vertex -1.94609 -4.69828 2.38887
      vertex -2.42755 -4.54162 2.30217
      vertex -1.9707 -4.75769 2.30217
    endloop
  endfacet
  facet normal -0.343548 -0.726383 0.595266
    outer loop
      vertex -2.39723 -4.48491 2.38887
      vertex -2.42755 -4.54162 2.30217
      vertex -1.94609 -4.69828 2.38887
    endloop
  endfacet
  facet normal -0.316979 -0.670181 0.671105
    outer loop
      vertex -1.9707 -4.75769 2.30217
      vertex -2.46172 -4.60555 2.22218
      vertex -1.99844 -4.82467 2.22218
    endloop
  endfacet
  facet normal -0.316984 -0.670219 0.671064
    outer loop
      vertex -2.42755 -4.54162 2.30217
      vertex -2.46172 -4.60555 2.22218
      vertex -1.9707 -4.75769 2.30217
    endloop
  endfacet
  facet normal -0.287322 -0.607486 0.740545
    outer loop
      vertex -1.99844 -4.82467 2.22218
      vertex -2.49942 -4.67609 2.14969
      vertex -2.02905 -4.89856 2.14969
    endloop
  endfacet
  facet normal -0.287319 -0.607472 0.740557
    outer loop
      vertex -2.46172 -4.60555 2.22218
      vertex -2.49942 -4.67609 2.14969
      vertex -1.99844 -4.82467 2.22218
    endloop
  endfacet
  facet normal -0.254897 -0.538935 0.802855
    outer loop
      vertex -2.02905 -4.89856 2.14969
      vertex -2.5403 -4.75256 2.08538
      vertex -2.06223 -4.97867 2.08538
    endloop
  endfacet
  facet normal -0.254896 -0.538928 0.80286
    outer loop
      vertex -2.49942 -4.67609 2.14969
      vertex -2.5403 -4.75256 2.08538
      vertex -2.02905 -4.89856 2.14969
    endloop
  endfacet
  facet normal -0.219986 -0.465129 0.857474
    outer loop
      vertex -2.06223 -4.97867 2.08538
      vertex -2.58394 -4.83422 2.02989
      vertex -2.09766 -5.06421 2.02989
    endloop
  endfacet
  facet normal -0.219984 -0.465117 0.85748
    outer loop
      vertex -2.5403 -4.75256 2.08538
      vertex -2.58394 -4.83422 2.02989
      vertex -2.06223 -4.97867 2.08538
    endloop
  endfacet
  facet normal -0.182997 -0.386906 0.903778
    outer loop
      vertex -2.09766 -5.06421 2.02989
      vertex -2.62994 -4.92028 1.98373
      vertex -2.13501 -5.15437 1.98373
    endloop
  endfacet
  facet normal -0.183004 -0.386935 0.903765
    outer loop
      vertex -2.58394 -4.83422 2.02989
      vertex -2.62994 -4.92028 1.98373
      vertex -2.09766 -5.06421 2.02989
    endloop
  endfacet
  facet normal -0.144206 -0.304905 0.941402
    outer loop
      vertex -2.13501 -5.15437 1.98373
      vertex -2.67786 -5.00992 1.94736
      vertex -2.1739 -5.24827 1.94736
    endloop
  endfacet
  facet normal -0.144199 -0.304877 0.941412
    outer loop
      vertex -2.62994 -4.92028 1.98373
      vertex -2.67786 -5.00992 1.94736
      vertex -2.13501 -5.15437 1.98373
    endloop
  endfacet
  facet normal -0.103968 -0.219826 0.969983
    outer loop
      vertex -2.1739 -5.24827 1.94736
      vertex -2.72722 -5.10227 1.92114
      vertex -2.21398 -5.34501 1.92114
    endloop
  endfacet
  facet normal -0.103968 -0.219827 0.969983
    outer loop
      vertex -2.67786 -5.00992 1.94736
      vertex -2.72722 -5.10227 1.92114
      vertex -2.1739 -5.24827 1.94736
    endloop
  endfacet
  facet normal -0.0628099 -0.132797 0.989151
    outer loop
      vertex -2.21398 -5.34501 1.92114
      vertex -2.77755 -5.19644 1.9053
      vertex -2.25484 -5.44367 1.9053
    endloop
  endfacet
  facet normal -0.0628133 -0.13281 0.989149
    outer loop
      vertex -2.72722 -5.10227 1.92114
      vertex -2.77755 -5.19644 1.9053
      vertex -2.21398 -5.34501 1.92114
    endloop
  endfacet
  facet normal -0.0210174 -0.0444375 0.998791
    outer loop
      vertex -2.25484 -5.44367 1.9053
      vertex -2.82838 -5.29153 1.9
      vertex -2.2961 -5.54328 1.9
    endloop
  endfacet
  facet normal -0.0210167 -0.0444349 0.998791
    outer loop
      vertex -2.77755 -5.19644 1.9053
      vertex -2.82838 -5.29153 1.9
      vertex -2.25484 -5.44367 1.9053
    endloop
  endfacet
  facet normal -0.0252702 -0.0421612 -0.998791
    outer loop
      vertex -2.82838 -5.29153 4.1
      vertex -3.27352 -4.89917 4.0947
      vertex -2.77755 -5.19644 4.0947
    endloop
  endfacet
  facet normal -0.0252712 -0.0421623 -0.998791
    outer loop
      vertex -2.82838 -5.29153 4.1
      vertex -3.33342 -4.98882 4.1
      vertex -3.27352 -4.89917 4.0947
    endloop
  endfacet
  facet normal -0.0755308 -0.126013 -0.989149
    outer loop
      vertex -2.77755 -5.19644 4.0947
      vertex -3.2142 -4.81038 4.07886
      vertex -2.72722 -5.10227 4.07886
    endloop
  endfacet
  facet normal -0.0755242 -0.126006 -0.98915
    outer loop
      vertex -2.77755 -5.19644 4.0947
      vertex -3.27352 -4.89917 4.0947
      vertex -3.2142 -4.81038 4.07886
    endloop
  endfacet
  facet normal -0.125062 -0.208652 -0.969961
    outer loop
      vertex -2.72722 -5.10227 4.07886
      vertex -3.15602 -4.72332 4.05263
      vertex -2.67786 -5.00992 4.05263
    endloop
  endfacet
  facet normal -0.125066 -0.208657 -0.969959
    outer loop
      vertex -2.72722 -5.10227 4.07886
      vertex -3.2142 -4.81038 4.07886
      vertex -3.15602 -4.72332 4.05263
    endloop
  endfacet
  facet normal -0.173341 -0.289205 -0.941442
    outer loop
      vertex -2.67786 -5.00992 4.05263
      vertex -3.09955 -4.63881 4.01627
      vertex -2.62994 -4.92028 4.01627
    endloop
  endfacet
  facet normal -0.17335 -0.289215 -0.941437
    outer loop
      vertex -2.67786 -5.00992 4.05263
      vertex -3.15602 -4.72332 4.05263
      vertex -3.09955 -4.63881 4.01627
    endloop
  endfacet
  facet normal -0.220049 -0.367134 -0.903765
    outer loop
      vertex -2.62994 -4.92028 4.01627
      vertex -3.04534 -4.55767 3.97011
      vertex -2.58394 -4.83422 3.97011
    endloop
  endfacet
  facet normal -0.220048 -0.367132 -0.903766
    outer loop
      vertex -2.62994 -4.92028 4.01627
      vertex -3.09955 -4.63881 4.01627
      vertex -3.04534 -4.55767 3.97011
    endloop
  endfacet
  facet normal -0.264518 -0.441317 -0.857479
    outer loop
      vertex -2.58394 -4.83422 3.97011
      vertex -2.9939 -4.48068 3.91462
      vertex -2.5403 -4.75256 3.91462
    endloop
  endfacet
  facet normal -0.264505 -0.441304 -0.85749
    outer loop
      vertex -2.58394 -4.83422 3.97011
      vertex -3.04534 -4.55767 3.97011
      vertex -2.9939 -4.48068 3.91462
    endloop
  endfacet
  facet normal -0.306483 -0.511351 -0.802862
    outer loop
      vertex -2.5403 -4.75256 3.91462
      vertex -2.94573 -4.40859 3.85031
      vertex -2.49942 -4.67609 3.85031
    endloop
  endfacet
  facet normal -0.306513 -0.511381 -0.802832
    outer loop
      vertex -2.5403 -4.75256 3.91462
      vertex -2.9939 -4.48068 3.91462
      vertex -2.94573 -4.40859 3.85031
    endloop
  endfacet
  facet normal -0.345466 -0.576394 -0.740556
    outer loop
      vertex -2.49942 -4.67609 3.85031
      vertex -2.90129 -4.34209 3.77782
      vertex -2.46172 -4.60555 3.77782
    endloop
  endfacet
  facet normal -0.345467 -0.576395 -0.740555
    outer loop
      vertex -2.49942 -4.67609 3.85031
      vertex -2.94573 -4.40859 3.85031
      vertex -2.90129 -4.34209 3.77782
    endloop
  endfacet
  facet normal -0.38116 -0.635917 -0.671064
    outer loop
      vertex -2.46172 -4.60555 3.77782
      vertex -2.86101 -4.28181 3.69783
      vertex -2.42755 -4.54162 3.69783
    endloop
  endfacet
  facet normal -0.381122 -0.635883 -0.671117
    outer loop
      vertex -2.46172 -4.60555 3.77782
      vertex -2.90129 -4.34209 3.77782
      vertex -2.86101 -4.28181 3.69783
    endloop
  endfacet
  facet normal -0.413095 -0.689206 -0.59527
    outer loop
      vertex -2.42755 -4.54162 3.69783
      vertex -2.82529 -4.22834 3.61113
      vertex -2.39723 -4.48491 3.61113
    endloop
  endfacet
  facet normal -0.413106 -0.689215 -0.595253
    outer loop
      vertex -2.42755 -4.54162 3.69783
      vertex -2.86101 -4.28181 3.69783
      vertex -2.82529 -4.22834 3.61113
    endloop
  endfacet
  facet normal -0.441084 -0.735917 -0.513683
    outer loop
      vertex -2.39723 -4.48491 3.61113
      vertex -2.79445 -4.1822 3.51854
      vertex -2.37107 -4.43596 3.51854
    endloop
  endfacet
  facet normal -0.4411 -0.735928 -0.513654
    outer loop
      vertex -2.39723 -4.48491 3.61113
      vertex -2.82529 -4.22834 3.61113
      vertex -2.79445 -4.1822 3.51854
    endloop
  endfacet
  facet normal -0.464856 -0.775561 -0.427099
    outer loop
      vertex -2.37107 -4.43596 3.51854
      vertex -2.76881 -4.14382 3.42095
      vertex -2.34931 -4.39526 3.42095
    endloop
  endfacet
  facet normal -0.46484 -0.775551 -0.427135
    outer loop
      vertex -2.37107 -4.43596 3.51854
      vertex -2.79445 -4.1822 3.51854
      vertex -2.76881 -4.14382 3.42095
    endloop
  endfacet
  facet normal -0.484131 -0.807706 -0.336493
    outer loop
      vertex -2.34931 -4.39526 3.42095
      vertex -2.74861 -4.11358 3.31931
      vertex -2.33217 -4.36319 3.31931
    endloop
  endfacet
  facet normal -0.48412 -0.807701 -0.336522
    outer loop
      vertex -2.34931 -4.39526 3.42095
      vertex -2.76881 -4.14382 3.42095
      vertex -2.74861 -4.11358 3.31931
    endloop
  endfacet
  facet normal -0.498725 -0.832073 -0.242751
    outer loop
      vertex -2.33217 -4.36319 3.31931
      vertex -2.73404 -4.09177 3.2146
      vertex -2.31981 -4.34005 3.2146
    endloop
  endfacet
  facet normal -0.498738 -0.832077 -0.24271
    outer loop
      vertex -2.33217 -4.36319 3.31931
      vertex -2.74861 -4.11358 3.31931
      vertex -2.73404 -4.09177 3.2146
    endloop
  endfacet
  facet normal -0.508567 -0.848467 -0.146503
    outer loop
      vertex -2.31981 -4.34005 3.2146
      vertex -2.72524 -4.0786 3.10782
      vertex -2.31234 -4.32609 3.10782
    endloop
  endfacet
  facet normal -0.508552 -0.848467 -0.146559
    outer loop
      vertex -2.31981 -4.34005 3.2146
      vertex -2.73404 -4.09177 3.2146
      vertex -2.72524 -4.0786 3.10782
    endloop
  endfacet
  facet normal -0.513478 -0.856697 -0.0490914
    outer loop
      vertex -2.31234 -4.32609 3.10782
      vertex -2.72229 -4.0742 3
      vertex -2.30984 -4.32141 3
    endloop
  endfacet
  facet normal -0.513496 -0.856691 -0.04901
    outer loop
      vertex -2.31234 -4.32609 3.10782
      vertex -2.72524 -4.0786 3.10782
      vertex -2.72229 -4.0742 3
    endloop
  endfacet
  facet normal -0.513494 -0.856688 0.0490914
    outer loop
      vertex -2.30984 -4.32141 3
      vertex -2.72524 -4.0786 2.89218
      vertex -2.31234 -4.32609 2.89218
    endloop
  endfacet
  facet normal -0.51348 -0.856701 0.0490099
    outer loop
      vertex -2.72229 -4.0742 3
      vertex -2.72524 -4.0786 2.89218
      vertex -2.30984 -4.32141 3
    endloop
  endfacet
  facet normal -0.508556 -0.848474 0.146503
    outer loop
      vertex -2.31234 -4.32609 2.89218
      vertex -2.73404 -4.09177 2.7854
      vertex -2.31981 -4.34005 2.7854
    endloop
  endfacet
  facet normal -0.508562 -0.84846 0.146559
    outer loop
      vertex -2.72524 -4.0786 2.89218
      vertex -2.73404 -4.09177 2.7854
      vertex -2.31234 -4.32609 2.89218
    endloop
  endfacet
  facet normal -0.498733 -0.832068 0.24275
    outer loop
      vertex -2.31981 -4.34005 2.7854
      vertex -2.74861 -4.11358 2.68069
      vertex -2.33217 -4.36319 2.68069
    endloop
  endfacet
  facet normal -0.498731 -0.832081 0.24271
    outer loop
      vertex -2.73404 -4.09177 2.7854
      vertex -2.74861 -4.11358 2.68069
      vertex -2.31981 -4.34005 2.7854
    endloop
  endfacet
  facet normal -0.484125 -0.80771 0.336493
    outer loop
      vertex -2.33217 -4.36319 2.68069
      vertex -2.76881 -4.14382 2.57905
      vertex -2.34931 -4.39526 2.57905
    endloop
  endfacet
  facet normal -0.484126 -0.807697 0.336522
    outer loop
      vertex -2.74861 -4.11358 2.68069
      vertex -2.76881 -4.14382 2.57905
      vertex -2.33217 -4.36319 2.68069
    endloop
  endfacet
  facet normal -0.464848 -0.775566 0.427099
    outer loop
      vertex -2.34931 -4.39526 2.57905
      vertex -2.79445 -4.1822 2.48146
      vertex -2.37107 -4.43596 2.48146
    endloop
  endfacet
  facet normal -0.464847 -0.775546 0.427136
    outer loop
      vertex -2.76881 -4.14382 2.57905
      vertex -2.79445 -4.1822 2.48146
      vertex -2.34931 -4.39526 2.57905
    endloop
  endfacet
  facet normal -0.441091 -0.735914 0.513683
    outer loop
      vertex -2.37107 -4.43596 2.48146
      vertex -2.82529 -4.22834 2.38887
      vertex -2.39723 -4.48491 2.38887
    endloop
  endfacet
  facet normal -0.441093 -0.735932 0.513654
    outer loop
      vertex -2.79445 -4.1822 2.48146
      vertex -2.82529 -4.22834 2.38887
      vertex -2.37107 -4.43596 2.48146
    endloop
  endfacet
  facet normal -0.413099 -0.689204 0.59527
    outer loop
      vertex -2.39723 -4.48491 2.38887
      vertex -2.86101 -4.28181 2.30217
      vertex -2.42755 -4.54162 2.30217
    endloop
  endfacet
  facet normal -0.413102 -0.689217 0.595253
    outer loop
      vertex -2.82529 -4.22834 2.38887
      vertex -2.86101 -4.28181 2.30217
      vertex -2.39723 -4.48491 2.38887
    endloop
  endfacet
  facet normal -0.381147 -0.635924 0.671064
    outer loop
      vertex -2.42755 -4.54162 2.30217
      vertex -2.90129 -4.34209 2.22218
      vertex -2.46172 -4.60555 2.22218
    endloop
  endfacet
  facet normal -0.381135 -0.635875 0.671117
    outer loop
      vertex -2.86101 -4.28181 2.30217
      vertex -2.90129 -4.34209 2.22218
      vertex -2.42755 -4.54162 2.30217
    endloop
  endfacet
  facet normal -0.345467 -0.576394 0.740556
    outer loop
      vertex -2.46172 -4.60555 2.22218
      vertex -2.94573 -4.40859 2.14969
      vertex -2.49942 -4.67609 2.14969
    endloop
  endfacet
  facet normal -0.345467 -0.576395 0.740555
    outer loop
      vertex -2.90129 -4.34209 2.22218
      vertex -2.94573 -4.40859 2.14969
      vertex -2.46172 -4.60555 2.22218
    endloop
  endfacet
  facet normal -0.306492 -0.511346 0.802862
    outer loop
      vertex -2.49942 -4.67609 2.14969
      vertex -2.9939 -4.48068 2.08538
      vertex -2.5403 -4.75256 2.08538
    endloop
  endfacet
  facet normal -0.306504 -0.511386 0.802832
    outer loop
      vertex -2.94573 -4.40859 2.14969
      vertex -2.9939 -4.48068 2.08538
      vertex -2.49942 -4.67609 2.14969
    endloop
  endfacet
  facet normal -0.264514 -0.441319 0.857479
    outer loop
      vertex -2.5403 -4.75256 2.08538
      vertex -3.04534 -4.55767 2.02989
      vertex -2.58394 -4.83422 2.02989
    endloop
  endfacet
  facet normal -0.264508 -0.441301 0.85749
    outer loop
      vertex -2.9939 -4.48068 2.08538
      vertex -3.04534 -4.55767 2.02989
      vertex -2.5403 -4.75256 2.08538
    endloop
  endfacet
  facet normal -0.220049 -0.367134 0.903765
    outer loop
      vertex -2.58394 -4.83422 2.02989
      vertex -3.09955 -4.63881 1.98373
      vertex -2.62994 -4.92028 1.98373
    endloop
  endfacet
  facet normal -0.220048 -0.367131 0.903766
    outer loop
      vertex -3.04534 -4.55767 2.02989
      vertex -3.09955 -4.63881 1.98373
      vertex -2.58394 -4.83422 2.02989
    endloop
  endfacet
  facet normal -0.173385 -0.289274 0.941413
    outer loop
      vertex -2.62994 -4.92028 1.98373
      vertex -3.15602 -4.72332 1.94736
      vertex -2.67786 -5.00992 1.94736
    endloop
  endfacet
  facet normal -0.17339 -0.289287 0.941408
    outer loop
      vertex -3.09955 -4.63881 1.98373
      vertex -3.15602 -4.72332 1.94736
      vertex -2.62994 -4.92028 1.98373
    endloop
  endfacet
  facet normal -0.125018 -0.208577 0.969983
    outer loop
      vertex -2.67786 -5.00992 1.94736
      vertex -3.2142 -4.81038 1.92114
      vertex -2.72722 -5.10227 1.92114
    endloop
  endfacet
  facet normal -0.12502 -0.208583 0.969981
    outer loop
      vertex -3.15602 -4.72332 1.94736
      vertex -3.2142 -4.81038 1.92114
      vertex -2.67786 -5.00992 1.94736
    endloop
  endfacet
  facet normal -0.0755291 -0.126014 0.989149
    outer loop
      vertex -2.72722 -5.10227 1.92114
      vertex -3.27352 -4.89917 1.9053
      vertex -2.77755 -5.19644 1.9053
    endloop
  endfacet
  facet normal -0.0755257 -0.126005 0.98915
    outer loop
      vertex -3.2142 -4.81038 1.92114
      vertex -3.27352 -4.89917 1.9053
      vertex -2.72722 -5.10227 1.92114
    endloop
  endfacet
  facet normal -0.0252704 -0.0421611 0.998791
    outer loop
      vertex -2.77755 -5.19644 1.9053
      vertex -3.33342 -4.98882 1.9
      vertex -2.82838 -5.29153 1.9
    endloop
  endfacet
  facet normal -0.0252709 -0.0421624 0.998791
    outer loop
      vertex -3.27352 -4.89917 1.9053
      vertex -3.33342 -4.98882 1.9
      vertex -2.77755 -5.19644 1.9053
    endloop
  endfacet
  facet normal -0.029282 -0.0394824 -0.998791
    outer loop
      vertex -3.33342 -4.98882 4.1
      vertex -3.73796 -4.55472 4.0947
      vertex -3.27352 -4.89917 4.0947
    endloop
  endfacet
  facet normal -0.0292836 -0.039484 -0.998791
    outer loop
      vertex -3.33342 -4.98882 4.1
      vertex -3.80636 -4.63806 4.1
      vertex -3.73796 -4.55472 4.0947
    endloop
  endfacet
  facet normal -0.0875127 -0.117996 -0.98915
    outer loop
      vertex -3.27352 -4.89917 4.0947
      vertex -3.67022 -4.47217 4.07886
      vertex -3.2142 -4.81038 4.07886
    endloop
  endfacet
  facet normal -0.0875089 -0.117993 -0.989151
    outer loop
      vertex -3.27352 -4.89917 4.0947
      vertex -3.73796 -4.55472 4.0947
      vertex -3.67022 -4.47217 4.07886
    endloop
  endfacet
  facet normal -0.144914 -0.195393 -0.969959
    outer loop
      vertex -3.2142 -4.81038 4.07886
      vertex -3.60379 -4.39123 4.05263
      vertex -3.15602 -4.72332 4.05263
    endloop
  endfacet
  facet normal -0.144916 -0.195395 -0.969959
    outer loop
      vertex -3.2142 -4.81038 4.07886
      vertex -3.67022 -4.47217 4.07886
      vertex -3.60379 -4.39123 4.05263
    endloop
  endfacet
  facet normal -0.200863 -0.270831 -0.941438
    outer loop
      vertex -3.15602 -4.72332 4.05263
      vertex -3.53931 -4.31266 4.01627
      vertex -3.09955 -4.63881 4.01627
    endloop
  endfacet
  facet normal -0.200862 -0.27083 -0.941438
    outer loop
      vertex -3.15602 -4.72332 4.05263
      vertex -3.60379 -4.39123 4.05263
      vertex -3.53931 -4.31266 4.01627
    endloop
  endfacet
  facet normal -0.254977 -0.343795 -0.903765
    outer loop
      vertex -3.09955 -4.63881 4.01627
      vertex -3.4774 -4.23723 3.97011
      vertex -3.04534 -4.55767 3.97011
    endloop
  endfacet
  facet normal -0.254976 -0.343793 -0.903766
    outer loop
      vertex -3.09955 -4.63881 4.01627
      vertex -3.53931 -4.31266 4.01627
      vertex -3.4774 -4.23723 3.97011
    endloop
  endfacet
  facet normal -0.306493 -0.413249 -0.857489
    outer loop
      vertex -3.04534 -4.55767 3.97011
      vertex -3.41866 -4.16565 3.91462
      vertex -2.9939 -4.48068 3.91462
    endloop
  endfacet
  facet normal -0.306482 -0.41324 -0.857497
    outer loop
      vertex -3.04534 -4.55767 3.97011
      vertex -3.4774 -4.23723 3.97011
      vertex -3.41866 -4.16565 3.91462
    endloop
  endfacet
  facet normal -0.35516 -0.478875 -0.802833
    outer loop
      vertex -2.9939 -4.48068 3.91462
      vertex -3.36366 -4.09863 3.85031
      vertex -2.94573 -4.40859 3.85031
    endloop
  endfacet
  facet normal -0.355173 -0.478885 -0.802821
    outer loop
      vertex -2.9939 -4.48068 3.91462
      vertex -3.41866 -4.16565 3.91462
      vertex -3.36366 -4.09863 3.85031
    endloop
  endfacet
  facet normal -0.40031 -0.539748 -0.740557
    outer loop
      vertex -2.94573 -4.40859 3.85031
      vertex -3.31292 -4.0368 3.77782
      vertex -2.90129 -4.34209 3.77782
    endloop
  endfacet
  facet normal -0.400302 -0.539742 -0.740565
    outer loop
      vertex -2.94573 -4.40859 3.85031
      vertex -3.36366 -4.09863 3.85031
      vertex -3.31292 -4.0368 3.77782
    endloop
  endfacet
  facet normal -0.441621 -0.595459 -0.671118
    outer loop
      vertex -2.90129 -4.34209 3.77782
      vertex -3.26693 -3.98076 3.69783
      vertex -2.86101 -4.28181 3.69783
    endloop
  endfacet
  facet normal -0.441637 -0.59547 -0.671097
    outer loop
      vertex -2.90129 -4.34209 3.77782
      vertex -3.31292 -4.0368 3.77782
      vertex -3.26693 -3.98076 3.69783
    endloop
  endfacet
  facet normal -0.478676 -0.645405 -0.595249
    outer loop
      vertex -2.86101 -4.28181 3.69783
      vertex -3.22613 -3.93105 3.61113
      vertex -2.82529 -4.22834 3.61113
    endloop
  endfacet
  facet normal -0.478652 -0.645389 -0.595286
    outer loop
      vertex -2.86101 -4.28181 3.69783
      vertex -3.26693 -3.98076 3.69783
      vertex -3.22613 -3.93105 3.61113
    endloop
  endfacet
  facet normal -0.511107 -0.689147 -0.51366
    outer loop
      vertex -2.82529 -4.22834 3.61113
      vertex -3.19093 -3.88815 3.51854
      vertex -2.79445 -4.1822 3.51854
    endloop
  endfacet
  facet normal -0.511126 -0.689158 -0.513625
    outer loop
      vertex -2.82529 -4.22834 3.61113
      vertex -3.22613 -3.93105 3.61113
      vertex -3.19093 -3.88815 3.51854
    endloop
  endfacet
  facet normal -0.538613 -0.72626 -0.427133
    outer loop
      vertex -2.79445 -4.1822 3.51854
      vertex -3.16165 -3.85248 3.42095
      vertex -2.76881 -4.14382 3.42095
    endloop
  endfacet
  facet normal -0.538643 -0.726275 -0.427069
    outer loop
      vertex -2.79445 -4.1822 3.51854
      vertex -3.19093 -3.88815 3.51854
      vertex -3.16165 -3.85248 3.42095
    endloop
  endfacet
  facet normal -0.560964 -0.756357 -0.336518
    outer loop
      vertex -2.76881 -4.14382 3.42095
      vertex -3.13857 -3.82436 3.31931
      vertex -2.74861 -4.11358 3.31931
    endloop
  endfacet
  facet normal -0.560922 -0.756341 -0.336623
    outer loop
      vertex -2.76881 -4.14382 3.42095
      vertex -3.16165 -3.85248 3.42095
      vertex -3.13857 -3.82436 3.31931
    endloop
  endfacet
  facet normal -0.577889 -0.77919 -0.242708
    outer loop
      vertex -2.74861 -4.11358 3.31931
      vertex -3.12193 -3.80409 3.2146
      vertex -2.73404 -4.09177 3.2146
    endloop
  endfacet
  facet normal -0.5779 -0.779192 -0.242675
    outer loop
      vertex -2.74861 -4.11358 3.31931
      vertex -3.13857 -3.82436 3.31931
      vertex -3.12193 -3.80409 3.2146
    endloop
  endfacet
  facet normal -0.589255 -0.794543 -0.146559
    outer loop
      vertex -2.73404 -4.09177 3.2146
      vertex -3.11189 -3.79185 3.10782
      vertex -2.72524 -4.0786 3.10782
    endloop
  endfacet
  facet normal -0.589275 -0.794542 -0.146484
    outer loop
      vertex -2.73404 -4.09177 3.2146
      vertex -3.12193 -3.80409 3.2146
      vertex -3.11189 -3.79185 3.10782
    endloop
  endfacet
  facet normal -0.594976 -0.802247 -0.0490175
    outer loop
      vertex -2.72524 -4.0786 3.10782
      vertex -3.10853 -3.78775 3
      vertex -2.72229 -4.0742 3
    endloop
  endfacet
  facet normal -0.59497 -0.80225 -0.0490477
    outer loop
      vertex -2.72524 -4.0786 3.10782
      vertex -3.11189 -3.79185 3.10782
      vertex -3.10853 -3.78775 3
    endloop
  endfacet
  facet normal -0.594971 -0.802251 0.0490175
    outer loop
      vertex -2.72229 -4.0742 3
      vertex -3.11189 -3.79185 2.89218
      vertex -2.72524 -4.0786 2.89218
    endloop
  endfacet
  facet normal -0.594975 -0.802246 0.0490477
    outer loop
      vertex -3.10853 -3.78775 3
      vertex -3.11189 -3.79185 2.89218
      vertex -2.72229 -4.0742 3
    endloop
  endfacet
  facet normal -0.589268 -0.794533 0.146559
    outer loop
      vertex -2.72524 -4.0786 2.89218
      vertex -3.12193 -3.80409 2.7854
      vertex -2.73404 -4.09177 2.7854
    endloop
  endfacet
  facet normal -0.589261 -0.794552 0.146483
    outer loop
      vertex -3.11189 -3.79185 2.89218
      vertex -3.12193 -3.80409 2.7854
      vertex -2.72524 -4.0786 2.89218
    endloop
  endfacet
  facet normal -0.577895 -0.779185 0.242708
    outer loop
      vertex -2.73404 -4.09177 2.7854
      vertex -3.13857 -3.82436 2.68069
      vertex -2.74861 -4.11358 2.68069
    endloop
  endfacet
  facet normal -0.577894 -0.779197 0.242675
    outer loop
      vertex -3.12193 -3.80409 2.7854
      vertex -3.13857 -3.82436 2.68069
      vertex -2.73404 -4.09177 2.7854
    endloop
  endfacet
  facet normal -0.560944 -0.756371 0.336518
    outer loop
      vertex -2.74861 -4.11358 2.68069
      vertex -3.16165 -3.85248 2.57905
      vertex -2.76881 -4.14382 2.57905
    endloop
  endfacet
  facet normal -0.560941 -0.756326 0.336624
    outer loop
      vertex -3.13857 -3.82436 2.68069
      vertex -3.16165 -3.85248 2.57905
      vertex -2.74861 -4.11358 2.68069
    endloop
  endfacet
  facet normal -0.538625 -0.726251 0.427133
    outer loop
      vertex -2.76881 -4.14382 2.57905
      vertex -3.19093 -3.88815 2.48146
      vertex -2.79445 -4.1822 2.48146
    endloop
  endfacet
  facet normal -0.538631 -0.726284 0.427069
    outer loop
      vertex -3.16165 -3.85248 2.57905
      vertex -3.19093 -3.88815 2.48146
      vertex -2.76881 -4.14382 2.57905
    endloop
  endfacet
  facet normal -0.511114 -0.689142 0.51366
    outer loop
      vertex -2.79445 -4.1822 2.48146
      vertex -3.22613 -3.93105 2.38887
      vertex -2.82529 -4.22834 2.38887
    endloop
  endfacet
  facet normal -0.511119 -0.689164 0.513625
    outer loop
      vertex -3.19093 -3.88815 2.48146
      vertex -3.22613 -3.93105 2.38887
      vertex -2.79445 -4.1822 2.48146
    endloop
  endfacet
  facet normal -0.478668 -0.645411 0.595249
    outer loop
      vertex -2.82529 -4.22834 2.38887
      vertex -3.26693 -3.98076 2.30217
      vertex -2.86101 -4.28181 2.30217
    endloop
  endfacet
  facet normal -0.47866 -0.645383 0.595286
    outer loop
      vertex -3.22613 -3.93105 2.38887
      vertex -3.26693 -3.98076 2.30217
      vertex -2.82529 -4.22834 2.38887
    endloop
  endfacet
  facet normal -0.441626 -0.595455 0.671118
    outer loop
      vertex -2.86101 -4.28181 2.30217
      vertex -3.31292 -4.0368 2.22218
      vertex -2.90129 -4.34209 2.22218
    endloop
  endfacet
  facet normal -0.441633 -0.595474 0.671097
    outer loop
      vertex -3.26693 -3.98076 2.30217
      vertex -3.31292 -4.0368 2.22218
      vertex -2.86101 -4.28181 2.30217
    endloop
  endfacet
  facet normal -0.400308 -0.539749 0.740557
    outer loop
      vertex -2.90129 -4.34209 2.22218
      vertex -3.36366 -4.09863 2.14969
      vertex -2.94573 -4.40859 2.14969
    endloop
  endfacet
  facet normal -0.400304 -0.53974 0.740565
    outer loop
      vertex -3.31292 -4.0368 2.22218
      vertex -3.36366 -4.09863 2.14969
      vertex -2.90129 -4.34209 2.22218
    endloop
  endfacet
  facet normal -0.355163 -0.478873 0.802832
    outer loop
      vertex -2.94573 -4.40859 2.14969
      vertex -3.41866 -4.16565 2.08538
      vertex -2.9939 -4.48068 2.08538
    endloop
  endfacet
  facet normal -0.35517 -0.478888 0.802821
    outer loop
      vertex -3.36366 -4.09863 2.14969
      vertex -3.41866 -4.16565 2.08538
      vertex -2.94573 -4.40859 2.14969
    endloop
  endfacet
  facet normal -0.30649 -0.413251 0.857489
    outer loop
      vertex -2.9939 -4.48068 2.08538
      vertex -3.4774 -4.23723 2.02989
      vertex -3.04534 -4.55767 2.02989
    endloop
  endfacet
  facet normal -0.306485 -0.413238 0.857497
    outer loop
      vertex -3.41866 -4.16565 2.08538
      vertex -3.4774 -4.23723 2.02989
      vertex -2.9939 -4.48068 2.08538
    endloop
  endfacet
  facet normal -0.254977 -0.343795 0.903765
    outer loop
      vertex -3.04534 -4.55767 2.02989
      vertex -3.53931 -4.31266 1.98373
      vertex -3.09955 -4.63881 1.98373
    endloop
  endfacet
  facet normal -0.254976 -0.343793 0.903766
    outer loop
      vertex -3.4774 -4.23723 2.02989
      vertex -3.53931 -4.31266 1.98373
      vertex -3.04534 -4.55767 2.02989
    endloop
  endfacet
  facet normal -0.200912 -0.270897 0.941408
    outer loop
      vertex -3.09955 -4.63881 1.98373
      vertex -3.60379 -4.39123 1.94736
      vertex -3.15602 -4.72332 1.94736
    endloop
  endfacet
  facet normal -0.200911 -0.270896 0.941409
    outer loop
      vertex -3.53931 -4.31266 1.98373
      vertex -3.60379 -4.39123 1.94736
      vertex -3.09955 -4.63881 1.98373
    endloop
  endfacet
  facet normal -0.144862 -0.195323 0.969981
    outer loop
      vertex -3.15602 -4.72332 1.94736
      vertex -3.67022 -4.47217 1.92114
      vertex -3.2142 -4.81038 1.92114
    endloop
  endfacet
  facet normal -0.144863 -0.195325 0.969981
    outer loop
      vertex -3.60379 -4.39123 1.94736
      vertex -3.67022 -4.47217 1.92114
      vertex -3.15602 -4.72332 1.94736
    endloop
  endfacet
  facet normal -0.0875119 -0.117997 0.98915
    outer loop
      vertex -3.2142 -4.81038 1.92114
      vertex -3.73796 -4.55472 1.9053
      vertex -3.27352 -4.89917 1.9053
    endloop
  endfacet
  facet normal -0.0875096 -0.117992 0.989151
    outer loop
      vertex -3.67022 -4.47217 1.92114
      vertex -3.73796 -4.55472 1.9053
      vertex -3.2142 -4.81038 1.92114
    endloop
  endfacet
  facet normal -0.0292823 -0.0394822 0.998791
    outer loop
      vertex -3.27352 -4.89917 1.9053
      vertex -3.80636 -4.63806 1.9
      vertex -3.33342 -4.98882 1.9
    endloop
  endfacet
  facet normal -0.0292833 -0.0394842 0.998791
    outer loop
      vertex -3.73796 -4.55472 1.9053
      vertex -3.80636 -4.63806 1.9
      vertex -3.27352 -4.89917 1.9053
    endloop
  endfacet
  facet normal -0.0330126 -0.0364234 -0.998791
    outer loop
      vertex -3.80636 -4.63806 4.1
      vertex -4.1664 -4.1664 4.0947
      vertex -3.73796 -4.55472 4.0947
    endloop
  endfacet
  facet normal -0.0330111 -0.0364222 -0.998791
    outer loop
      vertex -3.80636 -4.63806 4.1
      vertex -4.24264 -4.24264 4.1
      vertex -4.1664 -4.1664 4.0947
    endloop
  endfacet
  facet normal -0.0986518 -0.108849 -0.989151
    outer loop
      vertex -3.73796 -4.55472 4.0947
      vertex -4.0909 -4.0909 4.07886
      vertex -3.67022 -4.47217 4.07886
    endloop
  endfacet
  facet normal -0.0986654 -0.108859 -0.989149
    outer loop
      vertex -3.73796 -4.55472 4.0947
      vertex -4.1664 -4.1664 4.0947
      vertex -4.0909 -4.0909 4.07886
    endloop
  endfacet
  facet normal -0.16337 -0.180249 -0.969959
    outer loop
      vertex -3.67022 -4.47217 4.07886
      vertex -4.01685 -4.01685 4.05263
      vertex -3.60379 -4.39123 4.05263
    endloop
  endfacet
  facet normal -0.163348 -0.180233 -0.969966
    outer loop
      vertex -3.67022 -4.47217 4.07886
      vertex -4.0909 -4.0909 4.07886
      vertex -4.01685 -4.01685 4.05263
    endloop
  endfacet
  facet normal -0.226441 -0.249838 -0.941438
    outer loop
      vertex -3.60379 -4.39123 4.05263
      vertex -3.94498 -3.94498 4.01627
      vertex -3.53931 -4.31266 4.01627
    endloop
  endfacet
  facet normal -0.226445 -0.249841 -0.941436
    outer loop
      vertex -3.60379 -4.39123 4.05263
      vertex -4.01685 -4.01685 4.05263
      vertex -3.94498 -3.94498 4.01627
    endloop
  endfacet
  facet normal -0.287443 -0.317146 -0.903767
    outer loop
      vertex -3.53931 -4.31266 4.01627
      vertex -3.87598 -3.87598 3.97011
      vertex -3.4774 -4.23723 3.97011
    endloop
  endfacet
  facet normal -0.287452 -0.317152 -0.903762
    outer loop
      vertex -3.53931 -4.31266 4.01627
      vertex -3.94498 -3.94498 4.01627
      vertex -3.87598 -3.87598 3.97011
    endloop
  endfacet
  facet normal -0.345504 -0.381218 -0.857496
    outer loop
      vertex -3.4774 -4.23723 3.97011
      vertex -3.81051 -3.81051 3.91462
      vertex -3.41866 -4.16565 3.91462
    endloop
  endfacet
  facet normal -0.345531 -0.381236 -0.857477
    outer loop
      vertex -3.4774 -4.23723 3.97011
      vertex -3.87598 -3.87598 3.97011
      vertex -3.81051 -3.81051 3.91462
    endloop
  endfacet
  facet normal -0.400396 -0.441773 -0.80282
    outer loop
      vertex -3.41866 -4.16565 3.91462
      vertex -3.7492 -3.7492 3.85031
      vertex -3.36366 -4.09863 3.85031
    endloop
  endfacet
  facet normal -0.40037 -0.441756 -0.802842
    outer loop
      vertex -3.41866 -4.16565 3.91462
      vertex -3.81051 -3.81051 3.91462
      vertex -3.7492 -3.7492 3.85031
    endloop
  endfacet
  facet normal -0.451279 -0.497907 -0.740564
    outer loop
      vertex -3.36366 -4.09863 3.85031
      vertex -3.69264 -3.69264 3.77782
      vertex -3.31292 -4.0368 3.77782
    endloop
  endfacet
  facet normal -0.451264 -0.497898 -0.74058
    outer loop
      vertex -3.36366 -4.09863 3.85031
      vertex -3.7492 -3.7492 3.85031
      vertex -3.69264 -3.69264 3.77782
    endloop
  endfacet
  facet normal -0.497872 -0.54932 -0.671097
    outer loop
      vertex -3.31292 -4.0368 3.77782
      vertex -3.64138 -3.64138 3.69783
      vertex -3.26693 -3.98076 3.69783
    endloop
  endfacet
  facet normal -0.497883 -0.549326 -0.671083
    outer loop
      vertex -3.31292 -4.0368 3.77782
      vertex -3.69264 -3.69264 3.77782
      vertex -3.64138 -3.64138 3.69783
    endloop
  endfacet
  facet normal -0.539598 -0.595371 -0.595288
    outer loop
      vertex -3.26693 -3.98076 3.69783
      vertex -3.59591 -3.59591 3.61113
      vertex -3.22613 -3.93105 3.61113
    endloop
  endfacet
  facet normal -0.539621 -0.595383 -0.595255
    outer loop
      vertex -3.26693 -3.98076 3.69783
      vertex -3.64138 -3.64138 3.69783
      vertex -3.59591 -3.59591 3.61113
    endloop
  endfacet
  facet normal -0.576202 -0.635755 -0.513621
    outer loop
      vertex -3.22613 -3.93105 3.61113
      vertex -3.55667 -3.55667 3.51854
      vertex -3.19093 -3.88815 3.51854
    endloop
  endfacet
  facet normal -0.576197 -0.635753 -0.513629
    outer loop
      vertex -3.22613 -3.93105 3.61113
      vertex -3.59591 -3.59591 3.61113
      vertex -3.55667 -3.55667 3.51854
    endloop
  endfacet
  facet normal -0.607243 -0.669973 -0.427073
    outer loop
      vertex -3.19093 -3.88815 3.51854
      vertex -3.52403 -3.52403 3.42095
      vertex -3.16165 -3.85248 3.42095
    endloop
  endfacet
  facet normal -0.6072 -0.669957 -0.427159
    outer loop
      vertex -3.19093 -3.88815 3.51854
      vertex -3.55667 -3.55667 3.51854
      vertex -3.52403 -3.52403 3.42095
    endloop
  endfacet
  facet normal -0.632367 -0.697708 -0.336625
    outer loop
      vertex -3.16165 -3.85248 3.42095
      vertex -3.49831 -3.49831 3.31931
      vertex -3.13857 -3.82436 3.31931
    endloop
  endfacet
  facet normal -0.632385 -0.697712 -0.336581
    outer loop
      vertex -3.16165 -3.85248 3.42095
      vertex -3.52403 -3.52403 3.42095
      vertex -3.49831 -3.49831 3.31931
    endloop
  endfacet
  facet normal -0.651476 -0.718809 -0.242678
    outer loop
      vertex -3.13857 -3.82436 3.31931
      vertex -3.47977 -3.47977 3.2146
      vertex -3.12193 -3.80409 3.2146
    endloop
  endfacet
  facet normal -0.651493 -0.718811 -0.242627
    outer loop
      vertex -3.13857 -3.82436 3.31931
      vertex -3.49831 -3.49831 3.31931
      vertex -3.47977 -3.47977 3.2146
    endloop
  endfacet
  facet normal -0.66432 -0.732955 -0.14648
    outer loop
      vertex -3.12193 -3.80409 3.2146
      vertex -3.46857 -3.46857 3.10782
      vertex -3.11189 -3.79185 3.10782
    endloop
  endfacet
  facet normal -0.6643 -0.732958 -0.146556
    outer loop
      vertex -3.12193 -3.80409 3.2146
      vertex -3.47977 -3.47977 3.2146
      vertex -3.46857 -3.46857 3.10782
    endloop
  endfacet
  facet normal -0.670759 -0.740052 -0.0490444
    outer loop
      vertex -3.11189 -3.79185 3.10782
      vertex -3.46482 -3.46482 3
      vertex -3.10853 -3.78775 3
    endloop
  endfacet
  facet normal -0.670755 -0.740054 -0.0490682
    outer loop
      vertex -3.11189 -3.79185 3.10782
      vertex -3.46857 -3.46857 3.10782
      vertex -3.46482 -3.46482 3
    endloop
  endfacet
  facet normal -0.670755 -0.740055 0.0490444
    outer loop
      vertex -3.10853 -3.78775 3
      vertex -3.46857 -3.46857 2.89218
      vertex -3.11189 -3.79185 2.89218
    endloop
  endfacet
  facet normal -0.670759 -0.740051 0.0490682
    outer loop
      vertex -3.46482 -3.46482 3
      vertex -3.46857 -3.46857 2.89218
      vertex -3.10853 -3.78775 3
    endloop
  endfacet
  facet normal -0.664307 -0.732966 0.14648
    outer loop
      vertex -3.11189 -3.79185 2.89218
      vertex -3.47977 -3.47977 2.7854
      vertex -3.12193 -3.80409 2.7854
    endloop
  endfacet
  facet normal -0.664312 -0.732946 0.146556
    outer loop
      vertex -3.46857 -3.46857 2.89218
      vertex -3.47977 -3.47977 2.7854
      vertex -3.11189 -3.79185 2.89218
    endloop
  endfacet
  facet normal -0.651485 -0.718801 0.242678
    outer loop
      vertex -3.12193 -3.80409 2.7854
      vertex -3.49831 -3.49831 2.68069
      vertex -3.13857 -3.82436 2.68069
    endloop
  endfacet
  facet normal -0.651485 -0.718819 0.242627
    outer loop
      vertex -3.47977 -3.47977 2.7854
      vertex -3.49831 -3.49831 2.68069
      vertex -3.12193 -3.80409 2.7854
    endloop
  endfacet
  facet normal -0.632374 -0.697701 0.336625
    outer loop
      vertex -3.13857 -3.82436 2.68069
      vertex -3.52403 -3.52403 2.57905
      vertex -3.16165 -3.85248 2.57905
    endloop
  endfacet
  facet normal -0.632377 -0.697719 0.336581
    outer loop
      vertex -3.49831 -3.49831 2.68069
      vertex -3.52403 -3.52403 2.57905
      vertex -3.13857 -3.82436 2.68069
    endloop
  endfacet
  facet normal -0.607228 -0.669987 0.427073
    outer loop
      vertex -3.16165 -3.85248 2.57905
      vertex -3.55667 -3.55667 2.48146
      vertex -3.19093 -3.88815 2.48146
    endloop
  endfacet
  facet normal -0.607216 -0.669943 0.427159
    outer loop
      vertex -3.52403 -3.52403 2.57905
      vertex -3.55667 -3.55667 2.48146
      vertex -3.16165 -3.85248 2.57905
    endloop
  endfacet
  facet normal -0.5762 -0.635756 0.513621
    outer loop
      vertex -3.19093 -3.88815 2.48146
      vertex -3.59591 -3.59591 2.38887
      vertex -3.22613 -3.93105 2.38887
    endloop
  endfacet
  facet normal -0.576199 -0.635752 0.513629
    outer loop
      vertex -3.55667 -3.55667 2.48146
      vertex -3.59591 -3.59591 2.38887
      vertex -3.19093 -3.88815 2.48146
    endloop
  endfacet
  facet normal -0.539605 -0.595365 0.595288
    outer loop
      vertex -3.22613 -3.93105 2.38887
      vertex -3.64138 -3.64138 2.30217
      vertex -3.26693 -3.98076 2.30217
    endloop
  endfacet
  facet normal -0.539614 -0.595389 0.595255
    outer loop
      vertex -3.59591 -3.59591 2.38887
      vertex -3.64138 -3.64138 2.30217
      vertex -3.22613 -3.93105 2.38887
    endloop
  endfacet
  facet normal -0.497875 -0.549317 0.671097
    outer loop
      vertex -3.26693 -3.98076 2.30217
      vertex -3.69264 -3.69264 2.22218
      vertex -3.31292 -4.0368 2.22218
    endloop
  endfacet
  facet normal -0.49788 -0.549329 0.671083
    outer loop
      vertex -3.64138 -3.64138 2.30217
      vertex -3.69264 -3.69264 2.22218
      vertex -3.26693 -3.98076 2.30217
    endloop
  endfacet
  facet normal -0.451276 -0.49791 0.740564
    outer loop
      vertex -3.31292 -4.0368 2.22218
      vertex -3.7492 -3.7492 2.14969
      vertex -3.36366 -4.09863 2.14969
    endloop
  endfacet
  facet normal -0.451268 -0.497895 0.74058
    outer loop
      vertex -3.69264 -3.69264 2.22218
      vertex -3.7492 -3.7492 2.14969
      vertex -3.31292 -4.0368 2.22218
    endloop
  endfacet
  facet normal -0.40039 -0.441777 0.80282
    outer loop
      vertex -3.36366 -4.09863 2.14969
      vertex -3.81051 -3.81051 2.08538
      vertex -3.41866 -4.16565 2.08538
    endloop
  endfacet
  facet normal -0.400376 -0.441751 0.802842
    outer loop
      vertex -3.7492 -3.7492 2.14969
      vertex -3.81051 -3.81051 2.08538
      vertex -3.36366 -4.09863 2.14969
    endloop
  endfacet
  facet normal -0.34551 -0.381213 0.857496
    outer loop
      vertex -3.41866 -4.16565 2.08538
      vertex -3.87598 -3.87598 2.02989
      vertex -3.4774 -4.23723 2.02989
    endloop
  endfacet
  facet normal -0.345525 -0.381241 0.857477
    outer loop
      vertex -3.81051 -3.81051 2.08538
      vertex -3.87598 -3.87598 2.02989
      vertex -3.41866 -4.16565 2.08538
    endloop
  endfacet
  facet normal -0.287445 -0.317144 0.903767
    outer loop
      vertex -3.4774 -4.23723 2.02989
      vertex -3.94498 -3.94498 1.98373
      vertex -3.53931 -4.31266 1.98373
    endloop
  endfacet
  facet normal -0.28745 -0.317154 0.903762
    outer loop
      vertex -3.87598 -3.87598 2.02989
      vertex -3.94498 -3.94498 1.98373
      vertex -3.4774 -4.23723 2.02989
    endloop
  endfacet
  facet normal -0.226497 -0.249898 0.941409
    outer loop
      vertex -3.53931 -4.31266 1.98373
      vertex -4.01685 -4.01685 1.94736
      vertex -3.60379 -4.39123 1.94736
    endloop
  endfacet
  facet normal -0.226499 -0.249902 0.941407
    outer loop
      vertex -3.94498 -3.94498 1.98373
      vertex -4.01685 -4.01685 1.94736
      vertex -3.53931 -4.31266 1.98373
    endloop
  endfacet
  facet normal -0.163307 -0.180188 0.969981
    outer loop
      vertex -3.60379 -4.39123 1.94736
      vertex -4.0909 -4.0909 1.92114
      vertex -3.67022 -4.47217 1.92114
    endloop
  endfacet
  facet normal -0.163294 -0.180165 0.969988
    outer loop
      vertex -4.01685 -4.01685 1.94736
      vertex -4.0909 -4.0909 1.92114
      vertex -3.60379 -4.39123 1.94736
    endloop
  endfacet
  facet normal -0.0986543 -0.108847 0.989151
    outer loop
      vertex -3.67022 -4.47217 1.92114
      vertex -4.1664 -4.1664 1.9053
      vertex -3.73796 -4.55472 1.9053
    endloop
  endfacet
  facet normal -0.0986632 -0.108861 0.989148
    outer loop
      vertex -4.0909 -4.0909 1.92114
      vertex -4.1664 -4.1664 1.9053
      vertex -3.67022 -4.47217 1.92114
    endloop
  endfacet
  facet normal -0.0330124 -0.0364236 0.998791
    outer loop
      vertex -3.73796 -4.55472 1.9053
      vertex -4.24264 -4.24264 1.9
      vertex -3.80636 -4.63806 1.9
    endloop
  endfacet
  facet normal -0.0330113 -0.036422 0.998791
    outer loop
      vertex -4.1664 -4.1664 1.9053
      vertex -4.24264 -4.24264 1.9
      vertex -3.73796 -4.55472 1.9053
    endloop
  endfacet
  facet normal -0.036422 -0.0330113 -0.998791
    outer loop
      vertex -4.24264 -4.24264 4.1
      vertex -4.55472 -3.73796 4.0947
      vertex -4.1664 -4.1664 4.0947
    endloop
  endfacet
  facet normal -0.0364236 -0.0330124 -0.998791
    outer loop
      vertex -4.24264 -4.24264 4.1
      vertex -4.63806 -3.80636 4.1
      vertex -4.55472 -3.73796 4.0947
    endloop
  endfacet
  facet normal -0.108861 -0.0986632 -0.989148
    outer loop
      vertex -4.1664 -4.1664 4.0947
      vertex -4.47217 -3.67022 4.07886
      vertex -4.0909 -4.0909 4.07886
    endloop
  endfacet
  facet normal -0.108847 -0.0986543 -0.989151
    outer loop
      vertex -4.1664 -4.1664 4.0947
      vertex -4.55472 -3.73796 4.0947
      vertex -4.47217 -3.67022 4.07886
    endloop
  endfacet
  facet normal -0.180229 -0.163352 -0.969966
    outer loop
      vertex -4.0909 -4.0909 4.07886
      vertex -4.39123 -3.60379 4.05263
      vertex -4.01685 -4.01685 4.05263
    endloop
  endfacet
  facet normal -0.180252 -0.163366 -0.969959
    outer loop
      vertex -4.0909 -4.0909 4.07886
      vertex -4.47217 -3.67022 4.07886
      vertex -4.39123 -3.60379 4.05263
    endloop
  endfacet
  facet normal -0.249841 -0.226444 -0.941436
    outer loop
      vertex -4.01685 -4.01685 4.05263
      vertex -4.31266 -3.53931 4.01627
      vertex -3.94498 -3.94498 4.01627
    endloop
  endfacet
  facet normal -0.249837 -0.226442 -0.941438
    outer loop
      vertex -4.01685 -4.01685 4.05263
      vertex -4.39123 -3.60379 4.05263
      vertex -4.31266 -3.53931 4.01627
    endloop
  endfacet
  facet normal -0.317154 -0.28745 -0.903762
    outer loop
      vertex -3.94498 -3.94498 4.01627
      vertex -4.23723 -3.4774 3.97011
      vertex -3.87598 -3.87598 3.97011
    endloop
  endfacet
  facet normal -0.317144 -0.287445 -0.903767
    outer loop
      vertex -3.94498 -3.94498 4.01627
      vertex -4.31266 -3.53931 4.01627
      vertex -4.23723 -3.4774 3.97011
    endloop
  endfacet
  facet normal -0.381241 -0.345525 -0.857477
    outer loop
      vertex -3.87598 -3.87598 3.97011
      vertex -4.16565 -3.41866 3.91462
      vertex -3.81051 -3.81051 3.91462
    endloop
  endfacet
  facet normal -0.381213 -0.34551 -0.857496
    outer loop
      vertex -3.87598 -3.87598 3.97011
      vertex -4.23723 -3.4774 3.97011
      vertex -4.16565 -3.41866 3.91462
    endloop
  endfacet
  facet normal -0.441751 -0.400376 -0.802842
    outer loop
      vertex -3.81051 -3.81051 3.91462
      vertex -4.09863 -3.36366 3.85031
      vertex -3.7492 -3.7492 3.85031
    endloop
  endfacet
  facet normal -0.441777 -0.40039 -0.80282
    outer loop
      vertex -3.81051 -3.81051 3.91462
      vertex -4.16565 -3.41866 3.91462
      vertex -4.09863 -3.36366 3.85031
    endloop
  endfacet
  facet normal -0.497895 -0.451268 -0.74058
    outer loop
      vertex -3.7492 -3.7492 3.85031
      vertex -4.0368 -3.31292 3.77782
      vertex -3.69264 -3.69264 3.77782
    endloop
  endfacet
  facet normal -0.49791 -0.451276 -0.740564
    outer loop
      vertex -3.7492 -3.7492 3.85031
      vertex -4.09863 -3.36366 3.85031
      vertex -4.0368 -3.31292 3.77782
    endloop
  endfacet
  facet normal -0.549329 -0.49788 -0.671083
    outer loop
      vertex -3.69264 -3.69264 3.77782
      vertex -3.98076 -3.26693 3.69783
      vertex -3.64138 -3.64138 3.69783
    endloop
  endfacet
  facet normal -0.549317 -0.497875 -0.671097
    outer loop
      vertex -3.69264 -3.69264 3.77782
      vertex -4.0368 -3.31292 3.77782
      vertex -3.98076 -3.26693 3.69783
    endloop
  endfacet
  facet normal -0.595389 -0.539614 -0.595255
    outer loop
      vertex -3.64138 -3.64138 3.69783
      vertex -3.93105 -3.22613 3.61113
      vertex -3.59591 -3.59591 3.61113
    endloop
  endfacet
  facet normal -0.595365 -0.539605 -0.595288
    outer loop
      vertex -3.64138 -3.64138 3.69783
      vertex -3.98076 -3.26693 3.69783
      vertex -3.93105 -3.22613 3.61113
    endloop
  endfacet
  facet normal -0.635752 -0.576199 -0.513629
    outer loop
      vertex -3.59591 -3.59591 3.61113
      vertex -3.88815 -3.19093 3.51854
      vertex -3.55667 -3.55667 3.51854
    endloop
  endfacet
  facet normal -0.635756 -0.5762 -0.513621
    outer loop
      vertex -3.59591 -3.59591 3.61113
      vertex -3.93105 -3.22613 3.61113
      vertex -3.88815 -3.19093 3.51854
    endloop
  endfacet
  facet normal -0.669943 -0.607216 -0.427159
    outer loop
      vertex -3.55667 -3.55667 3.51854
      vertex -3.85248 -3.16165 3.42095
      vertex -3.52403 -3.52403 3.42095
    endloop
  endfacet
  facet normal -0.669987 -0.607228 -0.427073
    outer loop
      vertex -3.55667 -3.55667 3.51854
      vertex -3.88815 -3.19093 3.51854
      vertex -3.85248 -3.16165 3.42095
    endloop
  endfacet
  facet normal -0.697719 -0.632377 -0.336581
    outer loop
      vertex -3.52403 -3.52403 3.42095
      vertex -3.82436 -3.13857 3.31931
      vertex -3.49831 -3.49831 3.31931
    endloop
  endfacet
  facet normal -0.697701 -0.632374 -0.336625
    outer loop
      vertex -3.52403 -3.52403 3.42095
      vertex -3.85248 -3.16165 3.42095
      vertex -3.82436 -3.13857 3.31931
    endloop
  endfacet
  facet normal -0.718819 -0.651485 -0.242627
    outer loop
      vertex -3.49831 -3.49831 3.31931
      vertex -3.80409 -3.12193 3.2146
      vertex -3.47977 -3.47977 3.2146
    endloop
  endfacet
  facet normal -0.718801 -0.651485 -0.242678
    outer loop
      vertex -3.49831 -3.49831 3.31931
      vertex -3.82436 -3.13857 3.31931
      vertex -3.80409 -3.12193 3.2146
    endloop
  endfacet
  facet normal -0.732946 -0.664312 -0.146556
    outer loop
      vertex -3.47977 -3.47977 3.2146
      vertex -3.79185 -3.11189 3.10782
      vertex -3.46857 -3.46857 3.10782
    endloop
  endfacet
  facet normal -0.732966 -0.664307 -0.14648
    outer loop
      vertex -3.47977 -3.47977 3.2146
      vertex -3.80409 -3.12193 3.2146
      vertex -3.79185 -3.11189 3.10782
    endloop
  endfacet
  facet normal -0.740051 -0.670759 -0.0490682
    outer loop
      vertex -3.46857 -3.46857 3.10782
      vertex -3.78775 -3.10853 3
      vertex -3.46482 -3.46482 3
    endloop
  endfacet
  facet normal -0.740055 -0.670755 -0.0490444
    outer loop
      vertex -3.46857 -3.46857 3.10782
      vertex -3.79185 -3.11189 3.10782
      vertex -3.78775 -3.10853 3
    endloop
  endfacet
  facet normal -0.740054 -0.670755 0.0490682
    outer loop
      vertex -3.46482 -3.46482 3
      vertex -3.79185 -3.11189 2.89218
      vertex -3.46857 -3.46857 2.89218
    endloop
  endfacet
  facet normal -0.740052 -0.670759 0.0490444
    outer loop
      vertex -3.78775 -3.10853 3
      vertex -3.79185 -3.11189 2.89218
      vertex -3.46482 -3.46482 3
    endloop
  endfacet
  facet normal -0.732958 -0.6643 0.146556
    outer loop
      vertex -3.46857 -3.46857 2.89218
      vertex -3.80409 -3.12193 2.7854
      vertex -3.47977 -3.47977 2.7854
    endloop
  endfacet
  facet normal -0.732955 -0.66432 0.14648
    outer loop
      vertex -3.79185 -3.11189 2.89218
      vertex -3.80409 -3.12193 2.7854
      vertex -3.46857 -3.46857 2.89218
    endloop
  endfacet
  facet normal -0.718811 -0.651493 0.242627
    outer loop
      vertex -3.47977 -3.47977 2.7854
      vertex -3.82436 -3.13857 2.68069
      vertex -3.49831 -3.49831 2.68069
    endloop
  endfacet
  facet normal -0.718809 -0.651476 0.242678
    outer loop
      vertex -3.80409 -3.12193 2.7854
      vertex -3.82436 -3.13857 2.68069
      vertex -3.47977 -3.47977 2.7854
    endloop
  endfacet
  facet normal -0.697712 -0.632385 0.336581
    outer loop
      vertex -3.49831 -3.49831 2.68069
      vertex -3.85248 -3.16165 2.57905
      vertex -3.52403 -3.52403 2.57905
    endloop
  endfacet
  facet normal -0.697708 -0.632367 0.336625
    outer loop
      vertex -3.82436 -3.13857 2.68069
      vertex -3.85248 -3.16165 2.57905
      vertex -3.49831 -3.49831 2.68069
    endloop
  endfacet
  facet normal -0.669957 -0.6072 0.427159
    outer loop
      vertex -3.52403 -3.52403 2.57905
      vertex -3.88815 -3.19093 2.48146
      vertex -3.55667 -3.55667 2.48146
    endloop
  endfacet
  facet normal -0.669973 -0.607243 0.427073
    outer loop
      vertex -3.85248 -3.16165 2.57905
      vertex -3.88815 -3.19093 2.48146
      vertex -3.52403 -3.52403 2.57905
    endloop
  endfacet
  facet normal -0.635753 -0.576197 0.513629
    outer loop
      vertex -3.55667 -3.55667 2.48146
      vertex -3.93105 -3.22613 2.38887
      vertex -3.59591 -3.59591 2.38887
    endloop
  endfacet
  facet normal -0.635755 -0.576202 0.513621
    outer loop
      vertex -3.88815 -3.19093 2.48146
      vertex -3.93105 -3.22613 2.38887
      vertex -3.55667 -3.55667 2.48146
    endloop
  endfacet
  facet normal -0.595383 -0.539621 0.595255
    outer loop
      vertex -3.59591 -3.59591 2.38887
      vertex -3.98076 -3.26693 2.30217
      vertex -3.64138 -3.64138 2.30217
    endloop
  endfacet
  facet normal -0.595371 -0.539598 0.595288
    outer loop
      vertex -3.93105 -3.22613 2.38887
      vertex -3.98076 -3.26693 2.30217
      vertex -3.59591 -3.59591 2.38887
    endloop
  endfacet
  facet normal -0.549326 -0.497883 0.671083
    outer loop
      vertex -3.64138 -3.64138 2.30217
      vertex -4.0368 -3.31292 2.22218
      vertex -3.69264 -3.69264 2.22218
    endloop
  endfacet
  facet normal -0.54932 -0.497872 0.671097
    outer loop
      vertex -3.98076 -3.26693 2.30217
      vertex -4.0368 -3.31292 2.22218
      vertex -3.64138 -3.64138 2.30217
    endloop
  endfacet
  facet normal -0.497898 -0.451264 0.74058
    outer loop
      vertex -3.69264 -3.69264 2.22218
      vertex -4.09863 -3.36366 2.14969
      vertex -3.7492 -3.7492 2.14969
    endloop
  endfacet
  facet normal -0.497907 -0.451279 0.740564
    outer loop
      vertex -4.0368 -3.31292 2.22218
      vertex -4.09863 -3.36366 2.14969
      vertex -3.69264 -3.69264 2.22218
    endloop
  endfacet
  facet normal -0.441756 -0.40037 0.802842
    outer loop
      vertex -3.7492 -3.7492 2.14969
      vertex -4.16565 -3.41866 2.08538
      vertex -3.81051 -3.81051 2.08538
    endloop
  endfacet
  facet normal -0.441773 -0.400396 0.80282
    outer loop
      vertex -4.09863 -3.36366 2.14969
      vertex -4.16565 -3.41866 2.08538
      vertex -3.7492 -3.7492 2.14969
    endloop
  endfacet
  facet normal -0.381236 -0.345531 0.857477
    outer loop
      vertex -3.81051 -3.81051 2.08538
      vertex -4.23723 -3.4774 2.02989
      vertex -3.87598 -3.87598 2.02989
    endloop
  endfacet
  facet normal -0.381218 -0.345504 0.857496
    outer loop
      vertex -4.16565 -3.41866 2.08538
      vertex -4.23723 -3.4774 2.02989
      vertex -3.81051 -3.81051 2.08538
    endloop
  endfacet
  facet normal -0.317152 -0.287452 0.903762
    outer loop
      vertex -3.87598 -3.87598 2.02989
      vertex -4.31266 -3.53931 1.98373
      vertex -3.94498 -3.94498 1.98373
    endloop
  endfacet
  facet normal -0.317146 -0.287443 0.903767
    outer loop
      vertex -4.23723 -3.4774 2.02989
      vertex -4.31266 -3.53931 1.98373
      vertex -3.87598 -3.87598 2.02989
    endloop
  endfacet
  facet normal -0.249901 -0.2265 0.941407
    outer loop
      vertex -3.94498 -3.94498 1.98373
      vertex -4.39123 -3.60379 1.94736
      vertex -4.01685 -4.01685 1.94736
    endloop
  endfacet
  facet normal -0.249899 -0.226496 0.941409
    outer loop
      vertex -4.31266 -3.53931 1.98373
      vertex -4.39123 -3.60379 1.94736
      vertex -3.94498 -3.94498 1.98373
    endloop
  endfacet
  facet normal -0.180168 -0.16329 0.969988
    outer loop
      vertex -4.01685 -4.01685 1.94736
      vertex -4.47217 -3.67022 1.92114
      vertex -4.0909 -4.0909 1.92114
    endloop
  endfacet
  facet normal -0.180184 -0.163311 0.969981
    outer loop
      vertex -4.39123 -3.60379 1.94736
      vertex -4.47217 -3.67022 1.92114
      vertex -4.01685 -4.01685 1.94736
    endloop
  endfacet
  facet normal -0.108859 -0.0986654 0.989149
    outer loop
      vertex -4.0909 -4.0909 1.92114
      vertex -4.55472 -3.73796 1.9053
      vertex -4.1664 -4.1664 1.9053
    endloop
  endfacet
  facet normal -0.108849 -0.0986518 0.989151
    outer loop
      vertex -4.47217 -3.67022 1.92114
      vertex -4.55472 -3.73796 1.9053
      vertex -4.0909 -4.0909 1.92114
    endloop
  endfacet
  facet normal -0.0364222 -0.0330111 0.998791
    outer loop
      vertex -4.1664 -4.1664 1.9053
      vertex -4.63806 -3.80636 1.9
      vertex -4.24264 -4.24264 1.9
    endloop
  endfacet
  facet normal -0.0364234 -0.0330126 0.998791
    outer loop
      vertex -4.55472 -3.73796 1.9053
      vertex -4.63806 -3.80636 1.9
      vertex -4.1664 -4.1664 1.9053
    endloop
  endfacet
  facet normal -0.0394842 -0.0292833 -0.998791
    outer loop
      vertex -4.63806 -3.80636 4.1
      vertex -4.89917 -3.27352 4.0947
      vertex -4.55472 -3.73796 4.0947
    endloop
  endfacet
  facet normal -0.0394822 -0.0292823 -0.998791
    outer loop
      vertex -4.63806 -3.80636 4.1
      vertex -4.98882 -3.33342 4.1
      vertex -4.89917 -3.27352 4.0947
    endloop
  endfacet
  facet normal -0.117992 -0.0875096 -0.989151
    outer loop
      vertex -4.55472 -3.73796 4.0947
      vertex -4.81038 -3.2142 4.07886
      vertex -4.47217 -3.67022 4.07886
    endloop
  endfacet
  facet normal -0.117997 -0.0875119 -0.98915
    outer loop
      vertex -4.55472 -3.73796 4.0947
      vertex -4.89917 -3.27352 4.0947
      vertex -4.81038 -3.2142 4.07886
    endloop
  endfacet
  facet normal -0.195395 -0.144915 -0.969959
    outer loop
      vertex -4.47217 -3.67022 4.07886
      vertex -4.72332 -3.15602 4.05263
      vertex -4.39123 -3.60379 4.05263
    endloop
  endfacet
  facet normal -0.195393 -0.144914 -0.969959
    outer loop
      vertex -4.47217 -3.67022 4.07886
      vertex -4.81038 -3.2142 4.07886
      vertex -4.72332 -3.15602 4.05263
    endloop
  endfacet
  facet normal -0.27083 -0.200862 -0.941438
    outer loop
      vertex -4.39123 -3.60379 4.05263
      vertex -4.63881 -3.09955 4.01627
      vertex -4.31266 -3.53931 4.01627
    endloop
  endfacet
  facet normal -0.270831 -0.200863 -0.941438
    outer loop
      vertex -4.39123 -3.60379 4.05263
      vertex -4.72332 -3.15602 4.05263
      vertex -4.63881 -3.09955 4.01627
    endloop
  endfacet
  facet normal -0.343793 -0.254976 -0.903766
    outer loop
      vertex -4.31266 -3.53931 4.01627
      vertex -4.55767 -3.04534 3.97011
      vertex -4.23723 -3.4774 3.97011
    endloop
  endfacet
  facet normal -0.343795 -0.254977 -0.903765
    outer loop
      vertex -4.31266 -3.53931 4.01627
      vertex -4.63881 -3.09955 4.01627
      vertex -4.55767 -3.04534 3.97011
    endloop
  endfacet
  facet normal -0.413238 -0.306485 -0.857497
    outer loop
      vertex -4.23723 -3.4774 3.97011
      vertex -4.48068 -2.9939 3.91462
      vertex -4.16565 -3.41866 3.91462
    endloop
  endfacet
  facet normal -0.413251 -0.30649 -0.857489
    outer loop
      vertex -4.23723 -3.4774 3.97011
      vertex -4.55767 -3.04534 3.97011
      vertex -4.48068 -2.9939 3.91462
    endloop
  endfacet
  facet normal -0.478888 -0.35517 -0.802821
    outer loop
      vertex -4.16565 -3.41866 3.91462
      vertex -4.40859 -2.94573 3.85031
      vertex -4.09863 -3.36366 3.85031
    endloop
  endfacet
  facet normal -0.478873 -0.355163 -0.802832
    outer loop
      vertex -4.16565 -3.41866 3.91462
      vertex -4.48068 -2.9939 3.91462
      vertex -4.40859 -2.94573 3.85031
    endloop
  endfacet
  facet normal -0.53974 -0.400304 -0.740565
    outer loop
      vertex -4.09863 -3.36366 3.85031
      vertex -4.34209 -2.90129 3.77782
      vertex -4.0368 -3.31292 3.77782
    endloop
  endfacet
  facet normal -0.539749 -0.400308 -0.740557
    outer loop
      vertex -4.09863 -3.36366 3.85031
      vertex -4.40859 -2.94573 3.85031
      vertex -4.34209 -2.90129 3.77782
    endloop
  endfacet
  facet normal -0.595474 -0.441633 -0.671097
    outer loop
      vertex -4.0368 -3.31292 3.77782
      vertex -4.28181 -2.86101 3.69783
      vertex -3.98076 -3.26693 3.69783
    endloop
  endfacet
  facet normal -0.595455 -0.441626 -0.671118
    outer loop
      vertex -4.0368 -3.31292 3.77782
      vertex -4.34209 -2.90129 3.77782
      vertex -4.28181 -2.86101 3.69783
    endloop
  endfacet
  facet normal -0.645383 -0.47866 -0.595286
    outer loop
      vertex -3.98076 -3.26693 3.69783
      vertex -4.22834 -2.82529 3.61113
      vertex -3.93105 -3.22613 3.61113
    endloop
  endfacet
  facet normal -0.645411 -0.478668 -0.595249
    outer loop
      vertex -3.98076 -3.26693 3.69783
      vertex -4.28181 -2.86101 3.69783
      vertex -4.22834 -2.82529 3.61113
    endloop
  endfacet
  facet normal -0.689164 -0.511119 -0.513625
    outer loop
      vertex -3.93105 -3.22613 3.61113
      vertex -4.1822 -2.79445 3.51854
      vertex -3.88815 -3.19093 3.51854
    endloop
  endfacet
  facet normal -0.689142 -0.511114 -0.51366
    outer loop
      vertex -3.93105 -3.22613 3.61113
      vertex -4.22834 -2.82529 3.61113
      vertex -4.1822 -2.79445 3.51854
    endloop
  endfacet
  facet normal -0.726284 -0.538631 -0.427069
    outer loop
      vertex -3.88815 -3.19093 3.51854
      vertex -4.14382 -2.76881 3.42095
      vertex -3.85248 -3.16165 3.42095
    endloop
  endfacet
  facet normal -0.726251 -0.538625 -0.427133
    outer loop
      vertex -3.88815 -3.19093 3.51854
      vertex -4.1822 -2.79445 3.51854
      vertex -4.14382 -2.76881 3.42095
    endloop
  endfacet
  facet normal -0.756326 -0.560941 -0.336624
    outer loop
      vertex -3.85248 -3.16165 3.42095
      vertex -4.11358 -2.74861 3.31931
      vertex -3.82436 -3.13857 3.31931
    endloop
  endfacet
  facet normal -0.756371 -0.560944 -0.336518
    outer loop
      vertex -3.85248 -3.16165 3.42095
      vertex -4.14382 -2.76881 3.42095
      vertex -4.11358 -2.74861 3.31931
    endloop
  endfacet
  facet normal -0.779197 -0.577894 -0.242675
    outer loop
      vertex -3.82436 -3.13857 3.31931
      vertex -4.09177 -2.73404 3.2146
      vertex -3.80409 -3.12193 3.2146
    endloop
  endfacet
  facet normal -0.779185 -0.577895 -0.242708
    outer loop
      vertex -3.82436 -3.13857 3.31931
      vertex -4.11358 -2.74861 3.31931
      vertex -4.09177 -2.73404 3.2146
    endloop
  endfacet
  facet normal -0.794552 -0.589261 -0.146483
    outer loop
      vertex -3.80409 -3.12193 3.2146
      vertex -4.0786 -2.72524 3.10782
      vertex -3.79185 -3.11189 3.10782
    endloop
  endfacet
  facet normal -0.794533 -0.589268 -0.146559
    outer loop
      vertex -3.80409 -3.12193 3.2146
      vertex -4.09177 -2.73404 3.2146
      vertex -4.0786 -2.72524 3.10782
    endloop
  endfacet
  facet normal -0.802246 -0.594975 -0.0490477
    outer loop
      vertex -3.79185 -3.11189 3.10782
      vertex -4.0742 -2.72229 3
      vertex -3.78775 -3.10853 3
    endloop
  endfacet
  facet normal -0.802251 -0.594971 -0.0490175
    outer loop
      vertex -3.79185 -3.11189 3.10782
      vertex -4.0786 -2.72524 3.10782
      vertex -4.0742 -2.72229 3
    endloop
  endfacet
  facet normal -0.80225 -0.59497 0.0490477
    outer loop
      vertex -3.78775 -3.10853 3
      vertex -4.0786 -2.72524 2.89218
      vertex -3.79185 -3.11189 2.89218
    endloop
  endfacet
  facet normal -0.802247 -0.594976 0.0490175
    outer loop
      vertex -4.0742 -2.72229 3
      vertex -4.0786 -2.72524 2.89218
      vertex -3.78775 -3.10853 3
    endloop
  endfacet
  facet normal -0.794542 -0.589275 0.146484
    outer loop
      vertex -3.79185 -3.11189 2.89218
      vertex -4.09177 -2.73404 2.7854
      vertex -3.80409 -3.12193 2.7854
    endloop
  endfacet
  facet normal -0.794543 -0.589255 0.146559
    outer loop
      vertex -4.0786 -2.72524 2.89218
      vertex -4.09177 -2.73404 2.7854
      vertex -3.79185 -3.11189 2.89218
    endloop
  endfacet
  facet normal -0.779192 -0.5779 0.242675
    outer loop
      vertex -3.80409 -3.12193 2.7854
      vertex -4.11358 -2.74861 2.68069
      vertex -3.82436 -3.13857 2.68069
    endloop
  endfacet
  facet normal -0.77919 -0.577889 0.242708
    outer loop
      vertex -4.09177 -2.73404 2.7854
      vertex -4.11358 -2.74861 2.68069
      vertex -3.80409 -3.12193 2.7854
    endloop
  endfacet
  facet normal -0.756341 -0.560922 0.336623
    outer loop
      vertex -3.82436 -3.13857 2.68069
      vertex -4.14382 -2.76881 2.57905
      vertex -3.85248 -3.16165 2.57905
    endloop
  endfacet
  facet normal -0.756357 -0.560964 0.336518
    outer loop
      vertex -4.11358 -2.74861 2.68069
      vertex -4.14382 -2.76881 2.57905
      vertex -3.82436 -3.13857 2.68069
    endloop
  endfacet
  facet normal -0.726275 -0.538643 0.427069
    outer loop
      vertex -3.85248 -3.16165 2.57905
      vertex -4.1822 -2.79445 2.48146
      vertex -3.88815 -3.19093 2.48146
    endloop
  endfacet
  facet normal -0.72626 -0.538613 0.427133
    outer loop
      vertex -4.14382 -2.76881 2.57905
      vertex -4.1822 -2.79445 2.48146
      vertex -3.85248 -3.16165 2.57905
    endloop
  endfacet
  facet normal -0.689158 -0.511126 0.513625
    outer loop
      vertex -3.88815 -3.19093 2.48146
      vertex -4.22834 -2.82529 2.38887
      vertex -3.93105 -3.22613 2.38887
    endloop
  endfacet
  facet normal -0.689147 -0.511107 0.51366
    outer loop
      vertex -4.1822 -2.79445 2.48146
      vertex -4.22834 -2.82529 2.38887
      vertex -3.88815 -3.19093 2.48146
    endloop
  endfacet
  facet normal -0.645389 -0.478652 0.595286
    outer loop
      vertex -3.93105 -3.22613 2.38887
      vertex -4.28181 -2.86101 2.30217
      vertex -3.98076 -3.26693 2.30217
    endloop
  endfacet
  facet normal -0.645405 -0.478676 0.595249
    outer loop
      vertex -4.22834 -2.82529 2.38887
      vertex -4.28181 -2.86101 2.30217
      vertex -3.93105 -3.22613 2.38887
    endloop
  endfacet
  facet normal -0.59547 -0.441637 0.671097
    outer loop
      vertex -3.98076 -3.26693 2.30217
      vertex -4.34209 -2.90129 2.22218
      vertex -4.0368 -3.31292 2.22218
    endloop
  endfacet
  facet normal -0.595459 -0.441621 0.671118
    outer loop
      vertex -4.28181 -2.86101 2.30217
      vertex -4.34209 -2.90129 2.22218
      vertex -3.98076 -3.26693 2.30217
    endloop
  endfacet
  facet normal -0.539742 -0.400302 0.740565
    outer loop
      vertex -4.0368 -3.31292 2.22218
      vertex -4.40859 -2.94573 2.14969
      vertex -4.09863 -3.36366 2.14969
    endloop
  endfacet
  facet normal -0.539748 -0.40031 0.740557
    outer loop
      vertex -4.34209 -2.90129 2.22218
      vertex -4.40859 -2.94573 2.14969
      vertex -4.0368 -3.31292 2.22218
    endloop
  endfacet
  facet normal -0.478885 -0.355173 0.802821
    outer loop
      vertex -4.09863 -3.36366 2.14969
      vertex -4.48068 -2.9939 2.08538
      vertex -4.16565 -3.41866 2.08538
    endloop
  endfacet
  facet normal -0.478875 -0.35516 0.802833
    outer loop
      vertex -4.40859 -2.94573 2.14969
      vertex -4.48068 -2.9939 2.08538
      vertex -4.09863 -3.36366 2.14969
    endloop
  endfacet
  facet normal -0.41324 -0.306482 0.857497
    outer loop
      vertex -4.16565 -3.41866 2.08538
      vertex -4.55767 -3.04534 2.02989
      vertex -4.23723 -3.4774 2.02989
    endloop
  endfacet
  facet normal -0.413249 -0.306493 0.857489
    outer loop
      vertex -4.48068 -2.9939 2.08538
      vertex -4.55767 -3.04534 2.02989
      vertex -4.16565 -3.41866 2.08538
    endloop
  endfacet
  facet normal -0.343793 -0.254976 0.903766
    outer loop
      vertex -4.23723 -3.4774 2.02989
      vertex -4.63881 -3.09955 1.98373
      vertex -4.31266 -3.53931 1.98373
    endloop
  endfacet
  facet normal -0.343795 -0.254977 0.903765
    outer loop
      vertex -4.55767 -3.04534 2.02989
      vertex -4.63881 -3.09955 1.98373
      vertex -4.23723 -3.4774 2.02989
    endloop
  endfacet
  facet normal -0.270896 -0.200911 0.941409
    outer loop
      vertex -4.31266 -3.53931 1.98373
      vertex -4.72332 -3.15602 1.94736
      vertex -4.39123 -3.60379 1.94736
    endloop
  endfacet
  facet normal -0.270897 -0.200912 0.941408
    outer loop
      vertex -4.63881 -3.09955 1.98373
      vertex -4.72332 -3.15602 1.94736
      vertex -4.31266 -3.53931 1.98373
    endloop
  endfacet
  facet normal -0.195325 -0.144864 0.969981
    outer loop
      vertex -4.39123 -3.60379 1.94736
      vertex -4.81038 -3.2142 1.92114
      vertex -4.47217 -3.67022 1.92114
    endloop
  endfacet
  facet normal -0.195323 -0.144862 0.969981
    outer loop
      vertex -4.72332 -3.15602 1.94736
      vertex -4.81038 -3.2142 1.92114
      vertex -4.39123 -3.60379 1.94736
    endloop
  endfacet
  facet normal -0.117993 -0.0875089 0.989151
    outer loop
      vertex -4.47217 -3.67022 1.92114
      vertex -4.89917 -3.27352 1.9053
      vertex -4.55472 -3.73796 1.9053
    endloop
  endfacet
  facet normal -0.117996 -0.0875127 0.98915
    outer loop
      vertex -4.81038 -3.2142 1.92114
      vertex -4.89917 -3.27352 1.9053
      vertex -4.47217 -3.67022 1.92114
    endloop
  endfacet
  facet normal -0.039484 -0.0292836 0.998791
    outer loop
      vertex -4.55472 -3.73796 1.9053
      vertex -4.98882 -3.33342 1.9
      vertex -4.63806 -3.80636 1.9
    endloop
  endfacet
  facet normal -0.0394824 -0.029282 0.998791
    outer loop
      vertex -4.89917 -3.27352 1.9053
      vertex -4.98882 -3.33342 1.9
      vertex -4.55472 -3.73796 1.9053
    endloop
  endfacet
  facet normal -0.0421624 -0.0252709 -0.998791
    outer loop
      vertex -4.98882 -3.33342 4.1
      vertex -5.19644 -2.77755 4.0947
      vertex -4.89917 -3.27352 4.0947
    endloop
  endfacet
  facet normal -0.0421611 -0.0252704 -0.998791
    outer loop
      vertex -4.98882 -3.33342 4.1
      vertex -5.29153 -2.82838 4.1
      vertex -5.19644 -2.77755 4.0947
    endloop
  endfacet
  facet normal -0.126005 -0.0755257 -0.98915
    outer loop
      vertex -4.89917 -3.27352 4.0947
      vertex -5.10227 -2.72722 4.07886
      vertex -4.81038 -3.2142 4.07886
    endloop
  endfacet
  facet normal -0.126014 -0.0755291 -0.989149
    outer loop
      vertex -4.89917 -3.27352 4.0947
      vertex -5.19644 -2.77755 4.0947
      vertex -5.10227 -2.72722 4.07886
    endloop
  endfacet
  facet normal -0.208658 -0.125065 -0.969959
    outer loop
      vertex -4.81038 -3.2142 4.07886
      vertex -5.00992 -2.67786 4.05263
      vertex -4.72332 -3.15602 4.05263
    endloop
  endfacet
  facet normal -0.208651 -0.125063 -0.969961
    outer loop
      vertex -4.81038 -3.2142 4.07886
      vertex -5.10227 -2.72722 4.07886
      vertex -5.00992 -2.67786 4.05263
    endloop
  endfacet
  facet normal -0.289217 -0.173348 -0.941437
    outer loop
      vertex -4.72332 -3.15602 4.05263
      vertex -4.92028 -2.62994 4.01627
      vertex -4.63881 -3.09955 4.01627
    endloop
  endfacet
  facet normal -0.289204 -0.173343 -0.941442
    outer loop
      vertex -4.72332 -3.15602 4.05263
      vertex -5.00992 -2.67786 4.05263
      vertex -4.92028 -2.62994 4.01627
    endloop
  endfacet
  facet normal -0.367131 -0.220048 -0.903766
    outer loop
      vertex -4.63881 -3.09955 4.01627
      vertex -4.83422 -2.58394 3.97011
      vertex -4.55767 -3.04534 3.97011
    endloop
  endfacet
  facet normal -0.367134 -0.220049 -0.903765
    outer loop
      vertex -4.63881 -3.09955 4.01627
      vertex -4.92028 -2.62994 4.01627
      vertex -4.83422 -2.58394 3.97011
    endloop
  endfacet
  facet normal -0.441301 -0.264508 -0.85749
    outer loop
      vertex -4.55767 -3.04534 3.97011
      vertex -4.75256 -2.5403 3.91462
      vertex -4.48068 -2.9939 3.91462
    endloop
  endfacet
  facet normal -0.441319 -0.264514 -0.857479
    outer loop
      vertex -4.55767 -3.04534 3.97011
      vertex -4.83422 -2.58394 3.97011
      vertex -4.75256 -2.5403 3.91462
    endloop
  endfacet
  facet normal -0.511386 -0.306504 -0.802832
    outer loop
      vertex -4.48068 -2.9939 3.91462
      vertex -4.67609 -2.49942 3.85031
      vertex -4.40859 -2.94573 3.85031
    endloop
  endfacet
  facet normal -0.511346 -0.306492 -0.802862
    outer loop
      vertex -4.48068 -2.9939 3.91462
      vertex -4.75256 -2.5403 3.91462
      vertex -4.67609 -2.49942 3.85031
    endloop
  endfacet
  facet normal -0.576395 -0.345467 -0.740555
    outer loop
      vertex -4.40859 -2.94573 3.85031
      vertex -4.60555 -2.46172 3.77782
      vertex -4.34209 -2.90129 3.77782
    endloop
  endfacet
  facet normal -0.576394 -0.345467 -0.740556
    outer loop
      vertex -4.40859 -2.94573 3.85031
      vertex -4.67609 -2.49942 3.85031
      vertex -4.60555 -2.46172 3.77782
    endloop
  endfacet
  facet normal -0.635875 -0.381135 -0.671117
    outer loop
      vertex -4.34209 -2.90129 3.77782
      vertex -4.54162 -2.42755 3.69783
      vertex -4.28181 -2.86101 3.69783
    endloop
  endfacet
  facet normal -0.635924 -0.381147 -0.671064
    outer loop
      vertex -4.34209 -2.90129 3.77782
      vertex -4.60555 -2.46172 3.77782
      vertex -4.54162 -2.42755 3.69783
    endloop
  endfacet
  facet normal -0.689217 -0.413102 -0.595253
    outer loop
      vertex -4.28181 -2.86101 3.69783
      vertex -4.48491 -2.39723 3.61113
      vertex -4.22834 -2.82529 3.61113
    endloop
  endfacet
  facet normal -0.689204 -0.413099 -0.59527
    outer loop
      vertex -4.28181 -2.86101 3.69783
      vertex -4.54162 -2.42755 3.69783
      vertex -4.48491 -2.39723 3.61113
    endloop
  endfacet
  facet normal -0.735932 -0.441093 -0.513654
    outer loop
      vertex -4.22834 -2.82529 3.61113
      vertex -4.43596 -2.37107 3.51854
      vertex -4.1822 -2.79445 3.51854
    endloop
  endfacet
  facet normal -0.735914 -0.441091 -0.513683
    outer loop
      vertex -4.22834 -2.82529 3.61113
      vertex -4.48491 -2.39723 3.61113
      vertex -4.43596 -2.37107 3.51854
    endloop
  endfacet
  facet normal -0.775546 -0.464847 -0.427136
    outer loop
      vertex -4.1822 -2.79445 3.51854
      vertex -4.39526 -2.34931 3.42095
      vertex -4.14382 -2.76881 3.42095
    endloop
  endfacet
  facet normal -0.775566 -0.464848 -0.427099
    outer loop
      vertex -4.1822 -2.79445 3.51854
      vertex -4.43596 -2.37107 3.51854
      vertex -4.39526 -2.34931 3.42095
    endloop
  endfacet
  facet normal -0.807697 -0.484126 -0.336522
    outer loop
      vertex -4.14382 -2.76881 3.42095
      vertex -4.36319 -2.33217 3.31931
      vertex -4.11358 -2.74861 3.31931
    endloop
  endfacet
  facet normal -0.80771 -0.484125 -0.336493
    outer loop
      vertex -4.14382 -2.76881 3.42095
      vertex -4.39526 -2.34931 3.42095
      vertex -4.36319 -2.33217 3.31931
    endloop
  endfacet
  facet normal -0.832081 -0.498731 -0.24271
    outer loop
      vertex -4.11358 -2.74861 3.31931
      vertex -4.34005 -2.31981 3.2146
      vertex -4.09177 -2.73404 3.2146
    endloop
  endfacet
  facet normal -0.832068 -0.498733 -0.24275
    outer loop
      vertex -4.11358 -2.74861 3.31931
      vertex -4.36319 -2.33217 3.31931
      vertex -4.34005 -2.31981 3.2146
    endloop
  endfacet
  facet normal -0.84846 -0.508562 -0.146559
    outer loop
      vertex -4.09177 -2.73404 3.2146
      vertex -4.32609 -2.31234 3.10782
      vertex -4.0786 -2.72524 3.10782
    endloop
  endfacet
  facet normal -0.848474 -0.508556 -0.146503
    outer loop
      vertex -4.09177 -2.73404 3.2146
      vertex -4.34005 -2.31981 3.2146
      vertex -4.32609 -2.31234 3.10782
    endloop
  endfacet
  facet normal -0.856701 -0.51348 -0.0490099
    outer loop
      vertex -4.0786 -2.72524 3.10782
      vertex -4.32141 -2.30984 3
      vertex -4.0742 -2.72229 3
    endloop
  endfacet
  facet normal -0.856688 -0.513494 -0.0490914
    outer loop
      vertex -4.0786 -2.72524 3.10782
      vertex -4.32609 -2.31234 3.10782
      vertex -4.32141 -2.30984 3
    endloop
  endfacet
  facet normal -0.856691 -0.513496 0.04901
    outer loop
      vertex -4.0742 -2.72229 3
      vertex -4.32609 -2.31234 2.89218
      vertex -4.0786 -2.72524 2.89218
    endloop
  endfacet
  facet normal -0.856697 -0.513478 0.0490914
    outer loop
      vertex -4.32141 -2.30984 3
      vertex -4.32609 -2.31234 2.89218
      vertex -4.0742 -2.72229 3
    endloop
  endfacet
  facet normal -0.848467 -0.508552 0.146559
    outer loop
      vertex -4.0786 -2.72524 2.89218
      vertex -4.34005 -2.31981 2.7854
      vertex -4.09177 -2.73404 2.7854
    endloop
  endfacet
  facet normal -0.848467 -0.508567 0.146503
    outer loop
      vertex -4.32609 -2.31234 2.89218
      vertex -4.34005 -2.31981 2.7854
      vertex -4.0786 -2.72524 2.89218
    endloop
  endfacet
  facet normal -0.832077 -0.498738 0.24271
    outer loop
      vertex -4.09177 -2.73404 2.7854
      vertex -4.36319 -2.33217 2.68069
      vertex -4.11358 -2.74861 2.68069
    endloop
  endfacet
  facet normal -0.832073 -0.498725 0.242751
    outer loop
      vertex -4.34005 -2.31981 2.7854
      vertex -4.36319 -2.33217 2.68069
      vertex -4.09177 -2.73404 2.7854
    endloop
  endfacet
  facet normal -0.807701 -0.48412 0.336522
    outer loop
      vertex -4.11358 -2.74861 2.68069
      vertex -4.39526 -2.34931 2.57905
      vertex -4.14382 -2.76881 2.57905
    endloop
  endfacet
  facet normal -0.807706 -0.484131 0.336493
    outer loop
      vertex -4.36319 -2.33217 2.68069
      vertex -4.39526 -2.34931 2.57905
      vertex -4.11358 -2.74861 2.68069
    endloop
  endfacet
  facet normal -0.775551 -0.46484 0.427135
    outer loop
      vertex -4.14382 -2.76881 2.57905
      vertex -4.43596 -2.37107 2.48146
      vertex -4.1822 -2.79445 2.48146
    endloop
  endfacet
  facet normal -0.775561 -0.464856 0.427099
    outer loop
      vertex -4.39526 -2.34931 2.57905
      vertex -4.43596 -2.37107 2.48146
      vertex -4.14382 -2.76881 2.57905
    endloop
  endfacet
  facet normal -0.735928 -0.4411 0.513654
    outer loop
      vertex -4.1822 -2.79445 2.48146
      vertex -4.48491 -2.39723 2.38887
      vertex -4.22834 -2.82529 2.38887
    endloop
  endfacet
  facet normal -0.735917 -0.441084 0.513683
    outer loop
      vertex -4.43596 -2.37107 2.48146
      vertex -4.48491 -2.39723 2.38887
      vertex -4.1822 -2.79445 2.48146
    endloop
  endfacet
  facet normal -0.689215 -0.413106 0.595253
    outer loop
      vertex -4.22834 -2.82529 2.38887
      vertex -4.54162 -2.42755 2.30217
      vertex -4.28181 -2.86101 2.30217
    endloop
  endfacet
  facet normal -0.689206 -0.413095 0.59527
    outer loop
      vertex -4.48491 -2.39723 2.38887
      vertex -4.54162 -2.42755 2.30217
      vertex -4.22834 -2.82529 2.38887
    endloop
  endfacet
  facet normal -0.635883 -0.381122 0.671117
    outer loop
      vertex -4.28181 -2.86101 2.30217
      vertex -4.60555 -2.46172 2.22218
      vertex -4.34209 -2.90129 2.22218
    endloop
  endfacet
  facet normal -0.635917 -0.38116 0.671064
    outer loop
      vertex -4.54162 -2.42755 2.30217
      vertex -4.60555 -2.46172 2.22218
      vertex -4.28181 -2.86101 2.30217
    endloop
  endfacet
  facet normal -0.576395 -0.345467 0.740555
    outer loop
      vertex -4.34209 -2.90129 2.22218
      vertex -4.67609 -2.49942 2.14969
      vertex -4.40859 -2.94573 2.14969
    endloop
  endfacet
  facet normal -0.576394 -0.345466 0.740556
    outer loop
      vertex -4.60555 -2.46172 2.22218
      vertex -4.67609 -2.49942 2.14969
      vertex -4.34209 -2.90129 2.22218
    endloop
  endfacet
  facet normal -0.511381 -0.306513 0.802832
    outer loop
      vertex -4.40859 -2.94573 2.14969
      vertex -4.75256 -2.5403 2.08538
      vertex -4.48068 -2.9939 2.08538
    endloop
  endfacet
  facet normal -0.511351 -0.306483 0.802862
    outer loop
      vertex -4.67609 -2.49942 2.14969
      vertex -4.75256 -2.5403 2.08538
      vertex -4.40859 -2.94573 2.14969
    endloop
  endfacet
  facet normal -0.441304 -0.264505 0.85749
    outer loop
      vertex -4.48068 -2.9939 2.08538
      vertex -4.83422 -2.58394 2.02989
      vertex -4.55767 -3.04534 2.02989
    endloop
  endfacet
  facet normal -0.441317 -0.264518 0.857479
    outer loop
      vertex -4.75256 -2.5403 2.08538
      vertex -4.83422 -2.58394 2.02989
      vertex -4.48068 -2.9939 2.08538
    endloop
  endfacet
  facet normal -0.367132 -0.220048 0.903766
    outer loop
      vertex -4.55767 -3.04534 2.02989
      vertex -4.92028 -2.62994 1.98373
      vertex -4.63881 -3.09955 1.98373
    endloop
  endfacet
  facet normal -0.367134 -0.220049 0.903765
    outer loop
      vertex -4.83422 -2.58394 2.02989
      vertex -4.92028 -2.62994 1.98373
      vertex -4.55767 -3.04534 2.02989
    endloop
  endfacet
  facet normal -0.289286 -0.173392 0.941408
    outer loop
      vertex -4.63881 -3.09955 1.98373
      vertex -5.00992 -2.67786 1.94736
      vertex -4.72332 -3.15602 1.94736
    endloop
  endfacet
  facet normal -0.289276 -0.173383 0.941413
    outer loop
      vertex -4.92028 -2.62994 1.98373
      vertex -5.00992 -2.67786 1.94736
      vertex -4.63881 -3.09955 1.98373
    endloop
  endfacet
  facet normal -0.208582 -0.125022 0.969981
    outer loop
      vertex -4.72332 -3.15602 1.94736
      vertex -5.10227 -2.72722 1.92114
      vertex -4.81038 -3.2142 1.92114
    endloop
  endfacet
  facet normal -0.208577 -0.125017 0.969983
    outer loop
      vertex -5.00992 -2.67786 1.94736
      vertex -5.10227 -2.72722 1.92114
      vertex -4.72332 -3.15602 1.94736
    endloop
  endfacet
  facet normal -0.126006 -0.0755242 0.98915
    outer loop
      vertex -4.81038 -3.2142 1.92114
      vertex -5.19644 -2.77755 1.9053
      vertex -4.89917 -3.27352 1.9053
    endloop
  endfacet
  facet normal -0.126013 -0.0755308 0.989149
    outer loop
      vertex -5.10227 -2.72722 1.92114
      vertex -5.19644 -2.77755 1.9053
      vertex -4.81038 -3.2142 1.92114
    endloop
  endfacet
  facet normal -0.0421623 -0.0252712 0.998791
    outer loop
      vertex -4.89917 -3.27352 1.9053
      vertex -5.29153 -2.82838 1.9
      vertex -4.98882 -3.33342 1.9
    endloop
  endfacet
  facet normal -0.0421612 -0.0252702 0.998791
    outer loop
      vertex -5.19644 -2.77755 1.9053
      vertex -5.29153 -2.82838 1.9
      vertex -4.89917 -3.27352 1.9053
    endloop
  endfacet
  facet normal -0.0444349 -0.0210167 -0.998791
    outer loop
      vertex -5.29153 -2.82838 4.1
      vertex -5.44367 -2.25484 4.0947
      vertex -5.19644 -2.77755 4.0947
    endloop
  endfacet
  facet normal -0.0444375 -0.0210174 -0.998791
    outer loop
      vertex -5.29153 -2.82838 4.1
      vertex -5.54328 -2.2961 4.1
      vertex -5.44367 -2.25484 4.0947
    endloop
  endfacet
  facet normal -0.13281 -0.0628133 -0.989149
    outer loop
      vertex -5.19644 -2.77755 4.0947
      vertex -5.34501 -2.21398 4.07886
      vertex -5.10227 -2.72722 4.07886
    endloop
  endfacet
  facet normal -0.132797 -0.0628099 -0.989151
    outer loop
      vertex -5.19644 -2.77755 4.0947
      vertex -5.44367 -2.25484 4.0947
      vertex -5.34501 -2.21398 4.07886
    endloop
  endfacet
  facet normal -0.219906 -0.104006 -0.969961
    outer loop
      vertex -5.10227 -2.72722 4.07886
      vertex -5.24827 -2.1739 4.05263
      vertex -5.00992 -2.67786 4.05263
    endloop
  endfacet
  facet normal -0.219904 -0.104005 -0.969961
    outer loop
      vertex -5.10227 -2.72722 4.07886
      vertex -5.34501 -2.21398 4.07886
      vertex -5.24827 -2.1739 4.05263
    endloop
  endfacet
  facet normal -0.304802 -0.144164 -0.941442
    outer loop
      vertex -5.00992 -2.67786 4.05263
      vertex -5.15437 -2.13501 4.01627
      vertex -4.92028 -2.62994 4.01627
    endloop
  endfacet
  facet normal -0.304831 -0.144171 -0.941431
    outer loop
      vertex -5.00992 -2.67786 4.05263
      vertex -5.24827 -2.1739 4.05263
      vertex -5.15437 -2.13501 4.01627
    endloop
  endfacet
  facet normal -0.386935 -0.183004 -0.903765
    outer loop
      vertex -4.92028 -2.62994 4.01627
      vertex -5.06421 -2.09766 3.97011
      vertex -4.83422 -2.58394 3.97011
    endloop
  endfacet
  facet normal -0.386906 -0.182997 -0.903778
    outer loop
      vertex -4.92028 -2.62994 4.01627
      vertex -5.15437 -2.13501 4.01627
      vertex -5.06421 -2.09766 3.97011
    endloop
  endfacet
  facet normal -0.465117 -0.219984 -0.85748
    outer loop
      vertex -4.83422 -2.58394 3.97011
      vertex -4.97867 -2.06223 3.91462
      vertex -4.75256 -2.5403 3.91462
    endloop
  endfacet
  facet normal -0.465129 -0.219986 -0.857474
    outer loop
      vertex -4.83422 -2.58394 3.97011
      vertex -5.06421 -2.09766 3.97011
      vertex -4.97867 -2.06223 3.91462
    endloop
  endfacet
  facet normal -0.538928 -0.254896 -0.80286
    outer loop
      vertex -4.75256 -2.5403 3.91462
      vertex -4.89856 -2.02905 3.85031
      vertex -4.67609 -2.49942 3.85031
    endloop
  endfacet
  facet normal -0.538935 -0.254897 -0.802855
    outer loop
      vertex -4.75256 -2.5403 3.91462
      vertex -4.97867 -2.06223 3.91462
      vertex -4.89856 -2.02905 3.85031
    endloop
  endfacet
  facet normal -0.607472 -0.287319 -0.740557
    outer loop
      vertex -4.67609 -2.49942 3.85031
      vertex -4.82467 -1.99844 3.77782
      vertex -4.60555 -2.46172 3.77782
    endloop
  endfacet
  facet normal -0.607486 -0.287322 -0.740545
    outer loop
      vertex -4.67609 -2.49942 3.85031
      vertex -4.89856 -2.02905 3.85031
      vertex -4.82467 -1.99844 3.77782
    endloop
  endfacet
  facet normal -0.670219 -0.316984 -0.671064
    outer loop
      vertex -4.60555 -2.46172 3.77782
      vertex -4.75769 -1.9707 3.69783
      vertex -4.54162 -2.42755 3.69783
    endloop
  endfacet
  facet normal -0.670181 -0.316979 -0.671105
    outer loop
      vertex -4.60555 -2.46172 3.77782
      vertex -4.82467 -1.99844 3.77782
      vertex -4.75769 -1.9707 3.69783
    endloop
  endfacet
  facet normal -0.726383 -0.343548 -0.595266
    outer loop
      vertex -4.54162 -2.42755 3.69783
      vertex -4.69828 -1.94609 3.61113
      vertex -4.48491 -2.39723 3.61113
    endloop
  endfacet
  facet normal -0.726386 -0.343549 -0.595263
    outer loop
      vertex -4.54162 -2.42755 3.69783
      vertex -4.75769 -1.9707 3.69783
      vertex -4.69828 -1.94609 3.61113
    endloop
  endfacet
  facet normal -0.775601 -0.366838 -0.513686
    outer loop
      vertex -4.48491 -2.39723 3.61113
      vertex -4.64701 -1.92485 3.51854
      vertex -4.43596 -2.37107 3.51854
    endloop
  endfacet
  facet normal -0.775629 -0.366839 -0.513643
    outer loop
      vertex -4.48491 -2.39723 3.61113
      vertex -4.69828 -1.94609 3.61113
      vertex -4.64701 -1.92485 3.51854
    endloop
  endfacet
  facet normal -0.817391 -0.386602 -0.427096
    outer loop
      vertex -4.43596 -2.37107 3.51854
      vertex -4.60437 -1.90719 3.42095
      vertex -4.39526 -2.34931 3.42095
    endloop
  endfacet
  facet normal -0.817388 -0.386602 -0.427101
    outer loop
      vertex -4.43596 -2.37107 3.51854
      vertex -4.64701 -1.92485 3.51854
      vertex -4.60437 -1.90719 3.42095
    endloop
  endfacet
  facet normal -0.851277 -0.402616 -0.336494
    outer loop
      vertex -4.39526 -2.34931 3.42095
      vertex -4.57077 -1.89327 3.31931
      vertex -4.36319 -2.33217 3.31931
    endloop
  endfacet
  facet normal -0.851255 -0.402619 -0.336547
    outer loop
      vertex -4.39526 -2.34931 3.42095
      vertex -4.60437 -1.90719 3.42095
      vertex -4.57077 -1.89327 3.31931
    endloop
  endfacet
  facet normal -0.876942 -0.414778 -0.242757
    outer loop
      vertex -4.36319 -2.33217 3.31931
      vertex -4.54654 -1.88324 3.2146
      vertex -4.34005 -2.31981 3.2146
    endloop
  endfacet
  facet normal -0.876973 -0.414769 -0.242662
    outer loop
      vertex -4.36319 -2.33217 3.31931
      vertex -4.57077 -1.89327 3.31931
      vertex -4.54654 -1.88324 3.2146
    endloop
  endfacet
  facet normal -0.894241 -0.422933 -0.146497
    outer loop
      vertex -4.34005 -2.31981 3.2146
      vertex -4.5319 -1.87718 3.10782
      vertex -4.32609 -2.31234 3.10782
    endloop
  endfacet
  facet normal -0.894216 -0.422948 -0.146604
    outer loop
      vertex -4.34005 -2.31981 3.2146
      vertex -4.54654 -1.88324 3.2146
      vertex -4.5319 -1.87718 3.10782
    endloop
  endfacet
  facet normal -0.902894 -0.427051 -0.0490927
    outer loop
      vertex -4.32609 -2.31234 3.10782
      vertex -4.52701 -1.87515 3
      vertex -4.32141 -2.30984 3
    endloop
  endfacet
  facet normal -0.902908 -0.427033 -0.04899
    outer loop
      vertex -4.32609 -2.31234 3.10782
      vertex -4.5319 -1.87718 3.10782
      vertex -4.52701 -1.87515 3
    endloop
  endfacet
  facet normal -0.902904 -0.42703 0.0490926
    outer loop
      vertex -4.32141 -2.30984 3
      vertex -4.5319 -1.87718 2.89218
      vertex -4.32609 -2.31234 2.89218
    endloop
  endfacet
  facet normal -0.902898 -0.427053 0.0489899
    outer loop
      vertex -4.52701 -1.87515 3
      vertex -4.5319 -1.87718 2.89218
      vertex -4.32141 -2.30984 3
    endloop
  endfacet
  facet normal -0.89423 -0.422955 0.146497
    outer loop
      vertex -4.32609 -2.31234 2.89218
      vertex -4.54654 -1.88324 2.7854
      vertex -4.34005 -2.31981 2.7854
    endloop
  endfacet
  facet normal -0.894226 -0.422926 0.146604
    outer loop
      vertex -4.5319 -1.87718 2.89218
      vertex -4.54654 -1.88324 2.7854
      vertex -4.32609 -2.31234 2.89218
    endloop
  endfacet
  facet normal -0.876952 -0.414759 0.242757
    outer loop
      vertex -4.34005 -2.31981 2.7854
      vertex -4.57077 -1.89327 2.68069
      vertex -4.36319 -2.33217 2.68069
    endloop
  endfacet
  facet normal -0.876964 -0.414789 0.242662
    outer loop
      vertex -4.54654 -1.88324 2.7854
      vertex -4.57077 -1.89327 2.68069
      vertex -4.34005 -2.31981 2.7854
    endloop
  endfacet
  facet normal -0.851271 -0.402627 0.336494
    outer loop
      vertex -4.36319 -2.33217 2.68069
      vertex -4.60437 -1.90719 2.57905
      vertex -4.39526 -2.34931 2.57905
    endloop
  endfacet
  facet normal -0.85126 -0.402608 0.336547
    outer loop
      vertex -4.57077 -1.89327 2.68069
      vertex -4.60437 -1.90719 2.57905
      vertex -4.36319 -2.33217 2.68069
    endloop
  endfacet
  facet normal -0.81739 -0.386604 0.427096
    outer loop
      vertex -4.39526 -2.34931 2.57905
      vertex -4.64701 -1.92485 2.48146
      vertex -4.43596 -2.37107 2.48146
    endloop
  endfacet
  facet normal -0.817388 -0.386601 0.427101
    outer loop
      vertex -4.60437 -1.90719 2.57905
      vertex -4.64701 -1.92485 2.48146
      vertex -4.39526 -2.34931 2.57905
    endloop
  endfacet
  facet normal -0.775606 -0.366828 0.513685
    outer loop
      vertex -4.43596 -2.37107 2.48146
      vertex -4.69828 -1.94609 2.38887
      vertex -4.48491 -2.39723 2.38887
    endloop
  endfacet
  facet normal -0.775624 -0.366849 0.513642
    outer loop
      vertex -4.64701 -1.92485 2.48146
      vertex -4.69828 -1.94609 2.38887
      vertex -4.43596 -2.37107 2.48146
    endloop
  endfacet
  facet normal -0.726384 -0.343548 0.595266
    outer loop
      vertex -4.48491 -2.39723 2.38887
      vertex -4.75769 -1.9707 2.30217
      vertex -4.54162 -2.42755 2.30217
    endloop
  endfacet
  facet normal -0.726385 -0.343549 0.595263
    outer loop
      vertex -4.69828 -1.94609 2.38887
      vertex -4.75769 -1.9707 2.30217
      vertex -4.48491 -2.39723 2.38887
    endloop
  endfacet
  facet normal -0.670214 -0.316995 0.671065
    outer loop
      vertex -4.54162 -2.42755 2.30217
      vertex -4.82467 -1.99844 2.22218
      vertex -4.60555 -2.46172 2.22218
    endloop
  endfacet
  facet normal -0.670185 -0.316968 0.671105
    outer loop
      vertex -4.75769 -1.9707 2.30217
      vertex -4.82467 -1.99844 2.22218
      vertex -4.54162 -2.42755 2.30217
    endloop
  endfacet
  facet normal -0.607474 -0.287316 0.740557
    outer loop
      vertex -4.60555 -2.46172 2.22218
      vertex -4.89856 -2.02905 2.14969
      vertex -4.67609 -2.49942 2.14969
    endloop
  endfacet
  facet normal -0.607485 -0.287325 0.740545
    outer loop
      vertex -4.82467 -1.99844 2.22218
      vertex -4.89856 -2.02905 2.14969
      vertex -4.60555 -2.46172 2.22218
    endloop
  endfacet
  facet normal -0.538929 -0.254894 0.80286
    outer loop
      vertex -4.67609 -2.49942 2.14969
      vertex -4.97867 -2.06223 2.08538
      vertex -4.75256 -2.5403 2.08538
    endloop
  endfacet
  facet normal -0.538935 -0.254899 0.802855
    outer loop
      vertex -4.89856 -2.02905 2.14969
      vertex -4.97867 -2.06223 2.08538
      vertex -4.67609 -2.49942 2.14969
    endloop
  endfacet
  facet normal -0.465119 -0.219982 0.85748
    outer loop
      vertex -4.75256 -2.5403 2.08538
      vertex -5.06421 -2.09766 2.02989
      vertex -4.83422 -2.58394 2.02989
    endloop
  endfacet
  facet normal -0.465128 -0.219989 0.857474
    outer loop
      vertex -4.97867 -2.06223 2.08538
      vertex -5.06421 -2.09766 2.02989
      vertex -4.75256 -2.5403 2.08538
    endloop
  endfacet
  facet normal -0.386932 -0.183009 0.903765
    outer loop
      vertex -4.83422 -2.58394 2.02989
      vertex -5.15437 -2.13501 1.98373
      vertex -4.92028 -2.62994 1.98373
    endloop
  endfacet
  facet normal -0.386909 -0.182992 0.903779
    outer loop
      vertex -5.06421 -2.09766 2.02989
      vertex -5.15437 -2.13501 1.98373
      vertex -4.83422 -2.58394 2.02989
    endloop
  endfacet
  facet normal -0.304879 -0.144194 0.941412
    outer loop
      vertex -4.92028 -2.62994 1.98373
      vertex -5.24827 -2.1739 1.94736
      vertex -5.00992 -2.67786 1.94736
    endloop
  endfacet
  facet normal -0.304903 -0.144212 0.941402
    outer loop
      vertex -5.15437 -2.13501 1.98373
      vertex -5.24827 -2.1739 1.94736
      vertex -4.92028 -2.62994 1.98373
    endloop
  endfacet
  facet normal -0.219827 -0.103969 0.969983
    outer loop
      vertex -5.00992 -2.67786 1.94736
      vertex -5.34501 -2.21398 1.92114
      vertex -5.10227 -2.72722 1.92114
    endloop
  endfacet
  facet normal -0.219826 -0.103968 0.969983
    outer loop
      vertex -5.24827 -2.1739 1.94736
      vertex -5.34501 -2.21398 1.92114
      vertex -5.00992 -2.67786 1.94736
    endloop
  endfacet
  facet normal -0.132809 -0.0628156 0.989149
    outer loop
      vertex -5.10227 -2.72722 1.92114
      vertex -5.44367 -2.25484 1.9053
      vertex -5.19644 -2.77755 1.9053
    endloop
  endfacet
  facet normal -0.132798 -0.0628076 0.989151
    outer loop
      vertex -5.34501 -2.21398 1.92114
      vertex -5.44367 -2.25484 1.9053
      vertex -5.10227 -2.72722 1.92114
    endloop
  endfacet
  facet normal -0.0444351 -0.0210163 0.998791
    outer loop
      vertex -5.19644 -2.77755 1.9053
      vertex -5.54328 -2.2961 1.9
      vertex -5.29153 -2.82838 1.9
    endloop
  endfacet
  facet normal -0.0444373 -0.0210178 0.998791
    outer loop
      vertex -5.44367 -2.25484 1.9053
      vertex -5.54328 -2.2961 1.9
      vertex -5.19644 -2.77755 1.9053
    endloop
  endfacet
  facet normal -0.0462839 -0.0165598 -0.998791
    outer loop
      vertex -5.54328 -2.2961 4.1
      vertex -5.63846 -1.71041 4.0947
      vertex -5.44367 -2.25484 4.0947
    endloop
  endfacet
  facet normal -0.0462811 -0.0165593 -0.998791
    outer loop
      vertex -5.54328 -2.2961 4.1
      vertex -5.74164 -1.74171 4.1
      vertex -5.63846 -1.71041 4.0947
    endloop
  endfacet
  facet normal -0.138314 -0.0494889 -0.989151
    outer loop
      vertex -5.44367 -2.25484 4.0947
      vertex -5.53628 -1.67941 4.07886
      vertex -5.34501 -2.21398 4.07886
    endloop
  endfacet
  facet normal -0.138324 -0.0494905 -0.98915
    outer loop
      vertex -5.44367 -2.25484 4.0947
      vertex -5.63846 -1.71041 4.0947
      vertex -5.53628 -1.67941 4.07886
    endloop
  endfacet
  facet normal -0.22904 -0.0819541 -0.969961
    outer loop
      vertex -5.34501 -2.21398 4.07886
      vertex -5.43608 -1.64902 4.05263
      vertex -5.24827 -2.1739 4.05263
    endloop
  endfacet
  facet normal -0.229055 -0.0819563 -0.969957
    outer loop
      vertex -5.34501 -2.21398 4.07886
      vertex -5.53628 -1.67941 4.07886
      vertex -5.43608 -1.64902 4.05263
    endloop
  endfacet
  facet normal -0.317492 -0.113601 -0.941432
    outer loop
      vertex -5.24827 -2.1739 4.05263
      vertex -5.33882 -1.61951 4.01627
      vertex -5.15437 -2.13501 4.01627
    endloop
  endfacet
  facet normal -0.317482 -0.1136 -0.941435
    outer loop
      vertex -5.24827 -2.1739 4.05263
      vertex -5.43608 -1.64902 4.05263
      vertex -5.33882 -1.61951 4.01627
    endloop
  endfacet
  facet normal -0.402983 -0.144188 -0.903778
    outer loop
      vertex -5.15437 -2.13501 4.01627
      vertex -5.24543 -1.59118 3.97011
      vertex -5.06421 -2.09766 3.97011
    endloop
  endfacet
  facet normal -0.402974 -0.144187 -0.903782
    outer loop
      vertex -5.15437 -2.13501 4.01627
      vertex -5.33882 -1.61951 4.01627
      vertex -5.24543 -1.59118 3.97011
    endloop
  endfacet
  facet normal -0.484449 -0.17334 -0.857474
    outer loop
      vertex -5.06421 -2.09766 3.97011
      vertex -5.15683 -1.56431 3.91462
      vertex -4.97867 -2.06223 3.91462
    endloop
  endfacet
  facet normal -0.48446 -0.173341 -0.857468
    outer loop
      vertex -5.06421 -2.09766 3.97011
      vertex -5.24543 -1.59118 3.97011
      vertex -5.15683 -1.56431 3.91462
    endloop
  endfacet
  facet normal -0.561321 -0.200852 -0.802856
    outer loop
      vertex -4.97867 -2.06223 3.91462
      vertex -5.07386 -1.53914 3.85031
      vertex -4.89856 -2.02905 3.85031
    endloop
  endfacet
  facet normal -0.561347 -0.200855 -0.802837
    outer loop
      vertex -4.97867 -2.06223 3.91462
      vertex -5.15683 -1.56431 3.91462
      vertex -5.07386 -1.53914 3.85031
    endloop
  endfacet
  facet normal -0.632725 -0.226395 -0.740543
    outer loop
      vertex -4.89856 -2.02905 3.85031
      vertex -4.99732 -1.51592 3.77782
      vertex -4.82467 -1.99844 3.77782
    endloop
  endfacet
  facet normal -0.632699 -0.226393 -0.740566
    outer loop
      vertex -4.89856 -2.02905 3.85031
      vertex -5.07386 -1.53914 3.85031
      vertex -4.99732 -1.51592 3.77782
    endloop
  endfacet
  facet normal -0.698026 -0.249751 -0.671107
    outer loop
      vertex -4.82467 -1.99844 3.77782
      vertex -4.92794 -1.49487 3.69783
      vertex -4.75769 -1.9707 3.69783
    endloop
  endfacet
  facet normal -0.697997 -0.24975 -0.671137
    outer loop
      vertex -4.82467 -1.99844 3.77782
      vertex -4.99732 -1.51592 3.77782
      vertex -4.92794 -1.49487 3.69783
    endloop
  endfacet
  facet normal -0.756558 -0.270708 -0.595262
    outer loop
      vertex -4.75769 -1.9707 3.69783
      vertex -4.86641 -1.47621 3.61113
      vertex -4.69828 -1.94609 3.61113
    endloop
  endfacet
  facet normal -0.756598 -0.270708 -0.595212
    outer loop
      vertex -4.75769 -1.9707 3.69783
      vertex -4.92794 -1.49487 3.69783
      vertex -4.86641 -1.47621 3.61113
    endloop
  endfacet
  facet normal -0.80785 -0.289053 -0.51364
    outer loop
      vertex -4.69828 -1.94609 3.61113
      vertex -4.8133 -1.4601 3.51854
      vertex -4.64701 -1.92485 3.51854
    endloop
  endfacet
  facet normal -0.807832 -0.289054 -0.513669
    outer loop
      vertex -4.69828 -1.94609 3.61113
      vertex -4.86641 -1.47621 3.61113
      vertex -4.8133 -1.4601 3.51854
    endloop
  endfacet
  facet normal -0.851351 -0.304607 -0.427103
    outer loop
      vertex -4.64701 -1.92485 3.51854
      vertex -4.76913 -1.4467 3.42095
      vertex -4.60437 -1.90719 3.42095
    endloop
  endfacet
  facet normal -0.851329 -0.30461 -0.427144
    outer loop
      vertex -4.64701 -1.92485 3.51854
      vertex -4.8133 -1.4601 3.51854
      vertex -4.76913 -1.4467 3.42095
    endloop
  endfacet
  facet normal -0.886624 -0.317232 -0.336545
    outer loop
      vertex -4.60437 -1.90719 3.42095
      vertex -4.73433 -1.43614 3.31931
      vertex -4.57077 -1.89327 3.31931
    endloop
  endfacet
  facet normal -0.886631 -0.31723 -0.336528
    outer loop
      vertex -4.60437 -1.90719 3.42095
      vertex -4.76913 -1.4467 3.42095
      vertex -4.73433 -1.43614 3.31931
    endloop
  endfacet
  facet normal -0.913406 -0.326806 -0.242667
    outer loop
      vertex -4.57077 -1.89327 3.31931
      vertex -4.70923 -1.42853 3.2146
      vertex -4.54654 -1.88324 3.2146
    endloop
  endfacet
  facet normal -0.913395 -0.326811 -0.242701
    outer loop
      vertex -4.57077 -1.89327 3.31931
      vertex -4.73433 -1.43614 3.31931
      vertex -4.70923 -1.42853 3.2146
    endloop
  endfacet
  facet normal -0.931367 -0.333258 -0.146608
    outer loop
      vertex -4.54654 -1.88324 3.2146
      vertex -4.69408 -1.42393 3.10782
      vertex -4.5319 -1.87718 3.10782
    endloop
  endfacet
  facet normal -0.93139 -0.333241 -0.146502
    outer loop
      vertex -4.54654 -1.88324 3.2146
      vertex -4.70923 -1.42853 3.2146
      vertex -4.69408 -1.42393 3.10782
    endloop
  endfacet
  facet normal -0.940414 -0.336485 -0.0489862
    outer loop
      vertex -4.5319 -1.87718 3.10782
      vertex -4.68901 -1.42239 3
      vertex -4.52701 -1.87515 3
    endloop
  endfacet
  facet normal -0.940409 -0.336493 -0.0490268
    outer loop
      vertex -4.5319 -1.87718 3.10782
      vertex -4.69408 -1.42393 3.10782
      vertex -4.68901 -1.42239 3
    endloop
  endfacet
  facet normal -0.940411 -0.336494 0.0489862
    outer loop
      vertex -4.52701 -1.87515 3
      vertex -4.69408 -1.42393 2.89218
      vertex -4.5319 -1.87718 2.89218
    endloop
  endfacet
  facet normal -0.940412 -0.336485 0.0490268
    outer loop
      vertex -4.68901 -1.42239 3
      vertex -4.69408 -1.42393 2.89218
      vertex -4.52701 -1.87515 3
    endloop
  endfacet
  facet normal -0.931376 -0.333235 0.146607
    outer loop
      vertex -4.5319 -1.87718 2.89218
      vertex -4.70923 -1.42853 2.7854
      vertex -4.54654 -1.88324 2.7854
    endloop
  endfacet
  facet normal -0.931382 -0.333263 0.146502
    outer loop
      vertex -4.69408 -1.42393 2.89218
      vertex -4.70923 -1.42853 2.7854
      vertex -4.5319 -1.87718 2.89218
    endloop
  endfacet
  facet normal -0.913403 -0.326813 0.242667
    outer loop
      vertex -4.54654 -1.88324 2.7854
      vertex -4.73433 -1.43614 2.68069
      vertex -4.57077 -1.89327 2.68069
    endloop
  endfacet
  facet normal -0.913398 -0.326803 0.242701
    outer loop
      vertex -4.70923 -1.42853 2.7854
      vertex -4.73433 -1.43614 2.68069
      vertex -4.54654 -1.88324 2.7854
    endloop
  endfacet
  facet normal -0.886625 -0.317228 0.336545
    outer loop
      vertex -4.57077 -1.89327 2.68069
      vertex -4.76913 -1.4467 2.57905
      vertex -4.60437 -1.90719 2.57905
    endloop
  endfacet
  facet normal -0.886629 -0.317234 0.336528
    outer loop
      vertex -4.73433 -1.43614 2.68069
      vertex -4.76913 -1.4467 2.57905
      vertex -4.57077 -1.89327 2.68069
    endloop
  endfacet
  facet normal -0.851347 -0.304616 0.427103
    outer loop
      vertex -4.60437 -1.90719 2.57905
      vertex -4.8133 -1.4601 2.48146
      vertex -4.64701 -1.92485 2.48146
    endloop
  endfacet
  facet normal -0.851332 -0.304601 0.427144
    outer loop
      vertex -4.76913 -1.4467 2.57905
      vertex -4.8133 -1.4601 2.48146
      vertex -4.60437 -1.90719 2.57905
    endloop
  endfacet
  facet normal -0.807848 -0.28906 0.513641
    outer loop
      vertex -4.64701 -1.92485 2.48146
      vertex -4.86641 -1.47621 2.38887
      vertex -4.69828 -1.94609 2.38887
    endloop
  endfacet
  facet normal -0.807834 -0.289047 0.513669
    outer loop
      vertex -4.8133 -1.4601 2.48146
      vertex -4.86641 -1.47621 2.38887
      vertex -4.64701 -1.92485 2.48146
    endloop
  endfacet
  facet normal -0.756563 -0.270695 0.595262
    outer loop
      vertex -4.69828 -1.94609 2.38887
      vertex -4.92794 -1.49487 2.30217
      vertex -4.75769 -1.9707 2.30217
    endloop
  endfacet
  facet normal -0.756594 -0.27072 0.595212
    outer loop
      vertex -4.86641 -1.47621 2.38887
      vertex -4.92794 -1.49487 2.30217
      vertex -4.69828 -1.94609 2.38887
    endloop
  endfacet
  facet normal -0.698023 -0.249759 0.671107
    outer loop
      vertex -4.75769 -1.9707 2.30217
      vertex -4.99732 -1.51592 2.22218
      vertex -4.82467 -1.99844 2.22218
    endloop
  endfacet
  facet normal -0.698 -0.249741 0.671137
    outer loop
      vertex -4.92794 -1.49487 2.30217
      vertex -4.99732 -1.51592 2.22218
      vertex -4.75769 -1.9707 2.30217
    endloop
  endfacet
  facet normal -0.632722 -0.226401 0.740544
    outer loop
      vertex -4.82467 -1.99844 2.22218
      vertex -5.07386 -1.53914 2.14969
      vertex -4.89856 -2.02905 2.14969
    endloop
  endfacet
  facet normal -0.632701 -0.226386 0.740566
    outer loop
      vertex -4.99732 -1.51592 2.22218
      vertex -5.07386 -1.53914 2.14969
      vertex -4.82467 -1.99844 2.22218
    endloop
  endfacet
  facet normal -0.561323 -0.200846 0.802856
    outer loop
      vertex -4.89856 -2.02905 2.14969
      vertex -5.15683 -1.56431 2.08538
      vertex -4.97867 -2.06223 2.08538
    endloop
  endfacet
  facet normal -0.561345 -0.200861 0.802837
    outer loop
      vertex -5.07386 -1.53914 2.14969
      vertex -5.15683 -1.56431 2.08538
      vertex -4.89856 -2.02905 2.14969
    endloop
  endfacet
  facet normal -0.48445 -0.173338 0.857474
    outer loop
      vertex -4.97867 -2.06223 2.08538
      vertex -5.24543 -1.59118 2.02989
      vertex -5.06421 -2.09766 2.02989
    endloop
  endfacet
  facet normal -0.48446 -0.173344 0.857468
    outer loop
      vertex -5.15683 -1.56431 2.08538
      vertex -5.24543 -1.59118 2.02989
      vertex -4.97867 -2.06223 2.08538
    endloop
  endfacet
  facet normal -0.402982 -0.14419 0.903778
    outer loop
      vertex -5.06421 -2.09766 2.02989
      vertex -5.33882 -1.61951 1.98373
      vertex -5.15437 -2.13501 1.98373
    endloop
  endfacet
  facet normal -0.402975 -0.144185 0.903782
    outer loop
      vertex -5.24543 -1.59118 2.02989
      vertex -5.33882 -1.61951 1.98373
      vertex -5.06421 -2.09766 2.02989
    endloop
  endfacet
  facet normal -0.317569 -0.113631 0.941402
    outer loop
      vertex -5.15437 -2.13501 1.98373
      vertex -5.43608 -1.64902 1.94736
      vertex -5.24827 -2.1739 1.94736
    endloop
  endfacet
  facet normal -0.31756 -0.113625 0.941406
    outer loop
      vertex -5.33882 -1.61951 1.98373
      vertex -5.43608 -1.64902 1.94736
      vertex -5.15437 -2.13501 1.98373
    endloop
  endfacet
  facet normal -0.228959 -0.081922 0.969983
    outer loop
      vertex -5.24827 -2.1739 1.94736
      vertex -5.53628 -1.67941 1.92114
      vertex -5.34501 -2.21398 1.92114
    endloop
  endfacet
  facet normal -0.228972 -0.0819297 0.969979
    outer loop
      vertex -5.43608 -1.64902 1.94736
      vertex -5.53628 -1.67941 1.92114
      vertex -5.24827 -2.1739 1.94736
    endloop
  endfacet
  facet normal -0.138315 -0.0494871 0.989151
    outer loop
      vertex -5.34501 -2.21398 1.92114
      vertex -5.63846 -1.71041 1.9053
      vertex -5.44367 -2.25484 1.9053
    endloop
  endfacet
  facet normal -0.138323 -0.0494923 0.98915
    outer loop
      vertex -5.53628 -1.67941 1.92114
      vertex -5.63846 -1.71041 1.9053
      vertex -5.34501 -2.21398 1.92114
    endloop
  endfacet
  facet normal -0.0462837 -0.0165602 0.998791
    outer loop
      vertex -5.44367 -2.25484 1.9053
      vertex -5.74164 -1.74171 1.9
      vertex -5.54328 -2.2961 1.9
    endloop
  endfacet
  facet normal -0.0462813 -0.0165588 0.998791
    outer loop
      vertex -5.63846 -1.71041 1.9053
      vertex -5.74164 -1.74171 1.9
      vertex -5.44367 -2.25484 1.9053
    endloop
  endfacet
  facet normal -0.0476813 -0.0119437 -0.998791
    outer loop
      vertex -5.74164 -1.74171 4.1
      vertex -5.77896 -1.14951 4.0947
      vertex -5.63846 -1.71041 4.0947
    endloop
  endfacet
  facet normal -0.0476824 -0.0119438 -0.998791
    outer loop
      vertex -5.74164 -1.74171 4.1
      vertex -5.88471 -1.17054 4.1
      vertex -5.77896 -1.14951 4.0947
    endloop
  endfacet
  facet normal -0.142508 -0.0356988 -0.98915
    outer loop
      vertex -5.63846 -1.71041 4.0947
      vertex -5.67424 -1.12868 4.07886
      vertex -5.53628 -1.67941 4.07886
    endloop
  endfacet
  facet normal -0.142518 -0.0356994 -0.989148
    outer loop
      vertex -5.63846 -1.71041 4.0947
      vertex -5.77896 -1.14951 4.0947
      vertex -5.67424 -1.12868 4.07886
    endloop
  endfacet
  facet normal -0.235985 -0.0591086 -0.969957
    outer loop
      vertex -5.53628 -1.67941 4.07886
      vertex -5.57153 -1.10825 4.05263
      vertex -5.43608 -1.64902 4.05263
    endloop
  endfacet
  facet normal -0.235952 -0.0591069 -0.969965
    outer loop
      vertex -5.53628 -1.67941 4.07886
      vertex -5.67424 -1.12868 4.07886
      vertex -5.57153 -1.10825 4.05263
    endloop
  endfacet
  facet normal -0.32709 -0.0819311 -0.941435
    outer loop
      vertex -5.43608 -1.64902 4.05263
      vertex -5.47185 -1.08842 4.01627
      vertex -5.33882 -1.61951 4.01627
    endloop
  endfacet
  facet normal -0.327104 -0.0819317 -0.94143
    outer loop
      vertex -5.43608 -1.64902 4.05263
      vertex -5.57153 -1.10825 4.05263
      vertex -5.47185 -1.08842 4.01627
    endloop
  endfacet
  facet normal -0.415166 -0.103998 -0.903782
    outer loop
      vertex -5.33882 -1.61951 4.01627
      vertex -5.37614 -1.06938 3.97011
      vertex -5.24543 -1.59118 3.97011
    endloop
  endfacet
  facet normal -0.415191 -0.103999 -0.90377
    outer loop
      vertex -5.33882 -1.61951 4.01627
      vertex -5.47185 -1.08842 4.01627
      vertex -5.37614 -1.06938 3.97011
    endloop
  endfacet
  facet normal -0.499115 -0.125024 -0.857469
    outer loop
      vertex -5.24543 -1.59118 3.97011
      vertex -5.28533 -1.05132 3.91462
      vertex -5.15683 -1.56431 3.91462
    endloop
  endfacet
  facet normal -0.499102 -0.125024 -0.857477
    outer loop
      vertex -5.24543 -1.59118 3.97011
      vertex -5.37614 -1.06938 3.97011
      vertex -5.28533 -1.05132 3.91462
    endloop
  endfacet
  facet normal -0.578332 -0.144864 -0.802837
    outer loop
      vertex -5.15683 -1.56431 3.91462
      vertex -5.20029 -1.0344 3.85031
      vertex -5.07386 -1.53914 3.85031
    endloop
  endfacet
  facet normal -0.578317 -0.144864 -0.802848
    outer loop
      vertex -5.15683 -1.56431 3.91462
      vertex -5.28533 -1.05132 3.91462
      vertex -5.20029 -1.0344 3.85031
    endloop
  endfacet
  facet normal -0.651846 -0.163276 -0.740565
    outer loop
      vertex -5.07386 -1.53914 3.85031
      vertex -5.12184 -1.0188 3.77782
      vertex -4.99732 -1.51592 3.77782
    endloop
  endfacet
  facet normal -0.65184 -0.163276 -0.740571
    outer loop
      vertex -5.07386 -1.53914 3.85031
      vertex -5.20029 -1.0344 3.85031
      vertex -5.12184 -1.0188 3.77782
    endloop
  endfacet
  facet normal -0.719115 -0.180138 -0.671136
    outer loop
      vertex -4.99732 -1.51592 3.77782
      vertex -5.05074 -1.00465 3.69783
      vertex -4.92794 -1.49487 3.69783
    endloop
  endfacet
  facet normal -0.719155 -0.180136 -0.671094
    outer loop
      vertex -4.99732 -1.51592 3.77782
      vertex -5.12184 -1.0188 3.77782
      vertex -5.05074 -1.00465 3.69783
    endloop
  endfacet
  facet normal -0.779486 -0.195249 -0.595214
    outer loop
      vertex -4.92794 -1.49487 3.69783
      vertex -4.98767 -0.992108 3.61113
      vertex -4.86641 -1.47621 3.61113
    endloop
  endfacet
  facet normal -0.779451 -0.195252 -0.595258
    outer loop
      vertex -4.92794 -1.49487 3.69783
      vertex -5.05074 -1.00465 3.69783
      vertex -4.98767 -0.992108 3.61113
    endloop
  endfacet
  facet normal -0.832274 -0.208478 -0.51367
    outer loop
      vertex -4.86641 -1.47621 3.61113
      vertex -4.93324 -0.981281 3.51854
      vertex -4.8133 -1.4601 3.51854
    endloop
  endfacet
  facet normal -0.832289 -0.208475 -0.513648
    outer loop
      vertex -4.86641 -1.47621 3.61113
      vertex -4.98767 -0.992108 3.61113
      vertex -4.93324 -0.981281 3.51854
    endloop
  endfacet
  facet normal -0.877085 -0.219705 -0.427143
    outer loop
      vertex -4.8133 -1.4601 3.51854
      vertex -4.88797 -0.972278 3.42095
      vertex -4.76913 -1.4467 3.42095
    endloop
  endfacet
  facet normal -0.877091 -0.219704 -0.427133
    outer loop
      vertex -4.8133 -1.4601 3.51854
      vertex -4.93324 -0.981281 3.51854
      vertex -4.88797 -0.972278 3.42095
    endloop
  endfacet
  facet normal -0.913453 -0.22881 -0.336525
    outer loop
      vertex -4.76913 -1.4467 3.42095
      vertex -4.8523 -0.965182 3.31931
      vertex -4.73433 -1.43614 3.31931
    endloop
  endfacet
  facet normal -0.913446 -0.228813 -0.336543
    outer loop
      vertex -4.76913 -1.4467 3.42095
      vertex -4.88797 -0.972278 3.42095
      vertex -4.8523 -0.965182 3.31931
    endloop
  endfacet
  facet normal -0.941025 -0.235726 -0.242705
    outer loop
      vertex -4.73433 -1.43614 3.31931
      vertex -4.82658 -0.960066 3.2146
      vertex -4.70923 -1.42853 3.2146
    endloop
  endfacet
  facet normal -0.941037 -0.23572 -0.242665
    outer loop
      vertex -4.73433 -1.43614 3.31931
      vertex -4.8523 -0.965182 3.31931
      vertex -4.82658 -0.960066 3.2146
    endloop
  endfacet
  facet normal -0.959569 -0.240347 -0.146498
    outer loop
      vertex -4.70923 -1.42853 3.2146
      vertex -4.81104 -0.956975 3.10782
      vertex -4.69408 -1.42393 3.10782
    endloop
  endfacet
  facet normal -0.959548 -0.240366 -0.146604
    outer loop
      vertex -4.70923 -1.42853 3.2146
      vertex -4.82658 -0.960066 3.2146
      vertex -4.81104 -0.956975 3.10782
    endloop
  endfacet
  facet normal -0.968864 -0.24269 -0.0490251
    outer loop
      vertex -4.69408 -1.42393 3.10782
      vertex -4.80585 -0.955942 3
      vertex -4.68901 -1.42239 3
    endloop
  endfacet
  facet normal -0.968871 -0.242677 -0.0489624
    outer loop
      vertex -4.69408 -1.42393 3.10782
      vertex -4.81104 -0.956975 3.10782
      vertex -4.80585 -0.955942 3
    endloop
  endfacet
  facet normal -0.968868 -0.242676 0.0490251
    outer loop
      vertex -4.68901 -1.42239 3
      vertex -4.81104 -0.956975 2.89218
      vertex -4.69408 -1.42393 2.89218
    endloop
  endfacet
  facet normal -0.968867 -0.24269 0.0489624
    outer loop
      vertex -4.80585 -0.955942 3
      vertex -4.81104 -0.956975 2.89218
      vertex -4.68901 -1.42239 3
    endloop
  endfacet
  facet normal -0.959563 -0.24037 0.146498
    outer loop
      vertex -4.69408 -1.42393 2.89218
      vertex -4.82658 -0.960066 2.7854
      vertex -4.70923 -1.42853 2.7854
    endloop
  endfacet
  facet normal -0.959553 -0.240343 0.146604
    outer loop
      vertex -4.81104 -0.956975 2.89218
      vertex -4.82658 -0.960066 2.7854
      vertex -4.69408 -1.42393 2.89218
    endloop
  endfacet
  facet normal -0.941027 -0.235717 0.242704
    outer loop
      vertex -4.70923 -1.42853 2.7854
      vertex -4.8523 -0.965182 2.68069
      vertex -4.73433 -1.43614 2.68069
    endloop
  endfacet
  facet normal -0.941035 -0.235729 0.242664
    outer loop
      vertex -4.82658 -0.960066 2.7854
      vertex -4.8523 -0.965182 2.68069
      vertex -4.70923 -1.42853 2.7854
    endloop
  endfacet
  facet normal -0.913452 -0.228815 0.336525
    outer loop
      vertex -4.73433 -1.43614 2.68069
      vertex -4.88797 -0.972278 2.57905
      vertex -4.76913 -1.4467 2.57905
    endloop
  endfacet
  facet normal -0.913447 -0.228809 0.336543
    outer loop
      vertex -4.8523 -0.965182 2.68069
      vertex -4.88797 -0.972278 2.57905
      vertex -4.73433 -1.43614 2.68069
    endloop
  endfacet
  facet normal -0.877086 -0.219702 0.427143
    outer loop
      vertex -4.76913 -1.4467 2.57905
      vertex -4.93324 -0.981281 2.48146
      vertex -4.8133 -1.4601 2.48146
    endloop
  endfacet
  facet normal -0.87709 -0.219706 0.427133
    outer loop
      vertex -4.88797 -0.972278 2.57905
      vertex -4.93324 -0.981281 2.48146
      vertex -4.76913 -1.4467 2.57905
    endloop
  endfacet
  facet normal -0.832276 -0.208472 0.513669
    outer loop
      vertex -4.8133 -1.4601 2.48146
      vertex -4.98767 -0.992108 2.38887
      vertex -4.86641 -1.47621 2.38887
    endloop
  endfacet
  facet normal -0.832287 -0.208481 0.513647
    outer loop
      vertex -4.93324 -0.981281 2.48146
      vertex -4.98767 -0.992108 2.38887
      vertex -4.8133 -1.4601 2.48146
    endloop
  endfacet
  facet normal -0.779482 -0.19526 0.595215
    outer loop
      vertex -4.86641 -1.47621 2.38887
      vertex -5.05074 -1.00465 2.30217
      vertex -4.92794 -1.49487 2.30217
    endloop
  endfacet
  facet normal -0.779454 -0.195241 0.595258
    outer loop
      vertex -4.98767 -0.992108 2.38887
      vertex -5.05074 -1.00465 2.30217
      vertex -4.86641 -1.47621 2.38887
    endloop
  endfacet
  facet normal -0.719119 -0.180127 0.671135
    outer loop
      vertex -4.92794 -1.49487 2.30217
      vertex -5.12184 -1.0188 2.22218
      vertex -4.99732 -1.51592 2.22218
    endloop
  endfacet
  facet normal -0.719152 -0.180147 0.671094
    outer loop
      vertex -5.05074 -1.00465 2.30217
      vertex -5.12184 -1.0188 2.22218
      vertex -4.92794 -1.49487 2.30217
    endloop
  endfacet
  facet normal -0.651846 -0.163278 0.740566
    outer loop
      vertex -4.99732 -1.51592 2.22218
      vertex -5.20029 -1.0344 2.14969
      vertex -5.07386 -1.53914 2.14969
    endloop
  endfacet
  facet normal -0.651841 -0.163275 0.740571
    outer loop
      vertex -5.12184 -1.0188 2.22218
      vertex -5.20029 -1.0344 2.14969
      vertex -4.99732 -1.51592 2.22218
    endloop
  endfacet
  facet normal -0.578331 -0.144867 0.802837
    outer loop
      vertex -5.07386 -1.53914 2.14969
      vertex -5.28533 -1.05132 2.08538
      vertex -5.15683 -1.56431 2.08538
    endloop
  endfacet
  facet normal -0.578317 -0.14486 0.802848
    outer loop
      vertex -5.20029 -1.0344 2.14969
      vertex -5.28533 -1.05132 2.08538
      vertex -5.07386 -1.53914 2.14969
    endloop
  endfacet
  facet normal -0.499114 -0.125027 0.857469
    outer loop
      vertex -5.15683 -1.56431 2.08538
      vertex -5.37614 -1.06938 2.02989
      vertex -5.24543 -1.59118 2.02989
    endloop
  endfacet
  facet normal -0.499103 -0.125021 0.857477
    outer loop
      vertex -5.28533 -1.05132 2.08538
      vertex -5.37614 -1.06938 2.02989
      vertex -5.15683 -1.56431 2.08538
    endloop
  endfacet
  facet normal -0.415167 -0.103993 0.903782
    outer loop
      vertex -5.24543 -1.59118 2.02989
      vertex -5.47185 -1.08842 1.98373
      vertex -5.33882 -1.61951 1.98373
    endloop
  endfacet
  facet normal -0.41519 -0.104004 0.90377
    outer loop
      vertex -5.37614 -1.06938 2.02989
      vertex -5.47185 -1.08842 1.98373
      vertex -5.24543 -1.59118 2.02989
    endloop
  endfacet
  facet normal -0.327171 -0.0819484 0.941405
    outer loop
      vertex -5.33882 -1.61951 1.98373
      vertex -5.57153 -1.10825 1.94736
      vertex -5.43608 -1.64902 1.94736
    endloop
  endfacet
  facet normal -0.327183 -0.0819543 0.9414
    outer loop
      vertex -5.47185 -1.08842 1.98373
      vertex -5.57153 -1.10825 1.94736
      vertex -5.33882 -1.61951 1.98373
    endloop
  endfacet
  facet normal -0.235898 -0.0590934 0.969979
    outer loop
      vertex -5.43608 -1.64902 1.94736
      vertex -5.67424 -1.12868 1.92114
      vertex -5.53628 -1.67941 1.92114
    endloop
  endfacet
  facet normal -0.235869 -0.0590795 0.969987
    outer loop
      vertex -5.57153 -1.10825 1.94736
      vertex -5.67424 -1.12868 1.92114
      vertex -5.43608 -1.64902 1.94736
    endloop
  endfacet
  facet normal -0.142509 -0.035697 0.98915
    outer loop
      vertex -5.53628 -1.67941 1.92114
      vertex -5.77896 -1.14951 1.9053
      vertex -5.63846 -1.71041 1.9053
    endloop
  endfacet
  facet normal -0.142518 -0.0357012 0.989148
    outer loop
      vertex -5.67424 -1.12868 1.92114
      vertex -5.77896 -1.14951 1.9053
      vertex -5.53628 -1.67941 1.92114
    endloop
  endfacet
  facet normal -0.0476813 -0.0119435 0.998791
    outer loop
      vertex -5.63846 -1.71041 1.9053
      vertex -5.88471 -1.17054 1.9
      vertex -5.74164 -1.74171 1.9
    endloop
  endfacet
  facet normal -0.0476824 -0.011944 0.998791
    outer loop
      vertex -5.77896 -1.14951 1.9053
      vertex -5.88471 -1.17054 1.9
      vertex -5.63846 -1.71041 1.9053
    endloop
  endfacet
  facet normal -0.0486232 -0.00721304 -0.998791
    outer loop
      vertex -5.77896 -1.14951 4.0947
      vertex -5.88471 -1.17054 4.1
      vertex -5.86381 -0.577535 4.0947
    endloop
  endfacet
  facet normal -0.0486242 -0.007213 -0.998791
    outer loop
      vertex -5.88471 -1.17054 4.1
      vertex -5.97111 -0.588102 4.1
      vertex -5.86381 -0.577535 4.0947
    endloop
  endfacet
  facet normal -0.145331 -0.021556 -0.989148
    outer loop
      vertex -5.67424 -1.12868 4.07886
      vertex -5.77896 -1.14951 4.0947
      vertex -5.75754 -0.567068 4.07886
    endloop
  endfacet
  facet normal -0.145314 -0.0215567 -0.989151
    outer loop
      vertex -5.77896 -1.14951 4.0947
      vertex -5.86381 -0.577535 4.0947
      vertex -5.75754 -0.567068 4.07886
    endloop
  endfacet
  facet normal -0.24061 -0.0356914 -0.969966
    outer loop
      vertex -5.57153 -1.10825 4.05263
      vertex -5.67424 -1.12868 4.07886
      vertex -5.65333 -0.556805 4.05263
    endloop
  endfacet
  facet normal -0.240627 -0.0356906 -0.969961
    outer loop
      vertex -5.67424 -1.12868 4.07886
      vertex -5.75754 -0.567068 4.07886
      vertex -5.65333 -0.556805 4.05263
    endloop
  endfacet
  facet normal -0.33356 -0.0494756 -0.94143
    outer loop
      vertex -5.47185 -1.08842 4.01627
      vertex -5.57153 -1.10825 4.05263
      vertex -5.55218 -0.546842 4.01627
    endloop
  endfacet
  facet normal -0.333541 -0.0494767 -0.941436
    outer loop
      vertex -5.57153 -1.10825 4.05263
      vertex -5.65333 -0.556805 4.05263
      vertex -5.55218 -0.546842 4.01627
    endloop
  endfacet
  facet normal -0.423386 -0.0628033 -0.90377
    outer loop
      vertex -5.37614 -1.06938 3.97011
      vertex -5.47185 -1.08842 4.01627
      vertex -5.45507 -0.537277 3.97011
    endloop
  endfacet
  facet normal -0.423405 -0.062802 -0.903761
    outer loop
      vertex -5.47185 -1.08842 4.01627
      vertex -5.55218 -0.546842 4.01627
      vertex -5.45507 -0.537277 3.97011
    endloop
  endfacet
  facet normal -0.508954 -0.075489 -0.857477
    outer loop
      vertex -5.28533 -1.05132 3.91462
      vertex -5.37614 -1.06938 3.97011
      vertex -5.36292 -0.528201 3.91462
    endloop
  endfacet
  facet normal -0.508923 -0.0754916 -0.857495
    outer loop
      vertex -5.37614 -1.06938 3.97011
      vertex -5.45507 -0.537277 3.97011
      vertex -5.36292 -0.528201 3.91462
    endloop
  endfacet
  facet normal -0.589733 -0.0874808 -0.802846
    outer loop
      vertex -5.20029 -1.0344 3.85031
      vertex -5.28533 -1.05132 3.91462
      vertex -5.27664 -0.519703 3.85031
    endloop
  endfacet
  facet normal -0.589774 -0.0874765 -0.802816
    outer loop
      vertex -5.28533 -1.05132 3.91462
      vertex -5.36292 -0.528201 3.91462
      vertex -5.27664 -0.519703 3.85031
    endloop
  endfacet
  facet normal -0.664702 -0.0986032 -0.740573
    outer loop
      vertex -5.12184 -1.0188 3.77782
      vertex -5.20029 -1.0344 3.85031
      vertex -5.19704 -0.511863 3.77782
    endloop
  endfacet
  facet normal -0.664708 -0.0986026 -0.740568
    outer loop
      vertex -5.20029 -1.0344 3.85031
      vertex -5.27664 -0.519703 3.85031
      vertex -5.19704 -0.511863 3.77782
    endloop
  endfacet
  facet normal -0.733352 -0.108779 -0.67109
    outer loop
      vertex -5.12184 -1.0188 3.77782
      vertex -5.12489 -0.504757 3.69783
      vertex -5.05074 -1.00465 3.69783
    endloop
  endfacet
  facet normal -0.733327 -0.108783 -0.671116
    outer loop
      vertex -5.12184 -1.0188 3.77782
      vertex -5.19704 -0.511863 3.77782
      vertex -5.12489 -0.504757 3.69783
    endloop
  endfacet
  facet normal -0.794838 -0.117892 -0.59526
    outer loop
      vertex -5.05074 -1.00465 3.69783
      vertex -5.06089 -0.498454 3.61113
      vertex -4.98767 -0.992108 3.61113
    endloop
  endfacet
  facet normal -0.794817 -0.117897 -0.595287
    outer loop
      vertex -5.05074 -1.00465 3.69783
      vertex -5.12489 -0.504757 3.69783
      vertex -5.06089 -0.498454 3.61113
    endloop
  endfacet
  facet normal -0.848714 -0.125899 -0.513647
    outer loop
      vertex -4.98767 -0.992108 3.61113
      vertex -5.00567 -0.493014 3.51854
      vertex -4.93324 -0.981281 3.51854
    endloop
  endfacet
  facet normal -0.848753 -0.125889 -0.513586
    outer loop
      vertex -4.98767 -0.992108 3.61113
      vertex -5.06089 -0.498454 3.61113
      vertex -5.00567 -0.493014 3.51854
    endloop
  endfacet
  facet normal -0.894403 -0.132667 -0.427134
    outer loop
      vertex -4.93324 -0.981281 3.51854
      vertex -4.95973 -0.488491 3.42095
      vertex -4.88797 -0.972278 3.42095
    endloop
  endfacet
  facet normal -0.894382 -0.132674 -0.427175
    outer loop
      vertex -4.93324 -0.981281 3.51854
      vertex -5.00567 -0.493014 3.51854
      vertex -4.95973 -0.488491 3.42095
    endloop
  endfacet
  facet normal -0.931476 -0.138173 -0.336543
    outer loop
      vertex -4.88797 -0.972278 3.42095
      vertex -4.92354 -0.484926 3.31931
      vertex -4.8523 -0.965182 3.31931
    endloop
  endfacet
  facet normal -0.931488 -0.138167 -0.336512
    outer loop
      vertex -4.88797 -0.972278 3.42095
      vertex -4.95973 -0.488491 3.42095
      vertex -4.92354 -0.484926 3.31931
    endloop
  endfacet
  facet normal -0.959611 -0.142341 -0.242665
    outer loop
      vertex -4.8523 -0.965182 3.31931
      vertex -4.89744 -0.482355 3.2146
      vertex -4.82658 -0.960066 3.2146
    endloop
  endfacet
  facet normal -0.959605 -0.142345 -0.242686
    outer loop
      vertex -4.8523 -0.965182 3.31931
      vertex -4.92354 -0.484926 3.31931
      vertex -4.89744 -0.482355 3.2146
    endloop
  endfacet
  facet normal -0.978487 -0.145158 -0.146604
    outer loop
      vertex -4.82658 -0.960066 3.2146
      vertex -4.88168 -0.480803 3.10782
      vertex -4.81104 -0.956975 3.10782
    endloop
  endfacet
  facet normal -0.9785 -0.145143 -0.14653
    outer loop
      vertex -4.82658 -0.960066 3.2146
      vertex -4.89744 -0.482355 3.2146
      vertex -4.88168 -0.480803 3.10782
    endloop
  endfacet
  facet normal -0.987992 -0.14654 -0.0489617
    outer loop
      vertex -4.81104 -0.956975 3.10782
      vertex -4.8764 -0.480284 3
      vertex -4.80585 -0.955942 3
    endloop
  endfacet
  facet normal -0.987982 -0.146567 -0.0490875
    outer loop
      vertex -4.81104 -0.956975 3.10782
      vertex -4.88168 -0.480803 3.10782
      vertex -4.8764 -0.480284 3
    endloop
  endfacet
  facet normal -0.987988 -0.146568 0.0489618
    outer loop
      vertex -4.80585 -0.955942 3
      vertex -4.88168 -0.480803 2.89218
      vertex -4.81104 -0.956975 2.89218
    endloop
  endfacet
  facet normal -0.987986 -0.146539 0.0490876
    outer loop
      vertex -4.8764 -0.480284 3
      vertex -4.88168 -0.480803 2.89218
      vertex -4.80585 -0.955942 3
    endloop
  endfacet
  facet normal -0.978489 -0.145142 0.146604
    outer loop
      vertex -4.81104 -0.956975 2.89218
      vertex -4.89744 -0.482355 2.7854
      vertex -4.82658 -0.960066 2.7854
    endloop
  endfacet
  facet normal -0.978498 -0.14516 0.146529
    outer loop
      vertex -4.88168 -0.480803 2.89218
      vertex -4.89744 -0.482355 2.7854
      vertex -4.81104 -0.956975 2.89218
    endloop
  endfacet
  facet normal -0.95961 -0.142346 0.242665
    outer loop
      vertex -4.82658 -0.960066 2.7854
      vertex -4.92354 -0.484926 2.68069
      vertex -4.8523 -0.965182 2.68069
    endloop
  endfacet
  facet normal -0.959605 -0.142341 0.242686
    outer loop
      vertex -4.89744 -0.482355 2.7854
      vertex -4.92354 -0.484926 2.68069
      vertex -4.82658 -0.960066 2.7854
    endloop
  endfacet
  facet normal -0.931477 -0.138166 0.336543
    outer loop
      vertex -4.8523 -0.965182 2.68069
      vertex -4.95973 -0.488491 2.57905
      vertex -4.88797 -0.972278 2.57905
    endloop
  endfacet
  facet normal -0.931487 -0.138174 0.336512
    outer loop
      vertex -4.92354 -0.484926 2.68069
      vertex -4.95973 -0.488491 2.57905
      vertex -4.8523 -0.965182 2.68069
    endloop
  endfacet
  facet normal -0.894401 -0.132676 0.427134
    outer loop
      vertex -4.88797 -0.972278 2.57905
      vertex -5.00567 -0.493014 2.48146
      vertex -4.93324 -0.981281 2.48146
    endloop
  endfacet
  facet normal -0.894383 -0.132664 0.427175
    outer loop
      vertex -4.95973 -0.488491 2.57905
      vertex -5.00567 -0.493014 2.48146
      vertex -4.88797 -0.972278 2.57905
    endloop
  endfacet
  facet normal -0.848717 -0.125884 0.513647
    outer loop
      vertex -4.93324 -0.981281 2.48146
      vertex -5.06089 -0.498454 2.38887
      vertex -4.98767 -0.992108 2.38887
    endloop
  endfacet
  facet normal -0.848751 -0.125904 0.513586
    outer loop
      vertex -5.00567 -0.493014 2.48146
      vertex -5.06089 -0.498454 2.38887
      vertex -4.93324 -0.981281 2.48146
    endloop
  endfacet
  facet normal -0.794837 -0.1179 0.59526
    outer loop
      vertex -4.98767 -0.992108 2.38887
      vertex -5.12489 -0.504757 2.30217
      vertex -5.05074 -1.00465 2.30217
    endloop
  endfacet
  facet normal -0.794818 -0.117889 0.595287
    outer loop
      vertex -5.06089 -0.498454 2.38887
      vertex -5.12489 -0.504757 2.30217
      vertex -4.98767 -0.992108 2.38887
    endloop
  endfacet
  facet normal -0.73335 -0.108787 0.671091
    outer loop
      vertex -5.05074 -1.00465 2.30217
      vertex -5.19704 -0.511863 2.22218
      vertex -5.12184 -1.0188 2.22218
    endloop
  endfacet
  facet normal -0.733328 -0.108776 0.671116
    outer loop
      vertex -5.12489 -0.504757 2.30217
      vertex -5.19704 -0.511863 2.22218
      vertex -5.05074 -1.00465 2.30217
    endloop
  endfacet
  facet normal -0.664703 -0.0986018 0.740573
    outer loop
      vertex -5.12184 -1.0188 2.22218
      vertex -5.27664 -0.519703 2.14969
      vertex -5.20029 -1.0344 2.14969
    endloop
  endfacet
  facet normal -0.664708 -0.098604 0.740568
    outer loop
      vertex -5.19704 -0.511863 2.22218
      vertex -5.27664 -0.519703 2.14969
      vertex -5.12184 -1.0188 2.22218
    endloop
  endfacet
  facet normal -0.589735 -0.0874706 0.802846
    outer loop
      vertex -5.20029 -1.0344 2.14969
      vertex -5.36292 -0.528201 2.08538
      vertex -5.28533 -1.05132 2.08538
    endloop
  endfacet
  facet normal -0.589773 -0.0874868 0.802816
    outer loop
      vertex -5.27664 -0.519703 2.14969
      vertex -5.36292 -0.528201 2.08538
      vertex -5.20029 -1.0344 2.14969
    endloop
  endfacet
  facet normal -0.508952 -0.0754959 0.857478
    outer loop
      vertex -5.28533 -1.05132 2.08538
      vertex -5.45507 -0.537277 2.02989
      vertex -5.37614 -1.06938 2.02989
    endloop
  endfacet
  facet normal -0.508924 -0.0754845 0.857496
    outer loop
      vertex -5.36292 -0.528201 2.08538
      vertex -5.45507 -0.537277 2.02989
      vertex -5.28533 -1.05132 2.08538
    endloop
  endfacet
  facet normal -0.423387 -0.0627992 0.90377
    outer loop
      vertex -5.37614 -1.06938 2.02989
      vertex -5.55218 -0.546842 1.98373
      vertex -5.47185 -1.08842 1.98373
    endloop
  endfacet
  facet normal -0.423405 -0.0628062 0.903761
    outer loop
      vertex -5.45507 -0.537277 2.02989
      vertex -5.55218 -0.546842 1.98373
      vertex -5.37614 -1.06938 2.02989
    endloop
  endfacet
  facet normal -0.333641 -0.0494915 0.9414
    outer loop
      vertex -5.47185 -1.08842 1.98373
      vertex -5.65333 -0.556805 1.94736
      vertex -5.57153 -1.10825 1.94736
    endloop
  endfacet
  facet normal -0.333623 -0.0494849 0.941407
    outer loop
      vertex -5.55218 -0.546842 1.98373
      vertex -5.65333 -0.556805 1.94736
      vertex -5.47185 -1.08842 1.98373
    endloop
  endfacet
  facet normal -0.240524 -0.0356753 0.969987
    outer loop
      vertex -5.57153 -1.10825 1.94736
      vertex -5.75754 -0.567068 1.92114
      vertex -5.67424 -1.12868 1.92114
    endloop
  endfacet
  facet normal -0.240541 -0.0356812 0.969983
    outer loop
      vertex -5.65333 -0.556805 1.94736
      vertex -5.75754 -0.567068 1.92114
      vertex -5.57153 -1.10825 1.94736
    endloop
  endfacet
  facet normal -0.145331 -0.0215592 0.989148
    outer loop
      vertex -5.67424 -1.12868 1.92114
      vertex -5.86381 -0.577535 1.9053
      vertex -5.77896 -1.14951 1.9053
    endloop
  endfacet
  facet normal -0.145314 -0.0215535 0.989151
    outer loop
      vertex -5.75754 -0.567068 1.92114
      vertex -5.86381 -0.577535 1.9053
      vertex -5.67424 -1.12868 1.92114
    endloop
  endfacet
  facet normal -0.0486232 -0.00721287 0.998791
    outer loop
      vertex -5.77896 -1.14951 1.9053
      vertex -5.97111 -0.588102 1.9
      vertex -5.88471 -1.17054 1.9
    endloop
  endfacet
  facet normal -0.0486241 -0.00721318 0.998791
    outer loop
      vertex -5.86381 -0.577535 1.9053
      vertex -5.97111 -0.588102 1.9
      vertex -5.77896 -1.14951 1.9053
    endloop
  endfacet
  facet normal -0.049097 -0.00241177 -0.998791
    outer loop
      vertex -5.86381 -0.577535 4.0947
      vertex -5.97111 -0.588102 4.1
      vertex -5.89218 0 4.0947
    endloop
  endfacet
  facet normal -0.0490966 -0.00241183 -0.998791
    outer loop
      vertex -5.97111 -0.588102 4.1
      vertex -6 0 4.1
      vertex -5.89218 0 4.0947
    endloop
  endfacet
  facet normal -0.146727 -0.00720869 -0.989151
    outer loop
      vertex -5.75754 -0.567068 4.07886
      vertex -5.86381 -0.577535 4.0947
      vertex -5.7854 0 4.07886
    endloop
  endfacet
  facet normal -0.146733 -0.00720789 -0.98915
    outer loop
      vertex -5.86381 -0.577535 4.0947
      vertex -5.89218 0 4.0947
      vertex -5.7854 0 4.07886
    endloop
  endfacet
  facet normal -0.242967 -0.0119388 -0.969961
    outer loop
      vertex -5.65333 -0.556805 4.05263
      vertex -5.75754 -0.567068 4.07886
      vertex -5.68069 0 4.05263
    endloop
  endfacet
  facet normal -0.242976 -0.0119374 -0.969959
    outer loop
      vertex -5.75754 -0.567068 4.07886
      vertex -5.7854 0 4.07886
      vertex -5.68069 0 4.05263
    endloop
  endfacet
  facet normal -0.336785 -0.0165485 -0.941436
    outer loop
      vertex -5.55218 -0.546842 4.01627
      vertex -5.65333 -0.556805 4.05263
      vertex -5.57905 0 4.01627
    endloop
  endfacet
  facet normal -0.336783 -0.0165487 -0.941437
    outer loop
      vertex -5.65333 -0.556805 4.05263
      vertex -5.68069 0 4.05263
      vertex -5.57905 0 4.01627
    endloop
  endfacet
  facet normal -0.427523 -0.0209991 -0.903761
    outer loop
      vertex -5.45507 -0.537277 3.97011
      vertex -5.55218 -0.546842 4.01627
      vertex -5.48146 0 3.97011
    endloop
  endfacet
  facet normal -0.427486 -0.0210053 -0.903778
    outer loop
      vertex -5.55218 -0.546842 4.01627
      vertex -5.57905 0 4.01627
      vertex -5.48146 0 3.97011
    endloop
  endfacet
  facet normal -0.513872 -0.025246 -0.857495
    outer loop
      vertex -5.36292 -0.528201 3.91462
      vertex -5.45507 -0.537277 3.97011
      vertex -5.38887 0 3.91462
    endloop
  endfacet
  facet normal -0.513896 -0.0252416 -0.857481
    outer loop
      vertex -5.45507 -0.537277 3.97011
      vertex -5.48146 0 3.97011
      vertex -5.38887 0 3.91462
    endloop
  endfacet
  facet normal -0.595509 -0.0292539 -0.802816
    outer loop
      vertex -5.27664 -0.519703 3.85031
      vertex -5.36292 -0.528201 3.91462
      vertex -5.30217 0 3.85031
    endloop
  endfacet
  facet normal -0.595497 -0.0292562 -0.802824
    outer loop
      vertex -5.36292 -0.528201 3.91462
      vertex -5.38887 0 3.91462
      vertex -5.30217 0 3.85031
    endloop
  endfacet
  facet normal -0.671172 -0.0329644 -0.740568
    outer loop
      vertex -5.19704 -0.511863 3.77782
      vertex -5.27664 -0.519703 3.85031
      vertex -5.22218 0 3.77782
    endloop
  endfacet
  facet normal -0.67115 -0.0329697 -0.740588
    outer loop
      vertex -5.27664 -0.519703 3.85031
      vertex -5.30217 0 3.85031
      vertex -5.22218 0 3.77782
    endloop
  endfacet
  facet normal -0.740459 -0.0363806 -0.671117
    outer loop
      vertex -5.12489 -0.504757 3.69783
      vertex -5.19704 -0.511863 3.77782
      vertex -5.14969 0 3.69783
    endloop
  endfacet
  facet normal -0.740501 -0.0363695 -0.67107
    outer loop
      vertex -5.19704 -0.511863 3.77782
      vertex -5.22218 0 3.77782
      vertex -5.14969 0 3.69783
    endloop
  endfacet
  facet normal -0.802545 -0.0394306 -0.595287
    outer loop
      vertex -5.06089 -0.498454 3.61113
      vertex -5.12489 -0.504757 3.69783
      vertex -5.08538 0 3.61113
    endloop
  endfacet
  facet normal -0.802543 -0.039431 -0.595289
    outer loop
      vertex -5.12489 -0.504757 3.69783
      vertex -5.14969 0 3.69783
      vertex -5.08538 0 3.61113
    endloop
  endfacet
  facet normal -0.857005 -0.0421016 -0.513585
    outer loop
      vertex -5.00567 -0.493014 3.51854
      vertex -5.06089 -0.498454 3.61113
      vertex -5.02989 0 3.51854
    endloop
  endfacet
  facet normal -0.856994 -0.0421057 -0.513604
    outer loop
      vertex -5.06089 -0.498454 3.61113
      vertex -5.08538 0 3.61113
      vertex -5.02989 0 3.51854
    endloop
  endfacet
  facet normal -0.903079 -0.0443691 -0.427176
    outer loop
      vertex -4.95973 -0.488491 3.42095
      vertex -5.00567 -0.493014 3.51854
      vertex -4.98373 0 3.42095
    endloop
  endfacet
  facet normal -0.903087 -0.0443654 -0.42716
    outer loop
      vertex -5.00567 -0.493014 3.51854
      vertex -5.02989 0 3.51854
      vertex -4.98373 0 3.42095
    endloop
  endfacet
  facet normal -0.940545 -0.0462004 -0.336512
    outer loop
      vertex -4.92354 -0.484926 3.31931
      vertex -4.95973 -0.488491 3.42095
      vertex -4.94736 0 3.31931
    endloop
  endfacet
  facet normal -0.940531 -0.0462091 -0.336552
    outer loop
      vertex -4.95973 -0.488491 3.42095
      vertex -4.98373 0 3.42095
      vertex -4.94736 0 3.31931
    endloop
  endfacet
  facet normal -0.968936 -0.0476076 -0.242686
    outer loop
      vertex -4.89744 -0.482355 3.2146
      vertex -4.92354 -0.484926 3.31931
      vertex -4.92114 0 3.2146
    endloop
  endfacet
  facet normal -0.96895 -0.0475957 -0.242631
    outer loop
      vertex -4.92354 -0.484926 3.31931
      vertex -4.94736 0 3.31931
      vertex -4.92114 0 3.2146
    endloop
  endfacet
  facet normal -0.988015 -0.0485374 -0.14653
    outer loop
      vertex -4.89744 -0.482355 3.2146
      vertex -4.9053 0 3.10782
      vertex -4.88168 -0.480803 3.10782
    endloop
  endfacet
  facet normal -0.988009 -0.0485448 -0.146564
    outer loop
      vertex -4.89744 -0.482355 3.2146
      vertex -4.92114 0 3.2146
      vertex -4.9053 0 3.10782
    endloop
  endfacet
  facet normal -0.997591 -0.0490192 -0.0490885
    outer loop
      vertex -4.88168 -0.480803 3.10782
      vertex -4.9 0 3
      vertex -4.8764 -0.480284 3
    endloop
  endfacet
  facet normal -0.997594 -0.0490079 -0.0490377
    outer loop
      vertex -4.88168 -0.480803 3.10782
      vertex -4.9053 0 3.10782
      vertex -4.9 0 3
    endloop
  endfacet
  facet normal -0.997591 -0.0490078 0.0490885
    outer loop
      vertex -4.8764 -0.480284 3
      vertex -4.9053 0 2.89218
      vertex -4.88168 -0.480803 2.89218
    endloop
  endfacet
  facet normal -0.997593 -0.0490193 0.0490377
    outer loop
      vertex -4.9 0 3
      vertex -4.9053 0 2.89218
      vertex -4.8764 -0.480284 3
    endloop
  endfacet
  facet normal -0.988014 -0.048545 0.14653
    outer loop
      vertex -4.88168 -0.480803 2.89218
      vertex -4.92114 0 2.7854
      vertex -4.89744 -0.482355 2.7854
    endloop
  endfacet
  facet normal -0.98801 -0.0485371 0.146564
    outer loop
      vertex -4.9053 0 2.89218
      vertex -4.92114 0 2.7854
      vertex -4.88168 -0.480803 2.89218
    endloop
  endfacet
  facet normal -0.968937 -0.047595 0.242686
    outer loop
      vertex -4.89744 -0.482355 2.7854
      vertex -4.94736 0 2.68069
      vertex -4.92354 -0.484926 2.68069
    endloop
  endfacet
  facet normal -0.96895 -0.0476083 0.242631
    outer loop
      vertex -4.92114 0 2.7854
      vertex -4.94736 0 2.68069
      vertex -4.89744 -0.482355 2.7854
    endloop
  endfacet
  facet normal -0.940545 -0.0462098 0.336512
    outer loop
      vertex -4.92354 -0.484926 2.68069
      vertex -4.98373 0 2.57905
      vertex -4.95973 -0.488491 2.57905
    endloop
  endfacet
  facet normal -0.940531 -0.0461997 0.336552
    outer loop
      vertex -4.94736 0 2.68069
      vertex -4.98373 0 2.57905
      vertex -4.92354 -0.484926 2.68069
    endloop
  endfacet
  facet normal -0.903079 -0.044365 0.427176
    outer loop
      vertex -4.95973 -0.488491 2.57905
      vertex -5.02989 0 2.48146
      vertex -5.00567 -0.493014 2.48146
    endloop
  endfacet
  facet normal -0.903087 -0.0443695 0.427159
    outer loop
      vertex -4.98373 0 2.57905
      vertex -5.02989 0 2.48146
      vertex -4.95973 -0.488491 2.57905
    endloop
  endfacet
  facet normal -0.857005 -0.0421063 0.513585
    outer loop
      vertex -5.00567 -0.493014 2.48146
      vertex -5.08538 0 2.38887
      vertex -5.06089 -0.498454 2.38887
    endloop
  endfacet
  facet normal -0.856994 -0.042101 0.513604
    outer loop
      vertex -5.02989 0 2.48146
      vertex -5.08538 0 2.38887
      vertex -5.00567 -0.493014 2.48146
    endloop
  endfacet
  facet normal -0.802545 -0.0394311 0.595287
    outer loop
      vertex -5.06089 -0.498454 2.38887
      vertex -5.14969 0 2.30217
      vertex -5.12489 -0.504757 2.30217
    endloop
  endfacet
  facet normal -0.802543 -0.0394305 0.595289
    outer loop
      vertex -5.08538 0 2.38887
      vertex -5.14969 0 2.30217
      vertex -5.06089 -0.498454 2.38887
    endloop
  endfacet
  facet normal -0.74046 -0.0363675 0.671116
    outer loop
      vertex -5.12489 -0.504757 2.30217
      vertex -5.22218 0 2.22218
      vertex -5.19704 -0.511863 2.22218
    endloop
  endfacet
  facet normal -0.740501 -0.0363827 0.67107
    outer loop
      vertex -5.14969 0 2.30217
      vertex -5.22218 0 2.22218
      vertex -5.12489 -0.504757 2.30217
    endloop
  endfacet
  facet normal -0.671172 -0.0329708 0.740568
    outer loop
      vertex -5.19704 -0.511863 2.22218
      vertex -5.30217 0 2.14969
      vertex -5.27664 -0.519703 2.14969
    endloop
  endfacet
  facet normal -0.67115 -0.0329633 0.740589
    outer loop
      vertex -5.22218 0 2.22218
      vertex -5.30217 0 2.14969
      vertex -5.19704 -0.511863 2.22218
    endloop
  endfacet
  facet normal -0.595509 -0.0292568 0.802816
    outer loop
      vertex -5.27664 -0.519703 2.14969
      vertex -5.38887 0 2.08538
      vertex -5.36292 -0.528201 2.08538
    endloop
  endfacet
  facet normal -0.595498 -0.0292533 0.802824
    outer loop
      vertex -5.30217 0 2.14969
      vertex -5.38887 0 2.08538
      vertex -5.27664 -0.519703 2.14969
    endloop
  endfacet
  facet normal -0.513872 -0.0252404 0.857495
    outer loop
      vertex -5.36292 -0.528201 2.08538
      vertex -5.48146 0 2.02989
      vertex -5.45507 -0.537277 2.02989
    endloop
  endfacet
  facet normal -0.513896 -0.0252472 0.857481
    outer loop
      vertex -5.38887 0 2.08538
      vertex -5.48146 0 2.02989
      vertex -5.36292 -0.528201 2.08538
    endloop
  endfacet
  facet normal -0.427522 -0.021007 0.903761
    outer loop
      vertex -5.45507 -0.537277 2.02989
      vertex -5.57905 0 1.98373
      vertex -5.55218 -0.546842 1.98373
    endloop
  endfacet
  facet normal -0.427486 -0.0209973 0.903778
    outer loop
      vertex -5.48146 0 2.02989
      vertex -5.57905 0 1.98373
      vertex -5.45507 -0.537277 2.02989
    endloop
  endfacet
  facet normal -0.336867 -0.0165528 0.941407
    outer loop
      vertex -5.55218 -0.546842 1.98373
      vertex -5.68069 0 1.94736
      vertex -5.65333 -0.556805 1.94736
    endloop
  endfacet
  facet normal -0.336865 -0.0165524 0.941407
    outer loop
      vertex -5.57905 0 1.98373
      vertex -5.68069 0 1.94736
      vertex -5.55218 -0.546842 1.98373
    endloop
  endfacet
  facet normal -0.24288 -0.0119327 0.969983
    outer loop
      vertex -5.65333 -0.556805 1.94736
      vertex -5.7854 0 1.92114
      vertex -5.75754 -0.567068 1.92114
    endloop
  endfacet
  facet normal -0.242889 -0.0119349 0.969981
    outer loop
      vertex -5.68069 0 1.94736
      vertex -5.7854 0 1.92114
      vertex -5.65333 -0.556805 1.94736
    endloop
  endfacet
  facet normal -0.146727 -0.00720762 0.989151
    outer loop
      vertex -5.75754 -0.567068 1.92114
      vertex -5.89218 0 1.9053
      vertex -5.86381 -0.577535 1.9053
    endloop
  endfacet
  facet normal -0.146733 -0.00720897 0.98915
    outer loop
      vertex -5.7854 0 1.92114
      vertex -5.89218 0 1.9053
      vertex -5.75754 -0.567068 1.92114
    endloop
  endfacet
  facet normal -0.049097 -0.00241185 0.998791
    outer loop
      vertex -5.86381 -0.577535 1.9053
      vertex -6 0 1.9
      vertex -5.97111 -0.588102 1.9
    endloop
  endfacet
  facet normal -0.0490966 -0.00241175 0.998791
    outer loop
      vertex -5.89218 0 1.9053
      vertex -6 0 1.9
      vertex -5.86381 -0.577535 1.9053
    endloop
  endfacet
endsolid OpenSCAD_Model
