solid OpenSCAD_Model
  facet normal 0.904043 -0.427442 0
    outer loop
      vertex -17.0706 16.1506 28
      vertex -16.9993 16.3014 0
      vertex -16.9993 16.3014 28
    endloop
  endfacet
  facet normal 0.904043 -0.427442 0
    outer loop
      vertex -16.9993 16.3014 0
      vertex -17.0706 16.1506 28
      vertex -17.0706 16.1506 0
    endloop
  endfacet
  facet normal -0.989168 -0.146788 0
    outer loop
      vertex -13.8082 15.6666 0
      vertex -13.8327 15.8317 28
      vertex -13.8327 15.8317 0
    endloop
  endfacet
  facet normal -0.989168 -0.146788 0
    outer loop
      vertex -13.8327 15.8317 28
      vertex -13.8082 15.6666 0
      vertex -13.8082 15.6666 28
    endloop
  endfacet
  facet normal -0.998791 -0.0491602 0
    outer loop
      vertex -13.8 15.5 0
      vertex -13.8082 15.6666 28
      vertex -13.8082 15.6666 0
    endloop
  endfacet
  facet normal -0.998791 -0.0491602 0
    outer loop
      vertex -13.8082 15.6666 28
      vertex -13.8 15.5 0
      vertex -13.8 15.5 28
    endloop
  endfacet
  facet normal -0.970072 -0.242818 0
    outer loop
      vertex -13.8327 15.8317 0
      vertex -13.8732 15.9935 28
      vertex -13.8732 15.9935 0
    endloop
  endfacet
  facet normal -0.970072 -0.242818 0
    outer loop
      vertex -13.8732 15.9935 28
      vertex -13.8327 15.8317 0
      vertex -13.8327 15.8317 28
    endloop
  endfacet
  facet normal -0.146788 -0.989168 0
    outer loop
      vertex -15.3334 17.1918 0
      vertex -15.1683 17.1673 28
      vertex -15.3334 17.1918 28
    endloop
  endfacet
  facet normal -0.146788 -0.989168 -0
    outer loop
      vertex -15.1683 17.1673 28
      vertex -15.3334 17.1918 0
      vertex -15.1683 17.1673 0
    endloop
  endfacet
  facet normal 0.146788 -0.989168 0
    outer loop
      vertex -15.8317 17.1673 0
      vertex -15.6666 17.1918 28
      vertex -15.8317 17.1673 28
    endloop
  endfacet
  facet normal 0.146788 -0.989168 0
    outer loop
      vertex -15.6666 17.1918 28
      vertex -15.8317 17.1673 0
      vertex -15.6666 17.1918 0
    endloop
  endfacet
  facet normal -0.803154 -0.595772 0
    outer loop
      vertex -14.0865 16.4445 0
      vertex -14.1859 16.5785 28
      vertex -14.1859 16.5785 0
    endloop
  endfacet
  facet normal -0.803154 -0.595772 0
    outer loop
      vertex -14.1859 16.5785 28
      vertex -14.0865 16.4445 0
      vertex -14.0865 16.4445 28
    endloop
  endfacet
  facet normal -0.514231 0.857652 0
    outer loop
      vertex -14.5555 14.0865 0
      vertex -14.6986 14.0007 28
      vertex -14.5555 14.0865 28
    endloop
  endfacet
  facet normal -0.514231 0.857652 0
    outer loop
      vertex -14.6986 14.0007 28
      vertex -14.5555 14.0865 0
      vertex -14.6986 14.0007 0
    endloop
  endfacet
  facet normal -0.595772 -0.803154 0
    outer loop
      vertex -14.5555 16.9135 0
      vertex -14.4215 16.8141 28
      vertex -14.5555 16.9135 28
    endloop
  endfacet
  facet normal -0.595772 -0.803154 -0
    outer loop
      vertex -14.4215 16.8141 28
      vertex -14.5555 16.9135 0
      vertex -14.4215 16.8141 0
    endloop
  endfacet
  facet normal -0.998791 0.0491602 0
    outer loop
      vertex -13.8082 15.3334 0
      vertex -13.8 15.5 28
      vertex -13.8 15.5 0
    endloop
  endfacet
  facet normal -0.998791 0.0491602 0
    outer loop
      vertex -13.8 15.5 28
      vertex -13.8082 15.3334 0
      vertex -13.8082 15.3334 28
    endloop
  endfacet
  facet normal 0.242818 -0.970072 0
    outer loop
      vertex -15.9935 17.1268 0
      vertex -15.8317 17.1673 28
      vertex -15.9935 17.1268 28
    endloop
  endfacet
  facet normal 0.242818 -0.970072 0
    outer loop
      vertex -15.8317 17.1673 28
      vertex -15.9935 17.1268 0
      vertex -15.8317 17.1673 0
    endloop
  endfacet
  facet normal 0.803154 -0.595772 0
    outer loop
      vertex -16.9135 16.4445 28
      vertex -16.8141 16.5785 0
      vertex -16.8141 16.5785 28
    endloop
  endfacet
  facet normal 0.803154 -0.595772 0
    outer loop
      vertex -16.8141 16.5785 0
      vertex -16.9135 16.4445 28
      vertex -16.9135 16.4445 0
    endloop
  endfacet
  facet normal 0.427442 0.904043 -0
    outer loop
      vertex -16.1506 13.9294 0
      vertex -16.3014 14.0007 28
      vertex -16.1506 13.9294 28
    endloop
  endfacet
  facet normal 0.427442 0.904043 0
    outer loop
      vertex -16.3014 14.0007 28
      vertex -16.1506 13.9294 0
      vertex -16.3014 14.0007 0
    endloop
  endfacet
  facet normal -0.427442 -0.904043 0
    outer loop
      vertex -14.8494 17.0706 0
      vertex -14.6986 16.9993 28
      vertex -14.8494 17.0706 28
    endloop
  endfacet
  facet normal -0.427442 -0.904043 -0
    outer loop
      vertex -14.6986 16.9993 28
      vertex -14.8494 17.0706 0
      vertex -14.6986 16.9993 0
    endloop
  endfacet
  facet normal 0.989168 0.146788 0
    outer loop
      vertex -17.1673 15.1683 28
      vertex -17.1918 15.3334 0
      vertex -17.1918 15.3334 28
    endloop
  endfacet
  facet normal 0.989168 0.146788 0
    outer loop
      vertex -17.1918 15.3334 0
      vertex -17.1673 15.1683 28
      vertex -17.1673 15.1683 0
    endloop
  endfacet
  facet normal -0.671478 0.741024 0
    outer loop
      vertex -14.2979 14.2979 0
      vertex -14.4215 14.1859 28
      vertex -14.2979 14.2979 28
    endloop
  endfacet
  facet normal -0.671478 0.741024 0
    outer loop
      vertex -14.4215 14.1859 28
      vertex -14.2979 14.2979 0
      vertex -14.4215 14.1859 0
    endloop
  endfacet
  facet normal 0.427442 -0.904043 0
    outer loop
      vertex -16.3014 16.9993 0
      vertex -16.1506 17.0706 28
      vertex -16.3014 16.9993 28
    endloop
  endfacet
  facet normal 0.427442 -0.904043 0
    outer loop
      vertex -16.1506 17.0706 28
      vertex -16.3014 16.9993 0
      vertex -16.1506 17.0706 0
    endloop
  endfacet
  facet normal -0.970072 0.242818 0
    outer loop
      vertex -13.8732 15.0065 0
      vertex -13.8327 15.1683 28
      vertex -13.8327 15.1683 0
    endloop
  endfacet
  facet normal -0.970072 0.242818 0
    outer loop
      vertex -13.8327 15.1683 28
      vertex -13.8732 15.0065 0
      vertex -13.8732 15.0065 28
    endloop
  endfacet
  facet normal -0.242818 0.970072 0
    outer loop
      vertex -15.0065 13.8732 0
      vertex -15.1683 13.8327 28
      vertex -15.0065 13.8732 28
    endloop
  endfacet
  facet normal -0.242818 0.970072 0
    outer loop
      vertex -15.1683 13.8327 28
      vertex -15.0065 13.8732 0
      vertex -15.1683 13.8327 0
    endloop
  endfacet
  facet normal 0.989168 -0.146788 0
    outer loop
      vertex -17.1918 15.6666 28
      vertex -17.1673 15.8317 0
      vertex -17.1673 15.8317 28
    endloop
  endfacet
  facet normal 0.989168 -0.146788 0
    outer loop
      vertex -17.1673 15.8317 0
      vertex -17.1918 15.6666 28
      vertex -17.1918 15.6666 0
    endloop
  endfacet
  facet normal -0.941566 -0.33683 0
    outer loop
      vertex -13.8732 15.9935 0
      vertex -13.9294 16.1506 28
      vertex -13.9294 16.1506 0
    endloop
  endfacet
  facet normal -0.941566 -0.33683 0
    outer loop
      vertex -13.9294 16.1506 28
      vertex -13.8732 15.9935 0
      vertex -13.8732 15.9935 28
    endloop
  endfacet
  facet normal 0.514231 0.857652 -0
    outer loop
      vertex -16.3014 14.0007 0
      vertex -16.4445 14.0865 28
      vertex -16.3014 14.0007 28
    endloop
  endfacet
  facet normal 0.514231 0.857652 0
    outer loop
      vertex -16.4445 14.0865 28
      vertex -16.3014 14.0007 0
      vertex -16.4445 14.0865 0
    endloop
  endfacet
  facet normal 0.970072 -0.242818 0
    outer loop
      vertex -17.1673 15.8317 28
      vertex -17.1268 15.9935 0
      vertex -17.1268 15.9935 28
    endloop
  endfacet
  facet normal 0.970072 -0.242818 0
    outer loop
      vertex -17.1268 15.9935 0
      vertex -17.1673 15.8317 28
      vertex -17.1673 15.8317 0
    endloop
  endfacet
  facet normal -0.803154 0.595772 0
    outer loop
      vertex -14.1859 14.4215 0
      vertex -14.0865 14.5555 28
      vertex -14.0865 14.5555 0
    endloop
  endfacet
  facet normal -0.803154 0.595772 0
    outer loop
      vertex -14.0865 14.5555 28
      vertex -14.1859 14.4215 0
      vertex -14.1859 14.4215 28
    endloop
  endfacet
  facet normal 0.595772 0.803154 -0
    outer loop
      vertex -16.4445 14.0865 0
      vertex -16.5785 14.1859 28
      vertex -16.4445 14.0865 28
    endloop
  endfacet
  facet normal 0.595772 0.803154 0
    outer loop
      vertex -16.5785 14.1859 28
      vertex -16.4445 14.0865 0
      vertex -16.5785 14.1859 0
    endloop
  endfacet
  facet normal 0.33683 0.941566 -0
    outer loop
      vertex -15.9935 13.8732 0
      vertex -16.1506 13.9294 28
      vertex -15.9935 13.8732 28
    endloop
  endfacet
  facet normal 0.33683 0.941566 0
    outer loop
      vertex -16.1506 13.9294 28
      vertex -15.9935 13.8732 0
      vertex -16.1506 13.9294 0
    endloop
  endfacet
  facet normal -0.33683 -0.941566 0
    outer loop
      vertex -15.0065 17.1268 0
      vertex -14.8494 17.0706 28
      vertex -15.0065 17.1268 28
    endloop
  endfacet
  facet normal -0.33683 -0.941566 -0
    outer loop
      vertex -14.8494 17.0706 28
      vertex -15.0065 17.1268 0
      vertex -14.8494 17.0706 0
    endloop
  endfacet
  facet normal 0.741024 0.671478 0
    outer loop
      vertex -16.7021 14.2979 28
      vertex -16.8141 14.4215 0
      vertex -16.8141 14.4215 28
    endloop
  endfacet
  facet normal 0.741024 0.671478 0
    outer loop
      vertex -16.8141 14.4215 0
      vertex -16.7021 14.2979 28
      vertex -16.7021 14.2979 0
    endloop
  endfacet
  facet normal -0.514231 -0.857652 0
    outer loop
      vertex -14.6986 16.9993 0
      vertex -14.5555 16.9135 28
      vertex -14.6986 16.9993 28
    endloop
  endfacet
  facet normal -0.514231 -0.857652 -0
    outer loop
      vertex -14.5555 16.9135 28
      vertex -14.6986 16.9993 0
      vertex -14.5555 16.9135 0
    endloop
  endfacet
  facet normal 0.33683 -0.941566 0
    outer loop
      vertex -16.1506 17.0706 0
      vertex -15.9935 17.1268 28
      vertex -16.1506 17.0706 28
    endloop
  endfacet
  facet normal 0.33683 -0.941566 0
    outer loop
      vertex -15.9935 17.1268 28
      vertex -16.1506 17.0706 0
      vertex -15.9935 17.1268 0
    endloop
  endfacet
  facet normal 0.904043 0.427442 0
    outer loop
      vertex -16.9993 14.6986 28
      vertex -17.0706 14.8494 0
      vertex -17.0706 14.8494 28
    endloop
  endfacet
  facet normal 0.904043 0.427442 0
    outer loop
      vertex -17.0706 14.8494 0
      vertex -16.9993 14.6986 28
      vertex -16.9993 14.6986 0
    endloop
  endfacet
  facet normal 0.941566 0.33683 0
    outer loop
      vertex -17.0706 14.8494 28
      vertex -17.1268 15.0065 0
      vertex -17.1268 15.0065 28
    endloop
  endfacet
  facet normal 0.941566 0.33683 0
    outer loop
      vertex -17.1268 15.0065 0
      vertex -17.0706 14.8494 28
      vertex -17.0706 14.8494 0
    endloop
  endfacet
  facet normal -0.904043 -0.427442 0
    outer loop
      vertex -13.9294 16.1506 0
      vertex -14.0007 16.3014 28
      vertex -14.0007 16.3014 0
    endloop
  endfacet
  facet normal -0.904043 -0.427442 0
    outer loop
      vertex -14.0007 16.3014 28
      vertex -13.9294 16.1506 0
      vertex -13.9294 16.1506 28
    endloop
  endfacet
  facet normal 0.970072 0.242818 0
    outer loop
      vertex -17.1268 15.0065 28
      vertex -17.1673 15.1683 0
      vertex -17.1673 15.1683 28
    endloop
  endfacet
  facet normal 0.970072 0.242818 0
    outer loop
      vertex -17.1673 15.1683 0
      vertex -17.1268 15.0065 28
      vertex -17.1268 15.0065 0
    endloop
  endfacet
  facet normal 0.595772 -0.803154 0
    outer loop
      vertex -16.5785 16.8141 0
      vertex -16.4445 16.9135 28
      vertex -16.5785 16.8141 28
    endloop
  endfacet
  facet normal 0.595772 -0.803154 0
    outer loop
      vertex -16.4445 16.9135 28
      vertex -16.5785 16.8141 0
      vertex -16.4445 16.9135 0
    endloop
  endfacet
  facet normal 0.146788 0.989168 -0
    outer loop
      vertex -15.6666 13.8082 0
      vertex -15.8317 13.8327 28
      vertex -15.6666 13.8082 28
    endloop
  endfacet
  facet normal 0.146788 0.989168 0
    outer loop
      vertex -15.8317 13.8327 28
      vertex -15.6666 13.8082 0
      vertex -15.8317 13.8327 0
    endloop
  endfacet
  facet normal -0.741024 0.671478 0
    outer loop
      vertex -14.2979 14.2979 0
      vertex -14.1859 14.4215 28
      vertex -14.1859 14.4215 0
    endloop
  endfacet
  facet normal -0.741024 0.671478 0
    outer loop
      vertex -14.1859 14.4215 28
      vertex -14.2979 14.2979 0
      vertex -14.2979 14.2979 28
    endloop
  endfacet
  facet normal -0.146788 0.989168 0
    outer loop
      vertex -15.1683 13.8327 0
      vertex -15.3334 13.8082 28
      vertex -15.1683 13.8327 28
    endloop
  endfacet
  facet normal -0.146788 0.989168 0
    outer loop
      vertex -15.3334 13.8082 28
      vertex -15.1683 13.8327 0
      vertex -15.3334 13.8082 0
    endloop
  endfacet
  facet normal 0.514231 -0.857652 0
    outer loop
      vertex -16.4445 16.9135 0
      vertex -16.3014 16.9993 28
      vertex -16.4445 16.9135 28
    endloop
  endfacet
  facet normal 0.514231 -0.857652 0
    outer loop
      vertex -16.3014 16.9993 28
      vertex -16.4445 16.9135 0
      vertex -16.3014 16.9993 0
    endloop
  endfacet
  facet normal -0.0491602 -0.998791 0
    outer loop
      vertex -15.5 17.2 0
      vertex -15.3334 17.1918 28
      vertex -15.5 17.2 28
    endloop
  endfacet
  facet normal -0.0491602 -0.998791 -0
    outer loop
      vertex -15.3334 17.1918 28
      vertex -15.5 17.2 0
      vertex -15.3334 17.1918 0
    endloop
  endfacet
  facet normal 0.857652 0.514231 0
    outer loop
      vertex -16.9135 14.5555 28
      vertex -16.9993 14.6986 0
      vertex -16.9993 14.6986 28
    endloop
  endfacet
  facet normal 0.857652 0.514231 0
    outer loop
      vertex -16.9993 14.6986 0
      vertex -16.9135 14.5555 28
      vertex -16.9135 14.5555 0
    endloop
  endfacet
  facet normal -0.242818 -0.970072 0
    outer loop
      vertex -15.1683 17.1673 0
      vertex -15.0065 17.1268 28
      vertex -15.1683 17.1673 28
    endloop
  endfacet
  facet normal -0.242818 -0.970072 -0
    outer loop
      vertex -15.0065 17.1268 28
      vertex -15.1683 17.1673 0
      vertex -15.0065 17.1268 0
    endloop
  endfacet
  facet normal 0.941566 -0.33683 0
    outer loop
      vertex -17.1268 15.9935 28
      vertex -17.0706 16.1506 0
      vertex -17.0706 16.1506 28
    endloop
  endfacet
  facet normal 0.941566 -0.33683 0
    outer loop
      vertex -17.0706 16.1506 0
      vertex -17.1268 15.9935 28
      vertex -17.1268 15.9935 0
    endloop
  endfacet
  facet normal -0.671478 -0.741024 0
    outer loop
      vertex -14.4215 16.8141 0
      vertex -14.2979 16.7021 28
      vertex -14.4215 16.8141 28
    endloop
  endfacet
  facet normal -0.671478 -0.741024 -0
    outer loop
      vertex -14.2979 16.7021 28
      vertex -14.4215 16.8141 0
      vertex -14.2979 16.7021 0
    endloop
  endfacet
  facet normal 0.0491602 -0.998791 0
    outer loop
      vertex -15.6666 17.1918 0
      vertex -15.5 17.2 28
      vertex -15.6666 17.1918 28
    endloop
  endfacet
  facet normal 0.0491602 -0.998791 0
    outer loop
      vertex -15.5 17.2 28
      vertex -15.6666 17.1918 0
      vertex -15.5 17.2 0
    endloop
  endfacet
  facet normal -0.427442 0.904043 0
    outer loop
      vertex -14.6986 14.0007 0
      vertex -14.8494 13.9294 28
      vertex -14.6986 14.0007 28
    endloop
  endfacet
  facet normal -0.427442 0.904043 0
    outer loop
      vertex -14.8494 13.9294 28
      vertex -14.6986 14.0007 0
      vertex -14.8494 13.9294 0
    endloop
  endfacet
  facet normal -0.989168 0.146788 0
    outer loop
      vertex -13.8327 15.1683 0
      vertex -13.8082 15.3334 28
      vertex -13.8082 15.3334 0
    endloop
  endfacet
  facet normal -0.989168 0.146788 0
    outer loop
      vertex -13.8082 15.3334 28
      vertex -13.8327 15.1683 0
      vertex -13.8327 15.1683 28
    endloop
  endfacet
  facet normal -0.857652 -0.514231 0
    outer loop
      vertex -14.0007 16.3014 0
      vertex -14.0865 16.4445 28
      vertex -14.0865 16.4445 0
    endloop
  endfacet
  facet normal -0.857652 -0.514231 0
    outer loop
      vertex -14.0865 16.4445 28
      vertex -14.0007 16.3014 0
      vertex -14.0007 16.3014 28
    endloop
  endfacet
  facet normal 0.0491602 0.998791 -0
    outer loop
      vertex -15.5 13.8 0
      vertex -15.6666 13.8082 28
      vertex -15.5 13.8 28
    endloop
  endfacet
  facet normal 0.0491602 0.998791 0
    outer loop
      vertex -15.6666 13.8082 28
      vertex -15.5 13.8 0
      vertex -15.6666 13.8082 0
    endloop
  endfacet
  facet normal 0.671478 -0.741024 0
    outer loop
      vertex -16.7021 16.7021 0
      vertex -16.5785 16.8141 28
      vertex -16.7021 16.7021 28
    endloop
  endfacet
  facet normal 0.671478 -0.741024 0
    outer loop
      vertex -16.5785 16.8141 28
      vertex -16.7021 16.7021 0
      vertex -16.5785 16.8141 0
    endloop
  endfacet
  facet normal 0.741024 -0.671478 0
    outer loop
      vertex -16.8141 16.5785 28
      vertex -16.7021 16.7021 0
      vertex -16.7021 16.7021 28
    endloop
  endfacet
  facet normal 0.741024 -0.671478 0
    outer loop
      vertex -16.7021 16.7021 0
      vertex -16.8141 16.5785 28
      vertex -16.8141 16.5785 0
    endloop
  endfacet
  facet normal -0.904043 0.427442 0
    outer loop
      vertex -14.0007 14.6986 0
      vertex -13.9294 14.8494 28
      vertex -13.9294 14.8494 0
    endloop
  endfacet
  facet normal -0.904043 0.427442 0
    outer loop
      vertex -13.9294 14.8494 28
      vertex -14.0007 14.6986 0
      vertex -14.0007 14.6986 28
    endloop
  endfacet
  facet normal -0.0491602 0.998791 0
    outer loop
      vertex -15.3334 13.8082 0
      vertex -15.5 13.8 28
      vertex -15.3334 13.8082 28
    endloop
  endfacet
  facet normal -0.0491602 0.998791 0
    outer loop
      vertex -15.5 13.8 28
      vertex -15.3334 13.8082 0
      vertex -15.5 13.8 0
    endloop
  endfacet
  facet normal 0.671478 0.741024 -0
    outer loop
      vertex -16.5785 14.1859 0
      vertex -16.7021 14.2979 28
      vertex -16.5785 14.1859 28
    endloop
  endfacet
  facet normal 0.671478 0.741024 0
    outer loop
      vertex -16.7021 14.2979 28
      vertex -16.5785 14.1859 0
      vertex -16.7021 14.2979 0
    endloop
  endfacet
  facet normal -0.941566 0.33683 0
    outer loop
      vertex -13.9294 14.8494 0
      vertex -13.8732 15.0065 28
      vertex -13.8732 15.0065 0
    endloop
  endfacet
  facet normal -0.941566 0.33683 0
    outer loop
      vertex -13.8732 15.0065 28
      vertex -13.9294 14.8494 0
      vertex -13.9294 14.8494 28
    endloop
  endfacet
  facet normal -0.741024 -0.671478 0
    outer loop
      vertex -14.1859 16.5785 0
      vertex -14.2979 16.7021 28
      vertex -14.2979 16.7021 0
    endloop
  endfacet
  facet normal -0.741024 -0.671478 0
    outer loop
      vertex -14.2979 16.7021 28
      vertex -14.1859 16.5785 0
      vertex -14.1859 16.5785 28
    endloop
  endfacet
  facet normal 0.242818 0.970072 -0
    outer loop
      vertex -15.8317 13.8327 0
      vertex -15.9935 13.8732 28
      vertex -15.8317 13.8327 28
    endloop
  endfacet
  facet normal 0.242818 0.970072 0
    outer loop
      vertex -15.9935 13.8732 28
      vertex -15.8317 13.8327 0
      vertex -15.9935 13.8732 0
    endloop
  endfacet
  facet normal -0.595772 0.803154 0
    outer loop
      vertex -14.4215 14.1859 0
      vertex -14.5555 14.0865 28
      vertex -14.4215 14.1859 28
    endloop
  endfacet
  facet normal -0.595772 0.803154 0
    outer loop
      vertex -14.5555 14.0865 28
      vertex -14.4215 14.1859 0
      vertex -14.5555 14.0865 0
    endloop
  endfacet
  facet normal -0.857652 0.514231 0
    outer loop
      vertex -14.0865 14.5555 0
      vertex -14.0007 14.6986 28
      vertex -14.0007 14.6986 0
    endloop
  endfacet
  facet normal -0.857652 0.514231 0
    outer loop
      vertex -14.0007 14.6986 28
      vertex -14.0865 14.5555 0
      vertex -14.0865 14.5555 28
    endloop
  endfacet
  facet normal 0.803154 0.595772 0
    outer loop
      vertex -16.8141 14.4215 28
      vertex -16.9135 14.5555 0
      vertex -16.9135 14.5555 28
    endloop
  endfacet
  facet normal 0.803154 0.595772 0
    outer loop
      vertex -16.9135 14.5555 0
      vertex -16.8141 14.4215 28
      vertex -16.8141 14.4215 0
    endloop
  endfacet
  facet normal 0.857652 -0.514231 0
    outer loop
      vertex -16.9993 16.3014 28
      vertex -16.9135 16.4445 0
      vertex -16.9135 16.4445 28
    endloop
  endfacet
  facet normal 0.857652 -0.514231 0
    outer loop
      vertex -16.9135 16.4445 0
      vertex -16.9993 16.3014 28
      vertex -16.9993 16.3014 0
    endloop
  endfacet
  facet normal -0.33683 0.941566 0
    outer loop
      vertex -14.8494 13.9294 0
      vertex -15.0065 13.8732 28
      vertex -14.8494 13.9294 28
    endloop
  endfacet
  facet normal -0.33683 0.941566 0
    outer loop
      vertex -15.0065 13.8732 28
      vertex -14.8494 13.9294 0
      vertex -15.0065 13.8732 0
    endloop
  endfacet
  facet normal 0.998791 -0.0491602 0
    outer loop
      vertex -17.2 15.5 28
      vertex -17.1918 15.6666 0
      vertex -17.1918 15.6666 28
    endloop
  endfacet
  facet normal 0.998791 -0.0491602 0
    outer loop
      vertex -17.1918 15.6666 0
      vertex -17.2 15.5 28
      vertex -17.2 15.5 0
    endloop
  endfacet
  facet normal 0.998791 0.0491602 0
    outer loop
      vertex -17.1918 15.3334 28
      vertex -17.2 15.5 0
      vertex -17.2 15.5 28
    endloop
  endfacet
  facet normal 0.998791 0.0491602 0
    outer loop
      vertex -17.2 15.5 0
      vertex -17.1918 15.3334 28
      vertex -17.1918 15.3334 0
    endloop
  endfacet
  facet normal -0.989168 -0.146788 0
    outer loop
      vertex -13.8082 -15.3334 0
      vertex -13.8327 -15.1683 28
      vertex -13.8327 -15.1683 0
    endloop
  endfacet
  facet normal -0.989168 -0.146788 0
    outer loop
      vertex -13.8327 -15.1683 28
      vertex -13.8082 -15.3334 0
      vertex -13.8082 -15.3334 28
    endloop
  endfacet
  facet normal -0.998791 -0.0491602 0
    outer loop
      vertex -13.8 -15.5 0
      vertex -13.8082 -15.3334 28
      vertex -13.8082 -15.3334 0
    endloop
  endfacet
  facet normal -0.998791 -0.0491602 0
    outer loop
      vertex -13.8082 -15.3334 28
      vertex -13.8 -15.5 0
      vertex -13.8 -15.5 28
    endloop
  endfacet
  facet normal -0.970072 -0.242818 0
    outer loop
      vertex -13.8327 -15.1683 0
      vertex -13.8732 -15.0065 28
      vertex -13.8732 -15.0065 0
    endloop
  endfacet
  facet normal -0.970072 -0.242818 0
    outer loop
      vertex -13.8732 -15.0065 28
      vertex -13.8327 -15.1683 0
      vertex -13.8327 -15.1683 28
    endloop
  endfacet
  facet normal -0.427442 0.904043 0
    outer loop
      vertex -14.6986 -16.9993 0
      vertex -14.8494 -17.0706 28
      vertex -14.6986 -16.9993 28
    endloop
  endfacet
  facet normal -0.427442 0.904043 0
    outer loop
      vertex -14.8494 -17.0706 28
      vertex -14.6986 -16.9993 0
      vertex -14.8494 -17.0706 0
    endloop
  endfacet
  facet normal 0.0491602 -0.998791 0
    outer loop
      vertex -15.6666 -13.8082 0
      vertex -15.5 -13.8 28
      vertex -15.6666 -13.8082 28
    endloop
  endfacet
  facet normal 0.0491602 -0.998791 0
    outer loop
      vertex -15.5 -13.8 28
      vertex -15.6666 -13.8082 0
      vertex -15.5 -13.8 0
    endloop
  endfacet
  facet normal 0.427442 -0.904043 0
    outer loop
      vertex -16.3014 -14.0007 0
      vertex -16.1506 -13.9294 28
      vertex -16.3014 -14.0007 28
    endloop
  endfacet
  facet normal 0.427442 -0.904043 0
    outer loop
      vertex -16.1506 -13.9294 28
      vertex -16.3014 -14.0007 0
      vertex -16.1506 -13.9294 0
    endloop
  endfacet
  facet normal -0.741024 -0.671478 0
    outer loop
      vertex -14.1859 -14.4215 0
      vertex -14.2979 -14.2979 28
      vertex -14.2979 -14.2979 0
    endloop
  endfacet
  facet normal -0.741024 -0.671478 0
    outer loop
      vertex -14.2979 -14.2979 28
      vertex -14.1859 -14.4215 0
      vertex -14.1859 -14.4215 28
    endloop
  endfacet
  facet normal 0.146788 0.989168 -0
    outer loop
      vertex -15.6666 -17.1918 0
      vertex -15.8317 -17.1673 28
      vertex -15.6666 -17.1918 28
    endloop
  endfacet
  facet normal 0.146788 0.989168 0
    outer loop
      vertex -15.8317 -17.1673 28
      vertex -15.6666 -17.1918 0
      vertex -15.8317 -17.1673 0
    endloop
  endfacet
  facet normal -0.427442 -0.904043 0
    outer loop
      vertex -14.8494 -13.9294 0
      vertex -14.6986 -14.0007 28
      vertex -14.8494 -13.9294 28
    endloop
  endfacet
  facet normal -0.427442 -0.904043 -0
    outer loop
      vertex -14.6986 -14.0007 28
      vertex -14.8494 -13.9294 0
      vertex -14.6986 -14.0007 0
    endloop
  endfacet
  facet normal 0.146788 -0.989168 0
    outer loop
      vertex -15.8317 -13.8327 0
      vertex -15.6666 -13.8082 28
      vertex -15.8317 -13.8327 28
    endloop
  endfacet
  facet normal 0.146788 -0.989168 0
    outer loop
      vertex -15.6666 -13.8082 28
      vertex -15.8317 -13.8327 0
      vertex -15.6666 -13.8082 0
    endloop
  endfacet
  facet normal -0.242818 0.970072 0
    outer loop
      vertex -15.0065 -17.1268 0
      vertex -15.1683 -17.1673 28
      vertex -15.0065 -17.1268 28
    endloop
  endfacet
  facet normal -0.242818 0.970072 0
    outer loop
      vertex -15.1683 -17.1673 28
      vertex -15.0065 -17.1268 0
      vertex -15.1683 -17.1673 0
    endloop
  endfacet
  facet normal 0.595772 -0.803154 0
    outer loop
      vertex -16.5785 -14.1859 0
      vertex -16.4445 -14.0865 28
      vertex -16.5785 -14.1859 28
    endloop
  endfacet
  facet normal 0.595772 -0.803154 0
    outer loop
      vertex -16.4445 -14.0865 28
      vertex -16.5785 -14.1859 0
      vertex -16.4445 -14.0865 0
    endloop
  endfacet
  facet normal 0.904043 -0.427442 0
    outer loop
      vertex -17.0706 -14.8494 28
      vertex -16.9993 -14.6986 0
      vertex -16.9993 -14.6986 28
    endloop
  endfacet
  facet normal 0.904043 -0.427442 0
    outer loop
      vertex -16.9993 -14.6986 0
      vertex -17.0706 -14.8494 28
      vertex -17.0706 -14.8494 0
    endloop
  endfacet
  facet normal 0.427442 0.904043 -0
    outer loop
      vertex -16.1506 -17.0706 0
      vertex -16.3014 -16.9993 28
      vertex -16.1506 -17.0706 28
    endloop
  endfacet
  facet normal 0.427442 0.904043 0
    outer loop
      vertex -16.3014 -16.9993 28
      vertex -16.1506 -17.0706 0
      vertex -16.3014 -16.9993 0
    endloop
  endfacet
  facet normal -0.33683 0.941566 0
    outer loop
      vertex -14.8494 -17.0706 0
      vertex -15.0065 -17.1268 28
      vertex -14.8494 -17.0706 28
    endloop
  endfacet
  facet normal -0.33683 0.941566 0
    outer loop
      vertex -15.0065 -17.1268 28
      vertex -14.8494 -17.0706 0
      vertex -15.0065 -17.1268 0
    endloop
  endfacet
  facet normal 0.595772 0.803154 -0
    outer loop
      vertex -16.4445 -16.9135 0
      vertex -16.5785 -16.8141 28
      vertex -16.4445 -16.9135 28
    endloop
  endfacet
  facet normal 0.595772 0.803154 0
    outer loop
      vertex -16.5785 -16.8141 28
      vertex -16.4445 -16.9135 0
      vertex -16.5785 -16.8141 0
    endloop
  endfacet
  facet normal 0.904043 0.427442 0
    outer loop
      vertex -16.9993 -16.3014 28
      vertex -17.0706 -16.1506 0
      vertex -17.0706 -16.1506 28
    endloop
  endfacet
  facet normal 0.904043 0.427442 0
    outer loop
      vertex -17.0706 -16.1506 0
      vertex -16.9993 -16.3014 28
      vertex -16.9993 -16.3014 0
    endloop
  endfacet
  facet normal -0.514231 -0.857652 0
    outer loop
      vertex -14.6986 -14.0007 0
      vertex -14.5555 -14.0865 28
      vertex -14.6986 -14.0007 28
    endloop
  endfacet
  facet normal -0.514231 -0.857652 -0
    outer loop
      vertex -14.5555 -14.0865 28
      vertex -14.6986 -14.0007 0
      vertex -14.5555 -14.0865 0
    endloop
  endfacet
  facet normal 0.998791 0.0491602 0
    outer loop
      vertex -17.1918 -15.6666 28
      vertex -17.2 -15.5 0
      vertex -17.2 -15.5 28
    endloop
  endfacet
  facet normal 0.998791 0.0491602 0
    outer loop
      vertex -17.2 -15.5 0
      vertex -17.1918 -15.6666 28
      vertex -17.1918 -15.6666 0
    endloop
  endfacet
  facet normal 0.33683 0.941566 -0
    outer loop
      vertex -15.9935 -17.1268 0
      vertex -16.1506 -17.0706 28
      vertex -15.9935 -17.1268 28
    endloop
  endfacet
  facet normal 0.33683 0.941566 0
    outer loop
      vertex -16.1506 -17.0706 28
      vertex -15.9935 -17.1268 0
      vertex -16.1506 -17.0706 0
    endloop
  endfacet
  facet normal -0.595772 -0.803154 0
    outer loop
      vertex -14.5555 -14.0865 0
      vertex -14.4215 -14.1859 28
      vertex -14.5555 -14.0865 28
    endloop
  endfacet
  facet normal -0.595772 -0.803154 -0
    outer loop
      vertex -14.4215 -14.1859 28
      vertex -14.5555 -14.0865 0
      vertex -14.4215 -14.1859 0
    endloop
  endfacet
  facet normal -0.970072 0.242818 0
    outer loop
      vertex -13.8732 -15.9935 0
      vertex -13.8327 -15.8317 28
      vertex -13.8327 -15.8317 0
    endloop
  endfacet
  facet normal -0.970072 0.242818 0
    outer loop
      vertex -13.8327 -15.8317 28
      vertex -13.8732 -15.9935 0
      vertex -13.8732 -15.9935 28
    endloop
  endfacet
  facet normal 0.514231 -0.857652 0
    outer loop
      vertex -16.4445 -14.0865 0
      vertex -16.3014 -14.0007 28
      vertex -16.4445 -14.0865 28
    endloop
  endfacet
  facet normal 0.514231 -0.857652 0
    outer loop
      vertex -16.3014 -14.0007 28
      vertex -16.4445 -14.0865 0
      vertex -16.3014 -14.0007 0
    endloop
  endfacet
  facet normal 0.941566 0.33683 0
    outer loop
      vertex -17.0706 -16.1506 28
      vertex -17.1268 -15.9935 0
      vertex -17.1268 -15.9935 28
    endloop
  endfacet
  facet normal 0.941566 0.33683 0
    outer loop
      vertex -17.1268 -15.9935 0
      vertex -17.0706 -16.1506 28
      vertex -17.0706 -16.1506 0
    endloop
  endfacet
  facet normal -0.242818 -0.970072 0
    outer loop
      vertex -15.1683 -13.8327 0
      vertex -15.0065 -13.8732 28
      vertex -15.1683 -13.8327 28
    endloop
  endfacet
  facet normal -0.242818 -0.970072 -0
    outer loop
      vertex -15.0065 -13.8732 28
      vertex -15.1683 -13.8327 0
      vertex -15.0065 -13.8732 0
    endloop
  endfacet
  facet normal 0.741024 -0.671478 0
    outer loop
      vertex -16.8141 -14.4215 28
      vertex -16.7021 -14.2979 0
      vertex -16.7021 -14.2979 28
    endloop
  endfacet
  facet normal 0.741024 -0.671478 0
    outer loop
      vertex -16.7021 -14.2979 0
      vertex -16.8141 -14.4215 28
      vertex -16.8141 -14.4215 0
    endloop
  endfacet
  facet normal -0.0491602 0.998791 0
    outer loop
      vertex -15.3334 -17.1918 0
      vertex -15.5 -17.2 28
      vertex -15.3334 -17.1918 28
    endloop
  endfacet
  facet normal -0.0491602 0.998791 0
    outer loop
      vertex -15.5 -17.2 28
      vertex -15.3334 -17.1918 0
      vertex -15.5 -17.2 0
    endloop
  endfacet
  facet normal -0.803154 -0.595772 0
    outer loop
      vertex -14.0865 -14.5555 0
      vertex -14.1859 -14.4215 28
      vertex -14.1859 -14.4215 0
    endloop
  endfacet
  facet normal -0.803154 -0.595772 0
    outer loop
      vertex -14.1859 -14.4215 28
      vertex -14.0865 -14.5555 0
      vertex -14.0865 -14.5555 28
    endloop
  endfacet
  facet normal 0.970072 0.242818 0
    outer loop
      vertex -17.1268 -15.9935 28
      vertex -17.1673 -15.8317 0
      vertex -17.1673 -15.8317 28
    endloop
  endfacet
  facet normal 0.970072 0.242818 0
    outer loop
      vertex -17.1673 -15.8317 0
      vertex -17.1268 -15.9935 28
      vertex -17.1268 -15.9935 0
    endloop
  endfacet
  facet normal -0.989168 0.146788 0
    outer loop
      vertex -13.8327 -15.8317 0
      vertex -13.8082 -15.6666 28
      vertex -13.8082 -15.6666 0
    endloop
  endfacet
  facet normal -0.989168 0.146788 0
    outer loop
      vertex -13.8082 -15.6666 28
      vertex -13.8327 -15.8317 0
      vertex -13.8327 -15.8317 28
    endloop
  endfacet
  facet normal -0.514231 0.857652 0
    outer loop
      vertex -14.5555 -16.9135 0
      vertex -14.6986 -16.9993 28
      vertex -14.5555 -16.9135 28
    endloop
  endfacet
  facet normal -0.514231 0.857652 0
    outer loop
      vertex -14.6986 -16.9993 28
      vertex -14.5555 -16.9135 0
      vertex -14.6986 -16.9993 0
    endloop
  endfacet
  facet normal 0.941566 -0.33683 0
    outer loop
      vertex -17.1268 -15.0065 28
      vertex -17.0706 -14.8494 0
      vertex -17.0706 -14.8494 28
    endloop
  endfacet
  facet normal 0.941566 -0.33683 0
    outer loop
      vertex -17.0706 -14.8494 0
      vertex -17.1268 -15.0065 28
      vertex -17.1268 -15.0065 0
    endloop
  endfacet
  facet normal 0.989168 -0.146788 0
    outer loop
      vertex -17.1918 -15.3334 28
      vertex -17.1673 -15.1683 0
      vertex -17.1673 -15.1683 28
    endloop
  endfacet
  facet normal 0.989168 -0.146788 0
    outer loop
      vertex -17.1673 -15.1683 0
      vertex -17.1918 -15.3334 28
      vertex -17.1918 -15.3334 0
    endloop
  endfacet
  facet normal -0.904043 0.427442 0
    outer loop
      vertex -14.0007 -16.3014 0
      vertex -13.9294 -16.1506 28
      vertex -13.9294 -16.1506 0
    endloop
  endfacet
  facet normal -0.904043 0.427442 0
    outer loop
      vertex -13.9294 -16.1506 28
      vertex -14.0007 -16.3014 0
      vertex -14.0007 -16.3014 28
    endloop
  endfacet
  facet normal -0.33683 -0.941566 0
    outer loop
      vertex -15.0065 -13.8732 0
      vertex -14.8494 -13.9294 28
      vertex -15.0065 -13.8732 28
    endloop
  endfacet
  facet normal -0.33683 -0.941566 -0
    outer loop
      vertex -14.8494 -13.9294 28
      vertex -15.0065 -13.8732 0
      vertex -14.8494 -13.9294 0
    endloop
  endfacet
  facet normal -0.998791 0.0491602 0
    outer loop
      vertex -13.8082 -15.6666 0
      vertex -13.8 -15.5 28
      vertex -13.8 -15.5 0
    endloop
  endfacet
  facet normal -0.998791 0.0491602 0
    outer loop
      vertex -13.8 -15.5 28
      vertex -13.8082 -15.6666 0
      vertex -13.8082 -15.6666 28
    endloop
  endfacet
  facet normal -0.146788 0.989168 0
    outer loop
      vertex -15.1683 -17.1673 0
      vertex -15.3334 -17.1918 28
      vertex -15.1683 -17.1673 28
    endloop
  endfacet
  facet normal -0.146788 0.989168 0
    outer loop
      vertex -15.3334 -17.1918 28
      vertex -15.1683 -17.1673 0
      vertex -15.3334 -17.1918 0
    endloop
  endfacet
  facet normal -0.941566 -0.33683 0
    outer loop
      vertex -13.8732 -15.0065 0
      vertex -13.9294 -14.8494 28
      vertex -13.9294 -14.8494 0
    endloop
  endfacet
  facet normal -0.941566 -0.33683 0
    outer loop
      vertex -13.9294 -14.8494 28
      vertex -13.8732 -15.0065 0
      vertex -13.8732 -15.0065 28
    endloop
  endfacet
  facet normal -0.803154 0.595772 0
    outer loop
      vertex -14.1859 -16.5785 0
      vertex -14.0865 -16.4445 28
      vertex -14.0865 -16.4445 0
    endloop
  endfacet
  facet normal -0.803154 0.595772 0
    outer loop
      vertex -14.0865 -16.4445 28
      vertex -14.1859 -16.5785 0
      vertex -14.1859 -16.5785 28
    endloop
  endfacet
  facet normal -0.857652 0.514231 0
    outer loop
      vertex -14.0865 -16.4445 0
      vertex -14.0007 -16.3014 28
      vertex -14.0007 -16.3014 0
    endloop
  endfacet
  facet normal -0.857652 0.514231 0
    outer loop
      vertex -14.0007 -16.3014 28
      vertex -14.0865 -16.4445 0
      vertex -14.0865 -16.4445 28
    endloop
  endfacet
  facet normal 0.242818 -0.970072 0
    outer loop
      vertex -15.9935 -13.8732 0
      vertex -15.8317 -13.8327 28
      vertex -15.9935 -13.8732 28
    endloop
  endfacet
  facet normal 0.242818 -0.970072 0
    outer loop
      vertex -15.8317 -13.8327 28
      vertex -15.9935 -13.8732 0
      vertex -15.8317 -13.8327 0
    endloop
  endfacet
  facet normal -0.941566 0.33683 0
    outer loop
      vertex -13.9294 -16.1506 0
      vertex -13.8732 -15.9935 28
      vertex -13.8732 -15.9935 0
    endloop
  endfacet
  facet normal -0.941566 0.33683 0
    outer loop
      vertex -13.8732 -15.9935 28
      vertex -13.9294 -16.1506 0
      vertex -13.9294 -16.1506 28
    endloop
  endfacet
  facet normal -0.0491602 -0.998791 0
    outer loop
      vertex -15.5 -13.8 0
      vertex -15.3334 -13.8082 28
      vertex -15.5 -13.8 28
    endloop
  endfacet
  facet normal -0.0491602 -0.998791 -0
    outer loop
      vertex -15.3334 -13.8082 28
      vertex -15.5 -13.8 0
      vertex -15.3334 -13.8082 0
    endloop
  endfacet
  facet normal -0.904043 -0.427442 0
    outer loop
      vertex -13.9294 -14.8494 0
      vertex -14.0007 -14.6986 28
      vertex -14.0007 -14.6986 0
    endloop
  endfacet
  facet normal -0.904043 -0.427442 0
    outer loop
      vertex -14.0007 -14.6986 28
      vertex -13.9294 -14.8494 0
      vertex -13.9294 -14.8494 28
    endloop
  endfacet
  facet normal -0.146788 -0.989168 0
    outer loop
      vertex -15.3334 -13.8082 0
      vertex -15.1683 -13.8327 28
      vertex -15.3334 -13.8082 28
    endloop
  endfacet
  facet normal -0.146788 -0.989168 -0
    outer loop
      vertex -15.1683 -13.8327 28
      vertex -15.3334 -13.8082 0
      vertex -15.1683 -13.8327 0
    endloop
  endfacet
  facet normal 0.242818 0.970072 -0
    outer loop
      vertex -15.8317 -17.1673 0
      vertex -15.9935 -17.1268 28
      vertex -15.8317 -17.1673 28
    endloop
  endfacet
  facet normal 0.242818 0.970072 0
    outer loop
      vertex -15.9935 -17.1268 28
      vertex -15.8317 -17.1673 0
      vertex -15.9935 -17.1268 0
    endloop
  endfacet
  facet normal 0.857652 0.514231 0
    outer loop
      vertex -16.9135 -16.4445 28
      vertex -16.9993 -16.3014 0
      vertex -16.9993 -16.3014 28
    endloop
  endfacet
  facet normal 0.857652 0.514231 0
    outer loop
      vertex -16.9993 -16.3014 0
      vertex -16.9135 -16.4445 28
      vertex -16.9135 -16.4445 0
    endloop
  endfacet
  facet normal -0.857652 -0.514231 0
    outer loop
      vertex -14.0007 -14.6986 0
      vertex -14.0865 -14.5555 28
      vertex -14.0865 -14.5555 0
    endloop
  endfacet
  facet normal -0.857652 -0.514231 0
    outer loop
      vertex -14.0865 -14.5555 28
      vertex -14.0007 -14.6986 0
      vertex -14.0007 -14.6986 28
    endloop
  endfacet
  facet normal 0.33683 -0.941566 0
    outer loop
      vertex -16.1506 -13.9294 0
      vertex -15.9935 -13.8732 28
      vertex -16.1506 -13.9294 28
    endloop
  endfacet
  facet normal 0.33683 -0.941566 0
    outer loop
      vertex -15.9935 -13.8732 28
      vertex -16.1506 -13.9294 0
      vertex -15.9935 -13.8732 0
    endloop
  endfacet
  facet normal 0.741024 0.671478 0
    outer loop
      vertex -16.7021 -16.7021 28
      vertex -16.8141 -16.5785 0
      vertex -16.8141 -16.5785 28
    endloop
  endfacet
  facet normal 0.741024 0.671478 0
    outer loop
      vertex -16.8141 -16.5785 0
      vertex -16.7021 -16.7021 28
      vertex -16.7021 -16.7021 0
    endloop
  endfacet
  facet normal 0.671478 -0.741024 0
    outer loop
      vertex -16.7021 -14.2979 0
      vertex -16.5785 -14.1859 28
      vertex -16.7021 -14.2979 28
    endloop
  endfacet
  facet normal 0.671478 -0.741024 0
    outer loop
      vertex -16.5785 -14.1859 28
      vertex -16.7021 -14.2979 0
      vertex -16.5785 -14.1859 0
    endloop
  endfacet
  facet normal 0.514231 0.857652 -0
    outer loop
      vertex -16.3014 -16.9993 0
      vertex -16.4445 -16.9135 28
      vertex -16.3014 -16.9993 28
    endloop
  endfacet
  facet normal 0.514231 0.857652 0
    outer loop
      vertex -16.4445 -16.9135 28
      vertex -16.3014 -16.9993 0
      vertex -16.4445 -16.9135 0
    endloop
  endfacet
  facet normal 0.970072 -0.242818 0
    outer loop
      vertex -17.1673 -15.1683 28
      vertex -17.1268 -15.0065 0
      vertex -17.1268 -15.0065 28
    endloop
  endfacet
  facet normal 0.970072 -0.242818 0
    outer loop
      vertex -17.1268 -15.0065 0
      vertex -17.1673 -15.1683 28
      vertex -17.1673 -15.1683 0
    endloop
  endfacet
  facet normal -0.671478 -0.741024 0
    outer loop
      vertex -14.4215 -14.1859 0
      vertex -14.2979 -14.2979 28
      vertex -14.4215 -14.1859 28
    endloop
  endfacet
  facet normal -0.671478 -0.741024 -0
    outer loop
      vertex -14.2979 -14.2979 28
      vertex -14.4215 -14.1859 0
      vertex -14.2979 -14.2979 0
    endloop
  endfacet
  facet normal 0.803154 0.595772 0
    outer loop
      vertex -16.8141 -16.5785 28
      vertex -16.9135 -16.4445 0
      vertex -16.9135 -16.4445 28
    endloop
  endfacet
  facet normal 0.803154 0.595772 0
    outer loop
      vertex -16.9135 -16.4445 0
      vertex -16.8141 -16.5785 28
      vertex -16.8141 -16.5785 0
    endloop
  endfacet
  facet normal 0.989168 0.146788 0
    outer loop
      vertex -17.1673 -15.8317 28
      vertex -17.1918 -15.6666 0
      vertex -17.1918 -15.6666 28
    endloop
  endfacet
  facet normal 0.989168 0.146788 0
    outer loop
      vertex -17.1918 -15.6666 0
      vertex -17.1673 -15.8317 28
      vertex -17.1673 -15.8317 0
    endloop
  endfacet
  facet normal -0.595772 0.803154 0
    outer loop
      vertex -14.4215 -16.8141 0
      vertex -14.5555 -16.9135 28
      vertex -14.4215 -16.8141 28
    endloop
  endfacet
  facet normal -0.595772 0.803154 0
    outer loop
      vertex -14.5555 -16.9135 28
      vertex -14.4215 -16.8141 0
      vertex -14.5555 -16.9135 0
    endloop
  endfacet
  facet normal 0.671478 0.741024 -0
    outer loop
      vertex -16.5785 -16.8141 0
      vertex -16.7021 -16.7021 28
      vertex -16.5785 -16.8141 28
    endloop
  endfacet
  facet normal 0.671478 0.741024 0
    outer loop
      vertex -16.7021 -16.7021 28
      vertex -16.5785 -16.8141 0
      vertex -16.7021 -16.7021 0
    endloop
  endfacet
  facet normal 0.803154 -0.595772 0
    outer loop
      vertex -16.9135 -14.5555 28
      vertex -16.8141 -14.4215 0
      vertex -16.8141 -14.4215 28
    endloop
  endfacet
  facet normal 0.803154 -0.595772 0
    outer loop
      vertex -16.8141 -14.4215 0
      vertex -16.9135 -14.5555 28
      vertex -16.9135 -14.5555 0
    endloop
  endfacet
  facet normal 0.857652 -0.514231 0
    outer loop
      vertex -16.9993 -14.6986 28
      vertex -16.9135 -14.5555 0
      vertex -16.9135 -14.5555 28
    endloop
  endfacet
  facet normal 0.857652 -0.514231 0
    outer loop
      vertex -16.9135 -14.5555 0
      vertex -16.9993 -14.6986 28
      vertex -16.9993 -14.6986 0
    endloop
  endfacet
  facet normal 0.0491602 0.998791 -0
    outer loop
      vertex -15.5 -17.2 0
      vertex -15.6666 -17.1918 28
      vertex -15.5 -17.2 28
    endloop
  endfacet
  facet normal 0.0491602 0.998791 0
    outer loop
      vertex -15.6666 -17.1918 28
      vertex -15.5 -17.2 0
      vertex -15.6666 -17.1918 0
    endloop
  endfacet
  facet normal 0.998791 -0.0491602 0
    outer loop
      vertex -17.2 -15.5 28
      vertex -17.1918 -15.3334 0
      vertex -17.1918 -15.3334 28
    endloop
  endfacet
  facet normal 0.998791 -0.0491602 0
    outer loop
      vertex -17.1918 -15.3334 0
      vertex -17.2 -15.5 28
      vertex -17.2 -15.5 0
    endloop
  endfacet
  facet normal -0.741024 0.671478 0
    outer loop
      vertex -14.2979 -16.7021 0
      vertex -14.1859 -16.5785 28
      vertex -14.1859 -16.5785 0
    endloop
  endfacet
  facet normal -0.741024 0.671478 0
    outer loop
      vertex -14.1859 -16.5785 28
      vertex -14.2979 -16.7021 0
      vertex -14.2979 -16.7021 28
    endloop
  endfacet
  facet normal -0.671478 0.741024 0
    outer loop
      vertex -14.2979 -16.7021 0
      vertex -14.4215 -16.8141 28
      vertex -14.2979 -16.7021 28
    endloop
  endfacet
  facet normal -0.671478 0.741024 0
    outer loop
      vertex -14.4215 -16.8141 28
      vertex -14.2979 -16.7021 0
      vertex -14.4215 -16.8141 0
    endloop
  endfacet
  facet normal 0.904043 -0.427442 0
    outer loop
      vertex 13.9294 16.1506 28
      vertex 14.0007 16.3014 0
      vertex 14.0007 16.3014 28
    endloop
  endfacet
  facet normal 0.904043 -0.427442 0
    outer loop
      vertex 14.0007 16.3014 0
      vertex 13.9294 16.1506 28
      vertex 13.9294 16.1506 0
    endloop
  endfacet
  facet normal -0.989168 -0.146788 0
    outer loop
      vertex 17.1918 15.6666 0
      vertex 17.1673 15.8317 28
      vertex 17.1673 15.8317 0
    endloop
  endfacet
  facet normal -0.989168 -0.146788 0
    outer loop
      vertex 17.1673 15.8317 28
      vertex 17.1918 15.6666 0
      vertex 17.1918 15.6666 28
    endloop
  endfacet
  facet normal -0.998791 -0.0491602 0
    outer loop
      vertex 17.2 15.5 0
      vertex 17.1918 15.6666 28
      vertex 17.1918 15.6666 0
    endloop
  endfacet
  facet normal -0.998791 -0.0491602 0
    outer loop
      vertex 17.1918 15.6666 28
      vertex 17.2 15.5 0
      vertex 17.2 15.5 28
    endloop
  endfacet
  facet normal -0.970072 -0.242818 0
    outer loop
      vertex 17.1673 15.8317 0
      vertex 17.1268 15.9935 28
      vertex 17.1268 15.9935 0
    endloop
  endfacet
  facet normal -0.970072 -0.242818 0
    outer loop
      vertex 17.1268 15.9935 28
      vertex 17.1673 15.8317 0
      vertex 17.1673 15.8317 28
    endloop
  endfacet
  facet normal -0.146788 -0.989168 0
    outer loop
      vertex 15.6666 17.1918 0
      vertex 15.8317 17.1673 28
      vertex 15.6666 17.1918 28
    endloop
  endfacet
  facet normal -0.146788 -0.989168 -0
    outer loop
      vertex 15.8317 17.1673 28
      vertex 15.6666 17.1918 0
      vertex 15.8317 17.1673 0
    endloop
  endfacet
  facet normal 0.146788 -0.989168 0
    outer loop
      vertex 15.1683 17.1673 0
      vertex 15.3334 17.1918 28
      vertex 15.1683 17.1673 28
    endloop
  endfacet
  facet normal 0.146788 -0.989168 0
    outer loop
      vertex 15.3334 17.1918 28
      vertex 15.1683 17.1673 0
      vertex 15.3334 17.1918 0
    endloop
  endfacet
  facet normal -0.803154 -0.595772 0
    outer loop
      vertex 16.9135 16.4445 0
      vertex 16.8141 16.5785 28
      vertex 16.8141 16.5785 0
    endloop
  endfacet
  facet normal -0.803154 -0.595772 0
    outer loop
      vertex 16.8141 16.5785 28
      vertex 16.9135 16.4445 0
      vertex 16.9135 16.4445 28
    endloop
  endfacet
  facet normal -0.514231 0.857652 0
    outer loop
      vertex 16.4445 14.0865 0
      vertex 16.3014 14.0007 28
      vertex 16.4445 14.0865 28
    endloop
  endfacet
  facet normal -0.514231 0.857652 0
    outer loop
      vertex 16.3014 14.0007 28
      vertex 16.4445 14.0865 0
      vertex 16.3014 14.0007 0
    endloop
  endfacet
  facet normal -0.595772 -0.803154 0
    outer loop
      vertex 16.4445 16.9135 0
      vertex 16.5785 16.8141 28
      vertex 16.4445 16.9135 28
    endloop
  endfacet
  facet normal -0.595772 -0.803154 -0
    outer loop
      vertex 16.5785 16.8141 28
      vertex 16.4445 16.9135 0
      vertex 16.5785 16.8141 0
    endloop
  endfacet
  facet normal -0.998791 0.0491602 0
    outer loop
      vertex 17.1918 15.3334 0
      vertex 17.2 15.5 28
      vertex 17.2 15.5 0
    endloop
  endfacet
  facet normal -0.998791 0.0491602 0
    outer loop
      vertex 17.2 15.5 28
      vertex 17.1918 15.3334 0
      vertex 17.1918 15.3334 28
    endloop
  endfacet
  facet normal 0.242818 -0.970072 0
    outer loop
      vertex 15.0065 17.1268 0
      vertex 15.1683 17.1673 28
      vertex 15.0065 17.1268 28
    endloop
  endfacet
  facet normal 0.242818 -0.970072 0
    outer loop
      vertex 15.1683 17.1673 28
      vertex 15.0065 17.1268 0
      vertex 15.1683 17.1673 0
    endloop
  endfacet
  facet normal 0.803154 -0.595772 0
    outer loop
      vertex 14.0865 16.4445 28
      vertex 14.1859 16.5785 0
      vertex 14.1859 16.5785 28
    endloop
  endfacet
  facet normal 0.803154 -0.595772 0
    outer loop
      vertex 14.1859 16.5785 0
      vertex 14.0865 16.4445 28
      vertex 14.0865 16.4445 0
    endloop
  endfacet
  facet normal 0.427442 0.904043 -0
    outer loop
      vertex 14.8494 13.9294 0
      vertex 14.6986 14.0007 28
      vertex 14.8494 13.9294 28
    endloop
  endfacet
  facet normal 0.427442 0.904043 0
    outer loop
      vertex 14.6986 14.0007 28
      vertex 14.8494 13.9294 0
      vertex 14.6986 14.0007 0
    endloop
  endfacet
  facet normal -0.427442 -0.904043 0
    outer loop
      vertex 16.1506 17.0706 0
      vertex 16.3014 16.9993 28
      vertex 16.1506 17.0706 28
    endloop
  endfacet
  facet normal -0.427442 -0.904043 -0
    outer loop
      vertex 16.3014 16.9993 28
      vertex 16.1506 17.0706 0
      vertex 16.3014 16.9993 0
    endloop
  endfacet
  facet normal 0.989168 0.146788 0
    outer loop
      vertex 13.8327 15.1683 28
      vertex 13.8082 15.3334 0
      vertex 13.8082 15.3334 28
    endloop
  endfacet
  facet normal 0.989168 0.146788 0
    outer loop
      vertex 13.8082 15.3334 0
      vertex 13.8327 15.1683 28
      vertex 13.8327 15.1683 0
    endloop
  endfacet
  facet normal -0.671478 0.741024 0
    outer loop
      vertex 16.7021 14.2979 0
      vertex 16.5785 14.1859 28
      vertex 16.7021 14.2979 28
    endloop
  endfacet
  facet normal -0.671478 0.741024 0
    outer loop
      vertex 16.5785 14.1859 28
      vertex 16.7021 14.2979 0
      vertex 16.5785 14.1859 0
    endloop
  endfacet
  facet normal 0.427442 -0.904043 0
    outer loop
      vertex 14.6986 16.9993 0
      vertex 14.8494 17.0706 28
      vertex 14.6986 16.9993 28
    endloop
  endfacet
  facet normal 0.427442 -0.904043 0
    outer loop
      vertex 14.8494 17.0706 28
      vertex 14.6986 16.9993 0
      vertex 14.8494 17.0706 0
    endloop
  endfacet
  facet normal -0.970072 0.242818 0
    outer loop
      vertex 17.1268 15.0065 0
      vertex 17.1673 15.1683 28
      vertex 17.1673 15.1683 0
    endloop
  endfacet
  facet normal -0.970072 0.242818 0
    outer loop
      vertex 17.1673 15.1683 28
      vertex 17.1268 15.0065 0
      vertex 17.1268 15.0065 28
    endloop
  endfacet
  facet normal -0.242818 0.970072 0
    outer loop
      vertex 15.9935 13.8732 0
      vertex 15.8317 13.8327 28
      vertex 15.9935 13.8732 28
    endloop
  endfacet
  facet normal -0.242818 0.970072 0
    outer loop
      vertex 15.8317 13.8327 28
      vertex 15.9935 13.8732 0
      vertex 15.8317 13.8327 0
    endloop
  endfacet
  facet normal 0.989168 -0.146788 0
    outer loop
      vertex 13.8082 15.6666 28
      vertex 13.8327 15.8317 0
      vertex 13.8327 15.8317 28
    endloop
  endfacet
  facet normal 0.989168 -0.146788 0
    outer loop
      vertex 13.8327 15.8317 0
      vertex 13.8082 15.6666 28
      vertex 13.8082 15.6666 0
    endloop
  endfacet
  facet normal -0.941566 -0.33683 0
    outer loop
      vertex 17.1268 15.9935 0
      vertex 17.0706 16.1506 28
      vertex 17.0706 16.1506 0
    endloop
  endfacet
  facet normal -0.941566 -0.33683 0
    outer loop
      vertex 17.0706 16.1506 28
      vertex 17.1268 15.9935 0
      vertex 17.1268 15.9935 28
    endloop
  endfacet
  facet normal 0.514231 0.857652 -0
    outer loop
      vertex 14.6986 14.0007 0
      vertex 14.5555 14.0865 28
      vertex 14.6986 14.0007 28
    endloop
  endfacet
  facet normal 0.514231 0.857652 0
    outer loop
      vertex 14.5555 14.0865 28
      vertex 14.6986 14.0007 0
      vertex 14.5555 14.0865 0
    endloop
  endfacet
  facet normal 0.970072 -0.242818 0
    outer loop
      vertex 13.8327 15.8317 28
      vertex 13.8732 15.9935 0
      vertex 13.8732 15.9935 28
    endloop
  endfacet
  facet normal 0.970072 -0.242818 0
    outer loop
      vertex 13.8732 15.9935 0
      vertex 13.8327 15.8317 28
      vertex 13.8327 15.8317 0
    endloop
  endfacet
  facet normal -0.803154 0.595772 0
    outer loop
      vertex 16.8141 14.4215 0
      vertex 16.9135 14.5555 28
      vertex 16.9135 14.5555 0
    endloop
  endfacet
  facet normal -0.803154 0.595772 0
    outer loop
      vertex 16.9135 14.5555 28
      vertex 16.8141 14.4215 0
      vertex 16.8141 14.4215 28
    endloop
  endfacet
  facet normal 0.595772 0.803154 -0
    outer loop
      vertex 14.5555 14.0865 0
      vertex 14.4215 14.1859 28
      vertex 14.5555 14.0865 28
    endloop
  endfacet
  facet normal 0.595772 0.803154 0
    outer loop
      vertex 14.4215 14.1859 28
      vertex 14.5555 14.0865 0
      vertex 14.4215 14.1859 0
    endloop
  endfacet
  facet normal 0.33683 0.941566 -0
    outer loop
      vertex 15.0065 13.8732 0
      vertex 14.8494 13.9294 28
      vertex 15.0065 13.8732 28
    endloop
  endfacet
  facet normal 0.33683 0.941566 0
    outer loop
      vertex 14.8494 13.9294 28
      vertex 15.0065 13.8732 0
      vertex 14.8494 13.9294 0
    endloop
  endfacet
  facet normal -0.33683 -0.941566 0
    outer loop
      vertex 15.9935 17.1268 0
      vertex 16.1506 17.0706 28
      vertex 15.9935 17.1268 28
    endloop
  endfacet
  facet normal -0.33683 -0.941566 -0
    outer loop
      vertex 16.1506 17.0706 28
      vertex 15.9935 17.1268 0
      vertex 16.1506 17.0706 0
    endloop
  endfacet
  facet normal 0.741024 0.671478 0
    outer loop
      vertex 14.2979 14.2979 28
      vertex 14.1859 14.4215 0
      vertex 14.1859 14.4215 28
    endloop
  endfacet
  facet normal 0.741024 0.671478 0
    outer loop
      vertex 14.1859 14.4215 0
      vertex 14.2979 14.2979 28
      vertex 14.2979 14.2979 0
    endloop
  endfacet
  facet normal -0.514231 -0.857652 0
    outer loop
      vertex 16.3014 16.9993 0
      vertex 16.4445 16.9135 28
      vertex 16.3014 16.9993 28
    endloop
  endfacet
  facet normal -0.514231 -0.857652 -0
    outer loop
      vertex 16.4445 16.9135 28
      vertex 16.3014 16.9993 0
      vertex 16.4445 16.9135 0
    endloop
  endfacet
  facet normal 0.33683 -0.941566 0
    outer loop
      vertex 14.8494 17.0706 0
      vertex 15.0065 17.1268 28
      vertex 14.8494 17.0706 28
    endloop
  endfacet
  facet normal 0.33683 -0.941566 0
    outer loop
      vertex 15.0065 17.1268 28
      vertex 14.8494 17.0706 0
      vertex 15.0065 17.1268 0
    endloop
  endfacet
  facet normal 0.904043 0.427442 0
    outer loop
      vertex 14.0007 14.6986 28
      vertex 13.9294 14.8494 0
      vertex 13.9294 14.8494 28
    endloop
  endfacet
  facet normal 0.904043 0.427442 0
    outer loop
      vertex 13.9294 14.8494 0
      vertex 14.0007 14.6986 28
      vertex 14.0007 14.6986 0
    endloop
  endfacet
  facet normal 0.941566 0.33683 0
    outer loop
      vertex 13.9294 14.8494 28
      vertex 13.8732 15.0065 0
      vertex 13.8732 15.0065 28
    endloop
  endfacet
  facet normal 0.941566 0.33683 0
    outer loop
      vertex 13.8732 15.0065 0
      vertex 13.9294 14.8494 28
      vertex 13.9294 14.8494 0
    endloop
  endfacet
  facet normal -0.904043 -0.427442 0
    outer loop
      vertex 17.0706 16.1506 0
      vertex 16.9993 16.3014 28
      vertex 16.9993 16.3014 0
    endloop
  endfacet
  facet normal -0.904043 -0.427442 0
    outer loop
      vertex 16.9993 16.3014 28
      vertex 17.0706 16.1506 0
      vertex 17.0706 16.1506 28
    endloop
  endfacet
  facet normal 0.970072 0.242818 0
    outer loop
      vertex 13.8732 15.0065 28
      vertex 13.8327 15.1683 0
      vertex 13.8327 15.1683 28
    endloop
  endfacet
  facet normal 0.970072 0.242818 0
    outer loop
      vertex 13.8327 15.1683 0
      vertex 13.8732 15.0065 28
      vertex 13.8732 15.0065 0
    endloop
  endfacet
  facet normal 0.595772 -0.803154 0
    outer loop
      vertex 14.4215 16.8141 0
      vertex 14.5555 16.9135 28
      vertex 14.4215 16.8141 28
    endloop
  endfacet
  facet normal 0.595772 -0.803154 0
    outer loop
      vertex 14.5555 16.9135 28
      vertex 14.4215 16.8141 0
      vertex 14.5555 16.9135 0
    endloop
  endfacet
  facet normal 0.671478 0.741024 -0
    outer loop
      vertex 14.4215 14.1859 0
      vertex 14.2979 14.2979 28
      vertex 14.4215 14.1859 28
    endloop
  endfacet
  facet normal 0.671478 0.741024 0
    outer loop
      vertex 14.2979 14.2979 28
      vertex 14.4215 14.1859 0
      vertex 14.2979 14.2979 0
    endloop
  endfacet
  facet normal 0.146788 0.989168 -0
    outer loop
      vertex 15.3334 13.8082 0
      vertex 15.1683 13.8327 28
      vertex 15.3334 13.8082 28
    endloop
  endfacet
  facet normal 0.146788 0.989168 0
    outer loop
      vertex 15.1683 13.8327 28
      vertex 15.3334 13.8082 0
      vertex 15.1683 13.8327 0
    endloop
  endfacet
  facet normal -0.741024 0.671478 0
    outer loop
      vertex 16.7021 14.2979 0
      vertex 16.8141 14.4215 28
      vertex 16.8141 14.4215 0
    endloop
  endfacet
  facet normal -0.741024 0.671478 0
    outer loop
      vertex 16.8141 14.4215 28
      vertex 16.7021 14.2979 0
      vertex 16.7021 14.2979 28
    endloop
  endfacet
  facet normal -0.146788 0.989168 0
    outer loop
      vertex 15.8317 13.8327 0
      vertex 15.6666 13.8082 28
      vertex 15.8317 13.8327 28
    endloop
  endfacet
  facet normal -0.146788 0.989168 0
    outer loop
      vertex 15.6666 13.8082 28
      vertex 15.8317 13.8327 0
      vertex 15.6666 13.8082 0
    endloop
  endfacet
  facet normal 0.514231 -0.857652 0
    outer loop
      vertex 14.5555 16.9135 0
      vertex 14.6986 16.9993 28
      vertex 14.5555 16.9135 28
    endloop
  endfacet
  facet normal 0.514231 -0.857652 0
    outer loop
      vertex 14.6986 16.9993 28
      vertex 14.5555 16.9135 0
      vertex 14.6986 16.9993 0
    endloop
  endfacet
  facet normal -0.0491602 -0.998791 0
    outer loop
      vertex 15.5 17.2 0
      vertex 15.6666 17.1918 28
      vertex 15.5 17.2 28
    endloop
  endfacet
  facet normal -0.0491602 -0.998791 -0
    outer loop
      vertex 15.6666 17.1918 28
      vertex 15.5 17.2 0
      vertex 15.6666 17.1918 0
    endloop
  endfacet
  facet normal -0.242818 -0.970072 0
    outer loop
      vertex 15.8317 17.1673 0
      vertex 15.9935 17.1268 28
      vertex 15.8317 17.1673 28
    endloop
  endfacet
  facet normal -0.242818 -0.970072 -0
    outer loop
      vertex 15.9935 17.1268 28
      vertex 15.8317 17.1673 0
      vertex 15.9935 17.1268 0
    endloop
  endfacet
  facet normal 0.941566 -0.33683 0
    outer loop
      vertex 13.8732 15.9935 28
      vertex 13.9294 16.1506 0
      vertex 13.9294 16.1506 28
    endloop
  endfacet
  facet normal 0.941566 -0.33683 0
    outer loop
      vertex 13.9294 16.1506 0
      vertex 13.8732 15.9935 28
      vertex 13.8732 15.9935 0
    endloop
  endfacet
  facet normal -0.671478 -0.741024 0
    outer loop
      vertex 16.5785 16.8141 0
      vertex 16.7021 16.7021 28
      vertex 16.5785 16.8141 28
    endloop
  endfacet
  facet normal -0.671478 -0.741024 -0
    outer loop
      vertex 16.7021 16.7021 28
      vertex 16.5785 16.8141 0
      vertex 16.7021 16.7021 0
    endloop
  endfacet
  facet normal 0.0491602 -0.998791 0
    outer loop
      vertex 15.3334 17.1918 0
      vertex 15.5 17.2 28
      vertex 15.3334 17.1918 28
    endloop
  endfacet
  facet normal 0.0491602 -0.998791 0
    outer loop
      vertex 15.5 17.2 28
      vertex 15.3334 17.1918 0
      vertex 15.5 17.2 0
    endloop
  endfacet
  facet normal -0.427442 0.904043 0
    outer loop
      vertex 16.3014 14.0007 0
      vertex 16.1506 13.9294 28
      vertex 16.3014 14.0007 28
    endloop
  endfacet
  facet normal -0.427442 0.904043 0
    outer loop
      vertex 16.1506 13.9294 28
      vertex 16.3014 14.0007 0
      vertex 16.1506 13.9294 0
    endloop
  endfacet
  facet normal -0.989168 0.146788 0
    outer loop
      vertex 17.1673 15.1683 0
      vertex 17.1918 15.3334 28
      vertex 17.1918 15.3334 0
    endloop
  endfacet
  facet normal -0.989168 0.146788 0
    outer loop
      vertex 17.1918 15.3334 28
      vertex 17.1673 15.1683 0
      vertex 17.1673 15.1683 28
    endloop
  endfacet
  facet normal -0.857652 -0.514231 0
    outer loop
      vertex 16.9993 16.3014 0
      vertex 16.9135 16.4445 28
      vertex 16.9135 16.4445 0
    endloop
  endfacet
  facet normal -0.857652 -0.514231 0
    outer loop
      vertex 16.9135 16.4445 28
      vertex 16.9993 16.3014 0
      vertex 16.9993 16.3014 28
    endloop
  endfacet
  facet normal 0.0491602 0.998791 -0
    outer loop
      vertex 15.5 13.8 0
      vertex 15.3334 13.8082 28
      vertex 15.5 13.8 28
    endloop
  endfacet
  facet normal 0.0491602 0.998791 0
    outer loop
      vertex 15.3334 13.8082 28
      vertex 15.5 13.8 0
      vertex 15.3334 13.8082 0
    endloop
  endfacet
  facet normal 0.671478 -0.741024 0
    outer loop
      vertex 14.2979 16.7021 0
      vertex 14.4215 16.8141 28
      vertex 14.2979 16.7021 28
    endloop
  endfacet
  facet normal 0.671478 -0.741024 0
    outer loop
      vertex 14.4215 16.8141 28
      vertex 14.2979 16.7021 0
      vertex 14.4215 16.8141 0
    endloop
  endfacet
  facet normal 0.741024 -0.671478 0
    outer loop
      vertex 14.1859 16.5785 28
      vertex 14.2979 16.7021 0
      vertex 14.2979 16.7021 28
    endloop
  endfacet
  facet normal 0.741024 -0.671478 0
    outer loop
      vertex 14.2979 16.7021 0
      vertex 14.1859 16.5785 28
      vertex 14.1859 16.5785 0
    endloop
  endfacet
  facet normal -0.904043 0.427442 0
    outer loop
      vertex 16.9993 14.6986 0
      vertex 17.0706 14.8494 28
      vertex 17.0706 14.8494 0
    endloop
  endfacet
  facet normal -0.904043 0.427442 0
    outer loop
      vertex 17.0706 14.8494 28
      vertex 16.9993 14.6986 0
      vertex 16.9993 14.6986 28
    endloop
  endfacet
  facet normal -0.0491602 0.998791 0
    outer loop
      vertex 15.6666 13.8082 0
      vertex 15.5 13.8 28
      vertex 15.6666 13.8082 28
    endloop
  endfacet
  facet normal -0.0491602 0.998791 0
    outer loop
      vertex 15.5 13.8 28
      vertex 15.6666 13.8082 0
      vertex 15.5 13.8 0
    endloop
  endfacet
  facet normal -0.941566 0.33683 0
    outer loop
      vertex 17.0706 14.8494 0
      vertex 17.1268 15.0065 28
      vertex 17.1268 15.0065 0
    endloop
  endfacet
  facet normal -0.941566 0.33683 0
    outer loop
      vertex 17.1268 15.0065 28
      vertex 17.0706 14.8494 0
      vertex 17.0706 14.8494 28
    endloop
  endfacet
  facet normal -0.741024 -0.671478 0
    outer loop
      vertex 16.8141 16.5785 0
      vertex 16.7021 16.7021 28
      vertex 16.7021 16.7021 0
    endloop
  endfacet
  facet normal -0.741024 -0.671478 0
    outer loop
      vertex 16.7021 16.7021 28
      vertex 16.8141 16.5785 0
      vertex 16.8141 16.5785 28
    endloop
  endfacet
  facet normal 0.242818 0.970072 -0
    outer loop
      vertex 15.1683 13.8327 0
      vertex 15.0065 13.8732 28
      vertex 15.1683 13.8327 28
    endloop
  endfacet
  facet normal 0.242818 0.970072 0
    outer loop
      vertex 15.0065 13.8732 28
      vertex 15.1683 13.8327 0
      vertex 15.0065 13.8732 0
    endloop
  endfacet
  facet normal -0.595772 0.803154 0
    outer loop
      vertex 16.5785 14.1859 0
      vertex 16.4445 14.0865 28
      vertex 16.5785 14.1859 28
    endloop
  endfacet
  facet normal -0.595772 0.803154 0
    outer loop
      vertex 16.4445 14.0865 28
      vertex 16.5785 14.1859 0
      vertex 16.4445 14.0865 0
    endloop
  endfacet
  facet normal -0.857652 0.514231 0
    outer loop
      vertex 16.9135 14.5555 0
      vertex 16.9993 14.6986 28
      vertex 16.9993 14.6986 0
    endloop
  endfacet
  facet normal -0.857652 0.514231 0
    outer loop
      vertex 16.9993 14.6986 28
      vertex 16.9135 14.5555 0
      vertex 16.9135 14.5555 28
    endloop
  endfacet
  facet normal 0.803154 0.595772 0
    outer loop
      vertex 14.1859 14.4215 28
      vertex 14.0865 14.5555 0
      vertex 14.0865 14.5555 28
    endloop
  endfacet
  facet normal 0.803154 0.595772 0
    outer loop
      vertex 14.0865 14.5555 0
      vertex 14.1859 14.4215 28
      vertex 14.1859 14.4215 0
    endloop
  endfacet
  facet normal 0.857652 -0.514231 0
    outer loop
      vertex 14.0007 16.3014 28
      vertex 14.0865 16.4445 0
      vertex 14.0865 16.4445 28
    endloop
  endfacet
  facet normal 0.857652 -0.514231 0
    outer loop
      vertex 14.0865 16.4445 0
      vertex 14.0007 16.3014 28
      vertex 14.0007 16.3014 0
    endloop
  endfacet
  facet normal -0.33683 0.941566 0
    outer loop
      vertex 16.1506 13.9294 0
      vertex 15.9935 13.8732 28
      vertex 16.1506 13.9294 28
    endloop
  endfacet
  facet normal -0.33683 0.941566 0
    outer loop
      vertex 15.9935 13.8732 28
      vertex 16.1506 13.9294 0
      vertex 15.9935 13.8732 0
    endloop
  endfacet
  facet normal 0.857652 0.514231 0
    outer loop
      vertex 14.0865 14.5555 28
      vertex 14.0007 14.6986 0
      vertex 14.0007 14.6986 28
    endloop
  endfacet
  facet normal 0.857652 0.514231 0
    outer loop
      vertex 14.0007 14.6986 0
      vertex 14.0865 14.5555 28
      vertex 14.0865 14.5555 0
    endloop
  endfacet
  facet normal 0.998791 -0.0491602 0
    outer loop
      vertex 13.8 15.5 28
      vertex 13.8082 15.6666 0
      vertex 13.8082 15.6666 28
    endloop
  endfacet
  facet normal 0.998791 -0.0491602 0
    outer loop
      vertex 13.8082 15.6666 0
      vertex 13.8 15.5 28
      vertex 13.8 15.5 0
    endloop
  endfacet
  facet normal 0.998791 0.0491602 0
    outer loop
      vertex 13.8082 15.3334 28
      vertex 13.8 15.5 0
      vertex 13.8 15.5 28
    endloop
  endfacet
  facet normal 0.998791 0.0491602 0
    outer loop
      vertex 13.8 15.5 0
      vertex 13.8082 15.3334 28
      vertex 13.8082 15.3334 0
    endloop
  endfacet
  facet normal -0.989168 -0.146788 0
    outer loop
      vertex 17.1918 -15.3334 0
      vertex 17.1673 -15.1683 28
      vertex 17.1673 -15.1683 0
    endloop
  endfacet
  facet normal -0.989168 -0.146788 0
    outer loop
      vertex 17.1673 -15.1683 28
      vertex 17.1918 -15.3334 0
      vertex 17.1918 -15.3334 28
    endloop
  endfacet
  facet normal -0.998791 -0.0491602 0
    outer loop
      vertex 17.2 -15.5 0
      vertex 17.1918 -15.3334 28
      vertex 17.1918 -15.3334 0
    endloop
  endfacet
  facet normal -0.998791 -0.0491602 0
    outer loop
      vertex 17.1918 -15.3334 28
      vertex 17.2 -15.5 0
      vertex 17.2 -15.5 28
    endloop
  endfacet
  facet normal -0.970072 -0.242818 0
    outer loop
      vertex 17.1673 -15.1683 0
      vertex 17.1268 -15.0065 28
      vertex 17.1268 -15.0065 0
    endloop
  endfacet
  facet normal -0.970072 -0.242818 0
    outer loop
      vertex 17.1268 -15.0065 28
      vertex 17.1673 -15.1683 0
      vertex 17.1673 -15.1683 28
    endloop
  endfacet
  facet normal -0.427442 0.904043 0
    outer loop
      vertex 16.3014 -16.9993 0
      vertex 16.1506 -17.0706 28
      vertex 16.3014 -16.9993 28
    endloop
  endfacet
  facet normal -0.427442 0.904043 0
    outer loop
      vertex 16.1506 -17.0706 28
      vertex 16.3014 -16.9993 0
      vertex 16.1506 -17.0706 0
    endloop
  endfacet
  facet normal 0.0491602 -0.998791 0
    outer loop
      vertex 15.3334 -13.8082 0
      vertex 15.5 -13.8 28
      vertex 15.3334 -13.8082 28
    endloop
  endfacet
  facet normal 0.0491602 -0.998791 0
    outer loop
      vertex 15.5 -13.8 28
      vertex 15.3334 -13.8082 0
      vertex 15.5 -13.8 0
    endloop
  endfacet
  facet normal 0.427442 -0.904043 0
    outer loop
      vertex 14.6986 -14.0007 0
      vertex 14.8494 -13.9294 28
      vertex 14.6986 -14.0007 28
    endloop
  endfacet
  facet normal 0.427442 -0.904043 0
    outer loop
      vertex 14.8494 -13.9294 28
      vertex 14.6986 -14.0007 0
      vertex 14.8494 -13.9294 0
    endloop
  endfacet
  facet normal -0.741024 -0.671478 0
    outer loop
      vertex 16.8141 -14.4215 0
      vertex 16.7021 -14.2979 28
      vertex 16.7021 -14.2979 0
    endloop
  endfacet
  facet normal -0.741024 -0.671478 0
    outer loop
      vertex 16.7021 -14.2979 28
      vertex 16.8141 -14.4215 0
      vertex 16.8141 -14.4215 28
    endloop
  endfacet
  facet normal 0.146788 0.989168 -0
    outer loop
      vertex 15.3334 -17.1918 0
      vertex 15.1683 -17.1673 28
      vertex 15.3334 -17.1918 28
    endloop
  endfacet
  facet normal 0.146788 0.989168 0
    outer loop
      vertex 15.1683 -17.1673 28
      vertex 15.3334 -17.1918 0
      vertex 15.1683 -17.1673 0
    endloop
  endfacet
  facet normal -0.427442 -0.904043 0
    outer loop
      vertex 16.1506 -13.9294 0
      vertex 16.3014 -14.0007 28
      vertex 16.1506 -13.9294 28
    endloop
  endfacet
  facet normal -0.427442 -0.904043 -0
    outer loop
      vertex 16.3014 -14.0007 28
      vertex 16.1506 -13.9294 0
      vertex 16.3014 -14.0007 0
    endloop
  endfacet
  facet normal 0.146788 -0.989168 0
    outer loop
      vertex 15.1683 -13.8327 0
      vertex 15.3334 -13.8082 28
      vertex 15.1683 -13.8327 28
    endloop
  endfacet
  facet normal 0.146788 -0.989168 0
    outer loop
      vertex 15.3334 -13.8082 28
      vertex 15.1683 -13.8327 0
      vertex 15.3334 -13.8082 0
    endloop
  endfacet
  facet normal -0.242818 0.970072 0
    outer loop
      vertex 15.9935 -17.1268 0
      vertex 15.8317 -17.1673 28
      vertex 15.9935 -17.1268 28
    endloop
  endfacet
  facet normal -0.242818 0.970072 0
    outer loop
      vertex 15.8317 -17.1673 28
      vertex 15.9935 -17.1268 0
      vertex 15.8317 -17.1673 0
    endloop
  endfacet
  facet normal 0.595772 -0.803154 0
    outer loop
      vertex 14.4215 -14.1859 0
      vertex 14.5555 -14.0865 28
      vertex 14.4215 -14.1859 28
    endloop
  endfacet
  facet normal 0.595772 -0.803154 0
    outer loop
      vertex 14.5555 -14.0865 28
      vertex 14.4215 -14.1859 0
      vertex 14.5555 -14.0865 0
    endloop
  endfacet
  facet normal 0.904043 -0.427442 0
    outer loop
      vertex 13.9294 -14.8494 28
      vertex 14.0007 -14.6986 0
      vertex 14.0007 -14.6986 28
    endloop
  endfacet
  facet normal 0.904043 -0.427442 0
    outer loop
      vertex 14.0007 -14.6986 0
      vertex 13.9294 -14.8494 28
      vertex 13.9294 -14.8494 0
    endloop
  endfacet
  facet normal 0.427442 0.904043 -0
    outer loop
      vertex 14.8494 -17.0706 0
      vertex 14.6986 -16.9993 28
      vertex 14.8494 -17.0706 28
    endloop
  endfacet
  facet normal 0.427442 0.904043 0
    outer loop
      vertex 14.6986 -16.9993 28
      vertex 14.8494 -17.0706 0
      vertex 14.6986 -16.9993 0
    endloop
  endfacet
  facet normal -0.33683 0.941566 0
    outer loop
      vertex 16.1506 -17.0706 0
      vertex 15.9935 -17.1268 28
      vertex 16.1506 -17.0706 28
    endloop
  endfacet
  facet normal -0.33683 0.941566 0
    outer loop
      vertex 15.9935 -17.1268 28
      vertex 16.1506 -17.0706 0
      vertex 15.9935 -17.1268 0
    endloop
  endfacet
  facet normal 0.595772 0.803154 -0
    outer loop
      vertex 14.5555 -16.9135 0
      vertex 14.4215 -16.8141 28
      vertex 14.5555 -16.9135 28
    endloop
  endfacet
  facet normal 0.595772 0.803154 0
    outer loop
      vertex 14.4215 -16.8141 28
      vertex 14.5555 -16.9135 0
      vertex 14.4215 -16.8141 0
    endloop
  endfacet
  facet normal 0.904043 0.427442 0
    outer loop
      vertex 14.0007 -16.3014 28
      vertex 13.9294 -16.1506 0
      vertex 13.9294 -16.1506 28
    endloop
  endfacet
  facet normal 0.904043 0.427442 0
    outer loop
      vertex 13.9294 -16.1506 0
      vertex 14.0007 -16.3014 28
      vertex 14.0007 -16.3014 0
    endloop
  endfacet
  facet normal -0.514231 -0.857652 0
    outer loop
      vertex 16.3014 -14.0007 0
      vertex 16.4445 -14.0865 28
      vertex 16.3014 -14.0007 28
    endloop
  endfacet
  facet normal -0.514231 -0.857652 -0
    outer loop
      vertex 16.4445 -14.0865 28
      vertex 16.3014 -14.0007 0
      vertex 16.4445 -14.0865 0
    endloop
  endfacet
  facet normal -0.595772 0.803154 0
    outer loop
      vertex 16.5785 -16.8141 0
      vertex 16.4445 -16.9135 28
      vertex 16.5785 -16.8141 28
    endloop
  endfacet
  facet normal -0.595772 0.803154 0
    outer loop
      vertex 16.4445 -16.9135 28
      vertex 16.5785 -16.8141 0
      vertex 16.4445 -16.9135 0
    endloop
  endfacet
  facet normal 0.998791 0.0491602 0
    outer loop
      vertex 13.8082 -15.6666 28
      vertex 13.8 -15.5 0
      vertex 13.8 -15.5 28
    endloop
  endfacet
  facet normal 0.998791 0.0491602 0
    outer loop
      vertex 13.8 -15.5 0
      vertex 13.8082 -15.6666 28
      vertex 13.8082 -15.6666 0
    endloop
  endfacet
  facet normal 0.33683 0.941566 -0
    outer loop
      vertex 15.0065 -17.1268 0
      vertex 14.8494 -17.0706 28
      vertex 15.0065 -17.1268 28
    endloop
  endfacet
  facet normal 0.33683 0.941566 0
    outer loop
      vertex 14.8494 -17.0706 28
      vertex 15.0065 -17.1268 0
      vertex 14.8494 -17.0706 0
    endloop
  endfacet
  facet normal -0.595772 -0.803154 0
    outer loop
      vertex 16.4445 -14.0865 0
      vertex 16.5785 -14.1859 28
      vertex 16.4445 -14.0865 28
    endloop
  endfacet
  facet normal -0.595772 -0.803154 -0
    outer loop
      vertex 16.5785 -14.1859 28
      vertex 16.4445 -14.0865 0
      vertex 16.5785 -14.1859 0
    endloop
  endfacet
  facet normal -0.970072 0.242818 0
    outer loop
      vertex 17.1268 -15.9935 0
      vertex 17.1673 -15.8317 28
      vertex 17.1673 -15.8317 0
    endloop
  endfacet
  facet normal -0.970072 0.242818 0
    outer loop
      vertex 17.1673 -15.8317 28
      vertex 17.1268 -15.9935 0
      vertex 17.1268 -15.9935 28
    endloop
  endfacet
  facet normal 0.941566 0.33683 0
    outer loop
      vertex 13.9294 -16.1506 28
      vertex 13.8732 -15.9935 0
      vertex 13.8732 -15.9935 28
    endloop
  endfacet
  facet normal 0.941566 0.33683 0
    outer loop
      vertex 13.8732 -15.9935 0
      vertex 13.9294 -16.1506 28
      vertex 13.9294 -16.1506 0
    endloop
  endfacet
  facet normal -0.242818 -0.970072 0
    outer loop
      vertex 15.8317 -13.8327 0
      vertex 15.9935 -13.8732 28
      vertex 15.8317 -13.8327 28
    endloop
  endfacet
  facet normal -0.242818 -0.970072 -0
    outer loop
      vertex 15.9935 -13.8732 28
      vertex 15.8317 -13.8327 0
      vertex 15.9935 -13.8732 0
    endloop
  endfacet
  facet normal 0.741024 -0.671478 0
    outer loop
      vertex 14.1859 -14.4215 28
      vertex 14.2979 -14.2979 0
      vertex 14.2979 -14.2979 28
    endloop
  endfacet
  facet normal 0.741024 -0.671478 0
    outer loop
      vertex 14.2979 -14.2979 0
      vertex 14.1859 -14.4215 28
      vertex 14.1859 -14.4215 0
    endloop
  endfacet
  facet normal -0.0491602 0.998791 0
    outer loop
      vertex 15.6666 -17.1918 0
      vertex 15.5 -17.2 28
      vertex 15.6666 -17.1918 28
    endloop
  endfacet
  facet normal -0.0491602 0.998791 0
    outer loop
      vertex 15.5 -17.2 28
      vertex 15.6666 -17.1918 0
      vertex 15.5 -17.2 0
    endloop
  endfacet
  facet normal -0.803154 -0.595772 0
    outer loop
      vertex 16.9135 -14.5555 0
      vertex 16.8141 -14.4215 28
      vertex 16.8141 -14.4215 0
    endloop
  endfacet
  facet normal -0.803154 -0.595772 0
    outer loop
      vertex 16.8141 -14.4215 28
      vertex 16.9135 -14.5555 0
      vertex 16.9135 -14.5555 28
    endloop
  endfacet
  facet normal 0.970072 0.242818 0
    outer loop
      vertex 13.8732 -15.9935 28
      vertex 13.8327 -15.8317 0
      vertex 13.8327 -15.8317 28
    endloop
  endfacet
  facet normal 0.970072 0.242818 0
    outer loop
      vertex 13.8327 -15.8317 0
      vertex 13.8732 -15.9935 28
      vertex 13.8732 -15.9935 0
    endloop
  endfacet
  facet normal -0.989168 0.146788 0
    outer loop
      vertex 17.1673 -15.8317 0
      vertex 17.1918 -15.6666 28
      vertex 17.1918 -15.6666 0
    endloop
  endfacet
  facet normal -0.989168 0.146788 0
    outer loop
      vertex 17.1918 -15.6666 28
      vertex 17.1673 -15.8317 0
      vertex 17.1673 -15.8317 28
    endloop
  endfacet
  facet normal -0.514231 0.857652 0
    outer loop
      vertex 16.4445 -16.9135 0
      vertex 16.3014 -16.9993 28
      vertex 16.4445 -16.9135 28
    endloop
  endfacet
  facet normal -0.514231 0.857652 0
    outer loop
      vertex 16.3014 -16.9993 28
      vertex 16.4445 -16.9135 0
      vertex 16.3014 -16.9993 0
    endloop
  endfacet
  facet normal 0.941566 -0.33683 0
    outer loop
      vertex 13.8732 -15.0065 28
      vertex 13.9294 -14.8494 0
      vertex 13.9294 -14.8494 28
    endloop
  endfacet
  facet normal 0.941566 -0.33683 0
    outer loop
      vertex 13.9294 -14.8494 0
      vertex 13.8732 -15.0065 28
      vertex 13.8732 -15.0065 0
    endloop
  endfacet
  facet normal -0.671478 -0.741024 0
    outer loop
      vertex 16.5785 -14.1859 0
      vertex 16.7021 -14.2979 28
      vertex 16.5785 -14.1859 28
    endloop
  endfacet
  facet normal -0.671478 -0.741024 -0
    outer loop
      vertex 16.7021 -14.2979 28
      vertex 16.5785 -14.1859 0
      vertex 16.7021 -14.2979 0
    endloop
  endfacet
  facet normal 0.989168 -0.146788 0
    outer loop
      vertex 13.8082 -15.3334 28
      vertex 13.8327 -15.1683 0
      vertex 13.8327 -15.1683 28
    endloop
  endfacet
  facet normal 0.989168 -0.146788 0
    outer loop
      vertex 13.8327 -15.1683 0
      vertex 13.8082 -15.3334 28
      vertex 13.8082 -15.3334 0
    endloop
  endfacet
  facet normal -0.904043 0.427442 0
    outer loop
      vertex 16.9993 -16.3014 0
      vertex 17.0706 -16.1506 28
      vertex 17.0706 -16.1506 0
    endloop
  endfacet
  facet normal -0.904043 0.427442 0
    outer loop
      vertex 17.0706 -16.1506 28
      vertex 16.9993 -16.3014 0
      vertex 16.9993 -16.3014 28
    endloop
  endfacet
  facet normal -0.998791 0.0491602 0
    outer loop
      vertex 17.1918 -15.6666 0
      vertex 17.2 -15.5 28
      vertex 17.2 -15.5 0
    endloop
  endfacet
  facet normal -0.998791 0.0491602 0
    outer loop
      vertex 17.2 -15.5 28
      vertex 17.1918 -15.6666 0
      vertex 17.1918 -15.6666 28
    endloop
  endfacet
  facet normal -0.146788 0.989168 0
    outer loop
      vertex 15.8317 -17.1673 0
      vertex 15.6666 -17.1918 28
      vertex 15.8317 -17.1673 28
    endloop
  endfacet
  facet normal -0.146788 0.989168 0
    outer loop
      vertex 15.6666 -17.1918 28
      vertex 15.8317 -17.1673 0
      vertex 15.6666 -17.1918 0
    endloop
  endfacet
  facet normal -0.941566 -0.33683 0
    outer loop
      vertex 17.1268 -15.0065 0
      vertex 17.0706 -14.8494 28
      vertex 17.0706 -14.8494 0
    endloop
  endfacet
  facet normal -0.941566 -0.33683 0
    outer loop
      vertex 17.0706 -14.8494 28
      vertex 17.1268 -15.0065 0
      vertex 17.1268 -15.0065 28
    endloop
  endfacet
  facet normal -0.803154 0.595772 0
    outer loop
      vertex 16.8141 -16.5785 0
      vertex 16.9135 -16.4445 28
      vertex 16.9135 -16.4445 0
    endloop
  endfacet
  facet normal -0.803154 0.595772 0
    outer loop
      vertex 16.9135 -16.4445 28
      vertex 16.8141 -16.5785 0
      vertex 16.8141 -16.5785 28
    endloop
  endfacet
  facet normal -0.857652 0.514231 0
    outer loop
      vertex 16.9135 -16.4445 0
      vertex 16.9993 -16.3014 28
      vertex 16.9993 -16.3014 0
    endloop
  endfacet
  facet normal -0.857652 0.514231 0
    outer loop
      vertex 16.9993 -16.3014 28
      vertex 16.9135 -16.4445 0
      vertex 16.9135 -16.4445 28
    endloop
  endfacet
  facet normal 0.242818 -0.970072 0
    outer loop
      vertex 15.0065 -13.8732 0
      vertex 15.1683 -13.8327 28
      vertex 15.0065 -13.8732 28
    endloop
  endfacet
  facet normal 0.242818 -0.970072 0
    outer loop
      vertex 15.1683 -13.8327 28
      vertex 15.0065 -13.8732 0
      vertex 15.1683 -13.8327 0
    endloop
  endfacet
  facet normal -0.941566 0.33683 0
    outer loop
      vertex 17.0706 -16.1506 0
      vertex 17.1268 -15.9935 28
      vertex 17.1268 -15.9935 0
    endloop
  endfacet
  facet normal -0.941566 0.33683 0
    outer loop
      vertex 17.1268 -15.9935 28
      vertex 17.0706 -16.1506 0
      vertex 17.0706 -16.1506 28
    endloop
  endfacet
  facet normal -0.0491602 -0.998791 0
    outer loop
      vertex 15.5 -13.8 0
      vertex 15.6666 -13.8082 28
      vertex 15.5 -13.8 28
    endloop
  endfacet
  facet normal -0.0491602 -0.998791 -0
    outer loop
      vertex 15.6666 -13.8082 28
      vertex 15.5 -13.8 0
      vertex 15.6666 -13.8082 0
    endloop
  endfacet
  facet normal 0.514231 -0.857652 0
    outer loop
      vertex 14.5555 -14.0865 0
      vertex 14.6986 -14.0007 28
      vertex 14.5555 -14.0865 28
    endloop
  endfacet
  facet normal 0.514231 -0.857652 0
    outer loop
      vertex 14.6986 -14.0007 28
      vertex 14.5555 -14.0865 0
      vertex 14.6986 -14.0007 0
    endloop
  endfacet
  facet normal -0.904043 -0.427442 0
    outer loop
      vertex 17.0706 -14.8494 0
      vertex 16.9993 -14.6986 28
      vertex 16.9993 -14.6986 0
    endloop
  endfacet
  facet normal -0.904043 -0.427442 0
    outer loop
      vertex 16.9993 -14.6986 28
      vertex 17.0706 -14.8494 0
      vertex 17.0706 -14.8494 28
    endloop
  endfacet
  facet normal -0.146788 -0.989168 0
    outer loop
      vertex 15.6666 -13.8082 0
      vertex 15.8317 -13.8327 28
      vertex 15.6666 -13.8082 28
    endloop
  endfacet
  facet normal -0.146788 -0.989168 -0
    outer loop
      vertex 15.8317 -13.8327 28
      vertex 15.6666 -13.8082 0
      vertex 15.8317 -13.8327 0
    endloop
  endfacet
  facet normal 0.242818 0.970072 -0
    outer loop
      vertex 15.1683 -17.1673 0
      vertex 15.0065 -17.1268 28
      vertex 15.1683 -17.1673 28
    endloop
  endfacet
  facet normal 0.242818 0.970072 0
    outer loop
      vertex 15.0065 -17.1268 28
      vertex 15.1683 -17.1673 0
      vertex 15.0065 -17.1268 0
    endloop
  endfacet
  facet normal 0.857652 0.514231 0
    outer loop
      vertex 14.0865 -16.4445 28
      vertex 14.0007 -16.3014 0
      vertex 14.0007 -16.3014 28
    endloop
  endfacet
  facet normal 0.857652 0.514231 0
    outer loop
      vertex 14.0007 -16.3014 0
      vertex 14.0865 -16.4445 28
      vertex 14.0865 -16.4445 0
    endloop
  endfacet
  facet normal -0.857652 -0.514231 0
    outer loop
      vertex 16.9993 -14.6986 0
      vertex 16.9135 -14.5555 28
      vertex 16.9135 -14.5555 0
    endloop
  endfacet
  facet normal -0.857652 -0.514231 0
    outer loop
      vertex 16.9135 -14.5555 28
      vertex 16.9993 -14.6986 0
      vertex 16.9993 -14.6986 28
    endloop
  endfacet
  facet normal 0.33683 -0.941566 0
    outer loop
      vertex 14.8494 -13.9294 0
      vertex 15.0065 -13.8732 28
      vertex 14.8494 -13.9294 28
    endloop
  endfacet
  facet normal 0.33683 -0.941566 0
    outer loop
      vertex 15.0065 -13.8732 28
      vertex 14.8494 -13.9294 0
      vertex 15.0065 -13.8732 0
    endloop
  endfacet
  facet normal 0.741024 0.671478 0
    outer loop
      vertex 14.2979 -16.7021 28
      vertex 14.1859 -16.5785 0
      vertex 14.1859 -16.5785 28
    endloop
  endfacet
  facet normal 0.741024 0.671478 0
    outer loop
      vertex 14.1859 -16.5785 0
      vertex 14.2979 -16.7021 28
      vertex 14.2979 -16.7021 0
    endloop
  endfacet
  facet normal 0.671478 -0.741024 0
    outer loop
      vertex 14.2979 -14.2979 0
      vertex 14.4215 -14.1859 28
      vertex 14.2979 -14.2979 28
    endloop
  endfacet
  facet normal 0.671478 -0.741024 0
    outer loop
      vertex 14.4215 -14.1859 28
      vertex 14.2979 -14.2979 0
      vertex 14.4215 -14.1859 0
    endloop
  endfacet
  facet normal -0.33683 -0.941566 0
    outer loop
      vertex 15.9935 -13.8732 0
      vertex 16.1506 -13.9294 28
      vertex 15.9935 -13.8732 28
    endloop
  endfacet
  facet normal -0.33683 -0.941566 -0
    outer loop
      vertex 16.1506 -13.9294 28
      vertex 15.9935 -13.8732 0
      vertex 16.1506 -13.9294 0
    endloop
  endfacet
  facet normal 0.514231 0.857652 -0
    outer loop
      vertex 14.6986 -16.9993 0
      vertex 14.5555 -16.9135 28
      vertex 14.6986 -16.9993 28
    endloop
  endfacet
  facet normal 0.514231 0.857652 0
    outer loop
      vertex 14.5555 -16.9135 28
      vertex 14.6986 -16.9993 0
      vertex 14.5555 -16.9135 0
    endloop
  endfacet
  facet normal 0.970072 -0.242818 0
    outer loop
      vertex 13.8327 -15.1683 28
      vertex 13.8732 -15.0065 0
      vertex 13.8732 -15.0065 28
    endloop
  endfacet
  facet normal 0.970072 -0.242818 0
    outer loop
      vertex 13.8732 -15.0065 0
      vertex 13.8327 -15.1683 28
      vertex 13.8327 -15.1683 0
    endloop
  endfacet
  facet normal 0.803154 0.595772 0
    outer loop
      vertex 14.1859 -16.5785 28
      vertex 14.0865 -16.4445 0
      vertex 14.0865 -16.4445 28
    endloop
  endfacet
  facet normal 0.803154 0.595772 0
    outer loop
      vertex 14.0865 -16.4445 0
      vertex 14.1859 -16.5785 28
      vertex 14.1859 -16.5785 0
    endloop
  endfacet
  facet normal 0.989168 0.146788 0
    outer loop
      vertex 13.8327 -15.8317 28
      vertex 13.8082 -15.6666 0
      vertex 13.8082 -15.6666 28
    endloop
  endfacet
  facet normal 0.989168 0.146788 0
    outer loop
      vertex 13.8082 -15.6666 0
      vertex 13.8327 -15.8317 28
      vertex 13.8327 -15.8317 0
    endloop
  endfacet
  facet normal 0.671478 0.741024 -0
    outer loop
      vertex 14.4215 -16.8141 0
      vertex 14.2979 -16.7021 28
      vertex 14.4215 -16.8141 28
    endloop
  endfacet
  facet normal 0.671478 0.741024 0
    outer loop
      vertex 14.2979 -16.7021 28
      vertex 14.4215 -16.8141 0
      vertex 14.2979 -16.7021 0
    endloop
  endfacet
  facet normal 0.803154 -0.595772 0
    outer loop
      vertex 14.0865 -14.5555 28
      vertex 14.1859 -14.4215 0
      vertex 14.1859 -14.4215 28
    endloop
  endfacet
  facet normal 0.803154 -0.595772 0
    outer loop
      vertex 14.1859 -14.4215 0
      vertex 14.0865 -14.5555 28
      vertex 14.0865 -14.5555 0
    endloop
  endfacet
  facet normal 0.857652 -0.514231 0
    outer loop
      vertex 14.0007 -14.6986 28
      vertex 14.0865 -14.5555 0
      vertex 14.0865 -14.5555 28
    endloop
  endfacet
  facet normal 0.857652 -0.514231 0
    outer loop
      vertex 14.0865 -14.5555 0
      vertex 14.0007 -14.6986 28
      vertex 14.0007 -14.6986 0
    endloop
  endfacet
  facet normal 0.0491602 0.998791 -0
    outer loop
      vertex 15.5 -17.2 0
      vertex 15.3334 -17.1918 28
      vertex 15.5 -17.2 28
    endloop
  endfacet
  facet normal 0.0491602 0.998791 0
    outer loop
      vertex 15.3334 -17.1918 28
      vertex 15.5 -17.2 0
      vertex 15.3334 -17.1918 0
    endloop
  endfacet
  facet normal 0.998791 -0.0491602 0
    outer loop
      vertex 13.8 -15.5 28
      vertex 13.8082 -15.3334 0
      vertex 13.8082 -15.3334 28
    endloop
  endfacet
  facet normal 0.998791 -0.0491602 0
    outer loop
      vertex 13.8082 -15.3334 0
      vertex 13.8 -15.5 28
      vertex 13.8 -15.5 0
    endloop
  endfacet
  facet normal -0.741024 0.671478 0
    outer loop
      vertex 16.7021 -16.7021 0
      vertex 16.8141 -16.5785 28
      vertex 16.8141 -16.5785 0
    endloop
  endfacet
  facet normal -0.741024 0.671478 0
    outer loop
      vertex 16.8141 -16.5785 28
      vertex 16.7021 -16.7021 0
      vertex 16.7021 -16.7021 28
    endloop
  endfacet
  facet normal -0.671478 0.741024 0
    outer loop
      vertex 16.7021 -16.7021 0
      vertex 16.5785 -16.8141 28
      vertex 16.7021 -16.7021 28
    endloop
  endfacet
  facet normal -0.671478 0.741024 0
    outer loop
      vertex 16.5785 -16.8141 28
      vertex 16.7021 -16.7021 0
      vertex 16.5785 -16.8141 0
    endloop
  endfacet
  facet normal 0 1 -0
    outer loop
      vertex 24.6433 -5 5
      vertex 12 -5 22
      vertex 24.6433 -5 22
    endloop
  endfacet
  facet normal 0 1 0
    outer loop
      vertex 12 -5 22
      vertex 24.6433 -5 5
      vertex 12 -5 5
    endloop
  endfacet
  facet normal 0 -1 0
    outer loop
      vertex 12 5 5
      vertex 24.6433 5 22
      vertex 12 5 22
    endloop
  endfacet
  facet normal 0 -1 -0
    outer loop
      vertex 24.6433 5 22
      vertex 12 5 5
      vertex 24.6433 5 5
    endloop
  endfacet
  facet normal 1 -0 0
    outer loop
      vertex 12 -5 22
      vertex 12 -4.99694 5
      vertex 12 -4.99694 22
    endloop
  endfacet
  facet normal 1 0 0
    outer loop
      vertex 12 -4.99694 5
      vertex 12 -5 22
      vertex 12 -5 5
    endloop
  endfacet
  facet normal 1 -0 0
    outer loop
      vertex 12 4.99694 22
      vertex 12 5 5
      vertex 12 5 22
    endloop
  endfacet
  facet normal 1 0 0
    outer loop
      vertex 12 5 5
      vertex 12 4.99694 22
      vertex 12 4.99694 5
    endloop
  endfacet
  facet normal 0 0 -1
    outer loop
      vertex 13 0 22
      vertex 25.15 0 22
      vertex 25.0289 -2.46513 22
    endloop
  endfacet
  facet normal 0 0 -1
    outer loop
      vertex 12.9374 -1.27422 22
      vertex 25.0289 -2.46513 22
      vertex 24.6667 -4.90652 22
    endloop
  endfacet
  facet normal 0 0 -1
    outer loop
      vertex 25.15 0 22
      vertex 13 0 22
      vertex 25.0289 2.46513 22
    endloop
  endfacet
  facet normal 0 0 -1
    outer loop
      vertex 12.7502 -2.53617 22
      vertex 24.6667 -4.90652 22
      vertex 24.6433 -5 22
    endloop
  endfacet
  facet normal 0 0 -1
    outer loop
      vertex 12.9374 1.27422 22
      vertex 25.0289 2.46513 22
      vertex 13 0 22
    endloop
  endfacet
  facet normal -0 0 -1
    outer loop
      vertex 25.0289 2.46513 22
      vertex 12.9374 1.27422 22
      vertex 24.6667 4.90652 22
    endloop
  endfacet
  facet normal 0 0 -1
    outer loop
      vertex 25.0289 -2.46513 22
      vertex 12.9374 -1.27422 22
      vertex 13 0 22
    endloop
  endfacet
  facet normal 0 0 -1
    outer loop
      vertex 24.6667 -4.90652 22
      vertex 12.7502 -2.53617 22
      vertex 12.9374 -1.27422 22
    endloop
  endfacet
  facet normal 0 0 -1
    outer loop
      vertex 24.6433 -5 22
      vertex 12.4402 -3.7737 22
      vertex 12.7502 -2.53617 22
    endloop
  endfacet
  facet normal 0 0 -1
    outer loop
      vertex 24.6433 -5 22
      vertex 12.0104 -4.97488 22
      vertex 12.4402 -3.7737 22
    endloop
  endfacet
  facet normal 0 0 -1
    outer loop
      vertex 12 -5 22
      vertex 12.0104 -4.97488 22
      vertex 24.6433 -5 22
    endloop
  endfacet
  facet normal 0 0 -1
    outer loop
      vertex 12.0104 -4.97488 22
      vertex 12 -5 22
      vertex 12 -4.99694 22
    endloop
  endfacet
  facet normal 0 0 -1
    outer loop
      vertex 12.7502 2.53617 22
      vertex 24.6667 4.90652 22
      vertex 12.9374 1.27422 22
    endloop
  endfacet
  facet normal -0 0 -1
    outer loop
      vertex 24.6667 4.90652 22
      vertex 12.7502 2.53617 22
      vertex 24.6433 5 22
    endloop
  endfacet
  facet normal 0 0 -1
    outer loop
      vertex 12.4402 3.7737 22
      vertex 24.6433 5 22
      vertex 12.7502 2.53617 22
    endloop
  endfacet
  facet normal 0 0 -1
    outer loop
      vertex 12.0104 4.97488 22
      vertex 24.6433 5 22
      vertex 12.4402 3.7737 22
    endloop
  endfacet
  facet normal 0 0 -1
    outer loop
      vertex 12 5 22
      vertex 12.0104 4.97488 22
      vertex 12 4.99694 22
    endloop
  endfacet
  facet normal 0 0 -1
    outer loop
      vertex 12.0104 4.97488 22
      vertex 12 5 22
      vertex 24.6433 5 22
    endloop
  endfacet
  facet normal 0 0 1
    outer loop
      vertex 13 0 5
      vertex 25.15 0 5
      vertex 25.0289 2.46513 5
    endloop
  endfacet
  facet normal 0 0 1
    outer loop
      vertex 12.9374 1.27422 5
      vertex 25.0289 2.46513 5
      vertex 24.6667 4.90652 5
    endloop
  endfacet
  facet normal 0 0 1
    outer loop
      vertex 25.15 0 5
      vertex 13 0 5
      vertex 25.0289 -2.46513 5
    endloop
  endfacet
  facet normal 0 0 1
    outer loop
      vertex 12.7502 2.53617 5
      vertex 24.6667 4.90652 5
      vertex 24.6433 5 5
    endloop
  endfacet
  facet normal -0 0 1
    outer loop
      vertex 12.9374 -1.27422 5
      vertex 25.0289 -2.46513 5
      vertex 13 0 5
    endloop
  endfacet
  facet normal 0 0 1
    outer loop
      vertex 25.0289 -2.46513 5
      vertex 12.9374 -1.27422 5
      vertex 24.6667 -4.90652 5
    endloop
  endfacet
  facet normal 0 0 1
    outer loop
      vertex 25.0289 2.46513 5
      vertex 12.9374 1.27422 5
      vertex 13 0 5
    endloop
  endfacet
  facet normal 0 0 1
    outer loop
      vertex 24.6667 4.90652 5
      vertex 12.7502 2.53617 5
      vertex 12.9374 1.27422 5
    endloop
  endfacet
  facet normal 0 0 1
    outer loop
      vertex 24.6433 5 5
      vertex 12.4402 3.7737 5
      vertex 12.7502 2.53617 5
    endloop
  endfacet
  facet normal 0 0 1
    outer loop
      vertex 24.6433 5 5
      vertex 12.0104 4.97488 5
      vertex 12.4402 3.7737 5
    endloop
  endfacet
  facet normal -0 0 1
    outer loop
      vertex 12 5 5
      vertex 12.0104 4.97488 5
      vertex 24.6433 5 5
    endloop
  endfacet
  facet normal 0 0 1
    outer loop
      vertex 12.0104 4.97488 5
      vertex 12 5 5
      vertex 12 4.99694 5
    endloop
  endfacet
  facet normal -0 0 1
    outer loop
      vertex 12.7502 -2.53617 5
      vertex 24.6667 -4.90652 5
      vertex 12.9374 -1.27422 5
    endloop
  endfacet
  facet normal 0 0 1
    outer loop
      vertex 24.6667 -4.90652 5
      vertex 12.7502 -2.53617 5
      vertex 24.6433 -5 5
    endloop
  endfacet
  facet normal -0 0 1
    outer loop
      vertex 12.4402 -3.7737 5
      vertex 24.6433 -5 5
      vertex 12.7502 -2.53617 5
    endloop
  endfacet
  facet normal -0 0 1
    outer loop
      vertex 12.0104 -4.97488 5
      vertex 24.6433 -5 5
      vertex 12.4402 -3.7737 5
    endloop
  endfacet
  facet normal 0 0 1
    outer loop
      vertex 12 -5 5
      vertex 12.0104 -4.97488 5
      vertex 12 -4.99694 5
    endloop
  endfacet
  facet normal 0 0 1
    outer loop
      vertex 12.0104 -4.97488 5
      vertex 12 -5 5
      vertex 24.6433 -5 5
    endloop
  endfacet
  facet normal 0 -1 0
    outer loop
      vertex -5 -12 5
      vertex -4.99694 -12 22
      vertex -5 -12 22
    endloop
  endfacet
  facet normal 0 -1 -0
    outer loop
      vertex -4.99694 -12 22
      vertex -5 -12 5
      vertex -4.99694 -12 5
    endloop
  endfacet
  facet normal 0 -1 0
    outer loop
      vertex 4.99694 -12 5
      vertex 5 -12 22
      vertex 4.99694 -12 22
    endloop
  endfacet
  facet normal 0 -1 -0
    outer loop
      vertex 5 -12 22
      vertex 4.99694 -12 5
      vertex 5 -12 5
    endloop
  endfacet
  facet normal 1 -0 0
    outer loop
      vertex -5 -24.6433 22
      vertex -5 -12 5
      vertex -5 -12 22
    endloop
  endfacet
  facet normal 1 0 0
    outer loop
      vertex -5 -12 5
      vertex -5 -24.6433 22
      vertex -5 -24.6433 5
    endloop
  endfacet
  facet normal -1 0 0
    outer loop
      vertex 5 -24.6433 5
      vertex 5 -12 22
      vertex 5 -12 5
    endloop
  endfacet
  facet normal -1 -0 0
    outer loop
      vertex 5 -12 22
      vertex 5 -24.6433 5
      vertex 5 -24.6433 22
    endloop
  endfacet
  facet normal 0 0 -1
    outer loop
      vertex 4.97488 -12.0104 22
      vertex 5 -12 22
      vertex 5 -24.6433 22
    endloop
  endfacet
  facet normal -0 0 -1
    outer loop
      vertex 5 -12 22
      vertex 4.97488 -12.0104 22
      vertex 4.99694 -12 22
    endloop
  endfacet
  facet normal 0 0 -1
    outer loop
      vertex 2.53617 -12.7502 22
      vertex 5 -24.6433 22
      vertex 4.90652 -24.6667 22
    endloop
  endfacet
  facet normal 0 0 -1
    outer loop
      vertex 5 -24.6433 22
      vertex 3.7737 -12.4402 22
      vertex 4.97488 -12.0104 22
    endloop
  endfacet
  facet normal 0 0 -1
    outer loop
      vertex 5 -24.6433 22
      vertex 2.53617 -12.7502 22
      vertex 3.7737 -12.4402 22
    endloop
  endfacet
  facet normal 0 0 -1
    outer loop
      vertex 2.46513 -25.0289 22
      vertex 2.53617 -12.7502 22
      vertex 4.90652 -24.6667 22
    endloop
  endfacet
  facet normal 0 0 -1
    outer loop
      vertex 2.46513 -25.0289 22
      vertex 1.27422 -12.9374 22
      vertex 2.53617 -12.7502 22
    endloop
  endfacet
  facet normal 0 0 -1
    outer loop
      vertex 0 -25.15 22
      vertex 1.27422 -12.9374 22
      vertex 2.46513 -25.0289 22
    endloop
  endfacet
  facet normal 0 0 -1
    outer loop
      vertex 0 -25.15 22
      vertex 0 -13 22
      vertex 1.27422 -12.9374 22
    endloop
  endfacet
  facet normal 0 0 -1
    outer loop
      vertex 0 -25.15 22
      vertex -1.27422 -12.9374 22
      vertex 0 -13 22
    endloop
  endfacet
  facet normal 0 0 -1
    outer loop
      vertex -2.46513 -25.0289 22
      vertex -1.27422 -12.9374 22
      vertex 0 -25.15 22
    endloop
  endfacet
  facet normal 0 0 -1
    outer loop
      vertex -2.46513 -25.0289 22
      vertex -2.53617 -12.7502 22
      vertex -1.27422 -12.9374 22
    endloop
  endfacet
  facet normal 0 0 -1
    outer loop
      vertex -4.90652 -24.6667 22
      vertex -2.53617 -12.7502 22
      vertex -2.46513 -25.0289 22
    endloop
  endfacet
  facet normal 0 0 -1
    outer loop
      vertex -5 -24.6433 22
      vertex -2.53617 -12.7502 22
      vertex -4.90652 -24.6667 22
    endloop
  endfacet
  facet normal -0 0 -1
    outer loop
      vertex -2.53617 -12.7502 22
      vertex -5 -24.6433 22
      vertex -3.7737 -12.4402 22
    endloop
  endfacet
  facet normal -0 0 -1
    outer loop
      vertex -3.7737 -12.4402 22
      vertex -5 -24.6433 22
      vertex -4.97488 -12.0104 22
    endloop
  endfacet
  facet normal 0 0 -1
    outer loop
      vertex -5 -12 22
      vertex -4.97488 -12.0104 22
      vertex -5 -24.6433 22
    endloop
  endfacet
  facet normal 0 0 -1
    outer loop
      vertex -4.97488 -12.0104 22
      vertex -5 -12 22
      vertex -4.99694 -12 22
    endloop
  endfacet
  facet normal 0 0 1
    outer loop
      vertex 4.97488 -12.0104 5
      vertex 5 -12 5
      vertex 4.99694 -12 5
    endloop
  endfacet
  facet normal 0 0 1
    outer loop
      vertex 5 -12 5
      vertex 4.97488 -12.0104 5
      vertex 5 -24.6433 5
    endloop
  endfacet
  facet normal -0 0 1
    outer loop
      vertex 3.7737 -12.4402 5
      vertex 5 -24.6433 5
      vertex 4.97488 -12.0104 5
    endloop
  endfacet
  facet normal -0 0 1
    outer loop
      vertex 2.53617 -12.7502 5
      vertex 5 -24.6433 5
      vertex 3.7737 -12.4402 5
    endloop
  endfacet
  facet normal 0 0 1
    outer loop
      vertex 5 -24.6433 5
      vertex 2.53617 -12.7502 5
      vertex 4.90652 -24.6667 5
    endloop
  endfacet
  facet normal 0 0 1
    outer loop
      vertex 2.53617 -12.7502 5
      vertex 2.46513 -25.0289 5
      vertex 4.90652 -24.6667 5
    endloop
  endfacet
  facet normal -0 0 1
    outer loop
      vertex 1.27422 -12.9374 5
      vertex 2.46513 -25.0289 5
      vertex 2.53617 -12.7502 5
    endloop
  endfacet
  facet normal -0 0 1
    outer loop
      vertex 0 -13 5
      vertex 2.46513 -25.0289 5
      vertex 1.27422 -12.9374 5
    endloop
  endfacet
  facet normal 0 0 1
    outer loop
      vertex 0 -13 5
      vertex 0 -25.15 5
      vertex 2.46513 -25.0289 5
    endloop
  endfacet
  facet normal 0 0 1
    outer loop
      vertex -1.27422 -12.9374 5
      vertex 0 -25.15 5
      vertex 0 -13 5
    endloop
  endfacet
  facet normal 0 0 1
    outer loop
      vertex -1.27422 -12.9374 5
      vertex -2.46513 -25.0289 5
      vertex 0 -25.15 5
    endloop
  endfacet
  facet normal 0 0 1
    outer loop
      vertex -2.53617 -12.7502 5
      vertex -2.46513 -25.0289 5
      vertex -1.27422 -12.9374 5
    endloop
  endfacet
  facet normal 0 0 1
    outer loop
      vertex -5 -24.6433 5
      vertex -2.53617 -12.7502 5
      vertex -3.7737 -12.4402 5
    endloop
  endfacet
  facet normal 0 0 1
    outer loop
      vertex -2.53617 -12.7502 5
      vertex -4.90652 -24.6667 5
      vertex -2.46513 -25.0289 5
    endloop
  endfacet
  facet normal 0 0 1
    outer loop
      vertex -5 -24.6433 5
      vertex -3.7737 -12.4402 5
      vertex -4.97488 -12.0104 5
    endloop
  endfacet
  facet normal -0 0 1
    outer loop
      vertex -5 -12 5
      vertex -4.97488 -12.0104 5
      vertex -4.99694 -12 5
    endloop
  endfacet
  facet normal 0 0 1
    outer loop
      vertex -4.97488 -12.0104 5
      vertex -5 -12 5
      vertex -5 -24.6433 5
    endloop
  endfacet
  facet normal 0 0 1
    outer loop
      vertex -2.53617 -12.7502 5
      vertex -5 -24.6433 5
      vertex -4.90652 -24.6667 5
    endloop
  endfacet
  facet normal -1 0 0
    outer loop
      vertex -12 4.99694 5
      vertex -12 5 22
      vertex -12 5 5
    endloop
  endfacet
  facet normal -1 -0 0
    outer loop
      vertex -12 5 22
      vertex -12 4.99694 5
      vertex -12 4.99694 22
    endloop
  endfacet
  facet normal -1 0 0
    outer loop
      vertex -12 -5 5
      vertex -12 -4.99694 22
      vertex -12 -4.99694 5
    endloop
  endfacet
  facet normal -1 -0 0
    outer loop
      vertex -12 -4.99694 22
      vertex -12 -5 5
      vertex -12 -5 22
    endloop
  endfacet
  facet normal 0 -1 0
    outer loop
      vertex -24.6433 5 5
      vertex -12 5 22
      vertex -24.6433 5 22
    endloop
  endfacet
  facet normal 0 -1 -0
    outer loop
      vertex -12 5 22
      vertex -24.6433 5 5
      vertex -12 5 5
    endloop
  endfacet
  facet normal 0 1 -0
    outer loop
      vertex -12 -5 5
      vertex -24.6433 -5 22
      vertex -12 -5 22
    endloop
  endfacet
  facet normal 0 1 0
    outer loop
      vertex -24.6433 -5 22
      vertex -12 -5 5
      vertex -24.6433 -5 5
    endloop
  endfacet
  facet normal 0 0 1
    outer loop
      vertex -12 5 5
      vertex -12.0104 4.97488 5
      vertex -12 4.99694 5
    endloop
  endfacet
  facet normal 0 0 1
    outer loop
      vertex -12.7502 2.53617 5
      vertex -24.6667 4.90652 5
      vertex -12.9374 1.27422 5
    endloop
  endfacet
  facet normal -0 0 1
    outer loop
      vertex -24.6667 4.90652 5
      vertex -12.7502 2.53617 5
      vertex -24.6433 5 5
    endloop
  endfacet
  facet normal 0 0 1
    outer loop
      vertex -12.4402 3.7737 5
      vertex -24.6433 5 5
      vertex -12.7502 2.53617 5
    endloop
  endfacet
  facet normal 0 0 1
    outer loop
      vertex -12.0104 4.97488 5
      vertex -24.6433 5 5
      vertex -12.4402 3.7737 5
    endloop
  endfacet
  facet normal -0 0 1
    outer loop
      vertex -24.6433 5 5
      vertex -12.0104 4.97488 5
      vertex -12 5 5
    endloop
  endfacet
  facet normal 0 0 1
    outer loop
      vertex -12.0104 -4.97488 5
      vertex -12 -5 5
      vertex -12 -4.99694 5
    endloop
  endfacet
  facet normal -0 0 1
    outer loop
      vertex -25.0289 2.46513 5
      vertex -12.9374 1.27422 5
      vertex -24.6667 4.90652 5
    endloop
  endfacet
  facet normal 0 0 1
    outer loop
      vertex -12.9374 1.27422 5
      vertex -25.0289 2.46513 5
      vertex -13 0 5
    endloop
  endfacet
  facet normal 0 0 1
    outer loop
      vertex -25.15 0 5
      vertex -13 0 5
      vertex -25.0289 2.46513 5
    endloop
  endfacet
  facet normal 0 0 1
    outer loop
      vertex -13 0 5
      vertex -25.15 0 5
      vertex -12.9374 -1.27422 5
    endloop
  endfacet
  facet normal 0 -0 1
    outer loop
      vertex -25.0289 -2.46513 5
      vertex -12.9374 -1.27422 5
      vertex -25.15 0 5
    endloop
  endfacet
  facet normal 0 0 1
    outer loop
      vertex -12.9374 -1.27422 5
      vertex -25.0289 -2.46513 5
      vertex -12.7502 -2.53617 5
    endloop
  endfacet
  facet normal 0 -0 1
    outer loop
      vertex -24.6667 -4.90652 5
      vertex -12.7502 -2.53617 5
      vertex -25.0289 -2.46513 5
    endloop
  endfacet
  facet normal 0 -0 1
    outer loop
      vertex -24.6433 -5 5
      vertex -12.7502 -2.53617 5
      vertex -24.6667 -4.90652 5
    endloop
  endfacet
  facet normal 0 0 1
    outer loop
      vertex -12.4402 -3.7737 5
      vertex -24.6433 -5 5
      vertex -12.0104 -4.97488 5
    endloop
  endfacet
  facet normal 0 0 1
    outer loop
      vertex -12.0104 -4.97488 5
      vertex -24.6433 -5 5
      vertex -12 -5 5
    endloop
  endfacet
  facet normal 0 0 1
    outer loop
      vertex -12.7502 -2.53617 5
      vertex -24.6433 -5 5
      vertex -12.4402 -3.7737 5
    endloop
  endfacet
  facet normal 0 0 -1
    outer loop
      vertex -12 -5 22
      vertex -12.0104 -4.97488 22
      vertex -12 -4.99694 22
    endloop
  endfacet
  facet normal -0 0 -1
    outer loop
      vertex -12.7502 -2.53617 22
      vertex -24.6667 -4.90652 22
      vertex -12.9374 -1.27422 22
    endloop
  endfacet
  facet normal 0 0 -1
    outer loop
      vertex -24.6667 -4.90652 22
      vertex -12.7502 -2.53617 22
      vertex -24.6433 -5 22
    endloop
  endfacet
  facet normal -0 0 -1
    outer loop
      vertex -12.4402 -3.7737 22
      vertex -24.6433 -5 22
      vertex -12.7502 -2.53617 22
    endloop
  endfacet
  facet normal -0 0 -1
    outer loop
      vertex -12.0104 -4.97488 22
      vertex -24.6433 -5 22
      vertex -12.4402 -3.7737 22
    endloop
  endfacet
  facet normal 0 0 -1
    outer loop
      vertex -24.6433 -5 22
      vertex -12.0104 -4.97488 22
      vertex -12 -5 22
    endloop
  endfacet
  facet normal 0 0 -1
    outer loop
      vertex -12.0104 4.97488 22
      vertex -12 5 22
      vertex -12 4.99694 22
    endloop
  endfacet
  facet normal 0 0 -1
    outer loop
      vertex -25.0289 -2.46513 22
      vertex -12.9374 -1.27422 22
      vertex -24.6667 -4.90652 22
    endloop
  endfacet
  facet normal -0 0 -1
    outer loop
      vertex -12.9374 -1.27422 22
      vertex -25.0289 -2.46513 22
      vertex -13 0 22
    endloop
  endfacet
  facet normal 0 0 -1
    outer loop
      vertex -25.15 0 22
      vertex -13 0 22
      vertex -25.0289 -2.46513 22
    endloop
  endfacet
  facet normal 0 0 -1
    outer loop
      vertex -13 0 22
      vertex -25.15 0 22
      vertex -12.9374 1.27422 22
    endloop
  endfacet
  facet normal 0 -0 -1
    outer loop
      vertex -25.0289 2.46513 22
      vertex -12.9374 1.27422 22
      vertex -25.15 0 22
    endloop
  endfacet
  facet normal 0 0 -1
    outer loop
      vertex -12.9374 1.27422 22
      vertex -25.0289 2.46513 22
      vertex -12.7502 2.53617 22
    endloop
  endfacet
  facet normal 0 -0 -1
    outer loop
      vertex -24.6667 4.90652 22
      vertex -12.7502 2.53617 22
      vertex -25.0289 2.46513 22
    endloop
  endfacet
  facet normal 0 -0 -1
    outer loop
      vertex -24.6433 5 22
      vertex -12.7502 2.53617 22
      vertex -24.6667 4.90652 22
    endloop
  endfacet
  facet normal 0 0 -1
    outer loop
      vertex -12.4402 3.7737 22
      vertex -24.6433 5 22
      vertex -12.0104 4.97488 22
    endloop
  endfacet
  facet normal 0 0 -1
    outer loop
      vertex -12.0104 4.97488 22
      vertex -24.6433 5 22
      vertex -12 5 22
    endloop
  endfacet
  facet normal 0 0 -1
    outer loop
      vertex -12.7502 2.53617 22
      vertex -24.6433 5 22
      vertex -12.4402 3.7737 22
    endloop
  endfacet
  facet normal -1 0 0
    outer loop
      vertex 5 12 5
      vertex 5 24.6433 22
      vertex 5 24.6433 5
    endloop
  endfacet
  facet normal -1 -0 0
    outer loop
      vertex 5 24.6433 22
      vertex 5 12 5
      vertex 5 12 22
    endloop
  endfacet
  facet normal 1 -0 0
    outer loop
      vertex -5 12 22
      vertex -5 24.6433 5
      vertex -5 24.6433 22
    endloop
  endfacet
  facet normal 1 0 0
    outer loop
      vertex -5 24.6433 5
      vertex -5 12 22
      vertex -5 12 5
    endloop
  endfacet
  facet normal 0 1 -0
    outer loop
      vertex 5 12 5
      vertex 4.99694 12 22
      vertex 5 12 22
    endloop
  endfacet
  facet normal 0 1 0
    outer loop
      vertex 4.99694 12 22
      vertex 5 12 5
      vertex 4.99694 12 5
    endloop
  endfacet
  facet normal 0 1 -0
    outer loop
      vertex -4.99694 12 5
      vertex -5 12 22
      vertex -4.99694 12 22
    endloop
  endfacet
  facet normal 0 1 0
    outer loop
      vertex -5 12 22
      vertex -4.99694 12 5
      vertex -5 12 5
    endloop
  endfacet
  facet normal -0 0 1
    outer loop
      vertex 4.97488 12.0104 5
      vertex 5 12 5
      vertex 5 24.6433 5
    endloop
  endfacet
  facet normal 0 0 1
    outer loop
      vertex 5 12 5
      vertex 4.97488 12.0104 5
      vertex 4.99694 12 5
    endloop
  endfacet
  facet normal 0 0 1
    outer loop
      vertex 2.53617 12.7502 5
      vertex 5 24.6433 5
      vertex 4.90652 24.6667 5
    endloop
  endfacet
  facet normal 0 0 1
    outer loop
      vertex 5 24.6433 5
      vertex 3.7737 12.4402 5
      vertex 4.97488 12.0104 5
    endloop
  endfacet
  facet normal 0 0 1
    outer loop
      vertex 5 24.6433 5
      vertex 2.53617 12.7502 5
      vertex 3.7737 12.4402 5
    endloop
  endfacet
  facet normal 0 0 1
    outer loop
      vertex 2.46513 25.0289 5
      vertex 2.53617 12.7502 5
      vertex 4.90652 24.6667 5
    endloop
  endfacet
  facet normal 0 0 1
    outer loop
      vertex 2.46513 25.0289 5
      vertex 1.27422 12.9374 5
      vertex 2.53617 12.7502 5
    endloop
  endfacet
  facet normal 0 0 1
    outer loop
      vertex 0 25.15 5
      vertex 1.27422 12.9374 5
      vertex 2.46513 25.0289 5
    endloop
  endfacet
  facet normal 0 0 1
    outer loop
      vertex 0 25.15 5
      vertex 0 13 5
      vertex 1.27422 12.9374 5
    endloop
  endfacet
  facet normal 0 0 1
    outer loop
      vertex 0 25.15 5
      vertex -1.27422 12.9374 5
      vertex 0 13 5
    endloop
  endfacet
  facet normal -0 0 1
    outer loop
      vertex -2.46513 25.0289 5
      vertex -1.27422 12.9374 5
      vertex 0 25.15 5
    endloop
  endfacet
  facet normal 0 0 1
    outer loop
      vertex -2.46513 25.0289 5
      vertex -2.53617 12.7502 5
      vertex -1.27422 12.9374 5
    endloop
  endfacet
  facet normal -0 0 1
    outer loop
      vertex -4.90652 24.6667 5
      vertex -2.53617 12.7502 5
      vertex -2.46513 25.0289 5
    endloop
  endfacet
  facet normal -0 0 1
    outer loop
      vertex -5 24.6433 5
      vertex -2.53617 12.7502 5
      vertex -4.90652 24.6667 5
    endloop
  endfacet
  facet normal 0 0 1
    outer loop
      vertex -2.53617 12.7502 5
      vertex -5 24.6433 5
      vertex -3.7737 12.4402 5
    endloop
  endfacet
  facet normal 0 0 1
    outer loop
      vertex -3.7737 12.4402 5
      vertex -5 24.6433 5
      vertex -4.97488 12.0104 5
    endloop
  endfacet
  facet normal 0 0 1
    outer loop
      vertex -5 12 5
      vertex -4.97488 12.0104 5
      vertex -5 24.6433 5
    endloop
  endfacet
  facet normal 0 0 1
    outer loop
      vertex -4.97488 12.0104 5
      vertex -5 12 5
      vertex -4.99694 12 5
    endloop
  endfacet
  facet normal 0 0 -1
    outer loop
      vertex 4.97488 12.0104 22
      vertex 5 12 22
      vertex 4.99694 12 22
    endloop
  endfacet
  facet normal 0 0 -1
    outer loop
      vertex 5 12 22
      vertex 4.97488 12.0104 22
      vertex 5 24.6433 22
    endloop
  endfacet
  facet normal 0 0 -1
    outer loop
      vertex 3.7737 12.4402 22
      vertex 5 24.6433 22
      vertex 4.97488 12.0104 22
    endloop
  endfacet
  facet normal 0 0 -1
    outer loop
      vertex 2.53617 12.7502 22
      vertex 5 24.6433 22
      vertex 3.7737 12.4402 22
    endloop
  endfacet
  facet normal -0 0 -1
    outer loop
      vertex 5 24.6433 22
      vertex 2.53617 12.7502 22
      vertex 4.90652 24.6667 22
    endloop
  endfacet
  facet normal 0 0 -1
    outer loop
      vertex 2.53617 12.7502 22
      vertex 2.46513 25.0289 22
      vertex 4.90652 24.6667 22
    endloop
  endfacet
  facet normal 0 0 -1
    outer loop
      vertex 1.27422 12.9374 22
      vertex 2.46513 25.0289 22
      vertex 2.53617 12.7502 22
    endloop
  endfacet
  facet normal 0 0 -1
    outer loop
      vertex 0 13 22
      vertex 2.46513 25.0289 22
      vertex 1.27422 12.9374 22
    endloop
  endfacet
  facet normal 0 0 -1
    outer loop
      vertex 0 13 22
      vertex 0 25.15 22
      vertex 2.46513 25.0289 22
    endloop
  endfacet
  facet normal 0 0 -1
    outer loop
      vertex -1.27422 12.9374 22
      vertex 0 25.15 22
      vertex 0 13 22
    endloop
  endfacet
  facet normal 0 0 -1
    outer loop
      vertex -1.27422 12.9374 22
      vertex -2.46513 25.0289 22
      vertex 0 25.15 22
    endloop
  endfacet
  facet normal 0 0 -1
    outer loop
      vertex -2.53617 12.7502 22
      vertex -2.46513 25.0289 22
      vertex -1.27422 12.9374 22
    endloop
  endfacet
  facet normal 0 0 -1
    outer loop
      vertex -5 24.6433 22
      vertex -2.53617 12.7502 22
      vertex -3.7737 12.4402 22
    endloop
  endfacet
  facet normal 0 0 -1
    outer loop
      vertex -2.53617 12.7502 22
      vertex -4.90652 24.6667 22
      vertex -2.46513 25.0289 22
    endloop
  endfacet
  facet normal 0 0 -1
    outer loop
      vertex -5 24.6433 22
      vertex -3.7737 12.4402 22
      vertex -4.97488 12.0104 22
    endloop
  endfacet
  facet normal 0 0 -1
    outer loop
      vertex -5 12 22
      vertex -4.97488 12.0104 22
      vertex -4.99694 12 22
    endloop
  endfacet
  facet normal -0 0 -1
    outer loop
      vertex -4.97488 12.0104 22
      vertex -5 12 22
      vertex -5 24.6433 22
    endloop
  endfacet
  facet normal 0 0 -1
    outer loop
      vertex -2.53617 12.7502 22
      vertex -5 24.6433 22
      vertex -4.90652 24.6667 22
    endloop
  endfacet
  facet normal 0.989173 0.146752 0
    outer loop
      vertex 25.0289 2.46513 5
      vertex 24.6667 4.90652 0
      vertex 24.6667 4.90652 5
    endloop
  endfacet
  facet normal 0.989173 0.146752 0
    outer loop
      vertex 24.6667 4.90652 0
      vertex 25.0289 2.46513 5
      vertex 25.0289 2.46513 0
    endloop
  endfacet
  facet normal 0.989173 0.146752 0
    outer loop
      vertex 25.0289 2.46513 28
      vertex 24.6667 4.90652 22
      vertex 24.6667 4.90652 28
    endloop
  endfacet
  facet normal 0.989173 0.146752 0
    outer loop
      vertex 24.6667 4.90652 22
      vertex 25.0289 2.46513 28
      vertex 25.0289 2.46513 22
    endloop
  endfacet
  facet normal 0.998796 0.049066 0
    outer loop
      vertex 25.15 0 5
      vertex 25.0289 2.46513 0
      vertex 25.0289 2.46513 5
    endloop
  endfacet
  facet normal 0.998796 0.049066 0
    outer loop
      vertex 25.0289 2.46513 0
      vertex 25.15 0 5
      vertex 25.15 0 0
    endloop
  endfacet
  facet normal 0.998796 0.049066 0
    outer loop
      vertex 25.15 0 28
      vertex 25.0289 2.46513 22
      vertex 25.0289 2.46513 28
    endloop
  endfacet
  facet normal 0.998796 0.049066 0
    outer loop
      vertex 25.0289 2.46513 22
      vertex 25.15 0 28
      vertex 25.15 0 22
    endloop
  endfacet
  facet normal 0.97003 0.242986 0
    outer loop
      vertex 24.067 7.30066 28
      vertex 24.6433 5 22
      vertex 24.067 7.30066 0
    endloop
  endfacet
  facet normal 0.970031 0.24298 2.50394e-06
    outer loop
      vertex 24.6667 4.90652 28
      vertex 24.6433 5 22
      vertex 24.067 7.30066 28
    endloop
  endfacet
  facet normal 0.970069 0.242829 0
    outer loop
      vertex 24.6433 5 22
      vertex 24.6667 4.90652 28
      vertex 24.6667 4.90652 22
    endloop
  endfacet
  facet normal 0.97003 0.242986 -0
    outer loop
      vertex 24.6433 5 5
      vertex 24.067 7.30066 0
      vertex 24.6433 5 22
    endloop
  endfacet
  facet normal 0.970069 0.242829 -0
    outer loop
      vertex 24.6667 4.90652 0
      vertex 24.6433 5 5
      vertex 24.6667 4.90652 5
    endloop
  endfacet
  facet normal 0.970031 0.24298 -3.00473e-06
    outer loop
      vertex 24.6433 5 5
      vertex 24.6667 4.90652 0
      vertex 24.067 7.30066 0
    endloop
  endfacet
  facet normal 0.336861 -0.941554 0
    outer loop
      vertex 7.30066 -24.067 0
      vertex 9.62449 -23.2356 28
      vertex 7.30066 -24.067 28
    endloop
  endfacet
  facet normal 0.336861 -0.941554 0
    outer loop
      vertex 9.62449 -23.2356 28
      vertex 7.30066 -24.067 0
      vertex 9.62449 -23.2356 0
    endloop
  endfacet
  facet normal -0.740938 0.671573 0
    outer loop
      vertex -19.4412 15.955 0
      vertex -17.7837 17.7837 28
      vertex -17.7837 17.7837 0
    endloop
  endfacet
  facet normal -0.740938 0.671573 0
    outer loop
      vertex -17.7837 17.7837 28
      vertex -19.4412 15.955 0
      vertex -19.4412 15.955 28
    endloop
  endfacet
  facet normal 0.427576 -0.903979 0
    outer loop
      vertex 9.62449 -23.2356 0
      vertex 11.8556 -22.1803 28
      vertex 9.62449 -23.2356 28
    endloop
  endfacet
  facet normal 0.427576 -0.903979 0
    outer loop
      vertex 11.8556 -22.1803 28
      vertex 9.62449 -23.2356 0
      vertex 11.8556 -22.1803 0
    endloop
  endfacet
  facet normal 0.146752 -0.989173 0
    outer loop
      vertex 2.46513 -25.0289 22
      vertex 4.90652 -24.6667 28
      vertex 2.46513 -25.0289 28
    endloop
  endfacet
  facet normal 0.146752 -0.989173 0
    outer loop
      vertex 4.90652 -24.6667 28
      vertex 2.46513 -25.0289 22
      vertex 4.90652 -24.6667 22
    endloop
  endfacet
  facet normal 0.146752 -0.989173 0
    outer loop
      vertex 2.46513 -25.0289 0
      vertex 4.90652 -24.6667 5
      vertex 2.46513 -25.0289 5
    endloop
  endfacet
  facet normal 0.146752 -0.989173 0
    outer loop
      vertex 4.90652 -24.6667 5
      vertex 2.46513 -25.0289 0
      vertex 4.90652 -24.6667 0
    endloop
  endfacet
  facet normal 0.740938 0.671573 0
    outer loop
      vertex 19.4412 15.955 28
      vertex 17.7837 17.7837 0
      vertex 17.7837 17.7837 28
    endloop
  endfacet
  facet normal 0.740938 0.671573 0
    outer loop
      vertex 17.7837 17.7837 0
      vertex 19.4412 15.955 28
      vertex 19.4412 15.955 0
    endloop
  endfacet
  facet normal -0.514079 0.857743 0
    outer loop
      vertex -11.8556 22.1803 0
      vertex -13.9726 20.9115 28
      vertex -11.8556 22.1803 28
    endloop
  endfacet
  facet normal -0.514079 0.857743 0
    outer loop
      vertex -13.9726 20.9115 28
      vertex -11.8556 22.1803 0
      vertex -13.9726 20.9115 0
    endloop
  endfacet
  facet normal 0.427576 0.903979 -0
    outer loop
      vertex 11.8556 22.1803 0
      vertex 9.62449 23.2356 28
      vertex 11.8556 22.1803 28
    endloop
  endfacet
  facet normal 0.427576 0.903979 0
    outer loop
      vertex 9.62449 23.2356 28
      vertex 11.8556 22.1803 0
      vertex 9.62449 23.2356 0
    endloop
  endfacet
  facet normal -0.970069 -0.242829 0
    outer loop
      vertex -24.6667 -4.90652 0
      vertex -24.6433 -5 5
      vertex -24.6667 -4.90652 5
    endloop
  endfacet
  facet normal -0.97003 -0.242986 0
    outer loop
      vertex -24.6433 -5 5
      vertex -24.067 -7.30066 0
      vertex -24.6433 -5 22
    endloop
  endfacet
  facet normal -0.970031 -0.24298 -3.00473e-06
    outer loop
      vertex -24.067 -7.30066 0
      vertex -24.6433 -5 5
      vertex -24.6667 -4.90652 0
    endloop
  endfacet
  facet normal -0.970069 -0.242829 0
    outer loop
      vertex -24.6433 -5 22
      vertex -24.6667 -4.90652 28
      vertex -24.6667 -4.90652 22
    endloop
  endfacet
  facet normal -0.97003 -0.242986 -0
    outer loop
      vertex -24.067 -7.30066 28
      vertex -24.6433 -5 22
      vertex -24.067 -7.30066 0
    endloop
  endfacet
  facet normal -0.970031 -0.24298 2.50394e-06
    outer loop
      vertex -24.6433 -5 22
      vertex -24.067 -7.30066 28
      vertex -24.6667 -4.90652 28
    endloop
  endfacet
  facet normal 0.740938 -0.671573 0
    outer loop
      vertex 17.7837 -17.7837 28
      vertex 19.4412 -15.955 0
      vertex 19.4412 -15.955 28
    endloop
  endfacet
  facet normal 0.740938 -0.671573 0
    outer loop
      vertex 19.4412 -15.955 0
      vertex 17.7837 -17.7837 28
      vertex 17.7837 -17.7837 0
    endloop
  endfacet
  facet normal 0.671573 0.740938 -0
    outer loop
      vertex 17.7837 17.7837 0
      vertex 15.955 19.4412 28
      vertex 17.7837 17.7837 28
    endloop
  endfacet
  facet normal 0.671573 0.740938 0
    outer loop
      vertex 15.955 19.4412 28
      vertex 17.7837 17.7837 0
      vertex 15.955 19.4412 0
    endloop
  endfacet
  facet normal -0.595713 -0.803197 0
    outer loop
      vertex -15.955 -19.4412 0
      vertex -13.9726 -20.9115 28
      vertex -15.955 -19.4412 28
    endloop
  endfacet
  facet normal -0.595713 -0.803197 -0
    outer loop
      vertex -13.9726 -20.9115 28
      vertex -15.955 -19.4412 0
      vertex -13.9726 -20.9115 0
    endloop
  endfacet
  facet normal -0.671573 0.740938 0
    outer loop
      vertex -15.955 19.4412 0
      vertex -17.7837 17.7837 28
      vertex -15.955 19.4412 28
    endloop
  endfacet
  facet normal -0.671573 0.740938 0
    outer loop
      vertex -17.7837 17.7837 28
      vertex -15.955 19.4412 0
      vertex -17.7837 17.7837 0
    endloop
  endfacet
  facet normal -0.989173 0.146752 0
    outer loop
      vertex -25.0289 2.46513 22
      vertex -24.6667 4.90652 28
      vertex -24.6667 4.90652 22
    endloop
  endfacet
  facet normal -0.989173 0.146752 0
    outer loop
      vertex -24.6667 4.90652 28
      vertex -25.0289 2.46513 22
      vertex -25.0289 2.46513 28
    endloop
  endfacet
  facet normal -0.989173 0.146752 0
    outer loop
      vertex -25.0289 2.46513 0
      vertex -24.6667 4.90652 5
      vertex -24.6667 4.90652 0
    endloop
  endfacet
  facet normal -0.989173 0.146752 0
    outer loop
      vertex -24.6667 4.90652 5
      vertex -25.0289 2.46513 0
      vertex -25.0289 2.46513 5
    endloop
  endfacet
  facet normal 0.857743 0.514079 0
    outer loop
      vertex 22.1803 11.8556 28
      vertex 20.9115 13.9726 0
      vertex 20.9115 13.9726 28
    endloop
  endfacet
  facet normal 0.857743 0.514079 0
    outer loop
      vertex 20.9115 13.9726 0
      vertex 22.1803 11.8556 28
      vertex 22.1803 11.8556 0
    endloop
  endfacet
  facet normal -0.146752 -0.989173 0
    outer loop
      vertex -4.90652 -24.6667 22
      vertex -2.46513 -25.0289 28
      vertex -4.90652 -24.6667 28
    endloop
  endfacet
  facet normal -0.146752 -0.989173 -0
    outer loop
      vertex -2.46513 -25.0289 28
      vertex -4.90652 -24.6667 22
      vertex -2.46513 -25.0289 22
    endloop
  endfacet
  facet normal -0.146752 -0.989173 0
    outer loop
      vertex -4.90652 -24.6667 0
      vertex -2.46513 -25.0289 5
      vertex -4.90652 -24.6667 5
    endloop
  endfacet
  facet normal -0.146752 -0.989173 -0
    outer loop
      vertex -2.46513 -25.0289 5
      vertex -4.90652 -24.6667 0
      vertex -2.46513 -25.0289 0
    endloop
  endfacet
  facet normal 0.514079 -0.857743 0
    outer loop
      vertex 11.8556 -22.1803 0
      vertex 13.9726 -20.9115 28
      vertex 11.8556 -22.1803 28
    endloop
  endfacet
  facet normal 0.514079 -0.857743 0
    outer loop
      vertex 13.9726 -20.9115 28
      vertex 11.8556 -22.1803 0
      vertex 13.9726 -20.9115 0
    endloop
  endfacet
  facet normal -0.595713 0.803197 0
    outer loop
      vertex -13.9726 20.9115 0
      vertex -15.955 19.4412 28
      vertex -13.9726 20.9115 28
    endloop
  endfacet
  facet normal -0.595713 0.803197 0
    outer loop
      vertex -15.955 19.4412 28
      vertex -13.9726 20.9115 0
      vertex -15.955 19.4412 0
    endloop
  endfacet
  facet normal -0 0 -1
    outer loop
      vertex -9.19239 -9.19239 0
      vertex -14.4215 -14.1859 0
      vertex -10.0491 -8.24711 0
    endloop
  endfacet
  facet normal 0 0 -1
    outer loop
      vertex -13 0 0
      vertex -13.8082 15.3334 0
      vertex -13.8 15.5 0
    endloop
  endfacet
  facet normal 0 0 -1
    outer loop
      vertex -14.5555 -14.0865 0
      vertex -10.0491 -8.24711 0
      vertex -14.4215 -14.1859 0
    endloop
  endfacet
  facet normal 0 0 -1
    outer loop
      vertex -13 0 0
      vertex -13.8327 15.1683 0
      vertex -13.8082 15.3334 0
    endloop
  endfacet
  facet normal 0 0 -1
    outer loop
      vertex -14.6986 -14.0007 0
      vertex -10.0491 -8.24711 0
      vertex -14.5555 -14.0865 0
    endloop
  endfacet
  facet normal 0 0 -1
    outer loop
      vertex -13 0 0
      vertex -13.8732 15.0065 0
      vertex -13.8327 15.1683 0
    endloop
  endfacet
  facet normal 0 0 -1
    outer loop
      vertex -14.8494 -13.9294 0
      vertex -10.0491 -8.24711 0
      vertex -14.6986 -14.0007 0
    endloop
  endfacet
  facet normal 0 0 -1
    outer loop
      vertex -13 0 0
      vertex -13.9294 14.8494 0
      vertex -13.8732 15.0065 0
    endloop
  endfacet
  facet normal 0 0 -1
    outer loop
      vertex -15.0065 -13.8732 0
      vertex -10.0491 -8.24711 0
      vertex -14.8494 -13.9294 0
    endloop
  endfacet
  facet normal 0 0 -1
    outer loop
      vertex -13 0 0
      vertex -14.0007 14.6986 0
      vertex -13.9294 14.8494 0
    endloop
  endfacet
  facet normal -0 0 -1
    outer loop
      vertex -10.0491 -8.24711 0
      vertex -15.0065 -13.8732 0
      vertex -10.8091 -7.22241 0
    endloop
  endfacet
  facet normal 0 0 -1
    outer loop
      vertex -13 0 0
      vertex -14.0865 14.5555 0
      vertex -14.0007 14.6986 0
    endloop
  endfacet
  facet normal 0 0 -1
    outer loop
      vertex -15.1683 -13.8327 0
      vertex -10.8091 -7.22241 0
      vertex -15.0065 -13.8732 0
    endloop
  endfacet
  facet normal 0 0 -1
    outer loop
      vertex -13 0 0
      vertex -14.1859 14.4215 0
      vertex -14.0865 14.5555 0
    endloop
  endfacet
  facet normal 0 0 -1
    outer loop
      vertex -15.3334 -13.8082 0
      vertex -10.8091 -7.22241 0
      vertex -15.1683 -13.8327 0
    endloop
  endfacet
  facet normal 0 0 -1
    outer loop
      vertex -13 0 0
      vertex -14.2979 14.2979 0
      vertex -14.1859 14.4215 0
    endloop
  endfacet
  facet normal -0 0 -1
    outer loop
      vertex -10.8091 -7.22241 0
      vertex -15.3334 -13.8082 0
      vertex -11.465 -6.12816 0
    endloop
  endfacet
  facet normal 0 0 -1
    outer loop
      vertex -13 0 0
      vertex -14.4215 14.1859 0
      vertex -14.2979 14.2979 0
    endloop
  endfacet
  facet normal 0 0 -1
    outer loop
      vertex -15.5 -13.8 0
      vertex -11.465 -6.12816 0
      vertex -15.3334 -13.8082 0
    endloop
  endfacet
  facet normal 0 0 -1
    outer loop
      vertex -13 0 0
      vertex -14.5555 14.0865 0
      vertex -14.4215 14.1859 0
    endloop
  endfacet
  facet normal 0 0 -1
    outer loop
      vertex -15.6666 -13.8082 0
      vertex -11.465 -6.12816 0
      vertex -15.5 -13.8 0
    endloop
  endfacet
  facet normal 0 0 -1
    outer loop
      vertex -13 0 0
      vertex -14.6986 14.0007 0
      vertex -14.5555 14.0865 0
    endloop
  endfacet
  facet normal 0 0 -1
    outer loop
      vertex -15.8317 -13.8327 0
      vertex -11.465 -6.12816 0
      vertex -15.6666 -13.8082 0
    endloop
  endfacet
  facet normal 0 0 -1
    outer loop
      vertex -13 0 0
      vertex -14.8494 13.9294 0
      vertex -14.6986 14.0007 0
    endloop
  endfacet
  facet normal -0 0 -1
    outer loop
      vertex -11.465 -6.12816 0
      vertex -15.8317 -13.8327 0
      vertex -12.0104 -4.97488 0
    endloop
  endfacet
  facet normal 0 0 -1
    outer loop
      vertex -13 0 0
      vertex -15.0065 13.8732 0
      vertex -14.8494 13.9294 0
    endloop
  endfacet
  facet normal 0 0 -1
    outer loop
      vertex -23.2356 -9.62449 0
      vertex -12.0104 -4.97488 0
      vertex -15.8317 -13.8327 0
    endloop
  endfacet
  facet normal 0 -0 -1
    outer loop
      vertex -25.0289 2.46513 0
      vertex -13 0 0
      vertex -25.15 0 0
    endloop
  endfacet
  facet normal -0 0 -1
    outer loop
      vertex -12.0104 -4.97488 0
      vertex -23.2356 -9.62449 0
      vertex -12.4402 -3.7737 0
    endloop
  endfacet
  facet normal 0 -0 -1
    outer loop
      vertex -24.6667 4.90652 0
      vertex -13 0 0
      vertex -25.0289 2.46513 0
    endloop
  endfacet
  facet normal 0 0 -1
    outer loop
      vertex -24.067 -7.30066 0
      vertex -12.4402 -3.7737 0
      vertex -23.2356 -9.62449 0
    endloop
  endfacet
  facet normal 0 0 -1
    outer loop
      vertex -13 0 0
      vertex -15.1683 13.8327 0
      vertex -15.0065 13.8732 0
    endloop
  endfacet
  facet normal 0 0 -1
    outer loop
      vertex -24.6667 -4.90652 0
      vertex -12.7502 -2.53617 0
      vertex -24.067 -7.30066 0
    endloop
  endfacet
  facet normal 0 -0 -1
    outer loop
      vertex -24.067 7.30066 0
      vertex -13 0 0
      vertex -24.6667 4.90652 0
    endloop
  endfacet
  facet normal -0 0 -1
    outer loop
      vertex -12.4402 -3.7737 0
      vertex -24.067 -7.30066 0
      vertex -12.7502 -2.53617 0
    endloop
  endfacet
  facet normal 0 0 -1
    outer loop
      vertex -13 0 0
      vertex -15.3334 13.8082 0
      vertex -15.1683 13.8327 0
    endloop
  endfacet
  facet normal 0 0 -1
    outer loop
      vertex -23.2356 -9.62449 0
      vertex -15.8317 -13.8327 0
      vertex -15.9935 -13.8732 0
    endloop
  endfacet
  facet normal 0 -0 -1
    outer loop
      vertex -23.2356 9.62449 0
      vertex -13 0 0
      vertex -24.067 7.30066 0
    endloop
  endfacet
  facet normal 0 0 -1
    outer loop
      vertex -22.1803 -11.8556 0
      vertex -15.9935 -13.8732 0
      vertex -16.1506 -13.9294 0
    endloop
  endfacet
  facet normal 0 0 -1
    outer loop
      vertex -13 0 0
      vertex -15.5 13.8 0
      vertex -15.3334 13.8082 0
    endloop
  endfacet
  facet normal 0 0 -1
    outer loop
      vertex -22.1803 -11.8556 0
      vertex -16.1506 -13.9294 0
      vertex -16.3014 -14.0007 0
    endloop
  endfacet
  facet normal 0 0 -1
    outer loop
      vertex -13 0 0
      vertex -15.6666 13.8082 0
      vertex -15.5 13.8 0
    endloop
  endfacet
  facet normal 0 0 -1
    outer loop
      vertex -22.1803 -11.8556 0
      vertex -16.3014 -14.0007 0
      vertex -16.4445 -14.0865 0
    endloop
  endfacet
  facet normal 0 0 -1
    outer loop
      vertex -13 0 0
      vertex -23.2356 9.62449 0
      vertex -15.6666 13.8082 0
    endloop
  endfacet
  facet normal 0 0 -1
    outer loop
      vertex -20.9115 -13.9726 0
      vertex -16.4445 -14.0865 0
      vertex -16.5785 -14.1859 0
    endloop
  endfacet
  facet normal -0 0 -1
    outer loop
      vertex -15.6666 13.8082 0
      vertex -23.2356 9.62449 0
      vertex -15.8317 13.8327 0
    endloop
  endfacet
  facet normal 0 0 -1
    outer loop
      vertex -20.9115 -13.9726 0
      vertex -16.5785 -14.1859 0
      vertex -16.7021 -14.2979 0
    endloop
  endfacet
  facet normal -0 0 -1
    outer loop
      vertex -15.8317 13.8327 0
      vertex -23.2356 9.62449 0
      vertex -15.9935 13.8732 0
    endloop
  endfacet
  facet normal 0 0 -1
    outer loop
      vertex -20.9115 -13.9726 0
      vertex -16.7021 -14.2979 0
      vertex -16.8141 -14.4215 0
    endloop
  endfacet
  facet normal 0 -0 -1
    outer loop
      vertex -22.1803 11.8556 0
      vertex -15.9935 13.8732 0
      vertex -23.2356 9.62449 0
    endloop
  endfacet
  facet normal 0 0 -1
    outer loop
      vertex -20.9115 -13.9726 0
      vertex -16.8141 -14.4215 0
      vertex -16.9135 -14.5555 0
    endloop
  endfacet
  facet normal -0 0 -1
    outer loop
      vertex -15.9935 13.8732 0
      vertex -22.1803 11.8556 0
      vertex -16.1506 13.9294 0
    endloop
  endfacet
  facet normal 0 0 -1
    outer loop
      vertex -20.9115 -13.9726 0
      vertex -16.9135 -14.5555 0
      vertex -16.9993 -14.6986 0
    endloop
  endfacet
  facet normal -0 0 -1
    outer loop
      vertex -16.1506 13.9294 0
      vertex -22.1803 11.8556 0
      vertex -16.3014 14.0007 0
    endloop
  endfacet
  facet normal 0 0 -1
    outer loop
      vertex -20.9115 -13.9726 0
      vertex -16.9993 -14.6986 0
      vertex -17.0706 -14.8494 0
    endloop
  endfacet
  facet normal -0 0 -1
    outer loop
      vertex -16.3014 14.0007 0
      vertex -22.1803 11.8556 0
      vertex -16.4445 14.0865 0
    endloop
  endfacet
  facet normal 0 0 -1
    outer loop
      vertex -19.4412 -15.955 0
      vertex -17.0706 -14.8494 0
      vertex -17.1268 -15.0065 0
    endloop
  endfacet
  facet normal 0 -0 -1
    outer loop
      vertex -20.9115 13.9726 0
      vertex -16.4445 14.0865 0
      vertex -22.1803 11.8556 0
    endloop
  endfacet
  facet normal 0 0 -1
    outer loop
      vertex -19.4412 -15.955 0
      vertex -17.1268 -15.0065 0
      vertex -17.1673 -15.1683 0
    endloop
  endfacet
  facet normal -0 0 -1
    outer loop
      vertex -16.4445 14.0865 0
      vertex -20.9115 13.9726 0
      vertex -16.5785 14.1859 0
    endloop
  endfacet
  facet normal 0 0 -1
    outer loop
      vertex -19.4412 -15.955 0
      vertex -17.1673 -15.1683 0
      vertex -17.1918 -15.3334 0
    endloop
  endfacet
  facet normal -0 0 -1
    outer loop
      vertex -16.5785 14.1859 0
      vertex -20.9115 13.9726 0
      vertex -16.7021 14.2979 0
    endloop
  endfacet
  facet normal 0 0 -1
    outer loop
      vertex -19.4412 -15.955 0
      vertex -17.1918 -15.3334 0
      vertex -17.2 -15.5 0
    endloop
  endfacet
  facet normal -0 0 -1
    outer loop
      vertex -16.7021 14.2979 0
      vertex -20.9115 13.9726 0
      vertex -16.8141 14.4215 0
    endloop
  endfacet
  facet normal 0 0 -1
    outer loop
      vertex 16.7021 -14.2979 0
      vertex 20.9115 -13.9726 0
      vertex 16.8141 -14.4215 0
    endloop
  endfacet
  facet normal 0 0 -1
    outer loop
      vertex 25.15 0 0
      vertex 17.1918 15.3334 0
      vertex 17.2 15.5 0
    endloop
  endfacet
  facet normal 0 0 -1
    outer loop
      vertex 16.5785 -14.1859 0
      vertex 20.9115 -13.9726 0
      vertex 16.7021 -14.2979 0
    endloop
  endfacet
  facet normal 0 0 -1
    outer loop
      vertex 25.15 0 0
      vertex 17.1673 15.1683 0
      vertex 17.1918 15.3334 0
    endloop
  endfacet
  facet normal 0 0 -1
    outer loop
      vertex 16.4445 -14.0865 0
      vertex 20.9115 -13.9726 0
      vertex 16.5785 -14.1859 0
    endloop
  endfacet
  facet normal 0 0 -1
    outer loop
      vertex 25.15 0 0
      vertex 17.1268 15.0065 0
      vertex 17.1673 15.1683 0
    endloop
  endfacet
  facet normal -0 0 -1
    outer loop
      vertex 20.9115 -13.9726 0
      vertex 16.4445 -14.0865 0
      vertex 22.1803 -11.8556 0
    endloop
  endfacet
  facet normal 0 0 -1
    outer loop
      vertex 25.15 0 0
      vertex 17.0706 14.8494 0
      vertex 17.1268 15.0065 0
    endloop
  endfacet
  facet normal 0 0 -1
    outer loop
      vertex 16.3014 -14.0007 0
      vertex 22.1803 -11.8556 0
      vertex 16.4445 -14.0865 0
    endloop
  endfacet
  facet normal 0 0 -1
    outer loop
      vertex 25.15 0 0
      vertex 16.9993 14.6986 0
      vertex 17.0706 14.8494 0
    endloop
  endfacet
  facet normal 0 0 -1
    outer loop
      vertex 16.1506 -13.9294 0
      vertex 22.1803 -11.8556 0
      vertex 16.3014 -14.0007 0
    endloop
  endfacet
  facet normal 0 0 -1
    outer loop
      vertex 12.9374 1.27422 0
      vertex 25.15 0 0
      vertex 13 0 0
    endloop
  endfacet
  facet normal 0 0 -1
    outer loop
      vertex 15.9935 -13.8732 0
      vertex 22.1803 -11.8556 0
      vertex 16.1506 -13.9294 0
    endloop
  endfacet
  facet normal 0 0 -1
    outer loop
      vertex 25.15 0 0
      vertex 16.9135 14.5555 0
      vertex 16.9993 14.6986 0
    endloop
  endfacet
  facet normal -0 0 -1
    outer loop
      vertex 22.1803 -11.8556 0
      vertex 15.9935 -13.8732 0
      vertex 23.2356 -9.62449 0
    endloop
  endfacet
  facet normal 0 0 -1
    outer loop
      vertex 12.7502 2.53617 0
      vertex 25.15 0 0
      vertex 12.9374 1.27422 0
    endloop
  endfacet
  facet normal 0 0 -1
    outer loop
      vertex 12.0104 -4.97488 0
      vertex 23.2356 -9.62449 0
      vertex 15.9935 -13.8732 0
    endloop
  endfacet
  facet normal 0 0 -1
    outer loop
      vertex 25.15 0 0
      vertex 16.8141 14.4215 0
      vertex 16.9135 14.5555 0
    endloop
  endfacet
  facet normal 0 -0 -1
    outer loop
      vertex 12.4402 -3.7737 0
      vertex 24.067 -7.30066 0
      vertex 12.0104 -4.97488 0
    endloop
  endfacet
  facet normal 0 0 -1
    outer loop
      vertex 25.15 0 0
      vertex 16.7021 14.2979 0
      vertex 16.8141 14.4215 0
    endloop
  endfacet
  facet normal 0 0 -1
    outer loop
      vertex 24.6667 -4.90652 0
      vertex 12.7502 -2.53617 0
      vertex 25.0289 -2.46513 0
    endloop
  endfacet
  facet normal 0 0 -1
    outer loop
      vertex 12.4402 3.7737 0
      vertex 25.15 0 0
      vertex 12.7502 2.53617 0
    endloop
  endfacet
  facet normal 0 0 -1
    outer loop
      vertex 24.067 -7.30066 0
      vertex 12.4402 -3.7737 0
      vertex 24.6667 -4.90652 0
    endloop
  endfacet
  facet normal 0 0 -1
    outer loop
      vertex 25.15 0 0
      vertex 16.5785 14.1859 0
      vertex 16.7021 14.2979 0
    endloop
  endfacet
  facet normal 0 0 -1
    outer loop
      vertex 23.2356 -9.62449 0
      vertex 12.0104 -4.97488 0
      vertex 24.067 -7.30066 0
    endloop
  endfacet
  facet normal 0 0 -1
    outer loop
      vertex 25.15 0 0
      vertex 16.4445 14.0865 0
      vertex 16.5785 14.1859 0
    endloop
  endfacet
  facet normal 0 0 -1
    outer loop
      vertex 12.0104 -4.97488 0
      vertex 15.9935 -13.8732 0
      vertex 15.8317 -13.8327 0
    endloop
  endfacet
  facet normal 0 -0 -1
    outer loop
      vertex 16.3014 14.0007 0
      vertex 25.15 0 0
      vertex 12.4402 3.7737 0
    endloop
  endfacet
  facet normal 0 0 -1
    outer loop
      vertex 11.465 -6.12816 0
      vertex 15.8317 -13.8327 0
      vertex 15.6666 -13.8082 0
    endloop
  endfacet
  facet normal 0 0 -1
    outer loop
      vertex 25.15 0 0
      vertex 16.3014 14.0007 0
      vertex 16.4445 14.0865 0
    endloop
  endfacet
  facet normal 0 0 -1
    outer loop
      vertex 11.465 -6.12816 0
      vertex 15.6666 -13.8082 0
      vertex 15.5 -13.8 0
    endloop
  endfacet
  facet normal 0 0 -1
    outer loop
      vertex 16.3014 14.0007 0
      vertex 12.4402 3.7737 0
      vertex 16.1506 13.9294 0
    endloop
  endfacet
  facet normal 0 0 -1
    outer loop
      vertex 11.465 -6.12816 0
      vertex 15.5 -13.8 0
      vertex 15.3334 -13.8082 0
    endloop
  endfacet
  facet normal 0 0 -1
    outer loop
      vertex 12.0104 4.97488 0
      vertex 16.1506 13.9294 0
      vertex 12.4402 3.7737 0
    endloop
  endfacet
  facet normal 0 0 -1
    outer loop
      vertex 10.8091 -7.22241 0
      vertex 15.3334 -13.8082 0
      vertex 15.1683 -13.8327 0
    endloop
  endfacet
  facet normal 0 0 -1
    outer loop
      vertex 16.1506 13.9294 0
      vertex 12.0104 4.97488 0
      vertex 15.9935 13.8732 0
    endloop
  endfacet
  facet normal 0 0 -1
    outer loop
      vertex 10.8091 -7.22241 0
      vertex 15.1683 -13.8327 0
      vertex 15.0065 -13.8732 0
    endloop
  endfacet
  facet normal 0 0 -1
    outer loop
      vertex 15.9935 13.8732 0
      vertex 12.0104 4.97488 0
      vertex 15.8317 13.8327 0
    endloop
  endfacet
  facet normal 0 0 -1
    outer loop
      vertex 10.0491 -8.24711 0
      vertex 15.0065 -13.8732 0
      vertex 14.8494 -13.9294 0
    endloop
  endfacet
  facet normal 0 0 -1
    outer loop
      vertex 11.465 6.12816 0
      vertex 15.8317 13.8327 0
      vertex 12.0104 4.97488 0
    endloop
  endfacet
  facet normal 0 0 -1
    outer loop
      vertex 10.0491 -8.24711 0
      vertex 14.8494 -13.9294 0
      vertex 14.6986 -14.0007 0
    endloop
  endfacet
  facet normal 0 0 -1
    outer loop
      vertex 15.8317 13.8327 0
      vertex 11.465 6.12816 0
      vertex 15.6666 13.8082 0
    endloop
  endfacet
  facet normal 0 0 -1
    outer loop
      vertex 10.0491 -8.24711 0
      vertex 14.6986 -14.0007 0
      vertex 14.5555 -14.0865 0
    endloop
  endfacet
  facet normal 0 0 -1
    outer loop
      vertex 15.6666 13.8082 0
      vertex 11.465 6.12816 0
      vertex 15.5 13.8 0
    endloop
  endfacet
  facet normal 0 0 -1
    outer loop
      vertex 10.0491 -8.24711 0
      vertex 14.5555 -14.0865 0
      vertex 14.4215 -14.1859 0
    endloop
  endfacet
  facet normal -0 0 -1
    outer loop
      vertex 15.5 13.8 0
      vertex 11.465 6.12816 0
      vertex 15.3334 13.8082 0
    endloop
  endfacet
  facet normal 0 0 -1
    outer loop
      vertex 9.19239 -9.19239 0
      vertex 14.4215 -14.1859 0
      vertex 14.2979 -14.2979 0
    endloop
  endfacet
  facet normal 0 0 -1
    outer loop
      vertex 10.8091 7.22241 0
      vertex 15.3334 13.8082 0
      vertex 11.465 6.12816 0
    endloop
  endfacet
  facet normal 0 0 -1
    outer loop
      vertex 9.19239 -9.19239 0
      vertex 14.2979 -14.2979 0
      vertex 14.1859 -14.4215 0
    endloop
  endfacet
  facet normal -0 0 -1
    outer loop
      vertex 15.3334 13.8082 0
      vertex 10.8091 7.22241 0
      vertex 15.1683 13.8327 0
    endloop
  endfacet
  facet normal 0 0 -1
    outer loop
      vertex 9.19239 -9.19239 0
      vertex 14.1859 -14.4215 0
      vertex 14.0865 -14.5555 0
    endloop
  endfacet
  facet normal -0 0 -1
    outer loop
      vertex 15.1683 13.8327 0
      vertex 10.8091 7.22241 0
      vertex 15.0065 13.8732 0
    endloop
  endfacet
  facet normal 0 0 -1
    outer loop
      vertex 8.24711 -10.0491 0
      vertex 14.0865 -14.5555 0
      vertex 14.0007 -14.6986 0
    endloop
  endfacet
  facet normal 0 0 -1
    outer loop
      vertex 10.0491 8.24711 0
      vertex 15.0065 13.8732 0
      vertex 10.8091 7.22241 0
    endloop
  endfacet
  facet normal 0 0 -1
    outer loop
      vertex 8.24711 -10.0491 0
      vertex 14.0007 -14.6986 0
      vertex 13.9294 -14.8494 0
    endloop
  endfacet
  facet normal -0 0 -1
    outer loop
      vertex 15.0065 13.8732 0
      vertex 10.0491 8.24711 0
      vertex 14.8494 13.9294 0
    endloop
  endfacet
  facet normal 0 0 -1
    outer loop
      vertex 8.24711 -10.0491 0
      vertex 13.9294 -14.8494 0
      vertex 13.8732 -15.0065 0
    endloop
  endfacet
  facet normal -0 0 -1
    outer loop
      vertex 14.8494 13.9294 0
      vertex 10.0491 8.24711 0
      vertex 14.6986 14.0007 0
    endloop
  endfacet
  facet normal 0 0 -1
    outer loop
      vertex 7.22241 -10.8091 0
      vertex 13.8732 -15.0065 0
      vertex 13.8327 -15.1683 0
    endloop
  endfacet
  facet normal -0 0 -1
    outer loop
      vertex 14.6986 14.0007 0
      vertex 10.0491 8.24711 0
      vertex 14.5555 14.0865 0
    endloop
  endfacet
  facet normal 0 0 -1
    outer loop
      vertex 7.22241 -10.8091 0
      vertex 13.8327 -15.1683 0
      vertex 13.8082 -15.3334 0
    endloop
  endfacet
  facet normal -0 0 -1
    outer loop
      vertex 14.5555 14.0865 0
      vertex 10.0491 8.24711 0
      vertex 14.4215 14.1859 0
    endloop
  endfacet
  facet normal 0 0 -1
    outer loop
      vertex 7.22241 -10.8091 0
      vertex 13.8082 -15.3334 0
      vertex 13.8 -15.5 0
    endloop
  endfacet
  facet normal 0 0 -1
    outer loop
      vertex 9.19239 9.19239 0
      vertex 14.4215 14.1859 0
      vertex 10.0491 8.24711 0
    endloop
  endfacet
  facet normal 0 0 -1
    outer loop
      vertex 16.9135 -14.5555 0
      vertex 20.9115 -13.9726 0
      vertex 16.9993 -14.6986 0
    endloop
  endfacet
  facet normal 0 0 -1
    outer loop
      vertex 16.9993 -14.6986 0
      vertex 20.9115 -13.9726 0
      vertex 17.0706 -14.8494 0
    endloop
  endfacet
  facet normal 0 0 -1
    outer loop
      vertex 16.8141 -14.4215 0
      vertex 20.9115 -13.9726 0
      vertex 16.9135 -14.5555 0
    endloop
  endfacet
  facet normal 0 0 -1
    outer loop
      vertex 19.4412 -15.955 0
      vertex 17.0706 -14.8494 0
      vertex 20.9115 -13.9726 0
    endloop
  endfacet
  facet normal 0 0 -1
    outer loop
      vertex 25.15 0 0
      vertex 17.2 15.5 0
      vertex 25.0289 2.46513 0
    endloop
  endfacet
  facet normal 0 0 -1
    outer loop
      vertex 17.0706 -14.8494 0
      vertex 19.4412 -15.955 0
      vertex 17.1268 -15.0065 0
    endloop
  endfacet
  facet normal 0 0 -1
    outer loop
      vertex 25.0289 2.46513 0
      vertex 17.2 15.5 0
      vertex 24.6667 4.90652 0
    endloop
  endfacet
  facet normal 0 0 -1
    outer loop
      vertex 17.1268 -15.0065 0
      vertex 19.4412 -15.955 0
      vertex 17.1673 -15.1683 0
    endloop
  endfacet
  facet normal 0 0 -1
    outer loop
      vertex 24.6667 4.90652 0
      vertex 17.2 15.5 0
      vertex 24.067 7.30066 0
    endloop
  endfacet
  facet normal 0 0 -1
    outer loop
      vertex 17.1673 -15.1683 0
      vertex 19.4412 -15.955 0
      vertex 17.1918 -15.3334 0
    endloop
  endfacet
  facet normal 0 0 -1
    outer loop
      vertex 24.067 7.30066 0
      vertex 17.2 15.5 0
      vertex 23.2356 9.62449 0
    endloop
  endfacet
  facet normal 0 0 -1
    outer loop
      vertex 17.1918 -15.3334 0
      vertex 19.4412 -15.955 0
      vertex 17.2 -15.5 0
    endloop
  endfacet
  facet normal 0 0 -1
    outer loop
      vertex 23.2356 9.62449 0
      vertex 17.2 15.5 0
      vertex 22.1803 11.8556 0
    endloop
  endfacet
  facet normal 0 0 -1
    outer loop
      vertex 17.0706 -16.1506 0
      vertex 19.4412 -15.955 0
      vertex 17.7837 -17.7837 0
    endloop
  endfacet
  facet normal 0 0 -1
    outer loop
      vertex 22.1803 11.8556 0
      vertex 17.2 15.5 0
      vertex 20.9115 13.9726 0
    endloop
  endfacet
  facet normal 0 0 -1
    outer loop
      vertex 20.9115 13.9726 0
      vertex 17.2 15.5 0
      vertex 19.4412 15.955 0
    endloop
  endfacet
  facet normal 0 0 -1
    outer loop
      vertex 19.4412 -15.955 0
      vertex 17.1918 -15.6666 0
      vertex 17.2 -15.5 0
    endloop
  endfacet
  facet normal 0 0 -1
    outer loop
      vertex 19.4412 -15.955 0
      vertex 17.1673 -15.8317 0
      vertex 17.1918 -15.6666 0
    endloop
  endfacet
  facet normal -0 0 -1
    outer loop
      vertex 19.4412 -15.955 0
      vertex 17.1268 -15.9935 0
      vertex 17.1673 -15.8317 0
    endloop
  endfacet
  facet normal 0 0 -1
    outer loop
      vertex 19.4412 -15.955 0
      vertex 17.0706 -16.1506 0
      vertex 17.1268 -15.9935 0
    endloop
  endfacet
  facet normal 0 0 -1
    outer loop
      vertex 17.7837 -17.7837 0
      vertex 16.9993 -16.3014 0
      vertex 17.0706 -16.1506 0
    endloop
  endfacet
  facet normal 0 0 -1
    outer loop
      vertex 17.7837 -17.7837 0
      vertex 16.9135 -16.4445 0
      vertex 16.9993 -16.3014 0
    endloop
  endfacet
  facet normal 0 0 -1
    outer loop
      vertex 17.7837 -17.7837 0
      vertex 16.8141 -16.5785 0
      vertex 16.9135 -16.4445 0
    endloop
  endfacet
  facet normal 0 0 -1
    outer loop
      vertex 17.7837 -17.7837 0
      vertex 16.7021 -16.7021 0
      vertex 16.8141 -16.5785 0
    endloop
  endfacet
  facet normal 0 0 -1
    outer loop
      vertex 17.7837 -17.7837 0
      vertex 16.5785 -16.8141 0
      vertex 16.7021 -16.7021 0
    endloop
  endfacet
  facet normal 0 0 -1
    outer loop
      vertex 17.7837 -17.7837 0
      vertex 16.4445 -16.9135 0
      vertex 16.5785 -16.8141 0
    endloop
  endfacet
  facet normal 0 0 -1
    outer loop
      vertex 17.7837 -17.7837 0
      vertex 16.3014 -16.9993 0
      vertex 16.4445 -16.9135 0
    endloop
  endfacet
  facet normal 0 0 -1
    outer loop
      vertex 17.7837 -17.7837 0
      vertex 16.1506 -17.0706 0
      vertex 16.3014 -16.9993 0
    endloop
  endfacet
  facet normal 0 0 -1
    outer loop
      vertex 15.955 -19.4412 0
      vertex 16.1506 -17.0706 0
      vertex 17.7837 -17.7837 0
    endloop
  endfacet
  facet normal 0 0 -1
    outer loop
      vertex 16.1506 -17.0706 0
      vertex 15.955 -19.4412 0
      vertex 15.9935 -17.1268 0
    endloop
  endfacet
  facet normal 0 0 -1
    outer loop
      vertex 15.955 -19.4412 0
      vertex 15.8317 -17.1673 0
      vertex 15.9935 -17.1268 0
    endloop
  endfacet
  facet normal 0 0 -1
    outer loop
      vertex 15.955 -19.4412 0
      vertex 15.6666 -17.1918 0
      vertex 15.8317 -17.1673 0
    endloop
  endfacet
  facet normal 0 0 -1
    outer loop
      vertex 15.955 -19.4412 0
      vertex 15.5 -17.2 0
      vertex 15.6666 -17.1918 0
    endloop
  endfacet
  facet normal 0 0 -1
    outer loop
      vertex 15.955 -19.4412 0
      vertex 15.3334 -17.1918 0
      vertex 15.5 -17.2 0
    endloop
  endfacet
  facet normal 0 0 -1
    outer loop
      vertex 15.955 -19.4412 0
      vertex 15.1683 -17.1673 0
      vertex 15.3334 -17.1918 0
    endloop
  endfacet
  facet normal 0 0 -1
    outer loop
      vertex 15.955 -19.4412 0
      vertex 15.0065 -17.1268 0
      vertex 15.1683 -17.1673 0
    endloop
  endfacet
  facet normal 0 0 -1
    outer loop
      vertex 15.955 -19.4412 0
      vertex 14.8494 -17.0706 0
      vertex 15.0065 -17.1268 0
    endloop
  endfacet
  facet normal 0 0 -1
    outer loop
      vertex 13.9726 -20.9115 0
      vertex 14.8494 -17.0706 0
      vertex 15.955 -19.4412 0
    endloop
  endfacet
  facet normal -0 0 -1
    outer loop
      vertex 14.8494 -17.0706 0
      vertex 13.9726 -20.9115 0
      vertex 14.6986 -16.9993 0
    endloop
  endfacet
  facet normal -0 0 -1
    outer loop
      vertex 14.6986 -16.9993 0
      vertex 13.9726 -20.9115 0
      vertex 14.5555 -16.9135 0
    endloop
  endfacet
  facet normal -0 0 -1
    outer loop
      vertex 14.5555 -16.9135 0
      vertex 13.9726 -20.9115 0
      vertex 14.4215 -16.8141 0
    endloop
  endfacet
  facet normal -0 0 -1
    outer loop
      vertex 14.4215 -16.8141 0
      vertex 13.9726 -20.9115 0
      vertex 14.2979 -16.7021 0
    endloop
  endfacet
  facet normal -0 0 -1
    outer loop
      vertex 14.2979 -16.7021 0
      vertex 13.9726 -20.9115 0
      vertex 14.1859 -16.5785 0
    endloop
  endfacet
  facet normal -0 0 -1
    outer loop
      vertex 14.1859 -16.5785 0
      vertex 13.9726 -20.9115 0
      vertex 14.0865 -16.4445 0
    endloop
  endfacet
  facet normal 0 0 -1
    outer loop
      vertex 11.8556 -22.1803 0
      vertex 14.0865 -16.4445 0
      vertex 13.9726 -20.9115 0
    endloop
  endfacet
  facet normal -0 0 -1
    outer loop
      vertex 14.0865 -16.4445 0
      vertex 11.8556 -22.1803 0
      vertex 14.0007 -16.3014 0
    endloop
  endfacet
  facet normal -0 0 -1
    outer loop
      vertex 14.0007 -16.3014 0
      vertex 11.8556 -22.1803 0
      vertex 13.9294 -16.1506 0
    endloop
  endfacet
  facet normal -0 0 -1
    outer loop
      vertex 13.9294 -16.1506 0
      vertex 11.8556 -22.1803 0
      vertex 13.8732 -15.9935 0
    endloop
  endfacet
  facet normal 0 0 -1
    outer loop
      vertex 9.62449 -23.2356 0
      vertex 13.8732 -15.9935 0
      vertex 11.8556 -22.1803 0
    endloop
  endfacet
  facet normal -0 0 -1
    outer loop
      vertex 13.8732 -15.9935 0
      vertex 9.62449 -23.2356 0
      vertex 13.8327 -15.8317 0
    endloop
  endfacet
  facet normal -0 0 -1
    outer loop
      vertex 14.4215 14.1859 0
      vertex 9.19239 9.19239 0
      vertex 14.2979 14.2979 0
    endloop
  endfacet
  facet normal 0 0 -1
    outer loop
      vertex 4.97488 -12.0104 0
      vertex 13.8327 -15.8317 0
      vertex 9.62449 -23.2356 0
    endloop
  endfacet
  facet normal -0 0 -1
    outer loop
      vertex 25.15 0 0
      vertex 12.9374 -1.27422 0
      vertex 13 0 0
    endloop
  endfacet
  facet normal 0 0 -1
    outer loop
      vertex 25.0289 -2.46513 0
      vertex 12.9374 -1.27422 0
      vertex 25.15 0 0
    endloop
  endfacet
  facet normal 0 -0 -1
    outer loop
      vertex 12.9374 -1.27422 0
      vertex 25.0289 -2.46513 0
      vertex 12.7502 -2.53617 0
    endloop
  endfacet
  facet normal 0 -0 -1
    outer loop
      vertex 12.7502 -2.53617 0
      vertex 24.6667 -4.90652 0
      vertex 12.4402 -3.7737 0
    endloop
  endfacet
  facet normal 0 -0 -1
    outer loop
      vertex 6.12816 -11.465 0
      vertex 13.8327 -15.8317 0
      vertex 4.97488 -12.0104 0
    endloop
  endfacet
  facet normal 0 0 -1
    outer loop
      vertex 15.8317 -13.8327 0
      vertex 11.465 -6.12816 0
      vertex 12.0104 -4.97488 0
    endloop
  endfacet
  facet normal 0 0 -1
    outer loop
      vertex 15.3334 -13.8082 0
      vertex 10.8091 -7.22241 0
      vertex 11.465 -6.12816 0
    endloop
  endfacet
  facet normal 0 0 -1
    outer loop
      vertex 15.0065 -13.8732 0
      vertex 10.0491 -8.24711 0
      vertex 10.8091 -7.22241 0
    endloop
  endfacet
  facet normal 0 0 -1
    outer loop
      vertex 13.8327 -15.8317 0
      vertex 6.12816 -11.465 0
      vertex 13.8082 -15.6666 0
    endloop
  endfacet
  facet normal 0 0 -1
    outer loop
      vertex 14.4215 -14.1859 0
      vertex 9.19239 -9.19239 0
      vertex 10.0491 -8.24711 0
    endloop
  endfacet
  facet normal 0 0 -1
    outer loop
      vertex 14.0865 -14.5555 0
      vertex 8.24711 -10.0491 0
      vertex 9.19239 -9.19239 0
    endloop
  endfacet
  facet normal 0 0 -1
    outer loop
      vertex 4.97488 -12.0104 0
      vertex 9.62449 -23.2356 0
      vertex 7.30066 -24.067 0
    endloop
  endfacet
  facet normal 0 0 -1
    outer loop
      vertex 13.8732 -15.0065 0
      vertex 7.22241 -10.8091 0
      vertex 8.24711 -10.0491 0
    endloop
  endfacet
  facet normal 0 0 -1
    outer loop
      vertex 13.8 -15.5 0
      vertex 6.12816 -11.465 0
      vertex 7.22241 -10.8091 0
    endloop
  endfacet
  facet normal 0 0 -1
    outer loop
      vertex 13.8082 -15.6666 0
      vertex 6.12816 -11.465 0
      vertex 13.8 -15.5 0
    endloop
  endfacet
  facet normal 0 0 -1
    outer loop
      vertex 3.7737 -12.4402 0
      vertex 7.30066 -24.067 0
      vertex 4.90652 -24.6667 0
    endloop
  endfacet
  facet normal 0 0 -1
    outer loop
      vertex 7.30066 -24.067 0
      vertex 3.7737 -12.4402 0
      vertex 4.97488 -12.0104 0
    endloop
  endfacet
  facet normal 0 0 -1
    outer loop
      vertex 4.90652 -24.6667 0
      vertex 2.53617 -12.7502 0
      vertex 3.7737 -12.4402 0
    endloop
  endfacet
  facet normal 0 0 -1
    outer loop
      vertex 2.46513 -25.0289 0
      vertex 2.53617 -12.7502 0
      vertex 4.90652 -24.6667 0
    endloop
  endfacet
  facet normal 0 0 -1
    outer loop
      vertex 2.46513 -25.0289 0
      vertex 1.27422 -12.9374 0
      vertex 2.53617 -12.7502 0
    endloop
  endfacet
  facet normal 0 0 -1
    outer loop
      vertex 0 -25.15 0
      vertex 1.27422 -12.9374 0
      vertex 2.46513 -25.0289 0
    endloop
  endfacet
  facet normal 0 0 -1
    outer loop
      vertex 0 -25.15 0
      vertex 0 -13 0
      vertex 1.27422 -12.9374 0
    endloop
  endfacet
  facet normal 0 0 -1
    outer loop
      vertex 0 -25.15 0
      vertex -1.27422 -12.9374 0
      vertex 0 -13 0
    endloop
  endfacet
  facet normal 0 0 -1
    outer loop
      vertex -2.46513 -25.0289 0
      vertex -1.27422 -12.9374 0
      vertex 0 -25.15 0
    endloop
  endfacet
  facet normal 0 0 -1
    outer loop
      vertex -2.46513 -25.0289 0
      vertex -2.53617 -12.7502 0
      vertex -1.27422 -12.9374 0
    endloop
  endfacet
  facet normal 0 0 -1
    outer loop
      vertex -4.90652 -24.6667 0
      vertex -2.53617 -12.7502 0
      vertex -2.46513 -25.0289 0
    endloop
  endfacet
  facet normal -0 0 -1
    outer loop
      vertex -2.53617 -12.7502 0
      vertex -4.90652 -24.6667 0
      vertex -3.7737 -12.4402 0
    endloop
  endfacet
  facet normal 0 0 -1
    outer loop
      vertex -7.30066 -24.067 0
      vertex -3.7737 -12.4402 0
      vertex -4.90652 -24.6667 0
    endloop
  endfacet
  facet normal -0 0 -1
    outer loop
      vertex -3.7737 -12.4402 0
      vertex -7.30066 -24.067 0
      vertex -4.97488 -12.0104 0
    endloop
  endfacet
  facet normal 0 0 -1
    outer loop
      vertex -9.62449 -23.2356 0
      vertex -4.97488 -12.0104 0
      vertex -7.30066 -24.067 0
    endloop
  endfacet
  facet normal 0 0 -1
    outer loop
      vertex -13.8327 -15.8317 0
      vertex -4.97488 -12.0104 0
      vertex -9.62449 -23.2356 0
    endloop
  endfacet
  facet normal -0 0 -1
    outer loop
      vertex -4.97488 -12.0104 0
      vertex -13.8327 -15.8317 0
      vertex -6.12816 -11.465 0
    endloop
  endfacet
  facet normal 0 -0 -1
    outer loop
      vertex -13.8082 -15.6666 0
      vertex -6.12816 -11.465 0
      vertex -13.8327 -15.8317 0
    endloop
  endfacet
  facet normal 0 -0 -1
    outer loop
      vertex -13.8 -15.5 0
      vertex -6.12816 -11.465 0
      vertex -13.8082 -15.6666 0
    endloop
  endfacet
  facet normal 0 0 -1
    outer loop
      vertex -13.8082 -15.3334 0
      vertex -7.22241 -10.8091 0
      vertex -13.8 -15.5 0
    endloop
  endfacet
  facet normal 0 0 -1
    outer loop
      vertex -13.8732 -15.0065 0
      vertex -7.22241 -10.8091 0
      vertex -13.8327 -15.1683 0
    endloop
  endfacet
  facet normal -0 0 -1
    outer loop
      vertex -7.22241 -10.8091 0
      vertex -13.8732 -15.0065 0
      vertex -8.24711 -10.0491 0
    endloop
  endfacet
  facet normal 0 0 -1
    outer loop
      vertex -13.8732 -15.9935 0
      vertex -9.62449 -23.2356 0
      vertex -11.8556 -22.1803 0
    endloop
  endfacet
  facet normal 0 0 -1
    outer loop
      vertex -13.9294 -14.8494 0
      vertex -8.24711 -10.0491 0
      vertex -13.8732 -15.0065 0
    endloop
  endfacet
  facet normal 0 0 -1
    outer loop
      vertex -14.0007 -14.6986 0
      vertex -8.24711 -10.0491 0
      vertex -13.9294 -14.8494 0
    endloop
  endfacet
  facet normal 0 0 -1
    outer loop
      vertex -14.0865 -14.5555 0
      vertex -8.24711 -10.0491 0
      vertex -14.0007 -14.6986 0
    endloop
  endfacet
  facet normal -0 0 -1
    outer loop
      vertex -8.24711 -10.0491 0
      vertex -14.0865 -14.5555 0
      vertex -9.19239 -9.19239 0
    endloop
  endfacet
  facet normal 0 0 -1
    outer loop
      vertex -14.2979 -14.2979 0
      vertex -9.19239 -9.19239 0
      vertex -14.1859 -14.4215 0
    endloop
  endfacet
  facet normal 0 0 -1
    outer loop
      vertex -14.1859 -14.4215 0
      vertex -9.19239 -9.19239 0
      vertex -14.0865 -14.5555 0
    endloop
  endfacet
  facet normal 0 0 -1
    outer loop
      vertex -13.8327 -15.1683 0
      vertex -7.22241 -10.8091 0
      vertex -13.8082 -15.3334 0
    endloop
  endfacet
  facet normal -0 0 -1
    outer loop
      vertex -6.12816 -11.465 0
      vertex -13.8 -15.5 0
      vertex -7.22241 -10.8091 0
    endloop
  endfacet
  facet normal 0 0 -1
    outer loop
      vertex -9.62449 -23.2356 0
      vertex -13.8732 -15.9935 0
      vertex -13.8327 -15.8317 0
    endloop
  endfacet
  facet normal 0 0 -1
    outer loop
      vertex -11.8556 -22.1803 0
      vertex -13.9294 -16.1506 0
      vertex -13.8732 -15.9935 0
    endloop
  endfacet
  facet normal 0 0 -1
    outer loop
      vertex -14.0865 -16.4445 0
      vertex -11.8556 -22.1803 0
      vertex -13.9726 -20.9115 0
    endloop
  endfacet
  facet normal 0 0 -1
    outer loop
      vertex -11.8556 -22.1803 0
      vertex -14.0007 -16.3014 0
      vertex -13.9294 -16.1506 0
    endloop
  endfacet
  facet normal 0 0 -1
    outer loop
      vertex -11.8556 -22.1803 0
      vertex -14.0865 -16.4445 0
      vertex -14.0007 -16.3014 0
    endloop
  endfacet
  facet normal 0 0 -1
    outer loop
      vertex -13.9726 -20.9115 0
      vertex -14.1859 -16.5785 0
      vertex -14.0865 -16.4445 0
    endloop
  endfacet
  facet normal 0 0 -1
    outer loop
      vertex -13.9726 -20.9115 0
      vertex -14.2979 -16.7021 0
      vertex -14.1859 -16.5785 0
    endloop
  endfacet
  facet normal 0 0 -1
    outer loop
      vertex -13.9726 -20.9115 0
      vertex -14.4215 -16.8141 0
      vertex -14.2979 -16.7021 0
    endloop
  endfacet
  facet normal 0 0 -1
    outer loop
      vertex -13.9726 -20.9115 0
      vertex -14.5555 -16.9135 0
      vertex -14.4215 -16.8141 0
    endloop
  endfacet
  facet normal 0 0 -1
    outer loop
      vertex -13.9726 -20.9115 0
      vertex -14.6986 -16.9993 0
      vertex -14.5555 -16.9135 0
    endloop
  endfacet
  facet normal 0 0 -1
    outer loop
      vertex -13.9726 -20.9115 0
      vertex -14.8494 -17.0706 0
      vertex -14.6986 -16.9993 0
    endloop
  endfacet
  facet normal 0 0 -1
    outer loop
      vertex -15.955 -19.4412 0
      vertex -14.8494 -17.0706 0
      vertex -13.9726 -20.9115 0
    endloop
  endfacet
  facet normal 0 0 -1
    outer loop
      vertex -14.8494 -17.0706 0
      vertex -15.955 -19.4412 0
      vertex -15.0065 -17.1268 0
    endloop
  endfacet
  facet normal 0 0 -1
    outer loop
      vertex -15.0065 -17.1268 0
      vertex -15.955 -19.4412 0
      vertex -15.1683 -17.1673 0
    endloop
  endfacet
  facet normal 0 0 -1
    outer loop
      vertex -15.1683 -17.1673 0
      vertex -15.955 -19.4412 0
      vertex -15.3334 -17.1918 0
    endloop
  endfacet
  facet normal 0 0 -1
    outer loop
      vertex -15.3334 -17.1918 0
      vertex -15.955 -19.4412 0
      vertex -15.5 -17.2 0
    endloop
  endfacet
  facet normal -0 0 -1
    outer loop
      vertex -15.5 -17.2 0
      vertex -15.955 -19.4412 0
      vertex -15.6666 -17.1918 0
    endloop
  endfacet
  facet normal -0 0 -1
    outer loop
      vertex -15.6666 -17.1918 0
      vertex -15.955 -19.4412 0
      vertex -15.8317 -17.1673 0
    endloop
  endfacet
  facet normal 0 0 -1
    outer loop
      vertex -15.955 -19.4412 0
      vertex -15.9935 -17.1268 0
      vertex -15.8317 -17.1673 0
    endloop
  endfacet
  facet normal 0 0 -1
    outer loop
      vertex -15.955 -19.4412 0
      vertex -16.1506 -17.0706 0
      vertex -15.9935 -17.1268 0
    endloop
  endfacet
  facet normal 0 0 -1
    outer loop
      vertex -17.7837 -17.7837 0
      vertex -16.1506 -17.0706 0
      vertex -15.955 -19.4412 0
    endloop
  endfacet
  facet normal -0 0 -1
    outer loop
      vertex -16.1506 -17.0706 0
      vertex -17.7837 -17.7837 0
      vertex -16.3014 -16.9993 0
    endloop
  endfacet
  facet normal -0 0 -1
    outer loop
      vertex -16.3014 -16.9993 0
      vertex -17.7837 -17.7837 0
      vertex -16.4445 -16.9135 0
    endloop
  endfacet
  facet normal -0 0 -1
    outer loop
      vertex -16.4445 -16.9135 0
      vertex -17.7837 -17.7837 0
      vertex -16.5785 -16.8141 0
    endloop
  endfacet
  facet normal -0 0 -1
    outer loop
      vertex -16.5785 -16.8141 0
      vertex -17.7837 -17.7837 0
      vertex -16.7021 -16.7021 0
    endloop
  endfacet
  facet normal -0 0 -1
    outer loop
      vertex -16.7021 -16.7021 0
      vertex -17.7837 -17.7837 0
      vertex -16.8141 -16.5785 0
    endloop
  endfacet
  facet normal -0 0 -1
    outer loop
      vertex -16.8141 -16.5785 0
      vertex -17.7837 -17.7837 0
      vertex -16.9135 -16.4445 0
    endloop
  endfacet
  facet normal -0 0 -1
    outer loop
      vertex -16.9135 -16.4445 0
      vertex -17.7837 -17.7837 0
      vertex -16.9993 -16.3014 0
    endloop
  endfacet
  facet normal -0 0 -1
    outer loop
      vertex -16.9993 -16.3014 0
      vertex -17.7837 -17.7837 0
      vertex -17.0706 -16.1506 0
    endloop
  endfacet
  facet normal -0 0 -1
    outer loop
      vertex -17.1918 -15.6666 0
      vertex -19.4412 -15.955 0
      vertex -17.2 -15.5 0
    endloop
  endfacet
  facet normal -0 0 -1
    outer loop
      vertex -17.1673 -15.8317 0
      vertex -19.4412 -15.955 0
      vertex -17.1918 -15.6666 0
    endloop
  endfacet
  facet normal 0 0 -1
    outer loop
      vertex -17.1268 -15.9935 0
      vertex -19.4412 -15.955 0
      vertex -17.1673 -15.8317 0
    endloop
  endfacet
  facet normal 0 0 -1
    outer loop
      vertex -17.0706 -16.1506 0
      vertex -19.4412 -15.955 0
      vertex -17.1268 -15.9935 0
    endloop
  endfacet
  facet normal 0 0 -1
    outer loop
      vertex -19.4412 -15.955 0
      vertex -17.0706 -16.1506 0
      vertex -17.7837 -17.7837 0
    endloop
  endfacet
  facet normal 0 0 -1
    outer loop
      vertex 17.1918 15.6666 0
      vertex 19.4412 15.955 0
      vertex 17.2 15.5 0
    endloop
  endfacet
  facet normal 0 0 -1
    outer loop
      vertex 17.1673 15.8317 0
      vertex 19.4412 15.955 0
      vertex 17.1918 15.6666 0
    endloop
  endfacet
  facet normal 0 0 -1
    outer loop
      vertex 17.1268 15.9935 0
      vertex 19.4412 15.955 0
      vertex 17.1673 15.8317 0
    endloop
  endfacet
  facet normal 0 0 -1
    outer loop
      vertex 17.0706 16.1506 0
      vertex 19.4412 15.955 0
      vertex 17.1268 15.9935 0
    endloop
  endfacet
  facet normal 0 0 -1
    outer loop
      vertex 19.4412 15.955 0
      vertex 17.0706 16.1506 0
      vertex 17.7837 17.7837 0
    endloop
  endfacet
  facet normal 0 0 -1
    outer loop
      vertex 16.9993 16.3014 0
      vertex 17.7837 17.7837 0
      vertex 17.0706 16.1506 0
    endloop
  endfacet
  facet normal 0 0 -1
    outer loop
      vertex 16.9135 16.4445 0
      vertex 17.7837 17.7837 0
      vertex 16.9993 16.3014 0
    endloop
  endfacet
  facet normal 0 0 -1
    outer loop
      vertex 16.8141 16.5785 0
      vertex 17.7837 17.7837 0
      vertex 16.9135 16.4445 0
    endloop
  endfacet
  facet normal 0 0 -1
    outer loop
      vertex 16.7021 16.7021 0
      vertex 17.7837 17.7837 0
      vertex 16.8141 16.5785 0
    endloop
  endfacet
  facet normal 0 0 -1
    outer loop
      vertex 16.5785 16.8141 0
      vertex 17.7837 17.7837 0
      vertex 16.7021 16.7021 0
    endloop
  endfacet
  facet normal 0 0 -1
    outer loop
      vertex 16.4445 16.9135 0
      vertex 17.7837 17.7837 0
      vertex 16.5785 16.8141 0
    endloop
  endfacet
  facet normal 0 0 -1
    outer loop
      vertex 16.3014 16.9993 0
      vertex 17.7837 17.7837 0
      vertex 16.4445 16.9135 0
    endloop
  endfacet
  facet normal 0 0 -1
    outer loop
      vertex 16.1506 17.0706 0
      vertex 17.7837 17.7837 0
      vertex 16.3014 16.9993 0
    endloop
  endfacet
  facet normal 0 0 -1
    outer loop
      vertex 15.955 19.4412 0
      vertex 16.1506 17.0706 0
      vertex 15.9935 17.1268 0
    endloop
  endfacet
  facet normal 0 0 -1
    outer loop
      vertex 16.1506 17.0706 0
      vertex 15.955 19.4412 0
      vertex 17.7837 17.7837 0
    endloop
  endfacet
  facet normal 0 0 -1
    outer loop
      vertex 15.8317 17.1673 0
      vertex 15.955 19.4412 0
      vertex 15.9935 17.1268 0
    endloop
  endfacet
  facet normal 0 0 -1
    outer loop
      vertex 15.6666 17.1918 0
      vertex 15.955 19.4412 0
      vertex 15.8317 17.1673 0
    endloop
  endfacet
  facet normal 0 0 -1
    outer loop
      vertex 15.5 17.2 0
      vertex 15.955 19.4412 0
      vertex 15.6666 17.1918 0
    endloop
  endfacet
  facet normal 0 0 -1
    outer loop
      vertex 15.3334 17.1918 0
      vertex 15.955 19.4412 0
      vertex 15.5 17.2 0
    endloop
  endfacet
  facet normal 0 0 -1
    outer loop
      vertex 15.1683 17.1673 0
      vertex 15.955 19.4412 0
      vertex 15.3334 17.1918 0
    endloop
  endfacet
  facet normal 0 0 -1
    outer loop
      vertex 15.0065 17.1268 0
      vertex 15.955 19.4412 0
      vertex 15.1683 17.1673 0
    endloop
  endfacet
  facet normal 0 0 -1
    outer loop
      vertex 14.8494 17.0706 0
      vertex 15.955 19.4412 0
      vertex 15.0065 17.1268 0
    endloop
  endfacet
  facet normal 0 0 -1
    outer loop
      vertex 13.9726 20.9115 0
      vertex 14.8494 17.0706 0
      vertex 14.6986 16.9993 0
    endloop
  endfacet
  facet normal 0 0 -1
    outer loop
      vertex 13.9726 20.9115 0
      vertex 14.6986 16.9993 0
      vertex 14.5555 16.9135 0
    endloop
  endfacet
  facet normal 0 0 -1
    outer loop
      vertex 13.9726 20.9115 0
      vertex 14.5555 16.9135 0
      vertex 14.4215 16.8141 0
    endloop
  endfacet
  facet normal 0 0 -1
    outer loop
      vertex 13.9726 20.9115 0
      vertex 14.4215 16.8141 0
      vertex 14.2979 16.7021 0
    endloop
  endfacet
  facet normal 0 0 -1
    outer loop
      vertex 13.9726 20.9115 0
      vertex 14.2979 16.7021 0
      vertex 14.1859 16.5785 0
    endloop
  endfacet
  facet normal 0 0 -1
    outer loop
      vertex 13.9726 20.9115 0
      vertex 14.1859 16.5785 0
      vertex 14.0865 16.4445 0
    endloop
  endfacet
  facet normal 0 0 -1
    outer loop
      vertex 14.8494 17.0706 0
      vertex 13.9726 20.9115 0
      vertex 15.955 19.4412 0
    endloop
  endfacet
  facet normal 0 0 -1
    outer loop
      vertex 11.8556 22.1803 0
      vertex 14.0865 16.4445 0
      vertex 14.0007 16.3014 0
    endloop
  endfacet
  facet normal 0 0 -1
    outer loop
      vertex 11.8556 22.1803 0
      vertex 14.0007 16.3014 0
      vertex 13.9294 16.1506 0
    endloop
  endfacet
  facet normal 0 0 -1
    outer loop
      vertex 11.8556 22.1803 0
      vertex 13.9294 16.1506 0
      vertex 13.8732 15.9935 0
    endloop
  endfacet
  facet normal 0 0 -1
    outer loop
      vertex 9.62449 23.2356 0
      vertex 13.8732 15.9935 0
      vertex 13.8327 15.8317 0
    endloop
  endfacet
  facet normal 0 0 -1
    outer loop
      vertex 6.12816 11.465 0
      vertex 13.8327 15.8317 0
      vertex 13.8082 15.6666 0
    endloop
  endfacet
  facet normal 0 0 -1
    outer loop
      vertex 6.12816 11.465 0
      vertex 13.8082 15.6666 0
      vertex 13.8 15.5 0
    endloop
  endfacet
  facet normal -0 0 -1
    outer loop
      vertex 14.2979 14.2979 0
      vertex 9.19239 9.19239 0
      vertex 14.1859 14.4215 0
    endloop
  endfacet
  facet normal -0 0 -1
    outer loop
      vertex 14.1859 14.4215 0
      vertex 9.19239 9.19239 0
      vertex 14.0865 14.5555 0
    endloop
  endfacet
  facet normal 0 0 -1
    outer loop
      vertex 8.24711 10.0491 0
      vertex 14.0865 14.5555 0
      vertex 9.19239 9.19239 0
    endloop
  endfacet
  facet normal -0 0 -1
    outer loop
      vertex 14.0865 14.5555 0
      vertex 8.24711 10.0491 0
      vertex 14.0007 14.6986 0
    endloop
  endfacet
  facet normal -0 0 -1
    outer loop
      vertex 14.0007 14.6986 0
      vertex 8.24711 10.0491 0
      vertex 13.9294 14.8494 0
    endloop
  endfacet
  facet normal -0 0 -1
    outer loop
      vertex 13.9294 14.8494 0
      vertex 8.24711 10.0491 0
      vertex 13.8732 15.0065 0
    endloop
  endfacet
  facet normal 0 0 -1
    outer loop
      vertex 7.22241 10.8091 0
      vertex 13.8732 15.0065 0
      vertex 8.24711 10.0491 0
    endloop
  endfacet
  facet normal -0 0 -1
    outer loop
      vertex 13.8732 15.0065 0
      vertex 7.22241 10.8091 0
      vertex 13.8327 15.1683 0
    endloop
  endfacet
  facet normal -0 0 -1
    outer loop
      vertex 13.8327 15.1683 0
      vertex 7.22241 10.8091 0
      vertex 13.8082 15.3334 0
    endloop
  endfacet
  facet normal -0 0 -1
    outer loop
      vertex 13.8082 15.3334 0
      vertex 7.22241 10.8091 0
      vertex 13.8 15.5 0
    endloop
  endfacet
  facet normal 0 0 -1
    outer loop
      vertex 6.12816 11.465 0
      vertex 13.8 15.5 0
      vertex 7.22241 10.8091 0
    endloop
  endfacet
  facet normal 0 0 -1
    outer loop
      vertex 14.0865 16.4445 0
      vertex 11.8556 22.1803 0
      vertex 13.9726 20.9115 0
    endloop
  endfacet
  facet normal 0 0 -1
    outer loop
      vertex 13.8327 15.8317 0
      vertex 6.12816 11.465 0
      vertex 4.97488 12.0104 0
    endloop
  endfacet
  facet normal 0 0 -1
    outer loop
      vertex 13.8732 15.9935 0
      vertex 9.62449 23.2356 0
      vertex 11.8556 22.1803 0
    endloop
  endfacet
  facet normal -0 0 -1
    outer loop
      vertex 13.8327 15.8317 0
      vertex 4.97488 12.0104 0
      vertex 9.62449 23.2356 0
    endloop
  endfacet
  facet normal -0 0 -1
    outer loop
      vertex 9.62449 23.2356 0
      vertex 4.97488 12.0104 0
      vertex 7.30066 24.067 0
    endloop
  endfacet
  facet normal 0 0 -1
    outer loop
      vertex 3.7737 12.4402 0
      vertex 7.30066 24.067 0
      vertex 4.97488 12.0104 0
    endloop
  endfacet
  facet normal -0 0 -1
    outer loop
      vertex 7.30066 24.067 0
      vertex 3.7737 12.4402 0
      vertex 4.90652 24.6667 0
    endloop
  endfacet
  facet normal 0 0 -1
    outer loop
      vertex 2.53617 12.7502 0
      vertex 4.90652 24.6667 0
      vertex 3.7737 12.4402 0
    endloop
  endfacet
  facet normal 0 0 -1
    outer loop
      vertex 2.53617 12.7502 0
      vertex 2.46513 25.0289 0
      vertex 4.90652 24.6667 0
    endloop
  endfacet
  facet normal 0 0 -1
    outer loop
      vertex 1.27422 12.9374 0
      vertex 2.46513 25.0289 0
      vertex 2.53617 12.7502 0
    endloop
  endfacet
  facet normal 0 0 -1
    outer loop
      vertex 0 13 0
      vertex 2.46513 25.0289 0
      vertex 1.27422 12.9374 0
    endloop
  endfacet
  facet normal 0 0 -1
    outer loop
      vertex 0 13 0
      vertex 0 25.15 0
      vertex 2.46513 25.0289 0
    endloop
  endfacet
  facet normal 0 0 -1
    outer loop
      vertex -1.27422 12.9374 0
      vertex 0 25.15 0
      vertex 0 13 0
    endloop
  endfacet
  facet normal 0 0 -1
    outer loop
      vertex -1.27422 12.9374 0
      vertex -2.46513 25.0289 0
      vertex 0 25.15 0
    endloop
  endfacet
  facet normal 0 0 -1
    outer loop
      vertex -2.53617 12.7502 0
      vertex -2.46513 25.0289 0
      vertex -1.27422 12.9374 0
    endloop
  endfacet
  facet normal 0 0 -1
    outer loop
      vertex -4.90652 24.6667 0
      vertex -2.53617 12.7502 0
      vertex -3.7737 12.4402 0
    endloop
  endfacet
  facet normal 0 0 -1
    outer loop
      vertex -2.53617 12.7502 0
      vertex -4.90652 24.6667 0
      vertex -2.46513 25.0289 0
    endloop
  endfacet
  facet normal 0 0 -1
    outer loop
      vertex -7.30066 24.067 0
      vertex -3.7737 12.4402 0
      vertex -4.97488 12.0104 0
    endloop
  endfacet
  facet normal 0 0 -1
    outer loop
      vertex -13.8327 15.8317 0
      vertex -4.97488 12.0104 0
      vertex -6.12816 11.465 0
    endloop
  endfacet
  facet normal 0 0 -1
    outer loop
      vertex -13.8 15.5 0
      vertex -6.12816 11.465 0
      vertex -7.22241 10.8091 0
    endloop
  endfacet
  facet normal 0 0 -1
    outer loop
      vertex -3.7737 12.4402 0
      vertex -7.30066 24.067 0
      vertex -4.90652 24.6667 0
    endloop
  endfacet
  facet normal 0 0 -1
    outer loop
      vertex -13.8 15.5 0
      vertex -7.22241 10.8091 0
      vertex -8.24711 10.0491 0
    endloop
  endfacet
  facet normal 0 0 -1
    outer loop
      vertex -13.8 15.5 0
      vertex -8.24711 10.0491 0
      vertex -9.19239 9.19239 0
    endloop
  endfacet
  facet normal 0 0 -1
    outer loop
      vertex -4.97488 12.0104 0
      vertex -9.62449 23.2356 0
      vertex -7.30066 24.067 0
    endloop
  endfacet
  facet normal 0 0 -1
    outer loop
      vertex -13.8 15.5 0
      vertex -9.19239 9.19239 0
      vertex -10.0491 8.24711 0
    endloop
  endfacet
  facet normal 0 0 -1
    outer loop
      vertex -13.8 15.5 0
      vertex -10.0491 8.24711 0
      vertex -10.8091 7.22241 0
    endloop
  endfacet
  facet normal 0 0 -1
    outer loop
      vertex -13.8 15.5 0
      vertex -10.8091 7.22241 0
      vertex -11.465 6.12816 0
    endloop
  endfacet
  facet normal 0 0 -1
    outer loop
      vertex -6.12816 11.465 0
      vertex -13.8 15.5 0
      vertex -13.8082 15.6666 0
    endloop
  endfacet
  facet normal 0 0 -1
    outer loop
      vertex -13.8 15.5 0
      vertex -11.465 6.12816 0
      vertex -12.0104 4.97488 0
    endloop
  endfacet
  facet normal 0 0 -1
    outer loop
      vertex -13.8 15.5 0
      vertex -12.0104 4.97488 0
      vertex -12.4402 3.7737 0
    endloop
  endfacet
  facet normal 0 0 -1
    outer loop
      vertex -13.8 15.5 0
      vertex -12.4402 3.7737 0
      vertex -12.7502 2.53617 0
    endloop
  endfacet
  facet normal 0 0 -1
    outer loop
      vertex -13.8 15.5 0
      vertex -12.7502 2.53617 0
      vertex -12.9374 1.27422 0
    endloop
  endfacet
  facet normal 0 0 -1
    outer loop
      vertex -14.4215 -14.1859 0
      vertex -9.19239 -9.19239 0
      vertex -14.2979 -14.2979 0
    endloop
  endfacet
  facet normal 0 0 -1
    outer loop
      vertex -13 0 0
      vertex -13.8 15.5 0
      vertex -12.9374 1.27422 0
    endloop
  endfacet
  facet normal 0 0 -1
    outer loop
      vertex -6.12816 11.465 0
      vertex -13.8082 15.6666 0
      vertex -13.8327 15.8317 0
    endloop
  endfacet
  facet normal 0 0 -1
    outer loop
      vertex -4.97488 12.0104 0
      vertex -13.8327 15.8317 0
      vertex -9.62449 23.2356 0
    endloop
  endfacet
  facet normal 0 0 -1
    outer loop
      vertex -13.8732 15.9935 0
      vertex -9.62449 23.2356 0
      vertex -13.8327 15.8317 0
    endloop
  endfacet
  facet normal 0 0 -1
    outer loop
      vertex -9.62449 23.2356 0
      vertex -13.8732 15.9935 0
      vertex -11.8556 22.1803 0
    endloop
  endfacet
  facet normal 0 0 -1
    outer loop
      vertex -13.9294 16.1506 0
      vertex -11.8556 22.1803 0
      vertex -13.8732 15.9935 0
    endloop
  endfacet
  facet normal 0 0 -1
    outer loop
      vertex -14.0007 16.3014 0
      vertex -11.8556 22.1803 0
      vertex -13.9294 16.1506 0
    endloop
  endfacet
  facet normal 0 0 -1
    outer loop
      vertex -14.0865 16.4445 0
      vertex -11.8556 22.1803 0
      vertex -14.0007 16.3014 0
    endloop
  endfacet
  facet normal 0 0 -1
    outer loop
      vertex -11.8556 22.1803 0
      vertex -14.0865 16.4445 0
      vertex -13.9726 20.9115 0
    endloop
  endfacet
  facet normal 0 0 -1
    outer loop
      vertex -14.1859 16.5785 0
      vertex -13.9726 20.9115 0
      vertex -14.0865 16.4445 0
    endloop
  endfacet
  facet normal 0 0 -1
    outer loop
      vertex -14.2979 16.7021 0
      vertex -13.9726 20.9115 0
      vertex -14.1859 16.5785 0
    endloop
  endfacet
  facet normal 0 0 -1
    outer loop
      vertex -14.4215 16.8141 0
      vertex -13.9726 20.9115 0
      vertex -14.2979 16.7021 0
    endloop
  endfacet
  facet normal 0 0 -1
    outer loop
      vertex -14.5555 16.9135 0
      vertex -13.9726 20.9115 0
      vertex -14.4215 16.8141 0
    endloop
  endfacet
  facet normal 0 0 -1
    outer loop
      vertex -14.6986 16.9993 0
      vertex -13.9726 20.9115 0
      vertex -14.5555 16.9135 0
    endloop
  endfacet
  facet normal 0 0 -1
    outer loop
      vertex -14.8494 17.0706 0
      vertex -13.9726 20.9115 0
      vertex -14.6986 16.9993 0
    endloop
  endfacet
  facet normal 0 0 -1
    outer loop
      vertex -15.955 19.4412 0
      vertex -14.8494 17.0706 0
      vertex -15.0065 17.1268 0
    endloop
  endfacet
  facet normal 0 0 -1
    outer loop
      vertex -15.955 19.4412 0
      vertex -15.0065 17.1268 0
      vertex -15.1683 17.1673 0
    endloop
  endfacet
  facet normal 0 0 -1
    outer loop
      vertex -15.955 19.4412 0
      vertex -15.1683 17.1673 0
      vertex -15.3334 17.1918 0
    endloop
  endfacet
  facet normal 0 0 -1
    outer loop
      vertex -15.955 19.4412 0
      vertex -15.3334 17.1918 0
      vertex -15.5 17.2 0
    endloop
  endfacet
  facet normal 0 0 -1
    outer loop
      vertex -15.955 19.4412 0
      vertex -15.5 17.2 0
      vertex -15.6666 17.1918 0
    endloop
  endfacet
  facet normal 0 0 -1
    outer loop
      vertex -15.955 19.4412 0
      vertex -15.6666 17.1918 0
      vertex -15.8317 17.1673 0
    endloop
  endfacet
  facet normal 0 0 -1
    outer loop
      vertex -14.8494 17.0706 0
      vertex -15.955 19.4412 0
      vertex -13.9726 20.9115 0
    endloop
  endfacet
  facet normal 0 0 -1
    outer loop
      vertex -15.9935 17.1268 0
      vertex -15.955 19.4412 0
      vertex -15.8317 17.1673 0
    endloop
  endfacet
  facet normal 0 0 -1
    outer loop
      vertex -16.1506 17.0706 0
      vertex -15.955 19.4412 0
      vertex -15.9935 17.1268 0
    endloop
  endfacet
  facet normal 0 0 -1
    outer loop
      vertex -17.7837 17.7837 0
      vertex -16.1506 17.0706 0
      vertex -16.3014 16.9993 0
    endloop
  endfacet
  facet normal 0 0 -1
    outer loop
      vertex -17.7837 17.7837 0
      vertex -16.3014 16.9993 0
      vertex -16.4445 16.9135 0
    endloop
  endfacet
  facet normal 0 0 -1
    outer loop
      vertex -17.7837 17.7837 0
      vertex -16.4445 16.9135 0
      vertex -16.5785 16.8141 0
    endloop
  endfacet
  facet normal 0 0 -1
    outer loop
      vertex -17.7837 17.7837 0
      vertex -16.5785 16.8141 0
      vertex -16.7021 16.7021 0
    endloop
  endfacet
  facet normal 0 0 -1
    outer loop
      vertex -17.7837 17.7837 0
      vertex -16.7021 16.7021 0
      vertex -16.8141 16.5785 0
    endloop
  endfacet
  facet normal 0 0 -1
    outer loop
      vertex -17.7837 17.7837 0
      vertex -16.8141 16.5785 0
      vertex -16.9135 16.4445 0
    endloop
  endfacet
  facet normal 0 0 -1
    outer loop
      vertex -17.7837 17.7837 0
      vertex -16.9135 16.4445 0
      vertex -16.9993 16.3014 0
    endloop
  endfacet
  facet normal 0 0 -1
    outer loop
      vertex -17.7837 17.7837 0
      vertex -16.9993 16.3014 0
      vertex -17.0706 16.1506 0
    endloop
  endfacet
  facet normal 0 0 -1
    outer loop
      vertex -19.4412 15.955 0
      vertex -17.0706 16.1506 0
      vertex -17.1268 15.9935 0
    endloop
  endfacet
  facet normal 0 0 -1
    outer loop
      vertex -16.1506 17.0706 0
      vertex -17.7837 17.7837 0
      vertex -15.955 19.4412 0
    endloop
  endfacet
  facet normal 0 0 -1
    outer loop
      vertex -19.4412 15.955 0
      vertex -17.1268 15.9935 0
      vertex -17.1673 15.8317 0
    endloop
  endfacet
  facet normal 0 0 -1
    outer loop
      vertex -19.4412 15.955 0
      vertex -17.1673 15.8317 0
      vertex -17.1918 15.6666 0
    endloop
  endfacet
  facet normal 0 0 -1
    outer loop
      vertex -19.4412 15.955 0
      vertex -17.1918 15.6666 0
      vertex -17.2 15.5 0
    endloop
  endfacet
  facet normal -0 0 -1
    outer loop
      vertex -17.0706 -14.8494 0
      vertex -19.4412 -15.955 0
      vertex -20.9115 -13.9726 0
    endloop
  endfacet
  facet normal 0 0 -1
    outer loop
      vertex -16.4445 -14.0865 0
      vertex -20.9115 -13.9726 0
      vertex -22.1803 -11.8556 0
    endloop
  endfacet
  facet normal -0 0 -1
    outer loop
      vertex -17.0706 16.1506 0
      vertex -19.4412 15.955 0
      vertex -17.7837 17.7837 0
    endloop
  endfacet
  facet normal 0 0 -1
    outer loop
      vertex -15.9935 -13.8732 0
      vertex -22.1803 -11.8556 0
      vertex -23.2356 -9.62449 0
    endloop
  endfacet
  facet normal 0 0 -1
    outer loop
      vertex -17.1918 15.3334 0
      vertex -19.4412 15.955 0
      vertex -17.2 15.5 0
    endloop
  endfacet
  facet normal -0 0 -1
    outer loop
      vertex -12.7502 -2.53617 0
      vertex -24.6667 -4.90652 0
      vertex -12.9374 -1.27422 0
    endloop
  endfacet
  facet normal 0 0 -1
    outer loop
      vertex -17.1673 15.1683 0
      vertex -19.4412 15.955 0
      vertex -17.1918 15.3334 0
    endloop
  endfacet
  facet normal 0 0 -1
    outer loop
      vertex -25.0289 -2.46513 0
      vertex -12.9374 -1.27422 0
      vertex -24.6667 -4.90652 0
    endloop
  endfacet
  facet normal 0 0 -1
    outer loop
      vertex -17.1268 15.0065 0
      vertex -19.4412 15.955 0
      vertex -17.1673 15.1683 0
    endloop
  endfacet
  facet normal -0 0 -1
    outer loop
      vertex -12.9374 -1.27422 0
      vertex -25.0289 -2.46513 0
      vertex -13 0 0
    endloop
  endfacet
  facet normal 0 0 -1
    outer loop
      vertex -17.0706 14.8494 0
      vertex -19.4412 15.955 0
      vertex -17.1268 15.0065 0
    endloop
  endfacet
  facet normal -0 0 -1
    outer loop
      vertex -13 0 0
      vertex -25.0289 -2.46513 0
      vertex -25.15 0 0
    endloop
  endfacet
  facet normal 0 -0 -1
    outer loop
      vertex -19.4412 15.955 0
      vertex -17.0706 14.8494 0
      vertex -20.9115 13.9726 0
    endloop
  endfacet
  facet normal -0 0 -1
    outer loop
      vertex -16.8141 14.4215 0
      vertex -20.9115 13.9726 0
      vertex -16.9135 14.5555 0
    endloop
  endfacet
  facet normal -0 0 -1
    outer loop
      vertex -16.9993 14.6986 0
      vertex -20.9115 13.9726 0
      vertex -17.0706 14.8494 0
    endloop
  endfacet
  facet normal -0 0 -1
    outer loop
      vertex -16.9135 14.5555 0
      vertex -20.9115 13.9726 0
      vertex -16.9993 14.6986 0
    endloop
  endfacet
  facet normal -0.941554 0.336861 0
    outer loop
      vertex -24.067 7.30066 0
      vertex -23.2356 9.62449 28
      vertex -23.2356 9.62449 0
    endloop
  endfacet
  facet normal -0.941554 0.336861 0
    outer loop
      vertex -23.2356 9.62449 28
      vertex -24.067 7.30066 0
      vertex -24.067 7.30066 28
    endloop
  endfacet
  facet normal 0.941554 -0.336861 0
    outer loop
      vertex 23.2356 -9.62449 28
      vertex 24.067 -7.30066 0
      vertex 24.067 -7.30066 28
    endloop
  endfacet
  facet normal 0.941554 -0.336861 0
    outer loop
      vertex 24.067 -7.30066 0
      vertex 23.2356 -9.62449 28
      vertex 23.2356 -9.62449 0
    endloop
  endfacet
  facet normal -0.803197 0.595713 0
    outer loop
      vertex -20.9115 13.9726 0
      vertex -19.4412 15.955 28
      vertex -19.4412 15.955 0
    endloop
  endfacet
  facet normal -0.803197 0.595713 0
    outer loop
      vertex -19.4412 15.955 28
      vertex -20.9115 13.9726 0
      vertex -20.9115 13.9726 28
    endloop
  endfacet
  facet normal -0.941554 -0.336861 0
    outer loop
      vertex -23.2356 -9.62449 0
      vertex -24.067 -7.30066 28
      vertex -24.067 -7.30066 0
    endloop
  endfacet
  facet normal -0.941554 -0.336861 0
    outer loop
      vertex -24.067 -7.30066 28
      vertex -23.2356 -9.62449 0
      vertex -23.2356 -9.62449 28
    endloop
  endfacet
  facet normal -0.998796 -0.049066 0
    outer loop
      vertex -25.0289 -2.46513 22
      vertex -25.15 0 28
      vertex -25.15 0 22
    endloop
  endfacet
  facet normal -0.998796 -0.049066 0
    outer loop
      vertex -25.15 0 28
      vertex -25.0289 -2.46513 22
      vertex -25.0289 -2.46513 28
    endloop
  endfacet
  facet normal -0.998796 -0.049066 0
    outer loop
      vertex -25.0289 -2.46513 0
      vertex -25.15 0 5
      vertex -25.15 0 0
    endloop
  endfacet
  facet normal -0.998796 -0.049066 0
    outer loop
      vertex -25.15 0 5
      vertex -25.0289 -2.46513 0
      vertex -25.0289 -2.46513 5
    endloop
  endfacet
  facet normal -0.97003 0.242986 0
    outer loop
      vertex -24.6433 5 22
      vertex -24.067 7.30066 0
      vertex -24.6433 5 5
    endloop
  endfacet
  facet normal -0.970031 0.24298 -3.00473e-06
    outer loop
      vertex -24.6667 4.90652 0
      vertex -24.6433 5 5
      vertex -24.067 7.30066 0
    endloop
  endfacet
  facet normal -0.970069 0.242829 0
    outer loop
      vertex -24.6433 5 5
      vertex -24.6667 4.90652 0
      vertex -24.6667 4.90652 5
    endloop
  endfacet
  facet normal -0.97003 0.242986 0
    outer loop
      vertex -24.067 7.30066 0
      vertex -24.6433 5 22
      vertex -24.067 7.30066 28
    endloop
  endfacet
  facet normal -0.970069 0.242829 0
    outer loop
      vertex -24.6667 4.90652 28
      vertex -24.6433 5 22
      vertex -24.6667 4.90652 22
    endloop
  endfacet
  facet normal -0.970031 0.24298 2.50394e-06
    outer loop
      vertex -24.6433 5 22
      vertex -24.6667 4.90652 28
      vertex -24.067 7.30066 28
    endloop
  endfacet
  facet normal 0.514079 0.857743 -0
    outer loop
      vertex 13.9726 20.9115 0
      vertex 11.8556 22.1803 28
      vertex 13.9726 20.9115 28
    endloop
  endfacet
  facet normal 0.514079 0.857743 0
    outer loop
      vertex 11.8556 22.1803 28
      vertex 13.9726 20.9115 0
      vertex 11.8556 22.1803 0
    endloop
  endfacet
  facet normal 0.998796 -0.049066 0
    outer loop
      vertex 25.0289 -2.46513 5
      vertex 25.15 0 0
      vertex 25.15 0 5
    endloop
  endfacet
  facet normal 0.998796 -0.049066 0
    outer loop
      vertex 25.15 0 0
      vertex 25.0289 -2.46513 5
      vertex 25.0289 -2.46513 0
    endloop
  endfacet
  facet normal 0.998796 -0.049066 0
    outer loop
      vertex 25.0289 -2.46513 28
      vertex 25.15 0 22
      vertex 25.15 0 28
    endloop
  endfacet
  facet normal 0.998796 -0.049066 0
    outer loop
      vertex 25.15 0 22
      vertex 25.0289 -2.46513 28
      vertex 25.0289 -2.46513 22
    endloop
  endfacet
  facet normal 0.857743 -0.514079 0
    outer loop
      vertex 20.9115 -13.9726 28
      vertex 22.1803 -11.8556 0
      vertex 22.1803 -11.8556 28
    endloop
  endfacet
  facet normal 0.857743 -0.514079 0
    outer loop
      vertex 22.1803 -11.8556 0
      vertex 20.9115 -13.9726 28
      vertex 20.9115 -13.9726 0
    endloop
  endfacet
  facet normal 0.336861 0.941554 -0
    outer loop
      vertex 9.62449 23.2356 0
      vertex 7.30066 24.067 28
      vertex 9.62449 23.2356 28
    endloop
  endfacet
  facet normal 0.336861 0.941554 0
    outer loop
      vertex 7.30066 24.067 28
      vertex 9.62449 23.2356 0
      vertex 7.30066 24.067 0
    endloop
  endfacet
  facet normal -0.049066 0.998796 0
    outer loop
      vertex 0 25.15 22
      vertex -2.46513 25.0289 28
      vertex 0 25.15 28
    endloop
  endfacet
  facet normal -0.049066 0.998796 0
    outer loop
      vertex -2.46513 25.0289 28
      vertex 0 25.15 22
      vertex -2.46513 25.0289 22
    endloop
  endfacet
  facet normal -0.049066 0.998796 0
    outer loop
      vertex 0 25.15 0
      vertex -2.46513 25.0289 5
      vertex 0 25.15 5
    endloop
  endfacet
  facet normal -0.049066 0.998796 0
    outer loop
      vertex -2.46513 25.0289 5
      vertex 0 25.15 0
      vertex -2.46513 25.0289 0
    endloop
  endfacet
  facet normal -0.903979 0.427576 0
    outer loop
      vertex -23.2356 9.62449 0
      vertex -22.1803 11.8556 28
      vertex -22.1803 11.8556 0
    endloop
  endfacet
  facet normal -0.903979 0.427576 0
    outer loop
      vertex -22.1803 11.8556 28
      vertex -23.2356 9.62449 0
      vertex -23.2356 9.62449 28
    endloop
  endfacet
  facet normal 0.970069 -0.242829 0
    outer loop
      vertex 24.6667 -4.90652 28
      vertex 24.6433 -5 22
      vertex 24.6667 -4.90652 22
    endloop
  endfacet
  facet normal 0.97003 -0.242986 0
    outer loop
      vertex 24.067 -7.30066 0
      vertex 24.6433 -5 22
      vertex 24.067 -7.30066 28
    endloop
  endfacet
  facet normal 0.970031 -0.24298 2.50394e-06
    outer loop
      vertex 24.067 -7.30066 28
      vertex 24.6433 -5 22
      vertex 24.6667 -4.90652 28
    endloop
  endfacet
  facet normal 0.970069 -0.242829 0
    outer loop
      vertex 24.6433 -5 5
      vertex 24.6667 -4.90652 0
      vertex 24.6667 -4.90652 5
    endloop
  endfacet
  facet normal 0.97003 -0.242986 0
    outer loop
      vertex 24.6433 -5 22
      vertex 24.067 -7.30066 0
      vertex 24.6433 -5 5
    endloop
  endfacet
  facet normal 0.970031 -0.24298 -3.00473e-06
    outer loop
      vertex 24.6433 -5 5
      vertex 24.067 -7.30066 0
      vertex 24.6667 -4.90652 0
    endloop
  endfacet
  facet normal 0.803197 0.595713 0
    outer loop
      vertex 20.9115 13.9726 28
      vertex 19.4412 15.955 0
      vertex 19.4412 15.955 28
    endloop
  endfacet
  facet normal 0.803197 0.595713 0
    outer loop
      vertex 19.4412 15.955 0
      vertex 20.9115 13.9726 28
      vertex 20.9115 13.9726 0
    endloop
  endfacet
  facet normal 0.595713 0.803197 -0
    outer loop
      vertex 15.955 19.4412 0
      vertex 13.9726 20.9115 28
      vertex 15.955 19.4412 28
    endloop
  endfacet
  facet normal 0.595713 0.803197 0
    outer loop
      vertex 13.9726 20.9115 28
      vertex 15.955 19.4412 0
      vertex 13.9726 20.9115 0
    endloop
  endfacet
  facet normal 0.049066 -0.998796 0
    outer loop
      vertex 0 -25.15 22
      vertex 2.46513 -25.0289 28
      vertex 0 -25.15 28
    endloop
  endfacet
  facet normal 0.049066 -0.998796 0
    outer loop
      vertex 2.46513 -25.0289 28
      vertex 0 -25.15 22
      vertex 2.46513 -25.0289 22
    endloop
  endfacet
  facet normal 0.049066 -0.998796 0
    outer loop
      vertex 0 -25.15 0
      vertex 2.46513 -25.0289 5
      vertex 0 -25.15 5
    endloop
  endfacet
  facet normal 0.049066 -0.998796 0
    outer loop
      vertex 2.46513 -25.0289 5
      vertex 0 -25.15 0
      vertex 2.46513 -25.0289 0
    endloop
  endfacet
  facet normal 0.941554 0.336861 0
    outer loop
      vertex 24.067 7.30066 28
      vertex 23.2356 9.62449 0
      vertex 23.2356 9.62449 28
    endloop
  endfacet
  facet normal 0.941554 0.336861 0
    outer loop
      vertex 23.2356 9.62449 0
      vertex 24.067 7.30066 28
      vertex 24.067 7.30066 0
    endloop
  endfacet
  facet normal 0.803197 -0.595713 0
    outer loop
      vertex 19.4412 -15.955 28
      vertex 20.9115 -13.9726 0
      vertex 20.9115 -13.9726 28
    endloop
  endfacet
  facet normal 0.803197 -0.595713 0
    outer loop
      vertex 20.9115 -13.9726 0
      vertex 19.4412 -15.955 28
      vertex 19.4412 -15.955 0
    endloop
  endfacet
  facet normal -0.903979 -0.427576 0
    outer loop
      vertex -22.1803 -11.8556 0
      vertex -23.2356 -9.62449 28
      vertex -23.2356 -9.62449 0
    endloop
  endfacet
  facet normal -0.903979 -0.427576 0
    outer loop
      vertex -23.2356 -9.62449 28
      vertex -22.1803 -11.8556 0
      vertex -22.1803 -11.8556 28
    endloop
  endfacet
  facet normal 0.903979 -0.427576 0
    outer loop
      vertex 22.1803 -11.8556 28
      vertex 23.2356 -9.62449 0
      vertex 23.2356 -9.62449 28
    endloop
  endfacet
  facet normal 0.903979 -0.427576 0
    outer loop
      vertex 23.2356 -9.62449 0
      vertex 22.1803 -11.8556 28
      vertex 22.1803 -11.8556 0
    endloop
  endfacet
  facet normal -0.242829 0.970069 0
    outer loop
      vertex -4.90652 24.6667 5
      vertex -4.90652 24.6667 0
      vertex -5 24.6433 5
    endloop
  endfacet
  facet normal -0.242829 0.970069 0
    outer loop
      vertex -5 24.6433 22
      vertex -4.90652 24.6667 28
      vertex -4.90652 24.6667 22
    endloop
  endfacet
  facet normal -0.24298 0.970031 2.50394e-06
    outer loop
      vertex -4.90652 24.6667 28
      vertex -5 24.6433 22
      vertex -7.30066 24.067 28
    endloop
  endfacet
  facet normal -0.242986 0.97003 0
    outer loop
      vertex -7.30066 24.067 0
      vertex -5 24.6433 22
      vertex -5 24.6433 5
    endloop
  endfacet
  facet normal -0.24298 0.970031 -3.00473e-06
    outer loop
      vertex -7.30066 24.067 0
      vertex -5 24.6433 5
      vertex -4.90652 24.6667 0
    endloop
  endfacet
  facet normal -0.242986 0.97003 0
    outer loop
      vertex -5 24.6433 22
      vertex -7.30066 24.067 0
      vertex -7.30066 24.067 28
    endloop
  endfacet
  facet normal -0.857743 0.514079 0
    outer loop
      vertex -22.1803 11.8556 0
      vertex -20.9115 13.9726 28
      vertex -20.9115 13.9726 0
    endloop
  endfacet
  facet normal -0.857743 0.514079 0
    outer loop
      vertex -20.9115 13.9726 28
      vertex -22.1803 11.8556 0
      vertex -22.1803 11.8556 28
    endloop
  endfacet
  facet normal -0.427576 -0.903979 0
    outer loop
      vertex -11.8556 -22.1803 0
      vertex -9.62449 -23.2356 28
      vertex -11.8556 -22.1803 28
    endloop
  endfacet
  facet normal -0.427576 -0.903979 -0
    outer loop
      vertex -9.62449 -23.2356 28
      vertex -11.8556 -22.1803 0
      vertex -9.62449 -23.2356 0
    endloop
  endfacet
  facet normal 0.903979 0.427576 0
    outer loop
      vertex 23.2356 9.62449 28
      vertex 22.1803 11.8556 0
      vertex 22.1803 11.8556 28
    endloop
  endfacet
  facet normal 0.903979 0.427576 0
    outer loop
      vertex 22.1803 11.8556 0
      vertex 23.2356 9.62449 28
      vertex 23.2356 9.62449 0
    endloop
  endfacet
  facet normal -0.427576 0.903979 0
    outer loop
      vertex -9.62449 23.2356 0
      vertex -11.8556 22.1803 28
      vertex -9.62449 23.2356 28
    endloop
  endfacet
  facet normal -0.427576 0.903979 0
    outer loop
      vertex -11.8556 22.1803 28
      vertex -9.62449 23.2356 0
      vertex -11.8556 22.1803 0
    endloop
  endfacet
  facet normal 0.595713 -0.803197 0
    outer loop
      vertex 13.9726 -20.9115 0
      vertex 15.955 -19.4412 28
      vertex 13.9726 -20.9115 28
    endloop
  endfacet
  facet normal 0.595713 -0.803197 0
    outer loop
      vertex 15.955 -19.4412 28
      vertex 13.9726 -20.9115 0
      vertex 15.955 -19.4412 0
    endloop
  endfacet
  facet normal -0.146752 0.989173 0
    outer loop
      vertex -2.46513 25.0289 0
      vertex -4.90652 24.6667 5
      vertex -2.46513 25.0289 5
    endloop
  endfacet
  facet normal -0.146752 0.989173 0
    outer loop
      vertex -4.90652 24.6667 5
      vertex -2.46513 25.0289 0
      vertex -4.90652 24.6667 0
    endloop
  endfacet
  facet normal -0.146752 0.989173 0
    outer loop
      vertex -2.46513 25.0289 22
      vertex -4.90652 24.6667 28
      vertex -2.46513 25.0289 28
    endloop
  endfacet
  facet normal -0.146752 0.989173 0
    outer loop
      vertex -4.90652 24.6667 28
      vertex -2.46513 25.0289 22
      vertex -4.90652 24.6667 22
    endloop
  endfacet
  facet normal 0.242829 -0.970069 0
    outer loop
      vertex 4.90652 -24.6667 5
      vertex 4.90652 -24.6667 0
      vertex 5 -24.6433 5
    endloop
  endfacet
  facet normal 0.242829 -0.970069 0
    outer loop
      vertex 5 -24.6433 22
      vertex 4.90652 -24.6667 28
      vertex 4.90652 -24.6667 22
    endloop
  endfacet
  facet normal 0.24298 -0.970031 2.50394e-06
    outer loop
      vertex 4.90652 -24.6667 28
      vertex 5 -24.6433 22
      vertex 7.30066 -24.067 28
    endloop
  endfacet
  facet normal 0.242986 -0.97003 0
    outer loop
      vertex 7.30066 -24.067 0
      vertex 5 -24.6433 22
      vertex 5 -24.6433 5
    endloop
  endfacet
  facet normal 0.24298 -0.970031 -3.00473e-06
    outer loop
      vertex 7.30066 -24.067 0
      vertex 5 -24.6433 5
      vertex 4.90652 -24.6667 0
    endloop
  endfacet
  facet normal 0.242986 -0.97003 0
    outer loop
      vertex 5 -24.6433 22
      vertex 7.30066 -24.067 0
      vertex 7.30066 -24.067 28
    endloop
  endfacet
  facet normal 0.989173 -0.146752 0
    outer loop
      vertex 24.6667 -4.90652 5
      vertex 25.0289 -2.46513 0
      vertex 25.0289 -2.46513 5
    endloop
  endfacet
  facet normal 0.989173 -0.146752 0
    outer loop
      vertex 25.0289 -2.46513 0
      vertex 24.6667 -4.90652 5
      vertex 24.6667 -4.90652 0
    endloop
  endfacet
  facet normal 0.989173 -0.146752 0
    outer loop
      vertex 24.6667 -4.90652 28
      vertex 25.0289 -2.46513 22
      vertex 25.0289 -2.46513 28
    endloop
  endfacet
  facet normal 0.989173 -0.146752 0
    outer loop
      vertex 25.0289 -2.46513 22
      vertex 24.6667 -4.90652 28
      vertex 24.6667 -4.90652 22
    endloop
  endfacet
  facet normal 0.146752 0.989173 -0
    outer loop
      vertex 4.90652 24.6667 22
      vertex 2.46513 25.0289 28
      vertex 4.90652 24.6667 28
    endloop
  endfacet
  facet normal 0.146752 0.989173 0
    outer loop
      vertex 2.46513 25.0289 28
      vertex 4.90652 24.6667 22
      vertex 2.46513 25.0289 22
    endloop
  endfacet
  facet normal 0.146752 0.989173 -0
    outer loop
      vertex 4.90652 24.6667 0
      vertex 2.46513 25.0289 5
      vertex 4.90652 24.6667 5
    endloop
  endfacet
  facet normal 0.146752 0.989173 0
    outer loop
      vertex 2.46513 25.0289 5
      vertex 4.90652 24.6667 0
      vertex 2.46513 25.0289 0
    endloop
  endfacet
  facet normal -0.740938 -0.671573 0
    outer loop
      vertex -17.7837 -17.7837 0
      vertex -19.4412 -15.955 28
      vertex -19.4412 -15.955 0
    endloop
  endfacet
  facet normal -0.740938 -0.671573 0
    outer loop
      vertex -19.4412 -15.955 28
      vertex -17.7837 -17.7837 0
      vertex -17.7837 -17.7837 28
    endloop
  endfacet
  facet normal -0.857743 -0.514079 0
    outer loop
      vertex -20.9115 -13.9726 0
      vertex -22.1803 -11.8556 28
      vertex -22.1803 -11.8556 0
    endloop
  endfacet
  facet normal -0.857743 -0.514079 0
    outer loop
      vertex -22.1803 -11.8556 28
      vertex -20.9115 -13.9726 0
      vertex -20.9115 -13.9726 28
    endloop
  endfacet
  facet normal -0.336861 0.941554 0
    outer loop
      vertex -7.30066 24.067 0
      vertex -9.62449 23.2356 28
      vertex -7.30066 24.067 28
    endloop
  endfacet
  facet normal -0.336861 0.941554 0
    outer loop
      vertex -9.62449 23.2356 28
      vertex -7.30066 24.067 0
      vertex -9.62449 23.2356 0
    endloop
  endfacet
  facet normal -0.514079 -0.857743 0
    outer loop
      vertex -13.9726 -20.9115 0
      vertex -11.8556 -22.1803 28
      vertex -13.9726 -20.9115 28
    endloop
  endfacet
  facet normal -0.514079 -0.857743 -0
    outer loop
      vertex -11.8556 -22.1803 28
      vertex -13.9726 -20.9115 0
      vertex -11.8556 -22.1803 0
    endloop
  endfacet
  facet normal -0.336861 -0.941554 0
    outer loop
      vertex -9.62449 -23.2356 0
      vertex -7.30066 -24.067 28
      vertex -9.62449 -23.2356 28
    endloop
  endfacet
  facet normal -0.336861 -0.941554 -0
    outer loop
      vertex -7.30066 -24.067 28
      vertex -9.62449 -23.2356 0
      vertex -7.30066 -24.067 0
    endloop
  endfacet
  facet normal -0.24298 -0.970031 2.50394e-06
    outer loop
      vertex -7.30066 -24.067 28
      vertex -5 -24.6433 22
      vertex -4.90652 -24.6667 28
    endloop
  endfacet
  facet normal -0.242986 -0.97003 0
    outer loop
      vertex -7.30066 -24.067 0
      vertex -5 -24.6433 22
      vertex -7.30066 -24.067 28
    endloop
  endfacet
  facet normal -0.242986 -0.97003 -0
    outer loop
      vertex -5 -24.6433 22
      vertex -7.30066 -24.067 0
      vertex -5 -24.6433 5
    endloop
  endfacet
  facet normal -0.24298 -0.970031 -3.00473e-06
    outer loop
      vertex -4.90652 -24.6667 0
      vertex -5 -24.6433 5
      vertex -7.30066 -24.067 0
    endloop
  endfacet
  facet normal -0.242829 -0.970069 0
    outer loop
      vertex -5 -24.6433 5
      vertex -4.90652 -24.6667 0
      vertex -4.90652 -24.6667 5
    endloop
  endfacet
  facet normal -0.242829 -0.970069 -0
    outer loop
      vertex -4.90652 -24.6667 28
      vertex -5 -24.6433 22
      vertex -4.90652 -24.6667 22
    endloop
  endfacet
  facet normal -0.803197 -0.595713 0
    outer loop
      vertex -19.4412 -15.955 0
      vertex -20.9115 -13.9726 28
      vertex -20.9115 -13.9726 0
    endloop
  endfacet
  facet normal -0.803197 -0.595713 0
    outer loop
      vertex -20.9115 -13.9726 28
      vertex -19.4412 -15.955 0
      vertex -19.4412 -15.955 28
    endloop
  endfacet
  facet normal -0.989173 -0.146752 0
    outer loop
      vertex -24.6667 -4.90652 22
      vertex -25.0289 -2.46513 28
      vertex -25.0289 -2.46513 22
    endloop
  endfacet
  facet normal -0.989173 -0.146752 0
    outer loop
      vertex -25.0289 -2.46513 28
      vertex -24.6667 -4.90652 22
      vertex -24.6667 -4.90652 28
    endloop
  endfacet
  facet normal -0.989173 -0.146752 0
    outer loop
      vertex -24.6667 -4.90652 0
      vertex -25.0289 -2.46513 5
      vertex -25.0289 -2.46513 0
    endloop
  endfacet
  facet normal -0.989173 -0.146752 0
    outer loop
      vertex -25.0289 -2.46513 5
      vertex -24.6667 -4.90652 0
      vertex -24.6667 -4.90652 5
    endloop
  endfacet
  facet normal 0.24298 0.970031 2.50394e-06
    outer loop
      vertex 7.30066 24.067 28
      vertex 5 24.6433 22
      vertex 4.90652 24.6667 28
    endloop
  endfacet
  facet normal 0.242986 0.97003 -0
    outer loop
      vertex 7.30066 24.067 0
      vertex 5 24.6433 22
      vertex 7.30066 24.067 28
    endloop
  endfacet
  facet normal 0.242986 0.97003 0
    outer loop
      vertex 5 24.6433 22
      vertex 7.30066 24.067 0
      vertex 5 24.6433 5
    endloop
  endfacet
  facet normal 0.24298 0.970031 -3.00473e-06
    outer loop
      vertex 4.90652 24.6667 0
      vertex 5 24.6433 5
      vertex 7.30066 24.067 0
    endloop
  endfacet
  facet normal 0.242829 0.970069 0
    outer loop
      vertex 5 24.6433 5
      vertex 4.90652 24.6667 0
      vertex 4.90652 24.6667 5
    endloop
  endfacet
  facet normal 0.242829 0.970069 0
    outer loop
      vertex 4.90652 24.6667 28
      vertex 5 24.6433 22
      vertex 4.90652 24.6667 22
    endloop
  endfacet
  facet normal -0.671573 -0.740938 0
    outer loop
      vertex -17.7837 -17.7837 0
      vertex -15.955 -19.4412 28
      vertex -17.7837 -17.7837 28
    endloop
  endfacet
  facet normal -0.671573 -0.740938 -0
    outer loop
      vertex -15.955 -19.4412 28
      vertex -17.7837 -17.7837 0
      vertex -15.955 -19.4412 0
    endloop
  endfacet
  facet normal 0.049066 0.998796 -0
    outer loop
      vertex 2.46513 25.0289 22
      vertex 0 25.15 28
      vertex 2.46513 25.0289 28
    endloop
  endfacet
  facet normal 0.049066 0.998796 0
    outer loop
      vertex 0 25.15 28
      vertex 2.46513 25.0289 22
      vertex 0 25.15 22
    endloop
  endfacet
  facet normal 0.049066 0.998796 -0
    outer loop
      vertex 2.46513 25.0289 0
      vertex 0 25.15 5
      vertex 2.46513 25.0289 5
    endloop
  endfacet
  facet normal 0.049066 0.998796 0
    outer loop
      vertex 0 25.15 5
      vertex 2.46513 25.0289 0
      vertex 0 25.15 0
    endloop
  endfacet
  facet normal -0.049066 -0.998796 0
    outer loop
      vertex -2.46513 -25.0289 22
      vertex 0 -25.15 28
      vertex -2.46513 -25.0289 28
    endloop
  endfacet
  facet normal -0.049066 -0.998796 -0
    outer loop
      vertex 0 -25.15 28
      vertex -2.46513 -25.0289 22
      vertex 0 -25.15 22
    endloop
  endfacet
  facet normal -0.049066 -0.998796 0
    outer loop
      vertex -2.46513 -25.0289 0
      vertex 0 -25.15 5
      vertex -2.46513 -25.0289 5
    endloop
  endfacet
  facet normal -0.049066 -0.998796 -0
    outer loop
      vertex 0 -25.15 5
      vertex -2.46513 -25.0289 0
      vertex 0 -25.15 0
    endloop
  endfacet
  facet normal 0 0 1
    outer loop
      vertex -9.19239 9.19239 28
      vertex -14.4215 14.1859 28
      vertex -10.0491 8.24711 28
    endloop
  endfacet
  facet normal 0 0 1
    outer loop
      vertex -13 0 28
      vertex -13.8082 -15.3334 28
      vertex -13.8 -15.5 28
    endloop
  endfacet
  facet normal -0 0 1
    outer loop
      vertex -14.5555 14.0865 28
      vertex -10.0491 8.24711 28
      vertex -14.4215 14.1859 28
    endloop
  endfacet
  facet normal 0 0 1
    outer loop
      vertex -13 0 28
      vertex -13.8327 -15.1683 28
      vertex -13.8082 -15.3334 28
    endloop
  endfacet
  facet normal -0 0 1
    outer loop
      vertex -14.6986 14.0007 28
      vertex -10.0491 8.24711 28
      vertex -14.5555 14.0865 28
    endloop
  endfacet
  facet normal 0 0 1
    outer loop
      vertex -13 0 28
      vertex -13.8732 -15.0065 28
      vertex -13.8327 -15.1683 28
    endloop
  endfacet
  facet normal -0 0 1
    outer loop
      vertex -14.8494 13.9294 28
      vertex -10.0491 8.24711 28
      vertex -14.6986 14.0007 28
    endloop
  endfacet
  facet normal 0 0 1
    outer loop
      vertex -13 0 28
      vertex -13.9294 -14.8494 28
      vertex -13.8732 -15.0065 28
    endloop
  endfacet
  facet normal -0 0 1
    outer loop
      vertex -15.0065 13.8732 28
      vertex -10.0491 8.24711 28
      vertex -14.8494 13.9294 28
    endloop
  endfacet
  facet normal 0 0 1
    outer loop
      vertex -13 0 28
      vertex -14.0007 -14.6986 28
      vertex -13.9294 -14.8494 28
    endloop
  endfacet
  facet normal 0 0 1
    outer loop
      vertex -10.0491 8.24711 28
      vertex -15.0065 13.8732 28
      vertex -10.8091 7.22241 28
    endloop
  endfacet
  facet normal 0 0 1
    outer loop
      vertex -13 0 28
      vertex -14.0865 -14.5555 28
      vertex -14.0007 -14.6986 28
    endloop
  endfacet
  facet normal -0 0 1
    outer loop
      vertex -15.1683 13.8327 28
      vertex -10.8091 7.22241 28
      vertex -15.0065 13.8732 28
    endloop
  endfacet
  facet normal 0 0 1
    outer loop
      vertex -13 0 28
      vertex -14.1859 -14.4215 28
      vertex -14.0865 -14.5555 28
    endloop
  endfacet
  facet normal -0 0 1
    outer loop
      vertex -15.3334 13.8082 28
      vertex -10.8091 7.22241 28
      vertex -15.1683 13.8327 28
    endloop
  endfacet
  facet normal 0 0 1
    outer loop
      vertex -13 0 28
      vertex -14.2979 -14.2979 28
      vertex -14.1859 -14.4215 28
    endloop
  endfacet
  facet normal 0 0 1
    outer loop
      vertex -10.8091 7.22241 28
      vertex -15.3334 13.8082 28
      vertex -11.465 6.12816 28
    endloop
  endfacet
  facet normal 0 0 1
    outer loop
      vertex -13 0 28
      vertex -14.4215 -14.1859 28
      vertex -14.2979 -14.2979 28
    endloop
  endfacet
  facet normal -0 0 1
    outer loop
      vertex -15.5 13.8 28
      vertex -11.465 6.12816 28
      vertex -15.3334 13.8082 28
    endloop
  endfacet
  facet normal 0 0 1
    outer loop
      vertex -13 0 28
      vertex -14.5555 -14.0865 28
      vertex -14.4215 -14.1859 28
    endloop
  endfacet
  facet normal 0 0 1
    outer loop
      vertex -15.6666 13.8082 28
      vertex -11.465 6.12816 28
      vertex -15.5 13.8 28
    endloop
  endfacet
  facet normal 0 0 1
    outer loop
      vertex -13 0 28
      vertex -14.6986 -14.0007 28
      vertex -14.5555 -14.0865 28
    endloop
  endfacet
  facet normal 0 0 1
    outer loop
      vertex -15.8317 13.8327 28
      vertex -11.465 6.12816 28
      vertex -15.6666 13.8082 28
    endloop
  endfacet
  facet normal 0 0 1
    outer loop
      vertex -13 0 28
      vertex -14.8494 -13.9294 28
      vertex -14.6986 -14.0007 28
    endloop
  endfacet
  facet normal 0 0 1
    outer loop
      vertex -11.465 6.12816 28
      vertex -15.8317 13.8327 28
      vertex -12.0104 4.97488 28
    endloop
  endfacet
  facet normal 0 0 1
    outer loop
      vertex -13 0 28
      vertex -15.0065 -13.8732 28
      vertex -14.8494 -13.9294 28
    endloop
  endfacet
  facet normal -0 0 1
    outer loop
      vertex -23.2356 9.62449 28
      vertex -12.0104 4.97488 28
      vertex -15.8317 13.8327 28
    endloop
  endfacet
  facet normal 0 -0 1
    outer loop
      vertex -25.0289 -2.46513 28
      vertex -13 0 28
      vertex -25.15 0 28
    endloop
  endfacet
  facet normal 0 0 1
    outer loop
      vertex -12.0104 4.97488 28
      vertex -23.2356 9.62449 28
      vertex -12.4402 3.7737 28
    endloop
  endfacet
  facet normal 0 -0 1
    outer loop
      vertex -24.6667 -4.90652 28
      vertex -13 0 28
      vertex -25.0289 -2.46513 28
    endloop
  endfacet
  facet normal -0 0 1
    outer loop
      vertex -24.067 7.30066 28
      vertex -12.4402 3.7737 28
      vertex -23.2356 9.62449 28
    endloop
  endfacet
  facet normal 0 0 1
    outer loop
      vertex -13 0 28
      vertex -15.1683 -13.8327 28
      vertex -15.0065 -13.8732 28
    endloop
  endfacet
  facet normal -0 0 1
    outer loop
      vertex -24.6667 4.90652 28
      vertex -12.7502 2.53617 28
      vertex -24.067 7.30066 28
    endloop
  endfacet
  facet normal 0 -0 1
    outer loop
      vertex -24.067 -7.30066 28
      vertex -13 0 28
      vertex -24.6667 -4.90652 28
    endloop
  endfacet
  facet normal 0 0 1
    outer loop
      vertex -12.4402 3.7737 28
      vertex -24.067 7.30066 28
      vertex -12.7502 2.53617 28
    endloop
  endfacet
  facet normal 0 0 1
    outer loop
      vertex -13 0 28
      vertex -15.3334 -13.8082 28
      vertex -15.1683 -13.8327 28
    endloop
  endfacet
  facet normal 0 0 1
    outer loop
      vertex -23.2356 9.62449 28
      vertex -15.8317 13.8327 28
      vertex -15.9935 13.8732 28
    endloop
  endfacet
  facet normal 0 -0 1
    outer loop
      vertex -23.2356 -9.62449 28
      vertex -13 0 28
      vertex -24.067 -7.30066 28
    endloop
  endfacet
  facet normal 0 0 1
    outer loop
      vertex -22.1803 11.8556 28
      vertex -15.9935 13.8732 28
      vertex -16.1506 13.9294 28
    endloop
  endfacet
  facet normal 0 0 1
    outer loop
      vertex -13 0 28
      vertex -15.5 -13.8 28
      vertex -15.3334 -13.8082 28
    endloop
  endfacet
  facet normal 0 0 1
    outer loop
      vertex -22.1803 11.8556 28
      vertex -16.1506 13.9294 28
      vertex -16.3014 14.0007 28
    endloop
  endfacet
  facet normal 0 0 1
    outer loop
      vertex -13 0 28
      vertex -15.6666 -13.8082 28
      vertex -15.5 -13.8 28
    endloop
  endfacet
  facet normal 0 0 1
    outer loop
      vertex -22.1803 11.8556 28
      vertex -16.3014 14.0007 28
      vertex -16.4445 14.0865 28
    endloop
  endfacet
  facet normal 0 0 1
    outer loop
      vertex -13 0 28
      vertex -23.2356 -9.62449 28
      vertex -15.6666 -13.8082 28
    endloop
  endfacet
  facet normal 0 0 1
    outer loop
      vertex -20.9115 13.9726 28
      vertex -16.4445 14.0865 28
      vertex -16.5785 14.1859 28
    endloop
  endfacet
  facet normal 0 0 1
    outer loop
      vertex -15.6666 -13.8082 28
      vertex -23.2356 -9.62449 28
      vertex -15.8317 -13.8327 28
    endloop
  endfacet
  facet normal 0 0 1
    outer loop
      vertex -20.9115 13.9726 28
      vertex -16.5785 14.1859 28
      vertex -16.7021 14.2979 28
    endloop
  endfacet
  facet normal 0 0 1
    outer loop
      vertex -15.8317 -13.8327 28
      vertex -23.2356 -9.62449 28
      vertex -15.9935 -13.8732 28
    endloop
  endfacet
  facet normal 0 0 1
    outer loop
      vertex -20.9115 13.9726 28
      vertex -16.7021 14.2979 28
      vertex -16.8141 14.4215 28
    endloop
  endfacet
  facet normal -0 -0 1
    outer loop
      vertex -22.1803 -11.8556 28
      vertex -15.9935 -13.8732 28
      vertex -23.2356 -9.62449 28
    endloop
  endfacet
  facet normal 0 0 1
    outer loop
      vertex -20.9115 13.9726 28
      vertex -16.8141 14.4215 28
      vertex -16.9135 14.5555 28
    endloop
  endfacet
  facet normal 0 0 1
    outer loop
      vertex -15.9935 -13.8732 28
      vertex -22.1803 -11.8556 28
      vertex -16.1506 -13.9294 28
    endloop
  endfacet
  facet normal 0 0 1
    outer loop
      vertex -20.9115 13.9726 28
      vertex -16.9135 14.5555 28
      vertex -16.9993 14.6986 28
    endloop
  endfacet
  facet normal 0 0 1
    outer loop
      vertex -16.1506 -13.9294 28
      vertex -22.1803 -11.8556 28
      vertex -16.3014 -14.0007 28
    endloop
  endfacet
  facet normal 0 0 1
    outer loop
      vertex -20.9115 13.9726 28
      vertex -16.9993 14.6986 28
      vertex -17.0706 14.8494 28
    endloop
  endfacet
  facet normal 0 0 1
    outer loop
      vertex -16.3014 -14.0007 28
      vertex -22.1803 -11.8556 28
      vertex -16.4445 -14.0865 28
    endloop
  endfacet
  facet normal 0 0 1
    outer loop
      vertex -19.4412 15.955 28
      vertex -17.0706 14.8494 28
      vertex -17.1268 15.0065 28
    endloop
  endfacet
  facet normal -0 -0 1
    outer loop
      vertex -20.9115 -13.9726 28
      vertex -16.4445 -14.0865 28
      vertex -22.1803 -11.8556 28
    endloop
  endfacet
  facet normal 0 0 1
    outer loop
      vertex -19.4412 15.955 28
      vertex -17.1268 15.0065 28
      vertex -17.1673 15.1683 28
    endloop
  endfacet
  facet normal 0 0 1
    outer loop
      vertex -16.4445 -14.0865 28
      vertex -20.9115 -13.9726 28
      vertex -16.5785 -14.1859 28
    endloop
  endfacet
  facet normal 0 0 1
    outer loop
      vertex -19.4412 15.955 28
      vertex -17.1673 15.1683 28
      vertex -17.1918 15.3334 28
    endloop
  endfacet
  facet normal 0 0 1
    outer loop
      vertex -16.5785 -14.1859 28
      vertex -20.9115 -13.9726 28
      vertex -16.7021 -14.2979 28
    endloop
  endfacet
  facet normal 0 0 1
    outer loop
      vertex -19.4412 15.955 28
      vertex -17.1918 15.3334 28
      vertex -17.2 15.5 28
    endloop
  endfacet
  facet normal 0 0 1
    outer loop
      vertex -16.7021 -14.2979 28
      vertex -20.9115 -13.9726 28
      vertex -16.8141 -14.4215 28
    endloop
  endfacet
  facet normal -0 0 1
    outer loop
      vertex 16.7021 14.2979 28
      vertex 20.9115 13.9726 28
      vertex 16.8141 14.4215 28
    endloop
  endfacet
  facet normal 0 0 1
    outer loop
      vertex 25.15 0 28
      vertex 17.1918 -15.3334 28
      vertex 17.2 -15.5 28
    endloop
  endfacet
  facet normal -0 0 1
    outer loop
      vertex 16.5785 14.1859 28
      vertex 20.9115 13.9726 28
      vertex 16.7021 14.2979 28
    endloop
  endfacet
  facet normal 0 0 1
    outer loop
      vertex 25.15 0 28
      vertex 17.1673 -15.1683 28
      vertex 17.1918 -15.3334 28
    endloop
  endfacet
  facet normal -0 0 1
    outer loop
      vertex 16.4445 14.0865 28
      vertex 20.9115 13.9726 28
      vertex 16.5785 14.1859 28
    endloop
  endfacet
  facet normal 0 0 1
    outer loop
      vertex 25.15 0 28
      vertex 17.1268 -15.0065 28
      vertex 17.1673 -15.1683 28
    endloop
  endfacet
  facet normal 0 0 1
    outer loop
      vertex 20.9115 13.9726 28
      vertex 16.4445 14.0865 28
      vertex 22.1803 11.8556 28
    endloop
  endfacet
  facet normal 0 0 1
    outer loop
      vertex 25.15 0 28
      vertex 17.0706 -14.8494 28
      vertex 17.1268 -15.0065 28
    endloop
  endfacet
  facet normal -0 0 1
    outer loop
      vertex 16.3014 14.0007 28
      vertex 22.1803 11.8556 28
      vertex 16.4445 14.0865 28
    endloop
  endfacet
  facet normal 0 0 1
    outer loop
      vertex 25.15 0 28
      vertex 16.9993 -14.6986 28
      vertex 17.0706 -14.8494 28
    endloop
  endfacet
  facet normal -0 0 1
    outer loop
      vertex 16.1506 13.9294 28
      vertex 22.1803 11.8556 28
      vertex 16.3014 14.0007 28
    endloop
  endfacet
  facet normal 0 0 1
    outer loop
      vertex 12.9374 -1.27422 28
      vertex 25.15 0 28
      vertex 13 0 28
    endloop
  endfacet
  facet normal -0 0 1
    outer loop
      vertex 15.9935 13.8732 28
      vertex 22.1803 11.8556 28
      vertex 16.1506 13.9294 28
    endloop
  endfacet
  facet normal 0 0 1
    outer loop
      vertex 25.15 0 28
      vertex 16.9135 -14.5555 28
      vertex 16.9993 -14.6986 28
    endloop
  endfacet
  facet normal 0 0 1
    outer loop
      vertex 22.1803 11.8556 28
      vertex 15.9935 13.8732 28
      vertex 23.2356 9.62449 28
    endloop
  endfacet
  facet normal 0 0 1
    outer loop
      vertex 12.7502 -2.53617 28
      vertex 25.15 0 28
      vertex 12.9374 -1.27422 28
    endloop
  endfacet
  facet normal 0 0 1
    outer loop
      vertex 12.0104 4.97488 28
      vertex 23.2356 9.62449 28
      vertex 15.9935 13.8732 28
    endloop
  endfacet
  facet normal 0 0 1
    outer loop
      vertex 25.15 0 28
      vertex 16.8141 -14.4215 28
      vertex 16.9135 -14.5555 28
    endloop
  endfacet
  facet normal 0 -0 1
    outer loop
      vertex 12.4402 3.7737 28
      vertex 24.067 7.30066 28
      vertex 12.0104 4.97488 28
    endloop
  endfacet
  facet normal 0 0 1
    outer loop
      vertex 25.15 0 28
      vertex 16.7021 -14.2979 28
      vertex 16.8141 -14.4215 28
    endloop
  endfacet
  facet normal 0 0 1
    outer loop
      vertex 24.6667 4.90652 28
      vertex 12.7502 2.53617 28
      vertex 25.0289 2.46513 28
    endloop
  endfacet
  facet normal 0 0 1
    outer loop
      vertex 12.4402 -3.7737 28
      vertex 25.15 0 28
      vertex 12.7502 -2.53617 28
    endloop
  endfacet
  facet normal 0 0 1
    outer loop
      vertex 24.067 7.30066 28
      vertex 12.4402 3.7737 28
      vertex 24.6667 4.90652 28
    endloop
  endfacet
  facet normal 0 0 1
    outer loop
      vertex 25.15 0 28
      vertex 16.5785 -14.1859 28
      vertex 16.7021 -14.2979 28
    endloop
  endfacet
  facet normal 0 0 1
    outer loop
      vertex 23.2356 9.62449 28
      vertex 12.0104 4.97488 28
      vertex 24.067 7.30066 28
    endloop
  endfacet
  facet normal 0 0 1
    outer loop
      vertex 25.15 0 28
      vertex 16.4445 -14.0865 28
      vertex 16.5785 -14.1859 28
    endloop
  endfacet
  facet normal 0 0 1
    outer loop
      vertex 12.0104 4.97488 28
      vertex 15.9935 13.8732 28
      vertex 15.8317 13.8327 28
    endloop
  endfacet
  facet normal 0 -0 1
    outer loop
      vertex 16.3014 -14.0007 28
      vertex 25.15 0 28
      vertex 12.4402 -3.7737 28
    endloop
  endfacet
  facet normal 0 0 1
    outer loop
      vertex 11.465 6.12816 28
      vertex 15.8317 13.8327 28
      vertex 15.6666 13.8082 28
    endloop
  endfacet
  facet normal 0 0 1
    outer loop
      vertex 25.15 0 28
      vertex 16.3014 -14.0007 28
      vertex 16.4445 -14.0865 28
    endloop
  endfacet
  facet normal 0 0 1
    outer loop
      vertex 11.465 6.12816 28
      vertex 15.6666 13.8082 28
      vertex 15.5 13.8 28
    endloop
  endfacet
  facet normal 0 0 1
    outer loop
      vertex 16.3014 -14.0007 28
      vertex 12.4402 -3.7737 28
      vertex 16.1506 -13.9294 28
    endloop
  endfacet
  facet normal 0 0 1
    outer loop
      vertex 11.465 6.12816 28
      vertex 15.5 13.8 28
      vertex 15.3334 13.8082 28
    endloop
  endfacet
  facet normal -0 0 1
    outer loop
      vertex 12.0104 -4.97488 28
      vertex 16.1506 -13.9294 28
      vertex 12.4402 -3.7737 28
    endloop
  endfacet
  facet normal 0 0 1
    outer loop
      vertex 10.8091 7.22241 28
      vertex 15.3334 13.8082 28
      vertex 15.1683 13.8327 28
    endloop
  endfacet
  facet normal 0 0 1
    outer loop
      vertex 16.1506 -13.9294 28
      vertex 12.0104 -4.97488 28
      vertex 15.9935 -13.8732 28
    endloop
  endfacet
  facet normal 0 0 1
    outer loop
      vertex 10.8091 7.22241 28
      vertex 15.1683 13.8327 28
      vertex 15.0065 13.8732 28
    endloop
  endfacet
  facet normal 0 0 1
    outer loop
      vertex 15.9935 -13.8732 28
      vertex 12.0104 -4.97488 28
      vertex 15.8317 -13.8327 28
    endloop
  endfacet
  facet normal 0 0 1
    outer loop
      vertex 10.0491 8.24711 28
      vertex 15.0065 13.8732 28
      vertex 14.8494 13.9294 28
    endloop
  endfacet
  facet normal -0 0 1
    outer loop
      vertex 11.465 -6.12816 28
      vertex 15.8317 -13.8327 28
      vertex 12.0104 -4.97488 28
    endloop
  endfacet
  facet normal 0 0 1
    outer loop
      vertex 10.0491 8.24711 28
      vertex 14.8494 13.9294 28
      vertex 14.6986 14.0007 28
    endloop
  endfacet
  facet normal 0 0 1
    outer loop
      vertex 15.8317 -13.8327 28
      vertex 11.465 -6.12816 28
      vertex 15.6666 -13.8082 28
    endloop
  endfacet
  facet normal 0 0 1
    outer loop
      vertex 10.0491 8.24711 28
      vertex 14.6986 14.0007 28
      vertex 14.5555 14.0865 28
    endloop
  endfacet
  facet normal 0 0 1
    outer loop
      vertex 15.6666 -13.8082 28
      vertex 11.465 -6.12816 28
      vertex 15.5 -13.8 28
    endloop
  endfacet
  facet normal 0 0 1
    outer loop
      vertex 10.0491 8.24711 28
      vertex 14.5555 14.0865 28
      vertex 14.4215 14.1859 28
    endloop
  endfacet
  facet normal 0 0 1
    outer loop
      vertex 15.5 -13.8 28
      vertex 11.465 -6.12816 28
      vertex 15.3334 -13.8082 28
    endloop
  endfacet
  facet normal 0 0 1
    outer loop
      vertex 9.19239 9.19239 28
      vertex 14.4215 14.1859 28
      vertex 14.2979 14.2979 28
    endloop
  endfacet
  facet normal -0 0 1
    outer loop
      vertex 10.8091 -7.22241 28
      vertex 15.3334 -13.8082 28
      vertex 11.465 -6.12816 28
    endloop
  endfacet
  facet normal 0 0 1
    outer loop
      vertex 9.19239 9.19239 28
      vertex 14.2979 14.2979 28
      vertex 14.1859 14.4215 28
    endloop
  endfacet
  facet normal 0 0 1
    outer loop
      vertex 15.3334 -13.8082 28
      vertex 10.8091 -7.22241 28
      vertex 15.1683 -13.8327 28
    endloop
  endfacet
  facet normal 0 0 1
    outer loop
      vertex 9.19239 9.19239 28
      vertex 14.1859 14.4215 28
      vertex 14.0865 14.5555 28
    endloop
  endfacet
  facet normal 0 0 1
    outer loop
      vertex 15.1683 -13.8327 28
      vertex 10.8091 -7.22241 28
      vertex 15.0065 -13.8732 28
    endloop
  endfacet
  facet normal 0 0 1
    outer loop
      vertex 8.24711 10.0491 28
      vertex 14.0865 14.5555 28
      vertex 14.0007 14.6986 28
    endloop
  endfacet
  facet normal -0 0 1
    outer loop
      vertex 10.0491 -8.24711 28
      vertex 15.0065 -13.8732 28
      vertex 10.8091 -7.22241 28
    endloop
  endfacet
  facet normal 0 0 1
    outer loop
      vertex 8.24711 10.0491 28
      vertex 14.0007 14.6986 28
      vertex 13.9294 14.8494 28
    endloop
  endfacet
  facet normal 0 0 1
    outer loop
      vertex 15.0065 -13.8732 28
      vertex 10.0491 -8.24711 28
      vertex 14.8494 -13.9294 28
    endloop
  endfacet
  facet normal 0 0 1
    outer loop
      vertex 8.24711 10.0491 28
      vertex 13.9294 14.8494 28
      vertex 13.8732 15.0065 28
    endloop
  endfacet
  facet normal 0 0 1
    outer loop
      vertex 14.8494 -13.9294 28
      vertex 10.0491 -8.24711 28
      vertex 14.6986 -14.0007 28
    endloop
  endfacet
  facet normal 0 0 1
    outer loop
      vertex 7.22241 10.8091 28
      vertex 13.8732 15.0065 28
      vertex 13.8327 15.1683 28
    endloop
  endfacet
  facet normal 0 0 1
    outer loop
      vertex 14.6986 -14.0007 28
      vertex 10.0491 -8.24711 28
      vertex 14.5555 -14.0865 28
    endloop
  endfacet
  facet normal 0 0 1
    outer loop
      vertex 7.22241 10.8091 28
      vertex 13.8327 15.1683 28
      vertex 13.8082 15.3334 28
    endloop
  endfacet
  facet normal 0 0 1
    outer loop
      vertex 14.5555 -14.0865 28
      vertex 10.0491 -8.24711 28
      vertex 14.4215 -14.1859 28
    endloop
  endfacet
  facet normal 0 0 1
    outer loop
      vertex 7.22241 10.8091 28
      vertex 13.8082 15.3334 28
      vertex 13.8 15.5 28
    endloop
  endfacet
  facet normal -0 0 1
    outer loop
      vertex 9.19239 -9.19239 28
      vertex 14.4215 -14.1859 28
      vertex 10.0491 -8.24711 28
    endloop
  endfacet
  facet normal -0 0 1
    outer loop
      vertex 16.9135 14.5555 28
      vertex 20.9115 13.9726 28
      vertex 16.9993 14.6986 28
    endloop
  endfacet
  facet normal -0 0 1
    outer loop
      vertex 16.9993 14.6986 28
      vertex 20.9115 13.9726 28
      vertex 17.0706 14.8494 28
    endloop
  endfacet
  facet normal -0 0 1
    outer loop
      vertex 16.8141 14.4215 28
      vertex 20.9115 13.9726 28
      vertex 16.9135 14.5555 28
    endloop
  endfacet
  facet normal 0 0 1
    outer loop
      vertex 19.4412 15.955 28
      vertex 17.0706 14.8494 28
      vertex 20.9115 13.9726 28
    endloop
  endfacet
  facet normal 0 0 1
    outer loop
      vertex 25.15 0 28
      vertex 17.2 -15.5 28
      vertex 25.0289 -2.46513 28
    endloop
  endfacet
  facet normal 0 0 1
    outer loop
      vertex 17.0706 14.8494 28
      vertex 19.4412 15.955 28
      vertex 17.1268 15.0065 28
    endloop
  endfacet
  facet normal 0 0 1
    outer loop
      vertex 25.0289 -2.46513 28
      vertex 17.2 -15.5 28
      vertex 24.6667 -4.90652 28
    endloop
  endfacet
  facet normal 0 0 1
    outer loop
      vertex 17.1268 15.0065 28
      vertex 19.4412 15.955 28
      vertex 17.1673 15.1683 28
    endloop
  endfacet
  facet normal 0 0 1
    outer loop
      vertex 24.6667 -4.90652 28
      vertex 17.2 -15.5 28
      vertex 24.067 -7.30066 28
    endloop
  endfacet
  facet normal 0 0 1
    outer loop
      vertex 17.1673 15.1683 28
      vertex 19.4412 15.955 28
      vertex 17.1918 15.3334 28
    endloop
  endfacet
  facet normal 0 0 1
    outer loop
      vertex 24.067 -7.30066 28
      vertex 17.2 -15.5 28
      vertex 23.2356 -9.62449 28
    endloop
  endfacet
  facet normal 0 0 1
    outer loop
      vertex 17.1918 15.3334 28
      vertex 19.4412 15.955 28
      vertex 17.2 15.5 28
    endloop
  endfacet
  facet normal 0 0 1
    outer loop
      vertex 23.2356 -9.62449 28
      vertex 17.2 -15.5 28
      vertex 22.1803 -11.8556 28
    endloop
  endfacet
  facet normal -0 0 1
    outer loop
      vertex 17.0706 16.1506 28
      vertex 19.4412 15.955 28
      vertex 17.7837 17.7837 28
    endloop
  endfacet
  facet normal 0 0 1
    outer loop
      vertex 22.1803 -11.8556 28
      vertex 17.2 -15.5 28
      vertex 20.9115 -13.9726 28
    endloop
  endfacet
  facet normal 0 0 1
    outer loop
      vertex 20.9115 -13.9726 28
      vertex 17.2 -15.5 28
      vertex 19.4412 -15.955 28
    endloop
  endfacet
  facet normal 0 0 1
    outer loop
      vertex 19.4412 15.955 28
      vertex 17.1918 15.6666 28
      vertex 17.2 15.5 28
    endloop
  endfacet
  facet normal 0 0 1
    outer loop
      vertex 19.4412 15.955 28
      vertex 17.1673 15.8317 28
      vertex 17.1918 15.6666 28
    endloop
  endfacet
  facet normal 0 0 1
    outer loop
      vertex 19.4412 15.955 28
      vertex 17.1268 15.9935 28
      vertex 17.1673 15.8317 28
    endloop
  endfacet
  facet normal 0 0 1
    outer loop
      vertex 19.4412 15.955 28
      vertex 17.0706 16.1506 28
      vertex 17.1268 15.9935 28
    endloop
  endfacet
  facet normal 0 0 1
    outer loop
      vertex 17.7837 17.7837 28
      vertex 16.9993 16.3014 28
      vertex 17.0706 16.1506 28
    endloop
  endfacet
  facet normal 0 0 1
    outer loop
      vertex 17.7837 17.7837 28
      vertex 16.9135 16.4445 28
      vertex 16.9993 16.3014 28
    endloop
  endfacet
  facet normal 0 0 1
    outer loop
      vertex 17.7837 17.7837 28
      vertex 16.8141 16.5785 28
      vertex 16.9135 16.4445 28
    endloop
  endfacet
  facet normal 0 0 1
    outer loop
      vertex 17.7837 17.7837 28
      vertex 16.7021 16.7021 28
      vertex 16.8141 16.5785 28
    endloop
  endfacet
  facet normal 0 0 1
    outer loop
      vertex 17.7837 17.7837 28
      vertex 16.5785 16.8141 28
      vertex 16.7021 16.7021 28
    endloop
  endfacet
  facet normal 0 0 1
    outer loop
      vertex 17.7837 17.7837 28
      vertex 16.4445 16.9135 28
      vertex 16.5785 16.8141 28
    endloop
  endfacet
  facet normal 0 0 1
    outer loop
      vertex 17.7837 17.7837 28
      vertex 16.3014 16.9993 28
      vertex 16.4445 16.9135 28
    endloop
  endfacet
  facet normal 0 0 1
    outer loop
      vertex 17.7837 17.7837 28
      vertex 16.1506 17.0706 28
      vertex 16.3014 16.9993 28
    endloop
  endfacet
  facet normal 0 0 1
    outer loop
      vertex 15.955 19.4412 28
      vertex 16.1506 17.0706 28
      vertex 17.7837 17.7837 28
    endloop
  endfacet
  facet normal 0 0 1
    outer loop
      vertex 16.1506 17.0706 28
      vertex 15.955 19.4412 28
      vertex 15.9935 17.1268 28
    endloop
  endfacet
  facet normal 0 0 1
    outer loop
      vertex 15.955 19.4412 28
      vertex 15.8317 17.1673 28
      vertex 15.9935 17.1268 28
    endloop
  endfacet
  facet normal 0 0 1
    outer loop
      vertex 15.955 19.4412 28
      vertex 15.6666 17.1918 28
      vertex 15.8317 17.1673 28
    endloop
  endfacet
  facet normal 0 0 1
    outer loop
      vertex 15.955 19.4412 28
      vertex 15.5 17.2 28
      vertex 15.6666 17.1918 28
    endloop
  endfacet
  facet normal 0 0 1
    outer loop
      vertex 15.955 19.4412 28
      vertex 15.3334 17.1918 28
      vertex 15.5 17.2 28
    endloop
  endfacet
  facet normal 0 0 1
    outer loop
      vertex 15.955 19.4412 28
      vertex 15.1683 17.1673 28
      vertex 15.3334 17.1918 28
    endloop
  endfacet
  facet normal 0 0 1
    outer loop
      vertex 15.955 19.4412 28
      vertex 15.0065 17.1268 28
      vertex 15.1683 17.1673 28
    endloop
  endfacet
  facet normal 0 0 1
    outer loop
      vertex 15.955 19.4412 28
      vertex 14.8494 17.0706 28
      vertex 15.0065 17.1268 28
    endloop
  endfacet
  facet normal 0 0 1
    outer loop
      vertex 13.9726 20.9115 28
      vertex 14.8494 17.0706 28
      vertex 15.955 19.4412 28
    endloop
  endfacet
  facet normal 0 0 1
    outer loop
      vertex 14.8494 17.0706 28
      vertex 13.9726 20.9115 28
      vertex 14.6986 16.9993 28
    endloop
  endfacet
  facet normal 0 0 1
    outer loop
      vertex 14.6986 16.9993 28
      vertex 13.9726 20.9115 28
      vertex 14.5555 16.9135 28
    endloop
  endfacet
  facet normal 0 0 1
    outer loop
      vertex 14.5555 16.9135 28
      vertex 13.9726 20.9115 28
      vertex 14.4215 16.8141 28
    endloop
  endfacet
  facet normal 0 0 1
    outer loop
      vertex 14.4215 16.8141 28
      vertex 13.9726 20.9115 28
      vertex 14.2979 16.7021 28
    endloop
  endfacet
  facet normal 0 0 1
    outer loop
      vertex 14.2979 16.7021 28
      vertex 13.9726 20.9115 28
      vertex 14.1859 16.5785 28
    endloop
  endfacet
  facet normal 0 0 1
    outer loop
      vertex 14.1859 16.5785 28
      vertex 13.9726 20.9115 28
      vertex 14.0865 16.4445 28
    endloop
  endfacet
  facet normal 0 0 1
    outer loop
      vertex 11.8556 22.1803 28
      vertex 14.0865 16.4445 28
      vertex 13.9726 20.9115 28
    endloop
  endfacet
  facet normal 0 0 1
    outer loop
      vertex 14.0865 16.4445 28
      vertex 11.8556 22.1803 28
      vertex 14.0007 16.3014 28
    endloop
  endfacet
  facet normal 0 0 1
    outer loop
      vertex 14.0007 16.3014 28
      vertex 11.8556 22.1803 28
      vertex 13.9294 16.1506 28
    endloop
  endfacet
  facet normal 0 0 1
    outer loop
      vertex 13.9294 16.1506 28
      vertex 11.8556 22.1803 28
      vertex 13.8732 15.9935 28
    endloop
  endfacet
  facet normal 0 0 1
    outer loop
      vertex 9.62449 23.2356 28
      vertex 13.8732 15.9935 28
      vertex 11.8556 22.1803 28
    endloop
  endfacet
  facet normal 0 0 1
    outer loop
      vertex 13.8732 15.9935 28
      vertex 9.62449 23.2356 28
      vertex 13.8327 15.8317 28
    endloop
  endfacet
  facet normal 0 0 1
    outer loop
      vertex 14.4215 -14.1859 28
      vertex 9.19239 -9.19239 28
      vertex 14.2979 -14.2979 28
    endloop
  endfacet
  facet normal 0 0 1
    outer loop
      vertex 4.97488 12.0104 28
      vertex 13.8327 15.8317 28
      vertex 9.62449 23.2356 28
    endloop
  endfacet
  facet normal 0 0 1
    outer loop
      vertex 25.15 0 28
      vertex 12.9374 1.27422 28
      vertex 13 0 28
    endloop
  endfacet
  facet normal 0 0 1
    outer loop
      vertex 25.0289 2.46513 28
      vertex 12.9374 1.27422 28
      vertex 25.15 0 28
    endloop
  endfacet
  facet normal 0 -0 1
    outer loop
      vertex 12.9374 1.27422 28
      vertex 25.0289 2.46513 28
      vertex 12.7502 2.53617 28
    endloop
  endfacet
  facet normal 0 -0 1
    outer loop
      vertex 12.7502 2.53617 28
      vertex 24.6667 4.90652 28
      vertex 12.4402 3.7737 28
    endloop
  endfacet
  facet normal 0 -0 1
    outer loop
      vertex 6.12816 11.465 28
      vertex 13.8327 15.8317 28
      vertex 4.97488 12.0104 28
    endloop
  endfacet
  facet normal 0 0 1
    outer loop
      vertex 15.8317 13.8327 28
      vertex 11.465 6.12816 28
      vertex 12.0104 4.97488 28
    endloop
  endfacet
  facet normal 0 0 1
    outer loop
      vertex 15.3334 13.8082 28
      vertex 10.8091 7.22241 28
      vertex 11.465 6.12816 28
    endloop
  endfacet
  facet normal 0 0 1
    outer loop
      vertex 15.0065 13.8732 28
      vertex 10.0491 8.24711 28
      vertex 10.8091 7.22241 28
    endloop
  endfacet
  facet normal 0 0 1
    outer loop
      vertex 13.8327 15.8317 28
      vertex 6.12816 11.465 28
      vertex 13.8082 15.6666 28
    endloop
  endfacet
  facet normal 0 0 1
    outer loop
      vertex 14.4215 14.1859 28
      vertex 9.19239 9.19239 28
      vertex 10.0491 8.24711 28
    endloop
  endfacet
  facet normal 0 0 1
    outer loop
      vertex 14.0865 14.5555 28
      vertex 8.24711 10.0491 28
      vertex 9.19239 9.19239 28
    endloop
  endfacet
  facet normal 0 0 1
    outer loop
      vertex 4.97488 12.0104 28
      vertex 9.62449 23.2356 28
      vertex 7.30066 24.067 28
    endloop
  endfacet
  facet normal 0 0 1
    outer loop
      vertex 13.8732 15.0065 28
      vertex 7.22241 10.8091 28
      vertex 8.24711 10.0491 28
    endloop
  endfacet
  facet normal 0 0 1
    outer loop
      vertex 13.8 15.5 28
      vertex 6.12816 11.465 28
      vertex 7.22241 10.8091 28
    endloop
  endfacet
  facet normal 0 0 1
    outer loop
      vertex 13.8082 15.6666 28
      vertex 6.12816 11.465 28
      vertex 13.8 15.5 28
    endloop
  endfacet
  facet normal 0 0 1
    outer loop
      vertex 3.7737 12.4402 28
      vertex 7.30066 24.067 28
      vertex 4.90652 24.6667 28
    endloop
  endfacet
  facet normal 0 0 1
    outer loop
      vertex 7.30066 24.067 28
      vertex 3.7737 12.4402 28
      vertex 4.97488 12.0104 28
    endloop
  endfacet
  facet normal 0 0 1
    outer loop
      vertex 4.90652 24.6667 28
      vertex 2.53617 12.7502 28
      vertex 3.7737 12.4402 28
    endloop
  endfacet
  facet normal 0 0 1
    outer loop
      vertex 2.46513 25.0289 28
      vertex 2.53617 12.7502 28
      vertex 4.90652 24.6667 28
    endloop
  endfacet
  facet normal 0 0 1
    outer loop
      vertex 2.46513 25.0289 28
      vertex 1.27422 12.9374 28
      vertex 2.53617 12.7502 28
    endloop
  endfacet
  facet normal 0 0 1
    outer loop
      vertex 0 25.15 28
      vertex 1.27422 12.9374 28
      vertex 2.46513 25.0289 28
    endloop
  endfacet
  facet normal 0 0 1
    outer loop
      vertex 0 25.15 28
      vertex 0 13 28
      vertex 1.27422 12.9374 28
    endloop
  endfacet
  facet normal 0 0 1
    outer loop
      vertex 0 25.15 28
      vertex -1.27422 12.9374 28
      vertex 0 13 28
    endloop
  endfacet
  facet normal -0 0 1
    outer loop
      vertex -2.46513 25.0289 28
      vertex -1.27422 12.9374 28
      vertex 0 25.15 28
    endloop
  endfacet
  facet normal 0 0 1
    outer loop
      vertex -2.46513 25.0289 28
      vertex -2.53617 12.7502 28
      vertex -1.27422 12.9374 28
    endloop
  endfacet
  facet normal -0 0 1
    outer loop
      vertex -4.90652 24.6667 28
      vertex -2.53617 12.7502 28
      vertex -2.46513 25.0289 28
    endloop
  endfacet
  facet normal 0 0 1
    outer loop
      vertex -2.53617 12.7502 28
      vertex -4.90652 24.6667 28
      vertex -3.7737 12.4402 28
    endloop
  endfacet
  facet normal -0 0 1
    outer loop
      vertex -7.30066 24.067 28
      vertex -3.7737 12.4402 28
      vertex -4.90652 24.6667 28
    endloop
  endfacet
  facet normal 0 0 1
    outer loop
      vertex -3.7737 12.4402 28
      vertex -7.30066 24.067 28
      vertex -4.97488 12.0104 28
    endloop
  endfacet
  facet normal -0 0 1
    outer loop
      vertex -9.62449 23.2356 28
      vertex -4.97488 12.0104 28
      vertex -7.30066 24.067 28
    endloop
  endfacet
  facet normal -0 0 1
    outer loop
      vertex -13.8327 15.8317 28
      vertex -4.97488 12.0104 28
      vertex -9.62449 23.2356 28
    endloop
  endfacet
  facet normal 0 0 1
    outer loop
      vertex -4.97488 12.0104 28
      vertex -13.8327 15.8317 28
      vertex -6.12816 11.465 28
    endloop
  endfacet
  facet normal -0 -0 1
    outer loop
      vertex -13.8082 15.6666 28
      vertex -6.12816 11.465 28
      vertex -13.8327 15.8317 28
    endloop
  endfacet
  facet normal -0 -0 1
    outer loop
      vertex -13.8 15.5 28
      vertex -6.12816 11.465 28
      vertex -13.8082 15.6666 28
    endloop
  endfacet
  facet normal -0 0 1
    outer loop
      vertex -13.8082 15.3334 28
      vertex -7.22241 10.8091 28
      vertex -13.8 15.5 28
    endloop
  endfacet
  facet normal -0 0 1
    outer loop
      vertex -13.8732 15.0065 28
      vertex -7.22241 10.8091 28
      vertex -13.8327 15.1683 28
    endloop
  endfacet
  facet normal 0 0 1
    outer loop
      vertex -7.22241 10.8091 28
      vertex -13.8732 15.0065 28
      vertex -8.24711 10.0491 28
    endloop
  endfacet
  facet normal 0 0 1
    outer loop
      vertex -13.8732 15.9935 28
      vertex -9.62449 23.2356 28
      vertex -11.8556 22.1803 28
    endloop
  endfacet
  facet normal -0 0 1
    outer loop
      vertex -13.9294 14.8494 28
      vertex -8.24711 10.0491 28
      vertex -13.8732 15.0065 28
    endloop
  endfacet
  facet normal -0 0 1
    outer loop
      vertex -14.0007 14.6986 28
      vertex -8.24711 10.0491 28
      vertex -13.9294 14.8494 28
    endloop
  endfacet
  facet normal -0 0 1
    outer loop
      vertex -14.0865 14.5555 28
      vertex -8.24711 10.0491 28
      vertex -14.0007 14.6986 28
    endloop
  endfacet
  facet normal 0 0 1
    outer loop
      vertex -8.24711 10.0491 28
      vertex -14.0865 14.5555 28
      vertex -9.19239 9.19239 28
    endloop
  endfacet
  facet normal -0 0 1
    outer loop
      vertex -14.2979 14.2979 28
      vertex -9.19239 9.19239 28
      vertex -14.1859 14.4215 28
    endloop
  endfacet
  facet normal -0 0 1
    outer loop
      vertex -14.1859 14.4215 28
      vertex -9.19239 9.19239 28
      vertex -14.0865 14.5555 28
    endloop
  endfacet
  facet normal -0 0 1
    outer loop
      vertex -13.8327 15.1683 28
      vertex -7.22241 10.8091 28
      vertex -13.8082 15.3334 28
    endloop
  endfacet
  facet normal 0 0 1
    outer loop
      vertex -6.12816 11.465 28
      vertex -13.8 15.5 28
      vertex -7.22241 10.8091 28
    endloop
  endfacet
  facet normal 0 0 1
    outer loop
      vertex -9.62449 23.2356 28
      vertex -13.8732 15.9935 28
      vertex -13.8327 15.8317 28
    endloop
  endfacet
  facet normal 0 0 1
    outer loop
      vertex -11.8556 22.1803 28
      vertex -13.9294 16.1506 28
      vertex -13.8732 15.9935 28
    endloop
  endfacet
  facet normal 0 0 1
    outer loop
      vertex -14.0865 16.4445 28
      vertex -11.8556 22.1803 28
      vertex -13.9726 20.9115 28
    endloop
  endfacet
  facet normal 0 0 1
    outer loop
      vertex -11.8556 22.1803 28
      vertex -14.0007 16.3014 28
      vertex -13.9294 16.1506 28
    endloop
  endfacet
  facet normal 0 0 1
    outer loop
      vertex -11.8556 22.1803 28
      vertex -14.0865 16.4445 28
      vertex -14.0007 16.3014 28
    endloop
  endfacet
  facet normal 0 0 1
    outer loop
      vertex -13.9726 20.9115 28
      vertex -14.1859 16.5785 28
      vertex -14.0865 16.4445 28
    endloop
  endfacet
  facet normal 0 0 1
    outer loop
      vertex -13.9726 20.9115 28
      vertex -14.2979 16.7021 28
      vertex -14.1859 16.5785 28
    endloop
  endfacet
  facet normal 0 0 1
    outer loop
      vertex -13.9726 20.9115 28
      vertex -14.4215 16.8141 28
      vertex -14.2979 16.7021 28
    endloop
  endfacet
  facet normal 0 0 1
    outer loop
      vertex -13.9726 20.9115 28
      vertex -14.5555 16.9135 28
      vertex -14.4215 16.8141 28
    endloop
  endfacet
  facet normal 0 0 1
    outer loop
      vertex -13.9726 20.9115 28
      vertex -14.6986 16.9993 28
      vertex -14.5555 16.9135 28
    endloop
  endfacet
  facet normal 0 0 1
    outer loop
      vertex -13.9726 20.9115 28
      vertex -14.8494 17.0706 28
      vertex -14.6986 16.9993 28
    endloop
  endfacet
  facet normal -0 0 1
    outer loop
      vertex -15.955 19.4412 28
      vertex -14.8494 17.0706 28
      vertex -13.9726 20.9115 28
    endloop
  endfacet
  facet normal 0 0 1
    outer loop
      vertex -14.8494 17.0706 28
      vertex -15.955 19.4412 28
      vertex -15.0065 17.1268 28
    endloop
  endfacet
  facet normal 0 0 1
    outer loop
      vertex -15.0065 17.1268 28
      vertex -15.955 19.4412 28
      vertex -15.1683 17.1673 28
    endloop
  endfacet
  facet normal 0 0 1
    outer loop
      vertex -15.1683 17.1673 28
      vertex -15.955 19.4412 28
      vertex -15.3334 17.1918 28
    endloop
  endfacet
  facet normal 0 0 1
    outer loop
      vertex -15.3334 17.1918 28
      vertex -15.955 19.4412 28
      vertex -15.5 17.2 28
    endloop
  endfacet
  facet normal 0 0 1
    outer loop
      vertex -15.5 17.2 28
      vertex -15.955 19.4412 28
      vertex -15.6666 17.1918 28
    endloop
  endfacet
  facet normal 0 0 1
    outer loop
      vertex -15.6666 17.1918 28
      vertex -15.955 19.4412 28
      vertex -15.8317 17.1673 28
    endloop
  endfacet
  facet normal 0 0 1
    outer loop
      vertex -15.955 19.4412 28
      vertex -15.9935 17.1268 28
      vertex -15.8317 17.1673 28
    endloop
  endfacet
  facet normal 0 0 1
    outer loop
      vertex -15.955 19.4412 28
      vertex -16.1506 17.0706 28
      vertex -15.9935 17.1268 28
    endloop
  endfacet
  facet normal -0 0 1
    outer loop
      vertex -17.7837 17.7837 28
      vertex -16.1506 17.0706 28
      vertex -15.955 19.4412 28
    endloop
  endfacet
  facet normal 0 0 1
    outer loop
      vertex -16.1506 17.0706 28
      vertex -17.7837 17.7837 28
      vertex -16.3014 16.9993 28
    endloop
  endfacet
  facet normal 0 0 1
    outer loop
      vertex -16.3014 16.9993 28
      vertex -17.7837 17.7837 28
      vertex -16.4445 16.9135 28
    endloop
  endfacet
  facet normal 0 0 1
    outer loop
      vertex -16.4445 16.9135 28
      vertex -17.7837 17.7837 28
      vertex -16.5785 16.8141 28
    endloop
  endfacet
  facet normal 0 0 1
    outer loop
      vertex -16.5785 16.8141 28
      vertex -17.7837 17.7837 28
      vertex -16.7021 16.7021 28
    endloop
  endfacet
  facet normal 0 0 1
    outer loop
      vertex -16.7021 16.7021 28
      vertex -17.7837 17.7837 28
      vertex -16.8141 16.5785 28
    endloop
  endfacet
  facet normal 0 0 1
    outer loop
      vertex -16.8141 16.5785 28
      vertex -17.7837 17.7837 28
      vertex -16.9135 16.4445 28
    endloop
  endfacet
  facet normal 0 0 1
    outer loop
      vertex -16.9135 16.4445 28
      vertex -17.7837 17.7837 28
      vertex -16.9993 16.3014 28
    endloop
  endfacet
  facet normal 0 0 1
    outer loop
      vertex -16.9993 16.3014 28
      vertex -17.7837 17.7837 28
      vertex -17.0706 16.1506 28
    endloop
  endfacet
  facet normal 0 0 1
    outer loop
      vertex -17.1918 15.6666 28
      vertex -19.4412 15.955 28
      vertex -17.2 15.5 28
    endloop
  endfacet
  facet normal 0 0 1
    outer loop
      vertex -17.1673 15.8317 28
      vertex -19.4412 15.955 28
      vertex -17.1918 15.6666 28
    endloop
  endfacet
  facet normal 0 0 1
    outer loop
      vertex -17.1268 15.9935 28
      vertex -19.4412 15.955 28
      vertex -17.1673 15.8317 28
    endloop
  endfacet
  facet normal 0 0 1
    outer loop
      vertex -17.0706 16.1506 28
      vertex -19.4412 15.955 28
      vertex -17.1268 15.9935 28
    endloop
  endfacet
  facet normal 0 0 1
    outer loop
      vertex -19.4412 15.955 28
      vertex -17.0706 16.1506 28
      vertex -17.7837 17.7837 28
    endloop
  endfacet
  facet normal -0 0 1
    outer loop
      vertex 17.1918 -15.6666 28
      vertex 19.4412 -15.955 28
      vertex 17.2 -15.5 28
    endloop
  endfacet
  facet normal -0 0 1
    outer loop
      vertex 17.1673 -15.8317 28
      vertex 19.4412 -15.955 28
      vertex 17.1918 -15.6666 28
    endloop
  endfacet
  facet normal 0 0 1
    outer loop
      vertex 17.1268 -15.9935 28
      vertex 19.4412 -15.955 28
      vertex 17.1673 -15.8317 28
    endloop
  endfacet
  facet normal 0 0 1
    outer loop
      vertex 17.0706 -16.1506 28
      vertex 19.4412 -15.955 28
      vertex 17.1268 -15.9935 28
    endloop
  endfacet
  facet normal 0 0 1
    outer loop
      vertex 19.4412 -15.955 28
      vertex 17.0706 -16.1506 28
      vertex 17.7837 -17.7837 28
    endloop
  endfacet
  facet normal -0 0 1
    outer loop
      vertex 16.9993 -16.3014 28
      vertex 17.7837 -17.7837 28
      vertex 17.0706 -16.1506 28
    endloop
  endfacet
  facet normal -0 0 1
    outer loop
      vertex 16.9135 -16.4445 28
      vertex 17.7837 -17.7837 28
      vertex 16.9993 -16.3014 28
    endloop
  endfacet
  facet normal -0 0 1
    outer loop
      vertex 16.8141 -16.5785 28
      vertex 17.7837 -17.7837 28
      vertex 16.9135 -16.4445 28
    endloop
  endfacet
  facet normal -0 0 1
    outer loop
      vertex 16.7021 -16.7021 28
      vertex 17.7837 -17.7837 28
      vertex 16.8141 -16.5785 28
    endloop
  endfacet
  facet normal -0 0 1
    outer loop
      vertex 16.5785 -16.8141 28
      vertex 17.7837 -17.7837 28
      vertex 16.7021 -16.7021 28
    endloop
  endfacet
  facet normal -0 0 1
    outer loop
      vertex 16.4445 -16.9135 28
      vertex 17.7837 -17.7837 28
      vertex 16.5785 -16.8141 28
    endloop
  endfacet
  facet normal -0 0 1
    outer loop
      vertex 16.3014 -16.9993 28
      vertex 17.7837 -17.7837 28
      vertex 16.4445 -16.9135 28
    endloop
  endfacet
  facet normal -0 0 1
    outer loop
      vertex 16.1506 -17.0706 28
      vertex 17.7837 -17.7837 28
      vertex 16.3014 -16.9993 28
    endloop
  endfacet
  facet normal 0 0 1
    outer loop
      vertex 15.955 -19.4412 28
      vertex 16.1506 -17.0706 28
      vertex 15.9935 -17.1268 28
    endloop
  endfacet
  facet normal 0 0 1
    outer loop
      vertex 16.1506 -17.0706 28
      vertex 15.955 -19.4412 28
      vertex 17.7837 -17.7837 28
    endloop
  endfacet
  facet normal -0 0 1
    outer loop
      vertex 15.8317 -17.1673 28
      vertex 15.955 -19.4412 28
      vertex 15.9935 -17.1268 28
    endloop
  endfacet
  facet normal -0 0 1
    outer loop
      vertex 15.6666 -17.1918 28
      vertex 15.955 -19.4412 28
      vertex 15.8317 -17.1673 28
    endloop
  endfacet
  facet normal -0 0 1
    outer loop
      vertex 15.5 -17.2 28
      vertex 15.955 -19.4412 28
      vertex 15.6666 -17.1918 28
    endloop
  endfacet
  facet normal 0 0 1
    outer loop
      vertex 15.3334 -17.1918 28
      vertex 15.955 -19.4412 28
      vertex 15.5 -17.2 28
    endloop
  endfacet
  facet normal 0 0 1
    outer loop
      vertex 15.1683 -17.1673 28
      vertex 15.955 -19.4412 28
      vertex 15.3334 -17.1918 28
    endloop
  endfacet
  facet normal 0 0 1
    outer loop
      vertex 15.0065 -17.1268 28
      vertex 15.955 -19.4412 28
      vertex 15.1683 -17.1673 28
    endloop
  endfacet
  facet normal 0 0 1
    outer loop
      vertex 14.8494 -17.0706 28
      vertex 15.955 -19.4412 28
      vertex 15.0065 -17.1268 28
    endloop
  endfacet
  facet normal 0 0 1
    outer loop
      vertex 13.9726 -20.9115 28
      vertex 14.8494 -17.0706 28
      vertex 14.6986 -16.9993 28
    endloop
  endfacet
  facet normal 0 0 1
    outer loop
      vertex 13.9726 -20.9115 28
      vertex 14.6986 -16.9993 28
      vertex 14.5555 -16.9135 28
    endloop
  endfacet
  facet normal 0 0 1
    outer loop
      vertex 13.9726 -20.9115 28
      vertex 14.5555 -16.9135 28
      vertex 14.4215 -16.8141 28
    endloop
  endfacet
  facet normal 0 0 1
    outer loop
      vertex 13.9726 -20.9115 28
      vertex 14.4215 -16.8141 28
      vertex 14.2979 -16.7021 28
    endloop
  endfacet
  facet normal 0 0 1
    outer loop
      vertex 13.9726 -20.9115 28
      vertex 14.2979 -16.7021 28
      vertex 14.1859 -16.5785 28
    endloop
  endfacet
  facet normal 0 0 1
    outer loop
      vertex 13.9726 -20.9115 28
      vertex 14.1859 -16.5785 28
      vertex 14.0865 -16.4445 28
    endloop
  endfacet
  facet normal 0 0 1
    outer loop
      vertex 14.8494 -17.0706 28
      vertex 13.9726 -20.9115 28
      vertex 15.955 -19.4412 28
    endloop
  endfacet
  facet normal 0 0 1
    outer loop
      vertex 11.8556 -22.1803 28
      vertex 14.0865 -16.4445 28
      vertex 14.0007 -16.3014 28
    endloop
  endfacet
  facet normal 0 0 1
    outer loop
      vertex 11.8556 -22.1803 28
      vertex 14.0007 -16.3014 28
      vertex 13.9294 -16.1506 28
    endloop
  endfacet
  facet normal 0 0 1
    outer loop
      vertex 11.8556 -22.1803 28
      vertex 13.9294 -16.1506 28
      vertex 13.8732 -15.9935 28
    endloop
  endfacet
  facet normal 0 0 1
    outer loop
      vertex 9.62449 -23.2356 28
      vertex 13.8732 -15.9935 28
      vertex 13.8327 -15.8317 28
    endloop
  endfacet
  facet normal 0 0 1
    outer loop
      vertex 6.12816 -11.465 28
      vertex 13.8327 -15.8317 28
      vertex 13.8082 -15.6666 28
    endloop
  endfacet
  facet normal 0 0 1
    outer loop
      vertex 6.12816 -11.465 28
      vertex 13.8082 -15.6666 28
      vertex 13.8 -15.5 28
    endloop
  endfacet
  facet normal 0 0 1
    outer loop
      vertex 14.2979 -14.2979 28
      vertex 9.19239 -9.19239 28
      vertex 14.1859 -14.4215 28
    endloop
  endfacet
  facet normal 0 0 1
    outer loop
      vertex 14.1859 -14.4215 28
      vertex 9.19239 -9.19239 28
      vertex 14.0865 -14.5555 28
    endloop
  endfacet
  facet normal -0 0 1
    outer loop
      vertex 8.24711 -10.0491 28
      vertex 14.0865 -14.5555 28
      vertex 9.19239 -9.19239 28
    endloop
  endfacet
  facet normal 0 0 1
    outer loop
      vertex 14.0865 -14.5555 28
      vertex 8.24711 -10.0491 28
      vertex 14.0007 -14.6986 28
    endloop
  endfacet
  facet normal 0 0 1
    outer loop
      vertex 14.0007 -14.6986 28
      vertex 8.24711 -10.0491 28
      vertex 13.9294 -14.8494 28
    endloop
  endfacet
  facet normal 0 0 1
    outer loop
      vertex 13.9294 -14.8494 28
      vertex 8.24711 -10.0491 28
      vertex 13.8732 -15.0065 28
    endloop
  endfacet
  facet normal -0 0 1
    outer loop
      vertex 7.22241 -10.8091 28
      vertex 13.8732 -15.0065 28
      vertex 8.24711 -10.0491 28
    endloop
  endfacet
  facet normal 0 0 1
    outer loop
      vertex 13.8732 -15.0065 28
      vertex 7.22241 -10.8091 28
      vertex 13.8327 -15.1683 28
    endloop
  endfacet
  facet normal 0 0 1
    outer loop
      vertex 13.8327 -15.1683 28
      vertex 7.22241 -10.8091 28
      vertex 13.8082 -15.3334 28
    endloop
  endfacet
  facet normal 0 0 1
    outer loop
      vertex 13.8082 -15.3334 28
      vertex 7.22241 -10.8091 28
      vertex 13.8 -15.5 28
    endloop
  endfacet
  facet normal -0 0 1
    outer loop
      vertex 6.12816 -11.465 28
      vertex 13.8 -15.5 28
      vertex 7.22241 -10.8091 28
    endloop
  endfacet
  facet normal 0 0 1
    outer loop
      vertex 14.0865 -16.4445 28
      vertex 11.8556 -22.1803 28
      vertex 13.9726 -20.9115 28
    endloop
  endfacet
  facet normal 0 0 1
    outer loop
      vertex 13.8327 -15.8317 28
      vertex 6.12816 -11.465 28
      vertex 4.97488 -12.0104 28
    endloop
  endfacet
  facet normal 0 0 1
    outer loop
      vertex 13.8732 -15.9935 28
      vertex 9.62449 -23.2356 28
      vertex 11.8556 -22.1803 28
    endloop
  endfacet
  facet normal 0 0 1
    outer loop
      vertex 13.8327 -15.8317 28
      vertex 4.97488 -12.0104 28
      vertex 9.62449 -23.2356 28
    endloop
  endfacet
  facet normal 0 0 1
    outer loop
      vertex 9.62449 -23.2356 28
      vertex 4.97488 -12.0104 28
      vertex 7.30066 -24.067 28
    endloop
  endfacet
  facet normal -0 0 1
    outer loop
      vertex 3.7737 -12.4402 28
      vertex 7.30066 -24.067 28
      vertex 4.97488 -12.0104 28
    endloop
  endfacet
  facet normal 0 0 1
    outer loop
      vertex 7.30066 -24.067 28
      vertex 3.7737 -12.4402 28
      vertex 4.90652 -24.6667 28
    endloop
  endfacet
  facet normal -0 0 1
    outer loop
      vertex 2.53617 -12.7502 28
      vertex 4.90652 -24.6667 28
      vertex 3.7737 -12.4402 28
    endloop
  endfacet
  facet normal 0 0 1
    outer loop
      vertex 2.53617 -12.7502 28
      vertex 2.46513 -25.0289 28
      vertex 4.90652 -24.6667 28
    endloop
  endfacet
  facet normal -0 0 1
    outer loop
      vertex 1.27422 -12.9374 28
      vertex 2.46513 -25.0289 28
      vertex 2.53617 -12.7502 28
    endloop
  endfacet
  facet normal -0 0 1
    outer loop
      vertex 0 -13 28
      vertex 2.46513 -25.0289 28
      vertex 1.27422 -12.9374 28
    endloop
  endfacet
  facet normal 0 0 1
    outer loop
      vertex 0 -13 28
      vertex 0 -25.15 28
      vertex 2.46513 -25.0289 28
    endloop
  endfacet
  facet normal 0 0 1
    outer loop
      vertex -1.27422 -12.9374 28
      vertex 0 -25.15 28
      vertex 0 -13 28
    endloop
  endfacet
  facet normal 0 0 1
    outer loop
      vertex -1.27422 -12.9374 28
      vertex -2.46513 -25.0289 28
      vertex 0 -25.15 28
    endloop
  endfacet
  facet normal 0 0 1
    outer loop
      vertex -2.53617 -12.7502 28
      vertex -2.46513 -25.0289 28
      vertex -1.27422 -12.9374 28
    endloop
  endfacet
  facet normal 0 0 1
    outer loop
      vertex -4.90652 -24.6667 28
      vertex -2.53617 -12.7502 28
      vertex -3.7737 -12.4402 28
    endloop
  endfacet
  facet normal 0 0 1
    outer loop
      vertex -2.53617 -12.7502 28
      vertex -4.90652 -24.6667 28
      vertex -2.46513 -25.0289 28
    endloop
  endfacet
  facet normal 0 0 1
    outer loop
      vertex -7.30066 -24.067 28
      vertex -3.7737 -12.4402 28
      vertex -4.97488 -12.0104 28
    endloop
  endfacet
  facet normal 0 0 1
    outer loop
      vertex -13.8327 -15.8317 28
      vertex -4.97488 -12.0104 28
      vertex -6.12816 -11.465 28
    endloop
  endfacet
  facet normal 0 0 1
    outer loop
      vertex -13.8 -15.5 28
      vertex -6.12816 -11.465 28
      vertex -7.22241 -10.8091 28
    endloop
  endfacet
  facet normal 0 0 1
    outer loop
      vertex -3.7737 -12.4402 28
      vertex -7.30066 -24.067 28
      vertex -4.90652 -24.6667 28
    endloop
  endfacet
  facet normal 0 0 1
    outer loop
      vertex -13.8 -15.5 28
      vertex -7.22241 -10.8091 28
      vertex -8.24711 -10.0491 28
    endloop
  endfacet
  facet normal 0 0 1
    outer loop
      vertex -13.8 -15.5 28
      vertex -8.24711 -10.0491 28
      vertex -9.19239 -9.19239 28
    endloop
  endfacet
  facet normal 0 0 1
    outer loop
      vertex -4.97488 -12.0104 28
      vertex -9.62449 -23.2356 28
      vertex -7.30066 -24.067 28
    endloop
  endfacet
  facet normal 0 0 1
    outer loop
      vertex -13.8 -15.5 28
      vertex -9.19239 -9.19239 28
      vertex -10.0491 -8.24711 28
    endloop
  endfacet
  facet normal 0 0 1
    outer loop
      vertex -13.8 -15.5 28
      vertex -10.0491 -8.24711 28
      vertex -10.8091 -7.22241 28
    endloop
  endfacet
  facet normal 0 0 1
    outer loop
      vertex -13.8 -15.5 28
      vertex -10.8091 -7.22241 28
      vertex -11.465 -6.12816 28
    endloop
  endfacet
  facet normal 0 0 1
    outer loop
      vertex -6.12816 -11.465 28
      vertex -13.8 -15.5 28
      vertex -13.8082 -15.6666 28
    endloop
  endfacet
  facet normal 0 0 1
    outer loop
      vertex -13.8 -15.5 28
      vertex -11.465 -6.12816 28
      vertex -12.0104 -4.97488 28
    endloop
  endfacet
  facet normal 0 0 1
    outer loop
      vertex -13.8 -15.5 28
      vertex -12.0104 -4.97488 28
      vertex -12.4402 -3.7737 28
    endloop
  endfacet
  facet normal 0 0 1
    outer loop
      vertex -13.8 -15.5 28
      vertex -12.4402 -3.7737 28
      vertex -12.7502 -2.53617 28
    endloop
  endfacet
  facet normal 0 0 1
    outer loop
      vertex -13.8 -15.5 28
      vertex -12.7502 -2.53617 28
      vertex -12.9374 -1.27422 28
    endloop
  endfacet
  facet normal -0 0 1
    outer loop
      vertex -14.4215 14.1859 28
      vertex -9.19239 9.19239 28
      vertex -14.2979 14.2979 28
    endloop
  endfacet
  facet normal 0 0 1
    outer loop
      vertex -13 0 28
      vertex -13.8 -15.5 28
      vertex -12.9374 -1.27422 28
    endloop
  endfacet
  facet normal 0 0 1
    outer loop
      vertex -6.12816 -11.465 28
      vertex -13.8082 -15.6666 28
      vertex -13.8327 -15.8317 28
    endloop
  endfacet
  facet normal 0 0 1
    outer loop
      vertex -4.97488 -12.0104 28
      vertex -13.8327 -15.8317 28
      vertex -9.62449 -23.2356 28
    endloop
  endfacet
  facet normal -0 0 1
    outer loop
      vertex -13.8732 -15.9935 28
      vertex -9.62449 -23.2356 28
      vertex -13.8327 -15.8317 28
    endloop
  endfacet
  facet normal 0 0 1
    outer loop
      vertex -9.62449 -23.2356 28
      vertex -13.8732 -15.9935 28
      vertex -11.8556 -22.1803 28
    endloop
  endfacet
  facet normal -0 0 1
    outer loop
      vertex -13.9294 -16.1506 28
      vertex -11.8556 -22.1803 28
      vertex -13.8732 -15.9935 28
    endloop
  endfacet
  facet normal -0 0 1
    outer loop
      vertex -14.0007 -16.3014 28
      vertex -11.8556 -22.1803 28
      vertex -13.9294 -16.1506 28
    endloop
  endfacet
  facet normal -0 0 1
    outer loop
      vertex -14.0865 -16.4445 28
      vertex -11.8556 -22.1803 28
      vertex -14.0007 -16.3014 28
    endloop
  endfacet
  facet normal 0 0 1
    outer loop
      vertex -11.8556 -22.1803 28
      vertex -14.0865 -16.4445 28
      vertex -13.9726 -20.9115 28
    endloop
  endfacet
  facet normal -0 0 1
    outer loop
      vertex -14.1859 -16.5785 28
      vertex -13.9726 -20.9115 28
      vertex -14.0865 -16.4445 28
    endloop
  endfacet
  facet normal -0 0 1
    outer loop
      vertex -14.2979 -16.7021 28
      vertex -13.9726 -20.9115 28
      vertex -14.1859 -16.5785 28
    endloop
  endfacet
  facet normal -0 0 1
    outer loop
      vertex -14.4215 -16.8141 28
      vertex -13.9726 -20.9115 28
      vertex -14.2979 -16.7021 28
    endloop
  endfacet
  facet normal -0 0 1
    outer loop
      vertex -14.5555 -16.9135 28
      vertex -13.9726 -20.9115 28
      vertex -14.4215 -16.8141 28
    endloop
  endfacet
  facet normal -0 0 1
    outer loop
      vertex -14.6986 -16.9993 28
      vertex -13.9726 -20.9115 28
      vertex -14.5555 -16.9135 28
    endloop
  endfacet
  facet normal -0 0 1
    outer loop
      vertex -14.8494 -17.0706 28
      vertex -13.9726 -20.9115 28
      vertex -14.6986 -16.9993 28
    endloop
  endfacet
  facet normal 0 0 1
    outer loop
      vertex -15.955 -19.4412 28
      vertex -14.8494 -17.0706 28
      vertex -15.0065 -17.1268 28
    endloop
  endfacet
  facet normal 0 0 1
    outer loop
      vertex -15.955 -19.4412 28
      vertex -15.0065 -17.1268 28
      vertex -15.1683 -17.1673 28
    endloop
  endfacet
  facet normal 0 0 1
    outer loop
      vertex -15.955 -19.4412 28
      vertex -15.1683 -17.1673 28
      vertex -15.3334 -17.1918 28
    endloop
  endfacet
  facet normal 0 0 1
    outer loop
      vertex -15.955 -19.4412 28
      vertex -15.3334 -17.1918 28
      vertex -15.5 -17.2 28
    endloop
  endfacet
  facet normal 0 0 1
    outer loop
      vertex -15.955 -19.4412 28
      vertex -15.5 -17.2 28
      vertex -15.6666 -17.1918 28
    endloop
  endfacet
  facet normal 0 0 1
    outer loop
      vertex -15.955 -19.4412 28
      vertex -15.6666 -17.1918 28
      vertex -15.8317 -17.1673 28
    endloop
  endfacet
  facet normal 0 0 1
    outer loop
      vertex -14.8494 -17.0706 28
      vertex -15.955 -19.4412 28
      vertex -13.9726 -20.9115 28
    endloop
  endfacet
  facet normal 0 0 1
    outer loop
      vertex -15.9935 -17.1268 28
      vertex -15.955 -19.4412 28
      vertex -15.8317 -17.1673 28
    endloop
  endfacet
  facet normal 0 0 1
    outer loop
      vertex -16.1506 -17.0706 28
      vertex -15.955 -19.4412 28
      vertex -15.9935 -17.1268 28
    endloop
  endfacet
  facet normal 0 0 1
    outer loop
      vertex -17.7837 -17.7837 28
      vertex -16.1506 -17.0706 28
      vertex -16.3014 -16.9993 28
    endloop
  endfacet
  facet normal 0 0 1
    outer loop
      vertex -17.7837 -17.7837 28
      vertex -16.3014 -16.9993 28
      vertex -16.4445 -16.9135 28
    endloop
  endfacet
  facet normal 0 0 1
    outer loop
      vertex -17.7837 -17.7837 28
      vertex -16.4445 -16.9135 28
      vertex -16.5785 -16.8141 28
    endloop
  endfacet
  facet normal 0 0 1
    outer loop
      vertex -17.7837 -17.7837 28
      vertex -16.5785 -16.8141 28
      vertex -16.7021 -16.7021 28
    endloop
  endfacet
  facet normal 0 0 1
    outer loop
      vertex -17.7837 -17.7837 28
      vertex -16.7021 -16.7021 28
      vertex -16.8141 -16.5785 28
    endloop
  endfacet
  facet normal 0 0 1
    outer loop
      vertex -17.7837 -17.7837 28
      vertex -16.8141 -16.5785 28
      vertex -16.9135 -16.4445 28
    endloop
  endfacet
  facet normal 0 0 1
    outer loop
      vertex -17.7837 -17.7837 28
      vertex -16.9135 -16.4445 28
      vertex -16.9993 -16.3014 28
    endloop
  endfacet
  facet normal 0 0 1
    outer loop
      vertex -17.7837 -17.7837 28
      vertex -16.9993 -16.3014 28
      vertex -17.0706 -16.1506 28
    endloop
  endfacet
  facet normal 0 0 1
    outer loop
      vertex -19.4412 -15.955 28
      vertex -17.0706 -16.1506 28
      vertex -17.1268 -15.9935 28
    endloop
  endfacet
  facet normal 0 0 1
    outer loop
      vertex -16.1506 -17.0706 28
      vertex -17.7837 -17.7837 28
      vertex -15.955 -19.4412 28
    endloop
  endfacet
  facet normal -0 0 1
    outer loop
      vertex -19.4412 -15.955 28
      vertex -17.1268 -15.9935 28
      vertex -17.1673 -15.8317 28
    endloop
  endfacet
  facet normal 0 0 1
    outer loop
      vertex -19.4412 -15.955 28
      vertex -17.1673 -15.8317 28
      vertex -17.1918 -15.6666 28
    endloop
  endfacet
  facet normal 0 0 1
    outer loop
      vertex -19.4412 -15.955 28
      vertex -17.1918 -15.6666 28
      vertex -17.2 -15.5 28
    endloop
  endfacet
  facet normal 0 0 1
    outer loop
      vertex -17.0706 14.8494 28
      vertex -19.4412 15.955 28
      vertex -20.9115 13.9726 28
    endloop
  endfacet
  facet normal 0 0 1
    outer loop
      vertex -16.4445 14.0865 28
      vertex -20.9115 13.9726 28
      vertex -22.1803 11.8556 28
    endloop
  endfacet
  facet normal 0 0 1
    outer loop
      vertex -17.0706 -16.1506 28
      vertex -19.4412 -15.955 28
      vertex -17.7837 -17.7837 28
    endloop
  endfacet
  facet normal 0 0 1
    outer loop
      vertex -15.9935 13.8732 28
      vertex -22.1803 11.8556 28
      vertex -23.2356 9.62449 28
    endloop
  endfacet
  facet normal 0 0 1
    outer loop
      vertex -17.1918 -15.3334 28
      vertex -19.4412 -15.955 28
      vertex -17.2 -15.5 28
    endloop
  endfacet
  facet normal 0 0 1
    outer loop
      vertex -12.7502 2.53617 28
      vertex -24.6667 4.90652 28
      vertex -12.9374 1.27422 28
    endloop
  endfacet
  facet normal 0 0 1
    outer loop
      vertex -17.1673 -15.1683 28
      vertex -19.4412 -15.955 28
      vertex -17.1918 -15.3334 28
    endloop
  endfacet
  facet normal -0 0 1
    outer loop
      vertex -25.0289 2.46513 28
      vertex -12.9374 1.27422 28
      vertex -24.6667 4.90652 28
    endloop
  endfacet
  facet normal 0 0 1
    outer loop
      vertex -17.1268 -15.0065 28
      vertex -19.4412 -15.955 28
      vertex -17.1673 -15.1683 28
    endloop
  endfacet
  facet normal 0 0 1
    outer loop
      vertex -12.9374 1.27422 28
      vertex -25.0289 2.46513 28
      vertex -13 0 28
    endloop
  endfacet
  facet normal 0 0 1
    outer loop
      vertex -17.0706 -14.8494 28
      vertex -19.4412 -15.955 28
      vertex -17.1268 -15.0065 28
    endloop
  endfacet
  facet normal 0 0 1
    outer loop
      vertex -13 0 28
      vertex -25.0289 2.46513 28
      vertex -25.15 0 28
    endloop
  endfacet
  facet normal 0 -0 1
    outer loop
      vertex -19.4412 -15.955 28
      vertex -17.0706 -14.8494 28
      vertex -20.9115 -13.9726 28
    endloop
  endfacet
  facet normal 0 0 1
    outer loop
      vertex -16.8141 -14.4215 28
      vertex -20.9115 -13.9726 28
      vertex -16.9135 -14.5555 28
    endloop
  endfacet
  facet normal 0 0 1
    outer loop
      vertex -16.9993 -14.6986 28
      vertex -20.9115 -13.9726 28
      vertex -17.0706 -14.8494 28
    endloop
  endfacet
  facet normal 0 0 1
    outer loop
      vertex -16.9135 -14.5555 28
      vertex -20.9115 -13.9726 28
      vertex -16.9993 -14.6986 28
    endloop
  endfacet
  facet normal -0.998796 0.049066 0
    outer loop
      vertex -25.15 0 22
      vertex -25.0289 2.46513 28
      vertex -25.0289 2.46513 22
    endloop
  endfacet
  facet normal -0.998796 0.049066 0
    outer loop
      vertex -25.0289 2.46513 28
      vertex -25.15 0 22
      vertex -25.15 0 28
    endloop
  endfacet
  facet normal -0.998796 0.049066 0
    outer loop
      vertex -25.15 0 0
      vertex -25.0289 2.46513 5
      vertex -25.0289 2.46513 0
    endloop
  endfacet
  facet normal -0.998796 0.049066 0
    outer loop
      vertex -25.0289 2.46513 5
      vertex -25.15 0 0
      vertex -25.15 0 5
    endloop
  endfacet
  facet normal 0.671573 -0.740938 0
    outer loop
      vertex 15.955 -19.4412 0
      vertex 17.7837 -17.7837 28
      vertex 15.955 -19.4412 28
    endloop
  endfacet
  facet normal 0.671573 -0.740938 0
    outer loop
      vertex 17.7837 -17.7837 28
      vertex 15.955 -19.4412 0
      vertex 17.7837 -17.7837 0
    endloop
  endfacet
  facet normal 0.427516 -0.904008 -4.88762e-06
    outer loop
      vertex -6.12816 11.465 28
      vertex -4.99694 12 22
      vertex -4.97488 12.0104 28
    endloop
  endfacet
  facet normal 0.427537 -0.903998 0
    outer loop
      vertex -6.12816 11.465 0
      vertex -4.99694 12 22
      vertex -6.12816 11.465 28
    endloop
  endfacet
  facet normal 0.427537 -0.903998 0
    outer loop
      vertex -4.99694 12 22
      vertex -6.12816 11.465 0
      vertex -4.99694 12 5
    endloop
  endfacet
  facet normal 0.427516 -0.904008 5.86514e-06
    outer loop
      vertex -4.97488 12.0104 0
      vertex -4.99694 12 5
      vertex -6.12816 11.465 0
    endloop
  endfacet
  facet normal 0.426429 -0.904521 0
    outer loop
      vertex -4.99694 12 5
      vertex -4.97488 12.0104 0
      vertex -4.97488 12.0104 5
    endloop
  endfacet
  facet normal 0.426429 -0.904521 0
    outer loop
      vertex -4.97488 12.0104 28
      vertex -4.99694 12 22
      vertex -4.97488 12.0104 22
    endloop
  endfacet
  facet normal -0.989176 -0.146736 0
    outer loop
      vertex 12.9374 1.27422 22
      vertex 12.7502 2.53617 28
      vertex 12.7502 2.53617 22
    endloop
  endfacet
  facet normal -0.989176 -0.146736 0
    outer loop
      vertex 12.7502 2.53617 28
      vertex 12.9374 1.27422 22
      vertex 12.9374 1.27422 28
    endloop
  endfacet
  facet normal -0.989176 -0.146736 0
    outer loop
      vertex 12.9374 1.27422 0
      vertex 12.7502 2.53617 5
      vertex 12.7502 2.53617 0
    endloop
  endfacet
  facet normal -0.989176 -0.146736 0
    outer loop
      vertex 12.7502 2.53617 5
      vertex 12.9374 1.27422 0
      vertex 12.9374 1.27422 5
    endloop
  endfacet
  facet normal -0.998795 -0.0490689 0
    outer loop
      vertex 13 0 22
      vertex 12.9374 1.27422 28
      vertex 12.9374 1.27422 22
    endloop
  endfacet
  facet normal -0.998795 -0.0490689 0
    outer loop
      vertex 12.9374 1.27422 28
      vertex 13 0 22
      vertex 13 0 28
    endloop
  endfacet
  facet normal -0.998795 -0.0490689 0
    outer loop
      vertex 13 0 0
      vertex 12.9374 1.27422 5
      vertex 12.9374 1.27422 0
    endloop
  endfacet
  facet normal -0.998795 -0.0490689 0
    outer loop
      vertex 12.9374 1.27422 5
      vertex 13 0 0
      vertex 13 0 5
    endloop
  endfacet
  facet normal -0.970029 -0.242991 0
    outer loop
      vertex 12.7502 2.53617 22
      vertex 12.4402 3.7737 28
      vertex 12.4402 3.7737 22
    endloop
  endfacet
  facet normal -0.970029 -0.242991 0
    outer loop
      vertex 12.4402 3.7737 28
      vertex 12.7502 2.53617 22
      vertex 12.7502 2.53617 28
    endloop
  endfacet
  facet normal -0.970029 -0.242991 0
    outer loop
      vertex 12.7502 2.53617 0
      vertex 12.4402 3.7737 5
      vertex 12.4402 3.7737 0
    endloop
  endfacet
  facet normal -0.970029 -0.242991 0
    outer loop
      vertex 12.4402 3.7737 5
      vertex 12.7502 2.53617 0
      vertex 12.7502 2.53617 5
    endloop
  endfacet
  facet normal -0.336897 0.941541 0
    outer loop
      vertex 4.97488 -12.0104 22
      vertex 3.7737 -12.4402 28
      vertex 4.97488 -12.0104 28
    endloop
  endfacet
  facet normal -0.336897 0.941541 0
    outer loop
      vertex 3.7737 -12.4402 28
      vertex 4.97488 -12.0104 22
      vertex 3.7737 -12.4402 22
    endloop
  endfacet
  facet normal -0.336897 0.941541 0
    outer loop
      vertex 4.97488 -12.0104 0
      vertex 3.7737 -12.4402 5
      vertex 4.97488 -12.0104 5
    endloop
  endfacet
  facet normal -0.336897 0.941541 0
    outer loop
      vertex 3.7737 -12.4402 5
      vertex 4.97488 -12.0104 0
      vertex 3.7737 -12.4402 0
    endloop
  endfacet
  facet normal -0.857718 -0.514121 0
    outer loop
      vertex 11.465 6.12816 0
      vertex 10.8091 7.22241 28
      vertex 10.8091 7.22241 0
    endloop
  endfacet
  facet normal -0.857718 -0.514121 0
    outer loop
      vertex 10.8091 7.22241 28
      vertex 11.465 6.12816 0
      vertex 11.465 6.12816 28
    endloop
  endfacet
  facet normal -0.740967 -0.671541 0
    outer loop
      vertex 10.0491 8.24711 0
      vertex 9.19239 9.19239 28
      vertex 9.19239 9.19239 0
    endloop
  endfacet
  facet normal -0.740967 -0.671541 0
    outer loop
      vertex 9.19239 9.19239 28
      vertex 10.0491 8.24711 0
      vertex 10.0491 8.24711 28
    endloop
  endfacet
  facet normal -0.941541 -0.336897 0
    outer loop
      vertex 12.4402 3.7737 22
      vertex 12.0104 4.97488 28
      vertex 12.0104 4.97488 22
    endloop
  endfacet
  facet normal -0.941541 -0.336897 0
    outer loop
      vertex 12.0104 4.97488 28
      vertex 12.4402 3.7737 22
      vertex 12.4402 3.7737 28
    endloop
  endfacet
  facet normal -0.941541 -0.336897 0
    outer loop
      vertex 12.4402 3.7737 0
      vertex 12.0104 4.97488 5
      vertex 12.0104 4.97488 0
    endloop
  endfacet
  facet normal -0.941541 -0.336897 0
    outer loop
      vertex 12.0104 4.97488 5
      vertex 12.4402 3.7737 0
      vertex 12.4402 3.7737 5
    endloop
  endfacet
  facet normal -0.803196 -0.595715 0
    outer loop
      vertex 10.8091 7.22241 0
      vertex 10.0491 8.24711 28
      vertex 10.0491 8.24711 0
    endloop
  endfacet
  facet normal -0.803196 -0.595715 0
    outer loop
      vertex 10.0491 8.24711 28
      vertex 10.8091 7.22241 0
      vertex 10.8091 7.22241 28
    endloop
  endfacet
  facet normal -0.514121 0.857718 0
    outer loop
      vertex 7.22241 -10.8091 0
      vertex 6.12816 -11.465 28
      vertex 7.22241 -10.8091 28
    endloop
  endfacet
  facet normal -0.514121 0.857718 0
    outer loop
      vertex 6.12816 -11.465 28
      vertex 7.22241 -10.8091 0
      vertex 6.12816 -11.465 0
    endloop
  endfacet
  facet normal 0.803196 -0.595715 0
    outer loop
      vertex -10.8091 7.22241 28
      vertex -10.0491 8.24711 0
      vertex -10.0491 8.24711 28
    endloop
  endfacet
  facet normal 0.803196 -0.595715 0
    outer loop
      vertex -10.0491 8.24711 0
      vertex -10.8091 7.22241 28
      vertex -10.8091 7.22241 0
    endloop
  endfacet
  facet normal 0.514121 0.857718 -0
    outer loop
      vertex -6.12816 -11.465 0
      vertex -7.22241 -10.8091 28
      vertex -6.12816 -11.465 28
    endloop
  endfacet
  facet normal 0.514121 0.857718 0
    outer loop
      vertex -7.22241 -10.8091 28
      vertex -6.12816 -11.465 0
      vertex -7.22241 -10.8091 0
    endloop
  endfacet
  facet normal -0.336897 -0.941541 0
    outer loop
      vertex 3.7737 12.4402 22
      vertex 4.97488 12.0104 28
      vertex 3.7737 12.4402 28
    endloop
  endfacet
  facet normal -0.336897 -0.941541 -0
    outer loop
      vertex 4.97488 12.0104 28
      vertex 3.7737 12.4402 22
      vertex 4.97488 12.0104 22
    endloop
  endfacet
  facet normal -0.336897 -0.941541 0
    outer loop
      vertex 3.7737 12.4402 0
      vertex 4.97488 12.0104 5
      vertex 3.7737 12.4402 5
    endloop
  endfacet
  facet normal -0.336897 -0.941541 -0
    outer loop
      vertex 4.97488 12.0104 5
      vertex 3.7737 12.4402 0
      vertex 4.97488 12.0104 0
    endloop
  endfacet
  facet normal 0.242991 0.970029 -0
    outer loop
      vertex -2.53617 -12.7502 22
      vertex -3.7737 -12.4402 28
      vertex -2.53617 -12.7502 28
    endloop
  endfacet
  facet normal 0.242991 0.970029 0
    outer loop
      vertex -3.7737 -12.4402 28
      vertex -2.53617 -12.7502 22
      vertex -3.7737 -12.4402 22
    endloop
  endfacet
  facet normal 0.242991 0.970029 -0
    outer loop
      vertex -2.53617 -12.7502 0
      vertex -3.7737 -12.4402 5
      vertex -2.53617 -12.7502 5
    endloop
  endfacet
  facet normal 0.242991 0.970029 0
    outer loop
      vertex -3.7737 -12.4402 5
      vertex -2.53617 -12.7502 0
      vertex -3.7737 -12.4402 0
    endloop
  endfacet
  facet normal -0.426429 -0.904521 -0
    outer loop
      vertex 4.97488 12.0104 5
      vertex 4.97488 12.0104 0
      vertex 4.99694 12 5
    endloop
  endfacet
  facet normal -0.426429 -0.904521 0
    outer loop
      vertex 4.99694 12 22
      vertex 4.97488 12.0104 28
      vertex 4.97488 12.0104 22
    endloop
  endfacet
  facet normal -0.427516 -0.904008 -4.88762e-06
    outer loop
      vertex 4.97488 12.0104 28
      vertex 4.99694 12 22
      vertex 6.12816 11.465 28
    endloop
  endfacet
  facet normal -0.427537 -0.903998 0
    outer loop
      vertex 6.12816 11.465 0
      vertex 4.99694 12 22
      vertex 4.99694 12 5
    endloop
  endfacet
  facet normal -0.427516 -0.904008 5.86514e-06
    outer loop
      vertex 6.12816 11.465 0
      vertex 4.99694 12 5
      vertex 4.97488 12.0104 0
    endloop
  endfacet
  facet normal -0.427537 -0.903998 0
    outer loop
      vertex 4.99694 12 22
      vertex 6.12816 11.465 0
      vertex 6.12816 11.465 28
    endloop
  endfacet
  facet normal -0.595715 0.803196 0
    outer loop
      vertex 8.24711 -10.0491 0
      vertex 7.22241 -10.8091 28
      vertex 8.24711 -10.0491 28
    endloop
  endfacet
  facet normal -0.595715 0.803196 0
    outer loop
      vertex 7.22241 -10.8091 28
      vertex 8.24711 -10.0491 0
      vertex 7.22241 -10.8091 0
    endloop
  endfacet
  facet normal -0.989176 0.146736 0
    outer loop
      vertex 12.7502 -2.53617 22
      vertex 12.9374 -1.27422 28
      vertex 12.9374 -1.27422 22
    endloop
  endfacet
  facet normal -0.989176 0.146736 0
    outer loop
      vertex 12.9374 -1.27422 28
      vertex 12.7502 -2.53617 22
      vertex 12.7502 -2.53617 28
    endloop
  endfacet
  facet normal -0.989176 0.146736 0
    outer loop
      vertex 12.7502 -2.53617 0
      vertex 12.9374 -1.27422 5
      vertex 12.9374 -1.27422 0
    endloop
  endfacet
  facet normal -0.989176 0.146736 0
    outer loop
      vertex 12.9374 -1.27422 5
      vertex 12.7502 -2.53617 0
      vertex 12.7502 -2.53617 5
    endloop
  endfacet
  facet normal 0.146736 0.989176 -0
    outer loop
      vertex -1.27422 -12.9374 22
      vertex -2.53617 -12.7502 28
      vertex -1.27422 -12.9374 28
    endloop
  endfacet
  facet normal 0.146736 0.989176 0
    outer loop
      vertex -2.53617 -12.7502 28
      vertex -1.27422 -12.9374 22
      vertex -2.53617 -12.7502 22
    endloop
  endfacet
  facet normal 0.146736 0.989176 -0
    outer loop
      vertex -1.27422 -12.9374 0
      vertex -2.53617 -12.7502 5
      vertex -1.27422 -12.9374 5
    endloop
  endfacet
  facet normal 0.146736 0.989176 0
    outer loop
      vertex -2.53617 -12.7502 5
      vertex -1.27422 -12.9374 0
      vertex -2.53617 -12.7502 0
    endloop
  endfacet
  facet normal -0.671541 -0.740967 0
    outer loop
      vertex 8.24711 10.0491 0
      vertex 9.19239 9.19239 28
      vertex 8.24711 10.0491 28
    endloop
  endfacet
  facet normal -0.671541 -0.740967 -0
    outer loop
      vertex 9.19239 9.19239 28
      vertex 8.24711 10.0491 0
      vertex 9.19239 9.19239 0
    endloop
  endfacet
  facet normal 0.242991 -0.970029 0
    outer loop
      vertex -3.7737 12.4402 22
      vertex -2.53617 12.7502 28
      vertex -3.7737 12.4402 28
    endloop
  endfacet
  facet normal 0.242991 -0.970029 0
    outer loop
      vertex -2.53617 12.7502 28
      vertex -3.7737 12.4402 22
      vertex -2.53617 12.7502 22
    endloop
  endfacet
  facet normal 0.242991 -0.970029 0
    outer loop
      vertex -3.7737 12.4402 0
      vertex -2.53617 12.7502 5
      vertex -3.7737 12.4402 5
    endloop
  endfacet
  facet normal 0.242991 -0.970029 0
    outer loop
      vertex -2.53617 12.7502 5
      vertex -3.7737 12.4402 0
      vertex -2.53617 12.7502 0
    endloop
  endfacet
  facet normal 0.998795 0.0490689 0
    outer loop
      vertex -12.9374 -1.27422 28
      vertex -13 0 22
      vertex -13 0 28
    endloop
  endfacet
  facet normal 0.998795 0.0490689 0
    outer loop
      vertex -13 0 22
      vertex -12.9374 -1.27422 28
      vertex -12.9374 -1.27422 22
    endloop
  endfacet
  facet normal 0.998795 0.0490689 0
    outer loop
      vertex -12.9374 -1.27422 5
      vertex -13 0 0
      vertex -13 0 5
    endloop
  endfacet
  facet normal 0.998795 0.0490689 0
    outer loop
      vertex -13 0 0
      vertex -12.9374 -1.27422 5
      vertex -12.9374 -1.27422 0
    endloop
  endfacet
  facet normal 0.904521 0.426429 0
    outer loop
      vertex -12.0104 -4.97488 28
      vertex -12 -4.99694 22
      vertex -12.0104 -4.97488 22
    endloop
  endfacet
  facet normal 0.903998 0.427537 -0
    outer loop
      vertex -11.465 -6.12816 0
      vertex -12 -4.99694 22
      vertex -11.465 -6.12816 28
    endloop
  endfacet
  facet normal 0.904008 0.427516 -4.88762e-06
    outer loop
      vertex -11.465 -6.12816 28
      vertex -12 -4.99694 22
      vertex -12.0104 -4.97488 28
    endloop
  endfacet
  facet normal 0.904521 0.426429 0
    outer loop
      vertex -12 -4.99694 5
      vertex -12.0104 -4.97488 0
      vertex -12.0104 -4.97488 5
    endloop
  endfacet
  facet normal 0.903998 0.427537 0
    outer loop
      vertex -12 -4.99694 22
      vertex -11.465 -6.12816 0
      vertex -12 -4.99694 5
    endloop
  endfacet
  facet normal 0.904008 0.427516 5.86514e-06
    outer loop
      vertex -12 -4.99694 5
      vertex -11.465 -6.12816 0
      vertex -12.0104 -4.97488 0
    endloop
  endfacet
  facet normal -0.904521 0.426429 0
    outer loop
      vertex 12.0104 -4.97488 0
      vertex 12 -4.99694 5
      vertex 12.0104 -4.97488 5
    endloop
  endfacet
  facet normal -0.903998 0.427537 0
    outer loop
      vertex 12 -4.99694 5
      vertex 11.465 -6.12816 0
      vertex 12 -4.99694 22
    endloop
  endfacet
  facet normal -0.904008 0.427516 5.86514e-06
    outer loop
      vertex 11.465 -6.12816 0
      vertex 12 -4.99694 5
      vertex 12.0104 -4.97488 0
    endloop
  endfacet
  facet normal -0.904521 0.426429 0
    outer loop
      vertex 12 -4.99694 22
      vertex 12.0104 -4.97488 28
      vertex 12.0104 -4.97488 22
    endloop
  endfacet
  facet normal -0.903998 0.427537 0
    outer loop
      vertex 11.465 -6.12816 28
      vertex 12 -4.99694 22
      vertex 11.465 -6.12816 0
    endloop
  endfacet
  facet normal -0.904008 0.427516 -4.88762e-06
    outer loop
      vertex 12 -4.99694 22
      vertex 11.465 -6.12816 28
      vertex 12.0104 -4.97488 28
    endloop
  endfacet
  facet normal -0.970029 0.242991 0
    outer loop
      vertex 12.4402 -3.7737 22
      vertex 12.7502 -2.53617 28
      vertex 12.7502 -2.53617 22
    endloop
  endfacet
  facet normal -0.970029 0.242991 0
    outer loop
      vertex 12.7502 -2.53617 28
      vertex 12.4402 -3.7737 22
      vertex 12.4402 -3.7737 28
    endloop
  endfacet
  facet normal -0.970029 0.242991 0
    outer loop
      vertex 12.4402 -3.7737 0
      vertex 12.7502 -2.53617 5
      vertex 12.7502 -2.53617 0
    endloop
  endfacet
  facet normal -0.970029 0.242991 0
    outer loop
      vertex 12.7502 -2.53617 5
      vertex 12.4402 -3.7737 0
      vertex 12.4402 -3.7737 5
    endloop
  endfacet
  facet normal 0.970029 -0.242991 0
    outer loop
      vertex -12.7502 2.53617 28
      vertex -12.4402 3.7737 22
      vertex -12.4402 3.7737 28
    endloop
  endfacet
  facet normal 0.970029 -0.242991 0
    outer loop
      vertex -12.4402 3.7737 22
      vertex -12.7502 2.53617 28
      vertex -12.7502 2.53617 22
    endloop
  endfacet
  facet normal 0.970029 -0.242991 0
    outer loop
      vertex -12.7502 2.53617 5
      vertex -12.4402 3.7737 0
      vertex -12.4402 3.7737 5
    endloop
  endfacet
  facet normal 0.970029 -0.242991 0
    outer loop
      vertex -12.4402 3.7737 0
      vertex -12.7502 2.53617 5
      vertex -12.7502 2.53617 0
    endloop
  endfacet
  facet normal 0.941541 0.336897 0
    outer loop
      vertex -12.0104 -4.97488 28
      vertex -12.4402 -3.7737 22
      vertex -12.4402 -3.7737 28
    endloop
  endfacet
  facet normal 0.941541 0.336897 0
    outer loop
      vertex -12.4402 -3.7737 22
      vertex -12.0104 -4.97488 28
      vertex -12.0104 -4.97488 22
    endloop
  endfacet
  facet normal 0.941541 0.336897 0
    outer loop
      vertex -12.0104 -4.97488 5
      vertex -12.4402 -3.7737 0
      vertex -12.4402 -3.7737 5
    endloop
  endfacet
  facet normal 0.941541 0.336897 0
    outer loop
      vertex -12.4402 -3.7737 0
      vertex -12.0104 -4.97488 5
      vertex -12.0104 -4.97488 0
    endloop
  endfacet
  facet normal 0.336897 -0.941541 0
    outer loop
      vertex -4.97488 12.0104 22
      vertex -3.7737 12.4402 28
      vertex -4.97488 12.0104 28
    endloop
  endfacet
  facet normal 0.336897 -0.941541 0
    outer loop
      vertex -3.7737 12.4402 28
      vertex -4.97488 12.0104 22
      vertex -3.7737 12.4402 22
    endloop
  endfacet
  facet normal 0.336897 -0.941541 0
    outer loop
      vertex -4.97488 12.0104 0
      vertex -3.7737 12.4402 5
      vertex -4.97488 12.0104 5
    endloop
  endfacet
  facet normal 0.336897 -0.941541 0
    outer loop
      vertex -3.7737 12.4402 5
      vertex -4.97488 12.0104 0
      vertex -3.7737 12.4402 0
    endloop
  endfacet
  facet normal 0.989176 -0.146736 0
    outer loop
      vertex -12.9374 1.27422 28
      vertex -12.7502 2.53617 22
      vertex -12.7502 2.53617 28
    endloop
  endfacet
  facet normal 0.989176 -0.146736 0
    outer loop
      vertex -12.7502 2.53617 22
      vertex -12.9374 1.27422 28
      vertex -12.9374 1.27422 22
    endloop
  endfacet
  facet normal 0.989176 -0.146736 0
    outer loop
      vertex -12.9374 1.27422 5
      vertex -12.7502 2.53617 0
      vertex -12.7502 2.53617 5
    endloop
  endfacet
  facet normal 0.989176 -0.146736 0
    outer loop
      vertex -12.7502 2.53617 0
      vertex -12.9374 1.27422 5
      vertex -12.9374 1.27422 0
    endloop
  endfacet
  facet normal -0.998795 0.0490689 0
    outer loop
      vertex 12.9374 -1.27422 22
      vertex 13 0 28
      vertex 13 0 22
    endloop
  endfacet
  facet normal -0.998795 0.0490689 0
    outer loop
      vertex 13 0 28
      vertex 12.9374 -1.27422 22
      vertex 12.9374 -1.27422 28
    endloop
  endfacet
  facet normal -0.998795 0.0490689 0
    outer loop
      vertex 12.9374 -1.27422 0
      vertex 13 0 5
      vertex 13 0 0
    endloop
  endfacet
  facet normal -0.998795 0.0490689 0
    outer loop
      vertex 13 0 5
      vertex 12.9374 -1.27422 0
      vertex 12.9374 -1.27422 5
    endloop
  endfacet
  facet normal 0.671541 -0.740967 0
    outer loop
      vertex -9.19239 9.19239 0
      vertex -8.24711 10.0491 28
      vertex -9.19239 9.19239 28
    endloop
  endfacet
  facet normal 0.671541 -0.740967 0
    outer loop
      vertex -8.24711 10.0491 28
      vertex -9.19239 9.19239 0
      vertex -8.24711 10.0491 0
    endloop
  endfacet
  facet normal -0.514121 -0.857718 0
    outer loop
      vertex 6.12816 11.465 0
      vertex 7.22241 10.8091 28
      vertex 6.12816 11.465 28
    endloop
  endfacet
  facet normal -0.514121 -0.857718 -0
    outer loop
      vertex 7.22241 10.8091 28
      vertex 6.12816 11.465 0
      vertex 7.22241 10.8091 0
    endloop
  endfacet
  facet normal -0.242991 0.970029 0
    outer loop
      vertex 3.7737 -12.4402 22
      vertex 2.53617 -12.7502 28
      vertex 3.7737 -12.4402 28
    endloop
  endfacet
  facet normal -0.242991 0.970029 0
    outer loop
      vertex 2.53617 -12.7502 28
      vertex 3.7737 -12.4402 22
      vertex 2.53617 -12.7502 22
    endloop
  endfacet
  facet normal -0.242991 0.970029 0
    outer loop
      vertex 3.7737 -12.4402 0
      vertex 2.53617 -12.7502 5
      vertex 3.7737 -12.4402 5
    endloop
  endfacet
  facet normal -0.242991 0.970029 0
    outer loop
      vertex 2.53617 -12.7502 5
      vertex 3.7737 -12.4402 0
      vertex 2.53617 -12.7502 0
    endloop
  endfacet
  facet normal -0.803196 0.595715 0
    outer loop
      vertex 10.0491 -8.24711 0
      vertex 10.8091 -7.22241 28
      vertex 10.8091 -7.22241 0
    endloop
  endfacet
  facet normal -0.803196 0.595715 0
    outer loop
      vertex 10.8091 -7.22241 28
      vertex 10.0491 -8.24711 0
      vertex 10.0491 -8.24711 28
    endloop
  endfacet
  facet normal -0.857718 0.514121 0
    outer loop
      vertex 10.8091 -7.22241 0
      vertex 11.465 -6.12816 28
      vertex 11.465 -6.12816 0
    endloop
  endfacet
  facet normal -0.857718 0.514121 0
    outer loop
      vertex 11.465 -6.12816 28
      vertex 10.8091 -7.22241 0
      vertex 10.8091 -7.22241 28
    endloop
  endfacet
  facet normal -0.595715 -0.803196 0
    outer loop
      vertex 7.22241 10.8091 0
      vertex 8.24711 10.0491 28
      vertex 7.22241 10.8091 28
    endloop
  endfacet
  facet normal -0.595715 -0.803196 -0
    outer loop
      vertex 8.24711 10.0491 28
      vertex 7.22241 10.8091 0
      vertex 8.24711 10.0491 0
    endloop
  endfacet
  facet normal -0.941541 0.336897 0
    outer loop
      vertex 12.0104 -4.97488 22
      vertex 12.4402 -3.7737 28
      vertex 12.4402 -3.7737 22
    endloop
  endfacet
  facet normal -0.941541 0.336897 0
    outer loop
      vertex 12.4402 -3.7737 28
      vertex 12.0104 -4.97488 22
      vertex 12.0104 -4.97488 28
    endloop
  endfacet
  facet normal -0.941541 0.336897 0
    outer loop
      vertex 12.0104 -4.97488 0
      vertex 12.4402 -3.7737 5
      vertex 12.4402 -3.7737 0
    endloop
  endfacet
  facet normal -0.941541 0.336897 0
    outer loop
      vertex 12.4402 -3.7737 5
      vertex 12.0104 -4.97488 0
      vertex 12.0104 -4.97488 5
    endloop
  endfacet
  facet normal -0.0490689 -0.998795 0
    outer loop
      vertex 0 13 22
      vertex 1.27422 12.9374 28
      vertex 0 13 28
    endloop
  endfacet
  facet normal -0.0490689 -0.998795 -0
    outer loop
      vertex 1.27422 12.9374 28
      vertex 0 13 22
      vertex 1.27422 12.9374 22
    endloop
  endfacet
  facet normal -0.0490689 -0.998795 0
    outer loop
      vertex 0 13 0
      vertex 1.27422 12.9374 5
      vertex 0 13 5
    endloop
  endfacet
  facet normal -0.0490689 -0.998795 -0
    outer loop
      vertex 1.27422 12.9374 5
      vertex 0 13 0
      vertex 1.27422 12.9374 0
    endloop
  endfacet
  facet normal 0.970029 0.242991 0
    outer loop
      vertex -12.4402 -3.7737 28
      vertex -12.7502 -2.53617 22
      vertex -12.7502 -2.53617 28
    endloop
  endfacet
  facet normal 0.970029 0.242991 0
    outer loop
      vertex -12.7502 -2.53617 22
      vertex -12.4402 -3.7737 28
      vertex -12.4402 -3.7737 22
    endloop
  endfacet
  facet normal 0.970029 0.242991 0
    outer loop
      vertex -12.4402 -3.7737 5
      vertex -12.7502 -2.53617 0
      vertex -12.7502 -2.53617 5
    endloop
  endfacet
  facet normal 0.970029 0.242991 0
    outer loop
      vertex -12.7502 -2.53617 0
      vertex -12.4402 -3.7737 5
      vertex -12.4402 -3.7737 0
    endloop
  endfacet
  facet normal 0.595715 -0.803196 0
    outer loop
      vertex -8.24711 10.0491 0
      vertex -7.22241 10.8091 28
      vertex -8.24711 10.0491 28
    endloop
  endfacet
  facet normal 0.595715 -0.803196 0
    outer loop
      vertex -7.22241 10.8091 28
      vertex -8.24711 10.0491 0
      vertex -7.22241 10.8091 0
    endloop
  endfacet
  facet normal 0.514121 -0.857718 0
    outer loop
      vertex -7.22241 10.8091 0
      vertex -6.12816 11.465 28
      vertex -7.22241 10.8091 28
    endloop
  endfacet
  facet normal 0.514121 -0.857718 0
    outer loop
      vertex -6.12816 11.465 28
      vertex -7.22241 10.8091 0
      vertex -6.12816 11.465 0
    endloop
  endfacet
  facet normal 0.426429 0.904521 0
    outer loop
      vertex -4.97488 -12.0104 5
      vertex -4.97488 -12.0104 0
      vertex -4.99694 -12 5
    endloop
  endfacet
  facet normal 0.426429 0.904521 0
    outer loop
      vertex -4.99694 -12 22
      vertex -4.97488 -12.0104 28
      vertex -4.97488 -12.0104 22
    endloop
  endfacet
  facet normal 0.427516 0.904008 -4.88762e-06
    outer loop
      vertex -4.97488 -12.0104 28
      vertex -4.99694 -12 22
      vertex -6.12816 -11.465 28
    endloop
  endfacet
  facet normal 0.427537 0.903998 0
    outer loop
      vertex -6.12816 -11.465 0
      vertex -4.99694 -12 22
      vertex -4.99694 -12 5
    endloop
  endfacet
  facet normal 0.427516 0.904008 5.86514e-06
    outer loop
      vertex -6.12816 -11.465 0
      vertex -4.99694 -12 5
      vertex -4.97488 -12.0104 0
    endloop
  endfacet
  facet normal 0.427537 0.903998 0
    outer loop
      vertex -4.99694 -12 22
      vertex -6.12816 -11.465 0
      vertex -6.12816 -11.465 28
    endloop
  endfacet
  facet normal -0.903998 -0.427537 -0
    outer loop
      vertex 12 4.99694 22
      vertex 11.465 6.12816 0
      vertex 12 4.99694 5
    endloop
  endfacet
  facet normal -0.904008 -0.427516 5.86514e-06
    outer loop
      vertex 12.0104 4.97488 0
      vertex 12 4.99694 5
      vertex 11.465 6.12816 0
    endloop
  endfacet
  facet normal -0.904521 -0.426429 0
    outer loop
      vertex 12 4.99694 5
      vertex 12.0104 4.97488 0
      vertex 12.0104 4.97488 5
    endloop
  endfacet
  facet normal -0.903998 -0.427537 0
    outer loop
      vertex 11.465 6.12816 0
      vertex 12 4.99694 22
      vertex 11.465 6.12816 28
    endloop
  endfacet
  facet normal -0.904521 -0.426429 -0
    outer loop
      vertex 12.0104 4.97488 28
      vertex 12 4.99694 22
      vertex 12.0104 4.97488 22
    endloop
  endfacet
  facet normal -0.904008 -0.427516 -4.88762e-06
    outer loop
      vertex 12 4.99694 22
      vertex 12.0104 4.97488 28
      vertex 11.465 6.12816 28
    endloop
  endfacet
  facet normal 0.857718 -0.514121 0
    outer loop
      vertex -11.465 6.12816 28
      vertex -10.8091 7.22241 0
      vertex -10.8091 7.22241 28
    endloop
  endfacet
  facet normal 0.857718 -0.514121 0
    outer loop
      vertex -10.8091 7.22241 0
      vertex -11.465 6.12816 28
      vertex -11.465 6.12816 0
    endloop
  endfacet
  facet normal -0.0490689 0.998795 0
    outer loop
      vertex 1.27422 -12.9374 22
      vertex 0 -13 28
      vertex 1.27422 -12.9374 28
    endloop
  endfacet
  facet normal -0.0490689 0.998795 0
    outer loop
      vertex 0 -13 28
      vertex 1.27422 -12.9374 22
      vertex 0 -13 22
    endloop
  endfacet
  facet normal -0.0490689 0.998795 0
    outer loop
      vertex 1.27422 -12.9374 0
      vertex 0 -13 5
      vertex 1.27422 -12.9374 5
    endloop
  endfacet
  facet normal -0.0490689 0.998795 0
    outer loop
      vertex 0 -13 5
      vertex 1.27422 -12.9374 0
      vertex 0 -13 0
    endloop
  endfacet
  facet normal 0.857718 0.514121 0
    outer loop
      vertex -10.8091 -7.22241 28
      vertex -11.465 -6.12816 0
      vertex -11.465 -6.12816 28
    endloop
  endfacet
  facet normal 0.857718 0.514121 0
    outer loop
      vertex -11.465 -6.12816 0
      vertex -10.8091 -7.22241 28
      vertex -10.8091 -7.22241 0
    endloop
  endfacet
  facet normal 0.803196 0.595715 0
    outer loop
      vertex -10.0491 -8.24711 28
      vertex -10.8091 -7.22241 0
      vertex -10.8091 -7.22241 28
    endloop
  endfacet
  facet normal 0.803196 0.595715 0
    outer loop
      vertex -10.8091 -7.22241 0
      vertex -10.0491 -8.24711 28
      vertex -10.0491 -8.24711 0
    endloop
  endfacet
  facet normal -0.427516 0.904008 -4.88762e-06
    outer loop
      vertex 6.12816 -11.465 28
      vertex 4.99694 -12 22
      vertex 4.97488 -12.0104 28
    endloop
  endfacet
  facet normal -0.427537 0.903998 0
    outer loop
      vertex 6.12816 -11.465 0
      vertex 4.99694 -12 22
      vertex 6.12816 -11.465 28
    endloop
  endfacet
  facet normal -0.427537 0.903998 0
    outer loop
      vertex 4.99694 -12 22
      vertex 6.12816 -11.465 0
      vertex 4.99694 -12 5
    endloop
  endfacet
  facet normal -0.427516 0.904008 5.86514e-06
    outer loop
      vertex 4.97488 -12.0104 0
      vertex 4.99694 -12 5
      vertex 6.12816 -11.465 0
    endloop
  endfacet
  facet normal -0.426429 0.904521 0
    outer loop
      vertex 4.99694 -12 5
      vertex 4.97488 -12.0104 0
      vertex 4.97488 -12.0104 5
    endloop
  endfacet
  facet normal -0.426429 0.904521 0
    outer loop
      vertex 4.97488 -12.0104 28
      vertex 4.99694 -12 22
      vertex 4.97488 -12.0104 22
    endloop
  endfacet
  facet normal 0.0490689 -0.998795 0
    outer loop
      vertex -1.27422 12.9374 22
      vertex 0 13 28
      vertex -1.27422 12.9374 28
    endloop
  endfacet
  facet normal 0.0490689 -0.998795 0
    outer loop
      vertex 0 13 28
      vertex -1.27422 12.9374 22
      vertex 0 13 22
    endloop
  endfacet
  facet normal 0.0490689 -0.998795 0
    outer loop
      vertex -1.27422 12.9374 0
      vertex 0 13 5
      vertex -1.27422 12.9374 5
    endloop
  endfacet
  facet normal 0.0490689 -0.998795 0
    outer loop
      vertex 0 13 5
      vertex -1.27422 12.9374 0
      vertex 0 13 0
    endloop
  endfacet
  facet normal 0.671541 0.740967 -0
    outer loop
      vertex -8.24711 -10.0491 0
      vertex -9.19239 -9.19239 28
      vertex -8.24711 -10.0491 28
    endloop
  endfacet
  facet normal 0.671541 0.740967 0
    outer loop
      vertex -9.19239 -9.19239 28
      vertex -8.24711 -10.0491 0
      vertex -9.19239 -9.19239 0
    endloop
  endfacet
  facet normal 0.146736 -0.989176 0
    outer loop
      vertex -2.53617 12.7502 22
      vertex -1.27422 12.9374 28
      vertex -2.53617 12.7502 28
    endloop
  endfacet
  facet normal 0.146736 -0.989176 0
    outer loop
      vertex -1.27422 12.9374 28
      vertex -2.53617 12.7502 22
      vertex -1.27422 12.9374 22
    endloop
  endfacet
  facet normal 0.146736 -0.989176 0
    outer loop
      vertex -2.53617 12.7502 0
      vertex -1.27422 12.9374 5
      vertex -2.53617 12.7502 5
    endloop
  endfacet
  facet normal 0.146736 -0.989176 0
    outer loop
      vertex -1.27422 12.9374 5
      vertex -2.53617 12.7502 0
      vertex -1.27422 12.9374 0
    endloop
  endfacet
  facet normal 0.336897 0.941541 -0
    outer loop
      vertex -3.7737 -12.4402 22
      vertex -4.97488 -12.0104 28
      vertex -3.7737 -12.4402 28
    endloop
  endfacet
  facet normal 0.336897 0.941541 0
    outer loop
      vertex -4.97488 -12.0104 28
      vertex -3.7737 -12.4402 22
      vertex -4.97488 -12.0104 22
    endloop
  endfacet
  facet normal 0.336897 0.941541 -0
    outer loop
      vertex -3.7737 -12.4402 0
      vertex -4.97488 -12.0104 5
      vertex -3.7737 -12.4402 5
    endloop
  endfacet
  facet normal 0.336897 0.941541 0
    outer loop
      vertex -4.97488 -12.0104 5
      vertex -3.7737 -12.4402 0
      vertex -4.97488 -12.0104 0
    endloop
  endfacet
  facet normal 0.989176 0.146736 0
    outer loop
      vertex -12.7502 -2.53617 28
      vertex -12.9374 -1.27422 22
      vertex -12.9374 -1.27422 28
    endloop
  endfacet
  facet normal 0.989176 0.146736 0
    outer loop
      vertex -12.9374 -1.27422 22
      vertex -12.7502 -2.53617 28
      vertex -12.7502 -2.53617 22
    endloop
  endfacet
  facet normal 0.989176 0.146736 0
    outer loop
      vertex -12.7502 -2.53617 5
      vertex -12.9374 -1.27422 0
      vertex -12.9374 -1.27422 5
    endloop
  endfacet
  facet normal 0.989176 0.146736 0
    outer loop
      vertex -12.9374 -1.27422 0
      vertex -12.7502 -2.53617 5
      vertex -12.7502 -2.53617 0
    endloop
  endfacet
  facet normal -0.146736 -0.989176 0
    outer loop
      vertex 1.27422 12.9374 22
      vertex 2.53617 12.7502 28
      vertex 1.27422 12.9374 28
    endloop
  endfacet
  facet normal -0.146736 -0.989176 -0
    outer loop
      vertex 2.53617 12.7502 28
      vertex 1.27422 12.9374 22
      vertex 2.53617 12.7502 22
    endloop
  endfacet
  facet normal -0.146736 -0.989176 0
    outer loop
      vertex 1.27422 12.9374 0
      vertex 2.53617 12.7502 5
      vertex 1.27422 12.9374 5
    endloop
  endfacet
  facet normal -0.146736 -0.989176 -0
    outer loop
      vertex 2.53617 12.7502 5
      vertex 1.27422 12.9374 0
      vertex 2.53617 12.7502 0
    endloop
  endfacet
  facet normal 0.740967 0.671541 0
    outer loop
      vertex -9.19239 -9.19239 28
      vertex -10.0491 -8.24711 0
      vertex -10.0491 -8.24711 28
    endloop
  endfacet
  facet normal 0.740967 0.671541 0
    outer loop
      vertex -10.0491 -8.24711 0
      vertex -9.19239 -9.19239 28
      vertex -9.19239 -9.19239 0
    endloop
  endfacet
  facet normal -0.146736 0.989176 0
    outer loop
      vertex 2.53617 -12.7502 22
      vertex 1.27422 -12.9374 28
      vertex 2.53617 -12.7502 28
    endloop
  endfacet
  facet normal -0.146736 0.989176 0
    outer loop
      vertex 1.27422 -12.9374 28
      vertex 2.53617 -12.7502 22
      vertex 1.27422 -12.9374 22
    endloop
  endfacet
  facet normal -0.146736 0.989176 0
    outer loop
      vertex 2.53617 -12.7502 0
      vertex 1.27422 -12.9374 5
      vertex 2.53617 -12.7502 5
    endloop
  endfacet
  facet normal -0.146736 0.989176 0
    outer loop
      vertex 1.27422 -12.9374 5
      vertex 2.53617 -12.7502 0
      vertex 1.27422 -12.9374 0
    endloop
  endfacet
  facet normal 0.740967 -0.671541 0
    outer loop
      vertex -10.0491 8.24711 28
      vertex -9.19239 9.19239 0
      vertex -9.19239 9.19239 28
    endloop
  endfacet
  facet normal 0.740967 -0.671541 0
    outer loop
      vertex -9.19239 9.19239 0
      vertex -10.0491 8.24711 28
      vertex -10.0491 8.24711 0
    endloop
  endfacet
  facet normal 0.903998 -0.427537 0
    outer loop
      vertex -11.465 6.12816 28
      vertex -12 4.99694 22
      vertex -11.465 6.12816 0
    endloop
  endfacet
  facet normal 0.904008 -0.427516 -4.88762e-06
    outer loop
      vertex -12.0104 4.97488 28
      vertex -12 4.99694 22
      vertex -11.465 6.12816 28
    endloop
  endfacet
  facet normal 0.904521 -0.426429 0
    outer loop
      vertex -12 4.99694 22
      vertex -12.0104 4.97488 28
      vertex -12.0104 4.97488 22
    endloop
  endfacet
  facet normal 0.903998 -0.427537 0
    outer loop
      vertex -12 4.99694 5
      vertex -11.465 6.12816 0
      vertex -12 4.99694 22
    endloop
  endfacet
  facet normal 0.904521 -0.426429 0
    outer loop
      vertex -12.0104 4.97488 0
      vertex -12 4.99694 5
      vertex -12.0104 4.97488 5
    endloop
  endfacet
  facet normal 0.904008 -0.427516 5.86514e-06
    outer loop
      vertex -12 4.99694 5
      vertex -12.0104 4.97488 0
      vertex -11.465 6.12816 0
    endloop
  endfacet
  facet normal 0.941541 -0.336897 0
    outer loop
      vertex -12.4402 3.7737 28
      vertex -12.0104 4.97488 22
      vertex -12.0104 4.97488 28
    endloop
  endfacet
  facet normal 0.941541 -0.336897 0
    outer loop
      vertex -12.0104 4.97488 22
      vertex -12.4402 3.7737 28
      vertex -12.4402 3.7737 22
    endloop
  endfacet
  facet normal 0.941541 -0.336897 0
    outer loop
      vertex -12.4402 3.7737 5
      vertex -12.0104 4.97488 0
      vertex -12.0104 4.97488 5
    endloop
  endfacet
  facet normal 0.941541 -0.336897 0
    outer loop
      vertex -12.0104 4.97488 0
      vertex -12.4402 3.7737 5
      vertex -12.4402 3.7737 0
    endloop
  endfacet
  facet normal 0.595715 0.803196 -0
    outer loop
      vertex -7.22241 -10.8091 0
      vertex -8.24711 -10.0491 28
      vertex -7.22241 -10.8091 28
    endloop
  endfacet
  facet normal 0.595715 0.803196 0
    outer loop
      vertex -8.24711 -10.0491 28
      vertex -7.22241 -10.8091 0
      vertex -8.24711 -10.0491 0
    endloop
  endfacet
  facet normal -0.242991 -0.970029 0
    outer loop
      vertex 2.53617 12.7502 22
      vertex 3.7737 12.4402 28
      vertex 2.53617 12.7502 28
    endloop
  endfacet
  facet normal -0.242991 -0.970029 -0
    outer loop
      vertex 3.7737 12.4402 28
      vertex 2.53617 12.7502 22
      vertex 3.7737 12.4402 22
    endloop
  endfacet
  facet normal -0.242991 -0.970029 0
    outer loop
      vertex 2.53617 12.7502 0
      vertex 3.7737 12.4402 5
      vertex 2.53617 12.7502 5
    endloop
  endfacet
  facet normal -0.242991 -0.970029 -0
    outer loop
      vertex 3.7737 12.4402 5
      vertex 2.53617 12.7502 0
      vertex 3.7737 12.4402 0
    endloop
  endfacet
  facet normal 0.0490689 0.998795 -0
    outer loop
      vertex 0 -13 22
      vertex -1.27422 -12.9374 28
      vertex 0 -13 28
    endloop
  endfacet
  facet normal 0.0490689 0.998795 0
    outer loop
      vertex -1.27422 -12.9374 28
      vertex 0 -13 22
      vertex -1.27422 -12.9374 22
    endloop
  endfacet
  facet normal 0.0490689 0.998795 -0
    outer loop
      vertex 0 -13 0
      vertex -1.27422 -12.9374 5
      vertex 0 -13 5
    endloop
  endfacet
  facet normal 0.0490689 0.998795 0
    outer loop
      vertex -1.27422 -12.9374 5
      vertex 0 -13 0
      vertex -1.27422 -12.9374 0
    endloop
  endfacet
  facet normal 0.998795 -0.0490689 0
    outer loop
      vertex -13 0 28
      vertex -12.9374 1.27422 22
      vertex -12.9374 1.27422 28
    endloop
  endfacet
  facet normal 0.998795 -0.0490689 0
    outer loop
      vertex -12.9374 1.27422 22
      vertex -13 0 28
      vertex -13 0 22
    endloop
  endfacet
  facet normal 0.998795 -0.0490689 0
    outer loop
      vertex -13 0 5
      vertex -12.9374 1.27422 0
      vertex -12.9374 1.27422 5
    endloop
  endfacet
  facet normal 0.998795 -0.0490689 0
    outer loop
      vertex -12.9374 1.27422 0
      vertex -13 0 5
      vertex -13 0 0
    endloop
  endfacet
  facet normal -0.740967 0.671541 0
    outer loop
      vertex 9.19239 -9.19239 0
      vertex 10.0491 -8.24711 28
      vertex 10.0491 -8.24711 0
    endloop
  endfacet
  facet normal -0.740967 0.671541 0
    outer loop
      vertex 10.0491 -8.24711 28
      vertex 9.19239 -9.19239 0
      vertex 9.19239 -9.19239 28
    endloop
  endfacet
  facet normal -0.671541 0.740967 0
    outer loop
      vertex 9.19239 -9.19239 0
      vertex 8.24711 -10.0491 28
      vertex 9.19239 -9.19239 28
    endloop
  endfacet
  facet normal -0.671541 0.740967 0
    outer loop
      vertex 8.24711 -10.0491 28
      vertex 9.19239 -9.19239 0
      vertex 8.24711 -10.0491 0
    endloop
  endfacet
endsolid OpenSCAD_Model
