solid OpenSCAD_Model
  facet normal 0.989176 0.146737 0
    outer loop
      vertex 11.9422 1.17621 11.15
      vertex 11.7694 2.34108 8
      vertex 11.7694 2.34108 11.15
    endloop
  endfacet
  facet normal 0.989176 0.146737 0
    outer loop
      vertex 11.7694 2.34108 8
      vertex 11.9422 1.17621 11.15
      vertex 11.9422 1.17621 8
    endloop
  endfacet
  facet normal 0.989176 0.146737 0
    outer loop
      vertex 11.9422 1.17621 72
      vertex 11.7694 2.34108 68.85
      vertex 11.7694 2.34108 72
    endloop
  endfacet
  facet normal 0.989176 0.146737 0
    outer loop
      vertex 11.7694 2.34108 68.85
      vertex 11.9422 1.17621 72
      vertex 11.9422 1.17621 68.85
    endloop
  endfacet
  facet normal 0.989176 0.146737 0
    outer loop
      vertex 11.9422 1.17621 28.15
      vertex 11.7694 2.34108 14.85
      vertex 11.7694 2.34108 28.15
    endloop
  endfacet
  facet normal 0.989176 0.146737 0
    outer loop
      vertex 11.7694 2.34108 14.85
      vertex 11.9422 1.17621 28.15
      vertex 11.9422 1.17621 14.85
    endloop
  endfacet
  facet normal 0.989176 0.146737 0
    outer loop
      vertex 11.9422 1.17621 48.15
      vertex 11.7694 2.34108 31.85
      vertex 11.7694 2.34108 48.15
    endloop
  endfacet
  facet normal 0.989176 0.146737 0
    outer loop
      vertex 11.7694 2.34108 31.85
      vertex 11.9422 1.17621 48.15
      vertex 11.9422 1.17621 31.85
    endloop
  endfacet
  facet normal 0.989176 0.146737 0
    outer loop
      vertex 11.9422 1.17621 65.15
      vertex 11.7694 2.34108 51.85
      vertex 11.7694 2.34108 65.15
    endloop
  endfacet
  facet normal 0.989176 0.146737 0
    outer loop
      vertex 11.7694 2.34108 51.85
      vertex 11.9422 1.17621 65.15
      vertex 11.9422 1.17621 51.85
    endloop
  endfacet
  facet normal 0.998795 0.0490817 0
    outer loop
      vertex 12 0 11.15
      vertex 11.9422 1.17621 8
      vertex 11.9422 1.17621 11.15
    endloop
  endfacet
  facet normal 0.998795 0.0490817 0
    outer loop
      vertex 11.9422 1.17621 8
      vertex 12 0 11.15
      vertex 12 0 8
    endloop
  endfacet
  facet normal 0.998795 0.0490817 0
    outer loop
      vertex 12 0 72
      vertex 11.9422 1.17621 68.85
      vertex 11.9422 1.17621 72
    endloop
  endfacet
  facet normal 0.998795 0.0490817 0
    outer loop
      vertex 11.9422 1.17621 68.85
      vertex 12 0 72
      vertex 12 0 68.85
    endloop
  endfacet
  facet normal 0.998795 0.0490817 0
    outer loop
      vertex 12 0 28.15
      vertex 11.9422 1.17621 14.85
      vertex 11.9422 1.17621 28.15
    endloop
  endfacet
  facet normal 0.998795 0.0490817 0
    outer loop
      vertex 11.9422 1.17621 14.85
      vertex 12 0 28.15
      vertex 12 0 14.85
    endloop
  endfacet
  facet normal 0.998795 0.0490817 0
    outer loop
      vertex 12 0 48.15
      vertex 11.9422 1.17621 31.85
      vertex 11.9422 1.17621 48.15
    endloop
  endfacet
  facet normal 0.998795 0.0490817 0
    outer loop
      vertex 11.9422 1.17621 31.85
      vertex 12 0 48.15
      vertex 12 0 31.85
    endloop
  endfacet
  facet normal 0.998795 0.0490817 0
    outer loop
      vertex 12 0 65.15
      vertex 11.9422 1.17621 51.85
      vertex 11.9422 1.17621 65.15
    endloop
  endfacet
  facet normal 0.998795 0.0490817 0
    outer loop
      vertex 11.9422 1.17621 51.85
      vertex 12 0 65.15
      vertex 12 0 51.85
    endloop
  endfacet
  facet normal 0.97004 0.242947 0
    outer loop
      vertex 11.7694 2.34108 11.15
      vertex 11.4833 3.48342 8
      vertex 11.4833 3.48342 11.15
    endloop
  endfacet
  facet normal 0.97004 0.242947 0
    outer loop
      vertex 11.4833 3.48342 8
      vertex 11.7694 2.34108 11.15
      vertex 11.7694 2.34108 8
    endloop
  endfacet
  facet normal 0.97004 0.242947 0
    outer loop
      vertex 11.7694 2.34108 72
      vertex 11.4833 3.48342 68.85
      vertex 11.4833 3.48342 72
    endloop
  endfacet
  facet normal 0.97004 0.242947 0
    outer loop
      vertex 11.4833 3.48342 68.85
      vertex 11.7694 2.34108 72
      vertex 11.7694 2.34108 68.85
    endloop
  endfacet
  facet normal 0.97004 0.242947 0
    outer loop
      vertex 11.7694 2.34108 28.15
      vertex 11.4833 3.48342 14.85
      vertex 11.4833 3.48342 28.15
    endloop
  endfacet
  facet normal 0.97004 0.242947 0
    outer loop
      vertex 11.4833 3.48342 14.85
      vertex 11.7694 2.34108 28.15
      vertex 11.7694 2.34108 14.85
    endloop
  endfacet
  facet normal 0.97004 0.242947 0
    outer loop
      vertex 11.7694 2.34108 48.15
      vertex 11.4833 3.48342 31.85
      vertex 11.4833 3.48342 48.15
    endloop
  endfacet
  facet normal 0.97004 0.242947 0
    outer loop
      vertex 11.4833 3.48342 31.85
      vertex 11.7694 2.34108 48.15
      vertex 11.7694 2.34108 31.85
    endloop
  endfacet
  facet normal 0.97004 0.242947 0
    outer loop
      vertex 11.7694 2.34108 65.15
      vertex 11.4833 3.48342 51.85
      vertex 11.4833 3.48342 65.15
    endloop
  endfacet
  facet normal 0.97004 0.242947 0
    outer loop
      vertex 11.4833 3.48342 51.85
      vertex 11.7694 2.34108 65.15
      vertex 11.7694 2.34108 51.85
    endloop
  endfacet
  facet normal 0.857709 0.514135 0
    outer loop
      vertex 10.5831 5.65676 11.15
      vertex 9.97763 6.66684 8
      vertex 9.97763 6.66684 11.15
    endloop
  endfacet
  facet normal 0.857709 0.514135 0
    outer loop
      vertex 9.97763 6.66684 8
      vertex 10.5831 5.65676 11.15
      vertex 10.5831 5.65676 8
    endloop
  endfacet
  facet normal 0.857709 0.514135 0
    outer loop
      vertex 10.5831 5.65676 72
      vertex 9.97763 6.66684 68.85
      vertex 9.97763 6.66684 72
    endloop
  endfacet
  facet normal 0.857709 0.514135 0
    outer loop
      vertex 9.97763 6.66684 68.85
      vertex 10.5831 5.65676 72
      vertex 10.5831 5.65676 68.85
    endloop
  endfacet
  facet normal 0.857709 0.514135 0
    outer loop
      vertex 10.5831 5.65676 28.15
      vertex 9.97763 6.66684 14.85
      vertex 9.97763 6.66684 28.15
    endloop
  endfacet
  facet normal 0.857709 0.514135 0
    outer loop
      vertex 9.97763 6.66684 14.85
      vertex 10.5831 5.65676 28.15
      vertex 10.5831 5.65676 14.85
    endloop
  endfacet
  facet normal 0.857709 0.514135 0
    outer loop
      vertex 10.5831 5.65676 48.15
      vertex 9.97763 6.66684 31.85
      vertex 9.97763 6.66684 48.15
    endloop
  endfacet
  facet normal 0.857709 0.514135 0
    outer loop
      vertex 9.97763 6.66684 31.85
      vertex 10.5831 5.65676 48.15
      vertex 10.5831 5.65676 31.85
    endloop
  endfacet
  facet normal 0.857709 0.514135 0
    outer loop
      vertex 10.5831 5.65676 65.15
      vertex 9.97763 6.66684 51.85
      vertex 9.97763 6.66684 65.15
    endloop
  endfacet
  facet normal 0.857709 0.514135 0
    outer loop
      vertex 9.97763 6.66684 51.85
      vertex 10.5831 5.65676 65.15
      vertex 10.5831 5.65676 51.85
    endloop
  endfacet
  facet normal 0.740952 0.671558 0
    outer loop
      vertex 9.27612 7.61272 11.15
      vertex 8.48528 8.48528 8
      vertex 8.48528 8.48528 11.15
    endloop
  endfacet
  facet normal 0.740952 0.671558 0
    outer loop
      vertex 8.48528 8.48528 8
      vertex 9.27612 7.61272 11.15
      vertex 9.27612 7.61272 8
    endloop
  endfacet
  facet normal 0.740952 0.671558 0
    outer loop
      vertex 9.27612 7.61272 72
      vertex 8.48528 8.48528 68.85
      vertex 8.48528 8.48528 72
    endloop
  endfacet
  facet normal 0.740952 0.671558 0
    outer loop
      vertex 8.48528 8.48528 68.85
      vertex 9.27612 7.61272 72
      vertex 9.27612 7.61272 68.85
    endloop
  endfacet
  facet normal 0.740952 0.671558 0
    outer loop
      vertex 9.27612 7.61272 28.15
      vertex 8.48528 8.48528 14.85
      vertex 8.48528 8.48528 28.15
    endloop
  endfacet
  facet normal 0.740952 0.671558 0
    outer loop
      vertex 8.48528 8.48528 14.85
      vertex 9.27612 7.61272 28.15
      vertex 9.27612 7.61272 14.85
    endloop
  endfacet
  facet normal 0.740952 0.671558 0
    outer loop
      vertex 9.27612 7.61272 48.15
      vertex 8.48528 8.48528 31.85
      vertex 8.48528 8.48528 48.15
    endloop
  endfacet
  facet normal 0.740952 0.671558 0
    outer loop
      vertex 8.48528 8.48528 31.85
      vertex 9.27612 7.61272 48.15
      vertex 9.27612 7.61272 31.85
    endloop
  endfacet
  facet normal 0.740952 0.671558 0
    outer loop
      vertex 9.27612 7.61272 65.15
      vertex 8.48528 8.48528 51.85
      vertex 8.48528 8.48528 65.15
    endloop
  endfacet
  facet normal 0.740952 0.671558 0
    outer loop
      vertex 8.48528 8.48528 51.85
      vertex 9.27612 7.61272 65.15
      vertex 9.27612 7.61272 51.85
    endloop
  endfacet
  facet normal -0.242947 0.97004 0
    outer loop
      vertex -2.34108 11.7694 8
      vertex -3.48342 11.4833 11.15
      vertex -2.34108 11.7694 11.15
    endloop
  endfacet
  facet normal -0.242947 0.97004 0
    outer loop
      vertex -3.48342 11.4833 11.15
      vertex -2.34108 11.7694 8
      vertex -3.48342 11.4833 8
    endloop
  endfacet
  facet normal -0.242947 0.97004 0
    outer loop
      vertex -2.34108 11.7694 68.85
      vertex -3.48342 11.4833 72
      vertex -2.34108 11.7694 72
    endloop
  endfacet
  facet normal -0.242947 0.97004 0
    outer loop
      vertex -3.48342 11.4833 72
      vertex -2.34108 11.7694 68.85
      vertex -3.48342 11.4833 68.85
    endloop
  endfacet
  facet normal -0.242947 0.97004 0
    outer loop
      vertex -2.34108 11.7694 14.85
      vertex -3.48342 11.4833 28.15
      vertex -2.34108 11.7694 28.15
    endloop
  endfacet
  facet normal -0.242947 0.97004 0
    outer loop
      vertex -3.48342 11.4833 28.15
      vertex -2.34108 11.7694 14.85
      vertex -3.48342 11.4833 14.85
    endloop
  endfacet
  facet normal -0.242947 0.97004 0
    outer loop
      vertex -2.34108 11.7694 31.85
      vertex -3.48342 11.4833 48.15
      vertex -2.34108 11.7694 48.15
    endloop
  endfacet
  facet normal -0.242947 0.97004 0
    outer loop
      vertex -3.48342 11.4833 48.15
      vertex -2.34108 11.7694 31.85
      vertex -3.48342 11.4833 31.85
    endloop
  endfacet
  facet normal -0.242947 0.97004 0
    outer loop
      vertex -2.34108 11.7694 51.85
      vertex -3.48342 11.4833 65.15
      vertex -2.34108 11.7694 65.15
    endloop
  endfacet
  facet normal -0.242947 0.97004 0
    outer loop
      vertex -3.48342 11.4833 65.15
      vertex -2.34108 11.7694 51.85
      vertex -3.48342 11.4833 51.85
    endloop
  endfacet
  facet normal -0.803209 0.595698 0
    outer loop
      vertex -9.97763 6.66684 68.85
      vertex -9.27612 7.61272 72
      vertex -9.27612 7.61272 68.85
    endloop
  endfacet
  facet normal -0.803209 0.595698 0
    outer loop
      vertex -9.27612 7.61272 72
      vertex -9.97763 6.66684 68.85
      vertex -9.97763 6.66684 72
    endloop
  endfacet
  facet normal -0.803209 0.595698 0
    outer loop
      vertex -9.97763 6.66684 8
      vertex -9.27612 7.61272 11.15
      vertex -9.27612 7.61272 8
    endloop
  endfacet
  facet normal -0.803209 0.595698 0
    outer loop
      vertex -9.27612 7.61272 11.15
      vertex -9.97763 6.66684 8
      vertex -9.97763 6.66684 11.15
    endloop
  endfacet
  facet normal -0.803209 0.595698 0
    outer loop
      vertex -9.97763 6.66684 14.85
      vertex -9.27612 7.61272 28.15
      vertex -9.27612 7.61272 14.85
    endloop
  endfacet
  facet normal -0.803209 0.595698 0
    outer loop
      vertex -9.27612 7.61272 28.15
      vertex -9.97763 6.66684 14.85
      vertex -9.97763 6.66684 28.15
    endloop
  endfacet
  facet normal -0.803209 0.595698 0
    outer loop
      vertex -9.97763 6.66684 31.85
      vertex -9.27612 7.61272 48.15
      vertex -9.27612 7.61272 31.85
    endloop
  endfacet
  facet normal -0.803209 0.595698 0
    outer loop
      vertex -9.27612 7.61272 48.15
      vertex -9.97763 6.66684 31.85
      vertex -9.97763 6.66684 48.15
    endloop
  endfacet
  facet normal -0.803209 0.595698 0
    outer loop
      vertex -9.97763 6.66684 51.85
      vertex -9.27612 7.61272 65.15
      vertex -9.27612 7.61272 51.85
    endloop
  endfacet
  facet normal -0.803209 0.595698 0
    outer loop
      vertex -9.27612 7.61272 65.15
      vertex -9.97763 6.66684 51.85
      vertex -9.97763 6.66684 65.15
    endloop
  endfacet
  facet normal 0 0 -1
    outer loop
      vertex 2 0 8
      vertex 12 0 8
      vertex 11.9422 -1.17621 8
    endloop
  endfacet
  facet normal 0 0 -1
    outer loop
      vertex 1.99037 -0.196033 8
      vertex 11.9422 -1.17621 8
      vertex 11.7694 -2.34108 8
    endloop
  endfacet
  facet normal 0 0 -1
    outer loop
      vertex 12 0 8
      vertex 2 0 8
      vertex 11.9422 1.17621 8
    endloop
  endfacet
  facet normal 0 0 -1
    outer loop
      vertex 1.96157 -0.390181 8
      vertex 11.7694 -2.34108 8
      vertex 11.4833 -3.48342 8
    endloop
  endfacet
  facet normal 0 0 -1
    outer loop
      vertex 1.99037 0.196033 8
      vertex 11.9422 1.17621 8
      vertex 2 0 8
    endloop
  endfacet
  facet normal 0 0 -1
    outer loop
      vertex 1.91388 -0.580569 8
      vertex 11.4833 -3.48342 8
      vertex 11.0866 -4.5922 8
    endloop
  endfacet
  facet normal -0 0 -1
    outer loop
      vertex 11.9422 1.17621 8
      vertex 1.99037 0.196033 8
      vertex 11.7694 2.34108 8
    endloop
  endfacet
  facet normal 0 0 -1
    outer loop
      vertex 1.84776 -0.765367 8
      vertex 11.0866 -4.5922 8
      vertex 10.5831 -5.65676 8
    endloop
  endfacet
  facet normal 0 0 -1
    outer loop
      vertex 1.96157 0.390181 8
      vertex 11.7694 2.34108 8
      vertex 1.99037 0.196033 8
    endloop
  endfacet
  facet normal 0 0 -1
    outer loop
      vertex 1.76384 -0.942793 8
      vertex 10.5831 -5.65676 8
      vertex 9.97763 -6.66684 8
    endloop
  endfacet
  facet normal -0 0 -1
    outer loop
      vertex 11.7694 2.34108 8
      vertex 1.96157 0.390181 8
      vertex 11.4833 3.48342 8
    endloop
  endfacet
  facet normal 0 0 -1
    outer loop
      vertex 1.66294 -1.11114 8
      vertex 9.97763 -6.66684 8
      vertex 9.27612 -7.61272 8
    endloop
  endfacet
  facet normal 0 0 -1
    outer loop
      vertex 1.91388 0.580569 8
      vertex 11.4833 3.48342 8
      vertex 1.96157 0.390181 8
    endloop
  endfacet
  facet normal 0 0 -1
    outer loop
      vertex 1.54602 -1.26879 8
      vertex 9.27612 -7.61272 8
      vertex 8.48528 -8.48528 8
    endloop
  endfacet
  facet normal -0 0 -1
    outer loop
      vertex 11.4833 3.48342 8
      vertex 1.91388 0.580569 8
      vertex 11.0866 4.5922 8
    endloop
  endfacet
  facet normal 0 0 -1
    outer loop
      vertex 1.41421 -1.41421 8
      vertex 8.48528 -8.48528 8
      vertex 7.61272 -9.27612 8
    endloop
  endfacet
  facet normal 0 0 -1
    outer loop
      vertex 1.84776 0.765367 8
      vertex 11.0866 4.5922 8
      vertex 1.91388 0.580569 8
    endloop
  endfacet
  facet normal 0 0 -1
    outer loop
      vertex 1.26879 -1.54602 8
      vertex 7.61272 -9.27612 8
      vertex 6.66684 -9.97763 8
    endloop
  endfacet
  facet normal -0 0 -1
    outer loop
      vertex 11.0866 4.5922 8
      vertex 1.84776 0.765367 8
      vertex 10.5831 5.65676 8
    endloop
  endfacet
  facet normal 0 0 -1
    outer loop
      vertex 1.11114 -1.66294 8
      vertex 6.66684 -9.97763 8
      vertex 5.65676 -10.5831 8
    endloop
  endfacet
  facet normal 0 0 -1
    outer loop
      vertex 1.76384 0.942793 8
      vertex 10.5831 5.65676 8
      vertex 1.84776 0.765367 8
    endloop
  endfacet
  facet normal 0 0 -1
    outer loop
      vertex 0.942793 -1.76384 8
      vertex 5.65676 -10.5831 8
      vertex 4.5922 -11.0866 8
    endloop
  endfacet
  facet normal -0 0 -1
    outer loop
      vertex 10.5831 5.65676 8
      vertex 1.76384 0.942793 8
      vertex 9.97763 6.66684 8
    endloop
  endfacet
  facet normal 0 0 -1
    outer loop
      vertex 0.765367 -1.84776 8
      vertex 4.5922 -11.0866 8
      vertex 3.48342 -11.4833 8
    endloop
  endfacet
  facet normal 0 0 -1
    outer loop
      vertex 1.66294 1.11114 8
      vertex 9.97763 6.66684 8
      vertex 1.76384 0.942793 8
    endloop
  endfacet
  facet normal 0 0 -1
    outer loop
      vertex 0.580569 -1.91388 8
      vertex 3.48342 -11.4833 8
      vertex 2.34108 -11.7694 8
    endloop
  endfacet
  facet normal -0 0 -1
    outer loop
      vertex 9.97763 6.66684 8
      vertex 1.66294 1.11114 8
      vertex 9.27612 7.61272 8
    endloop
  endfacet
  facet normal 0 0 -1
    outer loop
      vertex 1.54602 1.26879 8
      vertex 9.27612 7.61272 8
      vertex 1.66294 1.11114 8
    endloop
  endfacet
  facet normal 0 0 -1
    outer loop
      vertex 11.9422 -1.17621 8
      vertex 1.99037 -0.196033 8
      vertex 2 0 8
    endloop
  endfacet
  facet normal 0 0 -1
    outer loop
      vertex 11.7694 -2.34108 8
      vertex 1.96157 -0.390181 8
      vertex 1.99037 -0.196033 8
    endloop
  endfacet
  facet normal 0 0 -1
    outer loop
      vertex 11.4833 -3.48342 8
      vertex 1.91388 -0.580569 8
      vertex 1.96157 -0.390181 8
    endloop
  endfacet
  facet normal 0 0 -1
    outer loop
      vertex 11.0866 -4.5922 8
      vertex 1.84776 -0.765367 8
      vertex 1.91388 -0.580569 8
    endloop
  endfacet
  facet normal 0 0 -1
    outer loop
      vertex 10.5831 -5.65676 8
      vertex 1.76384 -0.942793 8
      vertex 1.84776 -0.765367 8
    endloop
  endfacet
  facet normal 0 0 -1
    outer loop
      vertex 9.97763 -6.66684 8
      vertex 1.66294 -1.11114 8
      vertex 1.76384 -0.942793 8
    endloop
  endfacet
  facet normal 0 0 -1
    outer loop
      vertex 9.27612 -7.61272 8
      vertex 1.54602 -1.26879 8
      vertex 1.66294 -1.11114 8
    endloop
  endfacet
  facet normal 0 0 -1
    outer loop
      vertex 8.48528 -8.48528 8
      vertex 1.41421 -1.41421 8
      vertex 1.54602 -1.26879 8
    endloop
  endfacet
  facet normal 0 0 -1
    outer loop
      vertex 7.61272 -9.27612 8
      vertex 1.26879 -1.54602 8
      vertex 1.41421 -1.41421 8
    endloop
  endfacet
  facet normal 0 0 -1
    outer loop
      vertex 0.390181 -1.96157 8
      vertex 2.34108 -11.7694 8
      vertex 1.17621 -11.9422 8
    endloop
  endfacet
  facet normal 0 0 -1
    outer loop
      vertex 6.66684 -9.97763 8
      vertex 1.11114 -1.66294 8
      vertex 1.26879 -1.54602 8
    endloop
  endfacet
  facet normal 0 0 -1
    outer loop
      vertex 5.65676 -10.5831 8
      vertex 0.942793 -1.76384 8
      vertex 1.11114 -1.66294 8
    endloop
  endfacet
  facet normal 0 0 -1
    outer loop
      vertex 4.5922 -11.0866 8
      vertex 0.765367 -1.84776 8
      vertex 0.942793 -1.76384 8
    endloop
  endfacet
  facet normal 0 0 -1
    outer loop
      vertex 3.48342 -11.4833 8
      vertex 0.580569 -1.91388 8
      vertex 0.765367 -1.84776 8
    endloop
  endfacet
  facet normal 0 0 -1
    outer loop
      vertex 2.34108 -11.7694 8
      vertex 0.390181 -1.96157 8
      vertex 0.580569 -1.91388 8
    endloop
  endfacet
  facet normal 0 0 -1
    outer loop
      vertex 1.17621 -11.9422 8
      vertex 0.196033 -1.99037 8
      vertex 0.390181 -1.96157 8
    endloop
  endfacet
  facet normal 0 0 -1
    outer loop
      vertex 0 -12 8
      vertex 0.196033 -1.99037 8
      vertex 1.17621 -11.9422 8
    endloop
  endfacet
  facet normal 0 0 -1
    outer loop
      vertex 0 -12 8
      vertex 0 -2 8
      vertex 0.196033 -1.99037 8
    endloop
  endfacet
  facet normal 0 0 -1
    outer loop
      vertex 0 -12 8
      vertex -0.196033 -1.99037 8
      vertex 0 -2 8
    endloop
  endfacet
  facet normal 0 0 -1
    outer loop
      vertex -1.17621 -11.9422 8
      vertex -0.196033 -1.99037 8
      vertex 0 -12 8
    endloop
  endfacet
  facet normal -0 0 -1
    outer loop
      vertex -0.196033 -1.99037 8
      vertex -1.17621 -11.9422 8
      vertex -0.390181 -1.96157 8
    endloop
  endfacet
  facet normal 0 0 -1
    outer loop
      vertex -2.34108 -11.7694 8
      vertex -0.390181 -1.96157 8
      vertex -1.17621 -11.9422 8
    endloop
  endfacet
  facet normal -0 0 -1
    outer loop
      vertex -0.390181 -1.96157 8
      vertex -2.34108 -11.7694 8
      vertex -0.580569 -1.91388 8
    endloop
  endfacet
  facet normal 0 0 -1
    outer loop
      vertex -3.48342 -11.4833 8
      vertex -0.580569 -1.91388 8
      vertex -2.34108 -11.7694 8
    endloop
  endfacet
  facet normal -0 0 -1
    outer loop
      vertex -0.580569 -1.91388 8
      vertex -3.48342 -11.4833 8
      vertex -0.765367 -1.84776 8
    endloop
  endfacet
  facet normal 0 0 -1
    outer loop
      vertex -4.5922 -11.0866 8
      vertex -0.765367 -1.84776 8
      vertex -3.48342 -11.4833 8
    endloop
  endfacet
  facet normal -0 0 -1
    outer loop
      vertex -0.765367 -1.84776 8
      vertex -4.5922 -11.0866 8
      vertex -0.942793 -1.76384 8
    endloop
  endfacet
  facet normal 0 0 -1
    outer loop
      vertex -5.65676 -10.5831 8
      vertex -0.942793 -1.76384 8
      vertex -4.5922 -11.0866 8
    endloop
  endfacet
  facet normal -0 0 -1
    outer loop
      vertex -0.942793 -1.76384 8
      vertex -5.65676 -10.5831 8
      vertex -1.11114 -1.66294 8
    endloop
  endfacet
  facet normal 0 0 -1
    outer loop
      vertex -6.66684 -9.97763 8
      vertex -1.11114 -1.66294 8
      vertex -5.65676 -10.5831 8
    endloop
  endfacet
  facet normal -0 0 -1
    outer loop
      vertex -1.11114 -1.66294 8
      vertex -6.66684 -9.97763 8
      vertex -1.26879 -1.54602 8
    endloop
  endfacet
  facet normal 0 0 -1
    outer loop
      vertex -7.61272 -9.27612 8
      vertex -1.26879 -1.54602 8
      vertex -6.66684 -9.97763 8
    endloop
  endfacet
  facet normal -0 0 -1
    outer loop
      vertex -1.26879 -1.54602 8
      vertex -7.61272 -9.27612 8
      vertex -1.41421 -1.41421 8
    endloop
  endfacet
  facet normal 0 0 -1
    outer loop
      vertex -8.48528 -8.48528 8
      vertex -1.41421 -1.41421 8
      vertex -7.61272 -9.27612 8
    endloop
  endfacet
  facet normal 0 0 -1
    outer loop
      vertex -9.27612 -7.61272 8
      vertex -1.54602 -1.26879 8
      vertex -8.48528 -8.48528 8
    endloop
  endfacet
  facet normal -0 0 -1
    outer loop
      vertex -1.41421 -1.41421 8
      vertex -8.48528 -8.48528 8
      vertex -1.54602 -1.26879 8
    endloop
  endfacet
  facet normal -0 0 -1
    outer loop
      vertex 9.27612 7.61272 8
      vertex 1.54602 1.26879 8
      vertex 8.48528 8.48528 8
    endloop
  endfacet
  facet normal 0 0 -1
    outer loop
      vertex 1.41421 1.41421 8
      vertex 8.48528 8.48528 8
      vertex 1.54602 1.26879 8
    endloop
  endfacet
  facet normal -0 0 -1
    outer loop
      vertex 8.48528 8.48528 8
      vertex 1.41421 1.41421 8
      vertex 7.61272 9.27612 8
    endloop
  endfacet
  facet normal 0 0 -1
    outer loop
      vertex 1.26879 1.54602 8
      vertex 7.61272 9.27612 8
      vertex 1.41421 1.41421 8
    endloop
  endfacet
  facet normal -0 0 -1
    outer loop
      vertex 7.61272 9.27612 8
      vertex 1.26879 1.54602 8
      vertex 6.66684 9.97763 8
    endloop
  endfacet
  facet normal 0 0 -1
    outer loop
      vertex 1.11114 1.66294 8
      vertex 6.66684 9.97763 8
      vertex 1.26879 1.54602 8
    endloop
  endfacet
  facet normal -0 0 -1
    outer loop
      vertex 6.66684 9.97763 8
      vertex 1.11114 1.66294 8
      vertex 5.65676 10.5831 8
    endloop
  endfacet
  facet normal 0 0 -1
    outer loop
      vertex 0.942793 1.76384 8
      vertex 5.65676 10.5831 8
      vertex 1.11114 1.66294 8
    endloop
  endfacet
  facet normal -0 0 -1
    outer loop
      vertex 5.65676 10.5831 8
      vertex 0.942793 1.76384 8
      vertex 4.5922 11.0866 8
    endloop
  endfacet
  facet normal 0 0 -1
    outer loop
      vertex 0.765367 1.84776 8
      vertex 4.5922 11.0866 8
      vertex 0.942793 1.76384 8
    endloop
  endfacet
  facet normal -0 0 -1
    outer loop
      vertex 4.5922 11.0866 8
      vertex 0.765367 1.84776 8
      vertex 3.48342 11.4833 8
    endloop
  endfacet
  facet normal 0 0 -1
    outer loop
      vertex 0.580569 1.91388 8
      vertex 3.48342 11.4833 8
      vertex 0.765367 1.84776 8
    endloop
  endfacet
  facet normal -0 0 -1
    outer loop
      vertex 3.48342 11.4833 8
      vertex 0.580569 1.91388 8
      vertex 2.34108 11.7694 8
    endloop
  endfacet
  facet normal 0 0 -1
    outer loop
      vertex 0.390181 1.96157 8
      vertex 2.34108 11.7694 8
      vertex 0.580569 1.91388 8
    endloop
  endfacet
  facet normal -0 0 -1
    outer loop
      vertex 2.34108 11.7694 8
      vertex 0.390181 1.96157 8
      vertex 1.17621 11.9422 8
    endloop
  endfacet
  facet normal 0 0 -1
    outer loop
      vertex 0.196033 1.99037 8
      vertex 1.17621 11.9422 8
      vertex 0.390181 1.96157 8
    endloop
  endfacet
  facet normal 0 0 -1
    outer loop
      vertex 0 2 8
      vertex 1.17621 11.9422 8
      vertex 0.196033 1.99037 8
    endloop
  endfacet
  facet normal 0 0 -1
    outer loop
      vertex 0 2 8
      vertex 0 12 8
      vertex 1.17621 11.9422 8
    endloop
  endfacet
  facet normal 0 0 -1
    outer loop
      vertex -0.196033 1.99037 8
      vertex 0 12 8
      vertex 0 2 8
    endloop
  endfacet
  facet normal 0 0 -1
    outer loop
      vertex -1.17621 11.9422 8
      vertex -0.196033 1.99037 8
      vertex -0.390181 1.96157 8
    endloop
  endfacet
  facet normal 0 0 -1
    outer loop
      vertex -2.34108 11.7694 8
      vertex -0.390181 1.96157 8
      vertex -0.580569 1.91388 8
    endloop
  endfacet
  facet normal 0 0 -1
    outer loop
      vertex -3.48342 11.4833 8
      vertex -0.580569 1.91388 8
      vertex -0.765367 1.84776 8
    endloop
  endfacet
  facet normal 0 0 -1
    outer loop
      vertex -4.5922 11.0866 8
      vertex -0.765367 1.84776 8
      vertex -0.942793 1.76384 8
    endloop
  endfacet
  facet normal 0 0 -1
    outer loop
      vertex -5.65676 10.5831 8
      vertex -0.942793 1.76384 8
      vertex -1.11114 1.66294 8
    endloop
  endfacet
  facet normal 0 0 -1
    outer loop
      vertex -0.196033 1.99037 8
      vertex -1.17621 11.9422 8
      vertex 0 12 8
    endloop
  endfacet
  facet normal 0 0 -1
    outer loop
      vertex -6.66684 9.97763 8
      vertex -1.11114 1.66294 8
      vertex -1.26879 1.54602 8
    endloop
  endfacet
  facet normal 0 0 -1
    outer loop
      vertex -7.61272 9.27612 8
      vertex -1.26879 1.54602 8
      vertex -1.41421 1.41421 8
    endloop
  endfacet
  facet normal 0 0 -1
    outer loop
      vertex -8.48528 8.48528 8
      vertex -1.41421 1.41421 8
      vertex -1.54602 1.26879 8
    endloop
  endfacet
  facet normal 0 0 -1
    outer loop
      vertex -9.27612 7.61272 8
      vertex -1.54602 1.26879 8
      vertex -1.66294 1.11114 8
    endloop
  endfacet
  facet normal 0 0 -1
    outer loop
      vertex -9.97763 6.66684 8
      vertex -1.66294 1.11114 8
      vertex -1.76384 0.942793 8
    endloop
  endfacet
  facet normal 0 0 -1
    outer loop
      vertex -10.5831 5.65676 8
      vertex -1.76384 0.942793 8
      vertex -1.84776 0.765367 8
    endloop
  endfacet
  facet normal 0 0 -1
    outer loop
      vertex -11.0866 4.5922 8
      vertex -1.84776 0.765367 8
      vertex -1.91388 0.580569 8
    endloop
  endfacet
  facet normal 0 0 -1
    outer loop
      vertex -11.4833 3.48342 8
      vertex -1.91388 0.580569 8
      vertex -1.96157 0.390181 8
    endloop
  endfacet
  facet normal 0 0 -1
    outer loop
      vertex -11.7694 2.34108 8
      vertex -1.96157 0.390181 8
      vertex -1.99037 0.196033 8
    endloop
  endfacet
  facet normal 0 0 -1
    outer loop
      vertex -0.390181 1.96157 8
      vertex -2.34108 11.7694 8
      vertex -1.17621 11.9422 8
    endloop
  endfacet
  facet normal 0 0 -1
    outer loop
      vertex -11.9422 1.17621 8
      vertex -1.99037 0.196033 8
      vertex -2 0 8
    endloop
  endfacet
  facet normal -0 0 -1
    outer loop
      vertex -1.54602 -1.26879 8
      vertex -9.27612 -7.61272 8
      vertex -1.66294 -1.11114 8
    endloop
  endfacet
  facet normal 0 0 -1
    outer loop
      vertex -9.97763 -6.66684 8
      vertex -1.66294 -1.11114 8
      vertex -9.27612 -7.61272 8
    endloop
  endfacet
  facet normal 0 0 -1
    outer loop
      vertex -0.580569 1.91388 8
      vertex -3.48342 11.4833 8
      vertex -2.34108 11.7694 8
    endloop
  endfacet
  facet normal -0 0 -1
    outer loop
      vertex -1.66294 -1.11114 8
      vertex -9.97763 -6.66684 8
      vertex -1.76384 -0.942793 8
    endloop
  endfacet
  facet normal 0 0 -1
    outer loop
      vertex -0.765367 1.84776 8
      vertex -4.5922 11.0866 8
      vertex -3.48342 11.4833 8
    endloop
  endfacet
  facet normal 0 0 -1
    outer loop
      vertex -10.5831 -5.65676 8
      vertex -1.76384 -0.942793 8
      vertex -9.97763 -6.66684 8
    endloop
  endfacet
  facet normal 0 0 -1
    outer loop
      vertex -0.942793 1.76384 8
      vertex -5.65676 10.5831 8
      vertex -4.5922 11.0866 8
    endloop
  endfacet
  facet normal -0 0 -1
    outer loop
      vertex -1.76384 -0.942793 8
      vertex -10.5831 -5.65676 8
      vertex -1.84776 -0.765367 8
    endloop
  endfacet
  facet normal 0 0 -1
    outer loop
      vertex -1.11114 1.66294 8
      vertex -6.66684 9.97763 8
      vertex -5.65676 10.5831 8
    endloop
  endfacet
  facet normal 0 0 -1
    outer loop
      vertex -11.0866 -4.5922 8
      vertex -1.84776 -0.765367 8
      vertex -10.5831 -5.65676 8
    endloop
  endfacet
  facet normal 0 0 -1
    outer loop
      vertex -1.26879 1.54602 8
      vertex -7.61272 9.27612 8
      vertex -6.66684 9.97763 8
    endloop
  endfacet
  facet normal -0 0 -1
    outer loop
      vertex -1.84776 -0.765367 8
      vertex -11.0866 -4.5922 8
      vertex -1.91388 -0.580569 8
    endloop
  endfacet
  facet normal 0 0 -1
    outer loop
      vertex -1.41421 1.41421 8
      vertex -8.48528 8.48528 8
      vertex -7.61272 9.27612 8
    endloop
  endfacet
  facet normal 0 0 -1
    outer loop
      vertex -11.4833 -3.48342 8
      vertex -1.91388 -0.580569 8
      vertex -11.0866 -4.5922 8
    endloop
  endfacet
  facet normal 0 0 -1
    outer loop
      vertex -1.54602 1.26879 8
      vertex -9.27612 7.61272 8
      vertex -8.48528 8.48528 8
    endloop
  endfacet
  facet normal -0 0 -1
    outer loop
      vertex -1.91388 -0.580569 8
      vertex -11.4833 -3.48342 8
      vertex -1.96157 -0.390181 8
    endloop
  endfacet
  facet normal 0 0 -1
    outer loop
      vertex -1.66294 1.11114 8
      vertex -9.97763 6.66684 8
      vertex -9.27612 7.61272 8
    endloop
  endfacet
  facet normal 0 0 -1
    outer loop
      vertex -11.7694 -2.34108 8
      vertex -1.96157 -0.390181 8
      vertex -11.4833 -3.48342 8
    endloop
  endfacet
  facet normal 0 0 -1
    outer loop
      vertex -1.76384 0.942793 8
      vertex -10.5831 5.65676 8
      vertex -9.97763 6.66684 8
    endloop
  endfacet
  facet normal -0 0 -1
    outer loop
      vertex -1.96157 -0.390181 8
      vertex -11.7694 -2.34108 8
      vertex -1.99037 -0.196033 8
    endloop
  endfacet
  facet normal 0 0 -1
    outer loop
      vertex -1.84776 0.765367 8
      vertex -11.0866 4.5922 8
      vertex -10.5831 5.65676 8
    endloop
  endfacet
  facet normal 0 0 -1
    outer loop
      vertex -11.9422 -1.17621 8
      vertex -1.99037 -0.196033 8
      vertex -11.7694 -2.34108 8
    endloop
  endfacet
  facet normal 0 0 -1
    outer loop
      vertex -1.91388 0.580569 8
      vertex -11.4833 3.48342 8
      vertex -11.0866 4.5922 8
    endloop
  endfacet
  facet normal -0 0 -1
    outer loop
      vertex -1.99037 -0.196033 8
      vertex -11.9422 -1.17621 8
      vertex -2 0 8
    endloop
  endfacet
  facet normal 0 0 -1
    outer loop
      vertex -1.96157 0.390181 8
      vertex -11.7694 2.34108 8
      vertex -11.4833 3.48342 8
    endloop
  endfacet
  facet normal 0 0 -1
    outer loop
      vertex -12 0 8
      vertex -2 0 8
      vertex -11.9422 -1.17621 8
    endloop
  endfacet
  facet normal 0 0 -1
    outer loop
      vertex -1.99037 0.196033 8
      vertex -11.9422 1.17621 8
      vertex -11.7694 2.34108 8
    endloop
  endfacet
  facet normal 0 0 -1
    outer loop
      vertex -2 0 8
      vertex -12 0 8
      vertex -11.9422 1.17621 8
    endloop
  endfacet
  facet normal 0.97004 -0.242947 0
    outer loop
      vertex 11.4833 -3.48342 11.15
      vertex 11.7694 -2.34108 8
      vertex 11.7694 -2.34108 11.15
    endloop
  endfacet
  facet normal 0.97004 -0.242947 0
    outer loop
      vertex 11.7694 -2.34108 8
      vertex 11.4833 -3.48342 11.15
      vertex 11.4833 -3.48342 8
    endloop
  endfacet
  facet normal 0.97004 -0.242947 0
    outer loop
      vertex 11.4833 -3.48342 72
      vertex 11.7694 -2.34108 68.85
      vertex 11.7694 -2.34108 72
    endloop
  endfacet
  facet normal 0.97004 -0.242947 0
    outer loop
      vertex 11.7694 -2.34108 68.85
      vertex 11.4833 -3.48342 72
      vertex 11.4833 -3.48342 68.85
    endloop
  endfacet
  facet normal 0.97004 -0.242947 0
    outer loop
      vertex 11.4833 -3.48342 28.15
      vertex 11.7694 -2.34108 14.85
      vertex 11.7694 -2.34108 28.15
    endloop
  endfacet
  facet normal 0.97004 -0.242947 0
    outer loop
      vertex 11.7694 -2.34108 14.85
      vertex 11.4833 -3.48342 28.15
      vertex 11.4833 -3.48342 14.85
    endloop
  endfacet
  facet normal 0.97004 -0.242947 0
    outer loop
      vertex 11.4833 -3.48342 48.15
      vertex 11.7694 -2.34108 31.85
      vertex 11.7694 -2.34108 48.15
    endloop
  endfacet
  facet normal 0.97004 -0.242947 0
    outer loop
      vertex 11.7694 -2.34108 31.85
      vertex 11.4833 -3.48342 48.15
      vertex 11.4833 -3.48342 31.85
    endloop
  endfacet
  facet normal 0.97004 -0.242947 0
    outer loop
      vertex 11.4833 -3.48342 65.15
      vertex 11.7694 -2.34108 51.85
      vertex 11.7694 -2.34108 65.15
    endloop
  endfacet
  facet normal 0.97004 -0.242947 0
    outer loop
      vertex 11.7694 -2.34108 51.85
      vertex 11.4833 -3.48342 65.15
      vertex 11.4833 -3.48342 51.85
    endloop
  endfacet
  facet normal -0.514135 -0.857709 0
    outer loop
      vertex -6.66684 -9.97763 8
      vertex -5.65676 -10.5831 11.15
      vertex -6.66684 -9.97763 11.15
    endloop
  endfacet
  facet normal -0.514135 -0.857709 -0
    outer loop
      vertex -5.65676 -10.5831 11.15
      vertex -6.66684 -9.97763 8
      vertex -5.65676 -10.5831 8
    endloop
  endfacet
  facet normal -0.514135 -0.857709 0
    outer loop
      vertex -6.66684 -9.97763 68.85
      vertex -5.65676 -10.5831 72
      vertex -6.66684 -9.97763 72
    endloop
  endfacet
  facet normal -0.514135 -0.857709 -0
    outer loop
      vertex -5.65676 -10.5831 72
      vertex -6.66684 -9.97763 68.85
      vertex -5.65676 -10.5831 68.85
    endloop
  endfacet
  facet normal -0.514135 -0.857709 0
    outer loop
      vertex -6.66684 -9.97763 14.85
      vertex -5.65676 -10.5831 28.15
      vertex -6.66684 -9.97763 28.15
    endloop
  endfacet
  facet normal -0.514135 -0.857709 -0
    outer loop
      vertex -5.65676 -10.5831 28.15
      vertex -6.66684 -9.97763 14.85
      vertex -5.65676 -10.5831 14.85
    endloop
  endfacet
  facet normal -0.514135 -0.857709 0
    outer loop
      vertex -6.66684 -9.97763 31.85
      vertex -5.65676 -10.5831 48.15
      vertex -6.66684 -9.97763 48.15
    endloop
  endfacet
  facet normal -0.514135 -0.857709 -0
    outer loop
      vertex -5.65676 -10.5831 48.15
      vertex -6.66684 -9.97763 31.85
      vertex -5.65676 -10.5831 31.85
    endloop
  endfacet
  facet normal -0.514135 -0.857709 0
    outer loop
      vertex -6.66684 -9.97763 51.85
      vertex -5.65676 -10.5831 65.15
      vertex -6.66684 -9.97763 65.15
    endloop
  endfacet
  facet normal -0.514135 -0.857709 -0
    outer loop
      vertex -5.65676 -10.5831 65.15
      vertex -6.66684 -9.97763 51.85
      vertex -5.65676 -10.5831 51.85
    endloop
  endfacet
  facet normal 0.671558 0.740952 -0
    outer loop
      vertex 8.48528 8.48528 8
      vertex 7.61272 9.27612 11.15
      vertex 8.48528 8.48528 11.15
    endloop
  endfacet
  facet normal 0.671558 0.740952 0
    outer loop
      vertex 7.61272 9.27612 11.15
      vertex 8.48528 8.48528 8
      vertex 7.61272 9.27612 8
    endloop
  endfacet
  facet normal 0.671558 0.740952 -0
    outer loop
      vertex 8.48528 8.48528 68.85
      vertex 7.61272 9.27612 72
      vertex 8.48528 8.48528 72
    endloop
  endfacet
  facet normal 0.671558 0.740952 0
    outer loop
      vertex 7.61272 9.27612 72
      vertex 8.48528 8.48528 68.85
      vertex 7.61272 9.27612 68.85
    endloop
  endfacet
  facet normal 0.671558 0.740952 -0
    outer loop
      vertex 8.48528 8.48528 14.85
      vertex 7.61272 9.27612 28.15
      vertex 8.48528 8.48528 28.15
    endloop
  endfacet
  facet normal 0.671558 0.740952 0
    outer loop
      vertex 7.61272 9.27612 28.15
      vertex 8.48528 8.48528 14.85
      vertex 7.61272 9.27612 14.85
    endloop
  endfacet
  facet normal 0.671558 0.740952 -0
    outer loop
      vertex 8.48528 8.48528 31.85
      vertex 7.61272 9.27612 48.15
      vertex 8.48528 8.48528 48.15
    endloop
  endfacet
  facet normal 0.671558 0.740952 0
    outer loop
      vertex 7.61272 9.27612 48.15
      vertex 8.48528 8.48528 31.85
      vertex 7.61272 9.27612 31.85
    endloop
  endfacet
  facet normal 0.671558 0.740952 -0
    outer loop
      vertex 8.48528 8.48528 51.85
      vertex 7.61272 9.27612 65.15
      vertex 8.48528 8.48528 65.15
    endloop
  endfacet
  facet normal 0.671558 0.740952 0
    outer loop
      vertex 7.61272 9.27612 65.15
      vertex 8.48528 8.48528 51.85
      vertex 7.61272 9.27612 51.85
    endloop
  endfacet
  facet normal 0.0490817 -0.998795 0
    outer loop
      vertex 0 -12 68.85
      vertex 1.17621 -11.9422 72
      vertex 0 -12 72
    endloop
  endfacet
  facet normal 0.0490817 -0.998795 0
    outer loop
      vertex 1.17621 -11.9422 72
      vertex 0 -12 68.85
      vertex 1.17621 -11.9422 68.85
    endloop
  endfacet
  facet normal 0.0490817 -0.998795 0
    outer loop
      vertex 0 -12 8
      vertex 1.17621 -11.9422 11.15
      vertex 0 -12 11.15
    endloop
  endfacet
  facet normal 0.0490817 -0.998795 0
    outer loop
      vertex 1.17621 -11.9422 11.15
      vertex 0 -12 8
      vertex 1.17621 -11.9422 8
    endloop
  endfacet
  facet normal 0.0490817 -0.998795 0
    outer loop
      vertex 0 -12 14.85
      vertex 1.17621 -11.9422 28.15
      vertex 0 -12 28.15
    endloop
  endfacet
  facet normal 0.0490817 -0.998795 0
    outer loop
      vertex 1.17621 -11.9422 28.15
      vertex 0 -12 14.85
      vertex 1.17621 -11.9422 14.85
    endloop
  endfacet
  facet normal 0.0490817 -0.998795 0
    outer loop
      vertex 0 -12 31.85
      vertex 1.17621 -11.9422 48.15
      vertex 0 -12 48.15
    endloop
  endfacet
  facet normal 0.0490817 -0.998795 0
    outer loop
      vertex 1.17621 -11.9422 48.15
      vertex 0 -12 31.85
      vertex 1.17621 -11.9422 31.85
    endloop
  endfacet
  facet normal 0.0490817 -0.998795 0
    outer loop
      vertex 0 -12 51.85
      vertex 1.17621 -11.9422 65.15
      vertex 0 -12 65.15
    endloop
  endfacet
  facet normal 0.0490817 -0.998795 0
    outer loop
      vertex 1.17621 -11.9422 65.15
      vertex 0 -12 51.85
      vertex 1.17621 -11.9422 51.85
    endloop
  endfacet
  facet normal -0.336869 0.941552 0
    outer loop
      vertex -3.48342 11.4833 68.85
      vertex -4.5922 11.0866 72
      vertex -3.48342 11.4833 72
    endloop
  endfacet
  facet normal -0.336869 0.941552 0
    outer loop
      vertex -4.5922 11.0866 72
      vertex -3.48342 11.4833 68.85
      vertex -4.5922 11.0866 68.85
    endloop
  endfacet
  facet normal -0.336869 0.941552 0
    outer loop
      vertex -3.48342 11.4833 8
      vertex -4.5922 11.0866 11.15
      vertex -3.48342 11.4833 11.15
    endloop
  endfacet
  facet normal -0.336869 0.941552 0
    outer loop
      vertex -4.5922 11.0866 11.15
      vertex -3.48342 11.4833 8
      vertex -4.5922 11.0866 8
    endloop
  endfacet
  facet normal -0.336869 0.941552 0
    outer loop
      vertex -3.48342 11.4833 14.85
      vertex -4.5922 11.0866 28.15
      vertex -3.48342 11.4833 28.15
    endloop
  endfacet
  facet normal -0.336869 0.941552 0
    outer loop
      vertex -4.5922 11.0866 28.15
      vertex -3.48342 11.4833 14.85
      vertex -4.5922 11.0866 14.85
    endloop
  endfacet
  facet normal -0.336869 0.941552 0
    outer loop
      vertex -3.48342 11.4833 31.85
      vertex -4.5922 11.0866 48.15
      vertex -3.48342 11.4833 48.15
    endloop
  endfacet
  facet normal -0.336869 0.941552 0
    outer loop
      vertex -4.5922 11.0866 48.15
      vertex -3.48342 11.4833 31.85
      vertex -4.5922 11.0866 31.85
    endloop
  endfacet
  facet normal -0.336869 0.941552 0
    outer loop
      vertex -3.48342 11.4833 51.85
      vertex -4.5922 11.0866 65.15
      vertex -3.48342 11.4833 65.15
    endloop
  endfacet
  facet normal -0.336869 0.941552 0
    outer loop
      vertex -4.5922 11.0866 65.15
      vertex -3.48342 11.4833 51.85
      vertex -4.5922 11.0866 51.85
    endloop
  endfacet
  facet normal 0.427556 0.903989 -0
    outer loop
      vertex 5.65676 10.5831 8
      vertex 4.5922 11.0866 11.15
      vertex 5.65676 10.5831 11.15
    endloop
  endfacet
  facet normal 0.427556 0.903989 0
    outer loop
      vertex 4.5922 11.0866 11.15
      vertex 5.65676 10.5831 8
      vertex 4.5922 11.0866 8
    endloop
  endfacet
  facet normal 0.427556 0.903989 -0
    outer loop
      vertex 5.65676 10.5831 68.85
      vertex 4.5922 11.0866 72
      vertex 5.65676 10.5831 72
    endloop
  endfacet
  facet normal 0.427556 0.903989 0
    outer loop
      vertex 4.5922 11.0866 72
      vertex 5.65676 10.5831 68.85
      vertex 4.5922 11.0866 68.85
    endloop
  endfacet
  facet normal 0.427556 0.903989 -0
    outer loop
      vertex 5.65676 10.5831 14.85
      vertex 4.5922 11.0866 28.15
      vertex 5.65676 10.5831 28.15
    endloop
  endfacet
  facet normal 0.427556 0.903989 0
    outer loop
      vertex 4.5922 11.0866 28.15
      vertex 5.65676 10.5831 14.85
      vertex 4.5922 11.0866 14.85
    endloop
  endfacet
  facet normal 0.427556 0.903989 -0
    outer loop
      vertex 5.65676 10.5831 31.85
      vertex 4.5922 11.0866 48.15
      vertex 5.65676 10.5831 48.15
    endloop
  endfacet
  facet normal 0.427556 0.903989 0
    outer loop
      vertex 4.5922 11.0866 48.15
      vertex 5.65676 10.5831 31.85
      vertex 4.5922 11.0866 31.85
    endloop
  endfacet
  facet normal 0.427556 0.903989 -0
    outer loop
      vertex 5.65676 10.5831 51.85
      vertex 4.5922 11.0866 65.15
      vertex 5.65676 10.5831 65.15
    endloop
  endfacet
  facet normal 0.427556 0.903989 0
    outer loop
      vertex 4.5922 11.0866 65.15
      vertex 5.65676 10.5831 51.85
      vertex 4.5922 11.0866 51.85
    endloop
  endfacet
  facet normal -0.595698 0.803209 0
    outer loop
      vertex -6.66684 9.97763 68.85
      vertex -7.61272 9.27612 72
      vertex -6.66684 9.97763 72
    endloop
  endfacet
  facet normal -0.595698 0.803209 0
    outer loop
      vertex -7.61272 9.27612 72
      vertex -6.66684 9.97763 68.85
      vertex -7.61272 9.27612 68.85
    endloop
  endfacet
  facet normal -0.595698 0.803209 0
    outer loop
      vertex -6.66684 9.97763 8
      vertex -7.61272 9.27612 11.15
      vertex -6.66684 9.97763 11.15
    endloop
  endfacet
  facet normal -0.595698 0.803209 0
    outer loop
      vertex -7.61272 9.27612 11.15
      vertex -6.66684 9.97763 8
      vertex -7.61272 9.27612 8
    endloop
  endfacet
  facet normal -0.595698 0.803209 0
    outer loop
      vertex -6.66684 9.97763 14.85
      vertex -7.61272 9.27612 28.15
      vertex -6.66684 9.97763 28.15
    endloop
  endfacet
  facet normal -0.595698 0.803209 0
    outer loop
      vertex -7.61272 9.27612 28.15
      vertex -6.66684 9.97763 14.85
      vertex -7.61272 9.27612 14.85
    endloop
  endfacet
  facet normal -0.595698 0.803209 0
    outer loop
      vertex -6.66684 9.97763 31.85
      vertex -7.61272 9.27612 48.15
      vertex -6.66684 9.97763 48.15
    endloop
  endfacet
  facet normal -0.595698 0.803209 0
    outer loop
      vertex -7.61272 9.27612 48.15
      vertex -6.66684 9.97763 31.85
      vertex -7.61272 9.27612 31.85
    endloop
  endfacet
  facet normal -0.595698 0.803209 0
    outer loop
      vertex -6.66684 9.97763 51.85
      vertex -7.61272 9.27612 65.15
      vertex -6.66684 9.97763 65.15
    endloop
  endfacet
  facet normal -0.595698 0.803209 0
    outer loop
      vertex -7.61272 9.27612 65.15
      vertex -6.66684 9.97763 51.85
      vertex -7.61272 9.27612 51.85
    endloop
  endfacet
  facet normal 0.336869 0.941552 -0
    outer loop
      vertex 4.5922 11.0866 68.85
      vertex 3.48342 11.4833 72
      vertex 4.5922 11.0866 72
    endloop
  endfacet
  facet normal 0.336869 0.941552 0
    outer loop
      vertex 3.48342 11.4833 72
      vertex 4.5922 11.0866 68.85
      vertex 3.48342 11.4833 68.85
    endloop
  endfacet
  facet normal 0.336869 0.941552 -0
    outer loop
      vertex 4.5922 11.0866 8
      vertex 3.48342 11.4833 11.15
      vertex 4.5922 11.0866 11.15
    endloop
  endfacet
  facet normal 0.336869 0.941552 0
    outer loop
      vertex 3.48342 11.4833 11.15
      vertex 4.5922 11.0866 8
      vertex 3.48342 11.4833 8
    endloop
  endfacet
  facet normal 0.336869 0.941552 -0
    outer loop
      vertex 4.5922 11.0866 14.85
      vertex 3.48342 11.4833 28.15
      vertex 4.5922 11.0866 28.15
    endloop
  endfacet
  facet normal 0.336869 0.941552 0
    outer loop
      vertex 3.48342 11.4833 28.15
      vertex 4.5922 11.0866 14.85
      vertex 3.48342 11.4833 14.85
    endloop
  endfacet
  facet normal 0.336869 0.941552 -0
    outer loop
      vertex 4.5922 11.0866 31.85
      vertex 3.48342 11.4833 48.15
      vertex 4.5922 11.0866 48.15
    endloop
  endfacet
  facet normal 0.336869 0.941552 0
    outer loop
      vertex 3.48342 11.4833 48.15
      vertex 4.5922 11.0866 31.85
      vertex 3.48342 11.4833 31.85
    endloop
  endfacet
  facet normal 0.336869 0.941552 -0
    outer loop
      vertex 4.5922 11.0866 51.85
      vertex 3.48342 11.4833 65.15
      vertex 4.5922 11.0866 65.15
    endloop
  endfacet
  facet normal 0.336869 0.941552 0
    outer loop
      vertex 3.48342 11.4833 65.15
      vertex 4.5922 11.0866 51.85
      vertex 3.48342 11.4833 51.85
    endloop
  endfacet
  facet normal 0.242947 0.97004 -0
    outer loop
      vertex 3.48342 11.4833 68.85
      vertex 2.34108 11.7694 72
      vertex 3.48342 11.4833 72
    endloop
  endfacet
  facet normal 0.242947 0.97004 0
    outer loop
      vertex 2.34108 11.7694 72
      vertex 3.48342 11.4833 68.85
      vertex 2.34108 11.7694 68.85
    endloop
  endfacet
  facet normal 0.242947 0.97004 -0
    outer loop
      vertex 3.48342 11.4833 8
      vertex 2.34108 11.7694 11.15
      vertex 3.48342 11.4833 11.15
    endloop
  endfacet
  facet normal 0.242947 0.97004 0
    outer loop
      vertex 2.34108 11.7694 11.15
      vertex 3.48342 11.4833 8
      vertex 2.34108 11.7694 8
    endloop
  endfacet
  facet normal 0.242947 0.97004 -0
    outer loop
      vertex 3.48342 11.4833 14.85
      vertex 2.34108 11.7694 28.15
      vertex 3.48342 11.4833 28.15
    endloop
  endfacet
  facet normal 0.242947 0.97004 0
    outer loop
      vertex 2.34108 11.7694 28.15
      vertex 3.48342 11.4833 14.85
      vertex 2.34108 11.7694 14.85
    endloop
  endfacet
  facet normal 0.242947 0.97004 -0
    outer loop
      vertex 3.48342 11.4833 31.85
      vertex 2.34108 11.7694 48.15
      vertex 3.48342 11.4833 48.15
    endloop
  endfacet
  facet normal 0.242947 0.97004 0
    outer loop
      vertex 2.34108 11.7694 48.15
      vertex 3.48342 11.4833 31.85
      vertex 2.34108 11.7694 31.85
    endloop
  endfacet
  facet normal 0.242947 0.97004 -0
    outer loop
      vertex 3.48342 11.4833 51.85
      vertex 2.34108 11.7694 65.15
      vertex 3.48342 11.4833 65.15
    endloop
  endfacet
  facet normal 0.242947 0.97004 0
    outer loop
      vertex 2.34108 11.7694 65.15
      vertex 3.48342 11.4833 51.85
      vertex 2.34108 11.7694 51.85
    endloop
  endfacet
  facet normal 0.803209 0.595698 0
    outer loop
      vertex 9.97763 6.66684 11.15
      vertex 9.27612 7.61272 8
      vertex 9.27612 7.61272 11.15
    endloop
  endfacet
  facet normal 0.803209 0.595698 0
    outer loop
      vertex 9.27612 7.61272 8
      vertex 9.97763 6.66684 11.15
      vertex 9.97763 6.66684 8
    endloop
  endfacet
  facet normal 0.803209 0.595698 0
    outer loop
      vertex 9.97763 6.66684 72
      vertex 9.27612 7.61272 68.85
      vertex 9.27612 7.61272 72
    endloop
  endfacet
  facet normal 0.803209 0.595698 0
    outer loop
      vertex 9.27612 7.61272 68.85
      vertex 9.97763 6.66684 72
      vertex 9.97763 6.66684 68.85
    endloop
  endfacet
  facet normal 0.803209 0.595698 0
    outer loop
      vertex 9.97763 6.66684 28.15
      vertex 9.27612 7.61272 14.85
      vertex 9.27612 7.61272 28.15
    endloop
  endfacet
  facet normal 0.803209 0.595698 0
    outer loop
      vertex 9.27612 7.61272 14.85
      vertex 9.97763 6.66684 28.15
      vertex 9.97763 6.66684 14.85
    endloop
  endfacet
  facet normal 0.803209 0.595698 0
    outer loop
      vertex 9.97763 6.66684 48.15
      vertex 9.27612 7.61272 31.85
      vertex 9.27612 7.61272 48.15
    endloop
  endfacet
  facet normal 0.803209 0.595698 0
    outer loop
      vertex 9.27612 7.61272 31.85
      vertex 9.97763 6.66684 48.15
      vertex 9.97763 6.66684 31.85
    endloop
  endfacet
  facet normal 0.803209 0.595698 0
    outer loop
      vertex 9.97763 6.66684 65.15
      vertex 9.27612 7.61272 51.85
      vertex 9.27612 7.61272 65.15
    endloop
  endfacet
  facet normal 0.803209 0.595698 0
    outer loop
      vertex 9.27612 7.61272 51.85
      vertex 9.97763 6.66684 65.15
      vertex 9.97763 6.66684 51.85
    endloop
  endfacet
  facet normal 0.989176 -0.146737 0
    outer loop
      vertex 11.7694 -2.34108 11.15
      vertex 11.9422 -1.17621 8
      vertex 11.9422 -1.17621 11.15
    endloop
  endfacet
  facet normal 0.989176 -0.146737 0
    outer loop
      vertex 11.9422 -1.17621 8
      vertex 11.7694 -2.34108 11.15
      vertex 11.7694 -2.34108 8
    endloop
  endfacet
  facet normal 0.989176 -0.146737 0
    outer loop
      vertex 11.7694 -2.34108 72
      vertex 11.9422 -1.17621 68.85
      vertex 11.9422 -1.17621 72
    endloop
  endfacet
  facet normal 0.989176 -0.146737 0
    outer loop
      vertex 11.9422 -1.17621 68.85
      vertex 11.7694 -2.34108 72
      vertex 11.7694 -2.34108 68.85
    endloop
  endfacet
  facet normal 0.989176 -0.146737 0
    outer loop
      vertex 11.7694 -2.34108 28.15
      vertex 11.9422 -1.17621 14.85
      vertex 11.9422 -1.17621 28.15
    endloop
  endfacet
  facet normal 0.989176 -0.146737 0
    outer loop
      vertex 11.9422 -1.17621 14.85
      vertex 11.7694 -2.34108 28.15
      vertex 11.7694 -2.34108 14.85
    endloop
  endfacet
  facet normal 0.989176 -0.146737 0
    outer loop
      vertex 11.7694 -2.34108 48.15
      vertex 11.9422 -1.17621 31.85
      vertex 11.9422 -1.17621 48.15
    endloop
  endfacet
  facet normal 0.989176 -0.146737 0
    outer loop
      vertex 11.9422 -1.17621 31.85
      vertex 11.7694 -2.34108 48.15
      vertex 11.7694 -2.34108 31.85
    endloop
  endfacet
  facet normal 0.989176 -0.146737 0
    outer loop
      vertex 11.7694 -2.34108 65.15
      vertex 11.9422 -1.17621 51.85
      vertex 11.9422 -1.17621 65.15
    endloop
  endfacet
  facet normal 0.989176 -0.146737 0
    outer loop
      vertex 11.9422 -1.17621 51.85
      vertex 11.7694 -2.34108 65.15
      vertex 11.7694 -2.34108 51.85
    endloop
  endfacet
  facet normal -0.146737 -0.989176 0
    outer loop
      vertex -2.34108 -11.7694 68.85
      vertex -1.17621 -11.9422 72
      vertex -2.34108 -11.7694 72
    endloop
  endfacet
  facet normal -0.146737 -0.989176 -0
    outer loop
      vertex -1.17621 -11.9422 72
      vertex -2.34108 -11.7694 68.85
      vertex -1.17621 -11.9422 68.85
    endloop
  endfacet
  facet normal -0.146737 -0.989176 0
    outer loop
      vertex -2.34108 -11.7694 8
      vertex -1.17621 -11.9422 11.15
      vertex -2.34108 -11.7694 11.15
    endloop
  endfacet
  facet normal -0.146737 -0.989176 -0
    outer loop
      vertex -1.17621 -11.9422 11.15
      vertex -2.34108 -11.7694 8
      vertex -1.17621 -11.9422 8
    endloop
  endfacet
  facet normal -0.146737 -0.989176 0
    outer loop
      vertex -2.34108 -11.7694 14.85
      vertex -1.17621 -11.9422 28.15
      vertex -2.34108 -11.7694 28.15
    endloop
  endfacet
  facet normal -0.146737 -0.989176 -0
    outer loop
      vertex -1.17621 -11.9422 28.15
      vertex -2.34108 -11.7694 14.85
      vertex -1.17621 -11.9422 14.85
    endloop
  endfacet
  facet normal -0.146737 -0.989176 0
    outer loop
      vertex -2.34108 -11.7694 31.85
      vertex -1.17621 -11.9422 48.15
      vertex -2.34108 -11.7694 48.15
    endloop
  endfacet
  facet normal -0.146737 -0.989176 -0
    outer loop
      vertex -1.17621 -11.9422 48.15
      vertex -2.34108 -11.7694 31.85
      vertex -1.17621 -11.9422 31.85
    endloop
  endfacet
  facet normal -0.146737 -0.989176 0
    outer loop
      vertex -2.34108 -11.7694 51.85
      vertex -1.17621 -11.9422 65.15
      vertex -2.34108 -11.7694 65.15
    endloop
  endfacet
  facet normal -0.146737 -0.989176 -0
    outer loop
      vertex -1.17621 -11.9422 65.15
      vertex -2.34108 -11.7694 51.85
      vertex -1.17621 -11.9422 51.85
    endloop
  endfacet
  facet normal -0.998795 -0.0490817 0
    outer loop
      vertex -11.9422 -1.17621 68.85
      vertex -12 0 72
      vertex -12 0 68.85
    endloop
  endfacet
  facet normal -0.998795 -0.0490817 0
    outer loop
      vertex -12 0 72
      vertex -11.9422 -1.17621 68.85
      vertex -11.9422 -1.17621 72
    endloop
  endfacet
  facet normal -0.998795 -0.0490817 0
    outer loop
      vertex -11.9422 -1.17621 8
      vertex -12 0 11.15
      vertex -12 0 8
    endloop
  endfacet
  facet normal -0.998795 -0.0490817 0
    outer loop
      vertex -12 0 11.15
      vertex -11.9422 -1.17621 8
      vertex -11.9422 -1.17621 11.15
    endloop
  endfacet
  facet normal -0.998795 -0.0490817 0
    outer loop
      vertex -11.9422 -1.17621 14.85
      vertex -12 0 28.15
      vertex -12 0 14.85
    endloop
  endfacet
  facet normal -0.998795 -0.0490817 0
    outer loop
      vertex -12 0 28.15
      vertex -11.9422 -1.17621 14.85
      vertex -11.9422 -1.17621 28.15
    endloop
  endfacet
  facet normal -0.998795 -0.0490817 0
    outer loop
      vertex -11.9422 -1.17621 31.85
      vertex -12 0 48.15
      vertex -12 0 31.85
    endloop
  endfacet
  facet normal -0.998795 -0.0490817 0
    outer loop
      vertex -12 0 48.15
      vertex -11.9422 -1.17621 31.85
      vertex -11.9422 -1.17621 48.15
    endloop
  endfacet
  facet normal -0.998795 -0.0490817 0
    outer loop
      vertex -11.9422 -1.17621 51.85
      vertex -12 0 65.15
      vertex -12 0 51.85
    endloop
  endfacet
  facet normal -0.998795 -0.0490817 0
    outer loop
      vertex -12 0 65.15
      vertex -11.9422 -1.17621 51.85
      vertex -11.9422 -1.17621 65.15
    endloop
  endfacet
  facet normal 0.0490817 0.998795 -0
    outer loop
      vertex 1.17621 11.9422 68.85
      vertex 0 12 72
      vertex 1.17621 11.9422 72
    endloop
  endfacet
  facet normal 0.0490817 0.998795 0
    outer loop
      vertex 0 12 72
      vertex 1.17621 11.9422 68.85
      vertex 0 12 68.85
    endloop
  endfacet
  facet normal 0.0490817 0.998795 -0
    outer loop
      vertex 1.17621 11.9422 8
      vertex 0 12 11.15
      vertex 1.17621 11.9422 11.15
    endloop
  endfacet
  facet normal 0.0490817 0.998795 0
    outer loop
      vertex 0 12 11.15
      vertex 1.17621 11.9422 8
      vertex 0 12 8
    endloop
  endfacet
  facet normal 0.0490817 0.998795 -0
    outer loop
      vertex 1.17621 11.9422 14.85
      vertex 0 12 28.15
      vertex 1.17621 11.9422 28.15
    endloop
  endfacet
  facet normal 0.0490817 0.998795 0
    outer loop
      vertex 0 12 28.15
      vertex 1.17621 11.9422 14.85
      vertex 0 12 14.85
    endloop
  endfacet
  facet normal 0.0490817 0.998795 -0
    outer loop
      vertex 1.17621 11.9422 31.85
      vertex 0 12 48.15
      vertex 1.17621 11.9422 48.15
    endloop
  endfacet
  facet normal 0.0490817 0.998795 0
    outer loop
      vertex 0 12 48.15
      vertex 1.17621 11.9422 31.85
      vertex 0 12 31.85
    endloop
  endfacet
  facet normal 0.0490817 0.998795 -0
    outer loop
      vertex 1.17621 11.9422 51.85
      vertex 0 12 65.15
      vertex 1.17621 11.9422 65.15
    endloop
  endfacet
  facet normal 0.0490817 0.998795 0
    outer loop
      vertex 0 12 65.15
      vertex 1.17621 11.9422 51.85
      vertex 0 12 51.85
    endloop
  endfacet
  facet normal 0.595698 0.803209 -0
    outer loop
      vertex 7.61272 9.27612 68.85
      vertex 6.66684 9.97763 72
      vertex 7.61272 9.27612 72
    endloop
  endfacet
  facet normal 0.595698 0.803209 0
    outer loop
      vertex 6.66684 9.97763 72
      vertex 7.61272 9.27612 68.85
      vertex 6.66684 9.97763 68.85
    endloop
  endfacet
  facet normal 0.595698 0.803209 -0
    outer loop
      vertex 7.61272 9.27612 8
      vertex 6.66684 9.97763 11.15
      vertex 7.61272 9.27612 11.15
    endloop
  endfacet
  facet normal 0.595698 0.803209 0
    outer loop
      vertex 6.66684 9.97763 11.15
      vertex 7.61272 9.27612 8
      vertex 6.66684 9.97763 8
    endloop
  endfacet
  facet normal 0.595698 0.803209 -0
    outer loop
      vertex 7.61272 9.27612 14.85
      vertex 6.66684 9.97763 28.15
      vertex 7.61272 9.27612 28.15
    endloop
  endfacet
  facet normal 0.595698 0.803209 0
    outer loop
      vertex 6.66684 9.97763 28.15
      vertex 7.61272 9.27612 14.85
      vertex 6.66684 9.97763 14.85
    endloop
  endfacet
  facet normal 0.595698 0.803209 -0
    outer loop
      vertex 7.61272 9.27612 31.85
      vertex 6.66684 9.97763 48.15
      vertex 7.61272 9.27612 48.15
    endloop
  endfacet
  facet normal 0.595698 0.803209 0
    outer loop
      vertex 6.66684 9.97763 48.15
      vertex 7.61272 9.27612 31.85
      vertex 6.66684 9.97763 31.85
    endloop
  endfacet
  facet normal 0.595698 0.803209 -0
    outer loop
      vertex 7.61272 9.27612 51.85
      vertex 6.66684 9.97763 65.15
      vertex 7.61272 9.27612 65.15
    endloop
  endfacet
  facet normal 0.595698 0.803209 0
    outer loop
      vertex 6.66684 9.97763 65.15
      vertex 7.61272 9.27612 51.85
      vertex 6.66684 9.97763 51.85
    endloop
  endfacet
  facet normal -0.941552 0.336869 0
    outer loop
      vertex -11.4833 3.48342 68.85
      vertex -11.0866 4.5922 72
      vertex -11.0866 4.5922 68.85
    endloop
  endfacet
  facet normal -0.941552 0.336869 0
    outer loop
      vertex -11.0866 4.5922 72
      vertex -11.4833 3.48342 68.85
      vertex -11.4833 3.48342 72
    endloop
  endfacet
  facet normal -0.941552 0.336869 0
    outer loop
      vertex -11.4833 3.48342 8
      vertex -11.0866 4.5922 11.15
      vertex -11.0866 4.5922 8
    endloop
  endfacet
  facet normal -0.941552 0.336869 0
    outer loop
      vertex -11.0866 4.5922 11.15
      vertex -11.4833 3.48342 8
      vertex -11.4833 3.48342 11.15
    endloop
  endfacet
  facet normal -0.941552 0.336869 0
    outer loop
      vertex -11.4833 3.48342 14.85
      vertex -11.0866 4.5922 28.15
      vertex -11.0866 4.5922 14.85
    endloop
  endfacet
  facet normal -0.941552 0.336869 0
    outer loop
      vertex -11.0866 4.5922 28.15
      vertex -11.4833 3.48342 14.85
      vertex -11.4833 3.48342 28.15
    endloop
  endfacet
  facet normal -0.941552 0.336869 0
    outer loop
      vertex -11.4833 3.48342 31.85
      vertex -11.0866 4.5922 48.15
      vertex -11.0866 4.5922 31.85
    endloop
  endfacet
  facet normal -0.941552 0.336869 0
    outer loop
      vertex -11.0866 4.5922 48.15
      vertex -11.4833 3.48342 31.85
      vertex -11.4833 3.48342 48.15
    endloop
  endfacet
  facet normal -0.941552 0.336869 0
    outer loop
      vertex -11.4833 3.48342 51.85
      vertex -11.0866 4.5922 65.15
      vertex -11.0866 4.5922 51.85
    endloop
  endfacet
  facet normal -0.941552 0.336869 0
    outer loop
      vertex -11.0866 4.5922 65.15
      vertex -11.4833 3.48342 51.85
      vertex -11.4833 3.48342 65.15
    endloop
  endfacet
  facet normal -0.0490817 0.998795 0
    outer loop
      vertex 0 12 68.85
      vertex -1.17621 11.9422 72
      vertex 0 12 72
    endloop
  endfacet
  facet normal -0.0490817 0.998795 0
    outer loop
      vertex -1.17621 11.9422 72
      vertex 0 12 68.85
      vertex -1.17621 11.9422 68.85
    endloop
  endfacet
  facet normal -0.0490817 0.998795 0
    outer loop
      vertex 0 12 8
      vertex -1.17621 11.9422 11.15
      vertex 0 12 11.15
    endloop
  endfacet
  facet normal -0.0490817 0.998795 0
    outer loop
      vertex -1.17621 11.9422 11.15
      vertex 0 12 8
      vertex -1.17621 11.9422 8
    endloop
  endfacet
  facet normal -0.0490817 0.998795 0
    outer loop
      vertex 0 12 14.85
      vertex -1.17621 11.9422 28.15
      vertex 0 12 28.15
    endloop
  endfacet
  facet normal -0.0490817 0.998795 0
    outer loop
      vertex -1.17621 11.9422 28.15
      vertex 0 12 14.85
      vertex -1.17621 11.9422 14.85
    endloop
  endfacet
  facet normal -0.0490817 0.998795 0
    outer loop
      vertex 0 12 31.85
      vertex -1.17621 11.9422 48.15
      vertex 0 12 48.15
    endloop
  endfacet
  facet normal -0.0490817 0.998795 0
    outer loop
      vertex -1.17621 11.9422 48.15
      vertex 0 12 31.85
      vertex -1.17621 11.9422 31.85
    endloop
  endfacet
  facet normal -0.0490817 0.998795 0
    outer loop
      vertex 0 12 51.85
      vertex -1.17621 11.9422 65.15
      vertex 0 12 65.15
    endloop
  endfacet
  facet normal -0.0490817 0.998795 0
    outer loop
      vertex -1.17621 11.9422 65.15
      vertex 0 12 51.85
      vertex -1.17621 11.9422 51.85
    endloop
  endfacet
  facet normal 0.514135 -0.857709 0
    outer loop
      vertex 5.65676 -10.5831 8
      vertex 6.66684 -9.97763 11.15
      vertex 5.65676 -10.5831 11.15
    endloop
  endfacet
  facet normal 0.514135 -0.857709 0
    outer loop
      vertex 6.66684 -9.97763 11.15
      vertex 5.65676 -10.5831 8
      vertex 6.66684 -9.97763 8
    endloop
  endfacet
  facet normal 0.514135 -0.857709 0
    outer loop
      vertex 5.65676 -10.5831 68.85
      vertex 6.66684 -9.97763 72
      vertex 5.65676 -10.5831 72
    endloop
  endfacet
  facet normal 0.514135 -0.857709 0
    outer loop
      vertex 6.66684 -9.97763 72
      vertex 5.65676 -10.5831 68.85
      vertex 6.66684 -9.97763 68.85
    endloop
  endfacet
  facet normal 0.514135 -0.857709 0
    outer loop
      vertex 5.65676 -10.5831 14.85
      vertex 6.66684 -9.97763 28.15
      vertex 5.65676 -10.5831 28.15
    endloop
  endfacet
  facet normal 0.514135 -0.857709 0
    outer loop
      vertex 6.66684 -9.97763 28.15
      vertex 5.65676 -10.5831 14.85
      vertex 6.66684 -9.97763 14.85
    endloop
  endfacet
  facet normal 0.514135 -0.857709 0
    outer loop
      vertex 5.65676 -10.5831 31.85
      vertex 6.66684 -9.97763 48.15
      vertex 5.65676 -10.5831 48.15
    endloop
  endfacet
  facet normal 0.514135 -0.857709 0
    outer loop
      vertex 6.66684 -9.97763 48.15
      vertex 5.65676 -10.5831 31.85
      vertex 6.66684 -9.97763 31.85
    endloop
  endfacet
  facet normal 0.514135 -0.857709 0
    outer loop
      vertex 5.65676 -10.5831 51.85
      vertex 6.66684 -9.97763 65.15
      vertex 5.65676 -10.5831 65.15
    endloop
  endfacet
  facet normal 0.514135 -0.857709 0
    outer loop
      vertex 6.66684 -9.97763 65.15
      vertex 5.65676 -10.5831 51.85
      vertex 6.66684 -9.97763 51.85
    endloop
  endfacet
  facet normal -0.97004 0.242947 0
    outer loop
      vertex -11.7694 2.34108 8
      vertex -11.4833 3.48342 11.15
      vertex -11.4833 3.48342 8
    endloop
  endfacet
  facet normal -0.97004 0.242947 0
    outer loop
      vertex -11.4833 3.48342 11.15
      vertex -11.7694 2.34108 8
      vertex -11.7694 2.34108 11.15
    endloop
  endfacet
  facet normal -0.97004 0.242947 0
    outer loop
      vertex -11.7694 2.34108 68.85
      vertex -11.4833 3.48342 72
      vertex -11.4833 3.48342 68.85
    endloop
  endfacet
  facet normal -0.97004 0.242947 0
    outer loop
      vertex -11.4833 3.48342 72
      vertex -11.7694 2.34108 68.85
      vertex -11.7694 2.34108 72
    endloop
  endfacet
  facet normal -0.97004 0.242947 0
    outer loop
      vertex -11.7694 2.34108 14.85
      vertex -11.4833 3.48342 28.15
      vertex -11.4833 3.48342 14.85
    endloop
  endfacet
  facet normal -0.97004 0.242947 0
    outer loop
      vertex -11.4833 3.48342 28.15
      vertex -11.7694 2.34108 14.85
      vertex -11.7694 2.34108 28.15
    endloop
  endfacet
  facet normal -0.97004 0.242947 0
    outer loop
      vertex -11.7694 2.34108 31.85
      vertex -11.4833 3.48342 48.15
      vertex -11.4833 3.48342 31.85
    endloop
  endfacet
  facet normal -0.97004 0.242947 0
    outer loop
      vertex -11.4833 3.48342 48.15
      vertex -11.7694 2.34108 31.85
      vertex -11.7694 2.34108 48.15
    endloop
  endfacet
  facet normal -0.97004 0.242947 0
    outer loop
      vertex -11.7694 2.34108 51.85
      vertex -11.4833 3.48342 65.15
      vertex -11.4833 3.48342 51.85
    endloop
  endfacet
  facet normal -0.97004 0.242947 0
    outer loop
      vertex -11.4833 3.48342 65.15
      vertex -11.7694 2.34108 51.85
      vertex -11.7694 2.34108 65.15
    endloop
  endfacet
  facet normal -0.671558 0.740952 0
    outer loop
      vertex -7.61272 9.27612 68.85
      vertex -8.48528 8.48528 72
      vertex -7.61272 9.27612 72
    endloop
  endfacet
  facet normal -0.671558 0.740952 0
    outer loop
      vertex -8.48528 8.48528 72
      vertex -7.61272 9.27612 68.85
      vertex -8.48528 8.48528 68.85
    endloop
  endfacet
  facet normal -0.671558 0.740952 0
    outer loop
      vertex -7.61272 9.27612 8
      vertex -8.48528 8.48528 11.15
      vertex -7.61272 9.27612 11.15
    endloop
  endfacet
  facet normal -0.671558 0.740952 0
    outer loop
      vertex -8.48528 8.48528 11.15
      vertex -7.61272 9.27612 8
      vertex -8.48528 8.48528 8
    endloop
  endfacet
  facet normal -0.671558 0.740952 0
    outer loop
      vertex -7.61272 9.27612 14.85
      vertex -8.48528 8.48528 28.15
      vertex -7.61272 9.27612 28.15
    endloop
  endfacet
  facet normal -0.671558 0.740952 0
    outer loop
      vertex -8.48528 8.48528 28.15
      vertex -7.61272 9.27612 14.85
      vertex -8.48528 8.48528 14.85
    endloop
  endfacet
  facet normal -0.671558 0.740952 0
    outer loop
      vertex -7.61272 9.27612 31.85
      vertex -8.48528 8.48528 48.15
      vertex -7.61272 9.27612 48.15
    endloop
  endfacet
  facet normal -0.671558 0.740952 0
    outer loop
      vertex -8.48528 8.48528 48.15
      vertex -7.61272 9.27612 31.85
      vertex -8.48528 8.48528 31.85
    endloop
  endfacet
  facet normal -0.671558 0.740952 0
    outer loop
      vertex -7.61272 9.27612 51.85
      vertex -8.48528 8.48528 65.15
      vertex -7.61272 9.27612 65.15
    endloop
  endfacet
  facet normal -0.671558 0.740952 0
    outer loop
      vertex -8.48528 8.48528 65.15
      vertex -7.61272 9.27612 51.85
      vertex -8.48528 8.48528 51.85
    endloop
  endfacet
  facet normal -0.941552 -0.336869 0
    outer loop
      vertex -11.0866 -4.5922 8
      vertex -11.4833 -3.48342 11.15
      vertex -11.4833 -3.48342 8
    endloop
  endfacet
  facet normal -0.941552 -0.336869 0
    outer loop
      vertex -11.4833 -3.48342 11.15
      vertex -11.0866 -4.5922 8
      vertex -11.0866 -4.5922 11.15
    endloop
  endfacet
  facet normal -0.941552 -0.336869 0
    outer loop
      vertex -11.0866 -4.5922 68.85
      vertex -11.4833 -3.48342 72
      vertex -11.4833 -3.48342 68.85
    endloop
  endfacet
  facet normal -0.941552 -0.336869 0
    outer loop
      vertex -11.4833 -3.48342 72
      vertex -11.0866 -4.5922 68.85
      vertex -11.0866 -4.5922 72
    endloop
  endfacet
  facet normal -0.941552 -0.336869 0
    outer loop
      vertex -11.0866 -4.5922 14.85
      vertex -11.4833 -3.48342 28.15
      vertex -11.4833 -3.48342 14.85
    endloop
  endfacet
  facet normal -0.941552 -0.336869 0
    outer loop
      vertex -11.4833 -3.48342 28.15
      vertex -11.0866 -4.5922 14.85
      vertex -11.0866 -4.5922 28.15
    endloop
  endfacet
  facet normal -0.941552 -0.336869 0
    outer loop
      vertex -11.0866 -4.5922 31.85
      vertex -11.4833 -3.48342 48.15
      vertex -11.4833 -3.48342 31.85
    endloop
  endfacet
  facet normal -0.941552 -0.336869 0
    outer loop
      vertex -11.4833 -3.48342 48.15
      vertex -11.0866 -4.5922 31.85
      vertex -11.0866 -4.5922 48.15
    endloop
  endfacet
  facet normal -0.941552 -0.336869 0
    outer loop
      vertex -11.0866 -4.5922 51.85
      vertex -11.4833 -3.48342 65.15
      vertex -11.4833 -3.48342 51.85
    endloop
  endfacet
  facet normal -0.941552 -0.336869 0
    outer loop
      vertex -11.4833 -3.48342 65.15
      vertex -11.0866 -4.5922 51.85
      vertex -11.0866 -4.5922 65.15
    endloop
  endfacet
  facet normal -0.857709 0.514135 0
    outer loop
      vertex -10.5831 5.65676 8
      vertex -9.97763 6.66684 11.15
      vertex -9.97763 6.66684 8
    endloop
  endfacet
  facet normal -0.857709 0.514135 0
    outer loop
      vertex -9.97763 6.66684 11.15
      vertex -10.5831 5.65676 8
      vertex -10.5831 5.65676 11.15
    endloop
  endfacet
  facet normal -0.857709 0.514135 0
    outer loop
      vertex -10.5831 5.65676 68.85
      vertex -9.97763 6.66684 72
      vertex -9.97763 6.66684 68.85
    endloop
  endfacet
  facet normal -0.857709 0.514135 0
    outer loop
      vertex -9.97763 6.66684 72
      vertex -10.5831 5.65676 68.85
      vertex -10.5831 5.65676 72
    endloop
  endfacet
  facet normal -0.857709 0.514135 0
    outer loop
      vertex -10.5831 5.65676 14.85
      vertex -9.97763 6.66684 28.15
      vertex -9.97763 6.66684 14.85
    endloop
  endfacet
  facet normal -0.857709 0.514135 0
    outer loop
      vertex -9.97763 6.66684 28.15
      vertex -10.5831 5.65676 14.85
      vertex -10.5831 5.65676 28.15
    endloop
  endfacet
  facet normal -0.857709 0.514135 0
    outer loop
      vertex -10.5831 5.65676 31.85
      vertex -9.97763 6.66684 48.15
      vertex -9.97763 6.66684 31.85
    endloop
  endfacet
  facet normal -0.857709 0.514135 0
    outer loop
      vertex -9.97763 6.66684 48.15
      vertex -10.5831 5.65676 31.85
      vertex -10.5831 5.65676 48.15
    endloop
  endfacet
  facet normal -0.857709 0.514135 0
    outer loop
      vertex -10.5831 5.65676 51.85
      vertex -9.97763 6.66684 65.15
      vertex -9.97763 6.66684 51.85
    endloop
  endfacet
  facet normal -0.857709 0.514135 0
    outer loop
      vertex -9.97763 6.66684 65.15
      vertex -10.5831 5.65676 51.85
      vertex -10.5831 5.65676 65.15
    endloop
  endfacet
  facet normal 0.903989 -0.427556 0
    outer loop
      vertex 10.5831 -5.65676 11.15
      vertex 11.0866 -4.5922 8
      vertex 11.0866 -4.5922 11.15
    endloop
  endfacet
  facet normal 0.903989 -0.427556 0
    outer loop
      vertex 11.0866 -4.5922 8
      vertex 10.5831 -5.65676 11.15
      vertex 10.5831 -5.65676 8
    endloop
  endfacet
  facet normal 0.903989 -0.427556 0
    outer loop
      vertex 10.5831 -5.65676 72
      vertex 11.0866 -4.5922 68.85
      vertex 11.0866 -4.5922 72
    endloop
  endfacet
  facet normal 0.903989 -0.427556 0
    outer loop
      vertex 11.0866 -4.5922 68.85
      vertex 10.5831 -5.65676 72
      vertex 10.5831 -5.65676 68.85
    endloop
  endfacet
  facet normal 0.903989 -0.427556 0
    outer loop
      vertex 10.5831 -5.65676 28.15
      vertex 11.0866 -4.5922 14.85
      vertex 11.0866 -4.5922 28.15
    endloop
  endfacet
  facet normal 0.903989 -0.427556 0
    outer loop
      vertex 11.0866 -4.5922 14.85
      vertex 10.5831 -5.65676 28.15
      vertex 10.5831 -5.65676 14.85
    endloop
  endfacet
  facet normal 0.903989 -0.427556 0
    outer loop
      vertex 10.5831 -5.65676 48.15
      vertex 11.0866 -4.5922 31.85
      vertex 11.0866 -4.5922 48.15
    endloop
  endfacet
  facet normal 0.903989 -0.427556 0
    outer loop
      vertex 11.0866 -4.5922 31.85
      vertex 10.5831 -5.65676 48.15
      vertex 10.5831 -5.65676 31.85
    endloop
  endfacet
  facet normal 0.903989 -0.427556 0
    outer loop
      vertex 10.5831 -5.65676 65.15
      vertex 11.0866 -4.5922 51.85
      vertex 11.0866 -4.5922 65.15
    endloop
  endfacet
  facet normal 0.903989 -0.427556 0
    outer loop
      vertex 11.0866 -4.5922 51.85
      vertex 10.5831 -5.65676 65.15
      vertex 10.5831 -5.65676 51.85
    endloop
  endfacet
  facet normal -0.336869 -0.941552 0
    outer loop
      vertex -4.5922 -11.0866 68.85
      vertex -3.48342 -11.4833 72
      vertex -4.5922 -11.0866 72
    endloop
  endfacet
  facet normal -0.336869 -0.941552 -0
    outer loop
      vertex -3.48342 -11.4833 72
      vertex -4.5922 -11.0866 68.85
      vertex -3.48342 -11.4833 68.85
    endloop
  endfacet
  facet normal -0.336869 -0.941552 0
    outer loop
      vertex -4.5922 -11.0866 8
      vertex -3.48342 -11.4833 11.15
      vertex -4.5922 -11.0866 11.15
    endloop
  endfacet
  facet normal -0.336869 -0.941552 -0
    outer loop
      vertex -3.48342 -11.4833 11.15
      vertex -4.5922 -11.0866 8
      vertex -3.48342 -11.4833 8
    endloop
  endfacet
  facet normal -0.336869 -0.941552 0
    outer loop
      vertex -4.5922 -11.0866 14.85
      vertex -3.48342 -11.4833 28.15
      vertex -4.5922 -11.0866 28.15
    endloop
  endfacet
  facet normal -0.336869 -0.941552 -0
    outer loop
      vertex -3.48342 -11.4833 28.15
      vertex -4.5922 -11.0866 14.85
      vertex -3.48342 -11.4833 14.85
    endloop
  endfacet
  facet normal -0.336869 -0.941552 0
    outer loop
      vertex -4.5922 -11.0866 31.85
      vertex -3.48342 -11.4833 48.15
      vertex -4.5922 -11.0866 48.15
    endloop
  endfacet
  facet normal -0.336869 -0.941552 -0
    outer loop
      vertex -3.48342 -11.4833 48.15
      vertex -4.5922 -11.0866 31.85
      vertex -3.48342 -11.4833 31.85
    endloop
  endfacet
  facet normal -0.336869 -0.941552 0
    outer loop
      vertex -4.5922 -11.0866 51.85
      vertex -3.48342 -11.4833 65.15
      vertex -4.5922 -11.0866 65.15
    endloop
  endfacet
  facet normal -0.336869 -0.941552 -0
    outer loop
      vertex -3.48342 -11.4833 65.15
      vertex -4.5922 -11.0866 51.85
      vertex -3.48342 -11.4833 51.85
    endloop
  endfacet
  facet normal 0.427556 -0.903989 0
    outer loop
      vertex 4.5922 -11.0866 8
      vertex 5.65676 -10.5831 11.15
      vertex 4.5922 -11.0866 11.15
    endloop
  endfacet
  facet normal 0.427556 -0.903989 0
    outer loop
      vertex 5.65676 -10.5831 11.15
      vertex 4.5922 -11.0866 8
      vertex 5.65676 -10.5831 8
    endloop
  endfacet
  facet normal 0.427556 -0.903989 0
    outer loop
      vertex 4.5922 -11.0866 68.85
      vertex 5.65676 -10.5831 72
      vertex 4.5922 -11.0866 72
    endloop
  endfacet
  facet normal 0.427556 -0.903989 0
    outer loop
      vertex 5.65676 -10.5831 72
      vertex 4.5922 -11.0866 68.85
      vertex 5.65676 -10.5831 68.85
    endloop
  endfacet
  facet normal 0.427556 -0.903989 0
    outer loop
      vertex 4.5922 -11.0866 14.85
      vertex 5.65676 -10.5831 28.15
      vertex 4.5922 -11.0866 28.15
    endloop
  endfacet
  facet normal 0.427556 -0.903989 0
    outer loop
      vertex 5.65676 -10.5831 28.15
      vertex 4.5922 -11.0866 14.85
      vertex 5.65676 -10.5831 14.85
    endloop
  endfacet
  facet normal 0.427556 -0.903989 0
    outer loop
      vertex 4.5922 -11.0866 31.85
      vertex 5.65676 -10.5831 48.15
      vertex 4.5922 -11.0866 48.15
    endloop
  endfacet
  facet normal 0.427556 -0.903989 0
    outer loop
      vertex 5.65676 -10.5831 48.15
      vertex 4.5922 -11.0866 31.85
      vertex 5.65676 -10.5831 31.85
    endloop
  endfacet
  facet normal 0.427556 -0.903989 0
    outer loop
      vertex 4.5922 -11.0866 51.85
      vertex 5.65676 -10.5831 65.15
      vertex 4.5922 -11.0866 65.15
    endloop
  endfacet
  facet normal 0.427556 -0.903989 0
    outer loop
      vertex 5.65676 -10.5831 65.15
      vertex 4.5922 -11.0866 51.85
      vertex 5.65676 -10.5831 51.85
    endloop
  endfacet
  facet normal 0.146737 0.989176 -0
    outer loop
      vertex 2.34108 11.7694 68.85
      vertex 1.17621 11.9422 72
      vertex 2.34108 11.7694 72
    endloop
  endfacet
  facet normal 0.146737 0.989176 0
    outer loop
      vertex 1.17621 11.9422 72
      vertex 2.34108 11.7694 68.85
      vertex 1.17621 11.9422 68.85
    endloop
  endfacet
  facet normal 0.146737 0.989176 -0
    outer loop
      vertex 2.34108 11.7694 8
      vertex 1.17621 11.9422 11.15
      vertex 2.34108 11.7694 11.15
    endloop
  endfacet
  facet normal 0.146737 0.989176 0
    outer loop
      vertex 1.17621 11.9422 11.15
      vertex 2.34108 11.7694 8
      vertex 1.17621 11.9422 8
    endloop
  endfacet
  facet normal 0.146737 0.989176 -0
    outer loop
      vertex 2.34108 11.7694 14.85
      vertex 1.17621 11.9422 28.15
      vertex 2.34108 11.7694 28.15
    endloop
  endfacet
  facet normal 0.146737 0.989176 0
    outer loop
      vertex 1.17621 11.9422 28.15
      vertex 2.34108 11.7694 14.85
      vertex 1.17621 11.9422 14.85
    endloop
  endfacet
  facet normal 0.146737 0.989176 -0
    outer loop
      vertex 2.34108 11.7694 31.85
      vertex 1.17621 11.9422 48.15
      vertex 2.34108 11.7694 48.15
    endloop
  endfacet
  facet normal 0.146737 0.989176 0
    outer loop
      vertex 1.17621 11.9422 48.15
      vertex 2.34108 11.7694 31.85
      vertex 1.17621 11.9422 31.85
    endloop
  endfacet
  facet normal 0.146737 0.989176 -0
    outer loop
      vertex 2.34108 11.7694 51.85
      vertex 1.17621 11.9422 65.15
      vertex 2.34108 11.7694 65.15
    endloop
  endfacet
  facet normal 0.146737 0.989176 0
    outer loop
      vertex 1.17621 11.9422 65.15
      vertex 2.34108 11.7694 51.85
      vertex 1.17621 11.9422 51.85
    endloop
  endfacet
  facet normal 0.998795 -0.0490817 0
    outer loop
      vertex 11.9422 -1.17621 72
      vertex 12 0 68.85
      vertex 12 0 72
    endloop
  endfacet
  facet normal 0.998795 -0.0490817 0
    outer loop
      vertex 12 0 68.85
      vertex 11.9422 -1.17621 72
      vertex 11.9422 -1.17621 68.85
    endloop
  endfacet
  facet normal 0.998795 -0.0490817 0
    outer loop
      vertex 11.9422 -1.17621 11.15
      vertex 12 0 8
      vertex 12 0 11.15
    endloop
  endfacet
  facet normal 0.998795 -0.0490817 0
    outer loop
      vertex 12 0 8
      vertex 11.9422 -1.17621 11.15
      vertex 11.9422 -1.17621 8
    endloop
  endfacet
  facet normal 0.998795 -0.0490817 0
    outer loop
      vertex 11.9422 -1.17621 28.15
      vertex 12 0 14.85
      vertex 12 0 28.15
    endloop
  endfacet
  facet normal 0.998795 -0.0490817 0
    outer loop
      vertex 12 0 14.85
      vertex 11.9422 -1.17621 28.15
      vertex 11.9422 -1.17621 14.85
    endloop
  endfacet
  facet normal 0.998795 -0.0490817 0
    outer loop
      vertex 11.9422 -1.17621 48.15
      vertex 12 0 31.85
      vertex 12 0 48.15
    endloop
  endfacet
  facet normal 0.998795 -0.0490817 0
    outer loop
      vertex 12 0 31.85
      vertex 11.9422 -1.17621 48.15
      vertex 11.9422 -1.17621 31.85
    endloop
  endfacet
  facet normal 0.998795 -0.0490817 0
    outer loop
      vertex 11.9422 -1.17621 65.15
      vertex 12 0 51.85
      vertex 12 0 65.15
    endloop
  endfacet
  facet normal 0.998795 -0.0490817 0
    outer loop
      vertex 12 0 51.85
      vertex 11.9422 -1.17621 65.15
      vertex 11.9422 -1.17621 51.85
    endloop
  endfacet
  facet normal 0.146737 -0.989176 0
    outer loop
      vertex 1.17621 -11.9422 68.85
      vertex 2.34108 -11.7694 72
      vertex 1.17621 -11.9422 72
    endloop
  endfacet
  facet normal 0.146737 -0.989176 0
    outer loop
      vertex 2.34108 -11.7694 72
      vertex 1.17621 -11.9422 68.85
      vertex 2.34108 -11.7694 68.85
    endloop
  endfacet
  facet normal 0.146737 -0.989176 0
    outer loop
      vertex 1.17621 -11.9422 8
      vertex 2.34108 -11.7694 11.15
      vertex 1.17621 -11.9422 11.15
    endloop
  endfacet
  facet normal 0.146737 -0.989176 0
    outer loop
      vertex 2.34108 -11.7694 11.15
      vertex 1.17621 -11.9422 8
      vertex 2.34108 -11.7694 8
    endloop
  endfacet
  facet normal 0.146737 -0.989176 0
    outer loop
      vertex 1.17621 -11.9422 14.85
      vertex 2.34108 -11.7694 28.15
      vertex 1.17621 -11.9422 28.15
    endloop
  endfacet
  facet normal 0.146737 -0.989176 0
    outer loop
      vertex 2.34108 -11.7694 28.15
      vertex 1.17621 -11.9422 14.85
      vertex 2.34108 -11.7694 14.85
    endloop
  endfacet
  facet normal 0.146737 -0.989176 0
    outer loop
      vertex 1.17621 -11.9422 31.85
      vertex 2.34108 -11.7694 48.15
      vertex 1.17621 -11.9422 48.15
    endloop
  endfacet
  facet normal 0.146737 -0.989176 0
    outer loop
      vertex 2.34108 -11.7694 48.15
      vertex 1.17621 -11.9422 31.85
      vertex 2.34108 -11.7694 31.85
    endloop
  endfacet
  facet normal 0.146737 -0.989176 0
    outer loop
      vertex 1.17621 -11.9422 51.85
      vertex 2.34108 -11.7694 65.15
      vertex 1.17621 -11.9422 65.15
    endloop
  endfacet
  facet normal 0.146737 -0.989176 0
    outer loop
      vertex 2.34108 -11.7694 65.15
      vertex 1.17621 -11.9422 51.85
      vertex 2.34108 -11.7694 51.85
    endloop
  endfacet
  facet normal -0.242947 -0.97004 0
    outer loop
      vertex -3.48342 -11.4833 68.85
      vertex -2.34108 -11.7694 72
      vertex -3.48342 -11.4833 72
    endloop
  endfacet
  facet normal -0.242947 -0.97004 -0
    outer loop
      vertex -2.34108 -11.7694 72
      vertex -3.48342 -11.4833 68.85
      vertex -2.34108 -11.7694 68.85
    endloop
  endfacet
  facet normal -0.242947 -0.97004 0
    outer loop
      vertex -3.48342 -11.4833 8
      vertex -2.34108 -11.7694 11.15
      vertex -3.48342 -11.4833 11.15
    endloop
  endfacet
  facet normal -0.242947 -0.97004 -0
    outer loop
      vertex -2.34108 -11.7694 11.15
      vertex -3.48342 -11.4833 8
      vertex -2.34108 -11.7694 8
    endloop
  endfacet
  facet normal -0.242947 -0.97004 0
    outer loop
      vertex -3.48342 -11.4833 14.85
      vertex -2.34108 -11.7694 28.15
      vertex -3.48342 -11.4833 28.15
    endloop
  endfacet
  facet normal -0.242947 -0.97004 -0
    outer loop
      vertex -2.34108 -11.7694 28.15
      vertex -3.48342 -11.4833 14.85
      vertex -2.34108 -11.7694 14.85
    endloop
  endfacet
  facet normal -0.242947 -0.97004 0
    outer loop
      vertex -3.48342 -11.4833 31.85
      vertex -2.34108 -11.7694 48.15
      vertex -3.48342 -11.4833 48.15
    endloop
  endfacet
  facet normal -0.242947 -0.97004 -0
    outer loop
      vertex -2.34108 -11.7694 48.15
      vertex -3.48342 -11.4833 31.85
      vertex -2.34108 -11.7694 31.85
    endloop
  endfacet
  facet normal -0.242947 -0.97004 0
    outer loop
      vertex -3.48342 -11.4833 51.85
      vertex -2.34108 -11.7694 65.15
      vertex -3.48342 -11.4833 65.15
    endloop
  endfacet
  facet normal -0.242947 -0.97004 -0
    outer loop
      vertex -2.34108 -11.7694 65.15
      vertex -3.48342 -11.4833 51.85
      vertex -2.34108 -11.7694 51.85
    endloop
  endfacet
  facet normal 0.857709 -0.514135 0
    outer loop
      vertex 9.97763 -6.66684 11.15
      vertex 10.5831 -5.65676 8
      vertex 10.5831 -5.65676 11.15
    endloop
  endfacet
  facet normal 0.857709 -0.514135 0
    outer loop
      vertex 10.5831 -5.65676 8
      vertex 9.97763 -6.66684 11.15
      vertex 9.97763 -6.66684 8
    endloop
  endfacet
  facet normal 0.857709 -0.514135 0
    outer loop
      vertex 9.97763 -6.66684 72
      vertex 10.5831 -5.65676 68.85
      vertex 10.5831 -5.65676 72
    endloop
  endfacet
  facet normal 0.857709 -0.514135 0
    outer loop
      vertex 10.5831 -5.65676 68.85
      vertex 9.97763 -6.66684 72
      vertex 9.97763 -6.66684 68.85
    endloop
  endfacet
  facet normal 0.857709 -0.514135 0
    outer loop
      vertex 9.97763 -6.66684 28.15
      vertex 10.5831 -5.65676 14.85
      vertex 10.5831 -5.65676 28.15
    endloop
  endfacet
  facet normal 0.857709 -0.514135 0
    outer loop
      vertex 10.5831 -5.65676 14.85
      vertex 9.97763 -6.66684 28.15
      vertex 9.97763 -6.66684 14.85
    endloop
  endfacet
  facet normal 0.857709 -0.514135 0
    outer loop
      vertex 9.97763 -6.66684 48.15
      vertex 10.5831 -5.65676 31.85
      vertex 10.5831 -5.65676 48.15
    endloop
  endfacet
  facet normal 0.857709 -0.514135 0
    outer loop
      vertex 10.5831 -5.65676 31.85
      vertex 9.97763 -6.66684 48.15
      vertex 9.97763 -6.66684 31.85
    endloop
  endfacet
  facet normal 0.857709 -0.514135 0
    outer loop
      vertex 9.97763 -6.66684 65.15
      vertex 10.5831 -5.65676 51.85
      vertex 10.5831 -5.65676 65.15
    endloop
  endfacet
  facet normal 0.857709 -0.514135 0
    outer loop
      vertex 10.5831 -5.65676 51.85
      vertex 9.97763 -6.66684 65.15
      vertex 9.97763 -6.66684 51.85
    endloop
  endfacet
  facet normal -0.740952 0.671558 0
    outer loop
      vertex -9.27612 7.61272 68.85
      vertex -8.48528 8.48528 72
      vertex -8.48528 8.48528 68.85
    endloop
  endfacet
  facet normal -0.740952 0.671558 0
    outer loop
      vertex -8.48528 8.48528 72
      vertex -9.27612 7.61272 68.85
      vertex -9.27612 7.61272 72
    endloop
  endfacet
  facet normal -0.740952 0.671558 0
    outer loop
      vertex -9.27612 7.61272 8
      vertex -8.48528 8.48528 11.15
      vertex -8.48528 8.48528 8
    endloop
  endfacet
  facet normal -0.740952 0.671558 0
    outer loop
      vertex -8.48528 8.48528 11.15
      vertex -9.27612 7.61272 8
      vertex -9.27612 7.61272 11.15
    endloop
  endfacet
  facet normal -0.740952 0.671558 0
    outer loop
      vertex -9.27612 7.61272 14.85
      vertex -8.48528 8.48528 28.15
      vertex -8.48528 8.48528 14.85
    endloop
  endfacet
  facet normal -0.740952 0.671558 0
    outer loop
      vertex -8.48528 8.48528 28.15
      vertex -9.27612 7.61272 14.85
      vertex -9.27612 7.61272 28.15
    endloop
  endfacet
  facet normal -0.740952 0.671558 0
    outer loop
      vertex -9.27612 7.61272 31.85
      vertex -8.48528 8.48528 48.15
      vertex -8.48528 8.48528 31.85
    endloop
  endfacet
  facet normal -0.740952 0.671558 0
    outer loop
      vertex -8.48528 8.48528 48.15
      vertex -9.27612 7.61272 31.85
      vertex -9.27612 7.61272 48.15
    endloop
  endfacet
  facet normal -0.740952 0.671558 0
    outer loop
      vertex -9.27612 7.61272 51.85
      vertex -8.48528 8.48528 65.15
      vertex -8.48528 8.48528 51.85
    endloop
  endfacet
  facet normal -0.740952 0.671558 0
    outer loop
      vertex -8.48528 8.48528 65.15
      vertex -9.27612 7.61272 51.85
      vertex -9.27612 7.61272 65.15
    endloop
  endfacet
  facet normal 0.941552 -0.336869 0
    outer loop
      vertex 11.0866 -4.5922 11.15
      vertex 11.4833 -3.48342 8
      vertex 11.4833 -3.48342 11.15
    endloop
  endfacet
  facet normal 0.941552 -0.336869 0
    outer loop
      vertex 11.4833 -3.48342 8
      vertex 11.0866 -4.5922 11.15
      vertex 11.0866 -4.5922 8
    endloop
  endfacet
  facet normal 0.941552 -0.336869 0
    outer loop
      vertex 11.0866 -4.5922 72
      vertex 11.4833 -3.48342 68.85
      vertex 11.4833 -3.48342 72
    endloop
  endfacet
  facet normal 0.941552 -0.336869 0
    outer loop
      vertex 11.4833 -3.48342 68.85
      vertex 11.0866 -4.5922 72
      vertex 11.0866 -4.5922 68.85
    endloop
  endfacet
  facet normal 0.941552 -0.336869 0
    outer loop
      vertex 11.0866 -4.5922 28.15
      vertex 11.4833 -3.48342 14.85
      vertex 11.4833 -3.48342 28.15
    endloop
  endfacet
  facet normal 0.941552 -0.336869 0
    outer loop
      vertex 11.4833 -3.48342 14.85
      vertex 11.0866 -4.5922 28.15
      vertex 11.0866 -4.5922 14.85
    endloop
  endfacet
  facet normal 0.941552 -0.336869 0
    outer loop
      vertex 11.0866 -4.5922 48.15
      vertex 11.4833 -3.48342 31.85
      vertex 11.4833 -3.48342 48.15
    endloop
  endfacet
  facet normal 0.941552 -0.336869 0
    outer loop
      vertex 11.4833 -3.48342 31.85
      vertex 11.0866 -4.5922 48.15
      vertex 11.0866 -4.5922 31.85
    endloop
  endfacet
  facet normal 0.941552 -0.336869 0
    outer loop
      vertex 11.0866 -4.5922 65.15
      vertex 11.4833 -3.48342 51.85
      vertex 11.4833 -3.48342 65.15
    endloop
  endfacet
  facet normal 0.941552 -0.336869 0
    outer loop
      vertex 11.4833 -3.48342 51.85
      vertex 11.0866 -4.5922 65.15
      vertex 11.0866 -4.5922 51.85
    endloop
  endfacet
  facet normal 0.941552 0.336869 0
    outer loop
      vertex 11.4833 3.48342 11.15
      vertex 11.0866 4.5922 8
      vertex 11.0866 4.5922 11.15
    endloop
  endfacet
  facet normal 0.941552 0.336869 0
    outer loop
      vertex 11.0866 4.5922 8
      vertex 11.4833 3.48342 11.15
      vertex 11.4833 3.48342 8
    endloop
  endfacet
  facet normal 0.941552 0.336869 0
    outer loop
      vertex 11.4833 3.48342 72
      vertex 11.0866 4.5922 68.85
      vertex 11.0866 4.5922 72
    endloop
  endfacet
  facet normal 0.941552 0.336869 0
    outer loop
      vertex 11.0866 4.5922 68.85
      vertex 11.4833 3.48342 72
      vertex 11.4833 3.48342 68.85
    endloop
  endfacet
  facet normal 0.941552 0.336869 0
    outer loop
      vertex 11.4833 3.48342 28.15
      vertex 11.0866 4.5922 14.85
      vertex 11.0866 4.5922 28.15
    endloop
  endfacet
  facet normal 0.941552 0.336869 0
    outer loop
      vertex 11.0866 4.5922 14.85
      vertex 11.4833 3.48342 28.15
      vertex 11.4833 3.48342 14.85
    endloop
  endfacet
  facet normal 0.941552 0.336869 0
    outer loop
      vertex 11.4833 3.48342 48.15
      vertex 11.0866 4.5922 31.85
      vertex 11.0866 4.5922 48.15
    endloop
  endfacet
  facet normal 0.941552 0.336869 0
    outer loop
      vertex 11.0866 4.5922 31.85
      vertex 11.4833 3.48342 48.15
      vertex 11.4833 3.48342 31.85
    endloop
  endfacet
  facet normal 0.941552 0.336869 0
    outer loop
      vertex 11.4833 3.48342 65.15
      vertex 11.0866 4.5922 51.85
      vertex 11.0866 4.5922 65.15
    endloop
  endfacet
  facet normal 0.941552 0.336869 0
    outer loop
      vertex 11.0866 4.5922 51.85
      vertex 11.4833 3.48342 65.15
      vertex 11.4833 3.48342 51.85
    endloop
  endfacet
  facet normal 0.514135 0.857709 -0
    outer loop
      vertex 6.66684 9.97763 8
      vertex 5.65676 10.5831 11.15
      vertex 6.66684 9.97763 11.15
    endloop
  endfacet
  facet normal 0.514135 0.857709 0
    outer loop
      vertex 5.65676 10.5831 11.15
      vertex 6.66684 9.97763 8
      vertex 5.65676 10.5831 8
    endloop
  endfacet
  facet normal 0.514135 0.857709 -0
    outer loop
      vertex 6.66684 9.97763 68.85
      vertex 5.65676 10.5831 72
      vertex 6.66684 9.97763 72
    endloop
  endfacet
  facet normal 0.514135 0.857709 0
    outer loop
      vertex 5.65676 10.5831 72
      vertex 6.66684 9.97763 68.85
      vertex 5.65676 10.5831 68.85
    endloop
  endfacet
  facet normal 0.514135 0.857709 -0
    outer loop
      vertex 6.66684 9.97763 14.85
      vertex 5.65676 10.5831 28.15
      vertex 6.66684 9.97763 28.15
    endloop
  endfacet
  facet normal 0.514135 0.857709 0
    outer loop
      vertex 5.65676 10.5831 28.15
      vertex 6.66684 9.97763 14.85
      vertex 5.65676 10.5831 14.85
    endloop
  endfacet
  facet normal 0.514135 0.857709 -0
    outer loop
      vertex 6.66684 9.97763 31.85
      vertex 5.65676 10.5831 48.15
      vertex 6.66684 9.97763 48.15
    endloop
  endfacet
  facet normal 0.514135 0.857709 0
    outer loop
      vertex 5.65676 10.5831 48.15
      vertex 6.66684 9.97763 31.85
      vertex 5.65676 10.5831 31.85
    endloop
  endfacet
  facet normal 0.514135 0.857709 -0
    outer loop
      vertex 6.66684 9.97763 51.85
      vertex 5.65676 10.5831 65.15
      vertex 6.66684 9.97763 65.15
    endloop
  endfacet
  facet normal 0.514135 0.857709 0
    outer loop
      vertex 5.65676 10.5831 65.15
      vertex 6.66684 9.97763 51.85
      vertex 5.65676 10.5831 51.85
    endloop
  endfacet
  facet normal -0.97004 -0.242947 0
    outer loop
      vertex -11.4833 -3.48342 8
      vertex -11.7694 -2.34108 11.15
      vertex -11.7694 -2.34108 8
    endloop
  endfacet
  facet normal -0.97004 -0.242947 0
    outer loop
      vertex -11.7694 -2.34108 11.15
      vertex -11.4833 -3.48342 8
      vertex -11.4833 -3.48342 11.15
    endloop
  endfacet
  facet normal -0.97004 -0.242947 0
    outer loop
      vertex -11.4833 -3.48342 68.85
      vertex -11.7694 -2.34108 72
      vertex -11.7694 -2.34108 68.85
    endloop
  endfacet
  facet normal -0.97004 -0.242947 0
    outer loop
      vertex -11.7694 -2.34108 72
      vertex -11.4833 -3.48342 68.85
      vertex -11.4833 -3.48342 72
    endloop
  endfacet
  facet normal -0.97004 -0.242947 0
    outer loop
      vertex -11.4833 -3.48342 14.85
      vertex -11.7694 -2.34108 28.15
      vertex -11.7694 -2.34108 14.85
    endloop
  endfacet
  facet normal -0.97004 -0.242947 0
    outer loop
      vertex -11.7694 -2.34108 28.15
      vertex -11.4833 -3.48342 14.85
      vertex -11.4833 -3.48342 28.15
    endloop
  endfacet
  facet normal -0.97004 -0.242947 0
    outer loop
      vertex -11.4833 -3.48342 31.85
      vertex -11.7694 -2.34108 48.15
      vertex -11.7694 -2.34108 31.85
    endloop
  endfacet
  facet normal -0.97004 -0.242947 0
    outer loop
      vertex -11.7694 -2.34108 48.15
      vertex -11.4833 -3.48342 31.85
      vertex -11.4833 -3.48342 48.15
    endloop
  endfacet
  facet normal -0.97004 -0.242947 0
    outer loop
      vertex -11.4833 -3.48342 51.85
      vertex -11.7694 -2.34108 65.15
      vertex -11.7694 -2.34108 51.85
    endloop
  endfacet
  facet normal -0.97004 -0.242947 0
    outer loop
      vertex -11.7694 -2.34108 65.15
      vertex -11.4833 -3.48342 51.85
      vertex -11.4833 -3.48342 65.15
    endloop
  endfacet
  facet normal -0.514135 0.857709 0
    outer loop
      vertex -5.65676 10.5831 8
      vertex -6.66684 9.97763 11.15
      vertex -5.65676 10.5831 11.15
    endloop
  endfacet
  facet normal -0.514135 0.857709 0
    outer loop
      vertex -6.66684 9.97763 11.15
      vertex -5.65676 10.5831 8
      vertex -6.66684 9.97763 8
    endloop
  endfacet
  facet normal -0.514135 0.857709 0
    outer loop
      vertex -5.65676 10.5831 68.85
      vertex -6.66684 9.97763 72
      vertex -5.65676 10.5831 72
    endloop
  endfacet
  facet normal -0.514135 0.857709 0
    outer loop
      vertex -6.66684 9.97763 72
      vertex -5.65676 10.5831 68.85
      vertex -6.66684 9.97763 68.85
    endloop
  endfacet
  facet normal -0.514135 0.857709 0
    outer loop
      vertex -5.65676 10.5831 14.85
      vertex -6.66684 9.97763 28.15
      vertex -5.65676 10.5831 28.15
    endloop
  endfacet
  facet normal -0.514135 0.857709 0
    outer loop
      vertex -6.66684 9.97763 28.15
      vertex -5.65676 10.5831 14.85
      vertex -6.66684 9.97763 14.85
    endloop
  endfacet
  facet normal -0.514135 0.857709 0
    outer loop
      vertex -5.65676 10.5831 31.85
      vertex -6.66684 9.97763 48.15
      vertex -5.65676 10.5831 48.15
    endloop
  endfacet
  facet normal -0.514135 0.857709 0
    outer loop
      vertex -6.66684 9.97763 48.15
      vertex -5.65676 10.5831 31.85
      vertex -6.66684 9.97763 31.85
    endloop
  endfacet
  facet normal -0.514135 0.857709 0
    outer loop
      vertex -5.65676 10.5831 51.85
      vertex -6.66684 9.97763 65.15
      vertex -5.65676 10.5831 65.15
    endloop
  endfacet
  facet normal -0.514135 0.857709 0
    outer loop
      vertex -6.66684 9.97763 65.15
      vertex -5.65676 10.5831 51.85
      vertex -6.66684 9.97763 51.85
    endloop
  endfacet
  facet normal 0.740952 -0.671558 0
    outer loop
      vertex 8.48528 -8.48528 72
      vertex 9.27612 -7.61272 68.85
      vertex 9.27612 -7.61272 72
    endloop
  endfacet
  facet normal 0.740952 -0.671558 0
    outer loop
      vertex 9.27612 -7.61272 68.85
      vertex 8.48528 -8.48528 72
      vertex 8.48528 -8.48528 68.85
    endloop
  endfacet
  facet normal 0.740952 -0.671558 0
    outer loop
      vertex 8.48528 -8.48528 11.15
      vertex 9.27612 -7.61272 8
      vertex 9.27612 -7.61272 11.15
    endloop
  endfacet
  facet normal 0.740952 -0.671558 0
    outer loop
      vertex 9.27612 -7.61272 8
      vertex 8.48528 -8.48528 11.15
      vertex 8.48528 -8.48528 8
    endloop
  endfacet
  facet normal 0.740952 -0.671558 0
    outer loop
      vertex 8.48528 -8.48528 28.15
      vertex 9.27612 -7.61272 14.85
      vertex 9.27612 -7.61272 28.15
    endloop
  endfacet
  facet normal 0.740952 -0.671558 0
    outer loop
      vertex 9.27612 -7.61272 14.85
      vertex 8.48528 -8.48528 28.15
      vertex 8.48528 -8.48528 14.85
    endloop
  endfacet
  facet normal 0.740952 -0.671558 0
    outer loop
      vertex 8.48528 -8.48528 48.15
      vertex 9.27612 -7.61272 31.85
      vertex 9.27612 -7.61272 48.15
    endloop
  endfacet
  facet normal 0.740952 -0.671558 0
    outer loop
      vertex 9.27612 -7.61272 31.85
      vertex 8.48528 -8.48528 48.15
      vertex 8.48528 -8.48528 31.85
    endloop
  endfacet
  facet normal 0.740952 -0.671558 0
    outer loop
      vertex 8.48528 -8.48528 65.15
      vertex 9.27612 -7.61272 51.85
      vertex 9.27612 -7.61272 65.15
    endloop
  endfacet
  facet normal 0.740952 -0.671558 0
    outer loop
      vertex 9.27612 -7.61272 51.85
      vertex 8.48528 -8.48528 65.15
      vertex 8.48528 -8.48528 51.85
    endloop
  endfacet
  facet normal -0.671558 -0.740952 0
    outer loop
      vertex -8.48528 -8.48528 68.85
      vertex -7.61272 -9.27612 72
      vertex -8.48528 -8.48528 72
    endloop
  endfacet
  facet normal -0.671558 -0.740952 -0
    outer loop
      vertex -7.61272 -9.27612 72
      vertex -8.48528 -8.48528 68.85
      vertex -7.61272 -9.27612 68.85
    endloop
  endfacet
  facet normal -0.671558 -0.740952 0
    outer loop
      vertex -8.48528 -8.48528 8
      vertex -7.61272 -9.27612 11.15
      vertex -8.48528 -8.48528 11.15
    endloop
  endfacet
  facet normal -0.671558 -0.740952 -0
    outer loop
      vertex -7.61272 -9.27612 11.15
      vertex -8.48528 -8.48528 8
      vertex -7.61272 -9.27612 8
    endloop
  endfacet
  facet normal -0.671558 -0.740952 0
    outer loop
      vertex -8.48528 -8.48528 14.85
      vertex -7.61272 -9.27612 28.15
      vertex -8.48528 -8.48528 28.15
    endloop
  endfacet
  facet normal -0.671558 -0.740952 -0
    outer loop
      vertex -7.61272 -9.27612 28.15
      vertex -8.48528 -8.48528 14.85
      vertex -7.61272 -9.27612 14.85
    endloop
  endfacet
  facet normal -0.671558 -0.740952 0
    outer loop
      vertex -8.48528 -8.48528 31.85
      vertex -7.61272 -9.27612 48.15
      vertex -8.48528 -8.48528 48.15
    endloop
  endfacet
  facet normal -0.671558 -0.740952 -0
    outer loop
      vertex -7.61272 -9.27612 48.15
      vertex -8.48528 -8.48528 31.85
      vertex -7.61272 -9.27612 31.85
    endloop
  endfacet
  facet normal -0.671558 -0.740952 0
    outer loop
      vertex -8.48528 -8.48528 51.85
      vertex -7.61272 -9.27612 65.15
      vertex -8.48528 -8.48528 65.15
    endloop
  endfacet
  facet normal -0.671558 -0.740952 -0
    outer loop
      vertex -7.61272 -9.27612 65.15
      vertex -8.48528 -8.48528 51.85
      vertex -7.61272 -9.27612 51.85
    endloop
  endfacet
  facet normal -0.989176 0.146737 0
    outer loop
      vertex -11.9422 1.17621 8
      vertex -11.7694 2.34108 11.15
      vertex -11.7694 2.34108 8
    endloop
  endfacet
  facet normal -0.989176 0.146737 0
    outer loop
      vertex -11.7694 2.34108 11.15
      vertex -11.9422 1.17621 8
      vertex -11.9422 1.17621 11.15
    endloop
  endfacet
  facet normal -0.989176 0.146737 0
    outer loop
      vertex -11.9422 1.17621 68.85
      vertex -11.7694 2.34108 72
      vertex -11.7694 2.34108 68.85
    endloop
  endfacet
  facet normal -0.989176 0.146737 0
    outer loop
      vertex -11.7694 2.34108 72
      vertex -11.9422 1.17621 68.85
      vertex -11.9422 1.17621 72
    endloop
  endfacet
  facet normal -0.989176 0.146737 0
    outer loop
      vertex -11.9422 1.17621 14.85
      vertex -11.7694 2.34108 28.15
      vertex -11.7694 2.34108 14.85
    endloop
  endfacet
  facet normal -0.989176 0.146737 0
    outer loop
      vertex -11.7694 2.34108 28.15
      vertex -11.9422 1.17621 14.85
      vertex -11.9422 1.17621 28.15
    endloop
  endfacet
  facet normal -0.989176 0.146737 0
    outer loop
      vertex -11.9422 1.17621 31.85
      vertex -11.7694 2.34108 48.15
      vertex -11.7694 2.34108 31.85
    endloop
  endfacet
  facet normal -0.989176 0.146737 0
    outer loop
      vertex -11.7694 2.34108 48.15
      vertex -11.9422 1.17621 31.85
      vertex -11.9422 1.17621 48.15
    endloop
  endfacet
  facet normal -0.989176 0.146737 0
    outer loop
      vertex -11.9422 1.17621 51.85
      vertex -11.7694 2.34108 65.15
      vertex -11.7694 2.34108 51.85
    endloop
  endfacet
  facet normal -0.989176 0.146737 0
    outer loop
      vertex -11.7694 2.34108 65.15
      vertex -11.9422 1.17621 51.85
      vertex -11.9422 1.17621 65.15
    endloop
  endfacet
  facet normal 0.903989 0.427556 0
    outer loop
      vertex 11.0866 4.5922 72
      vertex 10.5831 5.65676 68.85
      vertex 10.5831 5.65676 72
    endloop
  endfacet
  facet normal 0.903989 0.427556 0
    outer loop
      vertex 10.5831 5.65676 68.85
      vertex 11.0866 4.5922 72
      vertex 11.0866 4.5922 68.85
    endloop
  endfacet
  facet normal 0.903989 0.427556 0
    outer loop
      vertex 11.0866 4.5922 11.15
      vertex 10.5831 5.65676 8
      vertex 10.5831 5.65676 11.15
    endloop
  endfacet
  facet normal 0.903989 0.427556 0
    outer loop
      vertex 10.5831 5.65676 8
      vertex 11.0866 4.5922 11.15
      vertex 11.0866 4.5922 8
    endloop
  endfacet
  facet normal 0.903989 0.427556 0
    outer loop
      vertex 11.0866 4.5922 28.15
      vertex 10.5831 5.65676 14.85
      vertex 10.5831 5.65676 28.15
    endloop
  endfacet
  facet normal 0.903989 0.427556 0
    outer loop
      vertex 10.5831 5.65676 14.85
      vertex 11.0866 4.5922 28.15
      vertex 11.0866 4.5922 14.85
    endloop
  endfacet
  facet normal 0.903989 0.427556 0
    outer loop
      vertex 11.0866 4.5922 48.15
      vertex 10.5831 5.65676 31.85
      vertex 10.5831 5.65676 48.15
    endloop
  endfacet
  facet normal 0.903989 0.427556 0
    outer loop
      vertex 10.5831 5.65676 31.85
      vertex 11.0866 4.5922 48.15
      vertex 11.0866 4.5922 31.85
    endloop
  endfacet
  facet normal 0.903989 0.427556 0
    outer loop
      vertex 11.0866 4.5922 65.15
      vertex 10.5831 5.65676 51.85
      vertex 10.5831 5.65676 65.15
    endloop
  endfacet
  facet normal 0.903989 0.427556 0
    outer loop
      vertex 10.5831 5.65676 51.85
      vertex 11.0866 4.5922 65.15
      vertex 11.0866 4.5922 51.85
    endloop
  endfacet
  facet normal -0.427556 0.903989 0
    outer loop
      vertex -4.5922 11.0866 68.85
      vertex -5.65676 10.5831 72
      vertex -4.5922 11.0866 72
    endloop
  endfacet
  facet normal -0.427556 0.903989 0
    outer loop
      vertex -5.65676 10.5831 72
      vertex -4.5922 11.0866 68.85
      vertex -5.65676 10.5831 68.85
    endloop
  endfacet
  facet normal -0.427556 0.903989 0
    outer loop
      vertex -4.5922 11.0866 8
      vertex -5.65676 10.5831 11.15
      vertex -4.5922 11.0866 11.15
    endloop
  endfacet
  facet normal -0.427556 0.903989 0
    outer loop
      vertex -5.65676 10.5831 11.15
      vertex -4.5922 11.0866 8
      vertex -5.65676 10.5831 8
    endloop
  endfacet
  facet normal -0.427556 0.903989 0
    outer loop
      vertex -4.5922 11.0866 14.85
      vertex -5.65676 10.5831 28.15
      vertex -4.5922 11.0866 28.15
    endloop
  endfacet
  facet normal -0.427556 0.903989 0
    outer loop
      vertex -5.65676 10.5831 28.15
      vertex -4.5922 11.0866 14.85
      vertex -5.65676 10.5831 14.85
    endloop
  endfacet
  facet normal -0.427556 0.903989 0
    outer loop
      vertex -4.5922 11.0866 31.85
      vertex -5.65676 10.5831 48.15
      vertex -4.5922 11.0866 48.15
    endloop
  endfacet
  facet normal -0.427556 0.903989 0
    outer loop
      vertex -5.65676 10.5831 48.15
      vertex -4.5922 11.0866 31.85
      vertex -5.65676 10.5831 31.85
    endloop
  endfacet
  facet normal -0.427556 0.903989 0
    outer loop
      vertex -4.5922 11.0866 51.85
      vertex -5.65676 10.5831 65.15
      vertex -4.5922 11.0866 65.15
    endloop
  endfacet
  facet normal -0.427556 0.903989 0
    outer loop
      vertex -5.65676 10.5831 65.15
      vertex -4.5922 11.0866 51.85
      vertex -5.65676 10.5831 51.85
    endloop
  endfacet
  facet normal 0.803209 -0.595698 0
    outer loop
      vertex 9.27612 -7.61272 72
      vertex 9.97763 -6.66684 68.85
      vertex 9.97763 -6.66684 72
    endloop
  endfacet
  facet normal 0.803209 -0.595698 0
    outer loop
      vertex 9.97763 -6.66684 68.85
      vertex 9.27612 -7.61272 72
      vertex 9.27612 -7.61272 68.85
    endloop
  endfacet
  facet normal 0.803209 -0.595698 0
    outer loop
      vertex 9.27612 -7.61272 11.15
      vertex 9.97763 -6.66684 8
      vertex 9.97763 -6.66684 11.15
    endloop
  endfacet
  facet normal 0.803209 -0.595698 0
    outer loop
      vertex 9.97763 -6.66684 8
      vertex 9.27612 -7.61272 11.15
      vertex 9.27612 -7.61272 8
    endloop
  endfacet
  facet normal 0.803209 -0.595698 0
    outer loop
      vertex 9.27612 -7.61272 28.15
      vertex 9.97763 -6.66684 14.85
      vertex 9.97763 -6.66684 28.15
    endloop
  endfacet
  facet normal 0.803209 -0.595698 0
    outer loop
      vertex 9.97763 -6.66684 14.85
      vertex 9.27612 -7.61272 28.15
      vertex 9.27612 -7.61272 14.85
    endloop
  endfacet
  facet normal 0.803209 -0.595698 0
    outer loop
      vertex 9.27612 -7.61272 48.15
      vertex 9.97763 -6.66684 31.85
      vertex 9.97763 -6.66684 48.15
    endloop
  endfacet
  facet normal 0.803209 -0.595698 0
    outer loop
      vertex 9.97763 -6.66684 31.85
      vertex 9.27612 -7.61272 48.15
      vertex 9.27612 -7.61272 31.85
    endloop
  endfacet
  facet normal 0.803209 -0.595698 0
    outer loop
      vertex 9.27612 -7.61272 65.15
      vertex 9.97763 -6.66684 51.85
      vertex 9.97763 -6.66684 65.15
    endloop
  endfacet
  facet normal 0.803209 -0.595698 0
    outer loop
      vertex 9.97763 -6.66684 51.85
      vertex 9.27612 -7.61272 65.15
      vertex 9.27612 -7.61272 51.85
    endloop
  endfacet
  facet normal -0.857709 -0.514135 0
    outer loop
      vertex -9.97763 -6.66684 8
      vertex -10.5831 -5.65676 11.15
      vertex -10.5831 -5.65676 8
    endloop
  endfacet
  facet normal -0.857709 -0.514135 0
    outer loop
      vertex -10.5831 -5.65676 11.15
      vertex -9.97763 -6.66684 8
      vertex -9.97763 -6.66684 11.15
    endloop
  endfacet
  facet normal -0.857709 -0.514135 0
    outer loop
      vertex -9.97763 -6.66684 68.85
      vertex -10.5831 -5.65676 72
      vertex -10.5831 -5.65676 68.85
    endloop
  endfacet
  facet normal -0.857709 -0.514135 0
    outer loop
      vertex -10.5831 -5.65676 72
      vertex -9.97763 -6.66684 68.85
      vertex -9.97763 -6.66684 72
    endloop
  endfacet
  facet normal -0.857709 -0.514135 0
    outer loop
      vertex -9.97763 -6.66684 14.85
      vertex -10.5831 -5.65676 28.15
      vertex -10.5831 -5.65676 14.85
    endloop
  endfacet
  facet normal -0.857709 -0.514135 0
    outer loop
      vertex -10.5831 -5.65676 28.15
      vertex -9.97763 -6.66684 14.85
      vertex -9.97763 -6.66684 28.15
    endloop
  endfacet
  facet normal -0.857709 -0.514135 0
    outer loop
      vertex -9.97763 -6.66684 31.85
      vertex -10.5831 -5.65676 48.15
      vertex -10.5831 -5.65676 31.85
    endloop
  endfacet
  facet normal -0.857709 -0.514135 0
    outer loop
      vertex -10.5831 -5.65676 48.15
      vertex -9.97763 -6.66684 31.85
      vertex -9.97763 -6.66684 48.15
    endloop
  endfacet
  facet normal -0.857709 -0.514135 0
    outer loop
      vertex -9.97763 -6.66684 51.85
      vertex -10.5831 -5.65676 65.15
      vertex -10.5831 -5.65676 51.85
    endloop
  endfacet
  facet normal -0.857709 -0.514135 0
    outer loop
      vertex -10.5831 -5.65676 65.15
      vertex -9.97763 -6.66684 51.85
      vertex -9.97763 -6.66684 65.15
    endloop
  endfacet
  facet normal -0.803209 -0.595698 0
    outer loop
      vertex -9.27612 -7.61272 68.85
      vertex -9.97763 -6.66684 72
      vertex -9.97763 -6.66684 68.85
    endloop
  endfacet
  facet normal -0.803209 -0.595698 0
    outer loop
      vertex -9.97763 -6.66684 72
      vertex -9.27612 -7.61272 68.85
      vertex -9.27612 -7.61272 72
    endloop
  endfacet
  facet normal -0.803209 -0.595698 0
    outer loop
      vertex -9.27612 -7.61272 8
      vertex -9.97763 -6.66684 11.15
      vertex -9.97763 -6.66684 8
    endloop
  endfacet
  facet normal -0.803209 -0.595698 0
    outer loop
      vertex -9.97763 -6.66684 11.15
      vertex -9.27612 -7.61272 8
      vertex -9.27612 -7.61272 11.15
    endloop
  endfacet
  facet normal -0.803209 -0.595698 0
    outer loop
      vertex -9.27612 -7.61272 14.85
      vertex -9.97763 -6.66684 28.15
      vertex -9.97763 -6.66684 14.85
    endloop
  endfacet
  facet normal -0.803209 -0.595698 0
    outer loop
      vertex -9.97763 -6.66684 28.15
      vertex -9.27612 -7.61272 14.85
      vertex -9.27612 -7.61272 28.15
    endloop
  endfacet
  facet normal -0.803209 -0.595698 0
    outer loop
      vertex -9.27612 -7.61272 31.85
      vertex -9.97763 -6.66684 48.15
      vertex -9.97763 -6.66684 31.85
    endloop
  endfacet
  facet normal -0.803209 -0.595698 0
    outer loop
      vertex -9.97763 -6.66684 48.15
      vertex -9.27612 -7.61272 31.85
      vertex -9.27612 -7.61272 48.15
    endloop
  endfacet
  facet normal -0.803209 -0.595698 0
    outer loop
      vertex -9.27612 -7.61272 51.85
      vertex -9.97763 -6.66684 65.15
      vertex -9.97763 -6.66684 51.85
    endloop
  endfacet
  facet normal -0.803209 -0.595698 0
    outer loop
      vertex -9.97763 -6.66684 65.15
      vertex -9.27612 -7.61272 51.85
      vertex -9.27612 -7.61272 65.15
    endloop
  endfacet
  facet normal -0.903989 0.427556 0
    outer loop
      vertex -11.0866 4.5922 68.85
      vertex -10.5831 5.65676 72
      vertex -10.5831 5.65676 68.85
    endloop
  endfacet
  facet normal -0.903989 0.427556 0
    outer loop
      vertex -10.5831 5.65676 72
      vertex -11.0866 4.5922 68.85
      vertex -11.0866 4.5922 72
    endloop
  endfacet
  facet normal -0.903989 0.427556 0
    outer loop
      vertex -11.0866 4.5922 8
      vertex -10.5831 5.65676 11.15
      vertex -10.5831 5.65676 8
    endloop
  endfacet
  facet normal -0.903989 0.427556 0
    outer loop
      vertex -10.5831 5.65676 11.15
      vertex -11.0866 4.5922 8
      vertex -11.0866 4.5922 11.15
    endloop
  endfacet
  facet normal -0.903989 0.427556 0
    outer loop
      vertex -11.0866 4.5922 14.85
      vertex -10.5831 5.65676 28.15
      vertex -10.5831 5.65676 14.85
    endloop
  endfacet
  facet normal -0.903989 0.427556 0
    outer loop
      vertex -10.5831 5.65676 28.15
      vertex -11.0866 4.5922 14.85
      vertex -11.0866 4.5922 28.15
    endloop
  endfacet
  facet normal -0.903989 0.427556 0
    outer loop
      vertex -11.0866 4.5922 31.85
      vertex -10.5831 5.65676 48.15
      vertex -10.5831 5.65676 31.85
    endloop
  endfacet
  facet normal -0.903989 0.427556 0
    outer loop
      vertex -10.5831 5.65676 48.15
      vertex -11.0866 4.5922 31.85
      vertex -11.0866 4.5922 48.15
    endloop
  endfacet
  facet normal -0.903989 0.427556 0
    outer loop
      vertex -11.0866 4.5922 51.85
      vertex -10.5831 5.65676 65.15
      vertex -10.5831 5.65676 51.85
    endloop
  endfacet
  facet normal -0.903989 0.427556 0
    outer loop
      vertex -10.5831 5.65676 65.15
      vertex -11.0866 4.5922 51.85
      vertex -11.0866 4.5922 65.15
    endloop
  endfacet
  facet normal -0.427556 -0.903989 0
    outer loop
      vertex -5.65676 -10.5831 8
      vertex -4.5922 -11.0866 11.15
      vertex -5.65676 -10.5831 11.15
    endloop
  endfacet
  facet normal -0.427556 -0.903989 -0
    outer loop
      vertex -4.5922 -11.0866 11.15
      vertex -5.65676 -10.5831 8
      vertex -4.5922 -11.0866 8
    endloop
  endfacet
  facet normal -0.427556 -0.903989 0
    outer loop
      vertex -5.65676 -10.5831 68.85
      vertex -4.5922 -11.0866 72
      vertex -5.65676 -10.5831 72
    endloop
  endfacet
  facet normal -0.427556 -0.903989 -0
    outer loop
      vertex -4.5922 -11.0866 72
      vertex -5.65676 -10.5831 68.85
      vertex -4.5922 -11.0866 68.85
    endloop
  endfacet
  facet normal -0.427556 -0.903989 0
    outer loop
      vertex -5.65676 -10.5831 14.85
      vertex -4.5922 -11.0866 28.15
      vertex -5.65676 -10.5831 28.15
    endloop
  endfacet
  facet normal -0.427556 -0.903989 -0
    outer loop
      vertex -4.5922 -11.0866 28.15
      vertex -5.65676 -10.5831 14.85
      vertex -4.5922 -11.0866 14.85
    endloop
  endfacet
  facet normal -0.427556 -0.903989 0
    outer loop
      vertex -5.65676 -10.5831 31.85
      vertex -4.5922 -11.0866 48.15
      vertex -5.65676 -10.5831 48.15
    endloop
  endfacet
  facet normal -0.427556 -0.903989 -0
    outer loop
      vertex -4.5922 -11.0866 48.15
      vertex -5.65676 -10.5831 31.85
      vertex -4.5922 -11.0866 31.85
    endloop
  endfacet
  facet normal -0.427556 -0.903989 0
    outer loop
      vertex -5.65676 -10.5831 51.85
      vertex -4.5922 -11.0866 65.15
      vertex -5.65676 -10.5831 65.15
    endloop
  endfacet
  facet normal -0.427556 -0.903989 -0
    outer loop
      vertex -4.5922 -11.0866 65.15
      vertex -5.65676 -10.5831 51.85
      vertex -4.5922 -11.0866 51.85
    endloop
  endfacet
  facet normal 0.595698 -0.803209 0
    outer loop
      vertex 6.66684 -9.97763 8
      vertex 7.61272 -9.27612 11.15
      vertex 6.66684 -9.97763 11.15
    endloop
  endfacet
  facet normal 0.595698 -0.803209 0
    outer loop
      vertex 7.61272 -9.27612 11.15
      vertex 6.66684 -9.97763 8
      vertex 7.61272 -9.27612 8
    endloop
  endfacet
  facet normal 0.595698 -0.803209 0
    outer loop
      vertex 6.66684 -9.97763 68.85
      vertex 7.61272 -9.27612 72
      vertex 6.66684 -9.97763 72
    endloop
  endfacet
  facet normal 0.595698 -0.803209 0
    outer loop
      vertex 7.61272 -9.27612 72
      vertex 6.66684 -9.97763 68.85
      vertex 7.61272 -9.27612 68.85
    endloop
  endfacet
  facet normal 0.595698 -0.803209 0
    outer loop
      vertex 6.66684 -9.97763 14.85
      vertex 7.61272 -9.27612 28.15
      vertex 6.66684 -9.97763 28.15
    endloop
  endfacet
  facet normal 0.595698 -0.803209 0
    outer loop
      vertex 7.61272 -9.27612 28.15
      vertex 6.66684 -9.97763 14.85
      vertex 7.61272 -9.27612 14.85
    endloop
  endfacet
  facet normal 0.595698 -0.803209 0
    outer loop
      vertex 6.66684 -9.97763 31.85
      vertex 7.61272 -9.27612 48.15
      vertex 6.66684 -9.97763 48.15
    endloop
  endfacet
  facet normal 0.595698 -0.803209 0
    outer loop
      vertex 7.61272 -9.27612 48.15
      vertex 6.66684 -9.97763 31.85
      vertex 7.61272 -9.27612 31.85
    endloop
  endfacet
  facet normal 0.595698 -0.803209 0
    outer loop
      vertex 6.66684 -9.97763 51.85
      vertex 7.61272 -9.27612 65.15
      vertex 6.66684 -9.97763 65.15
    endloop
  endfacet
  facet normal 0.595698 -0.803209 0
    outer loop
      vertex 7.61272 -9.27612 65.15
      vertex 6.66684 -9.97763 51.85
      vertex 7.61272 -9.27612 51.85
    endloop
  endfacet
  facet normal -0.146737 0.989176 0
    outer loop
      vertex -1.17621 11.9422 68.85
      vertex -2.34108 11.7694 72
      vertex -1.17621 11.9422 72
    endloop
  endfacet
  facet normal -0.146737 0.989176 0
    outer loop
      vertex -2.34108 11.7694 72
      vertex -1.17621 11.9422 68.85
      vertex -2.34108 11.7694 68.85
    endloop
  endfacet
  facet normal -0.146737 0.989176 0
    outer loop
      vertex -1.17621 11.9422 8
      vertex -2.34108 11.7694 11.15
      vertex -1.17621 11.9422 11.15
    endloop
  endfacet
  facet normal -0.146737 0.989176 0
    outer loop
      vertex -2.34108 11.7694 11.15
      vertex -1.17621 11.9422 8
      vertex -2.34108 11.7694 8
    endloop
  endfacet
  facet normal -0.146737 0.989176 0
    outer loop
      vertex -1.17621 11.9422 14.85
      vertex -2.34108 11.7694 28.15
      vertex -1.17621 11.9422 28.15
    endloop
  endfacet
  facet normal -0.146737 0.989176 0
    outer loop
      vertex -2.34108 11.7694 28.15
      vertex -1.17621 11.9422 14.85
      vertex -2.34108 11.7694 14.85
    endloop
  endfacet
  facet normal -0.146737 0.989176 0
    outer loop
      vertex -1.17621 11.9422 31.85
      vertex -2.34108 11.7694 48.15
      vertex -1.17621 11.9422 48.15
    endloop
  endfacet
  facet normal -0.146737 0.989176 0
    outer loop
      vertex -2.34108 11.7694 48.15
      vertex -1.17621 11.9422 31.85
      vertex -2.34108 11.7694 31.85
    endloop
  endfacet
  facet normal -0.146737 0.989176 0
    outer loop
      vertex -1.17621 11.9422 51.85
      vertex -2.34108 11.7694 65.15
      vertex -1.17621 11.9422 65.15
    endloop
  endfacet
  facet normal -0.146737 0.989176 0
    outer loop
      vertex -2.34108 11.7694 65.15
      vertex -1.17621 11.9422 51.85
      vertex -2.34108 11.7694 51.85
    endloop
  endfacet
  facet normal -0.989176 -0.146737 0
    outer loop
      vertex -11.7694 -2.34108 8
      vertex -11.9422 -1.17621 11.15
      vertex -11.9422 -1.17621 8
    endloop
  endfacet
  facet normal -0.989176 -0.146737 0
    outer loop
      vertex -11.9422 -1.17621 11.15
      vertex -11.7694 -2.34108 8
      vertex -11.7694 -2.34108 11.15
    endloop
  endfacet
  facet normal -0.989176 -0.146737 0
    outer loop
      vertex -11.7694 -2.34108 68.85
      vertex -11.9422 -1.17621 72
      vertex -11.9422 -1.17621 68.85
    endloop
  endfacet
  facet normal -0.989176 -0.146737 0
    outer loop
      vertex -11.9422 -1.17621 72
      vertex -11.7694 -2.34108 68.85
      vertex -11.7694 -2.34108 72
    endloop
  endfacet
  facet normal -0.989176 -0.146737 0
    outer loop
      vertex -11.7694 -2.34108 14.85
      vertex -11.9422 -1.17621 28.15
      vertex -11.9422 -1.17621 14.85
    endloop
  endfacet
  facet normal -0.989176 -0.146737 0
    outer loop
      vertex -11.9422 -1.17621 28.15
      vertex -11.7694 -2.34108 14.85
      vertex -11.7694 -2.34108 28.15
    endloop
  endfacet
  facet normal -0.989176 -0.146737 0
    outer loop
      vertex -11.7694 -2.34108 31.85
      vertex -11.9422 -1.17621 48.15
      vertex -11.9422 -1.17621 31.85
    endloop
  endfacet
  facet normal -0.989176 -0.146737 0
    outer loop
      vertex -11.9422 -1.17621 48.15
      vertex -11.7694 -2.34108 31.85
      vertex -11.7694 -2.34108 48.15
    endloop
  endfacet
  facet normal -0.989176 -0.146737 0
    outer loop
      vertex -11.7694 -2.34108 51.85
      vertex -11.9422 -1.17621 65.15
      vertex -11.9422 -1.17621 51.85
    endloop
  endfacet
  facet normal -0.989176 -0.146737 0
    outer loop
      vertex -11.9422 -1.17621 65.15
      vertex -11.7694 -2.34108 51.85
      vertex -11.7694 -2.34108 65.15
    endloop
  endfacet
  facet normal 0.336869 -0.941552 0
    outer loop
      vertex 3.48342 -11.4833 8
      vertex 4.5922 -11.0866 11.15
      vertex 3.48342 -11.4833 11.15
    endloop
  endfacet
  facet normal 0.336869 -0.941552 0
    outer loop
      vertex 4.5922 -11.0866 11.15
      vertex 3.48342 -11.4833 8
      vertex 4.5922 -11.0866 8
    endloop
  endfacet
  facet normal 0.336869 -0.941552 0
    outer loop
      vertex 3.48342 -11.4833 68.85
      vertex 4.5922 -11.0866 72
      vertex 3.48342 -11.4833 72
    endloop
  endfacet
  facet normal 0.336869 -0.941552 0
    outer loop
      vertex 4.5922 -11.0866 72
      vertex 3.48342 -11.4833 68.85
      vertex 4.5922 -11.0866 68.85
    endloop
  endfacet
  facet normal 0.336869 -0.941552 0
    outer loop
      vertex 3.48342 -11.4833 14.85
      vertex 4.5922 -11.0866 28.15
      vertex 3.48342 -11.4833 28.15
    endloop
  endfacet
  facet normal 0.336869 -0.941552 0
    outer loop
      vertex 4.5922 -11.0866 28.15
      vertex 3.48342 -11.4833 14.85
      vertex 4.5922 -11.0866 14.85
    endloop
  endfacet
  facet normal 0.336869 -0.941552 0
    outer loop
      vertex 3.48342 -11.4833 31.85
      vertex 4.5922 -11.0866 48.15
      vertex 3.48342 -11.4833 48.15
    endloop
  endfacet
  facet normal 0.336869 -0.941552 0
    outer loop
      vertex 4.5922 -11.0866 48.15
      vertex 3.48342 -11.4833 31.85
      vertex 4.5922 -11.0866 31.85
    endloop
  endfacet
  facet normal 0.336869 -0.941552 0
    outer loop
      vertex 3.48342 -11.4833 51.85
      vertex 4.5922 -11.0866 65.15
      vertex 3.48342 -11.4833 65.15
    endloop
  endfacet
  facet normal 0.336869 -0.941552 0
    outer loop
      vertex 4.5922 -11.0866 65.15
      vertex 3.48342 -11.4833 51.85
      vertex 4.5922 -11.0866 51.85
    endloop
  endfacet
  facet normal 0.242947 -0.97004 0
    outer loop
      vertex 2.34108 -11.7694 8
      vertex 3.48342 -11.4833 11.15
      vertex 2.34108 -11.7694 11.15
    endloop
  endfacet
  facet normal 0.242947 -0.97004 0
    outer loop
      vertex 3.48342 -11.4833 11.15
      vertex 2.34108 -11.7694 8
      vertex 3.48342 -11.4833 8
    endloop
  endfacet
  facet normal 0.242947 -0.97004 0
    outer loop
      vertex 2.34108 -11.7694 68.85
      vertex 3.48342 -11.4833 72
      vertex 2.34108 -11.7694 72
    endloop
  endfacet
  facet normal 0.242947 -0.97004 0
    outer loop
      vertex 3.48342 -11.4833 72
      vertex 2.34108 -11.7694 68.85
      vertex 3.48342 -11.4833 68.85
    endloop
  endfacet
  facet normal 0.242947 -0.97004 0
    outer loop
      vertex 2.34108 -11.7694 14.85
      vertex 3.48342 -11.4833 28.15
      vertex 2.34108 -11.7694 28.15
    endloop
  endfacet
  facet normal 0.242947 -0.97004 0
    outer loop
      vertex 3.48342 -11.4833 28.15
      vertex 2.34108 -11.7694 14.85
      vertex 3.48342 -11.4833 14.85
    endloop
  endfacet
  facet normal 0.242947 -0.97004 0
    outer loop
      vertex 2.34108 -11.7694 31.85
      vertex 3.48342 -11.4833 48.15
      vertex 2.34108 -11.7694 48.15
    endloop
  endfacet
  facet normal 0.242947 -0.97004 0
    outer loop
      vertex 3.48342 -11.4833 48.15
      vertex 2.34108 -11.7694 31.85
      vertex 3.48342 -11.4833 31.85
    endloop
  endfacet
  facet normal 0.242947 -0.97004 0
    outer loop
      vertex 2.34108 -11.7694 51.85
      vertex 3.48342 -11.4833 65.15
      vertex 2.34108 -11.7694 65.15
    endloop
  endfacet
  facet normal 0.242947 -0.97004 0
    outer loop
      vertex 3.48342 -11.4833 65.15
      vertex 2.34108 -11.7694 51.85
      vertex 3.48342 -11.4833 51.85
    endloop
  endfacet
  facet normal -0.903989 -0.427556 0
    outer loop
      vertex -10.5831 -5.65676 8
      vertex -11.0866 -4.5922 11.15
      vertex -11.0866 -4.5922 8
    endloop
  endfacet
  facet normal -0.903989 -0.427556 0
    outer loop
      vertex -11.0866 -4.5922 11.15
      vertex -10.5831 -5.65676 8
      vertex -10.5831 -5.65676 11.15
    endloop
  endfacet
  facet normal -0.903989 -0.427556 0
    outer loop
      vertex -10.5831 -5.65676 68.85
      vertex -11.0866 -4.5922 72
      vertex -11.0866 -4.5922 68.85
    endloop
  endfacet
  facet normal -0.903989 -0.427556 0
    outer loop
      vertex -11.0866 -4.5922 72
      vertex -10.5831 -5.65676 68.85
      vertex -10.5831 -5.65676 72
    endloop
  endfacet
  facet normal -0.903989 -0.427556 0
    outer loop
      vertex -10.5831 -5.65676 14.85
      vertex -11.0866 -4.5922 28.15
      vertex -11.0866 -4.5922 14.85
    endloop
  endfacet
  facet normal -0.903989 -0.427556 0
    outer loop
      vertex -11.0866 -4.5922 28.15
      vertex -10.5831 -5.65676 14.85
      vertex -10.5831 -5.65676 28.15
    endloop
  endfacet
  facet normal -0.903989 -0.427556 0
    outer loop
      vertex -10.5831 -5.65676 31.85
      vertex -11.0866 -4.5922 48.15
      vertex -11.0866 -4.5922 31.85
    endloop
  endfacet
  facet normal -0.903989 -0.427556 0
    outer loop
      vertex -11.0866 -4.5922 48.15
      vertex -10.5831 -5.65676 31.85
      vertex -10.5831 -5.65676 48.15
    endloop
  endfacet
  facet normal -0.903989 -0.427556 0
    outer loop
      vertex -10.5831 -5.65676 51.85
      vertex -11.0866 -4.5922 65.15
      vertex -11.0866 -4.5922 51.85
    endloop
  endfacet
  facet normal -0.903989 -0.427556 0
    outer loop
      vertex -11.0866 -4.5922 65.15
      vertex -10.5831 -5.65676 51.85
      vertex -10.5831 -5.65676 65.15
    endloop
  endfacet
  facet normal -0.740952 -0.671558 0
    outer loop
      vertex -8.48528 -8.48528 68.85
      vertex -9.27612 -7.61272 72
      vertex -9.27612 -7.61272 68.85
    endloop
  endfacet
  facet normal -0.740952 -0.671558 0
    outer loop
      vertex -9.27612 -7.61272 72
      vertex -8.48528 -8.48528 68.85
      vertex -8.48528 -8.48528 72
    endloop
  endfacet
  facet normal -0.740952 -0.671558 0
    outer loop
      vertex -8.48528 -8.48528 8
      vertex -9.27612 -7.61272 11.15
      vertex -9.27612 -7.61272 8
    endloop
  endfacet
  facet normal -0.740952 -0.671558 0
    outer loop
      vertex -9.27612 -7.61272 11.15
      vertex -8.48528 -8.48528 8
      vertex -8.48528 -8.48528 11.15
    endloop
  endfacet
  facet normal -0.740952 -0.671558 0
    outer loop
      vertex -8.48528 -8.48528 14.85
      vertex -9.27612 -7.61272 28.15
      vertex -9.27612 -7.61272 14.85
    endloop
  endfacet
  facet normal -0.740952 -0.671558 0
    outer loop
      vertex -9.27612 -7.61272 28.15
      vertex -8.48528 -8.48528 14.85
      vertex -8.48528 -8.48528 28.15
    endloop
  endfacet
  facet normal -0.740952 -0.671558 0
    outer loop
      vertex -8.48528 -8.48528 31.85
      vertex -9.27612 -7.61272 48.15
      vertex -9.27612 -7.61272 31.85
    endloop
  endfacet
  facet normal -0.740952 -0.671558 0
    outer loop
      vertex -9.27612 -7.61272 48.15
      vertex -8.48528 -8.48528 31.85
      vertex -8.48528 -8.48528 48.15
    endloop
  endfacet
  facet normal -0.740952 -0.671558 0
    outer loop
      vertex -8.48528 -8.48528 51.85
      vertex -9.27612 -7.61272 65.15
      vertex -9.27612 -7.61272 51.85
    endloop
  endfacet
  facet normal -0.740952 -0.671558 0
    outer loop
      vertex -9.27612 -7.61272 65.15
      vertex -8.48528 -8.48528 51.85
      vertex -8.48528 -8.48528 65.15
    endloop
  endfacet
  facet normal -0.595698 -0.803209 0
    outer loop
      vertex -7.61272 -9.27612 8
      vertex -6.66684 -9.97763 11.15
      vertex -7.61272 -9.27612 11.15
    endloop
  endfacet
  facet normal -0.595698 -0.803209 -0
    outer loop
      vertex -6.66684 -9.97763 11.15
      vertex -7.61272 -9.27612 8
      vertex -6.66684 -9.97763 8
    endloop
  endfacet
  facet normal -0.595698 -0.803209 0
    outer loop
      vertex -7.61272 -9.27612 68.85
      vertex -6.66684 -9.97763 72
      vertex -7.61272 -9.27612 72
    endloop
  endfacet
  facet normal -0.595698 -0.803209 -0
    outer loop
      vertex -6.66684 -9.97763 72
      vertex -7.61272 -9.27612 68.85
      vertex -6.66684 -9.97763 68.85
    endloop
  endfacet
  facet normal -0.595698 -0.803209 0
    outer loop
      vertex -7.61272 -9.27612 14.85
      vertex -6.66684 -9.97763 28.15
      vertex -7.61272 -9.27612 28.15
    endloop
  endfacet
  facet normal -0.595698 -0.803209 -0
    outer loop
      vertex -6.66684 -9.97763 28.15
      vertex -7.61272 -9.27612 14.85
      vertex -6.66684 -9.97763 14.85
    endloop
  endfacet
  facet normal -0.595698 -0.803209 0
    outer loop
      vertex -7.61272 -9.27612 31.85
      vertex -6.66684 -9.97763 48.15
      vertex -7.61272 -9.27612 48.15
    endloop
  endfacet
  facet normal -0.595698 -0.803209 -0
    outer loop
      vertex -6.66684 -9.97763 48.15
      vertex -7.61272 -9.27612 31.85
      vertex -6.66684 -9.97763 31.85
    endloop
  endfacet
  facet normal -0.595698 -0.803209 0
    outer loop
      vertex -7.61272 -9.27612 51.85
      vertex -6.66684 -9.97763 65.15
      vertex -7.61272 -9.27612 65.15
    endloop
  endfacet
  facet normal -0.595698 -0.803209 -0
    outer loop
      vertex -6.66684 -9.97763 65.15
      vertex -7.61272 -9.27612 51.85
      vertex -6.66684 -9.97763 51.85
    endloop
  endfacet
  facet normal -0.0490817 -0.998795 0
    outer loop
      vertex -1.17621 -11.9422 68.85
      vertex 0 -12 72
      vertex -1.17621 -11.9422 72
    endloop
  endfacet
  facet normal -0.0490817 -0.998795 -0
    outer loop
      vertex 0 -12 72
      vertex -1.17621 -11.9422 68.85
      vertex 0 -12 68.85
    endloop
  endfacet
  facet normal -0.0490817 -0.998795 0
    outer loop
      vertex -1.17621 -11.9422 8
      vertex 0 -12 11.15
      vertex -1.17621 -11.9422 11.15
    endloop
  endfacet
  facet normal -0.0490817 -0.998795 -0
    outer loop
      vertex 0 -12 11.15
      vertex -1.17621 -11.9422 8
      vertex 0 -12 8
    endloop
  endfacet
  facet normal -0.0490817 -0.998795 0
    outer loop
      vertex -1.17621 -11.9422 14.85
      vertex 0 -12 28.15
      vertex -1.17621 -11.9422 28.15
    endloop
  endfacet
  facet normal -0.0490817 -0.998795 -0
    outer loop
      vertex 0 -12 28.15
      vertex -1.17621 -11.9422 14.85
      vertex 0 -12 14.85
    endloop
  endfacet
  facet normal -0.0490817 -0.998795 0
    outer loop
      vertex -1.17621 -11.9422 31.85
      vertex 0 -12 48.15
      vertex -1.17621 -11.9422 48.15
    endloop
  endfacet
  facet normal -0.0490817 -0.998795 -0
    outer loop
      vertex 0 -12 48.15
      vertex -1.17621 -11.9422 31.85
      vertex 0 -12 31.85
    endloop
  endfacet
  facet normal -0.0490817 -0.998795 0
    outer loop
      vertex -1.17621 -11.9422 51.85
      vertex 0 -12 65.15
      vertex -1.17621 -11.9422 65.15
    endloop
  endfacet
  facet normal -0.0490817 -0.998795 -0
    outer loop
      vertex 0 -12 65.15
      vertex -1.17621 -11.9422 51.85
      vertex 0 -12 51.85
    endloop
  endfacet
  facet normal 0 0 1
    outer loop
      vertex 1.55 0 72
      vertex 12 0 72
      vertex 11.9422 1.17621 72
    endloop
  endfacet
  facet normal 0 0 1
    outer loop
      vertex 1.54254 0.151926 72
      vertex 11.9422 1.17621 72
      vertex 11.7694 2.34108 72
    endloop
  endfacet
  facet normal 0 0 1
    outer loop
      vertex 12 0 72
      vertex 1.55 0 72
      vertex 11.9422 -1.17621 72
    endloop
  endfacet
  facet normal 0 0 1
    outer loop
      vertex 1.52022 0.302389 72
      vertex 11.7694 2.34108 72
      vertex 11.4833 3.48342 72
    endloop
  endfacet
  facet normal -0 0 1
    outer loop
      vertex 1.54254 -0.151926 72
      vertex 11.9422 -1.17621 72
      vertex 1.55 0 72
    endloop
  endfacet
  facet normal 0 0 1
    outer loop
      vertex 1.48326 0.449941 72
      vertex 11.4833 3.48342 72
      vertex 11.0866 4.5922 72
    endloop
  endfacet
  facet normal 0 0 1
    outer loop
      vertex 11.9422 -1.17621 72
      vertex 1.54254 -0.151926 72
      vertex 11.7694 -2.34108 72
    endloop
  endfacet
  facet normal 0 0 1
    outer loop
      vertex 1.43201 0.593159 72
      vertex 11.0866 4.5922 72
      vertex 10.5831 5.65676 72
    endloop
  endfacet
  facet normal -0 0 1
    outer loop
      vertex 1.52022 -0.302389 72
      vertex 11.7694 -2.34108 72
      vertex 1.54254 -0.151926 72
    endloop
  endfacet
  facet normal 0 0 1
    outer loop
      vertex 1.36698 0.730664 72
      vertex 10.5831 5.65676 72
      vertex 9.97763 6.66684 72
    endloop
  endfacet
  facet normal 0 0 1
    outer loop
      vertex 11.7694 -2.34108 72
      vertex 1.52022 -0.302389 72
      vertex 11.4833 -3.48342 72
    endloop
  endfacet
  facet normal 0 0 1
    outer loop
      vertex 1.28878 0.861134 72
      vertex 9.97763 6.66684 72
      vertex 9.27612 7.61272 72
    endloop
  endfacet
  facet normal -0 0 1
    outer loop
      vertex 1.48326 -0.449941 72
      vertex 11.4833 -3.48342 72
      vertex 1.52022 -0.302389 72
    endloop
  endfacet
  facet normal 0 0 1
    outer loop
      vertex 1.19817 0.983309 72
      vertex 9.27612 7.61272 72
      vertex 8.48528 8.48528 72
    endloop
  endfacet
  facet normal 0 0 1
    outer loop
      vertex 11.4833 -3.48342 72
      vertex 1.48326 -0.449941 72
      vertex 11.0866 -4.5922 72
    endloop
  endfacet
  facet normal 0 0 1
    outer loop
      vertex 1.09601 1.09601 72
      vertex 8.48528 8.48528 72
      vertex 7.61272 9.27612 72
    endloop
  endfacet
  facet normal -0 0 1
    outer loop
      vertex 1.43201 -0.593159 72
      vertex 11.0866 -4.5922 72
      vertex 1.48326 -0.449941 72
    endloop
  endfacet
  facet normal 0 0 1
    outer loop
      vertex 0.983309 1.19817 72
      vertex 7.61272 9.27612 72
      vertex 6.66684 9.97763 72
    endloop
  endfacet
  facet normal 0 0 1
    outer loop
      vertex 11.0866 -4.5922 72
      vertex 1.43201 -0.593159 72
      vertex 10.5831 -5.65676 72
    endloop
  endfacet
  facet normal 0 0 1
    outer loop
      vertex 0.861134 1.28878 72
      vertex 6.66684 9.97763 72
      vertex 5.65676 10.5831 72
    endloop
  endfacet
  facet normal -0 0 1
    outer loop
      vertex 1.36698 -0.730664 72
      vertex 10.5831 -5.65676 72
      vertex 1.43201 -0.593159 72
    endloop
  endfacet
  facet normal 0 0 1
    outer loop
      vertex 0.730664 1.36698 72
      vertex 5.65676 10.5831 72
      vertex 4.5922 11.0866 72
    endloop
  endfacet
  facet normal 0 0 1
    outer loop
      vertex 10.5831 -5.65676 72
      vertex 1.36698 -0.730664 72
      vertex 9.97763 -6.66684 72
    endloop
  endfacet
  facet normal 0 0 1
    outer loop
      vertex 0.593159 1.43201 72
      vertex 4.5922 11.0866 72
      vertex 3.48342 11.4833 72
    endloop
  endfacet
  facet normal -0 0 1
    outer loop
      vertex 1.28878 -0.861134 72
      vertex 9.97763 -6.66684 72
      vertex 1.36698 -0.730664 72
    endloop
  endfacet
  facet normal 0 0 1
    outer loop
      vertex 0.449941 1.48326 72
      vertex 3.48342 11.4833 72
      vertex 2.34108 11.7694 72
    endloop
  endfacet
  facet normal 0 0 1
    outer loop
      vertex 9.97763 -6.66684 72
      vertex 1.28878 -0.861134 72
      vertex 9.27612 -7.61272 72
    endloop
  endfacet
  facet normal -0 0 1
    outer loop
      vertex 1.19817 -0.983309 72
      vertex 9.27612 -7.61272 72
      vertex 1.28878 -0.861134 72
    endloop
  endfacet
  facet normal 0 0 1
    outer loop
      vertex 11.9422 1.17621 72
      vertex 1.54254 0.151926 72
      vertex 1.55 0 72
    endloop
  endfacet
  facet normal 0 0 1
    outer loop
      vertex 11.7694 2.34108 72
      vertex 1.52022 0.302389 72
      vertex 1.54254 0.151926 72
    endloop
  endfacet
  facet normal 0 0 1
    outer loop
      vertex 11.4833 3.48342 72
      vertex 1.48326 0.449941 72
      vertex 1.52022 0.302389 72
    endloop
  endfacet
  facet normal 0 0 1
    outer loop
      vertex 11.0866 4.5922 72
      vertex 1.43201 0.593159 72
      vertex 1.48326 0.449941 72
    endloop
  endfacet
  facet normal 0 0 1
    outer loop
      vertex 10.5831 5.65676 72
      vertex 1.36698 0.730664 72
      vertex 1.43201 0.593159 72
    endloop
  endfacet
  facet normal 0 0 1
    outer loop
      vertex 9.97763 6.66684 72
      vertex 1.28878 0.861134 72
      vertex 1.36698 0.730664 72
    endloop
  endfacet
  facet normal 0 0 1
    outer loop
      vertex 9.27612 7.61272 72
      vertex 1.19817 0.983309 72
      vertex 1.28878 0.861134 72
    endloop
  endfacet
  facet normal 0 0 1
    outer loop
      vertex 0.302389 1.52022 72
      vertex 2.34108 11.7694 72
      vertex 1.17621 11.9422 72
    endloop
  endfacet
  facet normal 0 0 1
    outer loop
      vertex 8.48528 8.48528 72
      vertex 1.09601 1.09601 72
      vertex 1.19817 0.983309 72
    endloop
  endfacet
  facet normal 0 0 1
    outer loop
      vertex 7.61272 9.27612 72
      vertex 0.983309 1.19817 72
      vertex 1.09601 1.09601 72
    endloop
  endfacet
  facet normal 0 0 1
    outer loop
      vertex 6.66684 9.97763 72
      vertex 0.861134 1.28878 72
      vertex 0.983309 1.19817 72
    endloop
  endfacet
  facet normal 0 0 1
    outer loop
      vertex 5.65676 10.5831 72
      vertex 0.730664 1.36698 72
      vertex 0.861134 1.28878 72
    endloop
  endfacet
  facet normal 0 0 1
    outer loop
      vertex 4.5922 11.0866 72
      vertex 0.593159 1.43201 72
      vertex 0.730664 1.36698 72
    endloop
  endfacet
  facet normal 0 0 1
    outer loop
      vertex 3.48342 11.4833 72
      vertex 0.449941 1.48326 72
      vertex 0.593159 1.43201 72
    endloop
  endfacet
  facet normal 0 0 1
    outer loop
      vertex 2.34108 11.7694 72
      vertex 0.302389 1.52022 72
      vertex 0.449941 1.48326 72
    endloop
  endfacet
  facet normal 0 0 1
    outer loop
      vertex 1.17621 11.9422 72
      vertex 0.151926 1.54254 72
      vertex 0.302389 1.52022 72
    endloop
  endfacet
  facet normal 0 0 1
    outer loop
      vertex 0 12 72
      vertex 0.151926 1.54254 72
      vertex 1.17621 11.9422 72
    endloop
  endfacet
  facet normal 0 0 1
    outer loop
      vertex 0 12 72
      vertex 0 1.55 72
      vertex 0.151926 1.54254 72
    endloop
  endfacet
  facet normal 0 0 1
    outer loop
      vertex 0 12 72
      vertex -0.151926 1.54254 72
      vertex 0 1.55 72
    endloop
  endfacet
  facet normal -0 0 1
    outer loop
      vertex -1.17621 11.9422 72
      vertex -0.151926 1.54254 72
      vertex 0 12 72
    endloop
  endfacet
  facet normal 0 0 1
    outer loop
      vertex -0.151926 1.54254 72
      vertex -1.17621 11.9422 72
      vertex -0.302389 1.52022 72
    endloop
  endfacet
  facet normal -0 0 1
    outer loop
      vertex -2.34108 11.7694 72
      vertex -0.302389 1.52022 72
      vertex -1.17621 11.9422 72
    endloop
  endfacet
  facet normal 0 0 1
    outer loop
      vertex -0.302389 1.52022 72
      vertex -2.34108 11.7694 72
      vertex -0.449941 1.48326 72
    endloop
  endfacet
  facet normal -0 0 1
    outer loop
      vertex -3.48342 11.4833 72
      vertex -0.449941 1.48326 72
      vertex -2.34108 11.7694 72
    endloop
  endfacet
  facet normal 0 0 1
    outer loop
      vertex -0.449941 1.48326 72
      vertex -3.48342 11.4833 72
      vertex -0.593159 1.43201 72
    endloop
  endfacet
  facet normal -0 0 1
    outer loop
      vertex -4.5922 11.0866 72
      vertex -0.593159 1.43201 72
      vertex -3.48342 11.4833 72
    endloop
  endfacet
  facet normal 0 0 1
    outer loop
      vertex -0.593159 1.43201 72
      vertex -4.5922 11.0866 72
      vertex -0.730664 1.36698 72
    endloop
  endfacet
  facet normal -0 0 1
    outer loop
      vertex -5.65676 10.5831 72
      vertex -0.730664 1.36698 72
      vertex -4.5922 11.0866 72
    endloop
  endfacet
  facet normal 0 0 1
    outer loop
      vertex -0.730664 1.36698 72
      vertex -5.65676 10.5831 72
      vertex -0.861134 1.28878 72
    endloop
  endfacet
  facet normal -0 0 1
    outer loop
      vertex -6.66684 9.97763 72
      vertex -0.861134 1.28878 72
      vertex -5.65676 10.5831 72
    endloop
  endfacet
  facet normal 0 0 1
    outer loop
      vertex -0.861134 1.28878 72
      vertex -6.66684 9.97763 72
      vertex -0.983309 1.19817 72
    endloop
  endfacet
  facet normal -0 0 1
    outer loop
      vertex -7.61272 9.27612 72
      vertex -0.983309 1.19817 72
      vertex -6.66684 9.97763 72
    endloop
  endfacet
  facet normal 0 0 1
    outer loop
      vertex -0.983309 1.19817 72
      vertex -7.61272 9.27612 72
      vertex -1.09601 1.09601 72
    endloop
  endfacet
  facet normal -0 0 1
    outer loop
      vertex -8.48528 8.48528 72
      vertex -1.09601 1.09601 72
      vertex -7.61272 9.27612 72
    endloop
  endfacet
  facet normal 0 0 1
    outer loop
      vertex -1.09601 1.09601 72
      vertex -8.48528 8.48528 72
      vertex -1.19817 0.983309 72
    endloop
  endfacet
  facet normal -0 0 1
    outer loop
      vertex -9.27612 7.61272 72
      vertex -1.19817 0.983309 72
      vertex -8.48528 8.48528 72
    endloop
  endfacet
  facet normal 0 0 1
    outer loop
      vertex 9.27612 -7.61272 72
      vertex 1.19817 -0.983309 72
      vertex 8.48528 -8.48528 72
    endloop
  endfacet
  facet normal -0 0 1
    outer loop
      vertex 1.09601 -1.09601 72
      vertex 8.48528 -8.48528 72
      vertex 1.19817 -0.983309 72
    endloop
  endfacet
  facet normal 0 0 1
    outer loop
      vertex 8.48528 -8.48528 72
      vertex 1.09601 -1.09601 72
      vertex 7.61272 -9.27612 72
    endloop
  endfacet
  facet normal -0 0 1
    outer loop
      vertex 0.983309 -1.19817 72
      vertex 7.61272 -9.27612 72
      vertex 1.09601 -1.09601 72
    endloop
  endfacet
  facet normal 0 0 1
    outer loop
      vertex 7.61272 -9.27612 72
      vertex 0.983309 -1.19817 72
      vertex 6.66684 -9.97763 72
    endloop
  endfacet
  facet normal -0 0 1
    outer loop
      vertex 0.913419 -1.25 72
      vertex 6.66684 -9.97763 72
      vertex 0.983309 -1.19817 72
    endloop
  endfacet
  facet normal 0 0 1
    outer loop
      vertex 6.66684 -9.97763 72
      vertex 0.913419 -1.25 72
      vertex 5.65676 -10.5831 72
    endloop
  endfacet
  facet normal 0 0 1
    outer loop
      vertex 5.65676 -10.5831 72
      vertex 0.913419 -1.25 72
      vertex 4.5922 -11.0866 72
    endloop
  endfacet
  facet normal 0 0 1
    outer loop
      vertex 4.5922 -11.0866 72
      vertex 0.913419 -1.25 72
      vertex 3.48342 -11.4833 72
    endloop
  endfacet
  facet normal 0 0 1
    outer loop
      vertex 3.48342 -11.4833 72
      vertex 0.913419 -1.25 72
      vertex 2.34108 -11.7694 72
    endloop
  endfacet
  facet normal 0 0 1
    outer loop
      vertex 2.34108 -11.7694 72
      vertex 0.913419 -1.25 72
      vertex 1.17621 -11.9422 72
    endloop
  endfacet
  facet normal 0 0 1
    outer loop
      vertex 0.913419 -1.25 72
      vertex 0 -12 72
      vertex 1.17621 -11.9422 72
    endloop
  endfacet
  facet normal -0 0 1
    outer loop
      vertex -0.913419 -1.25 72
      vertex 0 -12 72
      vertex 0.913419 -1.25 72
    endloop
  endfacet
  facet normal 0 0 1
    outer loop
      vertex -6.66684 -9.97763 72
      vertex -0.913419 -1.25 72
      vertex -0.983309 -1.19817 72
    endloop
  endfacet
  facet normal 0 0 1
    outer loop
      vertex -7.61272 -9.27612 72
      vertex -0.983309 -1.19817 72
      vertex -1.09601 -1.09601 72
    endloop
  endfacet
  facet normal 0 0 1
    outer loop
      vertex -0.913419 -1.25 72
      vertex -1.17621 -11.9422 72
      vertex 0 -12 72
    endloop
  endfacet
  facet normal 0 0 1
    outer loop
      vertex -8.48528 -8.48528 72
      vertex -1.09601 -1.09601 72
      vertex -1.19817 -0.983309 72
    endloop
  endfacet
  facet normal 0 0 1
    outer loop
      vertex -9.27612 -7.61272 72
      vertex -1.19817 -0.983309 72
      vertex -1.28878 -0.861134 72
    endloop
  endfacet
  facet normal 0 0 1
    outer loop
      vertex -9.97763 -6.66684 72
      vertex -1.28878 -0.861134 72
      vertex -1.36698 -0.730664 72
    endloop
  endfacet
  facet normal 0 0 1
    outer loop
      vertex -10.5831 -5.65676 72
      vertex -1.36698 -0.730664 72
      vertex -1.43201 -0.593159 72
    endloop
  endfacet
  facet normal 0 0 1
    outer loop
      vertex -11.0866 -4.5922 72
      vertex -1.43201 -0.593159 72
      vertex -1.48326 -0.449941 72
    endloop
  endfacet
  facet normal 0 0 1
    outer loop
      vertex -11.4833 -3.48342 72
      vertex -1.48326 -0.449941 72
      vertex -1.52022 -0.302389 72
    endloop
  endfacet
  facet normal 0 0 1
    outer loop
      vertex -11.7694 -2.34108 72
      vertex -1.52022 -0.302389 72
      vertex -1.54254 -0.151926 72
    endloop
  endfacet
  facet normal 0 0 1
    outer loop
      vertex -11.9422 -1.17621 72
      vertex -1.54254 -0.151926 72
      vertex -1.55 0 72
    endloop
  endfacet
  facet normal 0 0 1
    outer loop
      vertex -1.19817 0.983309 72
      vertex -9.27612 7.61272 72
      vertex -1.28878 0.861134 72
    endloop
  endfacet
  facet normal 0 0 1
    outer loop
      vertex -0.913419 -1.25 72
      vertex -2.34108 -11.7694 72
      vertex -1.17621 -11.9422 72
    endloop
  endfacet
  facet normal -0 0 1
    outer loop
      vertex -9.97763 6.66684 72
      vertex -1.28878 0.861134 72
      vertex -9.27612 7.61272 72
    endloop
  endfacet
  facet normal 0 0 1
    outer loop
      vertex -0.913419 -1.25 72
      vertex -3.48342 -11.4833 72
      vertex -2.34108 -11.7694 72
    endloop
  endfacet
  facet normal 0 0 1
    outer loop
      vertex -1.28878 0.861134 72
      vertex -9.97763 6.66684 72
      vertex -1.36698 0.730664 72
    endloop
  endfacet
  facet normal 0 0 1
    outer loop
      vertex -0.913419 -1.25 72
      vertex -4.5922 -11.0866 72
      vertex -3.48342 -11.4833 72
    endloop
  endfacet
  facet normal -0 0 1
    outer loop
      vertex -10.5831 5.65676 72
      vertex -1.36698 0.730664 72
      vertex -9.97763 6.66684 72
    endloop
  endfacet
  facet normal 0 0 1
    outer loop
      vertex -0.913419 -1.25 72
      vertex -5.65676 -10.5831 72
      vertex -4.5922 -11.0866 72
    endloop
  endfacet
  facet normal 0 0 1
    outer loop
      vertex -1.36698 0.730664 72
      vertex -10.5831 5.65676 72
      vertex -1.43201 0.593159 72
    endloop
  endfacet
  facet normal 0 0 1
    outer loop
      vertex -0.913419 -1.25 72
      vertex -6.66684 -9.97763 72
      vertex -5.65676 -10.5831 72
    endloop
  endfacet
  facet normal -0 0 1
    outer loop
      vertex -11.0866 4.5922 72
      vertex -1.43201 0.593159 72
      vertex -10.5831 5.65676 72
    endloop
  endfacet
  facet normal 0 0 1
    outer loop
      vertex -0.983309 -1.19817 72
      vertex -7.61272 -9.27612 72
      vertex -6.66684 -9.97763 72
    endloop
  endfacet
  facet normal 0 0 1
    outer loop
      vertex -1.43201 0.593159 72
      vertex -11.0866 4.5922 72
      vertex -1.48326 0.449941 72
    endloop
  endfacet
  facet normal 0 0 1
    outer loop
      vertex -1.09601 -1.09601 72
      vertex -8.48528 -8.48528 72
      vertex -7.61272 -9.27612 72
    endloop
  endfacet
  facet normal -0 0 1
    outer loop
      vertex -11.4833 3.48342 72
      vertex -1.48326 0.449941 72
      vertex -11.0866 4.5922 72
    endloop
  endfacet
  facet normal 0 0 1
    outer loop
      vertex -1.19817 -0.983309 72
      vertex -9.27612 -7.61272 72
      vertex -8.48528 -8.48528 72
    endloop
  endfacet
  facet normal 0 0 1
    outer loop
      vertex -1.48326 0.449941 72
      vertex -11.4833 3.48342 72
      vertex -1.52022 0.302389 72
    endloop
  endfacet
  facet normal 0 0 1
    outer loop
      vertex -1.28878 -0.861134 72
      vertex -9.97763 -6.66684 72
      vertex -9.27612 -7.61272 72
    endloop
  endfacet
  facet normal -0 0 1
    outer loop
      vertex -11.7694 2.34108 72
      vertex -1.52022 0.302389 72
      vertex -11.4833 3.48342 72
    endloop
  endfacet
  facet normal 0 0 1
    outer loop
      vertex -1.36698 -0.730664 72
      vertex -10.5831 -5.65676 72
      vertex -9.97763 -6.66684 72
    endloop
  endfacet
  facet normal 0 0 1
    outer loop
      vertex -1.52022 0.302389 72
      vertex -11.7694 2.34108 72
      vertex -1.54254 0.151926 72
    endloop
  endfacet
  facet normal 0 0 1
    outer loop
      vertex -1.43201 -0.593159 72
      vertex -11.0866 -4.5922 72
      vertex -10.5831 -5.65676 72
    endloop
  endfacet
  facet normal -0 0 1
    outer loop
      vertex -11.9422 1.17621 72
      vertex -1.54254 0.151926 72
      vertex -11.7694 2.34108 72
    endloop
  endfacet
  facet normal 0 0 1
    outer loop
      vertex -1.48326 -0.449941 72
      vertex -11.4833 -3.48342 72
      vertex -11.0866 -4.5922 72
    endloop
  endfacet
  facet normal 0 0 1
    outer loop
      vertex -1.54254 0.151926 72
      vertex -11.9422 1.17621 72
      vertex -1.55 0 72
    endloop
  endfacet
  facet normal 0 0 1
    outer loop
      vertex -1.52022 -0.302389 72
      vertex -11.7694 -2.34108 72
      vertex -11.4833 -3.48342 72
    endloop
  endfacet
  facet normal 0 0 1
    outer loop
      vertex -12 0 72
      vertex -1.55 0 72
      vertex -11.9422 1.17621 72
    endloop
  endfacet
  facet normal 0 0 1
    outer loop
      vertex -1.54254 -0.151926 72
      vertex -11.9422 -1.17621 72
      vertex -11.7694 -2.34108 72
    endloop
  endfacet
  facet normal 0 0 1
    outer loop
      vertex -1.55 0 72
      vertex -12 0 72
      vertex -11.9422 -1.17621 72
    endloop
  endfacet
  facet normal -0.998795 0.0490817 0
    outer loop
      vertex -12 0 68.85
      vertex -11.9422 1.17621 72
      vertex -11.9422 1.17621 68.85
    endloop
  endfacet
  facet normal -0.998795 0.0490817 0
    outer loop
      vertex -11.9422 1.17621 72
      vertex -12 0 68.85
      vertex -12 0 72
    endloop
  endfacet
  facet normal -0.998795 0.0490817 0
    outer loop
      vertex -12 0 8
      vertex -11.9422 1.17621 11.15
      vertex -11.9422 1.17621 8
    endloop
  endfacet
  facet normal -0.998795 0.0490817 0
    outer loop
      vertex -11.9422 1.17621 11.15
      vertex -12 0 8
      vertex -12 0 11.15
    endloop
  endfacet
  facet normal -0.998795 0.0490817 0
    outer loop
      vertex -12 0 14.85
      vertex -11.9422 1.17621 28.15
      vertex -11.9422 1.17621 14.85
    endloop
  endfacet
  facet normal -0.998795 0.0490817 0
    outer loop
      vertex -11.9422 1.17621 28.15
      vertex -12 0 14.85
      vertex -12 0 28.15
    endloop
  endfacet
  facet normal -0.998795 0.0490817 0
    outer loop
      vertex -12 0 31.85
      vertex -11.9422 1.17621 48.15
      vertex -11.9422 1.17621 31.85
    endloop
  endfacet
  facet normal -0.998795 0.0490817 0
    outer loop
      vertex -11.9422 1.17621 48.15
      vertex -12 0 31.85
      vertex -12 0 48.15
    endloop
  endfacet
  facet normal -0.998795 0.0490817 0
    outer loop
      vertex -12 0 51.85
      vertex -11.9422 1.17621 65.15
      vertex -11.9422 1.17621 51.85
    endloop
  endfacet
  facet normal -0.998795 0.0490817 0
    outer loop
      vertex -11.9422 1.17621 65.15
      vertex -12 0 51.85
      vertex -12 0 65.15
    endloop
  endfacet
  facet normal 0.671558 -0.740952 0
    outer loop
      vertex 7.61272 -9.27612 8
      vertex 8.48528 -8.48528 11.15
      vertex 7.61272 -9.27612 11.15
    endloop
  endfacet
  facet normal 0.671558 -0.740952 0
    outer loop
      vertex 8.48528 -8.48528 11.15
      vertex 7.61272 -9.27612 8
      vertex 8.48528 -8.48528 8
    endloop
  endfacet
  facet normal 0.671558 -0.740952 0
    outer loop
      vertex 7.61272 -9.27612 68.85
      vertex 8.48528 -8.48528 72
      vertex 7.61272 -9.27612 72
    endloop
  endfacet
  facet normal 0.671558 -0.740952 0
    outer loop
      vertex 8.48528 -8.48528 72
      vertex 7.61272 -9.27612 68.85
      vertex 8.48528 -8.48528 68.85
    endloop
  endfacet
  facet normal 0.671558 -0.740952 0
    outer loop
      vertex 7.61272 -9.27612 14.85
      vertex 8.48528 -8.48528 28.15
      vertex 7.61272 -9.27612 28.15
    endloop
  endfacet
  facet normal 0.671558 -0.740952 0
    outer loop
      vertex 8.48528 -8.48528 28.15
      vertex 7.61272 -9.27612 14.85
      vertex 8.48528 -8.48528 14.85
    endloop
  endfacet
  facet normal 0.671558 -0.740952 0
    outer loop
      vertex 7.61272 -9.27612 31.85
      vertex 8.48528 -8.48528 48.15
      vertex 7.61272 -9.27612 48.15
    endloop
  endfacet
  facet normal 0.671558 -0.740952 0
    outer loop
      vertex 8.48528 -8.48528 48.15
      vertex 7.61272 -9.27612 31.85
      vertex 8.48528 -8.48528 31.85
    endloop
  endfacet
  facet normal 0.671558 -0.740952 0
    outer loop
      vertex 7.61272 -9.27612 51.85
      vertex 8.48528 -8.48528 65.15
      vertex 7.61272 -9.27612 65.15
    endloop
  endfacet
  facet normal 0.671558 -0.740952 0
    outer loop
      vertex 8.48528 -8.48528 65.15
      vertex 7.61272 -9.27612 51.85
      vertex 8.48528 -8.48528 51.85
    endloop
  endfacet
  facet normal 0.989176 0.146735 0
    outer loop
      vertex 1.99037 0.196033 8
      vertex 1.96157 0.390181 0
      vertex 1.96157 0.390181 8
    endloop
  endfacet
  facet normal 0.989176 0.146735 0
    outer loop
      vertex 1.96157 0.390181 0
      vertex 1.99037 0.196033 8
      vertex 1.99037 0.196033 0
    endloop
  endfacet
  facet normal 0.998796 0.0490652 0
    outer loop
      vertex 2 0 8
      vertex 1.99037 0.196033 0
      vertex 1.99037 0.196033 8
    endloop
  endfacet
  facet normal 0.998796 0.0490652 0
    outer loop
      vertex 1.99037 0.196033 0
      vertex 2 0 8
      vertex 2 0 0
    endloop
  endfacet
  facet normal 0.970031 0.242982 0
    outer loop
      vertex 1.96157 0.390181 8
      vertex 1.91388 0.580569 0
      vertex 1.91388 0.580569 8
    endloop
  endfacet
  facet normal 0.970031 0.242982 0
    outer loop
      vertex 1.91388 0.580569 0
      vertex 1.96157 0.390181 8
      vertex 1.96157 0.390181 0
    endloop
  endfacet
  facet normal -0.51409 -0.857736 0
    outer loop
      vertex -1.11114 -1.66294 0
      vertex -0.942793 -1.76384 8
      vertex -1.11114 -1.66294 8
    endloop
  endfacet
  facet normal -0.51409 -0.857736 -0
    outer loop
      vertex -0.942793 -1.76384 8
      vertex -1.11114 -1.66294 0
      vertex -0.942793 -1.76384 0
    endloop
  endfacet
  facet normal -0.51409 0.857736 0
    outer loop
      vertex -0.942793 1.76384 0
      vertex -1.11114 1.66294 8
      vertex -0.942793 1.76384 8
    endloop
  endfacet
  facet normal -0.51409 0.857736 0
    outer loop
      vertex -1.11114 1.66294 8
      vertex -0.942793 1.76384 0
      vertex -1.11114 1.66294 0
    endloop
  endfacet
  facet normal -0.941547 0.336882 0
    outer loop
      vertex -1.91388 0.580569 0
      vertex -1.84776 0.765367 8
      vertex -1.84776 0.765367 0
    endloop
  endfacet
  facet normal -0.941547 0.336882 0
    outer loop
      vertex -1.84776 0.765367 8
      vertex -1.91388 0.580569 0
      vertex -1.91388 0.580569 8
    endloop
  endfacet
  facet normal 0.336882 0.941547 -0
    outer loop
      vertex 0.765367 1.84776 0
      vertex 0.580569 1.91388 8
      vertex 0.765367 1.84776 8
    endloop
  endfacet
  facet normal 0.336882 0.941547 0
    outer loop
      vertex 0.580569 1.91388 8
      vertex 0.765367 1.84776 0
      vertex 0.580569 1.91388 0
    endloop
  endfacet
  facet normal 0 0 -1
    outer loop
      vertex 1.99037 -0.196033 0
      vertex 1.99037 0.196033 0
      vertex 2 0 0
    endloop
  endfacet
  facet normal 0 0 -1
    outer loop
      vertex 1.96157 -0.390181 0
      vertex 1.99037 0.196033 0
      vertex 1.99037 -0.196033 0
    endloop
  endfacet
  facet normal 0 0 -1
    outer loop
      vertex 1.96157 -0.390181 0
      vertex 1.96157 0.390181 0
      vertex 1.99037 0.196033 0
    endloop
  endfacet
  facet normal 0 0 -1
    outer loop
      vertex 1.91388 -0.580569 0
      vertex 1.96157 0.390181 0
      vertex 1.96157 -0.390181 0
    endloop
  endfacet
  facet normal 0 0 -1
    outer loop
      vertex 1.91388 -0.580569 0
      vertex 1.91388 0.580569 0
      vertex 1.96157 0.390181 0
    endloop
  endfacet
  facet normal 0 0 -1
    outer loop
      vertex 1.84776 -0.765367 0
      vertex 1.91388 0.580569 0
      vertex 1.91388 -0.580569 0
    endloop
  endfacet
  facet normal 0 0 -1
    outer loop
      vertex 1.84776 -0.765367 0
      vertex 1.84776 0.765367 0
      vertex 1.91388 0.580569 0
    endloop
  endfacet
  facet normal 0 0 -1
    outer loop
      vertex 1.76384 -0.942793 0
      vertex 1.84776 0.765367 0
      vertex 1.84776 -0.765367 0
    endloop
  endfacet
  facet normal 0 0 -1
    outer loop
      vertex 1.76384 -0.942793 0
      vertex 1.76384 0.942793 0
      vertex 1.84776 0.765367 0
    endloop
  endfacet
  facet normal 0 0 -1
    outer loop
      vertex 1.66294 -1.11114 0
      vertex 1.76384 0.942793 0
      vertex 1.76384 -0.942793 0
    endloop
  endfacet
  facet normal 0 0 -1
    outer loop
      vertex 1.66294 -1.11114 0
      vertex 1.66294 1.11114 0
      vertex 1.76384 0.942793 0
    endloop
  endfacet
  facet normal 0 0 -1
    outer loop
      vertex 1.54602 -1.26879 0
      vertex 1.66294 1.11114 0
      vertex 1.66294 -1.11114 0
    endloop
  endfacet
  facet normal 0 0 -1
    outer loop
      vertex 1.54602 -1.26879 0
      vertex 1.54602 1.26879 0
      vertex 1.66294 1.11114 0
    endloop
  endfacet
  facet normal 0 0 -1
    outer loop
      vertex 1.41421 -1.41421 0
      vertex 1.54602 1.26879 0
      vertex 1.54602 -1.26879 0
    endloop
  endfacet
  facet normal 0 0 -1
    outer loop
      vertex 1.41421 -1.41421 0
      vertex 1.41421 1.41421 0
      vertex 1.54602 1.26879 0
    endloop
  endfacet
  facet normal 0 0 -1
    outer loop
      vertex 1.26879 -1.54602 0
      vertex 1.41421 1.41421 0
      vertex 1.41421 -1.41421 0
    endloop
  endfacet
  facet normal 0 0 -1
    outer loop
      vertex 1.26879 -1.54602 0
      vertex 1.26879 1.54602 0
      vertex 1.41421 1.41421 0
    endloop
  endfacet
  facet normal 0 0 -1
    outer loop
      vertex 1.11114 -1.66294 0
      vertex 1.26879 1.54602 0
      vertex 1.26879 -1.54602 0
    endloop
  endfacet
  facet normal 0 0 -1
    outer loop
      vertex 1.11114 -1.66294 0
      vertex 1.11114 1.66294 0
      vertex 1.26879 1.54602 0
    endloop
  endfacet
  facet normal 0 0 -1
    outer loop
      vertex 0.942793 -1.76384 0
      vertex 1.11114 1.66294 0
      vertex 1.11114 -1.66294 0
    endloop
  endfacet
  facet normal 0 0 -1
    outer loop
      vertex 0.942793 -1.76384 0
      vertex 0.942793 1.76384 0
      vertex 1.11114 1.66294 0
    endloop
  endfacet
  facet normal 0 0 -1
    outer loop
      vertex 0.765367 -1.84776 0
      vertex 0.942793 1.76384 0
      vertex 0.942793 -1.76384 0
    endloop
  endfacet
  facet normal 0 0 -1
    outer loop
      vertex 0.765367 -1.84776 0
      vertex 0.765367 1.84776 0
      vertex 0.942793 1.76384 0
    endloop
  endfacet
  facet normal 0 0 -1
    outer loop
      vertex 0.580569 -1.91388 0
      vertex 0.765367 1.84776 0
      vertex 0.765367 -1.84776 0
    endloop
  endfacet
  facet normal 0 0 -1
    outer loop
      vertex 0.580569 -1.91388 0
      vertex 0.580569 1.91388 0
      vertex 0.765367 1.84776 0
    endloop
  endfacet
  facet normal 0 0 -1
    outer loop
      vertex 0.390181 -1.96157 0
      vertex 0.580569 1.91388 0
      vertex 0.580569 -1.91388 0
    endloop
  endfacet
  facet normal 0 0 -1
    outer loop
      vertex 0.390181 -1.96157 0
      vertex 0.390181 1.96157 0
      vertex 0.580569 1.91388 0
    endloop
  endfacet
  facet normal 0 0 -1
    outer loop
      vertex 0.196033 -1.99037 0
      vertex 0.390181 1.96157 0
      vertex 0.390181 -1.96157 0
    endloop
  endfacet
  facet normal 0 0 -1
    outer loop
      vertex 0.196033 -1.99037 0
      vertex 0.196033 1.99037 0
      vertex 0.390181 1.96157 0
    endloop
  endfacet
  facet normal 0 0 -1
    outer loop
      vertex 0 -2 0
      vertex 0.196033 1.99037 0
      vertex 0.196033 -1.99037 0
    endloop
  endfacet
  facet normal 0 0 -1
    outer loop
      vertex 0 -2 0
      vertex 0 2 0
      vertex 0.196033 1.99037 0
    endloop
  endfacet
  facet normal 0 0 -1
    outer loop
      vertex -0.196033 -1.99037 0
      vertex 0 2 0
      vertex 0 -2 0
    endloop
  endfacet
  facet normal 0 0 -1
    outer loop
      vertex -0.196033 -1.99037 0
      vertex -0.196033 1.99037 0
      vertex 0 2 0
    endloop
  endfacet
  facet normal 0 0 -1
    outer loop
      vertex -0.390181 -1.96157 0
      vertex -0.196033 1.99037 0
      vertex -0.196033 -1.99037 0
    endloop
  endfacet
  facet normal 0 0 -1
    outer loop
      vertex -0.390181 -1.96157 0
      vertex -0.390181 1.96157 0
      vertex -0.196033 1.99037 0
    endloop
  endfacet
  facet normal 0 0 -1
    outer loop
      vertex -0.580569 -1.91388 0
      vertex -0.390181 1.96157 0
      vertex -0.390181 -1.96157 0
    endloop
  endfacet
  facet normal 0 0 -1
    outer loop
      vertex -0.580569 -1.91388 0
      vertex -0.580569 1.91388 0
      vertex -0.390181 1.96157 0
    endloop
  endfacet
  facet normal 0 0 -1
    outer loop
      vertex -0.765367 -1.84776 0
      vertex -0.580569 1.91388 0
      vertex -0.580569 -1.91388 0
    endloop
  endfacet
  facet normal 0 0 -1
    outer loop
      vertex -0.765367 -1.84776 0
      vertex -0.765367 1.84776 0
      vertex -0.580569 1.91388 0
    endloop
  endfacet
  facet normal 0 0 -1
    outer loop
      vertex -0.942793 -1.76384 0
      vertex -0.765367 1.84776 0
      vertex -0.765367 -1.84776 0
    endloop
  endfacet
  facet normal 0 0 -1
    outer loop
      vertex -0.942793 -1.76384 0
      vertex -0.942793 1.76384 0
      vertex -0.765367 1.84776 0
    endloop
  endfacet
  facet normal 0 0 -1
    outer loop
      vertex -1.11114 -1.66294 0
      vertex -0.942793 1.76384 0
      vertex -0.942793 -1.76384 0
    endloop
  endfacet
  facet normal 0 0 -1
    outer loop
      vertex -1.11114 -1.66294 0
      vertex -1.11114 1.66294 0
      vertex -0.942793 1.76384 0
    endloop
  endfacet
  facet normal 0 0 -1
    outer loop
      vertex -1.26879 -1.54602 0
      vertex -1.11114 1.66294 0
      vertex -1.11114 -1.66294 0
    endloop
  endfacet
  facet normal 0 0 -1
    outer loop
      vertex -1.26879 -1.54602 0
      vertex -1.26879 1.54602 0
      vertex -1.11114 1.66294 0
    endloop
  endfacet
  facet normal 0 0 -1
    outer loop
      vertex -1.41421 -1.41421 0
      vertex -1.26879 1.54602 0
      vertex -1.26879 -1.54602 0
    endloop
  endfacet
  facet normal 0 0 -1
    outer loop
      vertex -1.41421 -1.41421 0
      vertex -1.41421 1.41421 0
      vertex -1.26879 1.54602 0
    endloop
  endfacet
  facet normal 0 0 -1
    outer loop
      vertex -1.54602 -1.26879 0
      vertex -1.41421 1.41421 0
      vertex -1.41421 -1.41421 0
    endloop
  endfacet
  facet normal 0 0 -1
    outer loop
      vertex -1.54602 -1.26879 0
      vertex -1.54602 1.26879 0
      vertex -1.41421 1.41421 0
    endloop
  endfacet
  facet normal 0 0 -1
    outer loop
      vertex -1.66294 -1.11114 0
      vertex -1.54602 1.26879 0
      vertex -1.54602 -1.26879 0
    endloop
  endfacet
  facet normal 0 0 -1
    outer loop
      vertex -1.66294 -1.11114 0
      vertex -1.66294 1.11114 0
      vertex -1.54602 1.26879 0
    endloop
  endfacet
  facet normal 0 0 -1
    outer loop
      vertex -1.76384 -0.942793 0
      vertex -1.66294 1.11114 0
      vertex -1.66294 -1.11114 0
    endloop
  endfacet
  facet normal 0 0 -1
    outer loop
      vertex -1.76384 -0.942793 0
      vertex -1.76384 0.942793 0
      vertex -1.66294 1.11114 0
    endloop
  endfacet
  facet normal 0 0 -1
    outer loop
      vertex -1.84776 -0.765367 0
      vertex -1.76384 0.942793 0
      vertex -1.76384 -0.942793 0
    endloop
  endfacet
  facet normal 0 0 -1
    outer loop
      vertex -1.84776 -0.765367 0
      vertex -1.84776 0.765367 0
      vertex -1.76384 0.942793 0
    endloop
  endfacet
  facet normal 0 0 -1
    outer loop
      vertex -1.91388 -0.580569 0
      vertex -1.84776 0.765367 0
      vertex -1.84776 -0.765367 0
    endloop
  endfacet
  facet normal 0 0 -1
    outer loop
      vertex -1.91388 -0.580569 0
      vertex -1.91388 0.580569 0
      vertex -1.84776 0.765367 0
    endloop
  endfacet
  facet normal 0 0 -1
    outer loop
      vertex -1.96157 -0.390181 0
      vertex -1.91388 0.580569 0
      vertex -1.91388 -0.580569 0
    endloop
  endfacet
  facet normal 0 0 -1
    outer loop
      vertex -1.96157 -0.390181 0
      vertex -1.96157 0.390181 0
      vertex -1.91388 0.580569 0
    endloop
  endfacet
  facet normal 0 0 -1
    outer loop
      vertex -1.99037 -0.196033 0
      vertex -1.96157 0.390181 0
      vertex -1.96157 -0.390181 0
    endloop
  endfacet
  facet normal 0 0 -1
    outer loop
      vertex -1.99037 -0.196033 0
      vertex -1.99037 0.196033 0
      vertex -1.96157 0.390181 0
    endloop
  endfacet
  facet normal 0 -0 -1
    outer loop
      vertex -1.99037 0.196033 0
      vertex -1.99037 -0.196033 0
      vertex -2 0 0
    endloop
  endfacet
  facet normal -0.941547 -0.336882 0
    outer loop
      vertex -1.84776 -0.765367 0
      vertex -1.91388 -0.580569 8
      vertex -1.91388 -0.580569 0
    endloop
  endfacet
  facet normal -0.941547 -0.336882 0
    outer loop
      vertex -1.91388 -0.580569 8
      vertex -1.84776 -0.765367 0
      vertex -1.84776 -0.765367 8
    endloop
  endfacet
  facet normal -0.146735 0.989176 0
    outer loop
      vertex -0.196033 1.99037 0
      vertex -0.390181 1.96157 8
      vertex -0.196033 1.99037 8
    endloop
  endfacet
  facet normal -0.146735 0.989176 0
    outer loop
      vertex -0.390181 1.96157 8
      vertex -0.196033 1.99037 0
      vertex -0.390181 1.96157 0
    endloop
  endfacet
  facet normal 0.146735 -0.989176 0
    outer loop
      vertex 0.196033 -1.99037 0
      vertex 0.390181 -1.96157 8
      vertex 0.196033 -1.99037 8
    endloop
  endfacet
  facet normal 0.146735 -0.989176 0
    outer loop
      vertex 0.390181 -1.96157 8
      vertex 0.196033 -1.99037 0
      vertex 0.390181 -1.96157 0
    endloop
  endfacet
  facet normal -0.740928 0.671584 0
    outer loop
      vertex -1.54602 1.26879 0
      vertex -1.41421 1.41421 8
      vertex -1.41421 1.41421 0
    endloop
  endfacet
  facet normal -0.740928 0.671584 0
    outer loop
      vertex -1.41421 1.41421 8
      vertex -1.54602 1.26879 0
      vertex -1.54602 1.26879 8
    endloop
  endfacet
  facet normal 0.427571 -0.903982 0
    outer loop
      vertex 0.765367 -1.84776 0
      vertex 0.942793 -1.76384 8
      vertex 0.765367 -1.84776 8
    endloop
  endfacet
  facet normal 0.427571 -0.903982 0
    outer loop
      vertex 0.942793 -1.76384 8
      vertex 0.765367 -1.84776 0
      vertex 0.942793 -1.76384 0
    endloop
  endfacet
  facet normal 0.80321 -0.595695 0
    outer loop
      vertex 1.54602 -1.26879 8
      vertex 1.66294 -1.11114 0
      vertex 1.66294 -1.11114 8
    endloop
  endfacet
  facet normal 0.80321 -0.595695 0
    outer loop
      vertex 1.66294 -1.11114 0
      vertex 1.54602 -1.26879 8
      vertex 1.54602 -1.26879 0
    endloop
  endfacet
  facet normal 0.989176 -0.146735 0
    outer loop
      vertex 1.96157 -0.390181 8
      vertex 1.99037 -0.196033 0
      vertex 1.99037 -0.196033 8
    endloop
  endfacet
  facet normal 0.989176 -0.146735 0
    outer loop
      vertex 1.99037 -0.196033 0
      vertex 1.96157 -0.390181 8
      vertex 1.96157 -0.390181 0
    endloop
  endfacet
  facet normal 0.671584 -0.740928 0
    outer loop
      vertex 1.26879 -1.54602 0
      vertex 1.41421 -1.41421 8
      vertex 1.26879 -1.54602 8
    endloop
  endfacet
  facet normal 0.671584 -0.740928 0
    outer loop
      vertex 1.41421 -1.41421 8
      vertex 1.26879 -1.54602 0
      vertex 1.41421 -1.41421 0
    endloop
  endfacet
  facet normal 0.0490652 0.998796 -0
    outer loop
      vertex 0.196033 1.99037 0
      vertex 0 2 8
      vertex 0.196033 1.99037 8
    endloop
  endfacet
  facet normal 0.0490652 0.998796 0
    outer loop
      vertex 0 2 8
      vertex 0.196033 1.99037 0
      vertex 0 2 0
    endloop
  endfacet
  facet normal 0.427571 0.903982 -0
    outer loop
      vertex 0.942793 1.76384 0
      vertex 0.765367 1.84776 8
      vertex 0.942793 1.76384 8
    endloop
  endfacet
  facet normal 0.427571 0.903982 0
    outer loop
      vertex 0.765367 1.84776 8
      vertex 0.942793 1.76384 0
      vertex 0.765367 1.84776 0
    endloop
  endfacet
  facet normal -0.427571 0.903982 0
    outer loop
      vertex -0.765367 1.84776 0
      vertex -0.942793 1.76384 8
      vertex -0.765367 1.84776 8
    endloop
  endfacet
  facet normal -0.427571 0.903982 0
    outer loop
      vertex -0.942793 1.76384 8
      vertex -0.765367 1.84776 0
      vertex -0.942793 1.76384 0
    endloop
  endfacet
  facet normal -0.857736 -0.51409 0
    outer loop
      vertex -1.66294 -1.11114 0
      vertex -1.76384 -0.942793 8
      vertex -1.76384 -0.942793 0
    endloop
  endfacet
  facet normal -0.857736 -0.51409 0
    outer loop
      vertex -1.76384 -0.942793 8
      vertex -1.66294 -1.11114 0
      vertex -1.66294 -1.11114 8
    endloop
  endfacet
  facet normal -0.242982 -0.970031 0
    outer loop
      vertex -0.580569 -1.91388 0
      vertex -0.390181 -1.96157 8
      vertex -0.580569 -1.91388 8
    endloop
  endfacet
  facet normal -0.242982 -0.970031 -0
    outer loop
      vertex -0.390181 -1.96157 8
      vertex -0.580569 -1.91388 0
      vertex -0.390181 -1.96157 0
    endloop
  endfacet
  facet normal 0.740928 -0.671584 0
    outer loop
      vertex 1.41421 -1.41421 8
      vertex 1.54602 -1.26879 0
      vertex 1.54602 -1.26879 8
    endloop
  endfacet
  facet normal 0.740928 -0.671584 0
    outer loop
      vertex 1.54602 -1.26879 0
      vertex 1.41421 -1.41421 8
      vertex 1.41421 -1.41421 0
    endloop
  endfacet
  facet normal -0.970031 -0.242982 0
    outer loop
      vertex -1.91388 -0.580569 0
      vertex -1.96157 -0.390181 8
      vertex -1.96157 -0.390181 0
    endloop
  endfacet
  facet normal -0.970031 -0.242982 0
    outer loop
      vertex -1.96157 -0.390181 8
      vertex -1.91388 -0.580569 0
      vertex -1.91388 -0.580569 8
    endloop
  endfacet
  facet normal -0.671584 -0.740928 0
    outer loop
      vertex -1.41421 -1.41421 0
      vertex -1.26879 -1.54602 8
      vertex -1.41421 -1.41421 8
    endloop
  endfacet
  facet normal -0.671584 -0.740928 -0
    outer loop
      vertex -1.26879 -1.54602 8
      vertex -1.41421 -1.41421 0
      vertex -1.26879 -1.54602 0
    endloop
  endfacet
  facet normal 0.970031 -0.242982 0
    outer loop
      vertex 1.91388 -0.580569 8
      vertex 1.96157 -0.390181 0
      vertex 1.96157 -0.390181 8
    endloop
  endfacet
  facet normal 0.970031 -0.242982 0
    outer loop
      vertex 1.96157 -0.390181 0
      vertex 1.91388 -0.580569 8
      vertex 1.91388 -0.580569 0
    endloop
  endfacet
  facet normal -0.336882 0.941547 0
    outer loop
      vertex -0.580569 1.91388 0
      vertex -0.765367 1.84776 8
      vertex -0.580569 1.91388 8
    endloop
  endfacet
  facet normal -0.336882 0.941547 0
    outer loop
      vertex -0.765367 1.84776 8
      vertex -0.580569 1.91388 0
      vertex -0.765367 1.84776 0
    endloop
  endfacet
  facet normal -0.595695 0.80321 0
    outer loop
      vertex -1.11114 1.66294 0
      vertex -1.26879 1.54602 8
      vertex -1.11114 1.66294 8
    endloop
  endfacet
  facet normal -0.595695 0.80321 0
    outer loop
      vertex -1.26879 1.54602 8
      vertex -1.11114 1.66294 0
      vertex -1.26879 1.54602 0
    endloop
  endfacet
  facet normal 0.242982 -0.970031 0
    outer loop
      vertex 0.390181 -1.96157 0
      vertex 0.580569 -1.91388 8
      vertex 0.390181 -1.96157 8
    endloop
  endfacet
  facet normal 0.242982 -0.970031 0
    outer loop
      vertex 0.580569 -1.91388 8
      vertex 0.390181 -1.96157 0
      vertex 0.580569 -1.91388 0
    endloop
  endfacet
  facet normal -0.242982 0.970031 0
    outer loop
      vertex -0.390181 1.96157 0
      vertex -0.580569 1.91388 8
      vertex -0.390181 1.96157 8
    endloop
  endfacet
  facet normal -0.242982 0.970031 0
    outer loop
      vertex -0.580569 1.91388 8
      vertex -0.390181 1.96157 0
      vertex -0.580569 1.91388 0
    endloop
  endfacet
  facet normal 0.80321 0.595695 0
    outer loop
      vertex 1.66294 1.11114 8
      vertex 1.54602 1.26879 0
      vertex 1.54602 1.26879 8
    endloop
  endfacet
  facet normal 0.80321 0.595695 0
    outer loop
      vertex 1.54602 1.26879 0
      vertex 1.66294 1.11114 8
      vertex 1.66294 1.11114 0
    endloop
  endfacet
  facet normal -0.857736 0.51409 0
    outer loop
      vertex -1.76384 0.942793 0
      vertex -1.66294 1.11114 8
      vertex -1.66294 1.11114 0
    endloop
  endfacet
  facet normal -0.857736 0.51409 0
    outer loop
      vertex -1.66294 1.11114 8
      vertex -1.76384 0.942793 0
      vertex -1.76384 0.942793 8
    endloop
  endfacet
  facet normal 0.146735 0.989176 -0
    outer loop
      vertex 0.390181 1.96157 0
      vertex 0.196033 1.99037 8
      vertex 0.390181 1.96157 8
    endloop
  endfacet
  facet normal 0.146735 0.989176 0
    outer loop
      vertex 0.196033 1.99037 8
      vertex 0.390181 1.96157 0
      vertex 0.196033 1.99037 0
    endloop
  endfacet
  facet normal 0.998796 -0.0490652 0
    outer loop
      vertex 1.99037 -0.196033 8
      vertex 2 0 0
      vertex 2 0 8
    endloop
  endfacet
  facet normal 0.998796 -0.0490652 0
    outer loop
      vertex 2 0 0
      vertex 1.99037 -0.196033 8
      vertex 1.99037 -0.196033 0
    endloop
  endfacet
  facet normal 0.903982 -0.427571 0
    outer loop
      vertex 1.76384 -0.942793 8
      vertex 1.84776 -0.765367 0
      vertex 1.84776 -0.765367 8
    endloop
  endfacet
  facet normal 0.903982 -0.427571 0
    outer loop
      vertex 1.84776 -0.765367 0
      vertex 1.76384 -0.942793 8
      vertex 1.76384 -0.942793 0
    endloop
  endfacet
  facet normal 0.242982 0.970031 -0
    outer loop
      vertex 0.580569 1.91388 0
      vertex 0.390181 1.96157 8
      vertex 0.580569 1.91388 8
    endloop
  endfacet
  facet normal 0.242982 0.970031 0
    outer loop
      vertex 0.390181 1.96157 8
      vertex 0.580569 1.91388 0
      vertex 0.390181 1.96157 0
    endloop
  endfacet
  facet normal 0.595695 0.80321 -0
    outer loop
      vertex 1.26879 1.54602 0
      vertex 1.11114 1.66294 8
      vertex 1.26879 1.54602 8
    endloop
  endfacet
  facet normal 0.595695 0.80321 0
    outer loop
      vertex 1.11114 1.66294 8
      vertex 1.26879 1.54602 0
      vertex 1.11114 1.66294 0
    endloop
  endfacet
  facet normal 0.51409 0.857736 -0
    outer loop
      vertex 1.11114 1.66294 0
      vertex 0.942793 1.76384 8
      vertex 1.11114 1.66294 8
    endloop
  endfacet
  facet normal 0.51409 0.857736 0
    outer loop
      vertex 0.942793 1.76384 8
      vertex 1.11114 1.66294 0
      vertex 0.942793 1.76384 0
    endloop
  endfacet
  facet normal 0.0490652 -0.998796 0
    outer loop
      vertex 0 -2 0
      vertex 0.196033 -1.99037 8
      vertex 0 -2 8
    endloop
  endfacet
  facet normal 0.0490652 -0.998796 0
    outer loop
      vertex 0.196033 -1.99037 8
      vertex 0 -2 0
      vertex 0.196033 -1.99037 0
    endloop
  endfacet
  facet normal 0.941547 0.336882 0
    outer loop
      vertex 1.91388 0.580569 8
      vertex 1.84776 0.765367 0
      vertex 1.84776 0.765367 8
    endloop
  endfacet
  facet normal 0.941547 0.336882 0
    outer loop
      vertex 1.84776 0.765367 0
      vertex 1.91388 0.580569 8
      vertex 1.91388 0.580569 0
    endloop
  endfacet
  facet normal 0.857736 -0.51409 0
    outer loop
      vertex 1.66294 -1.11114 8
      vertex 1.76384 -0.942793 0
      vertex 1.76384 -0.942793 8
    endloop
  endfacet
  facet normal 0.857736 -0.51409 0
    outer loop
      vertex 1.76384 -0.942793 0
      vertex 1.66294 -1.11114 8
      vertex 1.66294 -1.11114 0
    endloop
  endfacet
  facet normal -0.998796 0.0490652 0
    outer loop
      vertex -2 0 0
      vertex -1.99037 0.196033 8
      vertex -1.99037 0.196033 0
    endloop
  endfacet
  facet normal -0.998796 0.0490652 0
    outer loop
      vertex -1.99037 0.196033 8
      vertex -2 0 0
      vertex -2 0 8
    endloop
  endfacet
  facet normal 0.941547 -0.336882 0
    outer loop
      vertex 1.84776 -0.765367 8
      vertex 1.91388 -0.580569 0
      vertex 1.91388 -0.580569 8
    endloop
  endfacet
  facet normal 0.941547 -0.336882 0
    outer loop
      vertex 1.91388 -0.580569 0
      vertex 1.84776 -0.765367 8
      vertex 1.84776 -0.765367 0
    endloop
  endfacet
  facet normal 0.740928 0.671584 0
    outer loop
      vertex 1.54602 1.26879 8
      vertex 1.41421 1.41421 0
      vertex 1.41421 1.41421 8
    endloop
  endfacet
  facet normal 0.740928 0.671584 0
    outer loop
      vertex 1.41421 1.41421 0
      vertex 1.54602 1.26879 8
      vertex 1.54602 1.26879 0
    endloop
  endfacet
  facet normal 0.903982 0.427571 0
    outer loop
      vertex 1.84776 0.765367 8
      vertex 1.76384 0.942793 0
      vertex 1.76384 0.942793 8
    endloop
  endfacet
  facet normal 0.903982 0.427571 0
    outer loop
      vertex 1.76384 0.942793 0
      vertex 1.84776 0.765367 8
      vertex 1.84776 0.765367 0
    endloop
  endfacet
  facet normal 0.595695 -0.80321 0
    outer loop
      vertex 1.11114 -1.66294 0
      vertex 1.26879 -1.54602 8
      vertex 1.11114 -1.66294 8
    endloop
  endfacet
  facet normal 0.595695 -0.80321 0
    outer loop
      vertex 1.26879 -1.54602 8
      vertex 1.11114 -1.66294 0
      vertex 1.26879 -1.54602 0
    endloop
  endfacet
  facet normal 0.857736 0.51409 0
    outer loop
      vertex 1.76384 0.942793 8
      vertex 1.66294 1.11114 0
      vertex 1.66294 1.11114 8
    endloop
  endfacet
  facet normal 0.857736 0.51409 0
    outer loop
      vertex 1.66294 1.11114 0
      vertex 1.76384 0.942793 8
      vertex 1.76384 0.942793 0
    endloop
  endfacet
  facet normal -0.671584 0.740928 0
    outer loop
      vertex -1.26879 1.54602 0
      vertex -1.41421 1.41421 8
      vertex -1.26879 1.54602 8
    endloop
  endfacet
  facet normal -0.671584 0.740928 0
    outer loop
      vertex -1.41421 1.41421 8
      vertex -1.26879 1.54602 0
      vertex -1.41421 1.41421 0
    endloop
  endfacet
  facet normal -0.903982 0.427571 0
    outer loop
      vertex -1.84776 0.765367 0
      vertex -1.76384 0.942793 8
      vertex -1.76384 0.942793 0
    endloop
  endfacet
  facet normal -0.903982 0.427571 0
    outer loop
      vertex -1.76384 0.942793 8
      vertex -1.84776 0.765367 0
      vertex -1.84776 0.765367 8
    endloop
  endfacet
  facet normal 0.671584 0.740928 -0
    outer loop
      vertex 1.41421 1.41421 0
      vertex 1.26879 1.54602 8
      vertex 1.41421 1.41421 8
    endloop
  endfacet
  facet normal 0.671584 0.740928 0
    outer loop
      vertex 1.26879 1.54602 8
      vertex 1.41421 1.41421 0
      vertex 1.26879 1.54602 0
    endloop
  endfacet
  facet normal -0.0490652 0.998796 0
    outer loop
      vertex 0 2 0
      vertex -0.196033 1.99037 8
      vertex 0 2 8
    endloop
  endfacet
  facet normal -0.0490652 0.998796 0
    outer loop
      vertex -0.196033 1.99037 8
      vertex 0 2 0
      vertex -0.196033 1.99037 0
    endloop
  endfacet
  facet normal -0.989176 -0.146735 0
    outer loop
      vertex -1.96157 -0.390181 0
      vertex -1.99037 -0.196033 8
      vertex -1.99037 -0.196033 0
    endloop
  endfacet
  facet normal -0.989176 -0.146735 0
    outer loop
      vertex -1.99037 -0.196033 8
      vertex -1.96157 -0.390181 0
      vertex -1.96157 -0.390181 8
    endloop
  endfacet
  facet normal -0.740928 -0.671584 0
    outer loop
      vertex -1.41421 -1.41421 0
      vertex -1.54602 -1.26879 8
      vertex -1.54602 -1.26879 0
    endloop
  endfacet
  facet normal -0.740928 -0.671584 0
    outer loop
      vertex -1.54602 -1.26879 8
      vertex -1.41421 -1.41421 0
      vertex -1.41421 -1.41421 8
    endloop
  endfacet
  facet normal -0.595695 -0.80321 0
    outer loop
      vertex -1.26879 -1.54602 0
      vertex -1.11114 -1.66294 8
      vertex -1.26879 -1.54602 8
    endloop
  endfacet
  facet normal -0.595695 -0.80321 -0
    outer loop
      vertex -1.11114 -1.66294 8
      vertex -1.26879 -1.54602 0
      vertex -1.11114 -1.66294 0
    endloop
  endfacet
  facet normal -0.80321 -0.595695 0
    outer loop
      vertex -1.54602 -1.26879 0
      vertex -1.66294 -1.11114 8
      vertex -1.66294 -1.11114 0
    endloop
  endfacet
  facet normal -0.80321 -0.595695 0
    outer loop
      vertex -1.66294 -1.11114 8
      vertex -1.54602 -1.26879 0
      vertex -1.54602 -1.26879 8
    endloop
  endfacet
  facet normal 0.336882 -0.941547 0
    outer loop
      vertex 0.580569 -1.91388 0
      vertex 0.765367 -1.84776 8
      vertex 0.580569 -1.91388 8
    endloop
  endfacet
  facet normal 0.336882 -0.941547 0
    outer loop
      vertex 0.765367 -1.84776 8
      vertex 0.580569 -1.91388 0
      vertex 0.765367 -1.84776 0
    endloop
  endfacet
  facet normal -0.998796 -0.0490652 0
    outer loop
      vertex -1.99037 -0.196033 0
      vertex -2 0 8
      vertex -2 0 0
    endloop
  endfacet
  facet normal -0.998796 -0.0490652 0
    outer loop
      vertex -2 0 8
      vertex -1.99037 -0.196033 0
      vertex -1.99037 -0.196033 8
    endloop
  endfacet
  facet normal -0.970031 0.242982 0
    outer loop
      vertex -1.96157 0.390181 0
      vertex -1.91388 0.580569 8
      vertex -1.91388 0.580569 0
    endloop
  endfacet
  facet normal -0.970031 0.242982 0
    outer loop
      vertex -1.91388 0.580569 8
      vertex -1.96157 0.390181 0
      vertex -1.96157 0.390181 8
    endloop
  endfacet
  facet normal -0.80321 0.595695 0
    outer loop
      vertex -1.66294 1.11114 0
      vertex -1.54602 1.26879 8
      vertex -1.54602 1.26879 0
    endloop
  endfacet
  facet normal -0.80321 0.595695 0
    outer loop
      vertex -1.54602 1.26879 8
      vertex -1.66294 1.11114 0
      vertex -1.66294 1.11114 8
    endloop
  endfacet
  facet normal 0.51409 -0.857736 0
    outer loop
      vertex 0.942793 -1.76384 0
      vertex 1.11114 -1.66294 8
      vertex 0.942793 -1.76384 8
    endloop
  endfacet
  facet normal 0.51409 -0.857736 0
    outer loop
      vertex 1.11114 -1.66294 8
      vertex 0.942793 -1.76384 0
      vertex 1.11114 -1.66294 0
    endloop
  endfacet
  facet normal -0.427571 -0.903982 0
    outer loop
      vertex -0.942793 -1.76384 0
      vertex -0.765367 -1.84776 8
      vertex -0.942793 -1.76384 8
    endloop
  endfacet
  facet normal -0.427571 -0.903982 -0
    outer loop
      vertex -0.765367 -1.84776 8
      vertex -0.942793 -1.76384 0
      vertex -0.765367 -1.84776 0
    endloop
  endfacet
  facet normal -0.0490652 -0.998796 0
    outer loop
      vertex -0.196033 -1.99037 0
      vertex 0 -2 8
      vertex -0.196033 -1.99037 8
    endloop
  endfacet
  facet normal -0.0490652 -0.998796 -0
    outer loop
      vertex 0 -2 8
      vertex -0.196033 -1.99037 0
      vertex 0 -2 0
    endloop
  endfacet
  facet normal -0.146735 -0.989176 0
    outer loop
      vertex -0.390181 -1.96157 0
      vertex -0.196033 -1.99037 8
      vertex -0.390181 -1.96157 8
    endloop
  endfacet
  facet normal -0.146735 -0.989176 -0
    outer loop
      vertex -0.196033 -1.99037 8
      vertex -0.390181 -1.96157 0
      vertex -0.196033 -1.99037 0
    endloop
  endfacet
  facet normal -0.903982 -0.427571 0
    outer loop
      vertex -1.76384 -0.942793 0
      vertex -1.84776 -0.765367 8
      vertex -1.84776 -0.765367 0
    endloop
  endfacet
  facet normal -0.903982 -0.427571 0
    outer loop
      vertex -1.84776 -0.765367 8
      vertex -1.76384 -0.942793 0
      vertex -1.76384 -0.942793 8
    endloop
  endfacet
  facet normal -0.989176 0.146735 0
    outer loop
      vertex -1.99037 0.196033 0
      vertex -1.96157 0.390181 8
      vertex -1.96157 0.390181 0
    endloop
  endfacet
  facet normal -0.989176 0.146735 0
    outer loop
      vertex -1.96157 0.390181 8
      vertex -1.99037 0.196033 0
      vertex -1.99037 0.196033 8
    endloop
  endfacet
  facet normal -0.336882 -0.941547 0
    outer loop
      vertex -0.765367 -1.84776 0
      vertex -0.580569 -1.91388 8
      vertex -0.765367 -1.84776 8
    endloop
  endfacet
  facet normal -0.336882 -0.941547 -0
    outer loop
      vertex -0.580569 -1.91388 8
      vertex -0.765367 -1.84776 0
      vertex -0.580569 -1.91388 0
    endloop
  endfacet
  facet normal 0 0 1
    outer loop
      vertex 10 0 11.15
      vertex 12 0 11.15
      vertex 11.9422 1.17621 11.15
    endloop
  endfacet
  facet normal 0 0 1
    outer loop
      vertex 9.95185 0.980171 11.15
      vertex 11.9422 1.17621 11.15
      vertex 11.7694 2.34108 11.15
    endloop
  endfacet
  facet normal 0 0 1
    outer loop
      vertex 12 0 11.15
      vertex 10 0 11.15
      vertex 11.9422 -1.17621 11.15
    endloop
  endfacet
  facet normal 0 0 1
    outer loop
      vertex 9.80785 1.9509 11.15
      vertex 11.7694 2.34108 11.15
      vertex 11.4833 3.48342 11.15
    endloop
  endfacet
  facet normal -0 0 1
    outer loop
      vertex 9.95185 -0.980171 11.15
      vertex 11.9422 -1.17621 11.15
      vertex 10 0 11.15
    endloop
  endfacet
  facet normal 0 0 1
    outer loop
      vertex 9.5694 2.90285 11.15
      vertex 11.4833 3.48342 11.15
      vertex 11.0866 4.5922 11.15
    endloop
  endfacet
  facet normal 0 0 1
    outer loop
      vertex 11.9422 -1.17621 11.15
      vertex 9.95185 -0.980171 11.15
      vertex 11.7694 -2.34108 11.15
    endloop
  endfacet
  facet normal 0 0 1
    outer loop
      vertex 9.2388 3.82683 11.15
      vertex 11.0866 4.5922 11.15
      vertex 10.5831 5.65676 11.15
    endloop
  endfacet
  facet normal -0 0 1
    outer loop
      vertex 9.80785 -1.9509 11.15
      vertex 11.7694 -2.34108 11.15
      vertex 9.95185 -0.980171 11.15
    endloop
  endfacet
  facet normal 0 0 1
    outer loop
      vertex 11.7694 -2.34108 11.15
      vertex 9.80785 -1.9509 11.15
      vertex 11.4833 -3.48342 11.15
    endloop
  endfacet
  facet normal 0 0 1
    outer loop
      vertex 8.81921 4.71397 11.15
      vertex 10.5831 5.65676 11.15
      vertex 9.97763 6.66684 11.15
    endloop
  endfacet
  facet normal 0 0 1
    outer loop
      vertex 11.9422 1.17621 11.15
      vertex 9.95185 0.980171 11.15
      vertex 10 0 11.15
    endloop
  endfacet
  facet normal 0 0 1
    outer loop
      vertex 11.7694 2.34108 11.15
      vertex 9.80785 1.9509 11.15
      vertex 9.95185 0.980171 11.15
    endloop
  endfacet
  facet normal 0 0 1
    outer loop
      vertex 11.4833 3.48342 11.15
      vertex 9.5694 2.90285 11.15
      vertex 9.80785 1.9509 11.15
    endloop
  endfacet
  facet normal 0 0 1
    outer loop
      vertex 8.3147 5.5557 11.15
      vertex 9.97763 6.66684 11.15
      vertex 9.27612 7.61272 11.15
    endloop
  endfacet
  facet normal 0 0 1
    outer loop
      vertex 11.0866 4.5922 11.15
      vertex 9.2388 3.82683 11.15
      vertex 9.5694 2.90285 11.15
    endloop
  endfacet
  facet normal 0 0 1
    outer loop
      vertex 10.5831 5.65676 11.15
      vertex 8.81921 4.71397 11.15
      vertex 9.2388 3.82683 11.15
    endloop
  endfacet
  facet normal 0 0 1
    outer loop
      vertex 7.7301 6.34393 11.15
      vertex 9.27612 7.61272 11.15
      vertex 8.48528 8.48528 11.15
    endloop
  endfacet
  facet normal 0 0 1
    outer loop
      vertex 9.97763 6.66684 11.15
      vertex 8.3147 5.5557 11.15
      vertex 8.81921 4.71397 11.15
    endloop
  endfacet
  facet normal 0 0 1
    outer loop
      vertex 9.27612 7.61272 11.15
      vertex 7.7301 6.34393 11.15
      vertex 8.3147 5.5557 11.15
    endloop
  endfacet
  facet normal 0 0 1
    outer loop
      vertex 7.07107 7.07107 11.15
      vertex 8.48528 8.48528 11.15
      vertex 7.61272 9.27612 11.15
    endloop
  endfacet
  facet normal 0 0 1
    outer loop
      vertex 8.48528 8.48528 11.15
      vertex 7.07107 7.07107 11.15
      vertex 7.7301 6.34393 11.15
    endloop
  endfacet
  facet normal 0 0 1
    outer loop
      vertex 6.34393 7.7301 11.15
      vertex 7.61272 9.27612 11.15
      vertex 6.66684 9.97763 11.15
    endloop
  endfacet
  facet normal 0 0 1
    outer loop
      vertex 7.61272 9.27612 11.15
      vertex 6.34393 7.7301 11.15
      vertex 7.07107 7.07107 11.15
    endloop
  endfacet
  facet normal 0 0 1
    outer loop
      vertex 5.5557 8.3147 11.15
      vertex 6.66684 9.97763 11.15
      vertex 5.65676 10.5831 11.15
    endloop
  endfacet
  facet normal 0 0 1
    outer loop
      vertex 6.66684 9.97763 11.15
      vertex 5.5557 8.3147 11.15
      vertex 6.34393 7.7301 11.15
    endloop
  endfacet
  facet normal 0 0 1
    outer loop
      vertex 5.65676 10.5831 11.15
      vertex 4.71397 8.81921 11.15
      vertex 5.5557 8.3147 11.15
    endloop
  endfacet
  facet normal 0 0 1
    outer loop
      vertex 4.5922 11.0866 11.15
      vertex 4.71397 8.81921 11.15
      vertex 5.65676 10.5831 11.15
    endloop
  endfacet
  facet normal 0 0 1
    outer loop
      vertex 4.5922 11.0866 11.15
      vertex 3.82683 9.2388 11.15
      vertex 4.71397 8.81921 11.15
    endloop
  endfacet
  facet normal 0 0 1
    outer loop
      vertex 3.48342 11.4833 11.15
      vertex 3.82683 9.2388 11.15
      vertex 4.5922 11.0866 11.15
    endloop
  endfacet
  facet normal 0 0 1
    outer loop
      vertex 3.48342 11.4833 11.15
      vertex 2.90285 9.5694 11.15
      vertex 3.82683 9.2388 11.15
    endloop
  endfacet
  facet normal 0 0 1
    outer loop
      vertex 2.34108 11.7694 11.15
      vertex 2.90285 9.5694 11.15
      vertex 3.48342 11.4833 11.15
    endloop
  endfacet
  facet normal 0 0 1
    outer loop
      vertex 2.34108 11.7694 11.15
      vertex 1.9509 9.80785 11.15
      vertex 2.90285 9.5694 11.15
    endloop
  endfacet
  facet normal 0 0 1
    outer loop
      vertex 1.17621 11.9422 11.15
      vertex 1.9509 9.80785 11.15
      vertex 2.34108 11.7694 11.15
    endloop
  endfacet
  facet normal 0 0 1
    outer loop
      vertex 1.17621 11.9422 11.15
      vertex 0.980171 9.95185 11.15
      vertex 1.9509 9.80785 11.15
    endloop
  endfacet
  facet normal 0 0 1
    outer loop
      vertex 0 12 11.15
      vertex 0.980171 9.95185 11.15
      vertex 1.17621 11.9422 11.15
    endloop
  endfacet
  facet normal 0 0 1
    outer loop
      vertex 0 12 11.15
      vertex 0 10 11.15
      vertex 0.980171 9.95185 11.15
    endloop
  endfacet
  facet normal 0 0 1
    outer loop
      vertex 0 12 11.15
      vertex -0.980171 9.95185 11.15
      vertex 0 10 11.15
    endloop
  endfacet
  facet normal -0 0 1
    outer loop
      vertex -1.17621 11.9422 11.15
      vertex -0.980171 9.95185 11.15
      vertex 0 12 11.15
    endloop
  endfacet
  facet normal 0 0 1
    outer loop
      vertex -1.17621 11.9422 11.15
      vertex -1.9509 9.80785 11.15
      vertex -0.980171 9.95185 11.15
    endloop
  endfacet
  facet normal -0 0 1
    outer loop
      vertex -2.34108 11.7694 11.15
      vertex -1.9509 9.80785 11.15
      vertex -1.17621 11.9422 11.15
    endloop
  endfacet
  facet normal 0 0 1
    outer loop
      vertex -2.34108 11.7694 11.15
      vertex -2.90285 9.5694 11.15
      vertex -1.9509 9.80785 11.15
    endloop
  endfacet
  facet normal -0 0 1
    outer loop
      vertex -3.48342 11.4833 11.15
      vertex -2.90285 9.5694 11.15
      vertex -2.34108 11.7694 11.15
    endloop
  endfacet
  facet normal 0 0 1
    outer loop
      vertex -3.48342 11.4833 11.15
      vertex -3.82683 9.2388 11.15
      vertex -2.90285 9.5694 11.15
    endloop
  endfacet
  facet normal -0 0 1
    outer loop
      vertex -4.5922 11.0866 11.15
      vertex -3.82683 9.2388 11.15
      vertex -3.48342 11.4833 11.15
    endloop
  endfacet
  facet normal 0 0 1
    outer loop
      vertex -4.5922 11.0866 11.15
      vertex -4.71397 8.81921 11.15
      vertex -3.82683 9.2388 11.15
    endloop
  endfacet
  facet normal -0 0 1
    outer loop
      vertex -5.65676 10.5831 11.15
      vertex -4.71397 8.81921 11.15
      vertex -4.5922 11.0866 11.15
    endloop
  endfacet
  facet normal 0 0 1
    outer loop
      vertex -4.71397 8.81921 11.15
      vertex -5.65676 10.5831 11.15
      vertex -5.5557 8.3147 11.15
    endloop
  endfacet
  facet normal -0 0 1
    outer loop
      vertex -6.66684 9.97763 11.15
      vertex -5.5557 8.3147 11.15
      vertex -5.65676 10.5831 11.15
    endloop
  endfacet
  facet normal 0 0 1
    outer loop
      vertex -5.5557 8.3147 11.15
      vertex -6.66684 9.97763 11.15
      vertex -6.34393 7.7301 11.15
    endloop
  endfacet
  facet normal -0 0 1
    outer loop
      vertex -7.61272 9.27612 11.15
      vertex -6.34393 7.7301 11.15
      vertex -6.66684 9.97763 11.15
    endloop
  endfacet
  facet normal 0 0 1
    outer loop
      vertex -6.34393 7.7301 11.15
      vertex -7.61272 9.27612 11.15
      vertex -7.07107 7.07107 11.15
    endloop
  endfacet
  facet normal -0 0 1
    outer loop
      vertex -8.48528 8.48528 11.15
      vertex -7.07107 7.07107 11.15
      vertex -7.61272 9.27612 11.15
    endloop
  endfacet
  facet normal 0 0 1
    outer loop
      vertex -7.07107 7.07107 11.15
      vertex -8.48528 8.48528 11.15
      vertex -7.7301 6.34393 11.15
    endloop
  endfacet
  facet normal -0 0 1
    outer loop
      vertex -9.27612 7.61272 11.15
      vertex -7.7301 6.34393 11.15
      vertex -8.48528 8.48528 11.15
    endloop
  endfacet
  facet normal 0 0 1
    outer loop
      vertex -7.7301 6.34393 11.15
      vertex -9.27612 7.61272 11.15
      vertex -8.3147 5.5557 11.15
    endloop
  endfacet
  facet normal -0 0 1
    outer loop
      vertex -9.97763 6.66684 11.15
      vertex -8.3147 5.5557 11.15
      vertex -9.27612 7.61272 11.15
    endloop
  endfacet
  facet normal 0 0 1
    outer loop
      vertex -8.3147 5.5557 11.15
      vertex -9.97763 6.66684 11.15
      vertex -8.81921 4.71397 11.15
    endloop
  endfacet
  facet normal -0 0 1
    outer loop
      vertex -10.5831 5.65676 11.15
      vertex -8.81921 4.71397 11.15
      vertex -9.97763 6.66684 11.15
    endloop
  endfacet
  facet normal 0 0 1
    outer loop
      vertex -8.81921 4.71397 11.15
      vertex -10.5831 5.65676 11.15
      vertex -9.2388 3.82683 11.15
    endloop
  endfacet
  facet normal -0 0 1
    outer loop
      vertex -11.0866 4.5922 11.15
      vertex -9.2388 3.82683 11.15
      vertex -10.5831 5.65676 11.15
    endloop
  endfacet
  facet normal 0 0 1
    outer loop
      vertex -9.2388 3.82683 11.15
      vertex -11.0866 4.5922 11.15
      vertex -9.5694 2.90285 11.15
    endloop
  endfacet
  facet normal -0 0 1
    outer loop
      vertex -11.4833 3.48342 11.15
      vertex -9.5694 2.90285 11.15
      vertex -11.0866 4.5922 11.15
    endloop
  endfacet
  facet normal 0 0 1
    outer loop
      vertex -9.5694 2.90285 11.15
      vertex -11.4833 3.48342 11.15
      vertex -9.80785 1.9509 11.15
    endloop
  endfacet
  facet normal -0 0 1
    outer loop
      vertex 9.5694 -2.90285 11.15
      vertex 11.4833 -3.48342 11.15
      vertex 9.80785 -1.9509 11.15
    endloop
  endfacet
  facet normal 0 0 1
    outer loop
      vertex 11.4833 -3.48342 11.15
      vertex 9.5694 -2.90285 11.15
      vertex 11.0866 -4.5922 11.15
    endloop
  endfacet
  facet normal -0 0 1
    outer loop
      vertex 9.2388 -3.82683 11.15
      vertex 11.0866 -4.5922 11.15
      vertex 9.5694 -2.90285 11.15
    endloop
  endfacet
  facet normal 0 0 1
    outer loop
      vertex 11.0866 -4.5922 11.15
      vertex 9.2388 -3.82683 11.15
      vertex 10.5831 -5.65676 11.15
    endloop
  endfacet
  facet normal -0 0 1
    outer loop
      vertex 8.81921 -4.71397 11.15
      vertex 10.5831 -5.65676 11.15
      vertex 9.2388 -3.82683 11.15
    endloop
  endfacet
  facet normal 0 0 1
    outer loop
      vertex 10.5831 -5.65676 11.15
      vertex 8.81921 -4.71397 11.15
      vertex 9.97763 -6.66684 11.15
    endloop
  endfacet
  facet normal -0 0 1
    outer loop
      vertex 8.3147 -5.5557 11.15
      vertex 9.97763 -6.66684 11.15
      vertex 8.81921 -4.71397 11.15
    endloop
  endfacet
  facet normal 0 0 1
    outer loop
      vertex 9.97763 -6.66684 11.15
      vertex 8.3147 -5.5557 11.15
      vertex 9.27612 -7.61272 11.15
    endloop
  endfacet
  facet normal -0 0 1
    outer loop
      vertex 7.7301 -6.34393 11.15
      vertex 9.27612 -7.61272 11.15
      vertex 8.3147 -5.5557 11.15
    endloop
  endfacet
  facet normal 0 0 1
    outer loop
      vertex 9.27612 -7.61272 11.15
      vertex 7.7301 -6.34393 11.15
      vertex 8.48528 -8.48528 11.15
    endloop
  endfacet
  facet normal -0 0 1
    outer loop
      vertex 7.07107 -7.07107 11.15
      vertex 8.48528 -8.48528 11.15
      vertex 7.7301 -6.34393 11.15
    endloop
  endfacet
  facet normal 0 0 1
    outer loop
      vertex 8.48528 -8.48528 11.15
      vertex 7.07107 -7.07107 11.15
      vertex 7.61272 -9.27612 11.15
    endloop
  endfacet
  facet normal -0 0 1
    outer loop
      vertex 6.34393 -7.7301 11.15
      vertex 7.61272 -9.27612 11.15
      vertex 7.07107 -7.07107 11.15
    endloop
  endfacet
  facet normal 0 0 1
    outer loop
      vertex 7.61272 -9.27612 11.15
      vertex 6.34393 -7.7301 11.15
      vertex 6.66684 -9.97763 11.15
    endloop
  endfacet
  facet normal -0 0 1
    outer loop
      vertex 5.5557 -8.3147 11.15
      vertex 6.66684 -9.97763 11.15
      vertex 6.34393 -7.7301 11.15
    endloop
  endfacet
  facet normal 0 0 1
    outer loop
      vertex 6.66684 -9.97763 11.15
      vertex 5.5557 -8.3147 11.15
      vertex 5.65676 -10.5831 11.15
    endloop
  endfacet
  facet normal -0 0 1
    outer loop
      vertex 4.71397 -8.81921 11.15
      vertex 5.65676 -10.5831 11.15
      vertex 5.5557 -8.3147 11.15
    endloop
  endfacet
  facet normal 0 0 1
    outer loop
      vertex 4.71397 -8.81921 11.15
      vertex 4.5922 -11.0866 11.15
      vertex 5.65676 -10.5831 11.15
    endloop
  endfacet
  facet normal -0 0 1
    outer loop
      vertex 3.82683 -9.2388 11.15
      vertex 4.5922 -11.0866 11.15
      vertex 4.71397 -8.81921 11.15
    endloop
  endfacet
  facet normal 0 0 1
    outer loop
      vertex 3.82683 -9.2388 11.15
      vertex 3.48342 -11.4833 11.15
      vertex 4.5922 -11.0866 11.15
    endloop
  endfacet
  facet normal -0 0 1
    outer loop
      vertex 2.90285 -9.5694 11.15
      vertex 3.48342 -11.4833 11.15
      vertex 3.82683 -9.2388 11.15
    endloop
  endfacet
  facet normal 0 0 1
    outer loop
      vertex 2.90285 -9.5694 11.15
      vertex 2.34108 -11.7694 11.15
      vertex 3.48342 -11.4833 11.15
    endloop
  endfacet
  facet normal -0 0 1
    outer loop
      vertex 1.9509 -9.80785 11.15
      vertex 2.34108 -11.7694 11.15
      vertex 2.90285 -9.5694 11.15
    endloop
  endfacet
  facet normal 0 0 1
    outer loop
      vertex 1.9509 -9.80785 11.15
      vertex 1.17621 -11.9422 11.15
      vertex 2.34108 -11.7694 11.15
    endloop
  endfacet
  facet normal -0 0 1
    outer loop
      vertex 0.980171 -9.95185 11.15
      vertex 1.17621 -11.9422 11.15
      vertex 1.9509 -9.80785 11.15
    endloop
  endfacet
  facet normal -0 0 1
    outer loop
      vertex 0 -10 11.15
      vertex 1.17621 -11.9422 11.15
      vertex 0.980171 -9.95185 11.15
    endloop
  endfacet
  facet normal 0 0 1
    outer loop
      vertex 0 -10 11.15
      vertex 0 -12 11.15
      vertex 1.17621 -11.9422 11.15
    endloop
  endfacet
  facet normal 0 0 1
    outer loop
      vertex -0.980171 -9.95185 11.15
      vertex 0 -12 11.15
      vertex 0 -10 11.15
    endloop
  endfacet
  facet normal 0 0 1
    outer loop
      vertex -0.980171 -9.95185 11.15
      vertex -1.17621 -11.9422 11.15
      vertex 0 -12 11.15
    endloop
  endfacet
  facet normal 0 0 1
    outer loop
      vertex -1.9509 -9.80785 11.15
      vertex -1.17621 -11.9422 11.15
      vertex -0.980171 -9.95185 11.15
    endloop
  endfacet
  facet normal 0 0 1
    outer loop
      vertex -1.9509 -9.80785 11.15
      vertex -2.34108 -11.7694 11.15
      vertex -1.17621 -11.9422 11.15
    endloop
  endfacet
  facet normal 0 0 1
    outer loop
      vertex -2.90285 -9.5694 11.15
      vertex -2.34108 -11.7694 11.15
      vertex -1.9509 -9.80785 11.15
    endloop
  endfacet
  facet normal 0 0 1
    outer loop
      vertex -2.90285 -9.5694 11.15
      vertex -3.48342 -11.4833 11.15
      vertex -2.34108 -11.7694 11.15
    endloop
  endfacet
  facet normal 0 0 1
    outer loop
      vertex -3.82683 -9.2388 11.15
      vertex -3.48342 -11.4833 11.15
      vertex -2.90285 -9.5694 11.15
    endloop
  endfacet
  facet normal 0 0 1
    outer loop
      vertex -3.82683 -9.2388 11.15
      vertex -4.5922 -11.0866 11.15
      vertex -3.48342 -11.4833 11.15
    endloop
  endfacet
  facet normal 0 0 1
    outer loop
      vertex -4.71397 -8.81921 11.15
      vertex -4.5922 -11.0866 11.15
      vertex -3.82683 -9.2388 11.15
    endloop
  endfacet
  facet normal 0 0 1
    outer loop
      vertex -5.65676 -10.5831 11.15
      vertex -4.71397 -8.81921 11.15
      vertex -5.5557 -8.3147 11.15
    endloop
  endfacet
  facet normal 0 0 1
    outer loop
      vertex -4.71397 -8.81921 11.15
      vertex -5.65676 -10.5831 11.15
      vertex -4.5922 -11.0866 11.15
    endloop
  endfacet
  facet normal 0 0 1
    outer loop
      vertex -6.66684 -9.97763 11.15
      vertex -5.5557 -8.3147 11.15
      vertex -6.34393 -7.7301 11.15
    endloop
  endfacet
  facet normal 0 0 1
    outer loop
      vertex -5.5557 -8.3147 11.15
      vertex -6.66684 -9.97763 11.15
      vertex -5.65676 -10.5831 11.15
    endloop
  endfacet
  facet normal 0 0 1
    outer loop
      vertex -7.61272 -9.27612 11.15
      vertex -6.34393 -7.7301 11.15
      vertex -7.07107 -7.07107 11.15
    endloop
  endfacet
  facet normal 0 0 1
    outer loop
      vertex -6.34393 -7.7301 11.15
      vertex -7.61272 -9.27612 11.15
      vertex -6.66684 -9.97763 11.15
    endloop
  endfacet
  facet normal 0 0 1
    outer loop
      vertex -8.48528 -8.48528 11.15
      vertex -7.07107 -7.07107 11.15
      vertex -7.7301 -6.34393 11.15
    endloop
  endfacet
  facet normal 0 0 1
    outer loop
      vertex -9.27612 -7.61272 11.15
      vertex -7.7301 -6.34393 11.15
      vertex -8.3147 -5.5557 11.15
    endloop
  endfacet
  facet normal 0 0 1
    outer loop
      vertex -7.07107 -7.07107 11.15
      vertex -8.48528 -8.48528 11.15
      vertex -7.61272 -9.27612 11.15
    endloop
  endfacet
  facet normal 0 0 1
    outer loop
      vertex -9.97763 -6.66684 11.15
      vertex -8.3147 -5.5557 11.15
      vertex -8.81921 -4.71397 11.15
    endloop
  endfacet
  facet normal 0 0 1
    outer loop
      vertex -10.5831 -5.65676 11.15
      vertex -8.81921 -4.71397 11.15
      vertex -9.2388 -3.82683 11.15
    endloop
  endfacet
  facet normal 0 0 1
    outer loop
      vertex -7.7301 -6.34393 11.15
      vertex -9.27612 -7.61272 11.15
      vertex -8.48528 -8.48528 11.15
    endloop
  endfacet
  facet normal 0 0 1
    outer loop
      vertex -11.0866 -4.5922 11.15
      vertex -9.2388 -3.82683 11.15
      vertex -9.5694 -2.90285 11.15
    endloop
  endfacet
  facet normal 0 0 1
    outer loop
      vertex -11.4833 -3.48342 11.15
      vertex -9.5694 -2.90285 11.15
      vertex -9.80785 -1.9509 11.15
    endloop
  endfacet
  facet normal 0 0 1
    outer loop
      vertex -11.7694 -2.34108 11.15
      vertex -9.80785 -1.9509 11.15
      vertex -9.95185 -0.980171 11.15
    endloop
  endfacet
  facet normal 0 0 1
    outer loop
      vertex -8.3147 -5.5557 11.15
      vertex -9.97763 -6.66684 11.15
      vertex -9.27612 -7.61272 11.15
    endloop
  endfacet
  facet normal 0 0 1
    outer loop
      vertex -11.9422 -1.17621 11.15
      vertex -9.95185 -0.980171 11.15
      vertex -10 0 11.15
    endloop
  endfacet
  facet normal -0 0 1
    outer loop
      vertex -11.7694 2.34108 11.15
      vertex -9.80785 1.9509 11.15
      vertex -11.4833 3.48342 11.15
    endloop
  endfacet
  facet normal 0 0 1
    outer loop
      vertex -8.81921 -4.71397 11.15
      vertex -10.5831 -5.65676 11.15
      vertex -9.97763 -6.66684 11.15
    endloop
  endfacet
  facet normal 0 0 1
    outer loop
      vertex -9.80785 1.9509 11.15
      vertex -11.7694 2.34108 11.15
      vertex -9.95185 0.980171 11.15
    endloop
  endfacet
  facet normal 0 0 1
    outer loop
      vertex -9.2388 -3.82683 11.15
      vertex -11.0866 -4.5922 11.15
      vertex -10.5831 -5.65676 11.15
    endloop
  endfacet
  facet normal -0 0 1
    outer loop
      vertex -11.9422 1.17621 11.15
      vertex -9.95185 0.980171 11.15
      vertex -11.7694 2.34108 11.15
    endloop
  endfacet
  facet normal 0 0 1
    outer loop
      vertex -9.5694 -2.90285 11.15
      vertex -11.4833 -3.48342 11.15
      vertex -11.0866 -4.5922 11.15
    endloop
  endfacet
  facet normal 0 0 1
    outer loop
      vertex -9.95185 0.980171 11.15
      vertex -11.9422 1.17621 11.15
      vertex -10 0 11.15
    endloop
  endfacet
  facet normal 0 0 1
    outer loop
      vertex -9.80785 -1.9509 11.15
      vertex -11.7694 -2.34108 11.15
      vertex -11.4833 -3.48342 11.15
    endloop
  endfacet
  facet normal 0 0 1
    outer loop
      vertex -12 0 11.15
      vertex -10 0 11.15
      vertex -11.9422 1.17621 11.15
    endloop
  endfacet
  facet normal 0 0 1
    outer loop
      vertex -9.95185 -0.980171 11.15
      vertex -11.9422 -1.17621 11.15
      vertex -11.7694 -2.34108 11.15
    endloop
  endfacet
  facet normal 0 0 1
    outer loop
      vertex -10 0 11.15
      vertex -12 0 11.15
      vertex -11.9422 -1.17621 11.15
    endloop
  endfacet
  facet normal 0 0 -1
    outer loop
      vertex 10 0 14.85
      vertex 12 0 14.85
      vertex 11.9422 -1.17621 14.85
    endloop
  endfacet
  facet normal 0 0 -1
    outer loop
      vertex 9.95185 -0.980171 14.85
      vertex 11.9422 -1.17621 14.85
      vertex 11.7694 -2.34108 14.85
    endloop
  endfacet
  facet normal 0 0 -1
    outer loop
      vertex 12 0 14.85
      vertex 10 0 14.85
      vertex 11.9422 1.17621 14.85
    endloop
  endfacet
  facet normal 0 0 -1
    outer loop
      vertex 9.80785 -1.9509 14.85
      vertex 11.7694 -2.34108 14.85
      vertex 11.4833 -3.48342 14.85
    endloop
  endfacet
  facet normal 0 0 -1
    outer loop
      vertex 9.95185 0.980171 14.85
      vertex 11.9422 1.17621 14.85
      vertex 10 0 14.85
    endloop
  endfacet
  facet normal 0 0 -1
    outer loop
      vertex 9.5694 -2.90285 14.85
      vertex 11.4833 -3.48342 14.85
      vertex 11.0866 -4.5922 14.85
    endloop
  endfacet
  facet normal -0 0 -1
    outer loop
      vertex 11.9422 1.17621 14.85
      vertex 9.95185 0.980171 14.85
      vertex 11.7694 2.34108 14.85
    endloop
  endfacet
  facet normal 0 0 -1
    outer loop
      vertex 9.2388 -3.82683 14.85
      vertex 11.0866 -4.5922 14.85
      vertex 10.5831 -5.65676 14.85
    endloop
  endfacet
  facet normal 0 0 -1
    outer loop
      vertex 9.80785 1.9509 14.85
      vertex 11.7694 2.34108 14.85
      vertex 9.95185 0.980171 14.85
    endloop
  endfacet
  facet normal -0 0 -1
    outer loop
      vertex 11.7694 2.34108 14.85
      vertex 9.80785 1.9509 14.85
      vertex 11.4833 3.48342 14.85
    endloop
  endfacet
  facet normal 0 0 -1
    outer loop
      vertex 8.81921 -4.71397 14.85
      vertex 10.5831 -5.65676 14.85
      vertex 9.97763 -6.66684 14.85
    endloop
  endfacet
  facet normal 0 0 -1
    outer loop
      vertex 11.9422 -1.17621 14.85
      vertex 9.95185 -0.980171 14.85
      vertex 10 0 14.85
    endloop
  endfacet
  facet normal 0 0 -1
    outer loop
      vertex 11.7694 -2.34108 14.85
      vertex 9.80785 -1.9509 14.85
      vertex 9.95185 -0.980171 14.85
    endloop
  endfacet
  facet normal 0 0 -1
    outer loop
      vertex 11.4833 -3.48342 14.85
      vertex 9.5694 -2.90285 14.85
      vertex 9.80785 -1.9509 14.85
    endloop
  endfacet
  facet normal 0 0 -1
    outer loop
      vertex 8.3147 -5.5557 14.85
      vertex 9.97763 -6.66684 14.85
      vertex 9.27612 -7.61272 14.85
    endloop
  endfacet
  facet normal 0 0 -1
    outer loop
      vertex 11.0866 -4.5922 14.85
      vertex 9.2388 -3.82683 14.85
      vertex 9.5694 -2.90285 14.85
    endloop
  endfacet
  facet normal 0 0 -1
    outer loop
      vertex 10.5831 -5.65676 14.85
      vertex 8.81921 -4.71397 14.85
      vertex 9.2388 -3.82683 14.85
    endloop
  endfacet
  facet normal 0 0 -1
    outer loop
      vertex 7.7301 -6.34393 14.85
      vertex 9.27612 -7.61272 14.85
      vertex 8.48528 -8.48528 14.85
    endloop
  endfacet
  facet normal 0 0 -1
    outer loop
      vertex 9.97763 -6.66684 14.85
      vertex 8.3147 -5.5557 14.85
      vertex 8.81921 -4.71397 14.85
    endloop
  endfacet
  facet normal 0 0 -1
    outer loop
      vertex 9.27612 -7.61272 14.85
      vertex 7.7301 -6.34393 14.85
      vertex 8.3147 -5.5557 14.85
    endloop
  endfacet
  facet normal 0 0 -1
    outer loop
      vertex 7.07107 -7.07107 14.85
      vertex 8.48528 -8.48528 14.85
      vertex 7.61272 -9.27612 14.85
    endloop
  endfacet
  facet normal 0 0 -1
    outer loop
      vertex 8.48528 -8.48528 14.85
      vertex 7.07107 -7.07107 14.85
      vertex 7.7301 -6.34393 14.85
    endloop
  endfacet
  facet normal 0 0 -1
    outer loop
      vertex 6.34393 -7.7301 14.85
      vertex 7.61272 -9.27612 14.85
      vertex 6.66684 -9.97763 14.85
    endloop
  endfacet
  facet normal 0 0 -1
    outer loop
      vertex 7.61272 -9.27612 14.85
      vertex 6.34393 -7.7301 14.85
      vertex 7.07107 -7.07107 14.85
    endloop
  endfacet
  facet normal 0 0 -1
    outer loop
      vertex 5.5557 -8.3147 14.85
      vertex 6.66684 -9.97763 14.85
      vertex 5.65676 -10.5831 14.85
    endloop
  endfacet
  facet normal 0 0 -1
    outer loop
      vertex 6.66684 -9.97763 14.85
      vertex 5.5557 -8.3147 14.85
      vertex 6.34393 -7.7301 14.85
    endloop
  endfacet
  facet normal 0 0 -1
    outer loop
      vertex 5.65676 -10.5831 14.85
      vertex 4.71397 -8.81921 14.85
      vertex 5.5557 -8.3147 14.85
    endloop
  endfacet
  facet normal 0 0 -1
    outer loop
      vertex 4.5922 -11.0866 14.85
      vertex 4.71397 -8.81921 14.85
      vertex 5.65676 -10.5831 14.85
    endloop
  endfacet
  facet normal 0 0 -1
    outer loop
      vertex 4.5922 -11.0866 14.85
      vertex 3.82683 -9.2388 14.85
      vertex 4.71397 -8.81921 14.85
    endloop
  endfacet
  facet normal 0 0 -1
    outer loop
      vertex 3.48342 -11.4833 14.85
      vertex 3.82683 -9.2388 14.85
      vertex 4.5922 -11.0866 14.85
    endloop
  endfacet
  facet normal 0 0 -1
    outer loop
      vertex 3.48342 -11.4833 14.85
      vertex 2.90285 -9.5694 14.85
      vertex 3.82683 -9.2388 14.85
    endloop
  endfacet
  facet normal 0 0 -1
    outer loop
      vertex 2.34108 -11.7694 14.85
      vertex 2.90285 -9.5694 14.85
      vertex 3.48342 -11.4833 14.85
    endloop
  endfacet
  facet normal 0 0 -1
    outer loop
      vertex 2.34108 -11.7694 14.85
      vertex 1.9509 -9.80785 14.85
      vertex 2.90285 -9.5694 14.85
    endloop
  endfacet
  facet normal 0 0 -1
    outer loop
      vertex 1.17621 -11.9422 14.85
      vertex 1.9509 -9.80785 14.85
      vertex 2.34108 -11.7694 14.85
    endloop
  endfacet
  facet normal 0 0 -1
    outer loop
      vertex 1.17621 -11.9422 14.85
      vertex 0.980171 -9.95185 14.85
      vertex 1.9509 -9.80785 14.85
    endloop
  endfacet
  facet normal 0 0 -1
    outer loop
      vertex 0 -12 14.85
      vertex 0.980171 -9.95185 14.85
      vertex 1.17621 -11.9422 14.85
    endloop
  endfacet
  facet normal 0 0 -1
    outer loop
      vertex 0 -12 14.85
      vertex 0 -10 14.85
      vertex 0.980171 -9.95185 14.85
    endloop
  endfacet
  facet normal 0 0 -1
    outer loop
      vertex 0 -12 14.85
      vertex -0.980171 -9.95185 14.85
      vertex 0 -10 14.85
    endloop
  endfacet
  facet normal 0 0 -1
    outer loop
      vertex -1.17621 -11.9422 14.85
      vertex -0.980171 -9.95185 14.85
      vertex 0 -12 14.85
    endloop
  endfacet
  facet normal 0 0 -1
    outer loop
      vertex -1.17621 -11.9422 14.85
      vertex -1.9509 -9.80785 14.85
      vertex -0.980171 -9.95185 14.85
    endloop
  endfacet
  facet normal 0 0 -1
    outer loop
      vertex -2.34108 -11.7694 14.85
      vertex -1.9509 -9.80785 14.85
      vertex -1.17621 -11.9422 14.85
    endloop
  endfacet
  facet normal 0 0 -1
    outer loop
      vertex -2.34108 -11.7694 14.85
      vertex -2.90285 -9.5694 14.85
      vertex -1.9509 -9.80785 14.85
    endloop
  endfacet
  facet normal 0 0 -1
    outer loop
      vertex -3.48342 -11.4833 14.85
      vertex -2.90285 -9.5694 14.85
      vertex -2.34108 -11.7694 14.85
    endloop
  endfacet
  facet normal 0 0 -1
    outer loop
      vertex -3.48342 -11.4833 14.85
      vertex -3.82683 -9.2388 14.85
      vertex -2.90285 -9.5694 14.85
    endloop
  endfacet
  facet normal 0 0 -1
    outer loop
      vertex -4.5922 -11.0866 14.85
      vertex -3.82683 -9.2388 14.85
      vertex -3.48342 -11.4833 14.85
    endloop
  endfacet
  facet normal 0 0 -1
    outer loop
      vertex -4.5922 -11.0866 14.85
      vertex -4.71397 -8.81921 14.85
      vertex -3.82683 -9.2388 14.85
    endloop
  endfacet
  facet normal 0 0 -1
    outer loop
      vertex -5.65676 -10.5831 14.85
      vertex -4.71397 -8.81921 14.85
      vertex -4.5922 -11.0866 14.85
    endloop
  endfacet
  facet normal -0 0 -1
    outer loop
      vertex -4.71397 -8.81921 14.85
      vertex -5.65676 -10.5831 14.85
      vertex -5.5557 -8.3147 14.85
    endloop
  endfacet
  facet normal 0 0 -1
    outer loop
      vertex -6.66684 -9.97763 14.85
      vertex -5.5557 -8.3147 14.85
      vertex -5.65676 -10.5831 14.85
    endloop
  endfacet
  facet normal -0 0 -1
    outer loop
      vertex -5.5557 -8.3147 14.85
      vertex -6.66684 -9.97763 14.85
      vertex -6.34393 -7.7301 14.85
    endloop
  endfacet
  facet normal 0 0 -1
    outer loop
      vertex -7.61272 -9.27612 14.85
      vertex -6.34393 -7.7301 14.85
      vertex -6.66684 -9.97763 14.85
    endloop
  endfacet
  facet normal -0 0 -1
    outer loop
      vertex -6.34393 -7.7301 14.85
      vertex -7.61272 -9.27612 14.85
      vertex -7.07107 -7.07107 14.85
    endloop
  endfacet
  facet normal 0 0 -1
    outer loop
      vertex -8.48528 -8.48528 14.85
      vertex -7.07107 -7.07107 14.85
      vertex -7.61272 -9.27612 14.85
    endloop
  endfacet
  facet normal -0 0 -1
    outer loop
      vertex -7.07107 -7.07107 14.85
      vertex -8.48528 -8.48528 14.85
      vertex -7.7301 -6.34393 14.85
    endloop
  endfacet
  facet normal 0 0 -1
    outer loop
      vertex -9.27612 -7.61272 14.85
      vertex -7.7301 -6.34393 14.85
      vertex -8.48528 -8.48528 14.85
    endloop
  endfacet
  facet normal -0 0 -1
    outer loop
      vertex -7.7301 -6.34393 14.85
      vertex -9.27612 -7.61272 14.85
      vertex -8.3147 -5.5557 14.85
    endloop
  endfacet
  facet normal 0 0 -1
    outer loop
      vertex -9.97763 -6.66684 14.85
      vertex -8.3147 -5.5557 14.85
      vertex -9.27612 -7.61272 14.85
    endloop
  endfacet
  facet normal -0 0 -1
    outer loop
      vertex -8.3147 -5.5557 14.85
      vertex -9.97763 -6.66684 14.85
      vertex -8.81921 -4.71397 14.85
    endloop
  endfacet
  facet normal 0 0 -1
    outer loop
      vertex -10.5831 -5.65676 14.85
      vertex -8.81921 -4.71397 14.85
      vertex -9.97763 -6.66684 14.85
    endloop
  endfacet
  facet normal -0 0 -1
    outer loop
      vertex -8.81921 -4.71397 14.85
      vertex -10.5831 -5.65676 14.85
      vertex -9.2388 -3.82683 14.85
    endloop
  endfacet
  facet normal 0 0 -1
    outer loop
      vertex -11.0866 -4.5922 14.85
      vertex -9.2388 -3.82683 14.85
      vertex -10.5831 -5.65676 14.85
    endloop
  endfacet
  facet normal -0 0 -1
    outer loop
      vertex -9.2388 -3.82683 14.85
      vertex -11.0866 -4.5922 14.85
      vertex -9.5694 -2.90285 14.85
    endloop
  endfacet
  facet normal 0 0 -1
    outer loop
      vertex -11.4833 -3.48342 14.85
      vertex -9.5694 -2.90285 14.85
      vertex -11.0866 -4.5922 14.85
    endloop
  endfacet
  facet normal -0 0 -1
    outer loop
      vertex -9.5694 -2.90285 14.85
      vertex -11.4833 -3.48342 14.85
      vertex -9.80785 -1.9509 14.85
    endloop
  endfacet
  facet normal 0 0 -1
    outer loop
      vertex 9.5694 2.90285 14.85
      vertex 11.4833 3.48342 14.85
      vertex 9.80785 1.9509 14.85
    endloop
  endfacet
  facet normal -0 0 -1
    outer loop
      vertex 11.4833 3.48342 14.85
      vertex 9.5694 2.90285 14.85
      vertex 11.0866 4.5922 14.85
    endloop
  endfacet
  facet normal 0 0 -1
    outer loop
      vertex 9.2388 3.82683 14.85
      vertex 11.0866 4.5922 14.85
      vertex 9.5694 2.90285 14.85
    endloop
  endfacet
  facet normal -0 0 -1
    outer loop
      vertex 11.0866 4.5922 14.85
      vertex 9.2388 3.82683 14.85
      vertex 10.5831 5.65676 14.85
    endloop
  endfacet
  facet normal 0 0 -1
    outer loop
      vertex 8.81921 4.71397 14.85
      vertex 10.5831 5.65676 14.85
      vertex 9.2388 3.82683 14.85
    endloop
  endfacet
  facet normal -0 0 -1
    outer loop
      vertex 10.5831 5.65676 14.85
      vertex 8.81921 4.71397 14.85
      vertex 9.97763 6.66684 14.85
    endloop
  endfacet
  facet normal 0 0 -1
    outer loop
      vertex 8.3147 5.5557 14.85
      vertex 9.97763 6.66684 14.85
      vertex 8.81921 4.71397 14.85
    endloop
  endfacet
  facet normal -0 0 -1
    outer loop
      vertex 9.97763 6.66684 14.85
      vertex 8.3147 5.5557 14.85
      vertex 9.27612 7.61272 14.85
    endloop
  endfacet
  facet normal 0 0 -1
    outer loop
      vertex 7.7301 6.34393 14.85
      vertex 9.27612 7.61272 14.85
      vertex 8.3147 5.5557 14.85
    endloop
  endfacet
  facet normal -0 0 -1
    outer loop
      vertex 9.27612 7.61272 14.85
      vertex 7.7301 6.34393 14.85
      vertex 8.48528 8.48528 14.85
    endloop
  endfacet
  facet normal 0 0 -1
    outer loop
      vertex 7.07107 7.07107 14.85
      vertex 8.48528 8.48528 14.85
      vertex 7.7301 6.34393 14.85
    endloop
  endfacet
  facet normal -0 0 -1
    outer loop
      vertex 8.48528 8.48528 14.85
      vertex 7.07107 7.07107 14.85
      vertex 7.61272 9.27612 14.85
    endloop
  endfacet
  facet normal 0 0 -1
    outer loop
      vertex 6.34393 7.7301 14.85
      vertex 7.61272 9.27612 14.85
      vertex 7.07107 7.07107 14.85
    endloop
  endfacet
  facet normal -0 0 -1
    outer loop
      vertex 7.61272 9.27612 14.85
      vertex 6.34393 7.7301 14.85
      vertex 6.66684 9.97763 14.85
    endloop
  endfacet
  facet normal 0 0 -1
    outer loop
      vertex 5.5557 8.3147 14.85
      vertex 6.66684 9.97763 14.85
      vertex 6.34393 7.7301 14.85
    endloop
  endfacet
  facet normal -0 0 -1
    outer loop
      vertex 6.66684 9.97763 14.85
      vertex 5.5557 8.3147 14.85
      vertex 5.65676 10.5831 14.85
    endloop
  endfacet
  facet normal 0 0 -1
    outer loop
      vertex 4.71397 8.81921 14.85
      vertex 5.65676 10.5831 14.85
      vertex 5.5557 8.3147 14.85
    endloop
  endfacet
  facet normal 0 0 -1
    outer loop
      vertex 4.71397 8.81921 14.85
      vertex 4.5922 11.0866 14.85
      vertex 5.65676 10.5831 14.85
    endloop
  endfacet
  facet normal 0 0 -1
    outer loop
      vertex 3.82683 9.2388 14.85
      vertex 4.5922 11.0866 14.85
      vertex 4.71397 8.81921 14.85
    endloop
  endfacet
  facet normal 0 0 -1
    outer loop
      vertex 3.82683 9.2388 14.85
      vertex 3.48342 11.4833 14.85
      vertex 4.5922 11.0866 14.85
    endloop
  endfacet
  facet normal 0 0 -1
    outer loop
      vertex 2.90285 9.5694 14.85
      vertex 3.48342 11.4833 14.85
      vertex 3.82683 9.2388 14.85
    endloop
  endfacet
  facet normal 0 0 -1
    outer loop
      vertex 2.90285 9.5694 14.85
      vertex 2.34108 11.7694 14.85
      vertex 3.48342 11.4833 14.85
    endloop
  endfacet
  facet normal 0 0 -1
    outer loop
      vertex 1.9509 9.80785 14.85
      vertex 2.34108 11.7694 14.85
      vertex 2.90285 9.5694 14.85
    endloop
  endfacet
  facet normal 0 0 -1
    outer loop
      vertex 1.9509 9.80785 14.85
      vertex 1.17621 11.9422 14.85
      vertex 2.34108 11.7694 14.85
    endloop
  endfacet
  facet normal 0 0 -1
    outer loop
      vertex 0.980171 9.95185 14.85
      vertex 1.17621 11.9422 14.85
      vertex 1.9509 9.80785 14.85
    endloop
  endfacet
  facet normal 0 0 -1
    outer loop
      vertex 0 10 14.85
      vertex 1.17621 11.9422 14.85
      vertex 0.980171 9.95185 14.85
    endloop
  endfacet
  facet normal 0 0 -1
    outer loop
      vertex 0 10 14.85
      vertex 0 12 14.85
      vertex 1.17621 11.9422 14.85
    endloop
  endfacet
  facet normal 0 0 -1
    outer loop
      vertex -0.980171 9.95185 14.85
      vertex 0 12 14.85
      vertex 0 10 14.85
    endloop
  endfacet
  facet normal 0 0 -1
    outer loop
      vertex -0.980171 9.95185 14.85
      vertex -1.17621 11.9422 14.85
      vertex 0 12 14.85
    endloop
  endfacet
  facet normal 0 0 -1
    outer loop
      vertex -1.9509 9.80785 14.85
      vertex -1.17621 11.9422 14.85
      vertex -0.980171 9.95185 14.85
    endloop
  endfacet
  facet normal 0 0 -1
    outer loop
      vertex -1.9509 9.80785 14.85
      vertex -2.34108 11.7694 14.85
      vertex -1.17621 11.9422 14.85
    endloop
  endfacet
  facet normal 0 0 -1
    outer loop
      vertex -2.90285 9.5694 14.85
      vertex -2.34108 11.7694 14.85
      vertex -1.9509 9.80785 14.85
    endloop
  endfacet
  facet normal 0 0 -1
    outer loop
      vertex -2.90285 9.5694 14.85
      vertex -3.48342 11.4833 14.85
      vertex -2.34108 11.7694 14.85
    endloop
  endfacet
  facet normal 0 0 -1
    outer loop
      vertex -3.82683 9.2388 14.85
      vertex -3.48342 11.4833 14.85
      vertex -2.90285 9.5694 14.85
    endloop
  endfacet
  facet normal 0 0 -1
    outer loop
      vertex -3.82683 9.2388 14.85
      vertex -4.5922 11.0866 14.85
      vertex -3.48342 11.4833 14.85
    endloop
  endfacet
  facet normal 0 0 -1
    outer loop
      vertex -4.71397 8.81921 14.85
      vertex -4.5922 11.0866 14.85
      vertex -3.82683 9.2388 14.85
    endloop
  endfacet
  facet normal 0 0 -1
    outer loop
      vertex -5.65676 10.5831 14.85
      vertex -4.71397 8.81921 14.85
      vertex -5.5557 8.3147 14.85
    endloop
  endfacet
  facet normal 0 0 -1
    outer loop
      vertex -4.71397 8.81921 14.85
      vertex -5.65676 10.5831 14.85
      vertex -4.5922 11.0866 14.85
    endloop
  endfacet
  facet normal 0 0 -1
    outer loop
      vertex -6.66684 9.97763 14.85
      vertex -5.5557 8.3147 14.85
      vertex -6.34393 7.7301 14.85
    endloop
  endfacet
  facet normal 0 0 -1
    outer loop
      vertex -5.5557 8.3147 14.85
      vertex -6.66684 9.97763 14.85
      vertex -5.65676 10.5831 14.85
    endloop
  endfacet
  facet normal 0 0 -1
    outer loop
      vertex -7.61272 9.27612 14.85
      vertex -6.34393 7.7301 14.85
      vertex -7.07107 7.07107 14.85
    endloop
  endfacet
  facet normal 0 0 -1
    outer loop
      vertex -6.34393 7.7301 14.85
      vertex -7.61272 9.27612 14.85
      vertex -6.66684 9.97763 14.85
    endloop
  endfacet
  facet normal 0 0 -1
    outer loop
      vertex -8.48528 8.48528 14.85
      vertex -7.07107 7.07107 14.85
      vertex -7.7301 6.34393 14.85
    endloop
  endfacet
  facet normal 0 0 -1
    outer loop
      vertex -9.27612 7.61272 14.85
      vertex -7.7301 6.34393 14.85
      vertex -8.3147 5.5557 14.85
    endloop
  endfacet
  facet normal 0 0 -1
    outer loop
      vertex -7.07107 7.07107 14.85
      vertex -8.48528 8.48528 14.85
      vertex -7.61272 9.27612 14.85
    endloop
  endfacet
  facet normal 0 0 -1
    outer loop
      vertex -9.97763 6.66684 14.85
      vertex -8.3147 5.5557 14.85
      vertex -8.81921 4.71397 14.85
    endloop
  endfacet
  facet normal 0 0 -1
    outer loop
      vertex -10.5831 5.65676 14.85
      vertex -8.81921 4.71397 14.85
      vertex -9.2388 3.82683 14.85
    endloop
  endfacet
  facet normal 0 0 -1
    outer loop
      vertex -7.7301 6.34393 14.85
      vertex -9.27612 7.61272 14.85
      vertex -8.48528 8.48528 14.85
    endloop
  endfacet
  facet normal 0 0 -1
    outer loop
      vertex -11.0866 4.5922 14.85
      vertex -9.2388 3.82683 14.85
      vertex -9.5694 2.90285 14.85
    endloop
  endfacet
  facet normal 0 0 -1
    outer loop
      vertex -11.4833 3.48342 14.85
      vertex -9.5694 2.90285 14.85
      vertex -9.80785 1.9509 14.85
    endloop
  endfacet
  facet normal 0 0 -1
    outer loop
      vertex -11.7694 2.34108 14.85
      vertex -9.80785 1.9509 14.85
      vertex -9.95185 0.980171 14.85
    endloop
  endfacet
  facet normal 0 0 -1
    outer loop
      vertex -8.3147 5.5557 14.85
      vertex -9.97763 6.66684 14.85
      vertex -9.27612 7.61272 14.85
    endloop
  endfacet
  facet normal 0 0 -1
    outer loop
      vertex -11.9422 1.17621 14.85
      vertex -9.95185 0.980171 14.85
      vertex -10 0 14.85
    endloop
  endfacet
  facet normal 0 0 -1
    outer loop
      vertex -11.7694 -2.34108 14.85
      vertex -9.80785 -1.9509 14.85
      vertex -11.4833 -3.48342 14.85
    endloop
  endfacet
  facet normal 0 0 -1
    outer loop
      vertex -8.81921 4.71397 14.85
      vertex -10.5831 5.65676 14.85
      vertex -9.97763 6.66684 14.85
    endloop
  endfacet
  facet normal -0 0 -1
    outer loop
      vertex -9.80785 -1.9509 14.85
      vertex -11.7694 -2.34108 14.85
      vertex -9.95185 -0.980171 14.85
    endloop
  endfacet
  facet normal 0 0 -1
    outer loop
      vertex -9.2388 3.82683 14.85
      vertex -11.0866 4.5922 14.85
      vertex -10.5831 5.65676 14.85
    endloop
  endfacet
  facet normal 0 0 -1
    outer loop
      vertex -11.9422 -1.17621 14.85
      vertex -9.95185 -0.980171 14.85
      vertex -11.7694 -2.34108 14.85
    endloop
  endfacet
  facet normal 0 0 -1
    outer loop
      vertex -9.5694 2.90285 14.85
      vertex -11.4833 3.48342 14.85
      vertex -11.0866 4.5922 14.85
    endloop
  endfacet
  facet normal -0 0 -1
    outer loop
      vertex -9.95185 -0.980171 14.85
      vertex -11.9422 -1.17621 14.85
      vertex -10 0 14.85
    endloop
  endfacet
  facet normal 0 0 -1
    outer loop
      vertex -9.80785 1.9509 14.85
      vertex -11.7694 2.34108 14.85
      vertex -11.4833 3.48342 14.85
    endloop
  endfacet
  facet normal 0 0 -1
    outer loop
      vertex -12 0 14.85
      vertex -10 0 14.85
      vertex -11.9422 -1.17621 14.85
    endloop
  endfacet
  facet normal 0 0 -1
    outer loop
      vertex -9.95185 0.980171 14.85
      vertex -11.9422 1.17621 14.85
      vertex -11.7694 2.34108 14.85
    endloop
  endfacet
  facet normal 0 0 -1
    outer loop
      vertex -10 0 14.85
      vertex -12 0 14.85
      vertex -11.9422 1.17621 14.85
    endloop
  endfacet
  facet normal -0.671553 -0.740957 0
    outer loop
      vertex -7.07107 -7.07107 11.15
      vertex -6.34393 -7.7301 14.85
      vertex -7.07107 -7.07107 14.85
    endloop
  endfacet
  facet normal -0.671553 -0.740957 -0
    outer loop
      vertex -6.34393 -7.7301 14.85
      vertex -7.07107 -7.07107 11.15
      vertex -6.34393 -7.7301 11.15
    endloop
  endfacet
  facet normal -0.941546 0.336885 0
    outer loop
      vertex -9.5694 2.90285 11.15
      vertex -9.2388 3.82683 14.85
      vertex -9.2388 3.82683 11.15
    endloop
  endfacet
  facet normal -0.941546 0.336885 0
    outer loop
      vertex -9.2388 3.82683 14.85
      vertex -9.5694 2.90285 11.15
      vertex -9.5694 2.90285 14.85
    endloop
  endfacet
  facet normal 0.989176 0.146736 0
    outer loop
      vertex 9.95185 0.980171 14.85
      vertex 9.80785 1.9509 11.15
      vertex 9.80785 1.9509 14.85
    endloop
  endfacet
  facet normal 0.989176 0.146736 0
    outer loop
      vertex 9.80785 1.9509 11.15
      vertex 9.95185 0.980171 14.85
      vertex 9.95185 0.980171 11.15
    endloop
  endfacet
  facet normal 0.998796 0.0490649 0
    outer loop
      vertex 10 0 14.85
      vertex 9.95185 0.980171 11.15
      vertex 9.95185 0.980171 14.85
    endloop
  endfacet
  facet normal 0.998796 0.0490649 0
    outer loop
      vertex 9.95185 0.980171 11.15
      vertex 10 0 14.85
      vertex 10 0 11.15
    endloop
  endfacet
  facet normal -0.5141 -0.85773 0
    outer loop
      vertex -5.5557 -8.3147 11.15
      vertex -4.71397 -8.81921 14.85
      vertex -5.5557 -8.3147 14.85
    endloop
  endfacet
  facet normal -0.5141 -0.85773 -0
    outer loop
      vertex -4.71397 -8.81921 14.85
      vertex -5.5557 -8.3147 11.15
      vertex -4.71397 -8.81921 11.15
    endloop
  endfacet
  facet normal 0.671553 0.740957 -0
    outer loop
      vertex 7.07107 7.07107 11.15
      vertex 6.34393 7.7301 14.85
      vertex 7.07107 7.07107 14.85
    endloop
  endfacet
  facet normal 0.671553 0.740957 0
    outer loop
      vertex 6.34393 7.7301 14.85
      vertex 7.07107 7.07107 11.15
      vertex 6.34393 7.7301 11.15
    endloop
  endfacet
  facet normal -0.146736 -0.989176 0
    outer loop
      vertex -1.9509 -9.80785 11.15
      vertex -0.980171 -9.95185 14.85
      vertex -1.9509 -9.80785 14.85
    endloop
  endfacet
  facet normal -0.146736 -0.989176 -0
    outer loop
      vertex -0.980171 -9.95185 14.85
      vertex -1.9509 -9.80785 11.15
      vertex -0.980171 -9.95185 11.15
    endloop
  endfacet
  facet normal 0.740957 0.671553 0
    outer loop
      vertex 7.7301 6.34393 14.85
      vertex 7.07107 7.07107 11.15
      vertex 7.07107 7.07107 14.85
    endloop
  endfacet
  facet normal 0.740957 0.671553 0
    outer loop
      vertex 7.07107 7.07107 11.15
      vertex 7.7301 6.34393 14.85
      vertex 7.7301 6.34393 11.15
    endloop
  endfacet
  facet normal 0.427558 0.903988 -0
    outer loop
      vertex 4.71397 8.81921 11.15
      vertex 3.82683 9.2388 14.85
      vertex 4.71397 8.81921 14.85
    endloop
  endfacet
  facet normal 0.427558 0.903988 0
    outer loop
      vertex 3.82683 9.2388 14.85
      vertex 4.71397 8.81921 11.15
      vertex 3.82683 9.2388 11.15
    endloop
  endfacet
  facet normal 0.0490649 -0.998796 0
    outer loop
      vertex 0 -10 11.15
      vertex 0.980171 -9.95185 14.85
      vertex 0 -10 14.85
    endloop
  endfacet
  facet normal 0.0490649 -0.998796 0
    outer loop
      vertex 0.980171 -9.95185 14.85
      vertex 0 -10 11.15
      vertex 0.980171 -9.95185 11.15
    endloop
  endfacet
  facet normal -0.740957 0.671553 0
    outer loop
      vertex -7.7301 6.34393 11.15
      vertex -7.07107 7.07107 14.85
      vertex -7.07107 7.07107 11.15
    endloop
  endfacet
  facet normal -0.740957 0.671553 0
    outer loop
      vertex -7.07107 7.07107 14.85
      vertex -7.7301 6.34393 11.15
      vertex -7.7301 6.34393 14.85
    endloop
  endfacet
  facet normal 0.989176 -0.146736 0
    outer loop
      vertex 9.80785 -1.9509 14.85
      vertex 9.95185 -0.980171 11.15
      vertex 9.95185 -0.980171 14.85
    endloop
  endfacet
  facet normal 0.989176 -0.146736 0
    outer loop
      vertex 9.95185 -0.980171 11.15
      vertex 9.80785 -1.9509 14.85
      vertex 9.80785 -1.9509 11.15
    endloop
  endfacet
  facet normal 0.903988 0.427558 0
    outer loop
      vertex 9.2388 3.82683 14.85
      vertex 8.81921 4.71397 11.15
      vertex 8.81921 4.71397 14.85
    endloop
  endfacet
  facet normal 0.903988 0.427558 0
    outer loop
      vertex 8.81921 4.71397 11.15
      vertex 9.2388 3.82683 14.85
      vertex 9.2388 3.82683 11.15
    endloop
  endfacet
  facet normal -0.242979 0.970032 0
    outer loop
      vertex -1.9509 9.80785 11.15
      vertex -2.90285 9.5694 14.85
      vertex -1.9509 9.80785 14.85
    endloop
  endfacet
  facet normal -0.242979 0.970032 0
    outer loop
      vertex -2.90285 9.5694 14.85
      vertex -1.9509 9.80785 11.15
      vertex -2.90285 9.5694 11.15
    endloop
  endfacet
  facet normal -0.803203 0.595705 0
    outer loop
      vertex -8.3147 5.5557 11.15
      vertex -7.7301 6.34393 14.85
      vertex -7.7301 6.34393 11.15
    endloop
  endfacet
  facet normal -0.803203 0.595705 0
    outer loop
      vertex -7.7301 6.34393 14.85
      vertex -8.3147 5.5557 11.15
      vertex -8.3147 5.5557 14.85
    endloop
  endfacet
  facet normal 0.242979 0.970032 -0
    outer loop
      vertex 2.90285 9.5694 11.15
      vertex 1.9509 9.80785 14.85
      vertex 2.90285 9.5694 14.85
    endloop
  endfacet
  facet normal 0.242979 0.970032 0
    outer loop
      vertex 1.9509 9.80785 14.85
      vertex 2.90285 9.5694 11.15
      vertex 1.9509 9.80785 11.15
    endloop
  endfacet
  facet normal 0.336885 0.941546 -0
    outer loop
      vertex 3.82683 9.2388 11.15
      vertex 2.90285 9.5694 14.85
      vertex 3.82683 9.2388 14.85
    endloop
  endfacet
  facet normal 0.336885 0.941546 0
    outer loop
      vertex 2.90285 9.5694 14.85
      vertex 3.82683 9.2388 11.15
      vertex 2.90285 9.5694 11.15
    endloop
  endfacet
  facet normal 0.941546 0.336885 0
    outer loop
      vertex 9.5694 2.90285 14.85
      vertex 9.2388 3.82683 11.15
      vertex 9.2388 3.82683 14.85
    endloop
  endfacet
  facet normal 0.941546 0.336885 0
    outer loop
      vertex 9.2388 3.82683 11.15
      vertex 9.5694 2.90285 14.85
      vertex 9.5694 2.90285 11.15
    endloop
  endfacet
  facet normal 0.595705 0.803203 -0
    outer loop
      vertex 6.34393 7.7301 11.15
      vertex 5.5557 8.3147 14.85
      vertex 6.34393 7.7301 14.85
    endloop
  endfacet
  facet normal 0.595705 0.803203 0
    outer loop
      vertex 5.5557 8.3147 14.85
      vertex 6.34393 7.7301 11.15
      vertex 5.5557 8.3147 11.15
    endloop
  endfacet
  facet normal -0.85773 -0.5141 0
    outer loop
      vertex -8.3147 -5.5557 11.15
      vertex -8.81921 -4.71397 14.85
      vertex -8.81921 -4.71397 11.15
    endloop
  endfacet
  facet normal -0.85773 -0.5141 0
    outer loop
      vertex -8.81921 -4.71397 14.85
      vertex -8.3147 -5.5557 11.15
      vertex -8.3147 -5.5557 14.85
    endloop
  endfacet
  facet normal 0.5141 0.85773 -0
    outer loop
      vertex 5.5557 8.3147 11.15
      vertex 4.71397 8.81921 14.85
      vertex 5.5557 8.3147 14.85
    endloop
  endfacet
  facet normal 0.5141 0.85773 0
    outer loop
      vertex 4.71397 8.81921 14.85
      vertex 5.5557 8.3147 11.15
      vertex 4.71397 8.81921 11.15
    endloop
  endfacet
  facet normal 0.941546 -0.336885 0
    outer loop
      vertex 9.2388 -3.82683 14.85
      vertex 9.5694 -2.90285 11.15
      vertex 9.5694 -2.90285 14.85
    endloop
  endfacet
  facet normal 0.941546 -0.336885 0
    outer loop
      vertex 9.5694 -2.90285 11.15
      vertex 9.2388 -3.82683 14.85
      vertex 9.2388 -3.82683 11.15
    endloop
  endfacet
  facet normal -0.85773 0.5141 0
    outer loop
      vertex -8.81921 4.71397 11.15
      vertex -8.3147 5.5557 14.85
      vertex -8.3147 5.5557 11.15
    endloop
  endfacet
  facet normal -0.85773 0.5141 0
    outer loop
      vertex -8.3147 5.5557 14.85
      vertex -8.81921 4.71397 11.15
      vertex -8.81921 4.71397 14.85
    endloop
  endfacet
  facet normal -0.970032 -0.242979 0
    outer loop
      vertex -9.5694 -2.90285 11.15
      vertex -9.80785 -1.9509 14.85
      vertex -9.80785 -1.9509 11.15
    endloop
  endfacet
  facet normal -0.970032 -0.242979 0
    outer loop
      vertex -9.80785 -1.9509 14.85
      vertex -9.5694 -2.90285 11.15
      vertex -9.5694 -2.90285 14.85
    endloop
  endfacet
  facet normal 0.0490649 0.998796 -0
    outer loop
      vertex 0.980171 9.95185 11.15
      vertex 0 10 14.85
      vertex 0.980171 9.95185 14.85
    endloop
  endfacet
  facet normal 0.0490649 0.998796 0
    outer loop
      vertex 0 10 14.85
      vertex 0.980171 9.95185 11.15
      vertex 0 10 11.15
    endloop
  endfacet
  facet normal 0.85773 0.5141 0
    outer loop
      vertex 8.81921 4.71397 14.85
      vertex 8.3147 5.5557 11.15
      vertex 8.3147 5.5557 14.85
    endloop
  endfacet
  facet normal 0.85773 0.5141 0
    outer loop
      vertex 8.3147 5.5557 11.15
      vertex 8.81921 4.71397 14.85
      vertex 8.81921 4.71397 11.15
    endloop
  endfacet
  facet normal -0.941546 -0.336885 0
    outer loop
      vertex -9.2388 -3.82683 11.15
      vertex -9.5694 -2.90285 14.85
      vertex -9.5694 -2.90285 11.15
    endloop
  endfacet
  facet normal -0.941546 -0.336885 0
    outer loop
      vertex -9.5694 -2.90285 14.85
      vertex -9.2388 -3.82683 11.15
      vertex -9.2388 -3.82683 14.85
    endloop
  endfacet
  facet normal -0.671553 0.740957 0
    outer loop
      vertex -6.34393 7.7301 11.15
      vertex -7.07107 7.07107 14.85
      vertex -6.34393 7.7301 14.85
    endloop
  endfacet
  facet normal -0.671553 0.740957 0
    outer loop
      vertex -7.07107 7.07107 14.85
      vertex -6.34393 7.7301 11.15
      vertex -7.07107 7.07107 11.15
    endloop
  endfacet
  facet normal 0.970032 -0.242979 0
    outer loop
      vertex 9.5694 -2.90285 14.85
      vertex 9.80785 -1.9509 11.15
      vertex 9.80785 -1.9509 14.85
    endloop
  endfacet
  facet normal 0.970032 -0.242979 0
    outer loop
      vertex 9.80785 -1.9509 11.15
      vertex 9.5694 -2.90285 14.85
      vertex 9.5694 -2.90285 11.15
    endloop
  endfacet
  facet normal -0.5141 0.85773 0
    outer loop
      vertex -4.71397 8.81921 11.15
      vertex -5.5557 8.3147 14.85
      vertex -4.71397 8.81921 14.85
    endloop
  endfacet
  facet normal -0.5141 0.85773 0
    outer loop
      vertex -5.5557 8.3147 14.85
      vertex -4.71397 8.81921 11.15
      vertex -5.5557 8.3147 11.15
    endloop
  endfacet
  facet normal -0.998796 -0.0490649 0
    outer loop
      vertex -9.95185 -0.980171 11.15
      vertex -10 0 14.85
      vertex -10 0 11.15
    endloop
  endfacet
  facet normal -0.998796 -0.0490649 0
    outer loop
      vertex -10 0 14.85
      vertex -9.95185 -0.980171 11.15
      vertex -9.95185 -0.980171 14.85
    endloop
  endfacet
  facet normal -0.970032 0.242979 0
    outer loop
      vertex -9.80785 1.9509 11.15
      vertex -9.5694 2.90285 14.85
      vertex -9.5694 2.90285 11.15
    endloop
  endfacet
  facet normal -0.970032 0.242979 0
    outer loop
      vertex -9.5694 2.90285 14.85
      vertex -9.80785 1.9509 11.15
      vertex -9.80785 1.9509 14.85
    endloop
  endfacet
  facet normal 0.427558 -0.903988 0
    outer loop
      vertex 3.82683 -9.2388 11.15
      vertex 4.71397 -8.81921 14.85
      vertex 3.82683 -9.2388 14.85
    endloop
  endfacet
  facet normal 0.427558 -0.903988 0
    outer loop
      vertex 4.71397 -8.81921 14.85
      vertex 3.82683 -9.2388 11.15
      vertex 4.71397 -8.81921 11.15
    endloop
  endfacet
  facet normal -0.336885 -0.941546 0
    outer loop
      vertex -3.82683 -9.2388 11.15
      vertex -2.90285 -9.5694 14.85
      vertex -3.82683 -9.2388 14.85
    endloop
  endfacet
  facet normal -0.336885 -0.941546 -0
    outer loop
      vertex -2.90285 -9.5694 14.85
      vertex -3.82683 -9.2388 11.15
      vertex -2.90285 -9.5694 11.15
    endloop
  endfacet
  facet normal -0.336885 0.941546 0
    outer loop
      vertex -2.90285 9.5694 11.15
      vertex -3.82683 9.2388 14.85
      vertex -2.90285 9.5694 14.85
    endloop
  endfacet
  facet normal -0.336885 0.941546 0
    outer loop
      vertex -3.82683 9.2388 14.85
      vertex -2.90285 9.5694 11.15
      vertex -3.82683 9.2388 11.15
    endloop
  endfacet
  facet normal 0.5141 -0.85773 0
    outer loop
      vertex 4.71397 -8.81921 11.15
      vertex 5.5557 -8.3147 14.85
      vertex 4.71397 -8.81921 14.85
    endloop
  endfacet
  facet normal 0.5141 -0.85773 0
    outer loop
      vertex 5.5557 -8.3147 14.85
      vertex 4.71397 -8.81921 11.15
      vertex 5.5557 -8.3147 11.15
    endloop
  endfacet
  facet normal 0.146736 -0.989176 0
    outer loop
      vertex 0.980171 -9.95185 11.15
      vertex 1.9509 -9.80785 14.85
      vertex 0.980171 -9.95185 14.85
    endloop
  endfacet
  facet normal 0.146736 -0.989176 0
    outer loop
      vertex 1.9509 -9.80785 14.85
      vertex 0.980171 -9.95185 11.15
      vertex 1.9509 -9.80785 11.15
    endloop
  endfacet
  facet normal 0.740957 -0.671553 0
    outer loop
      vertex 7.07107 -7.07107 14.85
      vertex 7.7301 -6.34393 11.15
      vertex 7.7301 -6.34393 14.85
    endloop
  endfacet
  facet normal 0.740957 -0.671553 0
    outer loop
      vertex 7.7301 -6.34393 11.15
      vertex 7.07107 -7.07107 14.85
      vertex 7.07107 -7.07107 11.15
    endloop
  endfacet
  facet normal 0.803203 -0.595705 0
    outer loop
      vertex 7.7301 -6.34393 14.85
      vertex 8.3147 -5.5557 11.15
      vertex 8.3147 -5.5557 14.85
    endloop
  endfacet
  facet normal 0.803203 -0.595705 0
    outer loop
      vertex 8.3147 -5.5557 11.15
      vertex 7.7301 -6.34393 14.85
      vertex 7.7301 -6.34393 11.15
    endloop
  endfacet
  facet normal -0.427558 0.903988 0
    outer loop
      vertex -3.82683 9.2388 11.15
      vertex -4.71397 8.81921 14.85
      vertex -3.82683 9.2388 14.85
    endloop
  endfacet
  facet normal -0.427558 0.903988 0
    outer loop
      vertex -4.71397 8.81921 14.85
      vertex -3.82683 9.2388 11.15
      vertex -4.71397 8.81921 11.15
    endloop
  endfacet
  facet normal -0.595705 0.803203 0
    outer loop
      vertex -5.5557 8.3147 11.15
      vertex -6.34393 7.7301 14.85
      vertex -5.5557 8.3147 14.85
    endloop
  endfacet
  facet normal -0.595705 0.803203 0
    outer loop
      vertex -6.34393 7.7301 14.85
      vertex -5.5557 8.3147 11.15
      vertex -6.34393 7.7301 11.15
    endloop
  endfacet
  facet normal -0.989176 0.146736 0
    outer loop
      vertex -9.95185 0.980171 11.15
      vertex -9.80785 1.9509 14.85
      vertex -9.80785 1.9509 11.15
    endloop
  endfacet
  facet normal -0.989176 0.146736 0
    outer loop
      vertex -9.80785 1.9509 14.85
      vertex -9.95185 0.980171 11.15
      vertex -9.95185 0.980171 14.85
    endloop
  endfacet
  facet normal -0.242979 -0.970032 0
    outer loop
      vertex -2.90285 -9.5694 11.15
      vertex -1.9509 -9.80785 14.85
      vertex -2.90285 -9.5694 14.85
    endloop
  endfacet
  facet normal -0.242979 -0.970032 -0
    outer loop
      vertex -1.9509 -9.80785 14.85
      vertex -2.90285 -9.5694 11.15
      vertex -1.9509 -9.80785 11.15
    endloop
  endfacet
  facet normal 0.970032 0.242979 0
    outer loop
      vertex 9.80785 1.9509 14.85
      vertex 9.5694 2.90285 11.15
      vertex 9.5694 2.90285 14.85
    endloop
  endfacet
  facet normal 0.970032 0.242979 0
    outer loop
      vertex 9.5694 2.90285 11.15
      vertex 9.80785 1.9509 14.85
      vertex 9.80785 1.9509 11.15
    endloop
  endfacet
  facet normal 0.803203 0.595705 0
    outer loop
      vertex 8.3147 5.5557 14.85
      vertex 7.7301 6.34393 11.15
      vertex 7.7301 6.34393 14.85
    endloop
  endfacet
  facet normal 0.803203 0.595705 0
    outer loop
      vertex 7.7301 6.34393 11.15
      vertex 8.3147 5.5557 14.85
      vertex 8.3147 5.5557 11.15
    endloop
  endfacet
  facet normal -0.803203 -0.595705 0
    outer loop
      vertex -7.7301 -6.34393 11.15
      vertex -8.3147 -5.5557 14.85
      vertex -8.3147 -5.5557 11.15
    endloop
  endfacet
  facet normal -0.803203 -0.595705 0
    outer loop
      vertex -8.3147 -5.5557 14.85
      vertex -7.7301 -6.34393 11.15
      vertex -7.7301 -6.34393 14.85
    endloop
  endfacet
  facet normal -0.903988 -0.427558 0
    outer loop
      vertex -8.81921 -4.71397 11.15
      vertex -9.2388 -3.82683 14.85
      vertex -9.2388 -3.82683 11.15
    endloop
  endfacet
  facet normal -0.903988 -0.427558 0
    outer loop
      vertex -9.2388 -3.82683 14.85
      vertex -8.81921 -4.71397 11.15
      vertex -8.81921 -4.71397 14.85
    endloop
  endfacet
  facet normal 0.146736 0.989176 -0
    outer loop
      vertex 1.9509 9.80785 11.15
      vertex 0.980171 9.95185 14.85
      vertex 1.9509 9.80785 14.85
    endloop
  endfacet
  facet normal 0.146736 0.989176 0
    outer loop
      vertex 0.980171 9.95185 14.85
      vertex 1.9509 9.80785 11.15
      vertex 0.980171 9.95185 11.15
    endloop
  endfacet
  facet normal -0.0490649 0.998796 0
    outer loop
      vertex 0 10 11.15
      vertex -0.980171 9.95185 14.85
      vertex 0 10 14.85
    endloop
  endfacet
  facet normal -0.0490649 0.998796 0
    outer loop
      vertex -0.980171 9.95185 14.85
      vertex 0 10 11.15
      vertex -0.980171 9.95185 11.15
    endloop
  endfacet
  facet normal -0.427558 -0.903988 0
    outer loop
      vertex -4.71397 -8.81921 11.15
      vertex -3.82683 -9.2388 14.85
      vertex -4.71397 -8.81921 14.85
    endloop
  endfacet
  facet normal -0.427558 -0.903988 -0
    outer loop
      vertex -3.82683 -9.2388 14.85
      vertex -4.71397 -8.81921 11.15
      vertex -3.82683 -9.2388 11.15
    endloop
  endfacet
  facet normal 0.595705 -0.803203 0
    outer loop
      vertex 5.5557 -8.3147 11.15
      vertex 6.34393 -7.7301 14.85
      vertex 5.5557 -8.3147 14.85
    endloop
  endfacet
  facet normal 0.595705 -0.803203 0
    outer loop
      vertex 6.34393 -7.7301 14.85
      vertex 5.5557 -8.3147 11.15
      vertex 6.34393 -7.7301 11.15
    endloop
  endfacet
  facet normal 0.998796 -0.0490649 0
    outer loop
      vertex 9.95185 -0.980171 14.85
      vertex 10 0 11.15
      vertex 10 0 14.85
    endloop
  endfacet
  facet normal 0.998796 -0.0490649 0
    outer loop
      vertex 10 0 11.15
      vertex 9.95185 -0.980171 14.85
      vertex 9.95185 -0.980171 11.15
    endloop
  endfacet
  facet normal -0.146736 0.989176 0
    outer loop
      vertex -0.980171 9.95185 11.15
      vertex -1.9509 9.80785 14.85
      vertex -0.980171 9.95185 14.85
    endloop
  endfacet
  facet normal -0.146736 0.989176 0
    outer loop
      vertex -1.9509 9.80785 14.85
      vertex -0.980171 9.95185 11.15
      vertex -1.9509 9.80785 11.15
    endloop
  endfacet
  facet normal -0.989176 -0.146736 0
    outer loop
      vertex -9.80785 -1.9509 11.15
      vertex -9.95185 -0.980171 14.85
      vertex -9.95185 -0.980171 11.15
    endloop
  endfacet
  facet normal -0.989176 -0.146736 0
    outer loop
      vertex -9.95185 -0.980171 14.85
      vertex -9.80785 -1.9509 11.15
      vertex -9.80785 -1.9509 14.85
    endloop
  endfacet
  facet normal 0.336885 -0.941546 0
    outer loop
      vertex 2.90285 -9.5694 11.15
      vertex 3.82683 -9.2388 14.85
      vertex 2.90285 -9.5694 14.85
    endloop
  endfacet
  facet normal 0.336885 -0.941546 0
    outer loop
      vertex 3.82683 -9.2388 14.85
      vertex 2.90285 -9.5694 11.15
      vertex 3.82683 -9.2388 11.15
    endloop
  endfacet
  facet normal 0.242979 -0.970032 0
    outer loop
      vertex 1.9509 -9.80785 11.15
      vertex 2.90285 -9.5694 14.85
      vertex 1.9509 -9.80785 14.85
    endloop
  endfacet
  facet normal 0.242979 -0.970032 0
    outer loop
      vertex 2.90285 -9.5694 14.85
      vertex 1.9509 -9.80785 11.15
      vertex 2.90285 -9.5694 11.15
    endloop
  endfacet
  facet normal -0.740957 -0.671553 0
    outer loop
      vertex -7.07107 -7.07107 11.15
      vertex -7.7301 -6.34393 14.85
      vertex -7.7301 -6.34393 11.15
    endloop
  endfacet
  facet normal -0.740957 -0.671553 0
    outer loop
      vertex -7.7301 -6.34393 14.85
      vertex -7.07107 -7.07107 11.15
      vertex -7.07107 -7.07107 14.85
    endloop
  endfacet
  facet normal -0.903988 0.427558 0
    outer loop
      vertex -9.2388 3.82683 11.15
      vertex -8.81921 4.71397 14.85
      vertex -8.81921 4.71397 11.15
    endloop
  endfacet
  facet normal -0.903988 0.427558 0
    outer loop
      vertex -8.81921 4.71397 14.85
      vertex -9.2388 3.82683 11.15
      vertex -9.2388 3.82683 14.85
    endloop
  endfacet
  facet normal -0.595705 -0.803203 0
    outer loop
      vertex -6.34393 -7.7301 11.15
      vertex -5.5557 -8.3147 14.85
      vertex -6.34393 -7.7301 14.85
    endloop
  endfacet
  facet normal -0.595705 -0.803203 -0
    outer loop
      vertex -5.5557 -8.3147 14.85
      vertex -6.34393 -7.7301 11.15
      vertex -5.5557 -8.3147 11.15
    endloop
  endfacet
  facet normal 0.903988 -0.427558 0
    outer loop
      vertex 8.81921 -4.71397 14.85
      vertex 9.2388 -3.82683 11.15
      vertex 9.2388 -3.82683 14.85
    endloop
  endfacet
  facet normal 0.903988 -0.427558 0
    outer loop
      vertex 9.2388 -3.82683 11.15
      vertex 8.81921 -4.71397 14.85
      vertex 8.81921 -4.71397 11.15
    endloop
  endfacet
  facet normal 0.85773 -0.5141 0
    outer loop
      vertex 8.3147 -5.5557 14.85
      vertex 8.81921 -4.71397 11.15
      vertex 8.81921 -4.71397 14.85
    endloop
  endfacet
  facet normal 0.85773 -0.5141 0
    outer loop
      vertex 8.81921 -4.71397 11.15
      vertex 8.3147 -5.5557 14.85
      vertex 8.3147 -5.5557 11.15
    endloop
  endfacet
  facet normal -0.0490649 -0.998796 0
    outer loop
      vertex -0.980171 -9.95185 11.15
      vertex 0 -10 14.85
      vertex -0.980171 -9.95185 14.85
    endloop
  endfacet
  facet normal -0.0490649 -0.998796 -0
    outer loop
      vertex 0 -10 14.85
      vertex -0.980171 -9.95185 11.15
      vertex 0 -10 11.15
    endloop
  endfacet
  facet normal -0.998796 0.0490649 0
    outer loop
      vertex -10 0 11.15
      vertex -9.95185 0.980171 14.85
      vertex -9.95185 0.980171 11.15
    endloop
  endfacet
  facet normal -0.998796 0.0490649 0
    outer loop
      vertex -9.95185 0.980171 14.85
      vertex -10 0 11.15
      vertex -10 0 14.85
    endloop
  endfacet
  facet normal 0.671553 -0.740957 0
    outer loop
      vertex 6.34393 -7.7301 11.15
      vertex 7.07107 -7.07107 14.85
      vertex 6.34393 -7.7301 14.85
    endloop
  endfacet
  facet normal 0.671553 -0.740957 0
    outer loop
      vertex 7.07107 -7.07107 14.85
      vertex 6.34393 -7.7301 11.15
      vertex 7.07107 -7.07107 11.15
    endloop
  endfacet
  facet normal 0 0 1
    outer loop
      vertex 10 0 28.15
      vertex 12 0 28.15
      vertex 11.9422 1.17621 28.15
    endloop
  endfacet
  facet normal 0 0 1
    outer loop
      vertex 9.95185 0.980171 28.15
      vertex 11.9422 1.17621 28.15
      vertex 11.7694 2.34108 28.15
    endloop
  endfacet
  facet normal 0 0 1
    outer loop
      vertex 12 0 28.15
      vertex 10 0 28.15
      vertex 11.9422 -1.17621 28.15
    endloop
  endfacet
  facet normal 0 0 1
    outer loop
      vertex 9.80785 1.9509 28.15
      vertex 11.7694 2.34108 28.15
      vertex 11.4833 3.48342 28.15
    endloop
  endfacet
  facet normal -0 0 1
    outer loop
      vertex 9.95185 -0.980171 28.15
      vertex 11.9422 -1.17621 28.15
      vertex 10 0 28.15
    endloop
  endfacet
  facet normal 0 0 1
    outer loop
      vertex 9.5694 2.90285 28.15
      vertex 11.4833 3.48342 28.15
      vertex 11.0866 4.5922 28.15
    endloop
  endfacet
  facet normal 0 0 1
    outer loop
      vertex 11.9422 -1.17621 28.15
      vertex 9.95185 -0.980171 28.15
      vertex 11.7694 -2.34108 28.15
    endloop
  endfacet
  facet normal 0 0 1
    outer loop
      vertex 9.2388 3.82683 28.15
      vertex 11.0866 4.5922 28.15
      vertex 10.5831 5.65676 28.15
    endloop
  endfacet
  facet normal -0 0 1
    outer loop
      vertex 9.80785 -1.9509 28.15
      vertex 11.7694 -2.34108 28.15
      vertex 9.95185 -0.980171 28.15
    endloop
  endfacet
  facet normal 0 0 1
    outer loop
      vertex 11.7694 -2.34108 28.15
      vertex 9.80785 -1.9509 28.15
      vertex 11.4833 -3.48342 28.15
    endloop
  endfacet
  facet normal 0 0 1
    outer loop
      vertex 8.81921 4.71397 28.15
      vertex 10.5831 5.65676 28.15
      vertex 9.97763 6.66684 28.15
    endloop
  endfacet
  facet normal 0 0 1
    outer loop
      vertex 11.9422 1.17621 28.15
      vertex 9.95185 0.980171 28.15
      vertex 10 0 28.15
    endloop
  endfacet
  facet normal 0 0 1
    outer loop
      vertex 11.7694 2.34108 28.15
      vertex 9.80785 1.9509 28.15
      vertex 9.95185 0.980171 28.15
    endloop
  endfacet
  facet normal 0 0 1
    outer loop
      vertex 11.4833 3.48342 28.15
      vertex 9.5694 2.90285 28.15
      vertex 9.80785 1.9509 28.15
    endloop
  endfacet
  facet normal 0 0 1
    outer loop
      vertex 8.3147 5.5557 28.15
      vertex 9.97763 6.66684 28.15
      vertex 9.27612 7.61272 28.15
    endloop
  endfacet
  facet normal 0 0 1
    outer loop
      vertex 11.0866 4.5922 28.15
      vertex 9.2388 3.82683 28.15
      vertex 9.5694 2.90285 28.15
    endloop
  endfacet
  facet normal 0 0 1
    outer loop
      vertex 10.5831 5.65676 28.15
      vertex 8.81921 4.71397 28.15
      vertex 9.2388 3.82683 28.15
    endloop
  endfacet
  facet normal 0 0 1
    outer loop
      vertex 7.7301 6.34393 28.15
      vertex 9.27612 7.61272 28.15
      vertex 8.48528 8.48528 28.15
    endloop
  endfacet
  facet normal 0 0 1
    outer loop
      vertex 9.97763 6.66684 28.15
      vertex 8.3147 5.5557 28.15
      vertex 8.81921 4.71397 28.15
    endloop
  endfacet
  facet normal 0 0 1
    outer loop
      vertex 9.27612 7.61272 28.15
      vertex 7.7301 6.34393 28.15
      vertex 8.3147 5.5557 28.15
    endloop
  endfacet
  facet normal 0 0 1
    outer loop
      vertex 7.07107 7.07107 28.15
      vertex 8.48528 8.48528 28.15
      vertex 7.61272 9.27612 28.15
    endloop
  endfacet
  facet normal 0 0 1
    outer loop
      vertex 8.48528 8.48528 28.15
      vertex 7.07107 7.07107 28.15
      vertex 7.7301 6.34393 28.15
    endloop
  endfacet
  facet normal 0 0 1
    outer loop
      vertex 6.34393 7.7301 28.15
      vertex 7.61272 9.27612 28.15
      vertex 6.66684 9.97763 28.15
    endloop
  endfacet
  facet normal 0 0 1
    outer loop
      vertex 7.61272 9.27612 28.15
      vertex 6.34393 7.7301 28.15
      vertex 7.07107 7.07107 28.15
    endloop
  endfacet
  facet normal 0 0 1
    outer loop
      vertex 5.5557 8.3147 28.15
      vertex 6.66684 9.97763 28.15
      vertex 5.65676 10.5831 28.15
    endloop
  endfacet
  facet normal 0 0 1
    outer loop
      vertex 6.66684 9.97763 28.15
      vertex 5.5557 8.3147 28.15
      vertex 6.34393 7.7301 28.15
    endloop
  endfacet
  facet normal 0 0 1
    outer loop
      vertex 5.65676 10.5831 28.15
      vertex 4.71397 8.81921 28.15
      vertex 5.5557 8.3147 28.15
    endloop
  endfacet
  facet normal 0 0 1
    outer loop
      vertex 4.5922 11.0866 28.15
      vertex 4.71397 8.81921 28.15
      vertex 5.65676 10.5831 28.15
    endloop
  endfacet
  facet normal 0 0 1
    outer loop
      vertex 4.5922 11.0866 28.15
      vertex 3.82683 9.2388 28.15
      vertex 4.71397 8.81921 28.15
    endloop
  endfacet
  facet normal 0 0 1
    outer loop
      vertex 3.48342 11.4833 28.15
      vertex 3.82683 9.2388 28.15
      vertex 4.5922 11.0866 28.15
    endloop
  endfacet
  facet normal 0 0 1
    outer loop
      vertex 3.48342 11.4833 28.15
      vertex 2.90285 9.5694 28.15
      vertex 3.82683 9.2388 28.15
    endloop
  endfacet
  facet normal 0 0 1
    outer loop
      vertex 2.34108 11.7694 28.15
      vertex 2.90285 9.5694 28.15
      vertex 3.48342 11.4833 28.15
    endloop
  endfacet
  facet normal 0 0 1
    outer loop
      vertex 2.34108 11.7694 28.15
      vertex 1.9509 9.80785 28.15
      vertex 2.90285 9.5694 28.15
    endloop
  endfacet
  facet normal 0 0 1
    outer loop
      vertex 1.17621 11.9422 28.15
      vertex 1.9509 9.80785 28.15
      vertex 2.34108 11.7694 28.15
    endloop
  endfacet
  facet normal 0 0 1
    outer loop
      vertex 1.17621 11.9422 28.15
      vertex 0.980171 9.95185 28.15
      vertex 1.9509 9.80785 28.15
    endloop
  endfacet
  facet normal 0 0 1
    outer loop
      vertex 0 12 28.15
      vertex 0.980171 9.95185 28.15
      vertex 1.17621 11.9422 28.15
    endloop
  endfacet
  facet normal 0 0 1
    outer loop
      vertex 0 12 28.15
      vertex 0 10 28.15
      vertex 0.980171 9.95185 28.15
    endloop
  endfacet
  facet normal 0 0 1
    outer loop
      vertex 0 12 28.15
      vertex -0.980171 9.95185 28.15
      vertex 0 10 28.15
    endloop
  endfacet
  facet normal -0 0 1
    outer loop
      vertex -1.17621 11.9422 28.15
      vertex -0.980171 9.95185 28.15
      vertex 0 12 28.15
    endloop
  endfacet
  facet normal 0 0 1
    outer loop
      vertex -1.17621 11.9422 28.15
      vertex -1.9509 9.80785 28.15
      vertex -0.980171 9.95185 28.15
    endloop
  endfacet
  facet normal -0 0 1
    outer loop
      vertex -2.34108 11.7694 28.15
      vertex -1.9509 9.80785 28.15
      vertex -1.17621 11.9422 28.15
    endloop
  endfacet
  facet normal 0 0 1
    outer loop
      vertex -2.34108 11.7694 28.15
      vertex -2.90285 9.5694 28.15
      vertex -1.9509 9.80785 28.15
    endloop
  endfacet
  facet normal -0 0 1
    outer loop
      vertex -3.48342 11.4833 28.15
      vertex -2.90285 9.5694 28.15
      vertex -2.34108 11.7694 28.15
    endloop
  endfacet
  facet normal 0 0 1
    outer loop
      vertex -3.48342 11.4833 28.15
      vertex -3.82683 9.2388 28.15
      vertex -2.90285 9.5694 28.15
    endloop
  endfacet
  facet normal -0 0 1
    outer loop
      vertex -4.5922 11.0866 28.15
      vertex -3.82683 9.2388 28.15
      vertex -3.48342 11.4833 28.15
    endloop
  endfacet
  facet normal 0 0 1
    outer loop
      vertex -4.5922 11.0866 28.15
      vertex -4.71397 8.81921 28.15
      vertex -3.82683 9.2388 28.15
    endloop
  endfacet
  facet normal -0 0 1
    outer loop
      vertex -5.65676 10.5831 28.15
      vertex -4.71397 8.81921 28.15
      vertex -4.5922 11.0866 28.15
    endloop
  endfacet
  facet normal 0 0 1
    outer loop
      vertex -4.71397 8.81921 28.15
      vertex -5.65676 10.5831 28.15
      vertex -5.5557 8.3147 28.15
    endloop
  endfacet
  facet normal -0 0 1
    outer loop
      vertex -6.66684 9.97763 28.15
      vertex -5.5557 8.3147 28.15
      vertex -5.65676 10.5831 28.15
    endloop
  endfacet
  facet normal 0 0 1
    outer loop
      vertex -5.5557 8.3147 28.15
      vertex -6.66684 9.97763 28.15
      vertex -6.34393 7.7301 28.15
    endloop
  endfacet
  facet normal -0 0 1
    outer loop
      vertex -7.61272 9.27612 28.15
      vertex -6.34393 7.7301 28.15
      vertex -6.66684 9.97763 28.15
    endloop
  endfacet
  facet normal 0 0 1
    outer loop
      vertex -6.34393 7.7301 28.15
      vertex -7.61272 9.27612 28.15
      vertex -7.07107 7.07107 28.15
    endloop
  endfacet
  facet normal -0 0 1
    outer loop
      vertex -8.48528 8.48528 28.15
      vertex -7.07107 7.07107 28.15
      vertex -7.61272 9.27612 28.15
    endloop
  endfacet
  facet normal 0 0 1
    outer loop
      vertex -7.07107 7.07107 28.15
      vertex -8.48528 8.48528 28.15
      vertex -7.7301 6.34393 28.15
    endloop
  endfacet
  facet normal -0 0 1
    outer loop
      vertex -9.27612 7.61272 28.15
      vertex -7.7301 6.34393 28.15
      vertex -8.48528 8.48528 28.15
    endloop
  endfacet
  facet normal 0 0 1
    outer loop
      vertex -7.7301 6.34393 28.15
      vertex -9.27612 7.61272 28.15
      vertex -8.3147 5.5557 28.15
    endloop
  endfacet
  facet normal -0 0 1
    outer loop
      vertex -9.97763 6.66684 28.15
      vertex -8.3147 5.5557 28.15
      vertex -9.27612 7.61272 28.15
    endloop
  endfacet
  facet normal 0 0 1
    outer loop
      vertex -8.3147 5.5557 28.15
      vertex -9.97763 6.66684 28.15
      vertex -8.81921 4.71397 28.15
    endloop
  endfacet
  facet normal -0 0 1
    outer loop
      vertex -10.5831 5.65676 28.15
      vertex -8.81921 4.71397 28.15
      vertex -9.97763 6.66684 28.15
    endloop
  endfacet
  facet normal 0 0 1
    outer loop
      vertex -8.81921 4.71397 28.15
      vertex -10.5831 5.65676 28.15
      vertex -9.2388 3.82683 28.15
    endloop
  endfacet
  facet normal -0 0 1
    outer loop
      vertex -11.0866 4.5922 28.15
      vertex -9.2388 3.82683 28.15
      vertex -10.5831 5.65676 28.15
    endloop
  endfacet
  facet normal 0 0 1
    outer loop
      vertex -9.2388 3.82683 28.15
      vertex -11.0866 4.5922 28.15
      vertex -9.5694 2.90285 28.15
    endloop
  endfacet
  facet normal -0 0 1
    outer loop
      vertex -11.4833 3.48342 28.15
      vertex -9.5694 2.90285 28.15
      vertex -11.0866 4.5922 28.15
    endloop
  endfacet
  facet normal 0 0 1
    outer loop
      vertex -9.5694 2.90285 28.15
      vertex -11.4833 3.48342 28.15
      vertex -9.80785 1.9509 28.15
    endloop
  endfacet
  facet normal -0 0 1
    outer loop
      vertex 9.5694 -2.90285 28.15
      vertex 11.4833 -3.48342 28.15
      vertex 9.80785 -1.9509 28.15
    endloop
  endfacet
  facet normal 0 0 1
    outer loop
      vertex 11.4833 -3.48342 28.15
      vertex 9.5694 -2.90285 28.15
      vertex 11.0866 -4.5922 28.15
    endloop
  endfacet
  facet normal -0 0 1
    outer loop
      vertex 9.2388 -3.82683 28.15
      vertex 11.0866 -4.5922 28.15
      vertex 9.5694 -2.90285 28.15
    endloop
  endfacet
  facet normal 0 0 1
    outer loop
      vertex 11.0866 -4.5922 28.15
      vertex 9.2388 -3.82683 28.15
      vertex 10.5831 -5.65676 28.15
    endloop
  endfacet
  facet normal -0 0 1
    outer loop
      vertex 8.81921 -4.71397 28.15
      vertex 10.5831 -5.65676 28.15
      vertex 9.2388 -3.82683 28.15
    endloop
  endfacet
  facet normal 0 0 1
    outer loop
      vertex 10.5831 -5.65676 28.15
      vertex 8.81921 -4.71397 28.15
      vertex 9.97763 -6.66684 28.15
    endloop
  endfacet
  facet normal -0 0 1
    outer loop
      vertex 8.3147 -5.5557 28.15
      vertex 9.97763 -6.66684 28.15
      vertex 8.81921 -4.71397 28.15
    endloop
  endfacet
  facet normal 0 0 1
    outer loop
      vertex 9.97763 -6.66684 28.15
      vertex 8.3147 -5.5557 28.15
      vertex 9.27612 -7.61272 28.15
    endloop
  endfacet
  facet normal -0 0 1
    outer loop
      vertex 7.7301 -6.34393 28.15
      vertex 9.27612 -7.61272 28.15
      vertex 8.3147 -5.5557 28.15
    endloop
  endfacet
  facet normal 0 0 1
    outer loop
      vertex 9.27612 -7.61272 28.15
      vertex 7.7301 -6.34393 28.15
      vertex 8.48528 -8.48528 28.15
    endloop
  endfacet
  facet normal -0 0 1
    outer loop
      vertex 7.07107 -7.07107 28.15
      vertex 8.48528 -8.48528 28.15
      vertex 7.7301 -6.34393 28.15
    endloop
  endfacet
  facet normal 0 0 1
    outer loop
      vertex 8.48528 -8.48528 28.15
      vertex 7.07107 -7.07107 28.15
      vertex 7.61272 -9.27612 28.15
    endloop
  endfacet
  facet normal -0 0 1
    outer loop
      vertex 6.34393 -7.7301 28.15
      vertex 7.61272 -9.27612 28.15
      vertex 7.07107 -7.07107 28.15
    endloop
  endfacet
  facet normal 0 0 1
    outer loop
      vertex 7.61272 -9.27612 28.15
      vertex 6.34393 -7.7301 28.15
      vertex 6.66684 -9.97763 28.15
    endloop
  endfacet
  facet normal -0 0 1
    outer loop
      vertex 5.5557 -8.3147 28.15
      vertex 6.66684 -9.97763 28.15
      vertex 6.34393 -7.7301 28.15
    endloop
  endfacet
  facet normal 0 0 1
    outer loop
      vertex 6.66684 -9.97763 28.15
      vertex 5.5557 -8.3147 28.15
      vertex 5.65676 -10.5831 28.15
    endloop
  endfacet
  facet normal -0 0 1
    outer loop
      vertex 4.71397 -8.81921 28.15
      vertex 5.65676 -10.5831 28.15
      vertex 5.5557 -8.3147 28.15
    endloop
  endfacet
  facet normal 0 0 1
    outer loop
      vertex 4.71397 -8.81921 28.15
      vertex 4.5922 -11.0866 28.15
      vertex 5.65676 -10.5831 28.15
    endloop
  endfacet
  facet normal -0 0 1
    outer loop
      vertex 3.82683 -9.2388 28.15
      vertex 4.5922 -11.0866 28.15
      vertex 4.71397 -8.81921 28.15
    endloop
  endfacet
  facet normal 0 0 1
    outer loop
      vertex 3.82683 -9.2388 28.15
      vertex 3.48342 -11.4833 28.15
      vertex 4.5922 -11.0866 28.15
    endloop
  endfacet
  facet normal -0 0 1
    outer loop
      vertex 2.90285 -9.5694 28.15
      vertex 3.48342 -11.4833 28.15
      vertex 3.82683 -9.2388 28.15
    endloop
  endfacet
  facet normal 0 0 1
    outer loop
      vertex 2.90285 -9.5694 28.15
      vertex 2.34108 -11.7694 28.15
      vertex 3.48342 -11.4833 28.15
    endloop
  endfacet
  facet normal -0 0 1
    outer loop
      vertex 1.9509 -9.80785 28.15
      vertex 2.34108 -11.7694 28.15
      vertex 2.90285 -9.5694 28.15
    endloop
  endfacet
  facet normal 0 0 1
    outer loop
      vertex 1.9509 -9.80785 28.15
      vertex 1.17621 -11.9422 28.15
      vertex 2.34108 -11.7694 28.15
    endloop
  endfacet
  facet normal -0 0 1
    outer loop
      vertex 0.980171 -9.95185 28.15
      vertex 1.17621 -11.9422 28.15
      vertex 1.9509 -9.80785 28.15
    endloop
  endfacet
  facet normal -0 0 1
    outer loop
      vertex 0 -10 28.15
      vertex 1.17621 -11.9422 28.15
      vertex 0.980171 -9.95185 28.15
    endloop
  endfacet
  facet normal 0 0 1
    outer loop
      vertex 0 -10 28.15
      vertex 0 -12 28.15
      vertex 1.17621 -11.9422 28.15
    endloop
  endfacet
  facet normal 0 0 1
    outer loop
      vertex -0.980171 -9.95185 28.15
      vertex 0 -12 28.15
      vertex 0 -10 28.15
    endloop
  endfacet
  facet normal 0 0 1
    outer loop
      vertex -0.980171 -9.95185 28.15
      vertex -1.17621 -11.9422 28.15
      vertex 0 -12 28.15
    endloop
  endfacet
  facet normal 0 0 1
    outer loop
      vertex -1.9509 -9.80785 28.15
      vertex -1.17621 -11.9422 28.15
      vertex -0.980171 -9.95185 28.15
    endloop
  endfacet
  facet normal 0 0 1
    outer loop
      vertex -1.9509 -9.80785 28.15
      vertex -2.34108 -11.7694 28.15
      vertex -1.17621 -11.9422 28.15
    endloop
  endfacet
  facet normal 0 0 1
    outer loop
      vertex -2.90285 -9.5694 28.15
      vertex -2.34108 -11.7694 28.15
      vertex -1.9509 -9.80785 28.15
    endloop
  endfacet
  facet normal 0 0 1
    outer loop
      vertex -2.90285 -9.5694 28.15
      vertex -3.48342 -11.4833 28.15
      vertex -2.34108 -11.7694 28.15
    endloop
  endfacet
  facet normal 0 0 1
    outer loop
      vertex -3.82683 -9.2388 28.15
      vertex -3.48342 -11.4833 28.15
      vertex -2.90285 -9.5694 28.15
    endloop
  endfacet
  facet normal 0 0 1
    outer loop
      vertex -3.82683 -9.2388 28.15
      vertex -4.5922 -11.0866 28.15
      vertex -3.48342 -11.4833 28.15
    endloop
  endfacet
  facet normal 0 0 1
    outer loop
      vertex -4.71397 -8.81921 28.15
      vertex -4.5922 -11.0866 28.15
      vertex -3.82683 -9.2388 28.15
    endloop
  endfacet
  facet normal 0 0 1
    outer loop
      vertex -5.65676 -10.5831 28.15
      vertex -4.71397 -8.81921 28.15
      vertex -5.5557 -8.3147 28.15
    endloop
  endfacet
  facet normal 0 0 1
    outer loop
      vertex -4.71397 -8.81921 28.15
      vertex -5.65676 -10.5831 28.15
      vertex -4.5922 -11.0866 28.15
    endloop
  endfacet
  facet normal 0 0 1
    outer loop
      vertex -6.66684 -9.97763 28.15
      vertex -5.5557 -8.3147 28.15
      vertex -6.34393 -7.7301 28.15
    endloop
  endfacet
  facet normal 0 0 1
    outer loop
      vertex -5.5557 -8.3147 28.15
      vertex -6.66684 -9.97763 28.15
      vertex -5.65676 -10.5831 28.15
    endloop
  endfacet
  facet normal 0 0 1
    outer loop
      vertex -7.61272 -9.27612 28.15
      vertex -6.34393 -7.7301 28.15
      vertex -7.07107 -7.07107 28.15
    endloop
  endfacet
  facet normal 0 0 1
    outer loop
      vertex -6.34393 -7.7301 28.15
      vertex -7.61272 -9.27612 28.15
      vertex -6.66684 -9.97763 28.15
    endloop
  endfacet
  facet normal 0 0 1
    outer loop
      vertex -8.48528 -8.48528 28.15
      vertex -7.07107 -7.07107 28.15
      vertex -7.7301 -6.34393 28.15
    endloop
  endfacet
  facet normal 0 0 1
    outer loop
      vertex -9.27612 -7.61272 28.15
      vertex -7.7301 -6.34393 28.15
      vertex -8.3147 -5.5557 28.15
    endloop
  endfacet
  facet normal 0 0 1
    outer loop
      vertex -7.07107 -7.07107 28.15
      vertex -8.48528 -8.48528 28.15
      vertex -7.61272 -9.27612 28.15
    endloop
  endfacet
  facet normal 0 0 1
    outer loop
      vertex -9.97763 -6.66684 28.15
      vertex -8.3147 -5.5557 28.15
      vertex -8.81921 -4.71397 28.15
    endloop
  endfacet
  facet normal 0 0 1
    outer loop
      vertex -10.5831 -5.65676 28.15
      vertex -8.81921 -4.71397 28.15
      vertex -9.2388 -3.82683 28.15
    endloop
  endfacet
  facet normal 0 0 1
    outer loop
      vertex -7.7301 -6.34393 28.15
      vertex -9.27612 -7.61272 28.15
      vertex -8.48528 -8.48528 28.15
    endloop
  endfacet
  facet normal 0 0 1
    outer loop
      vertex -11.0866 -4.5922 28.15
      vertex -9.2388 -3.82683 28.15
      vertex -9.5694 -2.90285 28.15
    endloop
  endfacet
  facet normal 0 0 1
    outer loop
      vertex -11.4833 -3.48342 28.15
      vertex -9.5694 -2.90285 28.15
      vertex -9.80785 -1.9509 28.15
    endloop
  endfacet
  facet normal 0 0 1
    outer loop
      vertex -11.7694 -2.34108 28.15
      vertex -9.80785 -1.9509 28.15
      vertex -9.95185 -0.980171 28.15
    endloop
  endfacet
  facet normal 0 0 1
    outer loop
      vertex -8.3147 -5.5557 28.15
      vertex -9.97763 -6.66684 28.15
      vertex -9.27612 -7.61272 28.15
    endloop
  endfacet
  facet normal 0 0 1
    outer loop
      vertex -11.9422 -1.17621 28.15
      vertex -9.95185 -0.980171 28.15
      vertex -10 0 28.15
    endloop
  endfacet
  facet normal -0 0 1
    outer loop
      vertex -11.7694 2.34108 28.15
      vertex -9.80785 1.9509 28.15
      vertex -11.4833 3.48342 28.15
    endloop
  endfacet
  facet normal 0 0 1
    outer loop
      vertex -8.81921 -4.71397 28.15
      vertex -10.5831 -5.65676 28.15
      vertex -9.97763 -6.66684 28.15
    endloop
  endfacet
  facet normal 0 0 1
    outer loop
      vertex -9.80785 1.9509 28.15
      vertex -11.7694 2.34108 28.15
      vertex -9.95185 0.980171 28.15
    endloop
  endfacet
  facet normal 0 0 1
    outer loop
      vertex -9.2388 -3.82683 28.15
      vertex -11.0866 -4.5922 28.15
      vertex -10.5831 -5.65676 28.15
    endloop
  endfacet
  facet normal -0 0 1
    outer loop
      vertex -11.9422 1.17621 28.15
      vertex -9.95185 0.980171 28.15
      vertex -11.7694 2.34108 28.15
    endloop
  endfacet
  facet normal 0 0 1
    outer loop
      vertex -9.5694 -2.90285 28.15
      vertex -11.4833 -3.48342 28.15
      vertex -11.0866 -4.5922 28.15
    endloop
  endfacet
  facet normal 0 0 1
    outer loop
      vertex -9.95185 0.980171 28.15
      vertex -11.9422 1.17621 28.15
      vertex -10 0 28.15
    endloop
  endfacet
  facet normal 0 0 1
    outer loop
      vertex -9.80785 -1.9509 28.15
      vertex -11.7694 -2.34108 28.15
      vertex -11.4833 -3.48342 28.15
    endloop
  endfacet
  facet normal 0 0 1
    outer loop
      vertex -12 0 28.15
      vertex -10 0 28.15
      vertex -11.9422 1.17621 28.15
    endloop
  endfacet
  facet normal 0 0 1
    outer loop
      vertex -9.95185 -0.980171 28.15
      vertex -11.9422 -1.17621 28.15
      vertex -11.7694 -2.34108 28.15
    endloop
  endfacet
  facet normal 0 0 1
    outer loop
      vertex -10 0 28.15
      vertex -12 0 28.15
      vertex -11.9422 -1.17621 28.15
    endloop
  endfacet
  facet normal 0 0 -1
    outer loop
      vertex 10 0 31.85
      vertex 12 0 31.85
      vertex 11.9422 -1.17621 31.85
    endloop
  endfacet
  facet normal 0 0 -1
    outer loop
      vertex 9.95185 -0.980171 31.85
      vertex 11.9422 -1.17621 31.85
      vertex 11.7694 -2.34108 31.85
    endloop
  endfacet
  facet normal 0 0 -1
    outer loop
      vertex 12 0 31.85
      vertex 10 0 31.85
      vertex 11.9422 1.17621 31.85
    endloop
  endfacet
  facet normal 0 0 -1
    outer loop
      vertex 9.80785 -1.9509 31.85
      vertex 11.7694 -2.34108 31.85
      vertex 11.4833 -3.48342 31.85
    endloop
  endfacet
  facet normal 0 0 -1
    outer loop
      vertex 9.95185 0.980171 31.85
      vertex 11.9422 1.17621 31.85
      vertex 10 0 31.85
    endloop
  endfacet
  facet normal 0 0 -1
    outer loop
      vertex 9.5694 -2.90285 31.85
      vertex 11.4833 -3.48342 31.85
      vertex 11.0866 -4.5922 31.85
    endloop
  endfacet
  facet normal -0 0 -1
    outer loop
      vertex 11.9422 1.17621 31.85
      vertex 9.95185 0.980171 31.85
      vertex 11.7694 2.34108 31.85
    endloop
  endfacet
  facet normal 0 0 -1
    outer loop
      vertex 9.2388 -3.82683 31.85
      vertex 11.0866 -4.5922 31.85
      vertex 10.5831 -5.65676 31.85
    endloop
  endfacet
  facet normal 0 0 -1
    outer loop
      vertex 9.80785 1.9509 31.85
      vertex 11.7694 2.34108 31.85
      vertex 9.95185 0.980171 31.85
    endloop
  endfacet
  facet normal -0 0 -1
    outer loop
      vertex 11.7694 2.34108 31.85
      vertex 9.80785 1.9509 31.85
      vertex 11.4833 3.48342 31.85
    endloop
  endfacet
  facet normal 0 0 -1
    outer loop
      vertex 8.81921 -4.71397 31.85
      vertex 10.5831 -5.65676 31.85
      vertex 9.97763 -6.66684 31.85
    endloop
  endfacet
  facet normal 0 0 -1
    outer loop
      vertex 11.9422 -1.17621 31.85
      vertex 9.95185 -0.980171 31.85
      vertex 10 0 31.85
    endloop
  endfacet
  facet normal 0 0 -1
    outer loop
      vertex 11.7694 -2.34108 31.85
      vertex 9.80785 -1.9509 31.85
      vertex 9.95185 -0.980171 31.85
    endloop
  endfacet
  facet normal 0 0 -1
    outer loop
      vertex 11.4833 -3.48342 31.85
      vertex 9.5694 -2.90285 31.85
      vertex 9.80785 -1.9509 31.85
    endloop
  endfacet
  facet normal 0 0 -1
    outer loop
      vertex 8.3147 -5.5557 31.85
      vertex 9.97763 -6.66684 31.85
      vertex 9.27612 -7.61272 31.85
    endloop
  endfacet
  facet normal 0 0 -1
    outer loop
      vertex 11.0866 -4.5922 31.85
      vertex 9.2388 -3.82683 31.85
      vertex 9.5694 -2.90285 31.85
    endloop
  endfacet
  facet normal 0 0 -1
    outer loop
      vertex 10.5831 -5.65676 31.85
      vertex 8.81921 -4.71397 31.85
      vertex 9.2388 -3.82683 31.85
    endloop
  endfacet
  facet normal 0 0 -1
    outer loop
      vertex 7.7301 -6.34393 31.85
      vertex 9.27612 -7.61272 31.85
      vertex 8.48528 -8.48528 31.85
    endloop
  endfacet
  facet normal 0 0 -1
    outer loop
      vertex 9.97763 -6.66684 31.85
      vertex 8.3147 -5.5557 31.85
      vertex 8.81921 -4.71397 31.85
    endloop
  endfacet
  facet normal 0 0 -1
    outer loop
      vertex 9.27612 -7.61272 31.85
      vertex 7.7301 -6.34393 31.85
      vertex 8.3147 -5.5557 31.85
    endloop
  endfacet
  facet normal 0 0 -1
    outer loop
      vertex 7.07107 -7.07107 31.85
      vertex 8.48528 -8.48528 31.85
      vertex 7.61272 -9.27612 31.85
    endloop
  endfacet
  facet normal 0 0 -1
    outer loop
      vertex 8.48528 -8.48528 31.85
      vertex 7.07107 -7.07107 31.85
      vertex 7.7301 -6.34393 31.85
    endloop
  endfacet
  facet normal 0 0 -1
    outer loop
      vertex 6.34393 -7.7301 31.85
      vertex 7.61272 -9.27612 31.85
      vertex 6.66684 -9.97763 31.85
    endloop
  endfacet
  facet normal 0 0 -1
    outer loop
      vertex 7.61272 -9.27612 31.85
      vertex 6.34393 -7.7301 31.85
      vertex 7.07107 -7.07107 31.85
    endloop
  endfacet
  facet normal 0 0 -1
    outer loop
      vertex 5.5557 -8.3147 31.85
      vertex 6.66684 -9.97763 31.85
      vertex 5.65676 -10.5831 31.85
    endloop
  endfacet
  facet normal 0 0 -1
    outer loop
      vertex 6.66684 -9.97763 31.85
      vertex 5.5557 -8.3147 31.85
      vertex 6.34393 -7.7301 31.85
    endloop
  endfacet
  facet normal 0 0 -1
    outer loop
      vertex 5.65676 -10.5831 31.85
      vertex 4.71397 -8.81921 31.85
      vertex 5.5557 -8.3147 31.85
    endloop
  endfacet
  facet normal 0 0 -1
    outer loop
      vertex 4.5922 -11.0866 31.85
      vertex 4.71397 -8.81921 31.85
      vertex 5.65676 -10.5831 31.85
    endloop
  endfacet
  facet normal 0 0 -1
    outer loop
      vertex 4.5922 -11.0866 31.85
      vertex 3.82683 -9.2388 31.85
      vertex 4.71397 -8.81921 31.85
    endloop
  endfacet
  facet normal 0 0 -1
    outer loop
      vertex 3.48342 -11.4833 31.85
      vertex 3.82683 -9.2388 31.85
      vertex 4.5922 -11.0866 31.85
    endloop
  endfacet
  facet normal 0 0 -1
    outer loop
      vertex 3.48342 -11.4833 31.85
      vertex 2.90285 -9.5694 31.85
      vertex 3.82683 -9.2388 31.85
    endloop
  endfacet
  facet normal 0 0 -1
    outer loop
      vertex 2.34108 -11.7694 31.85
      vertex 2.90285 -9.5694 31.85
      vertex 3.48342 -11.4833 31.85
    endloop
  endfacet
  facet normal 0 0 -1
    outer loop
      vertex 2.34108 -11.7694 31.85
      vertex 1.9509 -9.80785 31.85
      vertex 2.90285 -9.5694 31.85
    endloop
  endfacet
  facet normal 0 0 -1
    outer loop
      vertex 1.17621 -11.9422 31.85
      vertex 1.9509 -9.80785 31.85
      vertex 2.34108 -11.7694 31.85
    endloop
  endfacet
  facet normal 0 0 -1
    outer loop
      vertex 1.17621 -11.9422 31.85
      vertex 0.980171 -9.95185 31.85
      vertex 1.9509 -9.80785 31.85
    endloop
  endfacet
  facet normal 0 0 -1
    outer loop
      vertex 0 -12 31.85
      vertex 0.980171 -9.95185 31.85
      vertex 1.17621 -11.9422 31.85
    endloop
  endfacet
  facet normal 0 0 -1
    outer loop
      vertex 0 -12 31.85
      vertex 0 -10 31.85
      vertex 0.980171 -9.95185 31.85
    endloop
  endfacet
  facet normal 0 0 -1
    outer loop
      vertex 0 -12 31.85
      vertex -0.980171 -9.95185 31.85
      vertex 0 -10 31.85
    endloop
  endfacet
  facet normal 0 0 -1
    outer loop
      vertex -1.17621 -11.9422 31.85
      vertex -0.980171 -9.95185 31.85
      vertex 0 -12 31.85
    endloop
  endfacet
  facet normal 0 0 -1
    outer loop
      vertex -1.17621 -11.9422 31.85
      vertex -1.9509 -9.80785 31.85
      vertex -0.980171 -9.95185 31.85
    endloop
  endfacet
  facet normal 0 0 -1
    outer loop
      vertex -2.34108 -11.7694 31.85
      vertex -1.9509 -9.80785 31.85
      vertex -1.17621 -11.9422 31.85
    endloop
  endfacet
  facet normal 0 0 -1
    outer loop
      vertex -2.34108 -11.7694 31.85
      vertex -2.90285 -9.5694 31.85
      vertex -1.9509 -9.80785 31.85
    endloop
  endfacet
  facet normal 0 0 -1
    outer loop
      vertex -3.48342 -11.4833 31.85
      vertex -2.90285 -9.5694 31.85
      vertex -2.34108 -11.7694 31.85
    endloop
  endfacet
  facet normal 0 0 -1
    outer loop
      vertex -3.48342 -11.4833 31.85
      vertex -3.82683 -9.2388 31.85
      vertex -2.90285 -9.5694 31.85
    endloop
  endfacet
  facet normal 0 0 -1
    outer loop
      vertex -4.5922 -11.0866 31.85
      vertex -3.82683 -9.2388 31.85
      vertex -3.48342 -11.4833 31.85
    endloop
  endfacet
  facet normal 0 0 -1
    outer loop
      vertex -4.5922 -11.0866 31.85
      vertex -4.71397 -8.81921 31.85
      vertex -3.82683 -9.2388 31.85
    endloop
  endfacet
  facet normal 0 0 -1
    outer loop
      vertex -5.65676 -10.5831 31.85
      vertex -4.71397 -8.81921 31.85
      vertex -4.5922 -11.0866 31.85
    endloop
  endfacet
  facet normal -0 0 -1
    outer loop
      vertex -4.71397 -8.81921 31.85
      vertex -5.65676 -10.5831 31.85
      vertex -5.5557 -8.3147 31.85
    endloop
  endfacet
  facet normal 0 0 -1
    outer loop
      vertex -6.66684 -9.97763 31.85
      vertex -5.5557 -8.3147 31.85
      vertex -5.65676 -10.5831 31.85
    endloop
  endfacet
  facet normal -0 0 -1
    outer loop
      vertex -5.5557 -8.3147 31.85
      vertex -6.66684 -9.97763 31.85
      vertex -6.34393 -7.7301 31.85
    endloop
  endfacet
  facet normal 0 0 -1
    outer loop
      vertex -7.61272 -9.27612 31.85
      vertex -6.34393 -7.7301 31.85
      vertex -6.66684 -9.97763 31.85
    endloop
  endfacet
  facet normal -0 0 -1
    outer loop
      vertex -6.34393 -7.7301 31.85
      vertex -7.61272 -9.27612 31.85
      vertex -7.07107 -7.07107 31.85
    endloop
  endfacet
  facet normal 0 0 -1
    outer loop
      vertex -8.48528 -8.48528 31.85
      vertex -7.07107 -7.07107 31.85
      vertex -7.61272 -9.27612 31.85
    endloop
  endfacet
  facet normal -0 0 -1
    outer loop
      vertex -7.07107 -7.07107 31.85
      vertex -8.48528 -8.48528 31.85
      vertex -7.7301 -6.34393 31.85
    endloop
  endfacet
  facet normal 0 0 -1
    outer loop
      vertex -9.27612 -7.61272 31.85
      vertex -7.7301 -6.34393 31.85
      vertex -8.48528 -8.48528 31.85
    endloop
  endfacet
  facet normal -0 0 -1
    outer loop
      vertex -7.7301 -6.34393 31.85
      vertex -9.27612 -7.61272 31.85
      vertex -8.3147 -5.5557 31.85
    endloop
  endfacet
  facet normal 0 0 -1
    outer loop
      vertex -9.97763 -6.66684 31.85
      vertex -8.3147 -5.5557 31.85
      vertex -9.27612 -7.61272 31.85
    endloop
  endfacet
  facet normal -0 0 -1
    outer loop
      vertex -8.3147 -5.5557 31.85
      vertex -9.97763 -6.66684 31.85
      vertex -8.81921 -4.71397 31.85
    endloop
  endfacet
  facet normal 0 0 -1
    outer loop
      vertex -10.5831 -5.65676 31.85
      vertex -8.81921 -4.71397 31.85
      vertex -9.97763 -6.66684 31.85
    endloop
  endfacet
  facet normal -0 0 -1
    outer loop
      vertex -8.81921 -4.71397 31.85
      vertex -10.5831 -5.65676 31.85
      vertex -9.2388 -3.82683 31.85
    endloop
  endfacet
  facet normal 0 0 -1
    outer loop
      vertex -11.0866 -4.5922 31.85
      vertex -9.2388 -3.82683 31.85
      vertex -10.5831 -5.65676 31.85
    endloop
  endfacet
  facet normal -0 0 -1
    outer loop
      vertex -9.2388 -3.82683 31.85
      vertex -11.0866 -4.5922 31.85
      vertex -9.5694 -2.90285 31.85
    endloop
  endfacet
  facet normal 0 0 -1
    outer loop
      vertex -11.4833 -3.48342 31.85
      vertex -9.5694 -2.90285 31.85
      vertex -11.0866 -4.5922 31.85
    endloop
  endfacet
  facet normal -0 0 -1
    outer loop
      vertex -9.5694 -2.90285 31.85
      vertex -11.4833 -3.48342 31.85
      vertex -9.80785 -1.9509 31.85
    endloop
  endfacet
  facet normal 0 0 -1
    outer loop
      vertex 9.5694 2.90285 31.85
      vertex 11.4833 3.48342 31.85
      vertex 9.80785 1.9509 31.85
    endloop
  endfacet
  facet normal -0 0 -1
    outer loop
      vertex 11.4833 3.48342 31.85
      vertex 9.5694 2.90285 31.85
      vertex 11.0866 4.5922 31.85
    endloop
  endfacet
  facet normal 0 0 -1
    outer loop
      vertex 9.2388 3.82683 31.85
      vertex 11.0866 4.5922 31.85
      vertex 9.5694 2.90285 31.85
    endloop
  endfacet
  facet normal -0 0 -1
    outer loop
      vertex 11.0866 4.5922 31.85
      vertex 9.2388 3.82683 31.85
      vertex 10.5831 5.65676 31.85
    endloop
  endfacet
  facet normal 0 0 -1
    outer loop
      vertex 8.81921 4.71397 31.85
      vertex 10.5831 5.65676 31.85
      vertex 9.2388 3.82683 31.85
    endloop
  endfacet
  facet normal -0 0 -1
    outer loop
      vertex 10.5831 5.65676 31.85
      vertex 8.81921 4.71397 31.85
      vertex 9.97763 6.66684 31.85
    endloop
  endfacet
  facet normal 0 0 -1
    outer loop
      vertex 8.3147 5.5557 31.85
      vertex 9.97763 6.66684 31.85
      vertex 8.81921 4.71397 31.85
    endloop
  endfacet
  facet normal -0 0 -1
    outer loop
      vertex 9.97763 6.66684 31.85
      vertex 8.3147 5.5557 31.85
      vertex 9.27612 7.61272 31.85
    endloop
  endfacet
  facet normal 0 0 -1
    outer loop
      vertex 7.7301 6.34393 31.85
      vertex 9.27612 7.61272 31.85
      vertex 8.3147 5.5557 31.85
    endloop
  endfacet
  facet normal -0 0 -1
    outer loop
      vertex 9.27612 7.61272 31.85
      vertex 7.7301 6.34393 31.85
      vertex 8.48528 8.48528 31.85
    endloop
  endfacet
  facet normal 0 0 -1
    outer loop
      vertex 7.07107 7.07107 31.85
      vertex 8.48528 8.48528 31.85
      vertex 7.7301 6.34393 31.85
    endloop
  endfacet
  facet normal -0 0 -1
    outer loop
      vertex 8.48528 8.48528 31.85
      vertex 7.07107 7.07107 31.85
      vertex 7.61272 9.27612 31.85
    endloop
  endfacet
  facet normal 0 0 -1
    outer loop
      vertex 6.34393 7.7301 31.85
      vertex 7.61272 9.27612 31.85
      vertex 7.07107 7.07107 31.85
    endloop
  endfacet
  facet normal -0 0 -1
    outer loop
      vertex 7.61272 9.27612 31.85
      vertex 6.34393 7.7301 31.85
      vertex 6.66684 9.97763 31.85
    endloop
  endfacet
  facet normal 0 0 -1
    outer loop
      vertex 5.5557 8.3147 31.85
      vertex 6.66684 9.97763 31.85
      vertex 6.34393 7.7301 31.85
    endloop
  endfacet
  facet normal -0 0 -1
    outer loop
      vertex 6.66684 9.97763 31.85
      vertex 5.5557 8.3147 31.85
      vertex 5.65676 10.5831 31.85
    endloop
  endfacet
  facet normal 0 0 -1
    outer loop
      vertex 4.71397 8.81921 31.85
      vertex 5.65676 10.5831 31.85
      vertex 5.5557 8.3147 31.85
    endloop
  endfacet
  facet normal 0 0 -1
    outer loop
      vertex 4.71397 8.81921 31.85
      vertex 4.5922 11.0866 31.85
      vertex 5.65676 10.5831 31.85
    endloop
  endfacet
  facet normal 0 0 -1
    outer loop
      vertex 3.82683 9.2388 31.85
      vertex 4.5922 11.0866 31.85
      vertex 4.71397 8.81921 31.85
    endloop
  endfacet
  facet normal 0 0 -1
    outer loop
      vertex 3.82683 9.2388 31.85
      vertex 3.48342 11.4833 31.85
      vertex 4.5922 11.0866 31.85
    endloop
  endfacet
  facet normal 0 0 -1
    outer loop
      vertex 2.90285 9.5694 31.85
      vertex 3.48342 11.4833 31.85
      vertex 3.82683 9.2388 31.85
    endloop
  endfacet
  facet normal 0 0 -1
    outer loop
      vertex 2.90285 9.5694 31.85
      vertex 2.34108 11.7694 31.85
      vertex 3.48342 11.4833 31.85
    endloop
  endfacet
  facet normal 0 0 -1
    outer loop
      vertex 1.9509 9.80785 31.85
      vertex 2.34108 11.7694 31.85
      vertex 2.90285 9.5694 31.85
    endloop
  endfacet
  facet normal 0 0 -1
    outer loop
      vertex 1.9509 9.80785 31.85
      vertex 1.17621 11.9422 31.85
      vertex 2.34108 11.7694 31.85
    endloop
  endfacet
  facet normal 0 0 -1
    outer loop
      vertex 0.980171 9.95185 31.85
      vertex 1.17621 11.9422 31.85
      vertex 1.9509 9.80785 31.85
    endloop
  endfacet
  facet normal 0 0 -1
    outer loop
      vertex 0 10 31.85
      vertex 1.17621 11.9422 31.85
      vertex 0.980171 9.95185 31.85
    endloop
  endfacet
  facet normal 0 0 -1
    outer loop
      vertex 0 10 31.85
      vertex 0 12 31.85
      vertex 1.17621 11.9422 31.85
    endloop
  endfacet
  facet normal 0 0 -1
    outer loop
      vertex -0.980171 9.95185 31.85
      vertex 0 12 31.85
      vertex 0 10 31.85
    endloop
  endfacet
  facet normal 0 0 -1
    outer loop
      vertex -0.980171 9.95185 31.85
      vertex -1.17621 11.9422 31.85
      vertex 0 12 31.85
    endloop
  endfacet
  facet normal 0 0 -1
    outer loop
      vertex -1.9509 9.80785 31.85
      vertex -1.17621 11.9422 31.85
      vertex -0.980171 9.95185 31.85
    endloop
  endfacet
  facet normal 0 0 -1
    outer loop
      vertex -1.9509 9.80785 31.85
      vertex -2.34108 11.7694 31.85
      vertex -1.17621 11.9422 31.85
    endloop
  endfacet
  facet normal 0 0 -1
    outer loop
      vertex -2.90285 9.5694 31.85
      vertex -2.34108 11.7694 31.85
      vertex -1.9509 9.80785 31.85
    endloop
  endfacet
  facet normal 0 0 -1
    outer loop
      vertex -2.90285 9.5694 31.85
      vertex -3.48342 11.4833 31.85
      vertex -2.34108 11.7694 31.85
    endloop
  endfacet
  facet normal 0 0 -1
    outer loop
      vertex -3.82683 9.2388 31.85
      vertex -3.48342 11.4833 31.85
      vertex -2.90285 9.5694 31.85
    endloop
  endfacet
  facet normal 0 0 -1
    outer loop
      vertex -3.82683 9.2388 31.85
      vertex -4.5922 11.0866 31.85
      vertex -3.48342 11.4833 31.85
    endloop
  endfacet
  facet normal 0 0 -1
    outer loop
      vertex -4.71397 8.81921 31.85
      vertex -4.5922 11.0866 31.85
      vertex -3.82683 9.2388 31.85
    endloop
  endfacet
  facet normal 0 0 -1
    outer loop
      vertex -5.65676 10.5831 31.85
      vertex -4.71397 8.81921 31.85
      vertex -5.5557 8.3147 31.85
    endloop
  endfacet
  facet normal 0 0 -1
    outer loop
      vertex -4.71397 8.81921 31.85
      vertex -5.65676 10.5831 31.85
      vertex -4.5922 11.0866 31.85
    endloop
  endfacet
  facet normal 0 0 -1
    outer loop
      vertex -6.66684 9.97763 31.85
      vertex -5.5557 8.3147 31.85
      vertex -6.34393 7.7301 31.85
    endloop
  endfacet
  facet normal 0 0 -1
    outer loop
      vertex -5.5557 8.3147 31.85
      vertex -6.66684 9.97763 31.85
      vertex -5.65676 10.5831 31.85
    endloop
  endfacet
  facet normal 0 0 -1
    outer loop
      vertex -7.61272 9.27612 31.85
      vertex -6.34393 7.7301 31.85
      vertex -7.07107 7.07107 31.85
    endloop
  endfacet
  facet normal 0 0 -1
    outer loop
      vertex -6.34393 7.7301 31.85
      vertex -7.61272 9.27612 31.85
      vertex -6.66684 9.97763 31.85
    endloop
  endfacet
  facet normal 0 0 -1
    outer loop
      vertex -8.48528 8.48528 31.85
      vertex -7.07107 7.07107 31.85
      vertex -7.7301 6.34393 31.85
    endloop
  endfacet
  facet normal 0 0 -1
    outer loop
      vertex -9.27612 7.61272 31.85
      vertex -7.7301 6.34393 31.85
      vertex -8.3147 5.5557 31.85
    endloop
  endfacet
  facet normal 0 0 -1
    outer loop
      vertex -7.07107 7.07107 31.85
      vertex -8.48528 8.48528 31.85
      vertex -7.61272 9.27612 31.85
    endloop
  endfacet
  facet normal 0 0 -1
    outer loop
      vertex -9.97763 6.66684 31.85
      vertex -8.3147 5.5557 31.85
      vertex -8.81921 4.71397 31.85
    endloop
  endfacet
  facet normal 0 0 -1
    outer loop
      vertex -10.5831 5.65676 31.85
      vertex -8.81921 4.71397 31.85
      vertex -9.2388 3.82683 31.85
    endloop
  endfacet
  facet normal 0 0 -1
    outer loop
      vertex -7.7301 6.34393 31.85
      vertex -9.27612 7.61272 31.85
      vertex -8.48528 8.48528 31.85
    endloop
  endfacet
  facet normal 0 0 -1
    outer loop
      vertex -11.0866 4.5922 31.85
      vertex -9.2388 3.82683 31.85
      vertex -9.5694 2.90285 31.85
    endloop
  endfacet
  facet normal 0 0 -1
    outer loop
      vertex -11.4833 3.48342 31.85
      vertex -9.5694 2.90285 31.85
      vertex -9.80785 1.9509 31.85
    endloop
  endfacet
  facet normal 0 0 -1
    outer loop
      vertex -11.7694 2.34108 31.85
      vertex -9.80785 1.9509 31.85
      vertex -9.95185 0.980171 31.85
    endloop
  endfacet
  facet normal 0 0 -1
    outer loop
      vertex -8.3147 5.5557 31.85
      vertex -9.97763 6.66684 31.85
      vertex -9.27612 7.61272 31.85
    endloop
  endfacet
  facet normal 0 0 -1
    outer loop
      vertex -11.9422 1.17621 31.85
      vertex -9.95185 0.980171 31.85
      vertex -10 0 31.85
    endloop
  endfacet
  facet normal 0 0 -1
    outer loop
      vertex -11.7694 -2.34108 31.85
      vertex -9.80785 -1.9509 31.85
      vertex -11.4833 -3.48342 31.85
    endloop
  endfacet
  facet normal 0 0 -1
    outer loop
      vertex -8.81921 4.71397 31.85
      vertex -10.5831 5.65676 31.85
      vertex -9.97763 6.66684 31.85
    endloop
  endfacet
  facet normal -0 0 -1
    outer loop
      vertex -9.80785 -1.9509 31.85
      vertex -11.7694 -2.34108 31.85
      vertex -9.95185 -0.980171 31.85
    endloop
  endfacet
  facet normal 0 0 -1
    outer loop
      vertex -9.2388 3.82683 31.85
      vertex -11.0866 4.5922 31.85
      vertex -10.5831 5.65676 31.85
    endloop
  endfacet
  facet normal 0 0 -1
    outer loop
      vertex -11.9422 -1.17621 31.85
      vertex -9.95185 -0.980171 31.85
      vertex -11.7694 -2.34108 31.85
    endloop
  endfacet
  facet normal 0 0 -1
    outer loop
      vertex -9.5694 2.90285 31.85
      vertex -11.4833 3.48342 31.85
      vertex -11.0866 4.5922 31.85
    endloop
  endfacet
  facet normal -0 0 -1
    outer loop
      vertex -9.95185 -0.980171 31.85
      vertex -11.9422 -1.17621 31.85
      vertex -10 0 31.85
    endloop
  endfacet
  facet normal 0 0 -1
    outer loop
      vertex -9.80785 1.9509 31.85
      vertex -11.7694 2.34108 31.85
      vertex -11.4833 3.48342 31.85
    endloop
  endfacet
  facet normal 0 0 -1
    outer loop
      vertex -12 0 31.85
      vertex -10 0 31.85
      vertex -11.9422 -1.17621 31.85
    endloop
  endfacet
  facet normal 0 0 -1
    outer loop
      vertex -9.95185 0.980171 31.85
      vertex -11.9422 1.17621 31.85
      vertex -11.7694 2.34108 31.85
    endloop
  endfacet
  facet normal 0 0 -1
    outer loop
      vertex -10 0 31.85
      vertex -12 0 31.85
      vertex -11.9422 1.17621 31.85
    endloop
  endfacet
  facet normal -0.671553 -0.740957 0
    outer loop
      vertex -7.07107 -7.07107 28.15
      vertex -6.34393 -7.7301 31.85
      vertex -7.07107 -7.07107 31.85
    endloop
  endfacet
  facet normal -0.671553 -0.740957 -0
    outer loop
      vertex -6.34393 -7.7301 31.85
      vertex -7.07107 -7.07107 28.15
      vertex -6.34393 -7.7301 28.15
    endloop
  endfacet
  facet normal -0.941546 0.336885 0
    outer loop
      vertex -9.5694 2.90285 28.15
      vertex -9.2388 3.82683 31.85
      vertex -9.2388 3.82683 28.15
    endloop
  endfacet
  facet normal -0.941546 0.336885 0
    outer loop
      vertex -9.2388 3.82683 31.85
      vertex -9.5694 2.90285 28.15
      vertex -9.5694 2.90285 31.85
    endloop
  endfacet
  facet normal 0.989176 0.146736 0
    outer loop
      vertex 9.95185 0.980171 31.85
      vertex 9.80785 1.9509 28.15
      vertex 9.80785 1.9509 31.85
    endloop
  endfacet
  facet normal 0.989176 0.146736 0
    outer loop
      vertex 9.80785 1.9509 28.15
      vertex 9.95185 0.980171 31.85
      vertex 9.95185 0.980171 28.15
    endloop
  endfacet
  facet normal 0.998796 0.0490649 0
    outer loop
      vertex 10 0 31.85
      vertex 9.95185 0.980171 28.15
      vertex 9.95185 0.980171 31.85
    endloop
  endfacet
  facet normal 0.998796 0.0490649 0
    outer loop
      vertex 9.95185 0.980171 28.15
      vertex 10 0 31.85
      vertex 10 0 28.15
    endloop
  endfacet
  facet normal -0.5141 -0.85773 0
    outer loop
      vertex -5.5557 -8.3147 28.15
      vertex -4.71397 -8.81921 31.85
      vertex -5.5557 -8.3147 31.85
    endloop
  endfacet
  facet normal -0.5141 -0.85773 -0
    outer loop
      vertex -4.71397 -8.81921 31.85
      vertex -5.5557 -8.3147 28.15
      vertex -4.71397 -8.81921 28.15
    endloop
  endfacet
  facet normal 0.671553 0.740957 -0
    outer loop
      vertex 7.07107 7.07107 28.15
      vertex 6.34393 7.7301 31.85
      vertex 7.07107 7.07107 31.85
    endloop
  endfacet
  facet normal 0.671553 0.740957 0
    outer loop
      vertex 6.34393 7.7301 31.85
      vertex 7.07107 7.07107 28.15
      vertex 6.34393 7.7301 28.15
    endloop
  endfacet
  facet normal -0.146736 -0.989176 0
    outer loop
      vertex -1.9509 -9.80785 28.15
      vertex -0.980171 -9.95185 31.85
      vertex -1.9509 -9.80785 31.85
    endloop
  endfacet
  facet normal -0.146736 -0.989176 -0
    outer loop
      vertex -0.980171 -9.95185 31.85
      vertex -1.9509 -9.80785 28.15
      vertex -0.980171 -9.95185 28.15
    endloop
  endfacet
  facet normal 0.740957 0.671553 0
    outer loop
      vertex 7.7301 6.34393 31.85
      vertex 7.07107 7.07107 28.15
      vertex 7.07107 7.07107 31.85
    endloop
  endfacet
  facet normal 0.740957 0.671553 0
    outer loop
      vertex 7.07107 7.07107 28.15
      vertex 7.7301 6.34393 31.85
      vertex 7.7301 6.34393 28.15
    endloop
  endfacet
  facet normal 0.427558 0.903988 -0
    outer loop
      vertex 4.71397 8.81921 28.15
      vertex 3.82683 9.2388 31.85
      vertex 4.71397 8.81921 31.85
    endloop
  endfacet
  facet normal 0.427558 0.903988 0
    outer loop
      vertex 3.82683 9.2388 31.85
      vertex 4.71397 8.81921 28.15
      vertex 3.82683 9.2388 28.15
    endloop
  endfacet
  facet normal 0.0490649 -0.998796 0
    outer loop
      vertex 0 -10 28.15
      vertex 0.980171 -9.95185 31.85
      vertex 0 -10 31.85
    endloop
  endfacet
  facet normal 0.0490649 -0.998796 0
    outer loop
      vertex 0.980171 -9.95185 31.85
      vertex 0 -10 28.15
      vertex 0.980171 -9.95185 28.15
    endloop
  endfacet
  facet normal -0.740957 0.671553 0
    outer loop
      vertex -7.7301 6.34393 28.15
      vertex -7.07107 7.07107 31.85
      vertex -7.07107 7.07107 28.15
    endloop
  endfacet
  facet normal -0.740957 0.671553 0
    outer loop
      vertex -7.07107 7.07107 31.85
      vertex -7.7301 6.34393 28.15
      vertex -7.7301 6.34393 31.85
    endloop
  endfacet
  facet normal 0.989176 -0.146736 0
    outer loop
      vertex 9.80785 -1.9509 31.85
      vertex 9.95185 -0.980171 28.15
      vertex 9.95185 -0.980171 31.85
    endloop
  endfacet
  facet normal 0.989176 -0.146736 0
    outer loop
      vertex 9.95185 -0.980171 28.15
      vertex 9.80785 -1.9509 31.85
      vertex 9.80785 -1.9509 28.15
    endloop
  endfacet
  facet normal 0.903988 0.427558 0
    outer loop
      vertex 9.2388 3.82683 31.85
      vertex 8.81921 4.71397 28.15
      vertex 8.81921 4.71397 31.85
    endloop
  endfacet
  facet normal 0.903988 0.427558 0
    outer loop
      vertex 8.81921 4.71397 28.15
      vertex 9.2388 3.82683 31.85
      vertex 9.2388 3.82683 28.15
    endloop
  endfacet
  facet normal -0.242979 0.970032 0
    outer loop
      vertex -1.9509 9.80785 28.15
      vertex -2.90285 9.5694 31.85
      vertex -1.9509 9.80785 31.85
    endloop
  endfacet
  facet normal -0.242979 0.970032 0
    outer loop
      vertex -2.90285 9.5694 31.85
      vertex -1.9509 9.80785 28.15
      vertex -2.90285 9.5694 28.15
    endloop
  endfacet
  facet normal -0.803203 0.595705 0
    outer loop
      vertex -8.3147 5.5557 28.15
      vertex -7.7301 6.34393 31.85
      vertex -7.7301 6.34393 28.15
    endloop
  endfacet
  facet normal -0.803203 0.595705 0
    outer loop
      vertex -7.7301 6.34393 31.85
      vertex -8.3147 5.5557 28.15
      vertex -8.3147 5.5557 31.85
    endloop
  endfacet
  facet normal 0.242979 0.970032 -0
    outer loop
      vertex 2.90285 9.5694 28.15
      vertex 1.9509 9.80785 31.85
      vertex 2.90285 9.5694 31.85
    endloop
  endfacet
  facet normal 0.242979 0.970032 0
    outer loop
      vertex 1.9509 9.80785 31.85
      vertex 2.90285 9.5694 28.15
      vertex 1.9509 9.80785 28.15
    endloop
  endfacet
  facet normal 0.336885 0.941546 -0
    outer loop
      vertex 3.82683 9.2388 28.15
      vertex 2.90285 9.5694 31.85
      vertex 3.82683 9.2388 31.85
    endloop
  endfacet
  facet normal 0.336885 0.941546 0
    outer loop
      vertex 2.90285 9.5694 31.85
      vertex 3.82683 9.2388 28.15
      vertex 2.90285 9.5694 28.15
    endloop
  endfacet
  facet normal 0.941546 0.336885 0
    outer loop
      vertex 9.5694 2.90285 31.85
      vertex 9.2388 3.82683 28.15
      vertex 9.2388 3.82683 31.85
    endloop
  endfacet
  facet normal 0.941546 0.336885 0
    outer loop
      vertex 9.2388 3.82683 28.15
      vertex 9.5694 2.90285 31.85
      vertex 9.5694 2.90285 28.15
    endloop
  endfacet
  facet normal 0.595705 0.803203 -0
    outer loop
      vertex 6.34393 7.7301 28.15
      vertex 5.5557 8.3147 31.85
      vertex 6.34393 7.7301 31.85
    endloop
  endfacet
  facet normal 0.595705 0.803203 0
    outer loop
      vertex 5.5557 8.3147 31.85
      vertex 6.34393 7.7301 28.15
      vertex 5.5557 8.3147 28.15
    endloop
  endfacet
  facet normal -0.85773 -0.5141 0
    outer loop
      vertex -8.3147 -5.5557 28.15
      vertex -8.81921 -4.71397 31.85
      vertex -8.81921 -4.71397 28.15
    endloop
  endfacet
  facet normal -0.85773 -0.5141 0
    outer loop
      vertex -8.81921 -4.71397 31.85
      vertex -8.3147 -5.5557 28.15
      vertex -8.3147 -5.5557 31.85
    endloop
  endfacet
  facet normal 0.5141 0.85773 -0
    outer loop
      vertex 5.5557 8.3147 28.15
      vertex 4.71397 8.81921 31.85
      vertex 5.5557 8.3147 31.85
    endloop
  endfacet
  facet normal 0.5141 0.85773 0
    outer loop
      vertex 4.71397 8.81921 31.85
      vertex 5.5557 8.3147 28.15
      vertex 4.71397 8.81921 28.15
    endloop
  endfacet
  facet normal 0.941546 -0.336885 0
    outer loop
      vertex 9.2388 -3.82683 31.85
      vertex 9.5694 -2.90285 28.15
      vertex 9.5694 -2.90285 31.85
    endloop
  endfacet
  facet normal 0.941546 -0.336885 0
    outer loop
      vertex 9.5694 -2.90285 28.15
      vertex 9.2388 -3.82683 31.85
      vertex 9.2388 -3.82683 28.15
    endloop
  endfacet
  facet normal -0.85773 0.5141 0
    outer loop
      vertex -8.81921 4.71397 28.15
      vertex -8.3147 5.5557 31.85
      vertex -8.3147 5.5557 28.15
    endloop
  endfacet
  facet normal -0.85773 0.5141 0
    outer loop
      vertex -8.3147 5.5557 31.85
      vertex -8.81921 4.71397 28.15
      vertex -8.81921 4.71397 31.85
    endloop
  endfacet
  facet normal -0.970032 -0.242979 0
    outer loop
      vertex -9.5694 -2.90285 28.15
      vertex -9.80785 -1.9509 31.85
      vertex -9.80785 -1.9509 28.15
    endloop
  endfacet
  facet normal -0.970032 -0.242979 0
    outer loop
      vertex -9.80785 -1.9509 31.85
      vertex -9.5694 -2.90285 28.15
      vertex -9.5694 -2.90285 31.85
    endloop
  endfacet
  facet normal 0.0490649 0.998796 -0
    outer loop
      vertex 0.980171 9.95185 28.15
      vertex 0 10 31.85
      vertex 0.980171 9.95185 31.85
    endloop
  endfacet
  facet normal 0.0490649 0.998796 0
    outer loop
      vertex 0 10 31.85
      vertex 0.980171 9.95185 28.15
      vertex 0 10 28.15
    endloop
  endfacet
  facet normal 0.85773 0.5141 0
    outer loop
      vertex 8.81921 4.71397 31.85
      vertex 8.3147 5.5557 28.15
      vertex 8.3147 5.5557 31.85
    endloop
  endfacet
  facet normal 0.85773 0.5141 0
    outer loop
      vertex 8.3147 5.5557 28.15
      vertex 8.81921 4.71397 31.85
      vertex 8.81921 4.71397 28.15
    endloop
  endfacet
  facet normal -0.941546 -0.336885 0
    outer loop
      vertex -9.2388 -3.82683 28.15
      vertex -9.5694 -2.90285 31.85
      vertex -9.5694 -2.90285 28.15
    endloop
  endfacet
  facet normal -0.941546 -0.336885 0
    outer loop
      vertex -9.5694 -2.90285 31.85
      vertex -9.2388 -3.82683 28.15
      vertex -9.2388 -3.82683 31.85
    endloop
  endfacet
  facet normal -0.671553 0.740957 0
    outer loop
      vertex -6.34393 7.7301 28.15
      vertex -7.07107 7.07107 31.85
      vertex -6.34393 7.7301 31.85
    endloop
  endfacet
  facet normal -0.671553 0.740957 0
    outer loop
      vertex -7.07107 7.07107 31.85
      vertex -6.34393 7.7301 28.15
      vertex -7.07107 7.07107 28.15
    endloop
  endfacet
  facet normal 0.970032 -0.242979 0
    outer loop
      vertex 9.5694 -2.90285 31.85
      vertex 9.80785 -1.9509 28.15
      vertex 9.80785 -1.9509 31.85
    endloop
  endfacet
  facet normal 0.970032 -0.242979 0
    outer loop
      vertex 9.80785 -1.9509 28.15
      vertex 9.5694 -2.90285 31.85
      vertex 9.5694 -2.90285 28.15
    endloop
  endfacet
  facet normal -0.5141 0.85773 0
    outer loop
      vertex -4.71397 8.81921 28.15
      vertex -5.5557 8.3147 31.85
      vertex -4.71397 8.81921 31.85
    endloop
  endfacet
  facet normal -0.5141 0.85773 0
    outer loop
      vertex -5.5557 8.3147 31.85
      vertex -4.71397 8.81921 28.15
      vertex -5.5557 8.3147 28.15
    endloop
  endfacet
  facet normal -0.998796 -0.0490649 0
    outer loop
      vertex -9.95185 -0.980171 28.15
      vertex -10 0 31.85
      vertex -10 0 28.15
    endloop
  endfacet
  facet normal -0.998796 -0.0490649 0
    outer loop
      vertex -10 0 31.85
      vertex -9.95185 -0.980171 28.15
      vertex -9.95185 -0.980171 31.85
    endloop
  endfacet
  facet normal -0.970032 0.242979 0
    outer loop
      vertex -9.80785 1.9509 28.15
      vertex -9.5694 2.90285 31.85
      vertex -9.5694 2.90285 28.15
    endloop
  endfacet
  facet normal -0.970032 0.242979 0
    outer loop
      vertex -9.5694 2.90285 31.85
      vertex -9.80785 1.9509 28.15
      vertex -9.80785 1.9509 31.85
    endloop
  endfacet
  facet normal 0.427558 -0.903988 0
    outer loop
      vertex 3.82683 -9.2388 28.15
      vertex 4.71397 -8.81921 31.85
      vertex 3.82683 -9.2388 31.85
    endloop
  endfacet
  facet normal 0.427558 -0.903988 0
    outer loop
      vertex 4.71397 -8.81921 31.85
      vertex 3.82683 -9.2388 28.15
      vertex 4.71397 -8.81921 28.15
    endloop
  endfacet
  facet normal -0.336885 -0.941546 0
    outer loop
      vertex -3.82683 -9.2388 28.15
      vertex -2.90285 -9.5694 31.85
      vertex -3.82683 -9.2388 31.85
    endloop
  endfacet
  facet normal -0.336885 -0.941546 -0
    outer loop
      vertex -2.90285 -9.5694 31.85
      vertex -3.82683 -9.2388 28.15
      vertex -2.90285 -9.5694 28.15
    endloop
  endfacet
  facet normal -0.336885 0.941546 0
    outer loop
      vertex -2.90285 9.5694 28.15
      vertex -3.82683 9.2388 31.85
      vertex -2.90285 9.5694 31.85
    endloop
  endfacet
  facet normal -0.336885 0.941546 0
    outer loop
      vertex -3.82683 9.2388 31.85
      vertex -2.90285 9.5694 28.15
      vertex -3.82683 9.2388 28.15
    endloop
  endfacet
  facet normal 0.5141 -0.85773 0
    outer loop
      vertex 4.71397 -8.81921 28.15
      vertex 5.5557 -8.3147 31.85
      vertex 4.71397 -8.81921 31.85
    endloop
  endfacet
  facet normal 0.5141 -0.85773 0
    outer loop
      vertex 5.5557 -8.3147 31.85
      vertex 4.71397 -8.81921 28.15
      vertex 5.5557 -8.3147 28.15
    endloop
  endfacet
  facet normal 0.146736 -0.989176 0
    outer loop
      vertex 0.980171 -9.95185 28.15
      vertex 1.9509 -9.80785 31.85
      vertex 0.980171 -9.95185 31.85
    endloop
  endfacet
  facet normal 0.146736 -0.989176 0
    outer loop
      vertex 1.9509 -9.80785 31.85
      vertex 0.980171 -9.95185 28.15
      vertex 1.9509 -9.80785 28.15
    endloop
  endfacet
  facet normal 0.740957 -0.671553 0
    outer loop
      vertex 7.07107 -7.07107 31.85
      vertex 7.7301 -6.34393 28.15
      vertex 7.7301 -6.34393 31.85
    endloop
  endfacet
  facet normal 0.740957 -0.671553 0
    outer loop
      vertex 7.7301 -6.34393 28.15
      vertex 7.07107 -7.07107 31.85
      vertex 7.07107 -7.07107 28.15
    endloop
  endfacet
  facet normal 0.803203 -0.595705 0
    outer loop
      vertex 7.7301 -6.34393 31.85
      vertex 8.3147 -5.5557 28.15
      vertex 8.3147 -5.5557 31.85
    endloop
  endfacet
  facet normal 0.803203 -0.595705 0
    outer loop
      vertex 8.3147 -5.5557 28.15
      vertex 7.7301 -6.34393 31.85
      vertex 7.7301 -6.34393 28.15
    endloop
  endfacet
  facet normal -0.427558 0.903988 0
    outer loop
      vertex -3.82683 9.2388 28.15
      vertex -4.71397 8.81921 31.85
      vertex -3.82683 9.2388 31.85
    endloop
  endfacet
  facet normal -0.427558 0.903988 0
    outer loop
      vertex -4.71397 8.81921 31.85
      vertex -3.82683 9.2388 28.15
      vertex -4.71397 8.81921 28.15
    endloop
  endfacet
  facet normal -0.595705 0.803203 0
    outer loop
      vertex -5.5557 8.3147 28.15
      vertex -6.34393 7.7301 31.85
      vertex -5.5557 8.3147 31.85
    endloop
  endfacet
  facet normal -0.595705 0.803203 0
    outer loop
      vertex -6.34393 7.7301 31.85
      vertex -5.5557 8.3147 28.15
      vertex -6.34393 7.7301 28.15
    endloop
  endfacet
  facet normal -0.989176 0.146736 0
    outer loop
      vertex -9.95185 0.980171 28.15
      vertex -9.80785 1.9509 31.85
      vertex -9.80785 1.9509 28.15
    endloop
  endfacet
  facet normal -0.989176 0.146736 0
    outer loop
      vertex -9.80785 1.9509 31.85
      vertex -9.95185 0.980171 28.15
      vertex -9.95185 0.980171 31.85
    endloop
  endfacet
  facet normal -0.242979 -0.970032 0
    outer loop
      vertex -2.90285 -9.5694 28.15
      vertex -1.9509 -9.80785 31.85
      vertex -2.90285 -9.5694 31.85
    endloop
  endfacet
  facet normal -0.242979 -0.970032 -0
    outer loop
      vertex -1.9509 -9.80785 31.85
      vertex -2.90285 -9.5694 28.15
      vertex -1.9509 -9.80785 28.15
    endloop
  endfacet
  facet normal 0.970032 0.242979 0
    outer loop
      vertex 9.80785 1.9509 31.85
      vertex 9.5694 2.90285 28.15
      vertex 9.5694 2.90285 31.85
    endloop
  endfacet
  facet normal 0.970032 0.242979 0
    outer loop
      vertex 9.5694 2.90285 28.15
      vertex 9.80785 1.9509 31.85
      vertex 9.80785 1.9509 28.15
    endloop
  endfacet
  facet normal 0.803203 0.595705 0
    outer loop
      vertex 8.3147 5.5557 31.85
      vertex 7.7301 6.34393 28.15
      vertex 7.7301 6.34393 31.85
    endloop
  endfacet
  facet normal 0.803203 0.595705 0
    outer loop
      vertex 7.7301 6.34393 28.15
      vertex 8.3147 5.5557 31.85
      vertex 8.3147 5.5557 28.15
    endloop
  endfacet
  facet normal -0.803203 -0.595705 0
    outer loop
      vertex -7.7301 -6.34393 28.15
      vertex -8.3147 -5.5557 31.85
      vertex -8.3147 -5.5557 28.15
    endloop
  endfacet
  facet normal -0.803203 -0.595705 0
    outer loop
      vertex -8.3147 -5.5557 31.85
      vertex -7.7301 -6.34393 28.15
      vertex -7.7301 -6.34393 31.85
    endloop
  endfacet
  facet normal -0.903988 -0.427558 0
    outer loop
      vertex -8.81921 -4.71397 28.15
      vertex -9.2388 -3.82683 31.85
      vertex -9.2388 -3.82683 28.15
    endloop
  endfacet
  facet normal -0.903988 -0.427558 0
    outer loop
      vertex -9.2388 -3.82683 31.85
      vertex -8.81921 -4.71397 28.15
      vertex -8.81921 -4.71397 31.85
    endloop
  endfacet
  facet normal 0.146736 0.989176 -0
    outer loop
      vertex 1.9509 9.80785 28.15
      vertex 0.980171 9.95185 31.85
      vertex 1.9509 9.80785 31.85
    endloop
  endfacet
  facet normal 0.146736 0.989176 0
    outer loop
      vertex 0.980171 9.95185 31.85
      vertex 1.9509 9.80785 28.15
      vertex 0.980171 9.95185 28.15
    endloop
  endfacet
  facet normal -0.0490649 0.998796 0
    outer loop
      vertex 0 10 28.15
      vertex -0.980171 9.95185 31.85
      vertex 0 10 31.85
    endloop
  endfacet
  facet normal -0.0490649 0.998796 0
    outer loop
      vertex -0.980171 9.95185 31.85
      vertex 0 10 28.15
      vertex -0.980171 9.95185 28.15
    endloop
  endfacet
  facet normal -0.427558 -0.903988 0
    outer loop
      vertex -4.71397 -8.81921 28.15
      vertex -3.82683 -9.2388 31.85
      vertex -4.71397 -8.81921 31.85
    endloop
  endfacet
  facet normal -0.427558 -0.903988 -0
    outer loop
      vertex -3.82683 -9.2388 31.85
      vertex -4.71397 -8.81921 28.15
      vertex -3.82683 -9.2388 28.15
    endloop
  endfacet
  facet normal 0.595705 -0.803203 0
    outer loop
      vertex 5.5557 -8.3147 28.15
      vertex 6.34393 -7.7301 31.85
      vertex 5.5557 -8.3147 31.85
    endloop
  endfacet
  facet normal 0.595705 -0.803203 0
    outer loop
      vertex 6.34393 -7.7301 31.85
      vertex 5.5557 -8.3147 28.15
      vertex 6.34393 -7.7301 28.15
    endloop
  endfacet
  facet normal 0.998796 -0.0490649 0
    outer loop
      vertex 9.95185 -0.980171 31.85
      vertex 10 0 28.15
      vertex 10 0 31.85
    endloop
  endfacet
  facet normal 0.998796 -0.0490649 0
    outer loop
      vertex 10 0 28.15
      vertex 9.95185 -0.980171 31.85
      vertex 9.95185 -0.980171 28.15
    endloop
  endfacet
  facet normal -0.146736 0.989176 0
    outer loop
      vertex -0.980171 9.95185 28.15
      vertex -1.9509 9.80785 31.85
      vertex -0.980171 9.95185 31.85
    endloop
  endfacet
  facet normal -0.146736 0.989176 0
    outer loop
      vertex -1.9509 9.80785 31.85
      vertex -0.980171 9.95185 28.15
      vertex -1.9509 9.80785 28.15
    endloop
  endfacet
  facet normal -0.989176 -0.146736 0
    outer loop
      vertex -9.80785 -1.9509 28.15
      vertex -9.95185 -0.980171 31.85
      vertex -9.95185 -0.980171 28.15
    endloop
  endfacet
  facet normal -0.989176 -0.146736 0
    outer loop
      vertex -9.95185 -0.980171 31.85
      vertex -9.80785 -1.9509 28.15
      vertex -9.80785 -1.9509 31.85
    endloop
  endfacet
  facet normal 0.336885 -0.941546 0
    outer loop
      vertex 2.90285 -9.5694 28.15
      vertex 3.82683 -9.2388 31.85
      vertex 2.90285 -9.5694 31.85
    endloop
  endfacet
  facet normal 0.336885 -0.941546 0
    outer loop
      vertex 3.82683 -9.2388 31.85
      vertex 2.90285 -9.5694 28.15
      vertex 3.82683 -9.2388 28.15
    endloop
  endfacet
  facet normal 0.242979 -0.970032 0
    outer loop
      vertex 1.9509 -9.80785 28.15
      vertex 2.90285 -9.5694 31.85
      vertex 1.9509 -9.80785 31.85
    endloop
  endfacet
  facet normal 0.242979 -0.970032 0
    outer loop
      vertex 2.90285 -9.5694 31.85
      vertex 1.9509 -9.80785 28.15
      vertex 2.90285 -9.5694 28.15
    endloop
  endfacet
  facet normal -0.740957 -0.671553 0
    outer loop
      vertex -7.07107 -7.07107 28.15
      vertex -7.7301 -6.34393 31.85
      vertex -7.7301 -6.34393 28.15
    endloop
  endfacet
  facet normal -0.740957 -0.671553 0
    outer loop
      vertex -7.7301 -6.34393 31.85
      vertex -7.07107 -7.07107 28.15
      vertex -7.07107 -7.07107 31.85
    endloop
  endfacet
  facet normal -0.903988 0.427558 0
    outer loop
      vertex -9.2388 3.82683 28.15
      vertex -8.81921 4.71397 31.85
      vertex -8.81921 4.71397 28.15
    endloop
  endfacet
  facet normal -0.903988 0.427558 0
    outer loop
      vertex -8.81921 4.71397 31.85
      vertex -9.2388 3.82683 28.15
      vertex -9.2388 3.82683 31.85
    endloop
  endfacet
  facet normal -0.595705 -0.803203 0
    outer loop
      vertex -6.34393 -7.7301 28.15
      vertex -5.5557 -8.3147 31.85
      vertex -6.34393 -7.7301 31.85
    endloop
  endfacet
  facet normal -0.595705 -0.803203 -0
    outer loop
      vertex -5.5557 -8.3147 31.85
      vertex -6.34393 -7.7301 28.15
      vertex -5.5557 -8.3147 28.15
    endloop
  endfacet
  facet normal 0.903988 -0.427558 0
    outer loop
      vertex 8.81921 -4.71397 31.85
      vertex 9.2388 -3.82683 28.15
      vertex 9.2388 -3.82683 31.85
    endloop
  endfacet
  facet normal 0.903988 -0.427558 0
    outer loop
      vertex 9.2388 -3.82683 28.15
      vertex 8.81921 -4.71397 31.85
      vertex 8.81921 -4.71397 28.15
    endloop
  endfacet
  facet normal 0.85773 -0.5141 0
    outer loop
      vertex 8.3147 -5.5557 31.85
      vertex 8.81921 -4.71397 28.15
      vertex 8.81921 -4.71397 31.85
    endloop
  endfacet
  facet normal 0.85773 -0.5141 0
    outer loop
      vertex 8.81921 -4.71397 28.15
      vertex 8.3147 -5.5557 31.85
      vertex 8.3147 -5.5557 28.15
    endloop
  endfacet
  facet normal -0.0490649 -0.998796 0
    outer loop
      vertex -0.980171 -9.95185 28.15
      vertex 0 -10 31.85
      vertex -0.980171 -9.95185 31.85
    endloop
  endfacet
  facet normal -0.0490649 -0.998796 -0
    outer loop
      vertex 0 -10 31.85
      vertex -0.980171 -9.95185 28.15
      vertex 0 -10 28.15
    endloop
  endfacet
  facet normal -0.998796 0.0490649 0
    outer loop
      vertex -10 0 28.15
      vertex -9.95185 0.980171 31.85
      vertex -9.95185 0.980171 28.15
    endloop
  endfacet
  facet normal -0.998796 0.0490649 0
    outer loop
      vertex -9.95185 0.980171 31.85
      vertex -10 0 28.15
      vertex -10 0 31.85
    endloop
  endfacet
  facet normal 0.671553 -0.740957 0
    outer loop
      vertex 6.34393 -7.7301 28.15
      vertex 7.07107 -7.07107 31.85
      vertex 6.34393 -7.7301 31.85
    endloop
  endfacet
  facet normal 0.671553 -0.740957 0
    outer loop
      vertex 7.07107 -7.07107 31.85
      vertex 6.34393 -7.7301 28.15
      vertex 7.07107 -7.07107 28.15
    endloop
  endfacet
  facet normal 0 0 1
    outer loop
      vertex 10 0 48.15
      vertex 12 0 48.15
      vertex 11.9422 1.17621 48.15
    endloop
  endfacet
  facet normal 0 0 1
    outer loop
      vertex 9.95185 0.980171 48.15
      vertex 11.9422 1.17621 48.15
      vertex 11.7694 2.34108 48.15
    endloop
  endfacet
  facet normal 0 0 1
    outer loop
      vertex 12 0 48.15
      vertex 10 0 48.15
      vertex 11.9422 -1.17621 48.15
    endloop
  endfacet
  facet normal 0 0 1
    outer loop
      vertex 9.80785 1.9509 48.15
      vertex 11.7694 2.34108 48.15
      vertex 11.4833 3.48342 48.15
    endloop
  endfacet
  facet normal -0 0 1
    outer loop
      vertex 9.95185 -0.980171 48.15
      vertex 11.9422 -1.17621 48.15
      vertex 10 0 48.15
    endloop
  endfacet
  facet normal 0 0 1
    outer loop
      vertex 9.5694 2.90285 48.15
      vertex 11.4833 3.48342 48.15
      vertex 11.0866 4.5922 48.15
    endloop
  endfacet
  facet normal 0 0 1
    outer loop
      vertex 11.9422 -1.17621 48.15
      vertex 9.95185 -0.980171 48.15
      vertex 11.7694 -2.34108 48.15
    endloop
  endfacet
  facet normal 0 0 1
    outer loop
      vertex 9.2388 3.82683 48.15
      vertex 11.0866 4.5922 48.15
      vertex 10.5831 5.65676 48.15
    endloop
  endfacet
  facet normal -0 0 1
    outer loop
      vertex 9.80785 -1.9509 48.15
      vertex 11.7694 -2.34108 48.15
      vertex 9.95185 -0.980171 48.15
    endloop
  endfacet
  facet normal 0 0 1
    outer loop
      vertex 11.7694 -2.34108 48.15
      vertex 9.80785 -1.9509 48.15
      vertex 11.4833 -3.48342 48.15
    endloop
  endfacet
  facet normal 0 0 1
    outer loop
      vertex 8.81921 4.71397 48.15
      vertex 10.5831 5.65676 48.15
      vertex 9.97763 6.66684 48.15
    endloop
  endfacet
  facet normal 0 0 1
    outer loop
      vertex 11.9422 1.17621 48.15
      vertex 9.95185 0.980171 48.15
      vertex 10 0 48.15
    endloop
  endfacet
  facet normal 0 0 1
    outer loop
      vertex 11.7694 2.34108 48.15
      vertex 9.80785 1.9509 48.15
      vertex 9.95185 0.980171 48.15
    endloop
  endfacet
  facet normal 0 0 1
    outer loop
      vertex 11.4833 3.48342 48.15
      vertex 9.5694 2.90285 48.15
      vertex 9.80785 1.9509 48.15
    endloop
  endfacet
  facet normal 0 0 1
    outer loop
      vertex 8.3147 5.5557 48.15
      vertex 9.97763 6.66684 48.15
      vertex 9.27612 7.61272 48.15
    endloop
  endfacet
  facet normal 0 0 1
    outer loop
      vertex 11.0866 4.5922 48.15
      vertex 9.2388 3.82683 48.15
      vertex 9.5694 2.90285 48.15
    endloop
  endfacet
  facet normal 0 0 1
    outer loop
      vertex 10.5831 5.65676 48.15
      vertex 8.81921 4.71397 48.15
      vertex 9.2388 3.82683 48.15
    endloop
  endfacet
  facet normal 0 0 1
    outer loop
      vertex 7.7301 6.34393 48.15
      vertex 9.27612 7.61272 48.15
      vertex 8.48528 8.48528 48.15
    endloop
  endfacet
  facet normal 0 0 1
    outer loop
      vertex 9.97763 6.66684 48.15
      vertex 8.3147 5.5557 48.15
      vertex 8.81921 4.71397 48.15
    endloop
  endfacet
  facet normal 0 0 1
    outer loop
      vertex 9.27612 7.61272 48.15
      vertex 7.7301 6.34393 48.15
      vertex 8.3147 5.5557 48.15
    endloop
  endfacet
  facet normal 0 0 1
    outer loop
      vertex 7.07107 7.07107 48.15
      vertex 8.48528 8.48528 48.15
      vertex 7.61272 9.27612 48.15
    endloop
  endfacet
  facet normal 0 0 1
    outer loop
      vertex 8.48528 8.48528 48.15
      vertex 7.07107 7.07107 48.15
      vertex 7.7301 6.34393 48.15
    endloop
  endfacet
  facet normal 0 0 1
    outer loop
      vertex 6.34393 7.7301 48.15
      vertex 7.61272 9.27612 48.15
      vertex 6.66684 9.97763 48.15
    endloop
  endfacet
  facet normal 0 0 1
    outer loop
      vertex 7.61272 9.27612 48.15
      vertex 6.34393 7.7301 48.15
      vertex 7.07107 7.07107 48.15
    endloop
  endfacet
  facet normal 0 0 1
    outer loop
      vertex 5.5557 8.3147 48.15
      vertex 6.66684 9.97763 48.15
      vertex 5.65676 10.5831 48.15
    endloop
  endfacet
  facet normal 0 0 1
    outer loop
      vertex 6.66684 9.97763 48.15
      vertex 5.5557 8.3147 48.15
      vertex 6.34393 7.7301 48.15
    endloop
  endfacet
  facet normal 0 0 1
    outer loop
      vertex 5.65676 10.5831 48.15
      vertex 4.71397 8.81921 48.15
      vertex 5.5557 8.3147 48.15
    endloop
  endfacet
  facet normal 0 0 1
    outer loop
      vertex 4.5922 11.0866 48.15
      vertex 4.71397 8.81921 48.15
      vertex 5.65676 10.5831 48.15
    endloop
  endfacet
  facet normal 0 0 1
    outer loop
      vertex 4.5922 11.0866 48.15
      vertex 3.82683 9.2388 48.15
      vertex 4.71397 8.81921 48.15
    endloop
  endfacet
  facet normal 0 0 1
    outer loop
      vertex 3.48342 11.4833 48.15
      vertex 3.82683 9.2388 48.15
      vertex 4.5922 11.0866 48.15
    endloop
  endfacet
  facet normal 0 0 1
    outer loop
      vertex 3.48342 11.4833 48.15
      vertex 2.90285 9.5694 48.15
      vertex 3.82683 9.2388 48.15
    endloop
  endfacet
  facet normal 0 0 1
    outer loop
      vertex 2.34108 11.7694 48.15
      vertex 2.90285 9.5694 48.15
      vertex 3.48342 11.4833 48.15
    endloop
  endfacet
  facet normal 0 0 1
    outer loop
      vertex 2.34108 11.7694 48.15
      vertex 1.9509 9.80785 48.15
      vertex 2.90285 9.5694 48.15
    endloop
  endfacet
  facet normal 0 0 1
    outer loop
      vertex 1.17621 11.9422 48.15
      vertex 1.9509 9.80785 48.15
      vertex 2.34108 11.7694 48.15
    endloop
  endfacet
  facet normal 0 0 1
    outer loop
      vertex 1.17621 11.9422 48.15
      vertex 0.980171 9.95185 48.15
      vertex 1.9509 9.80785 48.15
    endloop
  endfacet
  facet normal 0 0 1
    outer loop
      vertex 0 12 48.15
      vertex 0.980171 9.95185 48.15
      vertex 1.17621 11.9422 48.15
    endloop
  endfacet
  facet normal 0 0 1
    outer loop
      vertex 0 12 48.15
      vertex 0 10 48.15
      vertex 0.980171 9.95185 48.15
    endloop
  endfacet
  facet normal 0 0 1
    outer loop
      vertex 0 12 48.15
      vertex -0.980171 9.95185 48.15
      vertex 0 10 48.15
    endloop
  endfacet
  facet normal -0 0 1
    outer loop
      vertex -1.17621 11.9422 48.15
      vertex -0.980171 9.95185 48.15
      vertex 0 12 48.15
    endloop
  endfacet
  facet normal 0 0 1
    outer loop
      vertex -1.17621 11.9422 48.15
      vertex -1.9509 9.80785 48.15
      vertex -0.980171 9.95185 48.15
    endloop
  endfacet
  facet normal -0 0 1
    outer loop
      vertex -2.34108 11.7694 48.15
      vertex -1.9509 9.80785 48.15
      vertex -1.17621 11.9422 48.15
    endloop
  endfacet
  facet normal 0 0 1
    outer loop
      vertex -2.34108 11.7694 48.15
      vertex -2.90285 9.5694 48.15
      vertex -1.9509 9.80785 48.15
    endloop
  endfacet
  facet normal -0 0 1
    outer loop
      vertex -3.48342 11.4833 48.15
      vertex -2.90285 9.5694 48.15
      vertex -2.34108 11.7694 48.15
    endloop
  endfacet
  facet normal 0 0 1
    outer loop
      vertex -3.48342 11.4833 48.15
      vertex -3.82683 9.2388 48.15
      vertex -2.90285 9.5694 48.15
    endloop
  endfacet
  facet normal -0 0 1
    outer loop
      vertex -4.5922 11.0866 48.15
      vertex -3.82683 9.2388 48.15
      vertex -3.48342 11.4833 48.15
    endloop
  endfacet
  facet normal 0 0 1
    outer loop
      vertex -4.5922 11.0866 48.15
      vertex -4.71397 8.81921 48.15
      vertex -3.82683 9.2388 48.15
    endloop
  endfacet
  facet normal -0 0 1
    outer loop
      vertex -5.65676 10.5831 48.15
      vertex -4.71397 8.81921 48.15
      vertex -4.5922 11.0866 48.15
    endloop
  endfacet
  facet normal 0 0 1
    outer loop
      vertex -4.71397 8.81921 48.15
      vertex -5.65676 10.5831 48.15
      vertex -5.5557 8.3147 48.15
    endloop
  endfacet
  facet normal -0 0 1
    outer loop
      vertex -6.66684 9.97763 48.15
      vertex -5.5557 8.3147 48.15
      vertex -5.65676 10.5831 48.15
    endloop
  endfacet
  facet normal 0 0 1
    outer loop
      vertex -5.5557 8.3147 48.15
      vertex -6.66684 9.97763 48.15
      vertex -6.34393 7.7301 48.15
    endloop
  endfacet
  facet normal -0 0 1
    outer loop
      vertex -7.61272 9.27612 48.15
      vertex -6.34393 7.7301 48.15
      vertex -6.66684 9.97763 48.15
    endloop
  endfacet
  facet normal 0 0 1
    outer loop
      vertex -6.34393 7.7301 48.15
      vertex -7.61272 9.27612 48.15
      vertex -7.07107 7.07107 48.15
    endloop
  endfacet
  facet normal -0 0 1
    outer loop
      vertex -8.48528 8.48528 48.15
      vertex -7.07107 7.07107 48.15
      vertex -7.61272 9.27612 48.15
    endloop
  endfacet
  facet normal 0 0 1
    outer loop
      vertex -7.07107 7.07107 48.15
      vertex -8.48528 8.48528 48.15
      vertex -7.7301 6.34393 48.15
    endloop
  endfacet
  facet normal -0 0 1
    outer loop
      vertex -9.27612 7.61272 48.15
      vertex -7.7301 6.34393 48.15
      vertex -8.48528 8.48528 48.15
    endloop
  endfacet
  facet normal 0 0 1
    outer loop
      vertex -7.7301 6.34393 48.15
      vertex -9.27612 7.61272 48.15
      vertex -8.3147 5.5557 48.15
    endloop
  endfacet
  facet normal -0 0 1
    outer loop
      vertex -9.97763 6.66684 48.15
      vertex -8.3147 5.5557 48.15
      vertex -9.27612 7.61272 48.15
    endloop
  endfacet
  facet normal 0 0 1
    outer loop
      vertex -8.3147 5.5557 48.15
      vertex -9.97763 6.66684 48.15
      vertex -8.81921 4.71397 48.15
    endloop
  endfacet
  facet normal -0 0 1
    outer loop
      vertex -10.5831 5.65676 48.15
      vertex -8.81921 4.71397 48.15
      vertex -9.97763 6.66684 48.15
    endloop
  endfacet
  facet normal 0 0 1
    outer loop
      vertex -8.81921 4.71397 48.15
      vertex -10.5831 5.65676 48.15
      vertex -9.2388 3.82683 48.15
    endloop
  endfacet
  facet normal -0 0 1
    outer loop
      vertex -11.0866 4.5922 48.15
      vertex -9.2388 3.82683 48.15
      vertex -10.5831 5.65676 48.15
    endloop
  endfacet
  facet normal 0 0 1
    outer loop
      vertex -9.2388 3.82683 48.15
      vertex -11.0866 4.5922 48.15
      vertex -9.5694 2.90285 48.15
    endloop
  endfacet
  facet normal -0 0 1
    outer loop
      vertex -11.4833 3.48342 48.15
      vertex -9.5694 2.90285 48.15
      vertex -11.0866 4.5922 48.15
    endloop
  endfacet
  facet normal 0 0 1
    outer loop
      vertex -9.5694 2.90285 48.15
      vertex -11.4833 3.48342 48.15
      vertex -9.80785 1.9509 48.15
    endloop
  endfacet
  facet normal -0 0 1
    outer loop
      vertex 9.5694 -2.90285 48.15
      vertex 11.4833 -3.48342 48.15
      vertex 9.80785 -1.9509 48.15
    endloop
  endfacet
  facet normal 0 0 1
    outer loop
      vertex 11.4833 -3.48342 48.15
      vertex 9.5694 -2.90285 48.15
      vertex 11.0866 -4.5922 48.15
    endloop
  endfacet
  facet normal -0 0 1
    outer loop
      vertex 9.2388 -3.82683 48.15
      vertex 11.0866 -4.5922 48.15
      vertex 9.5694 -2.90285 48.15
    endloop
  endfacet
  facet normal 0 0 1
    outer loop
      vertex 11.0866 -4.5922 48.15
      vertex 9.2388 -3.82683 48.15
      vertex 10.5831 -5.65676 48.15
    endloop
  endfacet
  facet normal -0 0 1
    outer loop
      vertex 8.81921 -4.71397 48.15
      vertex 10.5831 -5.65676 48.15
      vertex 9.2388 -3.82683 48.15
    endloop
  endfacet
  facet normal 0 0 1
    outer loop
      vertex 10.5831 -5.65676 48.15
      vertex 8.81921 -4.71397 48.15
      vertex 9.97763 -6.66684 48.15
    endloop
  endfacet
  facet normal -0 0 1
    outer loop
      vertex 8.3147 -5.5557 48.15
      vertex 9.97763 -6.66684 48.15
      vertex 8.81921 -4.71397 48.15
    endloop
  endfacet
  facet normal 0 0 1
    outer loop
      vertex 9.97763 -6.66684 48.15
      vertex 8.3147 -5.5557 48.15
      vertex 9.27612 -7.61272 48.15
    endloop
  endfacet
  facet normal -0 0 1
    outer loop
      vertex 7.7301 -6.34393 48.15
      vertex 9.27612 -7.61272 48.15
      vertex 8.3147 -5.5557 48.15
    endloop
  endfacet
  facet normal 0 0 1
    outer loop
      vertex 9.27612 -7.61272 48.15
      vertex 7.7301 -6.34393 48.15
      vertex 8.48528 -8.48528 48.15
    endloop
  endfacet
  facet normal -0 0 1
    outer loop
      vertex 7.07107 -7.07107 48.15
      vertex 8.48528 -8.48528 48.15
      vertex 7.7301 -6.34393 48.15
    endloop
  endfacet
  facet normal 0 0 1
    outer loop
      vertex 8.48528 -8.48528 48.15
      vertex 7.07107 -7.07107 48.15
      vertex 7.61272 -9.27612 48.15
    endloop
  endfacet
  facet normal -0 0 1
    outer loop
      vertex 6.34393 -7.7301 48.15
      vertex 7.61272 -9.27612 48.15
      vertex 7.07107 -7.07107 48.15
    endloop
  endfacet
  facet normal 0 0 1
    outer loop
      vertex 7.61272 -9.27612 48.15
      vertex 6.34393 -7.7301 48.15
      vertex 6.66684 -9.97763 48.15
    endloop
  endfacet
  facet normal -0 0 1
    outer loop
      vertex 5.5557 -8.3147 48.15
      vertex 6.66684 -9.97763 48.15
      vertex 6.34393 -7.7301 48.15
    endloop
  endfacet
  facet normal 0 0 1
    outer loop
      vertex 6.66684 -9.97763 48.15
      vertex 5.5557 -8.3147 48.15
      vertex 5.65676 -10.5831 48.15
    endloop
  endfacet
  facet normal -0 0 1
    outer loop
      vertex 4.71397 -8.81921 48.15
      vertex 5.65676 -10.5831 48.15
      vertex 5.5557 -8.3147 48.15
    endloop
  endfacet
  facet normal 0 0 1
    outer loop
      vertex 4.71397 -8.81921 48.15
      vertex 4.5922 -11.0866 48.15
      vertex 5.65676 -10.5831 48.15
    endloop
  endfacet
  facet normal -0 0 1
    outer loop
      vertex 3.82683 -9.2388 48.15
      vertex 4.5922 -11.0866 48.15
      vertex 4.71397 -8.81921 48.15
    endloop
  endfacet
  facet normal 0 0 1
    outer loop
      vertex 3.82683 -9.2388 48.15
      vertex 3.48342 -11.4833 48.15
      vertex 4.5922 -11.0866 48.15
    endloop
  endfacet
  facet normal -0 0 1
    outer loop
      vertex 2.90285 -9.5694 48.15
      vertex 3.48342 -11.4833 48.15
      vertex 3.82683 -9.2388 48.15
    endloop
  endfacet
  facet normal 0 0 1
    outer loop
      vertex 2.90285 -9.5694 48.15
      vertex 2.34108 -11.7694 48.15
      vertex 3.48342 -11.4833 48.15
    endloop
  endfacet
  facet normal -0 0 1
    outer loop
      vertex 1.9509 -9.80785 48.15
      vertex 2.34108 -11.7694 48.15
      vertex 2.90285 -9.5694 48.15
    endloop
  endfacet
  facet normal 0 0 1
    outer loop
      vertex 1.9509 -9.80785 48.15
      vertex 1.17621 -11.9422 48.15
      vertex 2.34108 -11.7694 48.15
    endloop
  endfacet
  facet normal -0 0 1
    outer loop
      vertex 0.980171 -9.95185 48.15
      vertex 1.17621 -11.9422 48.15
      vertex 1.9509 -9.80785 48.15
    endloop
  endfacet
  facet normal -0 0 1
    outer loop
      vertex 0 -10 48.15
      vertex 1.17621 -11.9422 48.15
      vertex 0.980171 -9.95185 48.15
    endloop
  endfacet
  facet normal 0 0 1
    outer loop
      vertex 0 -10 48.15
      vertex 0 -12 48.15
      vertex 1.17621 -11.9422 48.15
    endloop
  endfacet
  facet normal 0 0 1
    outer loop
      vertex -0.980171 -9.95185 48.15
      vertex 0 -12 48.15
      vertex 0 -10 48.15
    endloop
  endfacet
  facet normal 0 0 1
    outer loop
      vertex -0.980171 -9.95185 48.15
      vertex -1.17621 -11.9422 48.15
      vertex 0 -12 48.15
    endloop
  endfacet
  facet normal 0 0 1
    outer loop
      vertex -1.9509 -9.80785 48.15
      vertex -1.17621 -11.9422 48.15
      vertex -0.980171 -9.95185 48.15
    endloop
  endfacet
  facet normal 0 0 1
    outer loop
      vertex -1.9509 -9.80785 48.15
      vertex -2.34108 -11.7694 48.15
      vertex -1.17621 -11.9422 48.15
    endloop
  endfacet
  facet normal 0 0 1
    outer loop
      vertex -2.90285 -9.5694 48.15
      vertex -2.34108 -11.7694 48.15
      vertex -1.9509 -9.80785 48.15
    endloop
  endfacet
  facet normal 0 0 1
    outer loop
      vertex -2.90285 -9.5694 48.15
      vertex -3.48342 -11.4833 48.15
      vertex -2.34108 -11.7694 48.15
    endloop
  endfacet
  facet normal 0 0 1
    outer loop
      vertex -3.82683 -9.2388 48.15
      vertex -3.48342 -11.4833 48.15
      vertex -2.90285 -9.5694 48.15
    endloop
  endfacet
  facet normal 0 0 1
    outer loop
      vertex -3.82683 -9.2388 48.15
      vertex -4.5922 -11.0866 48.15
      vertex -3.48342 -11.4833 48.15
    endloop
  endfacet
  facet normal 0 0 1
    outer loop
      vertex -4.71397 -8.81921 48.15
      vertex -4.5922 -11.0866 48.15
      vertex -3.82683 -9.2388 48.15
    endloop
  endfacet
  facet normal 0 0 1
    outer loop
      vertex -5.65676 -10.5831 48.15
      vertex -4.71397 -8.81921 48.15
      vertex -5.5557 -8.3147 48.15
    endloop
  endfacet
  facet normal 0 0 1
    outer loop
      vertex -4.71397 -8.81921 48.15
      vertex -5.65676 -10.5831 48.15
      vertex -4.5922 -11.0866 48.15
    endloop
  endfacet
  facet normal 0 0 1
    outer loop
      vertex -6.66684 -9.97763 48.15
      vertex -5.5557 -8.3147 48.15
      vertex -6.34393 -7.7301 48.15
    endloop
  endfacet
  facet normal 0 0 1
    outer loop
      vertex -5.5557 -8.3147 48.15
      vertex -6.66684 -9.97763 48.15
      vertex -5.65676 -10.5831 48.15
    endloop
  endfacet
  facet normal 0 0 1
    outer loop
      vertex -7.61272 -9.27612 48.15
      vertex -6.34393 -7.7301 48.15
      vertex -7.07107 -7.07107 48.15
    endloop
  endfacet
  facet normal 0 0 1
    outer loop
      vertex -6.34393 -7.7301 48.15
      vertex -7.61272 -9.27612 48.15
      vertex -6.66684 -9.97763 48.15
    endloop
  endfacet
  facet normal 0 0 1
    outer loop
      vertex -8.48528 -8.48528 48.15
      vertex -7.07107 -7.07107 48.15
      vertex -7.7301 -6.34393 48.15
    endloop
  endfacet
  facet normal 0 0 1
    outer loop
      vertex -9.27612 -7.61272 48.15
      vertex -7.7301 -6.34393 48.15
      vertex -8.3147 -5.5557 48.15
    endloop
  endfacet
  facet normal 0 0 1
    outer loop
      vertex -7.07107 -7.07107 48.15
      vertex -8.48528 -8.48528 48.15
      vertex -7.61272 -9.27612 48.15
    endloop
  endfacet
  facet normal 0 0 1
    outer loop
      vertex -9.97763 -6.66684 48.15
      vertex -8.3147 -5.5557 48.15
      vertex -8.81921 -4.71397 48.15
    endloop
  endfacet
  facet normal 0 0 1
    outer loop
      vertex -10.5831 -5.65676 48.15
      vertex -8.81921 -4.71397 48.15
      vertex -9.2388 -3.82683 48.15
    endloop
  endfacet
  facet normal 0 0 1
    outer loop
      vertex -7.7301 -6.34393 48.15
      vertex -9.27612 -7.61272 48.15
      vertex -8.48528 -8.48528 48.15
    endloop
  endfacet
  facet normal 0 0 1
    outer loop
      vertex -11.0866 -4.5922 48.15
      vertex -9.2388 -3.82683 48.15
      vertex -9.5694 -2.90285 48.15
    endloop
  endfacet
  facet normal 0 0 1
    outer loop
      vertex -11.4833 -3.48342 48.15
      vertex -9.5694 -2.90285 48.15
      vertex -9.80785 -1.9509 48.15
    endloop
  endfacet
  facet normal 0 0 1
    outer loop
      vertex -11.7694 -2.34108 48.15
      vertex -9.80785 -1.9509 48.15
      vertex -9.95185 -0.980171 48.15
    endloop
  endfacet
  facet normal 0 0 1
    outer loop
      vertex -8.3147 -5.5557 48.15
      vertex -9.97763 -6.66684 48.15
      vertex -9.27612 -7.61272 48.15
    endloop
  endfacet
  facet normal 0 0 1
    outer loop
      vertex -11.9422 -1.17621 48.15
      vertex -9.95185 -0.980171 48.15
      vertex -10 0 48.15
    endloop
  endfacet
  facet normal -0 0 1
    outer loop
      vertex -11.7694 2.34108 48.15
      vertex -9.80785 1.9509 48.15
      vertex -11.4833 3.48342 48.15
    endloop
  endfacet
  facet normal 0 0 1
    outer loop
      vertex -8.81921 -4.71397 48.15
      vertex -10.5831 -5.65676 48.15
      vertex -9.97763 -6.66684 48.15
    endloop
  endfacet
  facet normal 0 0 1
    outer loop
      vertex -9.80785 1.9509 48.15
      vertex -11.7694 2.34108 48.15
      vertex -9.95185 0.980171 48.15
    endloop
  endfacet
  facet normal 0 0 1
    outer loop
      vertex -9.2388 -3.82683 48.15
      vertex -11.0866 -4.5922 48.15
      vertex -10.5831 -5.65676 48.15
    endloop
  endfacet
  facet normal -0 0 1
    outer loop
      vertex -11.9422 1.17621 48.15
      vertex -9.95185 0.980171 48.15
      vertex -11.7694 2.34108 48.15
    endloop
  endfacet
  facet normal 0 0 1
    outer loop
      vertex -9.5694 -2.90285 48.15
      vertex -11.4833 -3.48342 48.15
      vertex -11.0866 -4.5922 48.15
    endloop
  endfacet
  facet normal 0 0 1
    outer loop
      vertex -9.95185 0.980171 48.15
      vertex -11.9422 1.17621 48.15
      vertex -10 0 48.15
    endloop
  endfacet
  facet normal 0 0 1
    outer loop
      vertex -9.80785 -1.9509 48.15
      vertex -11.7694 -2.34108 48.15
      vertex -11.4833 -3.48342 48.15
    endloop
  endfacet
  facet normal 0 0 1
    outer loop
      vertex -12 0 48.15
      vertex -10 0 48.15
      vertex -11.9422 1.17621 48.15
    endloop
  endfacet
  facet normal 0 0 1
    outer loop
      vertex -9.95185 -0.980171 48.15
      vertex -11.9422 -1.17621 48.15
      vertex -11.7694 -2.34108 48.15
    endloop
  endfacet
  facet normal 0 0 1
    outer loop
      vertex -10 0 48.15
      vertex -12 0 48.15
      vertex -11.9422 -1.17621 48.15
    endloop
  endfacet
  facet normal 0 0 -1
    outer loop
      vertex 10 0 51.85
      vertex 12 0 51.85
      vertex 11.9422 -1.17621 51.85
    endloop
  endfacet
  facet normal 0 0 -1
    outer loop
      vertex 9.95185 -0.980171 51.85
      vertex 11.9422 -1.17621 51.85
      vertex 11.7694 -2.34108 51.85
    endloop
  endfacet
  facet normal 0 0 -1
    outer loop
      vertex 12 0 51.85
      vertex 10 0 51.85
      vertex 11.9422 1.17621 51.85
    endloop
  endfacet
  facet normal 0 0 -1
    outer loop
      vertex 9.80785 -1.9509 51.85
      vertex 11.7694 -2.34108 51.85
      vertex 11.4833 -3.48342 51.85
    endloop
  endfacet
  facet normal 0 0 -1
    outer loop
      vertex 9.95185 0.980171 51.85
      vertex 11.9422 1.17621 51.85
      vertex 10 0 51.85
    endloop
  endfacet
  facet normal 0 0 -1
    outer loop
      vertex 9.5694 -2.90285 51.85
      vertex 11.4833 -3.48342 51.85
      vertex 11.0866 -4.5922 51.85
    endloop
  endfacet
  facet normal -0 0 -1
    outer loop
      vertex 11.9422 1.17621 51.85
      vertex 9.95185 0.980171 51.85
      vertex 11.7694 2.34108 51.85
    endloop
  endfacet
  facet normal 0 0 -1
    outer loop
      vertex 9.2388 -3.82683 51.85
      vertex 11.0866 -4.5922 51.85
      vertex 10.5831 -5.65676 51.85
    endloop
  endfacet
  facet normal 0 0 -1
    outer loop
      vertex 9.80785 1.9509 51.85
      vertex 11.7694 2.34108 51.85
      vertex 9.95185 0.980171 51.85
    endloop
  endfacet
  facet normal -0 0 -1
    outer loop
      vertex 11.7694 2.34108 51.85
      vertex 9.80785 1.9509 51.85
      vertex 11.4833 3.48342 51.85
    endloop
  endfacet
  facet normal 0 0 -1
    outer loop
      vertex 8.81921 -4.71397 51.85
      vertex 10.5831 -5.65676 51.85
      vertex 9.97763 -6.66684 51.85
    endloop
  endfacet
  facet normal 0 0 -1
    outer loop
      vertex 11.9422 -1.17621 51.85
      vertex 9.95185 -0.980171 51.85
      vertex 10 0 51.85
    endloop
  endfacet
  facet normal 0 0 -1
    outer loop
      vertex 11.7694 -2.34108 51.85
      vertex 9.80785 -1.9509 51.85
      vertex 9.95185 -0.980171 51.85
    endloop
  endfacet
  facet normal 0 0 -1
    outer loop
      vertex 11.4833 -3.48342 51.85
      vertex 9.5694 -2.90285 51.85
      vertex 9.80785 -1.9509 51.85
    endloop
  endfacet
  facet normal 0 0 -1
    outer loop
      vertex 8.3147 -5.5557 51.85
      vertex 9.97763 -6.66684 51.85
      vertex 9.27612 -7.61272 51.85
    endloop
  endfacet
  facet normal 0 0 -1
    outer loop
      vertex 11.0866 -4.5922 51.85
      vertex 9.2388 -3.82683 51.85
      vertex 9.5694 -2.90285 51.85
    endloop
  endfacet
  facet normal 0 0 -1
    outer loop
      vertex 10.5831 -5.65676 51.85
      vertex 8.81921 -4.71397 51.85
      vertex 9.2388 -3.82683 51.85
    endloop
  endfacet
  facet normal 0 0 -1
    outer loop
      vertex 7.7301 -6.34393 51.85
      vertex 9.27612 -7.61272 51.85
      vertex 8.48528 -8.48528 51.85
    endloop
  endfacet
  facet normal 0 0 -1
    outer loop
      vertex 9.97763 -6.66684 51.85
      vertex 8.3147 -5.5557 51.85
      vertex 8.81921 -4.71397 51.85
    endloop
  endfacet
  facet normal 0 0 -1
    outer loop
      vertex 9.27612 -7.61272 51.85
      vertex 7.7301 -6.34393 51.85
      vertex 8.3147 -5.5557 51.85
    endloop
  endfacet
  facet normal 0 0 -1
    outer loop
      vertex 7.07107 -7.07107 51.85
      vertex 8.48528 -8.48528 51.85
      vertex 7.61272 -9.27612 51.85
    endloop
  endfacet
  facet normal 0 0 -1
    outer loop
      vertex 8.48528 -8.48528 51.85
      vertex 7.07107 -7.07107 51.85
      vertex 7.7301 -6.34393 51.85
    endloop
  endfacet
  facet normal 0 0 -1
    outer loop
      vertex 6.34393 -7.7301 51.85
      vertex 7.61272 -9.27612 51.85
      vertex 6.66684 -9.97763 51.85
    endloop
  endfacet
  facet normal 0 0 -1
    outer loop
      vertex 7.61272 -9.27612 51.85
      vertex 6.34393 -7.7301 51.85
      vertex 7.07107 -7.07107 51.85
    endloop
  endfacet
  facet normal 0 0 -1
    outer loop
      vertex 5.5557 -8.3147 51.85
      vertex 6.66684 -9.97763 51.85
      vertex 5.65676 -10.5831 51.85
    endloop
  endfacet
  facet normal 0 0 -1
    outer loop
      vertex 6.66684 -9.97763 51.85
      vertex 5.5557 -8.3147 51.85
      vertex 6.34393 -7.7301 51.85
    endloop
  endfacet
  facet normal 0 0 -1
    outer loop
      vertex 5.65676 -10.5831 51.85
      vertex 4.71397 -8.81921 51.85
      vertex 5.5557 -8.3147 51.85
    endloop
  endfacet
  facet normal 0 0 -1
    outer loop
      vertex 4.5922 -11.0866 51.85
      vertex 4.71397 -8.81921 51.85
      vertex 5.65676 -10.5831 51.85
    endloop
  endfacet
  facet normal 0 0 -1
    outer loop
      vertex 4.5922 -11.0866 51.85
      vertex 3.82683 -9.2388 51.85
      vertex 4.71397 -8.81921 51.85
    endloop
  endfacet
  facet normal 0 0 -1
    outer loop
      vertex 3.48342 -11.4833 51.85
      vertex 3.82683 -9.2388 51.85
      vertex 4.5922 -11.0866 51.85
    endloop
  endfacet
  facet normal 0 0 -1
    outer loop
      vertex 3.48342 -11.4833 51.85
      vertex 2.90285 -9.5694 51.85
      vertex 3.82683 -9.2388 51.85
    endloop
  endfacet
  facet normal 0 0 -1
    outer loop
      vertex 2.34108 -11.7694 51.85
      vertex 2.90285 -9.5694 51.85
      vertex 3.48342 -11.4833 51.85
    endloop
  endfacet
  facet normal 0 0 -1
    outer loop
      vertex 2.34108 -11.7694 51.85
      vertex 1.9509 -9.80785 51.85
      vertex 2.90285 -9.5694 51.85
    endloop
  endfacet
  facet normal 0 0 -1
    outer loop
      vertex 1.17621 -11.9422 51.85
      vertex 1.9509 -9.80785 51.85
      vertex 2.34108 -11.7694 51.85
    endloop
  endfacet
  facet normal 0 0 -1
    outer loop
      vertex 1.17621 -11.9422 51.85
      vertex 0.980171 -9.95185 51.85
      vertex 1.9509 -9.80785 51.85
    endloop
  endfacet
  facet normal 0 0 -1
    outer loop
      vertex 0 -12 51.85
      vertex 0.980171 -9.95185 51.85
      vertex 1.17621 -11.9422 51.85
    endloop
  endfacet
  facet normal 0 0 -1
    outer loop
      vertex 0 -12 51.85
      vertex 0 -10 51.85
      vertex 0.980171 -9.95185 51.85
    endloop
  endfacet
  facet normal 0 0 -1
    outer loop
      vertex 0 -12 51.85
      vertex -0.980171 -9.95185 51.85
      vertex 0 -10 51.85
    endloop
  endfacet
  facet normal 0 0 -1
    outer loop
      vertex -1.17621 -11.9422 51.85
      vertex -0.980171 -9.95185 51.85
      vertex 0 -12 51.85
    endloop
  endfacet
  facet normal 0 0 -1
    outer loop
      vertex -1.17621 -11.9422 51.85
      vertex -1.9509 -9.80785 51.85
      vertex -0.980171 -9.95185 51.85
    endloop
  endfacet
  facet normal 0 0 -1
    outer loop
      vertex -2.34108 -11.7694 51.85
      vertex -1.9509 -9.80785 51.85
      vertex -1.17621 -11.9422 51.85
    endloop
  endfacet
  facet normal 0 0 -1
    outer loop
      vertex -2.34108 -11.7694 51.85
      vertex -2.90285 -9.5694 51.85
      vertex -1.9509 -9.80785 51.85
    endloop
  endfacet
  facet normal 0 0 -1
    outer loop
      vertex -3.48342 -11.4833 51.85
      vertex -2.90285 -9.5694 51.85
      vertex -2.34108 -11.7694 51.85
    endloop
  endfacet
  facet normal 0 0 -1
    outer loop
      vertex -3.48342 -11.4833 51.85
      vertex -3.82683 -9.2388 51.85
      vertex -2.90285 -9.5694 51.85
    endloop
  endfacet
  facet normal 0 0 -1
    outer loop
      vertex -4.5922 -11.0866 51.85
      vertex -3.82683 -9.2388 51.85
      vertex -3.48342 -11.4833 51.85
    endloop
  endfacet
  facet normal 0 0 -1
    outer loop
      vertex -4.5922 -11.0866 51.85
      vertex -4.71397 -8.81921 51.85
      vertex -3.82683 -9.2388 51.85
    endloop
  endfacet
  facet normal 0 0 -1
    outer loop
      vertex -5.65676 -10.5831 51.85
      vertex -4.71397 -8.81921 51.85
      vertex -4.5922 -11.0866 51.85
    endloop
  endfacet
  facet normal -0 0 -1
    outer loop
      vertex -4.71397 -8.81921 51.85
      vertex -5.65676 -10.5831 51.85
      vertex -5.5557 -8.3147 51.85
    endloop
  endfacet
  facet normal 0 0 -1
    outer loop
      vertex -6.66684 -9.97763 51.85
      vertex -5.5557 -8.3147 51.85
      vertex -5.65676 -10.5831 51.85
    endloop
  endfacet
  facet normal -0 0 -1
    outer loop
      vertex -5.5557 -8.3147 51.85
      vertex -6.66684 -9.97763 51.85
      vertex -6.34393 -7.7301 51.85
    endloop
  endfacet
  facet normal 0 0 -1
    outer loop
      vertex -7.61272 -9.27612 51.85
      vertex -6.34393 -7.7301 51.85
      vertex -6.66684 -9.97763 51.85
    endloop
  endfacet
  facet normal -0 0 -1
    outer loop
      vertex -6.34393 -7.7301 51.85
      vertex -7.61272 -9.27612 51.85
      vertex -7.07107 -7.07107 51.85
    endloop
  endfacet
  facet normal 0 0 -1
    outer loop
      vertex -8.48528 -8.48528 51.85
      vertex -7.07107 -7.07107 51.85
      vertex -7.61272 -9.27612 51.85
    endloop
  endfacet
  facet normal -0 0 -1
    outer loop
      vertex -7.07107 -7.07107 51.85
      vertex -8.48528 -8.48528 51.85
      vertex -7.7301 -6.34393 51.85
    endloop
  endfacet
  facet normal 0 0 -1
    outer loop
      vertex -9.27612 -7.61272 51.85
      vertex -7.7301 -6.34393 51.85
      vertex -8.48528 -8.48528 51.85
    endloop
  endfacet
  facet normal -0 0 -1
    outer loop
      vertex -7.7301 -6.34393 51.85
      vertex -9.27612 -7.61272 51.85
      vertex -8.3147 -5.5557 51.85
    endloop
  endfacet
  facet normal 0 0 -1
    outer loop
      vertex -9.97763 -6.66684 51.85
      vertex -8.3147 -5.5557 51.85
      vertex -9.27612 -7.61272 51.85
    endloop
  endfacet
  facet normal -0 0 -1
    outer loop
      vertex -8.3147 -5.5557 51.85
      vertex -9.97763 -6.66684 51.85
      vertex -8.81921 -4.71397 51.85
    endloop
  endfacet
  facet normal 0 0 -1
    outer loop
      vertex -10.5831 -5.65676 51.85
      vertex -8.81921 -4.71397 51.85
      vertex -9.97763 -6.66684 51.85
    endloop
  endfacet
  facet normal -0 0 -1
    outer loop
      vertex -8.81921 -4.71397 51.85
      vertex -10.5831 -5.65676 51.85
      vertex -9.2388 -3.82683 51.85
    endloop
  endfacet
  facet normal 0 0 -1
    outer loop
      vertex -11.0866 -4.5922 51.85
      vertex -9.2388 -3.82683 51.85
      vertex -10.5831 -5.65676 51.85
    endloop
  endfacet
  facet normal -0 0 -1
    outer loop
      vertex -9.2388 -3.82683 51.85
      vertex -11.0866 -4.5922 51.85
      vertex -9.5694 -2.90285 51.85
    endloop
  endfacet
  facet normal 0 0 -1
    outer loop
      vertex -11.4833 -3.48342 51.85
      vertex -9.5694 -2.90285 51.85
      vertex -11.0866 -4.5922 51.85
    endloop
  endfacet
  facet normal -0 0 -1
    outer loop
      vertex -9.5694 -2.90285 51.85
      vertex -11.4833 -3.48342 51.85
      vertex -9.80785 -1.9509 51.85
    endloop
  endfacet
  facet normal 0 0 -1
    outer loop
      vertex 9.5694 2.90285 51.85
      vertex 11.4833 3.48342 51.85
      vertex 9.80785 1.9509 51.85
    endloop
  endfacet
  facet normal -0 0 -1
    outer loop
      vertex 11.4833 3.48342 51.85
      vertex 9.5694 2.90285 51.85
      vertex 11.0866 4.5922 51.85
    endloop
  endfacet
  facet normal 0 0 -1
    outer loop
      vertex 9.2388 3.82683 51.85
      vertex 11.0866 4.5922 51.85
      vertex 9.5694 2.90285 51.85
    endloop
  endfacet
  facet normal -0 0 -1
    outer loop
      vertex 11.0866 4.5922 51.85
      vertex 9.2388 3.82683 51.85
      vertex 10.5831 5.65676 51.85
    endloop
  endfacet
  facet normal 0 0 -1
    outer loop
      vertex 8.81921 4.71397 51.85
      vertex 10.5831 5.65676 51.85
      vertex 9.2388 3.82683 51.85
    endloop
  endfacet
  facet normal -0 0 -1
    outer loop
      vertex 10.5831 5.65676 51.85
      vertex 8.81921 4.71397 51.85
      vertex 9.97763 6.66684 51.85
    endloop
  endfacet
  facet normal 0 0 -1
    outer loop
      vertex 8.3147 5.5557 51.85
      vertex 9.97763 6.66684 51.85
      vertex 8.81921 4.71397 51.85
    endloop
  endfacet
  facet normal -0 0 -1
    outer loop
      vertex 9.97763 6.66684 51.85
      vertex 8.3147 5.5557 51.85
      vertex 9.27612 7.61272 51.85
    endloop
  endfacet
  facet normal 0 0 -1
    outer loop
      vertex 7.7301 6.34393 51.85
      vertex 9.27612 7.61272 51.85
      vertex 8.3147 5.5557 51.85
    endloop
  endfacet
  facet normal -0 0 -1
    outer loop
      vertex 9.27612 7.61272 51.85
      vertex 7.7301 6.34393 51.85
      vertex 8.48528 8.48528 51.85
    endloop
  endfacet
  facet normal 0 0 -1
    outer loop
      vertex 7.07107 7.07107 51.85
      vertex 8.48528 8.48528 51.85
      vertex 7.7301 6.34393 51.85
    endloop
  endfacet
  facet normal -0 0 -1
    outer loop
      vertex 8.48528 8.48528 51.85
      vertex 7.07107 7.07107 51.85
      vertex 7.61272 9.27612 51.85
    endloop
  endfacet
  facet normal 0 0 -1
    outer loop
      vertex 6.34393 7.7301 51.85
      vertex 7.61272 9.27612 51.85
      vertex 7.07107 7.07107 51.85
    endloop
  endfacet
  facet normal -0 0 -1
    outer loop
      vertex 7.61272 9.27612 51.85
      vertex 6.34393 7.7301 51.85
      vertex 6.66684 9.97763 51.85
    endloop
  endfacet
  facet normal 0 0 -1
    outer loop
      vertex 5.5557 8.3147 51.85
      vertex 6.66684 9.97763 51.85
      vertex 6.34393 7.7301 51.85
    endloop
  endfacet
  facet normal -0 0 -1
    outer loop
      vertex 6.66684 9.97763 51.85
      vertex 5.5557 8.3147 51.85
      vertex 5.65676 10.5831 51.85
    endloop
  endfacet
  facet normal 0 0 -1
    outer loop
      vertex 4.71397 8.81921 51.85
      vertex 5.65676 10.5831 51.85
      vertex 5.5557 8.3147 51.85
    endloop
  endfacet
  facet normal 0 0 -1
    outer loop
      vertex 4.71397 8.81921 51.85
      vertex 4.5922 11.0866 51.85
      vertex 5.65676 10.5831 51.85
    endloop
  endfacet
  facet normal 0 0 -1
    outer loop
      vertex 3.82683 9.2388 51.85
      vertex 4.5922 11.0866 51.85
      vertex 4.71397 8.81921 51.85
    endloop
  endfacet
  facet normal 0 0 -1
    outer loop
      vertex 3.82683 9.2388 51.85
      vertex 3.48342 11.4833 51.85
      vertex 4.5922 11.0866 51.85
    endloop
  endfacet
  facet normal 0 0 -1
    outer loop
      vertex 2.90285 9.5694 51.85
      vertex 3.48342 11.4833 51.85
      vertex 3.82683 9.2388 51.85
    endloop
  endfacet
  facet normal 0 0 -1
    outer loop
      vertex 2.90285 9.5694 51.85
      vertex 2.34108 11.7694 51.85
      vertex 3.48342 11.4833 51.85
    endloop
  endfacet
  facet normal 0 0 -1
    outer loop
      vertex 1.9509 9.80785 51.85
      vertex 2.34108 11.7694 51.85
      vertex 2.90285 9.5694 51.85
    endloop
  endfacet
  facet normal 0 0 -1
    outer loop
      vertex 1.9509 9.80785 51.85
      vertex 1.17621 11.9422 51.85
      vertex 2.34108 11.7694 51.85
    endloop
  endfacet
  facet normal 0 0 -1
    outer loop
      vertex 0.980171 9.95185 51.85
      vertex 1.17621 11.9422 51.85
      vertex 1.9509 9.80785 51.85
    endloop
  endfacet
  facet normal 0 0 -1
    outer loop
      vertex 0 10 51.85
      vertex 1.17621 11.9422 51.85
      vertex 0.980171 9.95185 51.85
    endloop
  endfacet
  facet normal 0 0 -1
    outer loop
      vertex 0 10 51.85
      vertex 0 12 51.85
      vertex 1.17621 11.9422 51.85
    endloop
  endfacet
  facet normal 0 0 -1
    outer loop
      vertex -0.980171 9.95185 51.85
      vertex 0 12 51.85
      vertex 0 10 51.85
    endloop
  endfacet
  facet normal 0 0 -1
    outer loop
      vertex -0.980171 9.95185 51.85
      vertex -1.17621 11.9422 51.85
      vertex 0 12 51.85
    endloop
  endfacet
  facet normal 0 0 -1
    outer loop
      vertex -1.9509 9.80785 51.85
      vertex -1.17621 11.9422 51.85
      vertex -0.980171 9.95185 51.85
    endloop
  endfacet
  facet normal 0 0 -1
    outer loop
      vertex -1.9509 9.80785 51.85
      vertex -2.34108 11.7694 51.85
      vertex -1.17621 11.9422 51.85
    endloop
  endfacet
  facet normal 0 0 -1
    outer loop
      vertex -2.90285 9.5694 51.85
      vertex -2.34108 11.7694 51.85
      vertex -1.9509 9.80785 51.85
    endloop
  endfacet
  facet normal 0 0 -1
    outer loop
      vertex -2.90285 9.5694 51.85
      vertex -3.48342 11.4833 51.85
      vertex -2.34108 11.7694 51.85
    endloop
  endfacet
  facet normal 0 0 -1
    outer loop
      vertex -3.82683 9.2388 51.85
      vertex -3.48342 11.4833 51.85
      vertex -2.90285 9.5694 51.85
    endloop
  endfacet
  facet normal 0 0 -1
    outer loop
      vertex -3.82683 9.2388 51.85
      vertex -4.5922 11.0866 51.85
      vertex -3.48342 11.4833 51.85
    endloop
  endfacet
  facet normal 0 0 -1
    outer loop
      vertex -4.71397 8.81921 51.85
      vertex -4.5922 11.0866 51.85
      vertex -3.82683 9.2388 51.85
    endloop
  endfacet
  facet normal 0 0 -1
    outer loop
      vertex -5.65676 10.5831 51.85
      vertex -4.71397 8.81921 51.85
      vertex -5.5557 8.3147 51.85
    endloop
  endfacet
  facet normal 0 0 -1
    outer loop
      vertex -4.71397 8.81921 51.85
      vertex -5.65676 10.5831 51.85
      vertex -4.5922 11.0866 51.85
    endloop
  endfacet
  facet normal 0 0 -1
    outer loop
      vertex -6.66684 9.97763 51.85
      vertex -5.5557 8.3147 51.85
      vertex -6.34393 7.7301 51.85
    endloop
  endfacet
  facet normal 0 0 -1
    outer loop
      vertex -5.5557 8.3147 51.85
      vertex -6.66684 9.97763 51.85
      vertex -5.65676 10.5831 51.85
    endloop
  endfacet
  facet normal 0 0 -1
    outer loop
      vertex -7.61272 9.27612 51.85
      vertex -6.34393 7.7301 51.85
      vertex -7.07107 7.07107 51.85
    endloop
  endfacet
  facet normal 0 0 -1
    outer loop
      vertex -6.34393 7.7301 51.85
      vertex -7.61272 9.27612 51.85
      vertex -6.66684 9.97763 51.85
    endloop
  endfacet
  facet normal 0 0 -1
    outer loop
      vertex -8.48528 8.48528 51.85
      vertex -7.07107 7.07107 51.85
      vertex -7.7301 6.34393 51.85
    endloop
  endfacet
  facet normal 0 0 -1
    outer loop
      vertex -9.27612 7.61272 51.85
      vertex -7.7301 6.34393 51.85
      vertex -8.3147 5.5557 51.85
    endloop
  endfacet
  facet normal 0 0 -1
    outer loop
      vertex -7.07107 7.07107 51.85
      vertex -8.48528 8.48528 51.85
      vertex -7.61272 9.27612 51.85
    endloop
  endfacet
  facet normal 0 0 -1
    outer loop
      vertex -9.97763 6.66684 51.85
      vertex -8.3147 5.5557 51.85
      vertex -8.81921 4.71397 51.85
    endloop
  endfacet
  facet normal 0 0 -1
    outer loop
      vertex -10.5831 5.65676 51.85
      vertex -8.81921 4.71397 51.85
      vertex -9.2388 3.82683 51.85
    endloop
  endfacet
  facet normal 0 0 -1
    outer loop
      vertex -7.7301 6.34393 51.85
      vertex -9.27612 7.61272 51.85
      vertex -8.48528 8.48528 51.85
    endloop
  endfacet
  facet normal 0 0 -1
    outer loop
      vertex -11.0866 4.5922 51.85
      vertex -9.2388 3.82683 51.85
      vertex -9.5694 2.90285 51.85
    endloop
  endfacet
  facet normal 0 0 -1
    outer loop
      vertex -11.4833 3.48342 51.85
      vertex -9.5694 2.90285 51.85
      vertex -9.80785 1.9509 51.85
    endloop
  endfacet
  facet normal 0 0 -1
    outer loop
      vertex -11.7694 2.34108 51.85
      vertex -9.80785 1.9509 51.85
      vertex -9.95185 0.980171 51.85
    endloop
  endfacet
  facet normal 0 0 -1
    outer loop
      vertex -8.3147 5.5557 51.85
      vertex -9.97763 6.66684 51.85
      vertex -9.27612 7.61272 51.85
    endloop
  endfacet
  facet normal 0 0 -1
    outer loop
      vertex -11.9422 1.17621 51.85
      vertex -9.95185 0.980171 51.85
      vertex -10 0 51.85
    endloop
  endfacet
  facet normal 0 0 -1
    outer loop
      vertex -11.7694 -2.34108 51.85
      vertex -9.80785 -1.9509 51.85
      vertex -11.4833 -3.48342 51.85
    endloop
  endfacet
  facet normal 0 0 -1
    outer loop
      vertex -8.81921 4.71397 51.85
      vertex -10.5831 5.65676 51.85
      vertex -9.97763 6.66684 51.85
    endloop
  endfacet
  facet normal -0 0 -1
    outer loop
      vertex -9.80785 -1.9509 51.85
      vertex -11.7694 -2.34108 51.85
      vertex -9.95185 -0.980171 51.85
    endloop
  endfacet
  facet normal 0 0 -1
    outer loop
      vertex -9.2388 3.82683 51.85
      vertex -11.0866 4.5922 51.85
      vertex -10.5831 5.65676 51.85
    endloop
  endfacet
  facet normal 0 0 -1
    outer loop
      vertex -11.9422 -1.17621 51.85
      vertex -9.95185 -0.980171 51.85
      vertex -11.7694 -2.34108 51.85
    endloop
  endfacet
  facet normal 0 0 -1
    outer loop
      vertex -9.5694 2.90285 51.85
      vertex -11.4833 3.48342 51.85
      vertex -11.0866 4.5922 51.85
    endloop
  endfacet
  facet normal -0 0 -1
    outer loop
      vertex -9.95185 -0.980171 51.85
      vertex -11.9422 -1.17621 51.85
      vertex -10 0 51.85
    endloop
  endfacet
  facet normal 0 0 -1
    outer loop
      vertex -9.80785 1.9509 51.85
      vertex -11.7694 2.34108 51.85
      vertex -11.4833 3.48342 51.85
    endloop
  endfacet
  facet normal 0 0 -1
    outer loop
      vertex -12 0 51.85
      vertex -10 0 51.85
      vertex -11.9422 -1.17621 51.85
    endloop
  endfacet
  facet normal 0 0 -1
    outer loop
      vertex -9.95185 0.980171 51.85
      vertex -11.9422 1.17621 51.85
      vertex -11.7694 2.34108 51.85
    endloop
  endfacet
  facet normal 0 0 -1
    outer loop
      vertex -10 0 51.85
      vertex -12 0 51.85
      vertex -11.9422 1.17621 51.85
    endloop
  endfacet
  facet normal -0.671553 -0.740957 0
    outer loop
      vertex -7.07107 -7.07107 48.15
      vertex -6.34393 -7.7301 51.85
      vertex -7.07107 -7.07107 51.85
    endloop
  endfacet
  facet normal -0.671553 -0.740957 -0
    outer loop
      vertex -6.34393 -7.7301 51.85
      vertex -7.07107 -7.07107 48.15
      vertex -6.34393 -7.7301 48.15
    endloop
  endfacet
  facet normal -0.941546 0.336885 0
    outer loop
      vertex -9.5694 2.90285 48.15
      vertex -9.2388 3.82683 51.85
      vertex -9.2388 3.82683 48.15
    endloop
  endfacet
  facet normal -0.941546 0.336885 0
    outer loop
      vertex -9.2388 3.82683 51.85
      vertex -9.5694 2.90285 48.15
      vertex -9.5694 2.90285 51.85
    endloop
  endfacet
  facet normal 0.989176 0.146736 0
    outer loop
      vertex 9.95185 0.980171 51.85
      vertex 9.80785 1.9509 48.15
      vertex 9.80785 1.9509 51.85
    endloop
  endfacet
  facet normal 0.989176 0.146736 0
    outer loop
      vertex 9.80785 1.9509 48.15
      vertex 9.95185 0.980171 51.85
      vertex 9.95185 0.980171 48.15
    endloop
  endfacet
  facet normal 0.998796 0.0490649 0
    outer loop
      vertex 10 0 51.85
      vertex 9.95185 0.980171 48.15
      vertex 9.95185 0.980171 51.85
    endloop
  endfacet
  facet normal 0.998796 0.0490649 0
    outer loop
      vertex 9.95185 0.980171 48.15
      vertex 10 0 51.85
      vertex 10 0 48.15
    endloop
  endfacet
  facet normal -0.5141 -0.85773 0
    outer loop
      vertex -5.5557 -8.3147 48.15
      vertex -4.71397 -8.81921 51.85
      vertex -5.5557 -8.3147 51.85
    endloop
  endfacet
  facet normal -0.5141 -0.85773 -0
    outer loop
      vertex -4.71397 -8.81921 51.85
      vertex -5.5557 -8.3147 48.15
      vertex -4.71397 -8.81921 48.15
    endloop
  endfacet
  facet normal 0.671553 0.740957 -0
    outer loop
      vertex 7.07107 7.07107 48.15
      vertex 6.34393 7.7301 51.85
      vertex 7.07107 7.07107 51.85
    endloop
  endfacet
  facet normal 0.671553 0.740957 0
    outer loop
      vertex 6.34393 7.7301 51.85
      vertex 7.07107 7.07107 48.15
      vertex 6.34393 7.7301 48.15
    endloop
  endfacet
  facet normal -0.146736 -0.989176 0
    outer loop
      vertex -1.9509 -9.80785 48.15
      vertex -0.980171 -9.95185 51.85
      vertex -1.9509 -9.80785 51.85
    endloop
  endfacet
  facet normal -0.146736 -0.989176 -0
    outer loop
      vertex -0.980171 -9.95185 51.85
      vertex -1.9509 -9.80785 48.15
      vertex -0.980171 -9.95185 48.15
    endloop
  endfacet
  facet normal 0.740957 0.671553 0
    outer loop
      vertex 7.7301 6.34393 51.85
      vertex 7.07107 7.07107 48.15
      vertex 7.07107 7.07107 51.85
    endloop
  endfacet
  facet normal 0.740957 0.671553 0
    outer loop
      vertex 7.07107 7.07107 48.15
      vertex 7.7301 6.34393 51.85
      vertex 7.7301 6.34393 48.15
    endloop
  endfacet
  facet normal 0.427558 0.903988 -0
    outer loop
      vertex 4.71397 8.81921 48.15
      vertex 3.82683 9.2388 51.85
      vertex 4.71397 8.81921 51.85
    endloop
  endfacet
  facet normal 0.427558 0.903988 0
    outer loop
      vertex 3.82683 9.2388 51.85
      vertex 4.71397 8.81921 48.15
      vertex 3.82683 9.2388 48.15
    endloop
  endfacet
  facet normal 0.0490649 -0.998796 0
    outer loop
      vertex 0 -10 48.15
      vertex 0.980171 -9.95185 51.85
      vertex 0 -10 51.85
    endloop
  endfacet
  facet normal 0.0490649 -0.998796 0
    outer loop
      vertex 0.980171 -9.95185 51.85
      vertex 0 -10 48.15
      vertex 0.980171 -9.95185 48.15
    endloop
  endfacet
  facet normal -0.740957 0.671553 0
    outer loop
      vertex -7.7301 6.34393 48.15
      vertex -7.07107 7.07107 51.85
      vertex -7.07107 7.07107 48.15
    endloop
  endfacet
  facet normal -0.740957 0.671553 0
    outer loop
      vertex -7.07107 7.07107 51.85
      vertex -7.7301 6.34393 48.15
      vertex -7.7301 6.34393 51.85
    endloop
  endfacet
  facet normal 0.989176 -0.146736 0
    outer loop
      vertex 9.80785 -1.9509 51.85
      vertex 9.95185 -0.980171 48.15
      vertex 9.95185 -0.980171 51.85
    endloop
  endfacet
  facet normal 0.989176 -0.146736 0
    outer loop
      vertex 9.95185 -0.980171 48.15
      vertex 9.80785 -1.9509 51.85
      vertex 9.80785 -1.9509 48.15
    endloop
  endfacet
  facet normal 0.903988 0.427558 0
    outer loop
      vertex 9.2388 3.82683 51.85
      vertex 8.81921 4.71397 48.15
      vertex 8.81921 4.71397 51.85
    endloop
  endfacet
  facet normal 0.903988 0.427558 0
    outer loop
      vertex 8.81921 4.71397 48.15
      vertex 9.2388 3.82683 51.85
      vertex 9.2388 3.82683 48.15
    endloop
  endfacet
  facet normal -0.242979 0.970032 0
    outer loop
      vertex -1.9509 9.80785 48.15
      vertex -2.90285 9.5694 51.85
      vertex -1.9509 9.80785 51.85
    endloop
  endfacet
  facet normal -0.242979 0.970032 0
    outer loop
      vertex -2.90285 9.5694 51.85
      vertex -1.9509 9.80785 48.15
      vertex -2.90285 9.5694 48.15
    endloop
  endfacet
  facet normal -0.803203 0.595705 0
    outer loop
      vertex -8.3147 5.5557 48.15
      vertex -7.7301 6.34393 51.85
      vertex -7.7301 6.34393 48.15
    endloop
  endfacet
  facet normal -0.803203 0.595705 0
    outer loop
      vertex -7.7301 6.34393 51.85
      vertex -8.3147 5.5557 48.15
      vertex -8.3147 5.5557 51.85
    endloop
  endfacet
  facet normal 0.242979 0.970032 -0
    outer loop
      vertex 2.90285 9.5694 48.15
      vertex 1.9509 9.80785 51.85
      vertex 2.90285 9.5694 51.85
    endloop
  endfacet
  facet normal 0.242979 0.970032 0
    outer loop
      vertex 1.9509 9.80785 51.85
      vertex 2.90285 9.5694 48.15
      vertex 1.9509 9.80785 48.15
    endloop
  endfacet
  facet normal 0.336885 0.941546 -0
    outer loop
      vertex 3.82683 9.2388 48.15
      vertex 2.90285 9.5694 51.85
      vertex 3.82683 9.2388 51.85
    endloop
  endfacet
  facet normal 0.336885 0.941546 0
    outer loop
      vertex 2.90285 9.5694 51.85
      vertex 3.82683 9.2388 48.15
      vertex 2.90285 9.5694 48.15
    endloop
  endfacet
  facet normal 0.941546 0.336885 0
    outer loop
      vertex 9.5694 2.90285 51.85
      vertex 9.2388 3.82683 48.15
      vertex 9.2388 3.82683 51.85
    endloop
  endfacet
  facet normal 0.941546 0.336885 0
    outer loop
      vertex 9.2388 3.82683 48.15
      vertex 9.5694 2.90285 51.85
      vertex 9.5694 2.90285 48.15
    endloop
  endfacet
  facet normal 0.595705 0.803203 -0
    outer loop
      vertex 6.34393 7.7301 48.15
      vertex 5.5557 8.3147 51.85
      vertex 6.34393 7.7301 51.85
    endloop
  endfacet
  facet normal 0.595705 0.803203 0
    outer loop
      vertex 5.5557 8.3147 51.85
      vertex 6.34393 7.7301 48.15
      vertex 5.5557 8.3147 48.15
    endloop
  endfacet
  facet normal -0.85773 -0.5141 0
    outer loop
      vertex -8.3147 -5.5557 48.15
      vertex -8.81921 -4.71397 51.85
      vertex -8.81921 -4.71397 48.15
    endloop
  endfacet
  facet normal -0.85773 -0.5141 0
    outer loop
      vertex -8.81921 -4.71397 51.85
      vertex -8.3147 -5.5557 48.15
      vertex -8.3147 -5.5557 51.85
    endloop
  endfacet
  facet normal 0.5141 0.85773 -0
    outer loop
      vertex 5.5557 8.3147 48.15
      vertex 4.71397 8.81921 51.85
      vertex 5.5557 8.3147 51.85
    endloop
  endfacet
  facet normal 0.5141 0.85773 0
    outer loop
      vertex 4.71397 8.81921 51.85
      vertex 5.5557 8.3147 48.15
      vertex 4.71397 8.81921 48.15
    endloop
  endfacet
  facet normal 0.941546 -0.336885 0
    outer loop
      vertex 9.2388 -3.82683 51.85
      vertex 9.5694 -2.90285 48.15
      vertex 9.5694 -2.90285 51.85
    endloop
  endfacet
  facet normal 0.941546 -0.336885 0
    outer loop
      vertex 9.5694 -2.90285 48.15
      vertex 9.2388 -3.82683 51.85
      vertex 9.2388 -3.82683 48.15
    endloop
  endfacet
  facet normal -0.85773 0.5141 0
    outer loop
      vertex -8.81921 4.71397 48.15
      vertex -8.3147 5.5557 51.85
      vertex -8.3147 5.5557 48.15
    endloop
  endfacet
  facet normal -0.85773 0.5141 0
    outer loop
      vertex -8.3147 5.5557 51.85
      vertex -8.81921 4.71397 48.15
      vertex -8.81921 4.71397 51.85
    endloop
  endfacet
  facet normal -0.970032 -0.242979 0
    outer loop
      vertex -9.5694 -2.90285 48.15
      vertex -9.80785 -1.9509 51.85
      vertex -9.80785 -1.9509 48.15
    endloop
  endfacet
  facet normal -0.970032 -0.242979 0
    outer loop
      vertex -9.80785 -1.9509 51.85
      vertex -9.5694 -2.90285 48.15
      vertex -9.5694 -2.90285 51.85
    endloop
  endfacet
  facet normal 0.0490649 0.998796 -0
    outer loop
      vertex 0.980171 9.95185 48.15
      vertex 0 10 51.85
      vertex 0.980171 9.95185 51.85
    endloop
  endfacet
  facet normal 0.0490649 0.998796 0
    outer loop
      vertex 0 10 51.85
      vertex 0.980171 9.95185 48.15
      vertex 0 10 48.15
    endloop
  endfacet
  facet normal 0.85773 0.5141 0
    outer loop
      vertex 8.81921 4.71397 51.85
      vertex 8.3147 5.5557 48.15
      vertex 8.3147 5.5557 51.85
    endloop
  endfacet
  facet normal 0.85773 0.5141 0
    outer loop
      vertex 8.3147 5.5557 48.15
      vertex 8.81921 4.71397 51.85
      vertex 8.81921 4.71397 48.15
    endloop
  endfacet
  facet normal -0.941546 -0.336885 0
    outer loop
      vertex -9.2388 -3.82683 48.15
      vertex -9.5694 -2.90285 51.85
      vertex -9.5694 -2.90285 48.15
    endloop
  endfacet
  facet normal -0.941546 -0.336885 0
    outer loop
      vertex -9.5694 -2.90285 51.85
      vertex -9.2388 -3.82683 48.15
      vertex -9.2388 -3.82683 51.85
    endloop
  endfacet
  facet normal -0.671553 0.740957 0
    outer loop
      vertex -6.34393 7.7301 48.15
      vertex -7.07107 7.07107 51.85
      vertex -6.34393 7.7301 51.85
    endloop
  endfacet
  facet normal -0.671553 0.740957 0
    outer loop
      vertex -7.07107 7.07107 51.85
      vertex -6.34393 7.7301 48.15
      vertex -7.07107 7.07107 48.15
    endloop
  endfacet
  facet normal 0.970032 -0.242979 0
    outer loop
      vertex 9.5694 -2.90285 51.85
      vertex 9.80785 -1.9509 48.15
      vertex 9.80785 -1.9509 51.85
    endloop
  endfacet
  facet normal 0.970032 -0.242979 0
    outer loop
      vertex 9.80785 -1.9509 48.15
      vertex 9.5694 -2.90285 51.85
      vertex 9.5694 -2.90285 48.15
    endloop
  endfacet
  facet normal -0.5141 0.85773 0
    outer loop
      vertex -4.71397 8.81921 48.15
      vertex -5.5557 8.3147 51.85
      vertex -4.71397 8.81921 51.85
    endloop
  endfacet
  facet normal -0.5141 0.85773 0
    outer loop
      vertex -5.5557 8.3147 51.85
      vertex -4.71397 8.81921 48.15
      vertex -5.5557 8.3147 48.15
    endloop
  endfacet
  facet normal -0.998796 -0.0490649 0
    outer loop
      vertex -9.95185 -0.980171 48.15
      vertex -10 0 51.85
      vertex -10 0 48.15
    endloop
  endfacet
  facet normal -0.998796 -0.0490649 0
    outer loop
      vertex -10 0 51.85
      vertex -9.95185 -0.980171 48.15
      vertex -9.95185 -0.980171 51.85
    endloop
  endfacet
  facet normal -0.970032 0.242979 0
    outer loop
      vertex -9.80785 1.9509 48.15
      vertex -9.5694 2.90285 51.85
      vertex -9.5694 2.90285 48.15
    endloop
  endfacet
  facet normal -0.970032 0.242979 0
    outer loop
      vertex -9.5694 2.90285 51.85
      vertex -9.80785 1.9509 48.15
      vertex -9.80785 1.9509 51.85
    endloop
  endfacet
  facet normal 0.427558 -0.903988 0
    outer loop
      vertex 3.82683 -9.2388 48.15
      vertex 4.71397 -8.81921 51.85
      vertex 3.82683 -9.2388 51.85
    endloop
  endfacet
  facet normal 0.427558 -0.903988 0
    outer loop
      vertex 4.71397 -8.81921 51.85
      vertex 3.82683 -9.2388 48.15
      vertex 4.71397 -8.81921 48.15
    endloop
  endfacet
  facet normal -0.336885 -0.941546 0
    outer loop
      vertex -3.82683 -9.2388 48.15
      vertex -2.90285 -9.5694 51.85
      vertex -3.82683 -9.2388 51.85
    endloop
  endfacet
  facet normal -0.336885 -0.941546 -0
    outer loop
      vertex -2.90285 -9.5694 51.85
      vertex -3.82683 -9.2388 48.15
      vertex -2.90285 -9.5694 48.15
    endloop
  endfacet
  facet normal -0.336885 0.941546 0
    outer loop
      vertex -2.90285 9.5694 48.15
      vertex -3.82683 9.2388 51.85
      vertex -2.90285 9.5694 51.85
    endloop
  endfacet
  facet normal -0.336885 0.941546 0
    outer loop
      vertex -3.82683 9.2388 51.85
      vertex -2.90285 9.5694 48.15
      vertex -3.82683 9.2388 48.15
    endloop
  endfacet
  facet normal 0.5141 -0.85773 0
    outer loop
      vertex 4.71397 -8.81921 48.15
      vertex 5.5557 -8.3147 51.85
      vertex 4.71397 -8.81921 51.85
    endloop
  endfacet
  facet normal 0.5141 -0.85773 0
    outer loop
      vertex 5.5557 -8.3147 51.85
      vertex 4.71397 -8.81921 48.15
      vertex 5.5557 -8.3147 48.15
    endloop
  endfacet
  facet normal 0.146736 -0.989176 0
    outer loop
      vertex 0.980171 -9.95185 48.15
      vertex 1.9509 -9.80785 51.85
      vertex 0.980171 -9.95185 51.85
    endloop
  endfacet
  facet normal 0.146736 -0.989176 0
    outer loop
      vertex 1.9509 -9.80785 51.85
      vertex 0.980171 -9.95185 48.15
      vertex 1.9509 -9.80785 48.15
    endloop
  endfacet
  facet normal 0.740957 -0.671553 0
    outer loop
      vertex 7.07107 -7.07107 51.85
      vertex 7.7301 -6.34393 48.15
      vertex 7.7301 -6.34393 51.85
    endloop
  endfacet
  facet normal 0.740957 -0.671553 0
    outer loop
      vertex 7.7301 -6.34393 48.15
      vertex 7.07107 -7.07107 51.85
      vertex 7.07107 -7.07107 48.15
    endloop
  endfacet
  facet normal 0.803203 -0.595705 0
    outer loop
      vertex 7.7301 -6.34393 51.85
      vertex 8.3147 -5.5557 48.15
      vertex 8.3147 -5.5557 51.85
    endloop
  endfacet
  facet normal 0.803203 -0.595705 0
    outer loop
      vertex 8.3147 -5.5557 48.15
      vertex 7.7301 -6.34393 51.85
      vertex 7.7301 -6.34393 48.15
    endloop
  endfacet
  facet normal -0.427558 0.903988 0
    outer loop
      vertex -3.82683 9.2388 48.15
      vertex -4.71397 8.81921 51.85
      vertex -3.82683 9.2388 51.85
    endloop
  endfacet
  facet normal -0.427558 0.903988 0
    outer loop
      vertex -4.71397 8.81921 51.85
      vertex -3.82683 9.2388 48.15
      vertex -4.71397 8.81921 48.15
    endloop
  endfacet
  facet normal -0.595705 0.803203 0
    outer loop
      vertex -5.5557 8.3147 48.15
      vertex -6.34393 7.7301 51.85
      vertex -5.5557 8.3147 51.85
    endloop
  endfacet
  facet normal -0.595705 0.803203 0
    outer loop
      vertex -6.34393 7.7301 51.85
      vertex -5.5557 8.3147 48.15
      vertex -6.34393 7.7301 48.15
    endloop
  endfacet
  facet normal -0.989176 0.146736 0
    outer loop
      vertex -9.95185 0.980171 48.15
      vertex -9.80785 1.9509 51.85
      vertex -9.80785 1.9509 48.15
    endloop
  endfacet
  facet normal -0.989176 0.146736 0
    outer loop
      vertex -9.80785 1.9509 51.85
      vertex -9.95185 0.980171 48.15
      vertex -9.95185 0.980171 51.85
    endloop
  endfacet
  facet normal -0.242979 -0.970032 0
    outer loop
      vertex -2.90285 -9.5694 48.15
      vertex -1.9509 -9.80785 51.85
      vertex -2.90285 -9.5694 51.85
    endloop
  endfacet
  facet normal -0.242979 -0.970032 -0
    outer loop
      vertex -1.9509 -9.80785 51.85
      vertex -2.90285 -9.5694 48.15
      vertex -1.9509 -9.80785 48.15
    endloop
  endfacet
  facet normal 0.970032 0.242979 0
    outer loop
      vertex 9.80785 1.9509 51.85
      vertex 9.5694 2.90285 48.15
      vertex 9.5694 2.90285 51.85
    endloop
  endfacet
  facet normal 0.970032 0.242979 0
    outer loop
      vertex 9.5694 2.90285 48.15
      vertex 9.80785 1.9509 51.85
      vertex 9.80785 1.9509 48.15
    endloop
  endfacet
  facet normal 0.803203 0.595705 0
    outer loop
      vertex 8.3147 5.5557 51.85
      vertex 7.7301 6.34393 48.15
      vertex 7.7301 6.34393 51.85
    endloop
  endfacet
  facet normal 0.803203 0.595705 0
    outer loop
      vertex 7.7301 6.34393 48.15
      vertex 8.3147 5.5557 51.85
      vertex 8.3147 5.5557 48.15
    endloop
  endfacet
  facet normal -0.803203 -0.595705 0
    outer loop
      vertex -7.7301 -6.34393 48.15
      vertex -8.3147 -5.5557 51.85
      vertex -8.3147 -5.5557 48.15
    endloop
  endfacet
  facet normal -0.803203 -0.595705 0
    outer loop
      vertex -8.3147 -5.5557 51.85
      vertex -7.7301 -6.34393 48.15
      vertex -7.7301 -6.34393 51.85
    endloop
  endfacet
  facet normal -0.903988 -0.427558 0
    outer loop
      vertex -8.81921 -4.71397 48.15
      vertex -9.2388 -3.82683 51.85
      vertex -9.2388 -3.82683 48.15
    endloop
  endfacet
  facet normal -0.903988 -0.427558 0
    outer loop
      vertex -9.2388 -3.82683 51.85
      vertex -8.81921 -4.71397 48.15
      vertex -8.81921 -4.71397 51.85
    endloop
  endfacet
  facet normal 0.146736 0.989176 -0
    outer loop
      vertex 1.9509 9.80785 48.15
      vertex 0.980171 9.95185 51.85
      vertex 1.9509 9.80785 51.85
    endloop
  endfacet
  facet normal 0.146736 0.989176 0
    outer loop
      vertex 0.980171 9.95185 51.85
      vertex 1.9509 9.80785 48.15
      vertex 0.980171 9.95185 48.15
    endloop
  endfacet
  facet normal -0.0490649 0.998796 0
    outer loop
      vertex 0 10 48.15
      vertex -0.980171 9.95185 51.85
      vertex 0 10 51.85
    endloop
  endfacet
  facet normal -0.0490649 0.998796 0
    outer loop
      vertex -0.980171 9.95185 51.85
      vertex 0 10 48.15
      vertex -0.980171 9.95185 48.15
    endloop
  endfacet
  facet normal -0.427558 -0.903988 0
    outer loop
      vertex -4.71397 -8.81921 48.15
      vertex -3.82683 -9.2388 51.85
      vertex -4.71397 -8.81921 51.85
    endloop
  endfacet
  facet normal -0.427558 -0.903988 -0
    outer loop
      vertex -3.82683 -9.2388 51.85
      vertex -4.71397 -8.81921 48.15
      vertex -3.82683 -9.2388 48.15
    endloop
  endfacet
  facet normal 0.595705 -0.803203 0
    outer loop
      vertex 5.5557 -8.3147 48.15
      vertex 6.34393 -7.7301 51.85
      vertex 5.5557 -8.3147 51.85
    endloop
  endfacet
  facet normal 0.595705 -0.803203 0
    outer loop
      vertex 6.34393 -7.7301 51.85
      vertex 5.5557 -8.3147 48.15
      vertex 6.34393 -7.7301 48.15
    endloop
  endfacet
  facet normal 0.998796 -0.0490649 0
    outer loop
      vertex 9.95185 -0.980171 51.85
      vertex 10 0 48.15
      vertex 10 0 51.85
    endloop
  endfacet
  facet normal 0.998796 -0.0490649 0
    outer loop
      vertex 10 0 48.15
      vertex 9.95185 -0.980171 51.85
      vertex 9.95185 -0.980171 48.15
    endloop
  endfacet
  facet normal -0.146736 0.989176 0
    outer loop
      vertex -0.980171 9.95185 48.15
      vertex -1.9509 9.80785 51.85
      vertex -0.980171 9.95185 51.85
    endloop
  endfacet
  facet normal -0.146736 0.989176 0
    outer loop
      vertex -1.9509 9.80785 51.85
      vertex -0.980171 9.95185 48.15
      vertex -1.9509 9.80785 48.15
    endloop
  endfacet
  facet normal -0.989176 -0.146736 0
    outer loop
      vertex -9.80785 -1.9509 48.15
      vertex -9.95185 -0.980171 51.85
      vertex -9.95185 -0.980171 48.15
    endloop
  endfacet
  facet normal -0.989176 -0.146736 0
    outer loop
      vertex -9.95185 -0.980171 51.85
      vertex -9.80785 -1.9509 48.15
      vertex -9.80785 -1.9509 51.85
    endloop
  endfacet
  facet normal 0.336885 -0.941546 0
    outer loop
      vertex 2.90285 -9.5694 48.15
      vertex 3.82683 -9.2388 51.85
      vertex 2.90285 -9.5694 51.85
    endloop
  endfacet
  facet normal 0.336885 -0.941546 0
    outer loop
      vertex 3.82683 -9.2388 51.85
      vertex 2.90285 -9.5694 48.15
      vertex 3.82683 -9.2388 48.15
    endloop
  endfacet
  facet normal 0.242979 -0.970032 0
    outer loop
      vertex 1.9509 -9.80785 48.15
      vertex 2.90285 -9.5694 51.85
      vertex 1.9509 -9.80785 51.85
    endloop
  endfacet
  facet normal 0.242979 -0.970032 0
    outer loop
      vertex 2.90285 -9.5694 51.85
      vertex 1.9509 -9.80785 48.15
      vertex 2.90285 -9.5694 48.15
    endloop
  endfacet
  facet normal -0.740957 -0.671553 0
    outer loop
      vertex -7.07107 -7.07107 48.15
      vertex -7.7301 -6.34393 51.85
      vertex -7.7301 -6.34393 48.15
    endloop
  endfacet
  facet normal -0.740957 -0.671553 0
    outer loop
      vertex -7.7301 -6.34393 51.85
      vertex -7.07107 -7.07107 48.15
      vertex -7.07107 -7.07107 51.85
    endloop
  endfacet
  facet normal -0.903988 0.427558 0
    outer loop
      vertex -9.2388 3.82683 48.15
      vertex -8.81921 4.71397 51.85
      vertex -8.81921 4.71397 48.15
    endloop
  endfacet
  facet normal -0.903988 0.427558 0
    outer loop
      vertex -8.81921 4.71397 51.85
      vertex -9.2388 3.82683 48.15
      vertex -9.2388 3.82683 51.85
    endloop
  endfacet
  facet normal -0.595705 -0.803203 0
    outer loop
      vertex -6.34393 -7.7301 48.15
      vertex -5.5557 -8.3147 51.85
      vertex -6.34393 -7.7301 51.85
    endloop
  endfacet
  facet normal -0.595705 -0.803203 -0
    outer loop
      vertex -5.5557 -8.3147 51.85
      vertex -6.34393 -7.7301 48.15
      vertex -5.5557 -8.3147 48.15
    endloop
  endfacet
  facet normal 0.903988 -0.427558 0
    outer loop
      vertex 8.81921 -4.71397 51.85
      vertex 9.2388 -3.82683 48.15
      vertex 9.2388 -3.82683 51.85
    endloop
  endfacet
  facet normal 0.903988 -0.427558 0
    outer loop
      vertex 9.2388 -3.82683 48.15
      vertex 8.81921 -4.71397 51.85
      vertex 8.81921 -4.71397 48.15
    endloop
  endfacet
  facet normal 0.85773 -0.5141 0
    outer loop
      vertex 8.3147 -5.5557 51.85
      vertex 8.81921 -4.71397 48.15
      vertex 8.81921 -4.71397 51.85
    endloop
  endfacet
  facet normal 0.85773 -0.5141 0
    outer loop
      vertex 8.81921 -4.71397 48.15
      vertex 8.3147 -5.5557 51.85
      vertex 8.3147 -5.5557 48.15
    endloop
  endfacet
  facet normal -0.0490649 -0.998796 0
    outer loop
      vertex -0.980171 -9.95185 48.15
      vertex 0 -10 51.85
      vertex -0.980171 -9.95185 51.85
    endloop
  endfacet
  facet normal -0.0490649 -0.998796 -0
    outer loop
      vertex 0 -10 51.85
      vertex -0.980171 -9.95185 48.15
      vertex 0 -10 48.15
    endloop
  endfacet
  facet normal -0.998796 0.0490649 0
    outer loop
      vertex -10 0 48.15
      vertex -9.95185 0.980171 51.85
      vertex -9.95185 0.980171 48.15
    endloop
  endfacet
  facet normal -0.998796 0.0490649 0
    outer loop
      vertex -9.95185 0.980171 51.85
      vertex -10 0 48.15
      vertex -10 0 51.85
    endloop
  endfacet
  facet normal 0.671553 -0.740957 0
    outer loop
      vertex 6.34393 -7.7301 48.15
      vertex 7.07107 -7.07107 51.85
      vertex 6.34393 -7.7301 51.85
    endloop
  endfacet
  facet normal 0.671553 -0.740957 0
    outer loop
      vertex 7.07107 -7.07107 51.85
      vertex 6.34393 -7.7301 48.15
      vertex 7.07107 -7.07107 48.15
    endloop
  endfacet
  facet normal 0 0 1
    outer loop
      vertex 10 0 65.15
      vertex 12 0 65.15
      vertex 11.9422 1.17621 65.15
    endloop
  endfacet
  facet normal 0 0 1
    outer loop
      vertex 9.95185 0.980171 65.15
      vertex 11.9422 1.17621 65.15
      vertex 11.7694 2.34108 65.15
    endloop
  endfacet
  facet normal 0 0 1
    outer loop
      vertex 12 0 65.15
      vertex 10 0 65.15
      vertex 11.9422 -1.17621 65.15
    endloop
  endfacet
  facet normal 0 0 1
    outer loop
      vertex 9.80785 1.9509 65.15
      vertex 11.7694 2.34108 65.15
      vertex 11.4833 3.48342 65.15
    endloop
  endfacet
  facet normal -0 0 1
    outer loop
      vertex 9.95185 -0.980171 65.15
      vertex 11.9422 -1.17621 65.15
      vertex 10 0 65.15
    endloop
  endfacet
  facet normal 0 0 1
    outer loop
      vertex 9.5694 2.90285 65.15
      vertex 11.4833 3.48342 65.15
      vertex 11.0866 4.5922 65.15
    endloop
  endfacet
  facet normal 0 0 1
    outer loop
      vertex 11.9422 -1.17621 65.15
      vertex 9.95185 -0.980171 65.15
      vertex 11.7694 -2.34108 65.15
    endloop
  endfacet
  facet normal 0 0 1
    outer loop
      vertex 9.2388 3.82683 65.15
      vertex 11.0866 4.5922 65.15
      vertex 10.5831 5.65676 65.15
    endloop
  endfacet
  facet normal -0 0 1
    outer loop
      vertex 9.80785 -1.9509 65.15
      vertex 11.7694 -2.34108 65.15
      vertex 9.95185 -0.980171 65.15
    endloop
  endfacet
  facet normal 0 0 1
    outer loop
      vertex 11.7694 -2.34108 65.15
      vertex 9.80785 -1.9509 65.15
      vertex 11.4833 -3.48342 65.15
    endloop
  endfacet
  facet normal 0 0 1
    outer loop
      vertex 8.81921 4.71397 65.15
      vertex 10.5831 5.65676 65.15
      vertex 9.97763 6.66684 65.15
    endloop
  endfacet
  facet normal 0 0 1
    outer loop
      vertex 11.9422 1.17621 65.15
      vertex 9.95185 0.980171 65.15
      vertex 10 0 65.15
    endloop
  endfacet
  facet normal 0 0 1
    outer loop
      vertex 11.7694 2.34108 65.15
      vertex 9.80785 1.9509 65.15
      vertex 9.95185 0.980171 65.15
    endloop
  endfacet
  facet normal 0 0 1
    outer loop
      vertex 11.4833 3.48342 65.15
      vertex 9.5694 2.90285 65.15
      vertex 9.80785 1.9509 65.15
    endloop
  endfacet
  facet normal 0 0 1
    outer loop
      vertex 8.3147 5.5557 65.15
      vertex 9.97763 6.66684 65.15
      vertex 9.27612 7.61272 65.15
    endloop
  endfacet
  facet normal 0 0 1
    outer loop
      vertex 11.0866 4.5922 65.15
      vertex 9.2388 3.82683 65.15
      vertex 9.5694 2.90285 65.15
    endloop
  endfacet
  facet normal 0 0 1
    outer loop
      vertex 10.5831 5.65676 65.15
      vertex 8.81921 4.71397 65.15
      vertex 9.2388 3.82683 65.15
    endloop
  endfacet
  facet normal 0 0 1
    outer loop
      vertex 7.7301 6.34393 65.15
      vertex 9.27612 7.61272 65.15
      vertex 8.48528 8.48528 65.15
    endloop
  endfacet
  facet normal 0 0 1
    outer loop
      vertex 9.97763 6.66684 65.15
      vertex 8.3147 5.5557 65.15
      vertex 8.81921 4.71397 65.15
    endloop
  endfacet
  facet normal 0 0 1
    outer loop
      vertex 9.27612 7.61272 65.15
      vertex 7.7301 6.34393 65.15
      vertex 8.3147 5.5557 65.15
    endloop
  endfacet
  facet normal 0 0 1
    outer loop
      vertex 7.07107 7.07107 65.15
      vertex 8.48528 8.48528 65.15
      vertex 7.61272 9.27612 65.15
    endloop
  endfacet
  facet normal 0 0 1
    outer loop
      vertex 8.48528 8.48528 65.15
      vertex 7.07107 7.07107 65.15
      vertex 7.7301 6.34393 65.15
    endloop
  endfacet
  facet normal 0 0 1
    outer loop
      vertex 6.34393 7.7301 65.15
      vertex 7.61272 9.27612 65.15
      vertex 6.66684 9.97763 65.15
    endloop
  endfacet
  facet normal 0 0 1
    outer loop
      vertex 7.61272 9.27612 65.15
      vertex 6.34393 7.7301 65.15
      vertex 7.07107 7.07107 65.15
    endloop
  endfacet
  facet normal 0 0 1
    outer loop
      vertex 5.5557 8.3147 65.15
      vertex 6.66684 9.97763 65.15
      vertex 5.65676 10.5831 65.15
    endloop
  endfacet
  facet normal 0 0 1
    outer loop
      vertex 6.66684 9.97763 65.15
      vertex 5.5557 8.3147 65.15
      vertex 6.34393 7.7301 65.15
    endloop
  endfacet
  facet normal 0 0 1
    outer loop
      vertex 5.65676 10.5831 65.15
      vertex 4.71397 8.81921 65.15
      vertex 5.5557 8.3147 65.15
    endloop
  endfacet
  facet normal 0 0 1
    outer loop
      vertex 4.5922 11.0866 65.15
      vertex 4.71397 8.81921 65.15
      vertex 5.65676 10.5831 65.15
    endloop
  endfacet
  facet normal 0 0 1
    outer loop
      vertex 4.5922 11.0866 65.15
      vertex 3.82683 9.2388 65.15
      vertex 4.71397 8.81921 65.15
    endloop
  endfacet
  facet normal 0 0 1
    outer loop
      vertex 3.48342 11.4833 65.15
      vertex 3.82683 9.2388 65.15
      vertex 4.5922 11.0866 65.15
    endloop
  endfacet
  facet normal 0 0 1
    outer loop
      vertex 3.48342 11.4833 65.15
      vertex 2.90285 9.5694 65.15
      vertex 3.82683 9.2388 65.15
    endloop
  endfacet
  facet normal 0 0 1
    outer loop
      vertex 2.34108 11.7694 65.15
      vertex 2.90285 9.5694 65.15
      vertex 3.48342 11.4833 65.15
    endloop
  endfacet
  facet normal 0 0 1
    outer loop
      vertex 2.34108 11.7694 65.15
      vertex 1.9509 9.80785 65.15
      vertex 2.90285 9.5694 65.15
    endloop
  endfacet
  facet normal 0 0 1
    outer loop
      vertex 1.17621 11.9422 65.15
      vertex 1.9509 9.80785 65.15
      vertex 2.34108 11.7694 65.15
    endloop
  endfacet
  facet normal 0 0 1
    outer loop
      vertex 1.17621 11.9422 65.15
      vertex 0.980171 9.95185 65.15
      vertex 1.9509 9.80785 65.15
    endloop
  endfacet
  facet normal 0 0 1
    outer loop
      vertex 0 12 65.15
      vertex 0.980171 9.95185 65.15
      vertex 1.17621 11.9422 65.15
    endloop
  endfacet
  facet normal 0 0 1
    outer loop
      vertex 0 12 65.15
      vertex 0 10 65.15
      vertex 0.980171 9.95185 65.15
    endloop
  endfacet
  facet normal 0 0 1
    outer loop
      vertex 0 12 65.15
      vertex -0.980171 9.95185 65.15
      vertex 0 10 65.15
    endloop
  endfacet
  facet normal -0 0 1
    outer loop
      vertex -1.17621 11.9422 65.15
      vertex -0.980171 9.95185 65.15
      vertex 0 12 65.15
    endloop
  endfacet
  facet normal 0 0 1
    outer loop
      vertex -1.17621 11.9422 65.15
      vertex -1.9509 9.80785 65.15
      vertex -0.980171 9.95185 65.15
    endloop
  endfacet
  facet normal -0 0 1
    outer loop
      vertex -2.34108 11.7694 65.15
      vertex -1.9509 9.80785 65.15
      vertex -1.17621 11.9422 65.15
    endloop
  endfacet
  facet normal 0 0 1
    outer loop
      vertex -2.34108 11.7694 65.15
      vertex -2.90285 9.5694 65.15
      vertex -1.9509 9.80785 65.15
    endloop
  endfacet
  facet normal -0 0 1
    outer loop
      vertex -3.48342 11.4833 65.15
      vertex -2.90285 9.5694 65.15
      vertex -2.34108 11.7694 65.15
    endloop
  endfacet
  facet normal 0 0 1
    outer loop
      vertex -3.48342 11.4833 65.15
      vertex -3.82683 9.2388 65.15
      vertex -2.90285 9.5694 65.15
    endloop
  endfacet
  facet normal -0 0 1
    outer loop
      vertex -4.5922 11.0866 65.15
      vertex -3.82683 9.2388 65.15
      vertex -3.48342 11.4833 65.15
    endloop
  endfacet
  facet normal 0 0 1
    outer loop
      vertex -4.5922 11.0866 65.15
      vertex -4.71397 8.81921 65.15
      vertex -3.82683 9.2388 65.15
    endloop
  endfacet
  facet normal -0 0 1
    outer loop
      vertex -5.65676 10.5831 65.15
      vertex -4.71397 8.81921 65.15
      vertex -4.5922 11.0866 65.15
    endloop
  endfacet
  facet normal 0 0 1
    outer loop
      vertex -4.71397 8.81921 65.15
      vertex -5.65676 10.5831 65.15
      vertex -5.5557 8.3147 65.15
    endloop
  endfacet
  facet normal -0 0 1
    outer loop
      vertex -6.66684 9.97763 65.15
      vertex -5.5557 8.3147 65.15
      vertex -5.65676 10.5831 65.15
    endloop
  endfacet
  facet normal 0 0 1
    outer loop
      vertex -5.5557 8.3147 65.15
      vertex -6.66684 9.97763 65.15
      vertex -6.34393 7.7301 65.15
    endloop
  endfacet
  facet normal -0 0 1
    outer loop
      vertex -7.61272 9.27612 65.15
      vertex -6.34393 7.7301 65.15
      vertex -6.66684 9.97763 65.15
    endloop
  endfacet
  facet normal 0 0 1
    outer loop
      vertex -6.34393 7.7301 65.15
      vertex -7.61272 9.27612 65.15
      vertex -7.07107 7.07107 65.15
    endloop
  endfacet
  facet normal -0 0 1
    outer loop
      vertex -8.48528 8.48528 65.15
      vertex -7.07107 7.07107 65.15
      vertex -7.61272 9.27612 65.15
    endloop
  endfacet
  facet normal 0 0 1
    outer loop
      vertex -7.07107 7.07107 65.15
      vertex -8.48528 8.48528 65.15
      vertex -7.7301 6.34393 65.15
    endloop
  endfacet
  facet normal -0 0 1
    outer loop
      vertex -9.27612 7.61272 65.15
      vertex -7.7301 6.34393 65.15
      vertex -8.48528 8.48528 65.15
    endloop
  endfacet
  facet normal 0 0 1
    outer loop
      vertex -7.7301 6.34393 65.15
      vertex -9.27612 7.61272 65.15
      vertex -8.3147 5.5557 65.15
    endloop
  endfacet
  facet normal -0 0 1
    outer loop
      vertex -9.97763 6.66684 65.15
      vertex -8.3147 5.5557 65.15
      vertex -9.27612 7.61272 65.15
    endloop
  endfacet
  facet normal 0 0 1
    outer loop
      vertex -8.3147 5.5557 65.15
      vertex -9.97763 6.66684 65.15
      vertex -8.81921 4.71397 65.15
    endloop
  endfacet
  facet normal -0 0 1
    outer loop
      vertex -10.5831 5.65676 65.15
      vertex -8.81921 4.71397 65.15
      vertex -9.97763 6.66684 65.15
    endloop
  endfacet
  facet normal 0 0 1
    outer loop
      vertex -8.81921 4.71397 65.15
      vertex -10.5831 5.65676 65.15
      vertex -9.2388 3.82683 65.15
    endloop
  endfacet
  facet normal -0 0 1
    outer loop
      vertex -11.0866 4.5922 65.15
      vertex -9.2388 3.82683 65.15
      vertex -10.5831 5.65676 65.15
    endloop
  endfacet
  facet normal 0 0 1
    outer loop
      vertex -9.2388 3.82683 65.15
      vertex -11.0866 4.5922 65.15
      vertex -9.5694 2.90285 65.15
    endloop
  endfacet
  facet normal -0 0 1
    outer loop
      vertex -11.4833 3.48342 65.15
      vertex -9.5694 2.90285 65.15
      vertex -11.0866 4.5922 65.15
    endloop
  endfacet
  facet normal 0 0 1
    outer loop
      vertex -9.5694 2.90285 65.15
      vertex -11.4833 3.48342 65.15
      vertex -9.80785 1.9509 65.15
    endloop
  endfacet
  facet normal -0 0 1
    outer loop
      vertex 9.5694 -2.90285 65.15
      vertex 11.4833 -3.48342 65.15
      vertex 9.80785 -1.9509 65.15
    endloop
  endfacet
  facet normal 0 0 1
    outer loop
      vertex 11.4833 -3.48342 65.15
      vertex 9.5694 -2.90285 65.15
      vertex 11.0866 -4.5922 65.15
    endloop
  endfacet
  facet normal -0 0 1
    outer loop
      vertex 9.2388 -3.82683 65.15
      vertex 11.0866 -4.5922 65.15
      vertex 9.5694 -2.90285 65.15
    endloop
  endfacet
  facet normal 0 0 1
    outer loop
      vertex 11.0866 -4.5922 65.15
      vertex 9.2388 -3.82683 65.15
      vertex 10.5831 -5.65676 65.15
    endloop
  endfacet
  facet normal -0 0 1
    outer loop
      vertex 8.81921 -4.71397 65.15
      vertex 10.5831 -5.65676 65.15
      vertex 9.2388 -3.82683 65.15
    endloop
  endfacet
  facet normal 0 0 1
    outer loop
      vertex 10.5831 -5.65676 65.15
      vertex 8.81921 -4.71397 65.15
      vertex 9.97763 -6.66684 65.15
    endloop
  endfacet
  facet normal -0 0 1
    outer loop
      vertex 8.3147 -5.5557 65.15
      vertex 9.97763 -6.66684 65.15
      vertex 8.81921 -4.71397 65.15
    endloop
  endfacet
  facet normal 0 0 1
    outer loop
      vertex 9.97763 -6.66684 65.15
      vertex 8.3147 -5.5557 65.15
      vertex 9.27612 -7.61272 65.15
    endloop
  endfacet
  facet normal -0 0 1
    outer loop
      vertex 7.7301 -6.34393 65.15
      vertex 9.27612 -7.61272 65.15
      vertex 8.3147 -5.5557 65.15
    endloop
  endfacet
  facet normal 0 0 1
    outer loop
      vertex 9.27612 -7.61272 65.15
      vertex 7.7301 -6.34393 65.15
      vertex 8.48528 -8.48528 65.15
    endloop
  endfacet
  facet normal -0 0 1
    outer loop
      vertex 7.07107 -7.07107 65.15
      vertex 8.48528 -8.48528 65.15
      vertex 7.7301 -6.34393 65.15
    endloop
  endfacet
  facet normal 0 0 1
    outer loop
      vertex 8.48528 -8.48528 65.15
      vertex 7.07107 -7.07107 65.15
      vertex 7.61272 -9.27612 65.15
    endloop
  endfacet
  facet normal -0 0 1
    outer loop
      vertex 6.34393 -7.7301 65.15
      vertex 7.61272 -9.27612 65.15
      vertex 7.07107 -7.07107 65.15
    endloop
  endfacet
  facet normal 0 0 1
    outer loop
      vertex 7.61272 -9.27612 65.15
      vertex 6.34393 -7.7301 65.15
      vertex 6.66684 -9.97763 65.15
    endloop
  endfacet
  facet normal -0 0 1
    outer loop
      vertex 5.5557 -8.3147 65.15
      vertex 6.66684 -9.97763 65.15
      vertex 6.34393 -7.7301 65.15
    endloop
  endfacet
  facet normal 0 0 1
    outer loop
      vertex 6.66684 -9.97763 65.15
      vertex 5.5557 -8.3147 65.15
      vertex 5.65676 -10.5831 65.15
    endloop
  endfacet
  facet normal -0 0 1
    outer loop
      vertex 4.71397 -8.81921 65.15
      vertex 5.65676 -10.5831 65.15
      vertex 5.5557 -8.3147 65.15
    endloop
  endfacet
  facet normal 0 0 1
    outer loop
      vertex 4.71397 -8.81921 65.15
      vertex 4.5922 -11.0866 65.15
      vertex 5.65676 -10.5831 65.15
    endloop
  endfacet
  facet normal -0 0 1
    outer loop
      vertex 3.82683 -9.2388 65.15
      vertex 4.5922 -11.0866 65.15
      vertex 4.71397 -8.81921 65.15
    endloop
  endfacet
  facet normal 0 0 1
    outer loop
      vertex 3.82683 -9.2388 65.15
      vertex 3.48342 -11.4833 65.15
      vertex 4.5922 -11.0866 65.15
    endloop
  endfacet
  facet normal -0 0 1
    outer loop
      vertex 2.90285 -9.5694 65.15
      vertex 3.48342 -11.4833 65.15
      vertex 3.82683 -9.2388 65.15
    endloop
  endfacet
  facet normal 0 0 1
    outer loop
      vertex 2.90285 -9.5694 65.15
      vertex 2.34108 -11.7694 65.15
      vertex 3.48342 -11.4833 65.15
    endloop
  endfacet
  facet normal -0 0 1
    outer loop
      vertex 1.9509 -9.80785 65.15
      vertex 2.34108 -11.7694 65.15
      vertex 2.90285 -9.5694 65.15
    endloop
  endfacet
  facet normal 0 0 1
    outer loop
      vertex 1.9509 -9.80785 65.15
      vertex 1.17621 -11.9422 65.15
      vertex 2.34108 -11.7694 65.15
    endloop
  endfacet
  facet normal -0 0 1
    outer loop
      vertex 0.980171 -9.95185 65.15
      vertex 1.17621 -11.9422 65.15
      vertex 1.9509 -9.80785 65.15
    endloop
  endfacet
  facet normal -0 0 1
    outer loop
      vertex 0 -10 65.15
      vertex 1.17621 -11.9422 65.15
      vertex 0.980171 -9.95185 65.15
    endloop
  endfacet
  facet normal 0 0 1
    outer loop
      vertex 0 -10 65.15
      vertex 0 -12 65.15
      vertex 1.17621 -11.9422 65.15
    endloop
  endfacet
  facet normal 0 0 1
    outer loop
      vertex -0.980171 -9.95185 65.15
      vertex 0 -12 65.15
      vertex 0 -10 65.15
    endloop
  endfacet
  facet normal 0 0 1
    outer loop
      vertex -0.980171 -9.95185 65.15
      vertex -1.17621 -11.9422 65.15
      vertex 0 -12 65.15
    endloop
  endfacet
  facet normal 0 0 1
    outer loop
      vertex -1.9509 -9.80785 65.15
      vertex -1.17621 -11.9422 65.15
      vertex -0.980171 -9.95185 65.15
    endloop
  endfacet
  facet normal 0 0 1
    outer loop
      vertex -1.9509 -9.80785 65.15
      vertex -2.34108 -11.7694 65.15
      vertex -1.17621 -11.9422 65.15
    endloop
  endfacet
  facet normal 0 0 1
    outer loop
      vertex -2.90285 -9.5694 65.15
      vertex -2.34108 -11.7694 65.15
      vertex -1.9509 -9.80785 65.15
    endloop
  endfacet
  facet normal 0 0 1
    outer loop
      vertex -2.90285 -9.5694 65.15
      vertex -3.48342 -11.4833 65.15
      vertex -2.34108 -11.7694 65.15
    endloop
  endfacet
  facet normal 0 0 1
    outer loop
      vertex -3.82683 -9.2388 65.15
      vertex -3.48342 -11.4833 65.15
      vertex -2.90285 -9.5694 65.15
    endloop
  endfacet
  facet normal 0 0 1
    outer loop
      vertex -3.82683 -9.2388 65.15
      vertex -4.5922 -11.0866 65.15
      vertex -3.48342 -11.4833 65.15
    endloop
  endfacet
  facet normal 0 0 1
    outer loop
      vertex -4.71397 -8.81921 65.15
      vertex -4.5922 -11.0866 65.15
      vertex -3.82683 -9.2388 65.15
    endloop
  endfacet
  facet normal 0 0 1
    outer loop
      vertex -5.65676 -10.5831 65.15
      vertex -4.71397 -8.81921 65.15
      vertex -5.5557 -8.3147 65.15
    endloop
  endfacet
  facet normal 0 0 1
    outer loop
      vertex -4.71397 -8.81921 65.15
      vertex -5.65676 -10.5831 65.15
      vertex -4.5922 -11.0866 65.15
    endloop
  endfacet
  facet normal 0 0 1
    outer loop
      vertex -6.66684 -9.97763 65.15
      vertex -5.5557 -8.3147 65.15
      vertex -6.34393 -7.7301 65.15
    endloop
  endfacet
  facet normal 0 0 1
    outer loop
      vertex -5.5557 -8.3147 65.15
      vertex -6.66684 -9.97763 65.15
      vertex -5.65676 -10.5831 65.15
    endloop
  endfacet
  facet normal 0 0 1
    outer loop
      vertex -7.61272 -9.27612 65.15
      vertex -6.34393 -7.7301 65.15
      vertex -7.07107 -7.07107 65.15
    endloop
  endfacet
  facet normal 0 0 1
    outer loop
      vertex -6.34393 -7.7301 65.15
      vertex -7.61272 -9.27612 65.15
      vertex -6.66684 -9.97763 65.15
    endloop
  endfacet
  facet normal 0 0 1
    outer loop
      vertex -8.48528 -8.48528 65.15
      vertex -7.07107 -7.07107 65.15
      vertex -7.7301 -6.34393 65.15
    endloop
  endfacet
  facet normal 0 0 1
    outer loop
      vertex -9.27612 -7.61272 65.15
      vertex -7.7301 -6.34393 65.15
      vertex -8.3147 -5.5557 65.15
    endloop
  endfacet
  facet normal 0 0 1
    outer loop
      vertex -7.07107 -7.07107 65.15
      vertex -8.48528 -8.48528 65.15
      vertex -7.61272 -9.27612 65.15
    endloop
  endfacet
  facet normal 0 0 1
    outer loop
      vertex -9.97763 -6.66684 65.15
      vertex -8.3147 -5.5557 65.15
      vertex -8.81921 -4.71397 65.15
    endloop
  endfacet
  facet normal 0 0 1
    outer loop
      vertex -10.5831 -5.65676 65.15
      vertex -8.81921 -4.71397 65.15
      vertex -9.2388 -3.82683 65.15
    endloop
  endfacet
  facet normal 0 0 1
    outer loop
      vertex -7.7301 -6.34393 65.15
      vertex -9.27612 -7.61272 65.15
      vertex -8.48528 -8.48528 65.15
    endloop
  endfacet
  facet normal 0 0 1
    outer loop
      vertex -11.0866 -4.5922 65.15
      vertex -9.2388 -3.82683 65.15
      vertex -9.5694 -2.90285 65.15
    endloop
  endfacet
  facet normal 0 0 1
    outer loop
      vertex -11.4833 -3.48342 65.15
      vertex -9.5694 -2.90285 65.15
      vertex -9.80785 -1.9509 65.15
    endloop
  endfacet
  facet normal 0 0 1
    outer loop
      vertex -11.7694 -2.34108 65.15
      vertex -9.80785 -1.9509 65.15
      vertex -9.95185 -0.980171 65.15
    endloop
  endfacet
  facet normal 0 0 1
    outer loop
      vertex -8.3147 -5.5557 65.15
      vertex -9.97763 -6.66684 65.15
      vertex -9.27612 -7.61272 65.15
    endloop
  endfacet
  facet normal 0 0 1
    outer loop
      vertex -11.9422 -1.17621 65.15
      vertex -9.95185 -0.980171 65.15
      vertex -10 0 65.15
    endloop
  endfacet
  facet normal -0 0 1
    outer loop
      vertex -11.7694 2.34108 65.15
      vertex -9.80785 1.9509 65.15
      vertex -11.4833 3.48342 65.15
    endloop
  endfacet
  facet normal 0 0 1
    outer loop
      vertex -8.81921 -4.71397 65.15
      vertex -10.5831 -5.65676 65.15
      vertex -9.97763 -6.66684 65.15
    endloop
  endfacet
  facet normal 0 0 1
    outer loop
      vertex -9.80785 1.9509 65.15
      vertex -11.7694 2.34108 65.15
      vertex -9.95185 0.980171 65.15
    endloop
  endfacet
  facet normal 0 0 1
    outer loop
      vertex -9.2388 -3.82683 65.15
      vertex -11.0866 -4.5922 65.15
      vertex -10.5831 -5.65676 65.15
    endloop
  endfacet
  facet normal -0 0 1
    outer loop
      vertex -11.9422 1.17621 65.15
      vertex -9.95185 0.980171 65.15
      vertex -11.7694 2.34108 65.15
    endloop
  endfacet
  facet normal 0 0 1
    outer loop
      vertex -9.5694 -2.90285 65.15
      vertex -11.4833 -3.48342 65.15
      vertex -11.0866 -4.5922 65.15
    endloop
  endfacet
  facet normal 0 0 1
    outer loop
      vertex -9.95185 0.980171 65.15
      vertex -11.9422 1.17621 65.15
      vertex -10 0 65.15
    endloop
  endfacet
  facet normal 0 0 1
    outer loop
      vertex -9.80785 -1.9509 65.15
      vertex -11.7694 -2.34108 65.15
      vertex -11.4833 -3.48342 65.15
    endloop
  endfacet
  facet normal 0 0 1
    outer loop
      vertex -12 0 65.15
      vertex -10 0 65.15
      vertex -11.9422 1.17621 65.15
    endloop
  endfacet
  facet normal 0 0 1
    outer loop
      vertex -9.95185 -0.980171 65.15
      vertex -11.9422 -1.17621 65.15
      vertex -11.7694 -2.34108 65.15
    endloop
  endfacet
  facet normal 0 0 1
    outer loop
      vertex -10 0 65.15
      vertex -12 0 65.15
      vertex -11.9422 -1.17621 65.15
    endloop
  endfacet
  facet normal 0 0 -1
    outer loop
      vertex 10 0 68.85
      vertex 12 0 68.85
      vertex 11.9422 -1.17621 68.85
    endloop
  endfacet
  facet normal 0 0 -1
    outer loop
      vertex 9.95185 -0.980171 68.85
      vertex 11.9422 -1.17621 68.85
      vertex 11.7694 -2.34108 68.85
    endloop
  endfacet
  facet normal 0 0 -1
    outer loop
      vertex 12 0 68.85
      vertex 10 0 68.85
      vertex 11.9422 1.17621 68.85
    endloop
  endfacet
  facet normal 0 0 -1
    outer loop
      vertex 9.80785 -1.9509 68.85
      vertex 11.7694 -2.34108 68.85
      vertex 11.4833 -3.48342 68.85
    endloop
  endfacet
  facet normal 0 0 -1
    outer loop
      vertex 9.95185 0.980171 68.85
      vertex 11.9422 1.17621 68.85
      vertex 10 0 68.85
    endloop
  endfacet
  facet normal 0 0 -1
    outer loop
      vertex 9.5694 -2.90285 68.85
      vertex 11.4833 -3.48342 68.85
      vertex 11.0866 -4.5922 68.85
    endloop
  endfacet
  facet normal -0 0 -1
    outer loop
      vertex 11.9422 1.17621 68.85
      vertex 9.95185 0.980171 68.85
      vertex 11.7694 2.34108 68.85
    endloop
  endfacet
  facet normal 0 0 -1
    outer loop
      vertex 9.2388 -3.82683 68.85
      vertex 11.0866 -4.5922 68.85
      vertex 10.5831 -5.65676 68.85
    endloop
  endfacet
  facet normal 0 0 -1
    outer loop
      vertex 9.80785 1.9509 68.85
      vertex 11.7694 2.34108 68.85
      vertex 9.95185 0.980171 68.85
    endloop
  endfacet
  facet normal -0 0 -1
    outer loop
      vertex 11.7694 2.34108 68.85
      vertex 9.80785 1.9509 68.85
      vertex 11.4833 3.48342 68.85
    endloop
  endfacet
  facet normal 0 0 -1
    outer loop
      vertex 8.81921 -4.71397 68.85
      vertex 10.5831 -5.65676 68.85
      vertex 9.97763 -6.66684 68.85
    endloop
  endfacet
  facet normal 0 0 -1
    outer loop
      vertex 11.9422 -1.17621 68.85
      vertex 9.95185 -0.980171 68.85
      vertex 10 0 68.85
    endloop
  endfacet
  facet normal 0 0 -1
    outer loop
      vertex 11.7694 -2.34108 68.85
      vertex 9.80785 -1.9509 68.85
      vertex 9.95185 -0.980171 68.85
    endloop
  endfacet
  facet normal 0 0 -1
    outer loop
      vertex 11.4833 -3.48342 68.85
      vertex 9.5694 -2.90285 68.85
      vertex 9.80785 -1.9509 68.85
    endloop
  endfacet
  facet normal 0 0 -1
    outer loop
      vertex 8.3147 -5.5557 68.85
      vertex 9.97763 -6.66684 68.85
      vertex 9.27612 -7.61272 68.85
    endloop
  endfacet
  facet normal 0 0 -1
    outer loop
      vertex 11.0866 -4.5922 68.85
      vertex 9.2388 -3.82683 68.85
      vertex 9.5694 -2.90285 68.85
    endloop
  endfacet
  facet normal 0 0 -1
    outer loop
      vertex 10.5831 -5.65676 68.85
      vertex 8.81921 -4.71397 68.85
      vertex 9.2388 -3.82683 68.85
    endloop
  endfacet
  facet normal 0 0 -1
    outer loop
      vertex 7.7301 -6.34393 68.85
      vertex 9.27612 -7.61272 68.85
      vertex 8.48528 -8.48528 68.85
    endloop
  endfacet
  facet normal 0 0 -1
    outer loop
      vertex 9.97763 -6.66684 68.85
      vertex 8.3147 -5.5557 68.85
      vertex 8.81921 -4.71397 68.85
    endloop
  endfacet
  facet normal 0 0 -1
    outer loop
      vertex 9.27612 -7.61272 68.85
      vertex 7.7301 -6.34393 68.85
      vertex 8.3147 -5.5557 68.85
    endloop
  endfacet
  facet normal 0 0 -1
    outer loop
      vertex 7.07107 -7.07107 68.85
      vertex 8.48528 -8.48528 68.85
      vertex 7.61272 -9.27612 68.85
    endloop
  endfacet
  facet normal 0 0 -1
    outer loop
      vertex 8.48528 -8.48528 68.85
      vertex 7.07107 -7.07107 68.85
      vertex 7.7301 -6.34393 68.85
    endloop
  endfacet
  facet normal 0 0 -1
    outer loop
      vertex 6.34393 -7.7301 68.85
      vertex 7.61272 -9.27612 68.85
      vertex 6.66684 -9.97763 68.85
    endloop
  endfacet
  facet normal 0 0 -1
    outer loop
      vertex 7.61272 -9.27612 68.85
      vertex 6.34393 -7.7301 68.85
      vertex 7.07107 -7.07107 68.85
    endloop
  endfacet
  facet normal 0 0 -1
    outer loop
      vertex 5.5557 -8.3147 68.85
      vertex 6.66684 -9.97763 68.85
      vertex 5.65676 -10.5831 68.85
    endloop
  endfacet
  facet normal 0 0 -1
    outer loop
      vertex 6.66684 -9.97763 68.85
      vertex 5.5557 -8.3147 68.85
      vertex 6.34393 -7.7301 68.85
    endloop
  endfacet
  facet normal 0 0 -1
    outer loop
      vertex 5.65676 -10.5831 68.85
      vertex 4.71397 -8.81921 68.85
      vertex 5.5557 -8.3147 68.85
    endloop
  endfacet
  facet normal 0 0 -1
    outer loop
      vertex 4.5922 -11.0866 68.85
      vertex 4.71397 -8.81921 68.85
      vertex 5.65676 -10.5831 68.85
    endloop
  endfacet
  facet normal 0 0 -1
    outer loop
      vertex 4.5922 -11.0866 68.85
      vertex 3.82683 -9.2388 68.85
      vertex 4.71397 -8.81921 68.85
    endloop
  endfacet
  facet normal 0 0 -1
    outer loop
      vertex 3.48342 -11.4833 68.85
      vertex 3.82683 -9.2388 68.85
      vertex 4.5922 -11.0866 68.85
    endloop
  endfacet
  facet normal 0 0 -1
    outer loop
      vertex 3.48342 -11.4833 68.85
      vertex 2.90285 -9.5694 68.85
      vertex 3.82683 -9.2388 68.85
    endloop
  endfacet
  facet normal 0 0 -1
    outer loop
      vertex 2.34108 -11.7694 68.85
      vertex 2.90285 -9.5694 68.85
      vertex 3.48342 -11.4833 68.85
    endloop
  endfacet
  facet normal 0 0 -1
    outer loop
      vertex 2.34108 -11.7694 68.85
      vertex 1.9509 -9.80785 68.85
      vertex 2.90285 -9.5694 68.85
    endloop
  endfacet
  facet normal 0 0 -1
    outer loop
      vertex 1.17621 -11.9422 68.85
      vertex 1.9509 -9.80785 68.85
      vertex 2.34108 -11.7694 68.85
    endloop
  endfacet
  facet normal 0 0 -1
    outer loop
      vertex 1.17621 -11.9422 68.85
      vertex 0.980171 -9.95185 68.85
      vertex 1.9509 -9.80785 68.85
    endloop
  endfacet
  facet normal 0 0 -1
    outer loop
      vertex 0 -12 68.85
      vertex 0.980171 -9.95185 68.85
      vertex 1.17621 -11.9422 68.85
    endloop
  endfacet
  facet normal 0 0 -1
    outer loop
      vertex 0 -12 68.85
      vertex 0 -10 68.85
      vertex 0.980171 -9.95185 68.85
    endloop
  endfacet
  facet normal 0 0 -1
    outer loop
      vertex 0 -12 68.85
      vertex -0.980171 -9.95185 68.85
      vertex 0 -10 68.85
    endloop
  endfacet
  facet normal 0 0 -1
    outer loop
      vertex -1.17621 -11.9422 68.85
      vertex -0.980171 -9.95185 68.85
      vertex 0 -12 68.85
    endloop
  endfacet
  facet normal 0 0 -1
    outer loop
      vertex -1.17621 -11.9422 68.85
      vertex -1.9509 -9.80785 68.85
      vertex -0.980171 -9.95185 68.85
    endloop
  endfacet
  facet normal 0 0 -1
    outer loop
      vertex -2.34108 -11.7694 68.85
      vertex -1.9509 -9.80785 68.85
      vertex -1.17621 -11.9422 68.85
    endloop
  endfacet
  facet normal 0 0 -1
    outer loop
      vertex -2.34108 -11.7694 68.85
      vertex -2.90285 -9.5694 68.85
      vertex -1.9509 -9.80785 68.85
    endloop
  endfacet
  facet normal 0 0 -1
    outer loop
      vertex -3.48342 -11.4833 68.85
      vertex -2.90285 -9.5694 68.85
      vertex -2.34108 -11.7694 68.85
    endloop
  endfacet
  facet normal 0 0 -1
    outer loop
      vertex -3.48342 -11.4833 68.85
      vertex -3.82683 -9.2388 68.85
      vertex -2.90285 -9.5694 68.85
    endloop
  endfacet
  facet normal 0 0 -1
    outer loop
      vertex -4.5922 -11.0866 68.85
      vertex -3.82683 -9.2388 68.85
      vertex -3.48342 -11.4833 68.85
    endloop
  endfacet
  facet normal 0 0 -1
    outer loop
      vertex -4.5922 -11.0866 68.85
      vertex -4.71397 -8.81921 68.85
      vertex -3.82683 -9.2388 68.85
    endloop
  endfacet
  facet normal 0 0 -1
    outer loop
      vertex -5.65676 -10.5831 68.85
      vertex -4.71397 -8.81921 68.85
      vertex -4.5922 -11.0866 68.85
    endloop
  endfacet
  facet normal -0 0 -1
    outer loop
      vertex -4.71397 -8.81921 68.85
      vertex -5.65676 -10.5831 68.85
      vertex -5.5557 -8.3147 68.85
    endloop
  endfacet
  facet normal 0 0 -1
    outer loop
      vertex -6.66684 -9.97763 68.85
      vertex -5.5557 -8.3147 68.85
      vertex -5.65676 -10.5831 68.85
    endloop
  endfacet
  facet normal -0 0 -1
    outer loop
      vertex -5.5557 -8.3147 68.85
      vertex -6.66684 -9.97763 68.85
      vertex -6.34393 -7.7301 68.85
    endloop
  endfacet
  facet normal 0 0 -1
    outer loop
      vertex -7.61272 -9.27612 68.85
      vertex -6.34393 -7.7301 68.85
      vertex -6.66684 -9.97763 68.85
    endloop
  endfacet
  facet normal -0 0 -1
    outer loop
      vertex -6.34393 -7.7301 68.85
      vertex -7.61272 -9.27612 68.85
      vertex -7.07107 -7.07107 68.85
    endloop
  endfacet
  facet normal 0 0 -1
    outer loop
      vertex -8.48528 -8.48528 68.85
      vertex -7.07107 -7.07107 68.85
      vertex -7.61272 -9.27612 68.85
    endloop
  endfacet
  facet normal -0 0 -1
    outer loop
      vertex -7.07107 -7.07107 68.85
      vertex -8.48528 -8.48528 68.85
      vertex -7.7301 -6.34393 68.85
    endloop
  endfacet
  facet normal 0 0 -1
    outer loop
      vertex -9.27612 -7.61272 68.85
      vertex -7.7301 -6.34393 68.85
      vertex -8.48528 -8.48528 68.85
    endloop
  endfacet
  facet normal -0 0 -1
    outer loop
      vertex -7.7301 -6.34393 68.85
      vertex -9.27612 -7.61272 68.85
      vertex -8.3147 -5.5557 68.85
    endloop
  endfacet
  facet normal 0 0 -1
    outer loop
      vertex -9.97763 -6.66684 68.85
      vertex -8.3147 -5.5557 68.85
      vertex -9.27612 -7.61272 68.85
    endloop
  endfacet
  facet normal -0 0 -1
    outer loop
      vertex -8.3147 -5.5557 68.85
      vertex -9.97763 -6.66684 68.85
      vertex -8.81921 -4.71397 68.85
    endloop
  endfacet
  facet normal 0 0 -1
    outer loop
      vertex -10.5831 -5.65676 68.85
      vertex -8.81921 -4.71397 68.85
      vertex -9.97763 -6.66684 68.85
    endloop
  endfacet
  facet normal -0 0 -1
    outer loop
      vertex -8.81921 -4.71397 68.85
      vertex -10.5831 -5.65676 68.85
      vertex -9.2388 -3.82683 68.85
    endloop
  endfacet
  facet normal 0 0 -1
    outer loop
      vertex -11.0866 -4.5922 68.85
      vertex -9.2388 -3.82683 68.85
      vertex -10.5831 -5.65676 68.85
    endloop
  endfacet
  facet normal -0 0 -1
    outer loop
      vertex -9.2388 -3.82683 68.85
      vertex -11.0866 -4.5922 68.85
      vertex -9.5694 -2.90285 68.85
    endloop
  endfacet
  facet normal 0 0 -1
    outer loop
      vertex -11.4833 -3.48342 68.85
      vertex -9.5694 -2.90285 68.85
      vertex -11.0866 -4.5922 68.85
    endloop
  endfacet
  facet normal -0 0 -1
    outer loop
      vertex -9.5694 -2.90285 68.85
      vertex -11.4833 -3.48342 68.85
      vertex -9.80785 -1.9509 68.85
    endloop
  endfacet
  facet normal 0 0 -1
    outer loop
      vertex 9.5694 2.90285 68.85
      vertex 11.4833 3.48342 68.85
      vertex 9.80785 1.9509 68.85
    endloop
  endfacet
  facet normal -0 0 -1
    outer loop
      vertex 11.4833 3.48342 68.85
      vertex 9.5694 2.90285 68.85
      vertex 11.0866 4.5922 68.85
    endloop
  endfacet
  facet normal 0 0 -1
    outer loop
      vertex 9.2388 3.82683 68.85
      vertex 11.0866 4.5922 68.85
      vertex 9.5694 2.90285 68.85
    endloop
  endfacet
  facet normal -0 0 -1
    outer loop
      vertex 11.0866 4.5922 68.85
      vertex 9.2388 3.82683 68.85
      vertex 10.5831 5.65676 68.85
    endloop
  endfacet
  facet normal 0 0 -1
    outer loop
      vertex 8.81921 4.71397 68.85
      vertex 10.5831 5.65676 68.85
      vertex 9.2388 3.82683 68.85
    endloop
  endfacet
  facet normal -0 0 -1
    outer loop
      vertex 10.5831 5.65676 68.85
      vertex 8.81921 4.71397 68.85
      vertex 9.97763 6.66684 68.85
    endloop
  endfacet
  facet normal 0 0 -1
    outer loop
      vertex 8.3147 5.5557 68.85
      vertex 9.97763 6.66684 68.85
      vertex 8.81921 4.71397 68.85
    endloop
  endfacet
  facet normal -0 0 -1
    outer loop
      vertex 9.97763 6.66684 68.85
      vertex 8.3147 5.5557 68.85
      vertex 9.27612 7.61272 68.85
    endloop
  endfacet
  facet normal 0 0 -1
    outer loop
      vertex 7.7301 6.34393 68.85
      vertex 9.27612 7.61272 68.85
      vertex 8.3147 5.5557 68.85
    endloop
  endfacet
  facet normal -0 0 -1
    outer loop
      vertex 9.27612 7.61272 68.85
      vertex 7.7301 6.34393 68.85
      vertex 8.48528 8.48528 68.85
    endloop
  endfacet
  facet normal 0 0 -1
    outer loop
      vertex 7.07107 7.07107 68.85
      vertex 8.48528 8.48528 68.85
      vertex 7.7301 6.34393 68.85
    endloop
  endfacet
  facet normal -0 0 -1
    outer loop
      vertex 8.48528 8.48528 68.85
      vertex 7.07107 7.07107 68.85
      vertex 7.61272 9.27612 68.85
    endloop
  endfacet
  facet normal 0 0 -1
    outer loop
      vertex 6.34393 7.7301 68.85
      vertex 7.61272 9.27612 68.85
      vertex 7.07107 7.07107 68.85
    endloop
  endfacet
  facet normal -0 0 -1
    outer loop
      vertex 7.61272 9.27612 68.85
      vertex 6.34393 7.7301 68.85
      vertex 6.66684 9.97763 68.85
    endloop
  endfacet
  facet normal 0 0 -1
    outer loop
      vertex 5.5557 8.3147 68.85
      vertex 6.66684 9.97763 68.85
      vertex 6.34393 7.7301 68.85
    endloop
  endfacet
  facet normal -0 0 -1
    outer loop
      vertex 6.66684 9.97763 68.85
      vertex 5.5557 8.3147 68.85
      vertex 5.65676 10.5831 68.85
    endloop
  endfacet
  facet normal 0 0 -1
    outer loop
      vertex 4.71397 8.81921 68.85
      vertex 5.65676 10.5831 68.85
      vertex 5.5557 8.3147 68.85
    endloop
  endfacet
  facet normal 0 0 -1
    outer loop
      vertex 4.71397 8.81921 68.85
      vertex 4.5922 11.0866 68.85
      vertex 5.65676 10.5831 68.85
    endloop
  endfacet
  facet normal 0 0 -1
    outer loop
      vertex 3.82683 9.2388 68.85
      vertex 4.5922 11.0866 68.85
      vertex 4.71397 8.81921 68.85
    endloop
  endfacet
  facet normal 0 0 -1
    outer loop
      vertex 3.82683 9.2388 68.85
      vertex 3.48342 11.4833 68.85
      vertex 4.5922 11.0866 68.85
    endloop
  endfacet
  facet normal 0 0 -1
    outer loop
      vertex 2.90285 9.5694 68.85
      vertex 3.48342 11.4833 68.85
      vertex 3.82683 9.2388 68.85
    endloop
  endfacet
  facet normal 0 0 -1
    outer loop
      vertex 2.90285 9.5694 68.85
      vertex 2.34108 11.7694 68.85
      vertex 3.48342 11.4833 68.85
    endloop
  endfacet
  facet normal 0 0 -1
    outer loop
      vertex 1.9509 9.80785 68.85
      vertex 2.34108 11.7694 68.85
      vertex 2.90285 9.5694 68.85
    endloop
  endfacet
  facet normal 0 0 -1
    outer loop
      vertex 1.9509 9.80785 68.85
      vertex 1.17621 11.9422 68.85
      vertex 2.34108 11.7694 68.85
    endloop
  endfacet
  facet normal 0 0 -1
    outer loop
      vertex 0.980171 9.95185 68.85
      vertex 1.17621 11.9422 68.85
      vertex 1.9509 9.80785 68.85
    endloop
  endfacet
  facet normal 0 0 -1
    outer loop
      vertex 0 10 68.85
      vertex 1.17621 11.9422 68.85
      vertex 0.980171 9.95185 68.85
    endloop
  endfacet
  facet normal 0 0 -1
    outer loop
      vertex 0 10 68.85
      vertex 0 12 68.85
      vertex 1.17621 11.9422 68.85
    endloop
  endfacet
  facet normal 0 0 -1
    outer loop
      vertex -0.980171 9.95185 68.85
      vertex 0 12 68.85
      vertex 0 10 68.85
    endloop
  endfacet
  facet normal 0 0 -1
    outer loop
      vertex -0.980171 9.95185 68.85
      vertex -1.17621 11.9422 68.85
      vertex 0 12 68.85
    endloop
  endfacet
  facet normal 0 0 -1
    outer loop
      vertex -1.9509 9.80785 68.85
      vertex -1.17621 11.9422 68.85
      vertex -0.980171 9.95185 68.85
    endloop
  endfacet
  facet normal 0 0 -1
    outer loop
      vertex -1.9509 9.80785 68.85
      vertex -2.34108 11.7694 68.85
      vertex -1.17621 11.9422 68.85
    endloop
  endfacet
  facet normal 0 0 -1
    outer loop
      vertex -2.90285 9.5694 68.85
      vertex -2.34108 11.7694 68.85
      vertex -1.9509 9.80785 68.85
    endloop
  endfacet
  facet normal 0 0 -1
    outer loop
      vertex -2.90285 9.5694 68.85
      vertex -3.48342 11.4833 68.85
      vertex -2.34108 11.7694 68.85
    endloop
  endfacet
  facet normal 0 0 -1
    outer loop
      vertex -3.82683 9.2388 68.85
      vertex -3.48342 11.4833 68.85
      vertex -2.90285 9.5694 68.85
    endloop
  endfacet
  facet normal 0 0 -1
    outer loop
      vertex -3.82683 9.2388 68.85
      vertex -4.5922 11.0866 68.85
      vertex -3.48342 11.4833 68.85
    endloop
  endfacet
  facet normal 0 0 -1
    outer loop
      vertex -4.71397 8.81921 68.85
      vertex -4.5922 11.0866 68.85
      vertex -3.82683 9.2388 68.85
    endloop
  endfacet
  facet normal 0 0 -1
    outer loop
      vertex -5.65676 10.5831 68.85
      vertex -4.71397 8.81921 68.85
      vertex -5.5557 8.3147 68.85
    endloop
  endfacet
  facet normal 0 0 -1
    outer loop
      vertex -4.71397 8.81921 68.85
      vertex -5.65676 10.5831 68.85
      vertex -4.5922 11.0866 68.85
    endloop
  endfacet
  facet normal 0 0 -1
    outer loop
      vertex -6.66684 9.97763 68.85
      vertex -5.5557 8.3147 68.85
      vertex -6.34393 7.7301 68.85
    endloop
  endfacet
  facet normal 0 0 -1
    outer loop
      vertex -5.5557 8.3147 68.85
      vertex -6.66684 9.97763 68.85
      vertex -5.65676 10.5831 68.85
    endloop
  endfacet
  facet normal 0 0 -1
    outer loop
      vertex -7.61272 9.27612 68.85
      vertex -6.34393 7.7301 68.85
      vertex -7.07107 7.07107 68.85
    endloop
  endfacet
  facet normal 0 0 -1
    outer loop
      vertex -6.34393 7.7301 68.85
      vertex -7.61272 9.27612 68.85
      vertex -6.66684 9.97763 68.85
    endloop
  endfacet
  facet normal 0 0 -1
    outer loop
      vertex -8.48528 8.48528 68.85
      vertex -7.07107 7.07107 68.85
      vertex -7.7301 6.34393 68.85
    endloop
  endfacet
  facet normal 0 0 -1
    outer loop
      vertex -9.27612 7.61272 68.85
      vertex -7.7301 6.34393 68.85
      vertex -8.3147 5.5557 68.85
    endloop
  endfacet
  facet normal 0 0 -1
    outer loop
      vertex -7.07107 7.07107 68.85
      vertex -8.48528 8.48528 68.85
      vertex -7.61272 9.27612 68.85
    endloop
  endfacet
  facet normal 0 0 -1
    outer loop
      vertex -9.97763 6.66684 68.85
      vertex -8.3147 5.5557 68.85
      vertex -8.81921 4.71397 68.85
    endloop
  endfacet
  facet normal 0 0 -1
    outer loop
      vertex -10.5831 5.65676 68.85
      vertex -8.81921 4.71397 68.85
      vertex -9.2388 3.82683 68.85
    endloop
  endfacet
  facet normal 0 0 -1
    outer loop
      vertex -7.7301 6.34393 68.85
      vertex -9.27612 7.61272 68.85
      vertex -8.48528 8.48528 68.85
    endloop
  endfacet
  facet normal 0 0 -1
    outer loop
      vertex -11.0866 4.5922 68.85
      vertex -9.2388 3.82683 68.85
      vertex -9.5694 2.90285 68.85
    endloop
  endfacet
  facet normal 0 0 -1
    outer loop
      vertex -11.4833 3.48342 68.85
      vertex -9.5694 2.90285 68.85
      vertex -9.80785 1.9509 68.85
    endloop
  endfacet
  facet normal 0 0 -1
    outer loop
      vertex -11.7694 2.34108 68.85
      vertex -9.80785 1.9509 68.85
      vertex -9.95185 0.980171 68.85
    endloop
  endfacet
  facet normal 0 0 -1
    outer loop
      vertex -8.3147 5.5557 68.85
      vertex -9.97763 6.66684 68.85
      vertex -9.27612 7.61272 68.85
    endloop
  endfacet
  facet normal 0 0 -1
    outer loop
      vertex -11.9422 1.17621 68.85
      vertex -9.95185 0.980171 68.85
      vertex -10 0 68.85
    endloop
  endfacet
  facet normal 0 0 -1
    outer loop
      vertex -11.7694 -2.34108 68.85
      vertex -9.80785 -1.9509 68.85
      vertex -11.4833 -3.48342 68.85
    endloop
  endfacet
  facet normal 0 0 -1
    outer loop
      vertex -8.81921 4.71397 68.85
      vertex -10.5831 5.65676 68.85
      vertex -9.97763 6.66684 68.85
    endloop
  endfacet
  facet normal -0 0 -1
    outer loop
      vertex -9.80785 -1.9509 68.85
      vertex -11.7694 -2.34108 68.85
      vertex -9.95185 -0.980171 68.85
    endloop
  endfacet
  facet normal 0 0 -1
    outer loop
      vertex -9.2388 3.82683 68.85
      vertex -11.0866 4.5922 68.85
      vertex -10.5831 5.65676 68.85
    endloop
  endfacet
  facet normal 0 0 -1
    outer loop
      vertex -11.9422 -1.17621 68.85
      vertex -9.95185 -0.980171 68.85
      vertex -11.7694 -2.34108 68.85
    endloop
  endfacet
  facet normal 0 0 -1
    outer loop
      vertex -9.5694 2.90285 68.85
      vertex -11.4833 3.48342 68.85
      vertex -11.0866 4.5922 68.85
    endloop
  endfacet
  facet normal -0 0 -1
    outer loop
      vertex -9.95185 -0.980171 68.85
      vertex -11.9422 -1.17621 68.85
      vertex -10 0 68.85
    endloop
  endfacet
  facet normal 0 0 -1
    outer loop
      vertex -9.80785 1.9509 68.85
      vertex -11.7694 2.34108 68.85
      vertex -11.4833 3.48342 68.85
    endloop
  endfacet
  facet normal 0 0 -1
    outer loop
      vertex -12 0 68.85
      vertex -10 0 68.85
      vertex -11.9422 -1.17621 68.85
    endloop
  endfacet
  facet normal 0 0 -1
    outer loop
      vertex -9.95185 0.980171 68.85
      vertex -11.9422 1.17621 68.85
      vertex -11.7694 2.34108 68.85
    endloop
  endfacet
  facet normal 0 0 -1
    outer loop
      vertex -10 0 68.85
      vertex -12 0 68.85
      vertex -11.9422 1.17621 68.85
    endloop
  endfacet
  facet normal -0.671553 -0.740957 0
    outer loop
      vertex -7.07107 -7.07107 65.15
      vertex -6.34393 -7.7301 68.85
      vertex -7.07107 -7.07107 68.85
    endloop
  endfacet
  facet normal -0.671553 -0.740957 -0
    outer loop
      vertex -6.34393 -7.7301 68.85
      vertex -7.07107 -7.07107 65.15
      vertex -6.34393 -7.7301 65.15
    endloop
  endfacet
  facet normal -0.941546 0.336885 0
    outer loop
      vertex -9.5694 2.90285 65.15
      vertex -9.2388 3.82683 68.85
      vertex -9.2388 3.82683 65.15
    endloop
  endfacet
  facet normal -0.941546 0.336885 0
    outer loop
      vertex -9.2388 3.82683 68.85
      vertex -9.5694 2.90285 65.15
      vertex -9.5694 2.90285 68.85
    endloop
  endfacet
  facet normal 0.989177 0.146728 0
    outer loop
      vertex 9.80785 1.9509 68.85
      vertex 9.9044 1.3 67
      vertex 9.80785 1.9509 65.15
    endloop
  endfacet
  facet normal 0.989173 0.146755 -9.776e-06
    outer loop
      vertex 9.80785 1.9509 68.85
      vertex 9.90533 1.29374 67.1274
      vertex 9.9044 1.3 67
    endloop
  endfacet
  facet normal 0.98917 0.146776 -1.78561e-05
    outer loop
      vertex 9.80785 1.9509 68.85
      vertex 9.90811 1.27502 67.2536
      vertex 9.90533 1.29374 67.1274
    endloop
  endfacet
  facet normal 0.989173 0.146751 -7.33919e-06
    outer loop
      vertex 9.80785 1.9509 68.85
      vertex 9.91271 1.24402 67.3774
      vertex 9.90811 1.27502 67.2536
    endloop
  endfacet
  facet normal 0.989184 0.146681 2.70825e-05
    outer loop
      vertex 9.80785 1.9509 68.85
      vertex 9.91908 1.20104 67.4975
      vertex 9.91271 1.24402 67.3774
    endloop
  endfacet
  facet normal 0.989177 0.146728 7.21089e-07
    outer loop
      vertex 9.80785 1.9509 68.85
      vertex 9.92717 1.1465 67.6128
      vertex 9.91908 1.20104 67.4975
    endloop
  endfacet
  facet normal 0.989176 0.146734 -3.58596e-06
    outer loop
      vertex 9.80785 1.9509 68.85
      vertex 9.9369 1.08091 67.7222
      vertex 9.92717 1.1465 67.6128
    endloop
  endfacet
  facet normal 0.989171 0.14677 -3.21672e-05
    outer loop
      vertex 9.80785 1.9509 68.85
      vertex 9.94818 1.00491 67.8247
      vertex 9.9369 1.08091 67.7222
    endloop
  endfacet
  facet normal 0.989176 0.146736 -0
    outer loop
      vertex 9.95185 0.980171 67.852
      vertex 9.80785 1.9509 68.85
      vertex 9.95185 0.980171 68.85
    endloop
  endfacet
  facet normal 0.989175 0.14674 -3.08074e-06
    outer loop
      vertex 9.80785 1.9509 68.85
      vertex 9.95185 0.980171 67.852
      vertex 9.94818 1.00491 67.8247
    endloop
  endfacet
  facet normal 0.989173 0.146755 9.776e-06
    outer loop
      vertex 9.90533 1.29374 66.8726
      vertex 9.80785 1.9509 65.15
      vertex 9.9044 1.3 67
    endloop
  endfacet
  facet normal 0.98917 0.146776 1.78561e-05
    outer loop
      vertex 9.90811 1.27502 66.7464
      vertex 9.80785 1.9509 65.15
      vertex 9.90533 1.29374 66.8726
    endloop
  endfacet
  facet normal 0.989173 0.146751 7.33919e-06
    outer loop
      vertex 9.91271 1.24402 66.6226
      vertex 9.80785 1.9509 65.15
      vertex 9.90811 1.27502 66.7464
    endloop
  endfacet
  facet normal 0.989184 0.146681 -2.70825e-05
    outer loop
      vertex 9.91908 1.20104 66.5025
      vertex 9.80785 1.9509 65.15
      vertex 9.91271 1.24402 66.6226
    endloop
  endfacet
  facet normal 0.989177 0.146728 -7.21089e-07
    outer loop
      vertex 9.92717 1.1465 66.3872
      vertex 9.80785 1.9509 65.15
      vertex 9.91908 1.20104 66.5025
    endloop
  endfacet
  facet normal 0.989176 0.146734 3.58596e-06
    outer loop
      vertex 9.9369 1.08091 66.2778
      vertex 9.80785 1.9509 65.15
      vertex 9.92717 1.1465 66.3872
    endloop
  endfacet
  facet normal 0.989171 0.14677 3.21672e-05
    outer loop
      vertex 9.94818 1.00491 66.1753
      vertex 9.80785 1.9509 65.15
      vertex 9.9369 1.08091 66.2778
    endloop
  endfacet
  facet normal 0.989175 0.14674 3.08074e-06
    outer loop
      vertex 9.95185 0.980171 66.148
      vertex 9.80785 1.9509 65.15
      vertex 9.94818 1.00491 66.1753
    endloop
  endfacet
  facet normal 0.989176 0.146736 0
    outer loop
      vertex 9.80785 1.9509 65.15
      vertex 9.95185 0.980171 66.148
      vertex 9.95185 0.980171 65.15
    endloop
  endfacet
  facet normal 0.998798 0.0490113 0
    outer loop
      vertex 9.95185 0.980171 68.85
      vertex 9.95484 0.919238 67.9192
      vertex 9.95185 0.980171 67.852
    endloop
  endfacet
  facet normal 0.998797 0.0490266 -1.00075e-06
    outer loop
      vertex 9.95185 0.980171 68.85
      vertex 9.95948 0.824711 68.0049
      vertex 9.95484 0.919238 67.9192
    endloop
  endfacet
  facet normal 0.998793 0.0491128 -1.68947e-05
    outer loop
      vertex 9.95185 0.980171 68.85
      vertex 9.96452 0.72224 68.0809
      vertex 9.95948 0.824711 68.0049
    endloop
  endfacet
  facet normal 0.998798 0.0490236 1.30956e-05
    outer loop
      vertex 9.95185 0.980171 68.85
      vertex 9.96989 0.612815 68.1465
      vertex 9.96452 0.72224 68.0809
    endloop
  endfacet
  facet normal 0.998794 0.049094 -2.37909e-05
    outer loop
      vertex 9.95185 0.980171 68.85
      vertex 9.97556 0.497488 68.201
      vertex 9.96989 0.612815 68.1465
    endloop
  endfacet
  facet normal 0.998796 0.0490598 1.70068e-06
    outer loop
      vertex 9.95185 0.980171 68.85
      vertex 9.98146 0.37737 68.244
      vertex 9.97556 0.497488 68.201
    endloop
  endfacet
  facet normal 0.998796 0.0490649 -3.37118e-06
    outer loop
      vertex 10 0 68.85
      vertex 9.98146 0.37737 68.244
      vertex 9.95185 0.980171 68.85
    endloop
  endfacet
  facet normal 0.998795 0.049071 4.57298e-07
    outer loop
      vertex 9.98146 0.37737 68.244
      vertex 10 0 68.85
      vertex 9.98754 0.253617 68.275
    endloop
  endfacet
  facet normal 0.998795 0.0490708 3.42259e-07
    outer loop
      vertex 9.98754 0.253617 68.275
      vertex 10 0 68.85
      vertex 9.99374 0.127421 68.2937
    endloop
  endfacet
  facet normal 0.998795 0.0490693 0
    outer loop
      vertex 9.99374 0.127421 68.2937
      vertex 10 0 68.85
      vertex 10 0 68.3
    endloop
  endfacet
  facet normal 0.998798 0.0490113 0
    outer loop
      vertex 9.95484 0.919238 66.0808
      vertex 9.95185 0.980171 65.15
      vertex 9.95185 0.980171 66.148
    endloop
  endfacet
  facet normal 0.998797 0.0490266 1.00075e-06
    outer loop
      vertex 9.95948 0.824711 65.9951
      vertex 9.95185 0.980171 65.15
      vertex 9.95484 0.919238 66.0808
    endloop
  endfacet
  facet normal 0.998793 0.0491128 1.68947e-05
    outer loop
      vertex 9.96452 0.72224 65.9191
      vertex 9.95185 0.980171 65.15
      vertex 9.95948 0.824711 65.9951
    endloop
  endfacet
  facet normal 0.998798 0.0490236 -1.30956e-05
    outer loop
      vertex 9.96989 0.612815 65.8535
      vertex 9.95185 0.980171 65.15
      vertex 9.96452 0.72224 65.9191
    endloop
  endfacet
  facet normal 0.998794 0.049094 2.37909e-05
    outer loop
      vertex 9.97556 0.497488 65.799
      vertex 9.95185 0.980171 65.15
      vertex 9.96989 0.612815 65.8535
    endloop
  endfacet
  facet normal 0.998796 0.0490598 -1.70068e-06
    outer loop
      vertex 9.98146 0.37737 65.756
      vertex 9.95185 0.980171 65.15
      vertex 9.97556 0.497488 65.799
    endloop
  endfacet
  facet normal 0.998795 0.049071 -4.57298e-07
    outer loop
      vertex 10 0 65.15
      vertex 9.98146 0.37737 65.756
      vertex 9.98754 0.253617 65.725
    endloop
  endfacet
  facet normal 0.998795 0.0490708 -3.42259e-07
    outer loop
      vertex 10 0 65.15
      vertex 9.98754 0.253617 65.725
      vertex 9.99374 0.127421 65.7063
    endloop
  endfacet
  facet normal 0.998795 0.0490693 -0
    outer loop
      vertex 10 0 65.15
      vertex 9.99374 0.127421 65.7063
      vertex 10 0 65.7
    endloop
  endfacet
  facet normal 0.998796 0.0490649 3.37118e-06
    outer loop
      vertex 9.98146 0.37737 65.756
      vertex 10 0 65.15
      vertex 9.95185 0.980171 65.15
    endloop
  endfacet
  facet normal -0.5141 -0.85773 0
    outer loop
      vertex -5.5557 -8.3147 65.15
      vertex -4.71397 -8.81921 68.85
      vertex -5.5557 -8.3147 68.85
    endloop
  endfacet
  facet normal -0.5141 -0.85773 -0
    outer loop
      vertex -4.71397 -8.81921 68.85
      vertex -5.5557 -8.3147 65.15
      vertex -4.71397 -8.81921 65.15
    endloop
  endfacet
  facet normal 0.671553 0.740957 -0
    outer loop
      vertex 7.07107 7.07107 65.15
      vertex 6.34393 7.7301 68.85
      vertex 7.07107 7.07107 68.85
    endloop
  endfacet
  facet normal 0.671553 0.740957 0
    outer loop
      vertex 6.34393 7.7301 68.85
      vertex 7.07107 7.07107 65.15
      vertex 6.34393 7.7301 65.15
    endloop
  endfacet
  facet normal -0.146736 -0.989176 0
    outer loop
      vertex -1.9509 -9.80785 65.15
      vertex -0.980171 -9.95185 68.85
      vertex -1.9509 -9.80785 68.85
    endloop
  endfacet
  facet normal -0.146736 -0.989176 -0
    outer loop
      vertex -0.980171 -9.95185 68.85
      vertex -1.9509 -9.80785 65.15
      vertex -0.980171 -9.95185 65.15
    endloop
  endfacet
  facet normal 0.740957 0.671553 0
    outer loop
      vertex 7.7301 6.34393 68.85
      vertex 7.07107 7.07107 65.15
      vertex 7.07107 7.07107 68.85
    endloop
  endfacet
  facet normal 0.740957 0.671553 0
    outer loop
      vertex 7.07107 7.07107 65.15
      vertex 7.7301 6.34393 68.85
      vertex 7.7301 6.34393 65.15
    endloop
  endfacet
  facet normal 0.427558 0.903988 -0
    outer loop
      vertex 4.71397 8.81921 65.15
      vertex 3.82683 9.2388 68.85
      vertex 4.71397 8.81921 68.85
    endloop
  endfacet
  facet normal 0.427558 0.903988 0
    outer loop
      vertex 3.82683 9.2388 68.85
      vertex 4.71397 8.81921 65.15
      vertex 3.82683 9.2388 65.15
    endloop
  endfacet
  facet normal 0.0490649 -0.998796 0
    outer loop
      vertex 0 -10 65.15
      vertex 0.980171 -9.95185 68.85
      vertex 0 -10 68.85
    endloop
  endfacet
  facet normal 0.0490649 -0.998796 0
    outer loop
      vertex 0.980171 -9.95185 68.85
      vertex 0 -10 65.15
      vertex 0.980171 -9.95185 65.15
    endloop
  endfacet
  facet normal -0.740957 0.671553 0
    outer loop
      vertex -7.7301 6.34393 65.15
      vertex -7.07107 7.07107 68.85
      vertex -7.07107 7.07107 65.15
    endloop
  endfacet
  facet normal -0.740957 0.671553 0
    outer loop
      vertex -7.07107 7.07107 68.85
      vertex -7.7301 6.34393 65.15
      vertex -7.7301 6.34393 68.85
    endloop
  endfacet
  facet normal 0.989176 -0.146736 0
    outer loop
      vertex 9.80785 -1.9509 68.85
      vertex 9.95185 -0.980171 67.852
      vertex 9.95185 -0.980171 68.85
    endloop
  endfacet
  facet normal 0.989175 -0.14674 -3.08074e-06
    outer loop
      vertex 9.95185 -0.980171 67.852
      vertex 9.80785 -1.9509 68.85
      vertex 9.94818 -1.00491 67.8247
    endloop
  endfacet
  facet normal 0.989171 -0.14677 -3.21672e-05
    outer loop
      vertex 9.94818 -1.00491 67.8247
      vertex 9.80785 -1.9509 68.85
      vertex 9.9369 -1.08091 67.7222
    endloop
  endfacet
  facet normal 0.989176 -0.146734 -3.58596e-06
    outer loop
      vertex 9.9369 -1.08091 67.7222
      vertex 9.80785 -1.9509 68.85
      vertex 9.92717 -1.1465 67.6128
    endloop
  endfacet
  facet normal 0.989177 -0.146728 7.21089e-07
    outer loop
      vertex 9.92717 -1.1465 67.6128
      vertex 9.80785 -1.9509 68.85
      vertex 9.91908 -1.20104 67.4975
    endloop
  endfacet
  facet normal 0.989184 -0.146681 2.70825e-05
    outer loop
      vertex 9.91908 -1.20104 67.4975
      vertex 9.80785 -1.9509 68.85
      vertex 9.91271 -1.24402 67.3774
    endloop
  endfacet
  facet normal 0.989173 -0.146755 -9.776e-06
    outer loop
      vertex 9.90533 -1.29374 67.1274
      vertex 9.80785 -1.9509 68.85
      vertex 9.9044 -1.3 67
    endloop
  endfacet
  facet normal 0.98917 -0.146776 -1.78561e-05
    outer loop
      vertex 9.90811 -1.27502 67.2536
      vertex 9.80785 -1.9509 68.85
      vertex 9.90533 -1.29374 67.1274
    endloop
  endfacet
  facet normal 0.989173 -0.146751 -7.33919e-06
    outer loop
      vertex 9.91271 -1.24402 67.3774
      vertex 9.80785 -1.9509 68.85
      vertex 9.90811 -1.27502 67.2536
    endloop
  endfacet
  facet normal 0.989175 -0.14674 3.08074e-06
    outer loop
      vertex 9.80785 -1.9509 65.15
      vertex 9.95185 -0.980171 66.148
      vertex 9.94818 -1.00491 66.1753
    endloop
  endfacet
  facet normal 0.989171 -0.14677 3.21672e-05
    outer loop
      vertex 9.80785 -1.9509 65.15
      vertex 9.94818 -1.00491 66.1753
      vertex 9.9369 -1.08091 66.2778
    endloop
  endfacet
  facet normal 0.989176 -0.146734 3.58596e-06
    outer loop
      vertex 9.80785 -1.9509 65.15
      vertex 9.9369 -1.08091 66.2778
      vertex 9.92717 -1.1465 66.3872
    endloop
  endfacet
  facet normal 0.989177 -0.146728 -7.21089e-07
    outer loop
      vertex 9.80785 -1.9509 65.15
      vertex 9.92717 -1.1465 66.3872
      vertex 9.91908 -1.20104 66.5025
    endloop
  endfacet
  facet normal 0.989184 -0.146681 -2.70825e-05
    outer loop
      vertex 9.80785 -1.9509 65.15
      vertex 9.91908 -1.20104 66.5025
      vertex 9.91271 -1.24402 66.6226
    endloop
  endfacet
  facet normal 0.989173 -0.146751 7.33919e-06
    outer loop
      vertex 9.80785 -1.9509 65.15
      vertex 9.91271 -1.24402 66.6226
      vertex 9.90811 -1.27502 66.7464
    endloop
  endfacet
  facet normal 0.989177 -0.146728 0
    outer loop
      vertex 9.80785 -1.9509 65.15
      vertex 9.9044 -1.3 67
      vertex 9.80785 -1.9509 68.85
    endloop
  endfacet
  facet normal 0.989173 -0.146755 9.776e-06
    outer loop
      vertex 9.9044 -1.3 67
      vertex 9.80785 -1.9509 65.15
      vertex 9.90533 -1.29374 66.8726
    endloop
  endfacet
  facet normal 0.98917 -0.146776 1.78561e-05
    outer loop
      vertex 9.90533 -1.29374 66.8726
      vertex 9.80785 -1.9509 65.15
      vertex 9.90811 -1.27502 66.7464
    endloop
  endfacet
  facet normal 0.989176 -0.146736 0
    outer loop
      vertex 9.95185 -0.980171 66.148
      vertex 9.80785 -1.9509 65.15
      vertex 9.95185 -0.980171 65.15
    endloop
  endfacet
  facet normal 0.903988 0.427558 0
    outer loop
      vertex 9.2388 3.82683 68.85
      vertex 8.81921 4.71397 65.15
      vertex 8.81921 4.71397 68.85
    endloop
  endfacet
  facet normal 0.903988 0.427558 0
    outer loop
      vertex 8.81921 4.71397 65.15
      vertex 9.2388 3.82683 68.85
      vertex 9.2388 3.82683 65.15
    endloop
  endfacet
  facet normal -0.242979 0.970032 0
    outer loop
      vertex -1.9509 9.80785 65.15
      vertex -2.90285 9.5694 68.85
      vertex -1.9509 9.80785 68.85
    endloop
  endfacet
  facet normal -0.242979 0.970032 0
    outer loop
      vertex -2.90285 9.5694 68.85
      vertex -1.9509 9.80785 65.15
      vertex -2.90285 9.5694 65.15
    endloop
  endfacet
  facet normal -0.803203 0.595705 0
    outer loop
      vertex -8.3147 5.5557 65.15
      vertex -7.7301 6.34393 68.85
      vertex -7.7301 6.34393 65.15
    endloop
  endfacet
  facet normal -0.803203 0.595705 0
    outer loop
      vertex -7.7301 6.34393 68.85
      vertex -8.3147 5.5557 65.15
      vertex -8.3147 5.5557 68.85
    endloop
  endfacet
  facet normal 0.242979 0.970032 -0
    outer loop
      vertex 2.90285 9.5694 65.15
      vertex 1.9509 9.80785 68.85
      vertex 2.90285 9.5694 68.85
    endloop
  endfacet
  facet normal 0.242979 0.970032 0
    outer loop
      vertex 1.9509 9.80785 68.85
      vertex 2.90285 9.5694 65.15
      vertex 1.9509 9.80785 65.15
    endloop
  endfacet
  facet normal 0.336885 0.941546 -0
    outer loop
      vertex 3.82683 9.2388 65.15
      vertex 2.90285 9.5694 68.85
      vertex 3.82683 9.2388 68.85
    endloop
  endfacet
  facet normal 0.336885 0.941546 0
    outer loop
      vertex 2.90285 9.5694 68.85
      vertex 3.82683 9.2388 65.15
      vertex 2.90285 9.5694 65.15
    endloop
  endfacet
  facet normal 0.941546 0.336885 0
    outer loop
      vertex 9.5694 2.90285 68.85
      vertex 9.2388 3.82683 65.15
      vertex 9.2388 3.82683 68.85
    endloop
  endfacet
  facet normal 0.941546 0.336885 0
    outer loop
      vertex 9.2388 3.82683 65.15
      vertex 9.5694 2.90285 68.85
      vertex 9.5694 2.90285 65.15
    endloop
  endfacet
  facet normal 0.595705 0.803203 -0
    outer loop
      vertex 6.34393 7.7301 65.15
      vertex 5.5557 8.3147 68.85
      vertex 6.34393 7.7301 68.85
    endloop
  endfacet
  facet normal 0.595705 0.803203 0
    outer loop
      vertex 5.5557 8.3147 68.85
      vertex 6.34393 7.7301 65.15
      vertex 5.5557 8.3147 65.15
    endloop
  endfacet
  facet normal -0.85773 -0.5141 0
    outer loop
      vertex -8.3147 -5.5557 65.15
      vertex -8.81921 -4.71397 68.85
      vertex -8.81921 -4.71397 65.15
    endloop
  endfacet
  facet normal -0.85773 -0.5141 0
    outer loop
      vertex -8.81921 -4.71397 68.85
      vertex -8.3147 -5.5557 65.15
      vertex -8.3147 -5.5557 68.85
    endloop
  endfacet
  facet normal 0.5141 0.85773 -0
    outer loop
      vertex 5.5557 8.3147 65.15
      vertex 4.71397 8.81921 68.85
      vertex 5.5557 8.3147 68.85
    endloop
  endfacet
  facet normal 0.5141 0.85773 0
    outer loop
      vertex 4.71397 8.81921 68.85
      vertex 5.5557 8.3147 65.15
      vertex 4.71397 8.81921 65.15
    endloop
  endfacet
  facet normal 0.941546 -0.336885 0
    outer loop
      vertex 9.2388 -3.82683 68.85
      vertex 9.5694 -2.90285 65.15
      vertex 9.5694 -2.90285 68.85
    endloop
  endfacet
  facet normal 0.941546 -0.336885 0
    outer loop
      vertex 9.5694 -2.90285 65.15
      vertex 9.2388 -3.82683 68.85
      vertex 9.2388 -3.82683 65.15
    endloop
  endfacet
  facet normal -0.85773 0.5141 0
    outer loop
      vertex -8.81921 4.71397 65.15
      vertex -8.3147 5.5557 68.85
      vertex -8.3147 5.5557 65.15
    endloop
  endfacet
  facet normal -0.85773 0.5141 0
    outer loop
      vertex -8.3147 5.5557 68.85
      vertex -8.81921 4.71397 65.15
      vertex -8.81921 4.71397 68.85
    endloop
  endfacet
  facet normal -0.970032 -0.242979 0
    outer loop
      vertex -9.5694 -2.90285 65.15
      vertex -9.80785 -1.9509 68.85
      vertex -9.80785 -1.9509 65.15
    endloop
  endfacet
  facet normal -0.970032 -0.242979 0
    outer loop
      vertex -9.80785 -1.9509 68.85
      vertex -9.5694 -2.90285 65.15
      vertex -9.5694 -2.90285 68.85
    endloop
  endfacet
  facet normal 0.0490649 0.998796 -0
    outer loop
      vertex 0.980171 9.95185 65.15
      vertex 0 10 68.85
      vertex 0.980171 9.95185 68.85
    endloop
  endfacet
  facet normal 0.0490649 0.998796 0
    outer loop
      vertex 0 10 68.85
      vertex 0.980171 9.95185 65.15
      vertex 0 10 65.15
    endloop
  endfacet
  facet normal 0.85773 0.5141 0
    outer loop
      vertex 8.81921 4.71397 68.85
      vertex 8.3147 5.5557 65.15
      vertex 8.3147 5.5557 68.85
    endloop
  endfacet
  facet normal 0.85773 0.5141 0
    outer loop
      vertex 8.3147 5.5557 65.15
      vertex 8.81921 4.71397 68.85
      vertex 8.81921 4.71397 65.15
    endloop
  endfacet
  facet normal -0.941546 -0.336885 0
    outer loop
      vertex -9.2388 -3.82683 65.15
      vertex -9.5694 -2.90285 68.85
      vertex -9.5694 -2.90285 65.15
    endloop
  endfacet
  facet normal -0.941546 -0.336885 0
    outer loop
      vertex -9.5694 -2.90285 68.85
      vertex -9.2388 -3.82683 65.15
      vertex -9.2388 -3.82683 68.85
    endloop
  endfacet
  facet normal -0.671553 0.740957 0
    outer loop
      vertex -6.34393 7.7301 65.15
      vertex -7.07107 7.07107 68.85
      vertex -6.34393 7.7301 68.85
    endloop
  endfacet
  facet normal -0.671553 0.740957 0
    outer loop
      vertex -7.07107 7.07107 68.85
      vertex -6.34393 7.7301 65.15
      vertex -7.07107 7.07107 65.15
    endloop
  endfacet
  facet normal 0.970032 -0.242979 0
    outer loop
      vertex 9.5694 -2.90285 68.85
      vertex 9.80785 -1.9509 65.15
      vertex 9.80785 -1.9509 68.85
    endloop
  endfacet
  facet normal 0.970032 -0.242979 0
    outer loop
      vertex 9.80785 -1.9509 65.15
      vertex 9.5694 -2.90285 68.85
      vertex 9.5694 -2.90285 65.15
    endloop
  endfacet
  facet normal -0.5141 0.85773 0
    outer loop
      vertex -4.71397 8.81921 65.15
      vertex -5.5557 8.3147 68.85
      vertex -4.71397 8.81921 68.85
    endloop
  endfacet
  facet normal -0.5141 0.85773 0
    outer loop
      vertex -5.5557 8.3147 68.85
      vertex -4.71397 8.81921 65.15
      vertex -5.5557 8.3147 65.15
    endloop
  endfacet
  facet normal -0.998796 -0.0490649 0
    outer loop
      vertex -9.95185 -0.980171 65.15
      vertex -10 0 68.85
      vertex -10 0 65.15
    endloop
  endfacet
  facet normal -0.998796 -0.0490649 0
    outer loop
      vertex -10 0 68.85
      vertex -9.95185 -0.980171 65.15
      vertex -9.95185 -0.980171 68.85
    endloop
  endfacet
  facet normal -0.970032 0.242979 0
    outer loop
      vertex -9.80785 1.9509 65.15
      vertex -9.5694 2.90285 68.85
      vertex -9.5694 2.90285 65.15
    endloop
  endfacet
  facet normal -0.970032 0.242979 0
    outer loop
      vertex -9.5694 2.90285 68.85
      vertex -9.80785 1.9509 65.15
      vertex -9.80785 1.9509 68.85
    endloop
  endfacet
  facet normal 0.427558 -0.903988 0
    outer loop
      vertex 3.82683 -9.2388 65.15
      vertex 4.71397 -8.81921 68.85
      vertex 3.82683 -9.2388 68.85
    endloop
  endfacet
  facet normal 0.427558 -0.903988 0
    outer loop
      vertex 4.71397 -8.81921 68.85
      vertex 3.82683 -9.2388 65.15
      vertex 4.71397 -8.81921 65.15
    endloop
  endfacet
  facet normal -0.336885 -0.941546 0
    outer loop
      vertex -3.82683 -9.2388 65.15
      vertex -2.90285 -9.5694 68.85
      vertex -3.82683 -9.2388 68.85
    endloop
  endfacet
  facet normal -0.336885 -0.941546 -0
    outer loop
      vertex -2.90285 -9.5694 68.85
      vertex -3.82683 -9.2388 65.15
      vertex -2.90285 -9.5694 65.15
    endloop
  endfacet
  facet normal -0.336885 0.941546 0
    outer loop
      vertex -2.90285 9.5694 65.15
      vertex -3.82683 9.2388 68.85
      vertex -2.90285 9.5694 68.85
    endloop
  endfacet
  facet normal -0.336885 0.941546 0
    outer loop
      vertex -3.82683 9.2388 68.85
      vertex -2.90285 9.5694 65.15
      vertex -3.82683 9.2388 65.15
    endloop
  endfacet
  facet normal 0.5141 -0.85773 0
    outer loop
      vertex 4.71397 -8.81921 65.15
      vertex 5.5557 -8.3147 68.85
      vertex 4.71397 -8.81921 68.85
    endloop
  endfacet
  facet normal 0.5141 -0.85773 0
    outer loop
      vertex 5.5557 -8.3147 68.85
      vertex 4.71397 -8.81921 65.15
      vertex 5.5557 -8.3147 65.15
    endloop
  endfacet
  facet normal 0.146736 -0.989176 0
    outer loop
      vertex 0.980171 -9.95185 65.15
      vertex 1.9509 -9.80785 68.85
      vertex 0.980171 -9.95185 68.85
    endloop
  endfacet
  facet normal 0.146736 -0.989176 0
    outer loop
      vertex 1.9509 -9.80785 68.85
      vertex 0.980171 -9.95185 65.15
      vertex 1.9509 -9.80785 65.15
    endloop
  endfacet
  facet normal 0.740957 -0.671553 0
    outer loop
      vertex 7.07107 -7.07107 68.85
      vertex 7.7301 -6.34393 65.15
      vertex 7.7301 -6.34393 68.85
    endloop
  endfacet
  facet normal 0.740957 -0.671553 0
    outer loop
      vertex 7.7301 -6.34393 65.15
      vertex 7.07107 -7.07107 68.85
      vertex 7.07107 -7.07107 65.15
    endloop
  endfacet
  facet normal 0.803203 -0.595705 0
    outer loop
      vertex 7.7301 -6.34393 68.85
      vertex 8.3147 -5.5557 65.15
      vertex 8.3147 -5.5557 68.85
    endloop
  endfacet
  facet normal 0.803203 -0.595705 0
    outer loop
      vertex 8.3147 -5.5557 65.15
      vertex 7.7301 -6.34393 68.85
      vertex 7.7301 -6.34393 65.15
    endloop
  endfacet
  facet normal -0.427558 0.903988 0
    outer loop
      vertex -3.82683 9.2388 65.15
      vertex -4.71397 8.81921 68.85
      vertex -3.82683 9.2388 68.85
    endloop
  endfacet
  facet normal -0.427558 0.903988 0
    outer loop
      vertex -4.71397 8.81921 68.85
      vertex -3.82683 9.2388 65.15
      vertex -4.71397 8.81921 65.15
    endloop
  endfacet
  facet normal -0.595705 0.803203 0
    outer loop
      vertex -5.5557 8.3147 65.15
      vertex -6.34393 7.7301 68.85
      vertex -5.5557 8.3147 68.85
    endloop
  endfacet
  facet normal -0.595705 0.803203 0
    outer loop
      vertex -6.34393 7.7301 68.85
      vertex -5.5557 8.3147 65.15
      vertex -6.34393 7.7301 65.15
    endloop
  endfacet
  facet normal -0.989176 0.146736 0
    outer loop
      vertex -9.95185 0.980171 65.15
      vertex -9.80785 1.9509 68.85
      vertex -9.80785 1.9509 65.15
    endloop
  endfacet
  facet normal -0.989176 0.146736 0
    outer loop
      vertex -9.80785 1.9509 68.85
      vertex -9.95185 0.980171 65.15
      vertex -9.95185 0.980171 68.85
    endloop
  endfacet
  facet normal -0.242979 -0.970032 0
    outer loop
      vertex -2.90285 -9.5694 65.15
      vertex -1.9509 -9.80785 68.85
      vertex -2.90285 -9.5694 68.85
    endloop
  endfacet
  facet normal -0.242979 -0.970032 -0
    outer loop
      vertex -1.9509 -9.80785 68.85
      vertex -2.90285 -9.5694 65.15
      vertex -1.9509 -9.80785 65.15
    endloop
  endfacet
  facet normal 0.970032 0.242979 0
    outer loop
      vertex 9.80785 1.9509 68.85
      vertex 9.5694 2.90285 65.15
      vertex 9.5694 2.90285 68.85
    endloop
  endfacet
  facet normal 0.970032 0.242979 0
    outer loop
      vertex 9.5694 2.90285 65.15
      vertex 9.80785 1.9509 68.85
      vertex 9.80785 1.9509 65.15
    endloop
  endfacet
  facet normal 0.803203 0.595705 0
    outer loop
      vertex 8.3147 5.5557 68.85
      vertex 7.7301 6.34393 65.15
      vertex 7.7301 6.34393 68.85
    endloop
  endfacet
  facet normal 0.803203 0.595705 0
    outer loop
      vertex 7.7301 6.34393 65.15
      vertex 8.3147 5.5557 68.85
      vertex 8.3147 5.5557 65.15
    endloop
  endfacet
  facet normal -0.803203 -0.595705 0
    outer loop
      vertex -7.7301 -6.34393 65.15
      vertex -8.3147 -5.5557 68.85
      vertex -8.3147 -5.5557 65.15
    endloop
  endfacet
  facet normal -0.803203 -0.595705 0
    outer loop
      vertex -8.3147 -5.5557 68.85
      vertex -7.7301 -6.34393 65.15
      vertex -7.7301 -6.34393 68.85
    endloop
  endfacet
  facet normal -0.903988 -0.427558 0
    outer loop
      vertex -8.81921 -4.71397 65.15
      vertex -9.2388 -3.82683 68.85
      vertex -9.2388 -3.82683 65.15
    endloop
  endfacet
  facet normal -0.903988 -0.427558 0
    outer loop
      vertex -9.2388 -3.82683 68.85
      vertex -8.81921 -4.71397 65.15
      vertex -8.81921 -4.71397 68.85
    endloop
  endfacet
  facet normal 0.146736 0.989176 -0
    outer loop
      vertex 1.9509 9.80785 65.15
      vertex 0.980171 9.95185 68.85
      vertex 1.9509 9.80785 68.85
    endloop
  endfacet
  facet normal 0.146736 0.989176 0
    outer loop
      vertex 0.980171 9.95185 68.85
      vertex 1.9509 9.80785 65.15
      vertex 0.980171 9.95185 65.15
    endloop
  endfacet
  facet normal -0.0490649 0.998796 0
    outer loop
      vertex 0 10 65.15
      vertex -0.980171 9.95185 68.85
      vertex 0 10 68.85
    endloop
  endfacet
  facet normal -0.0490649 0.998796 0
    outer loop
      vertex -0.980171 9.95185 68.85
      vertex 0 10 65.15
      vertex -0.980171 9.95185 65.15
    endloop
  endfacet
  facet normal -0.427558 -0.903988 0
    outer loop
      vertex -4.71397 -8.81921 65.15
      vertex -3.82683 -9.2388 68.85
      vertex -4.71397 -8.81921 68.85
    endloop
  endfacet
  facet normal -0.427558 -0.903988 -0
    outer loop
      vertex -3.82683 -9.2388 68.85
      vertex -4.71397 -8.81921 65.15
      vertex -3.82683 -9.2388 65.15
    endloop
  endfacet
  facet normal 0.595705 -0.803203 0
    outer loop
      vertex 5.5557 -8.3147 65.15
      vertex 6.34393 -7.7301 68.85
      vertex 5.5557 -8.3147 68.85
    endloop
  endfacet
  facet normal 0.595705 -0.803203 0
    outer loop
      vertex 6.34393 -7.7301 68.85
      vertex 5.5557 -8.3147 65.15
      vertex 6.34393 -7.7301 65.15
    endloop
  endfacet
  facet normal 0.998795 -0.0490693 0
    outer loop
      vertex 10 0 68.85
      vertex 9.99374 -0.127421 68.2937
      vertex 10 0 68.3
    endloop
  endfacet
  facet normal 0.998795 -0.0490708 3.42259e-07
    outer loop
      vertex 10 0 68.85
      vertex 9.98754 -0.253617 68.275
      vertex 9.99374 -0.127421 68.2937
    endloop
  endfacet
  facet normal 0.998795 -0.049071 4.57298e-07
    outer loop
      vertex 10 0 68.85
      vertex 9.98146 -0.37737 68.244
      vertex 9.98754 -0.253617 68.275
    endloop
  endfacet
  facet normal 0.998796 -0.0490649 -3.37118e-06
    outer loop
      vertex 9.95185 -0.980171 68.85
      vertex 9.98146 -0.37737 68.244
      vertex 10 0 68.85
    endloop
  endfacet
  facet normal 0.998796 -0.0490598 1.70068e-06
    outer loop
      vertex 9.98146 -0.37737 68.244
      vertex 9.95185 -0.980171 68.85
      vertex 9.97556 -0.497488 68.201
    endloop
  endfacet
  facet normal 0.998794 -0.049094 -2.37909e-05
    outer loop
      vertex 9.97556 -0.497488 68.201
      vertex 9.95185 -0.980171 68.85
      vertex 9.96989 -0.612815 68.1465
    endloop
  endfacet
  facet normal 0.998798 -0.0490236 1.30956e-05
    outer loop
      vertex 9.96989 -0.612815 68.1465
      vertex 9.95185 -0.980171 68.85
      vertex 9.96452 -0.72224 68.0809
    endloop
  endfacet
  facet normal 0.998793 -0.0491128 -1.68947e-05
    outer loop
      vertex 9.96452 -0.72224 68.0809
      vertex 9.95185 -0.980171 68.85
      vertex 9.95948 -0.824711 68.0049
    endloop
  endfacet
  facet normal 0.998797 -0.0490266 -1.00075e-06
    outer loop
      vertex 9.95948 -0.824711 68.0049
      vertex 9.95185 -0.980171 68.85
      vertex 9.95484 -0.919238 67.9192
    endloop
  endfacet
  facet normal 0.998798 -0.0490113 0
    outer loop
      vertex 9.95484 -0.919238 67.9192
      vertex 9.95185 -0.980171 68.85
      vertex 9.95185 -0.980171 67.852
    endloop
  endfacet
  facet normal 0.998795 -0.0490693 0
    outer loop
      vertex 9.99374 -0.127421 65.7063
      vertex 10 0 65.15
      vertex 10 0 65.7
    endloop
  endfacet
  facet normal 0.998795 -0.0490708 -3.42259e-07
    outer loop
      vertex 9.98754 -0.253617 65.725
      vertex 10 0 65.15
      vertex 9.99374 -0.127421 65.7063
    endloop
  endfacet
  facet normal 0.998795 -0.049071 -4.57298e-07
    outer loop
      vertex 9.98146 -0.37737 65.756
      vertex 10 0 65.15
      vertex 9.98754 -0.253617 65.725
    endloop
  endfacet
  facet normal 0.998796 -0.0490598 -1.70068e-06
    outer loop
      vertex 9.95185 -0.980171 65.15
      vertex 9.98146 -0.37737 65.756
      vertex 9.97556 -0.497488 65.799
    endloop
  endfacet
  facet normal 0.998794 -0.049094 2.37909e-05
    outer loop
      vertex 9.95185 -0.980171 65.15
      vertex 9.97556 -0.497488 65.799
      vertex 9.96989 -0.612815 65.8535
    endloop
  endfacet
  facet normal 0.998798 -0.0490236 -1.30956e-05
    outer loop
      vertex 9.95185 -0.980171 65.15
      vertex 9.96989 -0.612815 65.8535
      vertex 9.96452 -0.72224 65.9191
    endloop
  endfacet
  facet normal 0.998793 -0.0491128 1.68947e-05
    outer loop
      vertex 9.95185 -0.980171 65.15
      vertex 9.96452 -0.72224 65.9191
      vertex 9.95948 -0.824711 65.9951
    endloop
  endfacet
  facet normal 0.998797 -0.0490266 1.00075e-06
    outer loop
      vertex 9.95185 -0.980171 65.15
      vertex 9.95948 -0.824711 65.9951
      vertex 9.95484 -0.919238 66.0808
    endloop
  endfacet
  facet normal 0.998796 -0.0490649 3.37118e-06
    outer loop
      vertex 9.98146 -0.37737 65.756
      vertex 9.95185 -0.980171 65.15
      vertex 10 0 65.15
    endloop
  endfacet
  facet normal 0.998798 -0.0490113 0
    outer loop
      vertex 9.95185 -0.980171 65.15
      vertex 9.95484 -0.919238 66.0808
      vertex 9.95185 -0.980171 66.148
    endloop
  endfacet
  facet normal -0.146736 0.989176 0
    outer loop
      vertex -0.980171 9.95185 65.15
      vertex -1.9509 9.80785 68.85
      vertex -0.980171 9.95185 68.85
    endloop
  endfacet
  facet normal -0.146736 0.989176 0
    outer loop
      vertex -1.9509 9.80785 68.85
      vertex -0.980171 9.95185 65.15
      vertex -1.9509 9.80785 65.15
    endloop
  endfacet
  facet normal -0.989176 -0.146736 0
    outer loop
      vertex -9.80785 -1.9509 65.15
      vertex -9.95185 -0.980171 68.85
      vertex -9.95185 -0.980171 65.15
    endloop
  endfacet
  facet normal -0.989176 -0.146736 0
    outer loop
      vertex -9.95185 -0.980171 68.85
      vertex -9.80785 -1.9509 65.15
      vertex -9.80785 -1.9509 68.85
    endloop
  endfacet
  facet normal 0.336885 -0.941546 0
    outer loop
      vertex 2.90285 -9.5694 65.15
      vertex 3.82683 -9.2388 68.85
      vertex 2.90285 -9.5694 68.85
    endloop
  endfacet
  facet normal 0.336885 -0.941546 0
    outer loop
      vertex 3.82683 -9.2388 68.85
      vertex 2.90285 -9.5694 65.15
      vertex 3.82683 -9.2388 65.15
    endloop
  endfacet
  facet normal 0.242979 -0.970032 0
    outer loop
      vertex 1.9509 -9.80785 65.15
      vertex 2.90285 -9.5694 68.85
      vertex 1.9509 -9.80785 68.85
    endloop
  endfacet
  facet normal 0.242979 -0.970032 0
    outer loop
      vertex 2.90285 -9.5694 68.85
      vertex 1.9509 -9.80785 65.15
      vertex 2.90285 -9.5694 65.15
    endloop
  endfacet
  facet normal -0.740957 -0.671553 0
    outer loop
      vertex -7.07107 -7.07107 65.15
      vertex -7.7301 -6.34393 68.85
      vertex -7.7301 -6.34393 65.15
    endloop
  endfacet
  facet normal -0.740957 -0.671553 0
    outer loop
      vertex -7.7301 -6.34393 68.85
      vertex -7.07107 -7.07107 65.15
      vertex -7.07107 -7.07107 68.85
    endloop
  endfacet
  facet normal -0.903988 0.427558 0
    outer loop
      vertex -9.2388 3.82683 65.15
      vertex -8.81921 4.71397 68.85
      vertex -8.81921 4.71397 65.15
    endloop
  endfacet
  facet normal -0.903988 0.427558 0
    outer loop
      vertex -8.81921 4.71397 68.85
      vertex -9.2388 3.82683 65.15
      vertex -9.2388 3.82683 68.85
    endloop
  endfacet
  facet normal -0.595705 -0.803203 0
    outer loop
      vertex -6.34393 -7.7301 65.15
      vertex -5.5557 -8.3147 68.85
      vertex -6.34393 -7.7301 68.85
    endloop
  endfacet
  facet normal -0.595705 -0.803203 -0
    outer loop
      vertex -5.5557 -8.3147 68.85
      vertex -6.34393 -7.7301 65.15
      vertex -5.5557 -8.3147 65.15
    endloop
  endfacet
  facet normal 0.903988 -0.427558 0
    outer loop
      vertex 8.81921 -4.71397 68.85
      vertex 9.2388 -3.82683 65.15
      vertex 9.2388 -3.82683 68.85
    endloop
  endfacet
  facet normal 0.903988 -0.427558 0
    outer loop
      vertex 9.2388 -3.82683 65.15
      vertex 8.81921 -4.71397 68.85
      vertex 8.81921 -4.71397 65.15
    endloop
  endfacet
  facet normal 0.85773 -0.5141 0
    outer loop
      vertex 8.3147 -5.5557 68.85
      vertex 8.81921 -4.71397 65.15
      vertex 8.81921 -4.71397 68.85
    endloop
  endfacet
  facet normal 0.85773 -0.5141 0
    outer loop
      vertex 8.81921 -4.71397 65.15
      vertex 8.3147 -5.5557 68.85
      vertex 8.3147 -5.5557 65.15
    endloop
  endfacet
  facet normal -0.0490649 -0.998796 0
    outer loop
      vertex -0.980171 -9.95185 65.15
      vertex 0 -10 68.85
      vertex -0.980171 -9.95185 68.85
    endloop
  endfacet
  facet normal -0.0490649 -0.998796 -0
    outer loop
      vertex 0 -10 68.85
      vertex -0.980171 -9.95185 65.15
      vertex 0 -10 65.15
    endloop
  endfacet
  facet normal -0.998796 0.0490649 0
    outer loop
      vertex -10 0 65.15
      vertex -9.95185 0.980171 68.85
      vertex -9.95185 0.980171 65.15
    endloop
  endfacet
  facet normal -0.998796 0.0490649 0
    outer loop
      vertex -9.95185 0.980171 68.85
      vertex -10 0 65.15
      vertex -10 0 68.85
    endloop
  endfacet
  facet normal 0.671553 -0.740957 0
    outer loop
      vertex 6.34393 -7.7301 65.15
      vertex 7.07107 -7.07107 68.85
      vertex 6.34393 -7.7301 68.85
    endloop
  endfacet
  facet normal 0.671553 -0.740957 0
    outer loop
      vertex 7.07107 -7.07107 68.85
      vertex 6.34393 -7.7301 65.15
      vertex 7.07107 -7.07107 65.15
    endloop
  endfacet
  facet normal -0.98919 -0.146638 0
    outer loop
      vertex 1.52022 0.302389 62
      vertex 1.52745 0.253617 65.725
      vertex 1.52022 0.302389 65.7372
    endloop
  endfacet
  facet normal -0.989176 -0.146736 -0
    outer loop
      vertex 1.54254 0.151926 65.7099
      vertex 1.52022 0.302389 62
      vertex 1.54254 0.151926 62
    endloop
  endfacet
  facet normal -0.989169 -0.146783 -1.93789e-06
    outer loop
      vertex 1.52022 0.302389 62
      vertex 1.54254 0.151926 65.7099
      vertex 1.52745 0.253617 65.725
    endloop
  endfacet
  facet normal -0.98919 -0.146638 0
    outer loop
      vertex 1.52745 0.253617 68.275
      vertex 1.52022 0.302389 72
      vertex 1.52022 0.302389 68.2628
    endloop
  endfacet
  facet normal -0.989169 -0.146783 1.93789e-06
    outer loop
      vertex 1.54254 0.151926 68.2901
      vertex 1.52022 0.302389 72
      vertex 1.52745 0.253617 68.275
    endloop
  endfacet
  facet normal -0.989176 -0.146736 0
    outer loop
      vertex 1.52022 0.302389 72
      vertex 1.54254 0.151926 68.2901
      vertex 1.54254 0.151926 72
    endloop
  endfacet
  facet normal -0.998803 -0.048911 0
    outer loop
      vertex 1.54254 0.151926 62
      vertex 1.54374 0.127421 65.7063
      vertex 1.54254 0.151926 65.7099
    endloop
  endfacet
  facet normal -0.998797 -0.0490438 -0
    outer loop
      vertex 1.55 0 65.7
      vertex 1.54254 0.151926 62
      vertex 1.55 0 62
    endloop
  endfacet
  facet normal -0.998795 -0.0490692 -1.04887e-06
    outer loop
      vertex 1.54254 0.151926 62
      vertex 1.55 0 65.7
      vertex 1.54374 0.127421 65.7063
    endloop
  endfacet
  facet normal -0.998803 -0.048911 0
    outer loop
      vertex 1.54374 0.127421 68.2937
      vertex 1.54254 0.151926 72
      vertex 1.54254 0.151926 68.2901
    endloop
  endfacet
  facet normal -0.998795 -0.0490692 1.04887e-06
    outer loop
      vertex 1.55 0 68.3
      vertex 1.54254 0.151926 72
      vertex 1.54374 0.127421 68.2937
    endloop
  endfacet
  facet normal -0.998797 -0.0490438 0
    outer loop
      vertex 1.54254 0.151926 72
      vertex 1.55 0 68.3
      vertex 1.55 0 72
    endloop
  endfacet
  facet normal -0.970025 -0.243004 0
    outer loop
      vertex 1.48326 0.449941 62
      vertex 1.50144 0.37737 65.756
      vertex 1.48326 0.449941 65.7819
    endloop
  endfacet
  facet normal -0.970031 -0.242981 -0
    outer loop
      vertex 1.52022 0.302389 65.7372
      vertex 1.48326 0.449941 62
      vertex 1.52022 0.302389 62
    endloop
  endfacet
  facet normal -0.970037 -0.242959 9.29613e-07
    outer loop
      vertex 1.48326 0.449941 62
      vertex 1.52022 0.302389 65.7372
      vertex 1.50144 0.37737 65.756
    endloop
  endfacet
  facet normal -0.970025 -0.243004 0
    outer loop
      vertex 1.50144 0.37737 68.244
      vertex 1.48326 0.449941 72
      vertex 1.48326 0.449941 68.2181
    endloop
  endfacet
  facet normal -0.970037 -0.242959 -9.29613e-07
    outer loop
      vertex 1.52022 0.302389 68.2628
      vertex 1.48326 0.449941 72
      vertex 1.50144 0.37737 68.244
    endloop
  endfacet
  facet normal -0.970031 -0.242981 0
    outer loop
      vertex 1.48326 0.449941 72
      vertex 1.52022 0.302389 68.2628
      vertex 1.52022 0.302389 72
    endloop
  endfacet
  facet normal -0.857731 0.514099 0
    outer loop
      vertex 1.28878 -0.861134 62
      vertex 1.36698 -0.730664 65.9253
      vertex 1.36698 -0.730664 62
    endloop
  endfacet
  facet normal -0.857727 0.514105 -2.68699e-07
    outer loop
      vertex 1.36698 -0.730664 65.9253
      vertex 1.28878 -0.861134 62
      vertex 1.31061 -0.824711 65.9951
    endloop
  endfacet
  facet normal -0.85774 0.514084 0
    outer loop
      vertex 1.31061 -0.824711 65.9951
      vertex 1.28878 -0.861134 62
      vertex 1.28878 -0.861134 66.0281
    endloop
  endfacet
  facet normal -0.857727 0.514105 2.68699e-07
    outer loop
      vertex 1.28878 -0.861134 72
      vertex 1.36698 -0.730664 68.0747
      vertex 1.31061 -0.824711 68.0049
    endloop
  endfacet
  facet normal -0.85774 0.514084 0
    outer loop
      vertex 1.28878 -0.861134 72
      vertex 1.31061 -0.824711 68.0049
      vertex 1.28878 -0.861134 67.9719
    endloop
  endfacet
  facet normal -0.857731 0.514099 0
    outer loop
      vertex 1.36698 -0.730664 68.0747
      vertex 1.28878 -0.861134 72
      vertex 1.36698 -0.730664 72
    endloop
  endfacet
  facet normal -0.941532 0.336924 0
    outer loop
      vertex 1.43201 -0.593159 62
      vertex 1.48326 -0.449941 65.7819
      vertex 1.48326 -0.449941 62
    endloop
  endfacet
  facet normal -0.941498 0.337019 -4.06322e-06
    outer loop
      vertex 1.48326 -0.449941 65.7819
      vertex 1.43201 -0.593159 62
      vertex 1.46624 -0.497488 65.799
    endloop
  endfacet
  facet normal -0.941549 0.336876 0
    outer loop
      vertex 1.46624 -0.497488 65.799
      vertex 1.43201 -0.593159 62
      vertex 1.43201 -0.593159 65.8442
    endloop
  endfacet
  facet normal -0.941498 0.337019 4.06322e-06
    outer loop
      vertex 1.43201 -0.593159 72
      vertex 1.48326 -0.449941 68.2181
      vertex 1.46624 -0.497488 68.201
    endloop
  endfacet
  facet normal -0.941549 0.336876 0
    outer loop
      vertex 1.43201 -0.593159 72
      vertex 1.46624 -0.497488 68.201
      vertex 1.43201 -0.593159 68.1558
    endloop
  endfacet
  facet normal -0.941532 0.336924 0
    outer loop
      vertex 1.48326 -0.449941 68.2181
      vertex 1.43201 -0.593159 72
      vertex 1.48326 -0.449941 72
    endloop
  endfacet
  facet normal -0.595807 -0.803127 0
    outer loop
      vertex 0.861134 1.28878 62
      vertex 0.879682 1.27502 66.7464
      vertex 0.861134 1.28878 66.8391
    endloop
  endfacet
  facet normal -0.595716 -0.803195 -5.55204e-07
    outer loop
      vertex 0.861134 1.28878 62
      vertex 0.921479 1.24402 66.6226
      vertex 0.879682 1.27502 66.7464
    endloop
  endfacet
  facet normal -0.595712 -0.803198 -6.24453e-07
    outer loop
      vertex 0.861134 1.28878 62
      vertex 0.979429 1.20104 66.5025
      vertex 0.921479 1.24402 66.6226
    endloop
  endfacet
  facet normal -0.594724 -0.80393 -4.08587e-05
    outer loop
      vertex 0.861134 1.28878 62
      vertex 0.983309 1.19817 66.4964
      vertex 0.979429 1.20104 66.5025
    endloop
  endfacet
  facet normal -0.595694 -0.803211 -0
    outer loop
      vertex 0.983309 1.19817 66.4964
      vertex 0.861134 1.28878 62
      vertex 0.983309 1.19817 62
    endloop
  endfacet
  facet normal -0.595694 -0.803211 0
    outer loop
      vertex 0.861134 1.28878 72
      vertex 0.983309 1.19817 67.5036
      vertex 0.983309 1.19817 72
    endloop
  endfacet
  facet normal -0.594724 -0.80393 4.08587e-05
    outer loop
      vertex 0.861134 1.28878 72
      vertex 0.979429 1.20104 67.4975
      vertex 0.983309 1.19817 67.5036
    endloop
  endfacet
  facet normal -0.595712 -0.803198 6.24453e-07
    outer loop
      vertex 0.861134 1.28878 72
      vertex 0.921479 1.24402 67.3774
      vertex 0.979429 1.20104 67.4975
    endloop
  endfacet
  facet normal -0.595716 -0.803195 5.55204e-07
    outer loop
      vertex 0.861134 1.28878 72
      vertex 0.879682 1.27502 67.2536
      vertex 0.921479 1.24402 67.3774
    endloop
  endfacet
  facet normal -0.595807 -0.803127 0
    outer loop
      vertex 0.879682 1.27502 67.2536
      vertex 0.861134 1.28878 72
      vertex 0.861134 1.28878 67.1609
    endloop
  endfacet
  facet normal 0.941532 -0.336924 0
    outer loop
      vertex -1.48326 0.449941 72
      vertex -1.43201 0.593159 62
      vertex -1.43201 0.593159 72
    endloop
  endfacet
  facet normal 0.941532 -0.336924 0
    outer loop
      vertex -1.43201 0.593159 62
      vertex -1.48326 0.449941 72
      vertex -1.48326 0.449941 62
    endloop
  endfacet
  facet normal 0.998797 0.0490438 0
    outer loop
      vertex -1.54254 -0.151926 72
      vertex -1.55 0 62
      vertex -1.55 0 72
    endloop
  endfacet
  facet normal 0.998797 0.0490438 0
    outer loop
      vertex -1.55 0 62
      vertex -1.54254 -0.151926 72
      vertex -1.54254 -0.151926 62
    endloop
  endfacet
  facet normal 0.970031 0.242981 0
    outer loop
      vertex -1.48326 -0.449941 72
      vertex -1.52022 -0.302389 62
      vertex -1.52022 -0.302389 72
    endloop
  endfacet
  facet normal 0.970031 0.242981 0
    outer loop
      vertex -1.52022 -0.302389 62
      vertex -1.48326 -0.449941 72
      vertex -1.48326 -0.449941 62
    endloop
  endfacet
  facet normal 0.970031 -0.242981 0
    outer loop
      vertex -1.52022 0.302389 72
      vertex -1.48326 0.449941 62
      vertex -1.48326 0.449941 72
    endloop
  endfacet
  facet normal 0.970031 -0.242981 0
    outer loop
      vertex -1.48326 0.449941 62
      vertex -1.52022 0.302389 72
      vertex -1.52022 0.302389 62
    endloop
  endfacet
  facet normal -0.514099 -0.857731 0
    outer loop
      vertex 0.730664 1.36698 72
      vertex 0.861134 1.28878 67.1609
      vertex 0.861134 1.28878 72
    endloop
  endfacet
  facet normal -0.513948 -0.857821 5.533e-06
    outer loop
      vertex 0.730664 1.36698 72
      vertex 0.852855 1.29374 67.1274
      vertex 0.861134 1.28878 67.1609
    endloop
  endfacet
  facet normal -0.51411 -0.857725 3.7429e-08
    outer loop
      vertex 0.730664 1.36698 72
      vertex 0.842411 1.3 67
      vertex 0.852855 1.29374 67.1274
    endloop
  endfacet
  facet normal -0.514111 -0.857724 0
    outer loop
      vertex 0.730664 1.36698 62
      vertex 0.842411 1.3 67
      vertex 0.730664 1.36698 72
    endloop
  endfacet
  facet normal -0.51411 -0.857725 -3.7429e-08
    outer loop
      vertex 0.730664 1.36698 62
      vertex 0.852855 1.29374 66.8726
      vertex 0.842411 1.3 67
    endloop
  endfacet
  facet normal -0.513948 -0.857821 -5.533e-06
    outer loop
      vertex 0.730664 1.36698 62
      vertex 0.861134 1.28878 66.8391
      vertex 0.852855 1.29374 66.8726
    endloop
  endfacet
  facet normal -0.514099 -0.857731 -0
    outer loop
      vertex 0.861134 1.28878 66.8391
      vertex 0.730664 1.36698 62
      vertex 0.861134 1.28878 62
    endloop
  endfacet
  facet normal 0.146736 -0.989176 0
    outer loop
      vertex -0.302389 1.52022 62
      vertex -0.151926 1.54254 72
      vertex -0.302389 1.52022 72
    endloop
  endfacet
  facet normal 0.146736 -0.989176 0
    outer loop
      vertex -0.151926 1.54254 72
      vertex -0.302389 1.52022 62
      vertex -0.151926 1.54254 62
    endloop
  endfacet
  facet normal -0.740606 -0.67194 0
    outer loop
      vertex 1.09601 1.09601 62
      vertex 1.10971 1.08091 66.2778
      vertex 1.09601 1.09601 66.303
    endloop
  endfacet
  facet normal -0.741009 -0.671495 2.86504e-06
    outer loop
      vertex 1.09601 1.09601 62
      vertex 1.17858 1.00491 66.1753
      vertex 1.10971 1.08091 66.2778
    endloop
  endfacet
  facet normal -0.740906 -0.671609 -0
    outer loop
      vertex 1.19817 0.983309 66.1515
      vertex 1.09601 1.09601 62
      vertex 1.19817 0.983309 62
    endloop
  endfacet
  facet normal -0.740751 -0.67178 -8.45691e-06
    outer loop
      vertex 1.09601 1.09601 62
      vertex 1.19817 0.983309 66.1515
      vertex 1.17858 1.00491 66.1753
    endloop
  endfacet
  facet normal -0.740606 -0.67194 0
    outer loop
      vertex 1.10971 1.08091 67.7222
      vertex 1.09601 1.09601 72
      vertex 1.09601 1.09601 67.697
    endloop
  endfacet
  facet normal -0.741009 -0.671495 -2.86504e-06
    outer loop
      vertex 1.17858 1.00491 67.8247
      vertex 1.09601 1.09601 72
      vertex 1.10971 1.08091 67.7222
    endloop
  endfacet
  facet normal -0.740751 -0.67178 8.45691e-06
    outer loop
      vertex 1.19817 0.983309 67.8485
      vertex 1.09601 1.09601 72
      vertex 1.17858 1.00491 67.8247
    endloop
  endfacet
  facet normal -0.740906 -0.671609 0
    outer loop
      vertex 1.09601 1.09601 72
      vertex 1.19817 0.983309 67.8485
      vertex 1.19817 0.983309 72
    endloop
  endfacet
  facet normal 0.857731 -0.514099 0
    outer loop
      vertex -1.36698 0.730664 72
      vertex -1.28878 0.861134 62
      vertex -1.28878 0.861134 72
    endloop
  endfacet
  facet normal 0.857731 -0.514099 0
    outer loop
      vertex -1.28878 0.861134 62
      vertex -1.36698 0.730664 72
      vertex -1.36698 0.730664 62
    endloop
  endfacet
  facet normal -0.803257 -0.595632 0
    outer loop
      vertex 1.19817 0.983309 62
      vertex 1.24568 0.919238 66.0808
      vertex 1.19817 0.983309 66.1515
    endloop
  endfacet
  facet normal -0.803211 -0.595694 -0
    outer loop
      vertex 1.28878 0.861134 66.0281
      vertex 1.19817 0.983309 62
      vertex 1.28878 0.861134 62
    endloop
  endfacet
  facet normal -0.803162 -0.595761 -3.1362e-06
    outer loop
      vertex 1.19817 0.983309 62
      vertex 1.28878 0.861134 66.0281
      vertex 1.24568 0.919238 66.0808
    endloop
  endfacet
  facet normal -0.803257 -0.595632 0
    outer loop
      vertex 1.24568 0.919238 67.9192
      vertex 1.19817 0.983309 72
      vertex 1.19817 0.983309 67.8485
    endloop
  endfacet
  facet normal -0.803162 -0.595761 3.1362e-06
    outer loop
      vertex 1.28878 0.861134 67.9719
      vertex 1.19817 0.983309 72
      vertex 1.24568 0.919238 67.9192
    endloop
  endfacet
  facet normal -0.803211 -0.595694 0
    outer loop
      vertex 1.19817 0.983309 72
      vertex 1.28878 0.861134 67.9719
      vertex 1.28878 0.861134 72
    endloop
  endfacet
  facet normal -0.970031 0.242981 0
    outer loop
      vertex 1.48326 -0.449941 62
      vertex 1.52022 -0.302389 65.7372
      vertex 1.52022 -0.302389 62
    endloop
  endfacet
  facet normal -0.970037 0.242959 9.29613e-07
    outer loop
      vertex 1.52022 -0.302389 65.7372
      vertex 1.48326 -0.449941 62
      vertex 1.50144 -0.37737 65.756
    endloop
  endfacet
  facet normal -0.970025 0.243004 0
    outer loop
      vertex 1.50144 -0.37737 65.756
      vertex 1.48326 -0.449941 62
      vertex 1.48326 -0.449941 65.7819
    endloop
  endfacet
  facet normal -0.970037 0.242959 -9.29613e-07
    outer loop
      vertex 1.48326 -0.449941 72
      vertex 1.52022 -0.302389 68.2628
      vertex 1.50144 -0.37737 68.244
    endloop
  endfacet
  facet normal -0.970025 0.243004 0
    outer loop
      vertex 1.48326 -0.449941 72
      vertex 1.50144 -0.37737 68.244
      vertex 1.48326 -0.449941 68.2181
    endloop
  endfacet
  facet normal -0.970031 0.242981 0
    outer loop
      vertex 1.52022 -0.302389 68.2628
      vertex 1.48326 -0.449941 72
      vertex 1.52022 -0.302389 72
    endloop
  endfacet
  facet normal -0.336924 -0.941532 0
    outer loop
      vertex 0.449941 1.48326 62
      vertex 0.593159 1.43201 72
      vertex 0.449941 1.48326 72
    endloop
  endfacet
  facet normal -0.336924 -0.941532 -0
    outer loop
      vertex 0.593159 1.43201 72
      vertex 0.449941 1.48326 62
      vertex 0.593159 1.43201 62
    endloop
  endfacet
  facet normal 0.514099 -0.857731 0
    outer loop
      vertex -0.861134 1.28878 62
      vertex -0.730664 1.36698 72
      vertex -0.861134 1.28878 72
    endloop
  endfacet
  facet normal 0.514099 -0.857731 0
    outer loop
      vertex -0.730664 1.36698 72
      vertex -0.861134 1.28878 62
      vertex -0.730664 1.36698 62
    endloop
  endfacet
  facet normal 0.336924 -0.941532 0
    outer loop
      vertex -0.593159 1.43201 62
      vertex -0.449941 1.48326 72
      vertex -0.593159 1.43201 72
    endloop
  endfacet
  facet normal 0.336924 -0.941532 0
    outer loop
      vertex -0.449941 1.48326 72
      vertex -0.593159 1.43201 62
      vertex -0.449941 1.48326 62
    endloop
  endfacet
  facet normal -0.671609 0.740906 0
    outer loop
      vertex 0.983309 -1.19817 62
      vertex 1.09601 -1.09601 66.303
      vertex 1.09601 -1.09601 62
    endloop
  endfacet
  facet normal -0.67167 0.740851 2.92354e-06
    outer loop
      vertex 1.09601 -1.09601 66.303
      vertex 0.983309 -1.19817 62
      vertex 1.04032 -1.1465 66.3872
    endloop
  endfacet
  facet normal -0.671546 0.740962 0
    outer loop
      vertex 1.04032 -1.1465 66.3872
      vertex 0.983309 -1.19817 62
      vertex 0.983309 -1.19817 66.4964
    endloop
  endfacet
  facet normal -0.671609 0.740906 0
    outer loop
      vertex 1.09601 -1.09601 67.697
      vertex 0.983309 -1.19817 72
      vertex 1.09601 -1.09601 72
    endloop
  endfacet
  facet normal -0.67167 0.740851 -2.92354e-06
    outer loop
      vertex 1.04032 -1.1465 67.6128
      vertex 0.983309 -1.19817 72
      vertex 1.09601 -1.09601 67.697
    endloop
  endfacet
  facet normal -0.671546 0.740962 0
    outer loop
      vertex 0.983309 -1.19817 72
      vertex 1.04032 -1.1465 67.6128
      vertex 0.983309 -1.19817 67.5036
    endloop
  endfacet
  facet normal 0.242981 -0.970031 0
    outer loop
      vertex -0.449941 1.48326 62
      vertex -0.302389 1.52022 72
      vertex -0.449941 1.48326 72
    endloop
  endfacet
  facet normal 0.242981 -0.970031 0
    outer loop
      vertex -0.302389 1.52022 72
      vertex -0.449941 1.48326 62
      vertex -0.302389 1.52022 62
    endloop
  endfacet
  facet normal 0.941532 0.336924 0
    outer loop
      vertex -1.43201 -0.593159 72
      vertex -1.48326 -0.449941 62
      vertex -1.48326 -0.449941 72
    endloop
  endfacet
  facet normal 0.941532 0.336924 0
    outer loop
      vertex -1.48326 -0.449941 62
      vertex -1.43201 -0.593159 72
      vertex -1.43201 -0.593159 62
    endloop
  endfacet
  facet normal 0.595694 -0.803211 0
    outer loop
      vertex -0.983309 1.19817 62
      vertex -0.861134 1.28878 72
      vertex -0.983309 1.19817 72
    endloop
  endfacet
  facet normal 0.595694 -0.803211 0
    outer loop
      vertex -0.861134 1.28878 72
      vertex -0.983309 1.19817 62
      vertex -0.861134 1.28878 62
    endloop
  endfacet
  facet normal -0.427528 -0.904002 0
    outer loop
      vertex 0.593159 1.43201 62
      vertex 0.730664 1.36698 72
      vertex 0.593159 1.43201 72
    endloop
  endfacet
  facet normal -0.427528 -0.904002 -0
    outer loop
      vertex 0.730664 1.36698 72
      vertex 0.593159 1.43201 62
      vertex 0.730664 1.36698 62
    endloop
  endfacet
  facet normal -0.941549 -0.336876 0
    outer loop
      vertex 1.43201 0.593159 62
      vertex 1.46624 0.497488 65.799
      vertex 1.43201 0.593159 65.8442
    endloop
  endfacet
  facet normal -0.941532 -0.336924 -0
    outer loop
      vertex 1.48326 0.449941 65.7819
      vertex 1.43201 0.593159 62
      vertex 1.48326 0.449941 62
    endloop
  endfacet
  facet normal -0.941498 -0.337019 -4.06322e-06
    outer loop
      vertex 1.43201 0.593159 62
      vertex 1.48326 0.449941 65.7819
      vertex 1.46624 0.497488 65.799
    endloop
  endfacet
  facet normal -0.941549 -0.336876 0
    outer loop
      vertex 1.46624 0.497488 68.201
      vertex 1.43201 0.593159 72
      vertex 1.43201 0.593159 68.1558
    endloop
  endfacet
  facet normal -0.941498 -0.337019 4.06322e-06
    outer loop
      vertex 1.48326 0.449941 68.2181
      vertex 1.43201 0.593159 72
      vertex 1.46624 0.497488 68.201
    endloop
  endfacet
  facet normal -0.941532 -0.336924 0
    outer loop
      vertex 1.43201 0.593159 72
      vertex 1.48326 0.449941 68.2181
      vertex 1.48326 0.449941 72
    endloop
  endfacet
  facet normal 0.989176 0.146736 0
    outer loop
      vertex -1.52022 -0.302389 72
      vertex -1.54254 -0.151926 62
      vertex -1.54254 -0.151926 72
    endloop
  endfacet
  facet normal 0.989176 0.146736 0
    outer loop
      vertex -1.54254 -0.151926 62
      vertex -1.52022 -0.302389 72
      vertex -1.52022 -0.302389 62
    endloop
  endfacet
  facet normal -0.989176 0.146736 0
    outer loop
      vertex 1.52022 -0.302389 62
      vertex 1.54254 -0.151926 65.7099
      vertex 1.54254 -0.151926 62
    endloop
  endfacet
  facet normal -0.989169 0.146783 -1.93789e-06
    outer loop
      vertex 1.54254 -0.151926 65.7099
      vertex 1.52022 -0.302389 62
      vertex 1.52745 -0.253617 65.725
    endloop
  endfacet
  facet normal -0.98919 0.146638 0
    outer loop
      vertex 1.52745 -0.253617 65.725
      vertex 1.52022 -0.302389 62
      vertex 1.52022 -0.302389 65.7372
    endloop
  endfacet
  facet normal -0.989169 0.146783 1.93789e-06
    outer loop
      vertex 1.52022 -0.302389 72
      vertex 1.54254 -0.151926 68.2901
      vertex 1.52745 -0.253617 68.275
    endloop
  endfacet
  facet normal -0.98919 0.146638 0
    outer loop
      vertex 1.52022 -0.302389 72
      vertex 1.52745 -0.253617 68.275
      vertex 1.52022 -0.302389 68.2628
    endloop
  endfacet
  facet normal -0.989176 0.146736 0
    outer loop
      vertex 1.54254 -0.151926 68.2901
      vertex 1.52022 -0.302389 72
      vertex 1.54254 -0.151926 72
    endloop
  endfacet
  facet normal -0.998797 0.0490438 0
    outer loop
      vertex 1.54254 -0.151926 62
      vertex 1.55 0 65.7
      vertex 1.55 0 62
    endloop
  endfacet
  facet normal -0.998795 0.0490692 -1.04887e-06
    outer loop
      vertex 1.55 0 65.7
      vertex 1.54254 -0.151926 62
      vertex 1.54374 -0.127421 65.7063
    endloop
  endfacet
  facet normal -0.998803 0.048911 0
    outer loop
      vertex 1.54374 -0.127421 65.7063
      vertex 1.54254 -0.151926 62
      vertex 1.54254 -0.151926 65.7099
    endloop
  endfacet
  facet normal -0.998795 0.0490692 1.04887e-06
    outer loop
      vertex 1.54254 -0.151926 72
      vertex 1.55 0 68.3
      vertex 1.54374 -0.127421 68.2937
    endloop
  endfacet
  facet normal -0.998803 0.048911 0
    outer loop
      vertex 1.54254 -0.151926 72
      vertex 1.54374 -0.127421 68.2937
      vertex 1.54254 -0.151926 68.2901
    endloop
  endfacet
  facet normal -0.998797 0.0490438 0
    outer loop
      vertex 1.55 0 68.3
      vertex 1.54254 -0.151926 72
      vertex 1.55 0 72
    endloop
  endfacet
  facet normal -0.803211 0.595694 0
    outer loop
      vertex 1.19817 -0.983309 62
      vertex 1.28878 -0.861134 66.0281
      vertex 1.28878 -0.861134 62
    endloop
  endfacet
  facet normal -0.803162 0.595761 -3.1362e-06
    outer loop
      vertex 1.28878 -0.861134 66.0281
      vertex 1.19817 -0.983309 62
      vertex 1.24568 -0.919238 66.0808
    endloop
  endfacet
  facet normal -0.803257 0.595632 0
    outer loop
      vertex 1.24568 -0.919238 66.0808
      vertex 1.19817 -0.983309 62
      vertex 1.19817 -0.983309 66.1515
    endloop
  endfacet
  facet normal -0.803162 0.595761 3.1362e-06
    outer loop
      vertex 1.19817 -0.983309 72
      vertex 1.28878 -0.861134 67.9719
      vertex 1.24568 -0.919238 67.9192
    endloop
  endfacet
  facet normal -0.803257 0.595632 0
    outer loop
      vertex 1.19817 -0.983309 72
      vertex 1.24568 -0.919238 67.9192
      vertex 1.19817 -0.983309 67.8485
    endloop
  endfacet
  facet normal -0.803211 0.595694 0
    outer loop
      vertex 1.28878 -0.861134 67.9719
      vertex 1.19817 -0.983309 72
      vertex 1.28878 -0.861134 72
    endloop
  endfacet
  facet normal -0.904166 -0.427182 0
    outer loop
      vertex 1.36698 0.730664 62
      vertex 1.37096 0.72224 65.9191
      vertex 1.36698 0.730664 65.9253
    endloop
  endfacet
  facet normal -0.903971 -0.427594 -1.08363e-06
    outer loop
      vertex 1.36698 0.730664 62
      vertex 1.42272 0.612815 65.8535
      vertex 1.37096 0.72224 65.9191
    endloop
  endfacet
  facet normal -0.904002 -0.427528 -0
    outer loop
      vertex 1.43201 0.593159 65.8442
      vertex 1.36698 0.730664 62
      vertex 1.43201 0.593159 62
    endloop
  endfacet
  facet normal -0.904105 -0.427311 9.50964e-06
    outer loop
      vertex 1.36698 0.730664 62
      vertex 1.43201 0.593159 65.8442
      vertex 1.42272 0.612815 65.8535
    endloop
  endfacet
  facet normal -0.904166 -0.427182 0
    outer loop
      vertex 1.37096 0.72224 68.0809
      vertex 1.36698 0.730664 72
      vertex 1.36698 0.730664 68.0747
    endloop
  endfacet
  facet normal -0.903971 -0.427594 1.08363e-06
    outer loop
      vertex 1.42272 0.612815 68.1465
      vertex 1.36698 0.730664 72
      vertex 1.37096 0.72224 68.0809
    endloop
  endfacet
  facet normal -0.904105 -0.427311 -9.50964e-06
    outer loop
      vertex 1.43201 0.593159 68.1558
      vertex 1.36698 0.730664 72
      vertex 1.42272 0.612815 68.1465
    endloop
  endfacet
  facet normal -0.904002 -0.427528 0
    outer loop
      vertex 1.36698 0.730664 72
      vertex 1.43201 0.593159 68.1558
      vertex 1.43201 0.593159 72
    endloop
  endfacet
  facet normal 0.904002 0.427528 0
    outer loop
      vertex -1.36698 -0.730664 72
      vertex -1.43201 -0.593159 62
      vertex -1.43201 -0.593159 72
    endloop
  endfacet
  facet normal 0.904002 0.427528 0
    outer loop
      vertex -1.43201 -0.593159 62
      vertex -1.36698 -0.730664 72
      vertex -1.36698 -0.730664 62
    endloop
  endfacet
  facet normal -0.671546 -0.740962 0
    outer loop
      vertex 0.983309 1.19817 62
      vertex 1.04032 1.1465 66.3872
      vertex 0.983309 1.19817 66.4964
    endloop
  endfacet
  facet normal -0.67167 -0.740851 2.92354e-06
    outer loop
      vertex 0.983309 1.19817 62
      vertex 1.09601 1.09601 66.303
      vertex 1.04032 1.1465 66.3872
    endloop
  endfacet
  facet normal -0.671609 -0.740906 -0
    outer loop
      vertex 1.09601 1.09601 66.303
      vertex 0.983309 1.19817 62
      vertex 1.09601 1.09601 62
    endloop
  endfacet
  facet normal -0.671609 -0.740906 0
    outer loop
      vertex 0.983309 1.19817 72
      vertex 1.09601 1.09601 67.697
      vertex 1.09601 1.09601 72
    endloop
  endfacet
  facet normal -0.67167 -0.740851 -2.92354e-06
    outer loop
      vertex 0.983309 1.19817 72
      vertex 1.04032 1.1465 67.6128
      vertex 1.09601 1.09601 67.697
    endloop
  endfacet
  facet normal -0.671546 -0.740962 0
    outer loop
      vertex 1.04032 1.1465 67.6128
      vertex 0.983309 1.19817 72
      vertex 0.983309 1.19817 67.5036
    endloop
  endfacet
  facet normal -0.85774 -0.514084 0
    outer loop
      vertex 1.28878 0.861134 62
      vertex 1.31061 0.824711 65.9951
      vertex 1.28878 0.861134 66.0281
    endloop
  endfacet
  facet normal -0.857731 -0.514099 -0
    outer loop
      vertex 1.36698 0.730664 65.9253
      vertex 1.28878 0.861134 62
      vertex 1.36698 0.730664 62
    endloop
  endfacet
  facet normal -0.857727 -0.514105 -2.68699e-07
    outer loop
      vertex 1.28878 0.861134 62
      vertex 1.36698 0.730664 65.9253
      vertex 1.31061 0.824711 65.9951
    endloop
  endfacet
  facet normal -0.85774 -0.514084 0
    outer loop
      vertex 1.31061 0.824711 68.0049
      vertex 1.28878 0.861134 72
      vertex 1.28878 0.861134 67.9719
    endloop
  endfacet
  facet normal -0.857727 -0.514105 2.68699e-07
    outer loop
      vertex 1.36698 0.730664 68.0747
      vertex 1.28878 0.861134 72
      vertex 1.31061 0.824711 68.0049
    endloop
  endfacet
  facet normal -0.857731 -0.514099 0
    outer loop
      vertex 1.28878 0.861134 72
      vertex 1.36698 0.730664 68.0747
      vertex 1.36698 0.730664 72
    endloop
  endfacet
  facet normal 0.0490438 -0.998797 0
    outer loop
      vertex -0.151926 1.54254 62
      vertex 0 1.55 72
      vertex -0.151926 1.54254 72
    endloop
  endfacet
  facet normal 0.0490438 -0.998797 0
    outer loop
      vertex 0 1.55 72
      vertex -0.151926 1.54254 62
      vertex 0 1.55 62
    endloop
  endfacet
  facet normal 0.427528 -0.904002 0
    outer loop
      vertex -0.730664 1.36698 62
      vertex -0.593159 1.43201 72
      vertex -0.730664 1.36698 72
    endloop
  endfacet
  facet normal 0.427528 -0.904002 0
    outer loop
      vertex -0.593159 1.43201 72
      vertex -0.730664 1.36698 62
      vertex -0.593159 1.43201 62
    endloop
  endfacet
  facet normal 0.671609 0.740906 -0
    outer loop
      vertex -0.983309 -1.19817 62
      vertex -1.09601 -1.09601 72
      vertex -0.983309 -1.19817 72
    endloop
  endfacet
  facet normal 0.671609 0.740906 0
    outer loop
      vertex -1.09601 -1.09601 72
      vertex -0.983309 -1.19817 62
      vertex -1.09601 -1.09601 62
    endloop
  endfacet
  facet normal 0.857731 0.514099 0
    outer loop
      vertex -1.28878 -0.861134 72
      vertex -1.36698 -0.730664 62
      vertex -1.36698 -0.730664 72
    endloop
  endfacet
  facet normal 0.857731 0.514099 0
    outer loop
      vertex -1.36698 -0.730664 62
      vertex -1.28878 -0.861134 72
      vertex -1.28878 -0.861134 62
    endloop
  endfacet
  facet normal 0.740906 -0.671609 0
    outer loop
      vertex -1.19817 0.983309 72
      vertex -1.09601 1.09601 62
      vertex -1.09601 1.09601 72
    endloop
  endfacet
  facet normal 0.740906 -0.671609 0
    outer loop
      vertex -1.09601 1.09601 62
      vertex -1.19817 0.983309 72
      vertex -1.19817 0.983309 62
    endloop
  endfacet
  facet normal 0.671609 -0.740906 0
    outer loop
      vertex -1.09601 1.09601 62
      vertex -0.983309 1.19817 72
      vertex -1.09601 1.09601 72
    endloop
  endfacet
  facet normal 0.671609 -0.740906 0
    outer loop
      vertex -0.983309 1.19817 72
      vertex -1.09601 1.09601 62
      vertex -0.983309 1.19817 62
    endloop
  endfacet
  facet normal 0.740906 0.671609 0
    outer loop
      vertex -1.09601 -1.09601 72
      vertex -1.19817 -0.983309 62
      vertex -1.19817 -0.983309 72
    endloop
  endfacet
  facet normal 0.740906 0.671609 0
    outer loop
      vertex -1.19817 -0.983309 62
      vertex -1.09601 -1.09601 72
      vertex -1.09601 -1.09601 62
    endloop
  endfacet
  facet normal 0.803211 0.595694 0
    outer loop
      vertex -1.19817 -0.983309 72
      vertex -1.28878 -0.861134 62
      vertex -1.28878 -0.861134 72
    endloop
  endfacet
  facet normal 0.803211 0.595694 0
    outer loop
      vertex -1.28878 -0.861134 62
      vertex -1.19817 -0.983309 72
      vertex -1.19817 -0.983309 62
    endloop
  endfacet
  facet normal -0.0490438 -0.998797 0
    outer loop
      vertex 0 1.55 62
      vertex 0.151926 1.54254 72
      vertex 0 1.55 72
    endloop
  endfacet
  facet normal -0.0490438 -0.998797 -0
    outer loop
      vertex 0.151926 1.54254 72
      vertex 0 1.55 62
      vertex 0.151926 1.54254 62
    endloop
  endfacet
  facet normal 0.59567 0.803229 -0
    outer loop
      vertex -0.913419 -1.25 62
      vertex -0.983309 -1.19817 72
      vertex -0.913419 -1.25 72
    endloop
  endfacet
  facet normal 0.59567 0.803229 0
    outer loop
      vertex -0.983309 -1.19817 72
      vertex -0.913419 -1.25 62
      vertex -0.983309 -1.19817 62
    endloop
  endfacet
  facet normal 0.803211 -0.595694 0
    outer loop
      vertex -1.28878 0.861134 72
      vertex -1.19817 0.983309 62
      vertex -1.19817 0.983309 72
    endloop
  endfacet
  facet normal 0.803211 -0.595694 0
    outer loop
      vertex -1.19817 0.983309 62
      vertex -1.28878 0.861134 72
      vertex -1.28878 0.861134 62
    endloop
  endfacet
  facet normal -0.59567 0.803229 0
    outer loop
      vertex 0.913419 -1.25 62
      vertex 0.983309 -1.19817 66.4964
      vertex 0.983309 -1.19817 62
    endloop
  endfacet
  facet normal -0.594706 0.803943 -2.32155e-05
    outer loop
      vertex 0.983309 -1.19817 66.4964
      vertex 0.913419 -1.25 62
      vertex 0.979429 -1.20104 66.5025
    endloop
  endfacet
  facet normal -0.595712 0.803198 -3.6508e-07
    outer loop
      vertex 0.979429 -1.20104 66.5025
      vertex 0.913419 -1.25 62
      vertex 0.921479 -1.24402 66.6226
    endloop
  endfacet
  facet normal -0.595847 0.803098 0
    outer loop
      vertex 0.921479 -1.24402 66.6226
      vertex 0.913419 -1.25 62
      vertex 0.913419 -1.25 66.6465
    endloop
  endfacet
  facet normal -0.59567 0.803229 0
    outer loop
      vertex 0.983309 -1.19817 67.5036
      vertex 0.913419 -1.25 72
      vertex 0.983309 -1.19817 72
    endloop
  endfacet
  facet normal -0.594706 0.803943 2.32155e-05
    outer loop
      vertex 0.979429 -1.20104 67.4975
      vertex 0.913419 -1.25 72
      vertex 0.983309 -1.19817 67.5036
    endloop
  endfacet
  facet normal -0.595712 0.803198 3.6508e-07
    outer loop
      vertex 0.921479 -1.24402 67.3774
      vertex 0.913419 -1.25 72
      vertex 0.979429 -1.20104 67.4975
    endloop
  endfacet
  facet normal -0.595847 0.803098 0
    outer loop
      vertex 0.913419 -1.25 72
      vertex 0.921479 -1.24402 67.3774
      vertex 0.913419 -1.25 67.3535
    endloop
  endfacet
  facet normal -0.904002 0.427528 0
    outer loop
      vertex 1.36698 -0.730664 62
      vertex 1.43201 -0.593159 65.8442
      vertex 1.43201 -0.593159 62
    endloop
  endfacet
  facet normal -0.904105 0.427311 9.50964e-06
    outer loop
      vertex 1.43201 -0.593159 65.8442
      vertex 1.36698 -0.730664 62
      vertex 1.42272 -0.612815 65.8535
    endloop
  endfacet
  facet normal -0.903971 0.427594 -1.08363e-06
    outer loop
      vertex 1.42272 -0.612815 65.8535
      vertex 1.36698 -0.730664 62
      vertex 1.37096 -0.72224 65.9191
    endloop
  endfacet
  facet normal -0.904166 0.427182 0
    outer loop
      vertex 1.37096 -0.72224 65.9191
      vertex 1.36698 -0.730664 62
      vertex 1.36698 -0.730664 65.9253
    endloop
  endfacet
  facet normal -0.904105 0.427311 -9.50964e-06
    outer loop
      vertex 1.36698 -0.730664 72
      vertex 1.43201 -0.593159 68.1558
      vertex 1.42272 -0.612815 68.1465
    endloop
  endfacet
  facet normal -0.903971 0.427594 1.08363e-06
    outer loop
      vertex 1.36698 -0.730664 72
      vertex 1.42272 -0.612815 68.1465
      vertex 1.37096 -0.72224 68.0809
    endloop
  endfacet
  facet normal -0.904166 0.427182 0
    outer loop
      vertex 1.36698 -0.730664 72
      vertex 1.37096 -0.72224 68.0809
      vertex 1.36698 -0.730664 68.0747
    endloop
  endfacet
  facet normal -0.904002 0.427528 0
    outer loop
      vertex 1.43201 -0.593159 68.1558
      vertex 1.36698 -0.730664 72
      vertex 1.43201 -0.593159 72
    endloop
  endfacet
  facet normal -0.740906 0.671609 0
    outer loop
      vertex 1.09601 -1.09601 62
      vertex 1.19817 -0.983309 66.1515
      vertex 1.19817 -0.983309 62
    endloop
  endfacet
  facet normal -0.740751 0.67178 -8.45691e-06
    outer loop
      vertex 1.19817 -0.983309 66.1515
      vertex 1.09601 -1.09601 62
      vertex 1.17858 -1.00491 66.1753
    endloop
  endfacet
  facet normal -0.741009 0.671495 2.86504e-06
    outer loop
      vertex 1.17858 -1.00491 66.1753
      vertex 1.09601 -1.09601 62
      vertex 1.10971 -1.08091 66.2778
    endloop
  endfacet
  facet normal -0.740606 0.67194 0
    outer loop
      vertex 1.10971 -1.08091 66.2778
      vertex 1.09601 -1.09601 62
      vertex 1.09601 -1.09601 66.303
    endloop
  endfacet
  facet normal -0.740751 0.67178 8.45691e-06
    outer loop
      vertex 1.09601 -1.09601 72
      vertex 1.19817 -0.983309 67.8485
      vertex 1.17858 -1.00491 67.8247
    endloop
  endfacet
  facet normal -0.741009 0.671495 -2.86504e-06
    outer loop
      vertex 1.09601 -1.09601 72
      vertex 1.17858 -1.00491 67.8247
      vertex 1.10971 -1.08091 67.7222
    endloop
  endfacet
  facet normal -0.740606 0.67194 0
    outer loop
      vertex 1.09601 -1.09601 72
      vertex 1.10971 -1.08091 67.7222
      vertex 1.09601 -1.09601 67.697
    endloop
  endfacet
  facet normal -0.740906 0.671609 0
    outer loop
      vertex 1.19817 -0.983309 67.8485
      vertex 1.09601 -1.09601 72
      vertex 1.19817 -0.983309 72
    endloop
  endfacet
  facet normal 0.989176 -0.146736 0
    outer loop
      vertex -1.54254 0.151926 72
      vertex -1.52022 0.302389 62
      vertex -1.52022 0.302389 72
    endloop
  endfacet
  facet normal 0.989176 -0.146736 0
    outer loop
      vertex -1.52022 0.302389 62
      vertex -1.54254 0.151926 72
      vertex -1.54254 0.151926 62
    endloop
  endfacet
  facet normal 0.998797 -0.0490438 0
    outer loop
      vertex -1.55 0 72
      vertex -1.54254 0.151926 62
      vertex -1.54254 0.151926 72
    endloop
  endfacet
  facet normal 0.998797 -0.0490438 0
    outer loop
      vertex -1.54254 0.151926 62
      vertex -1.55 0 72
      vertex -1.55 0 62
    endloop
  endfacet
  facet normal -0.242981 -0.970031 0
    outer loop
      vertex 0.302389 1.52022 62
      vertex 0.449941 1.48326 72
      vertex 0.302389 1.52022 72
    endloop
  endfacet
  facet normal -0.242981 -0.970031 -0
    outer loop
      vertex 0.449941 1.48326 72
      vertex 0.302389 1.52022 62
      vertex 0.449941 1.48326 62
    endloop
  endfacet
  facet normal 0.904002 -0.427528 0
    outer loop
      vertex -1.43201 0.593159 72
      vertex -1.36698 0.730664 62
      vertex -1.36698 0.730664 72
    endloop
  endfacet
  facet normal 0.904002 -0.427528 0
    outer loop
      vertex -1.36698 0.730664 62
      vertex -1.43201 0.593159 72
      vertex -1.43201 0.593159 62
    endloop
  endfacet
  facet normal -0.146736 -0.989176 0
    outer loop
      vertex 0.151926 1.54254 62
      vertex 0.302389 1.52022 72
      vertex 0.151926 1.54254 72
    endloop
  endfacet
  facet normal -0.146736 -0.989176 -0
    outer loop
      vertex 0.302389 1.52022 72
      vertex 0.151926 1.54254 62
      vertex 0.302389 1.52022 62
    endloop
  endfacet
  facet normal 0 0 1
    outer loop
      vertex 1.54254 0.151926 62
      vertex 1.54254 -0.151926 62
      vertex 1.55 0 62
    endloop
  endfacet
  facet normal 0 0 1
    outer loop
      vertex 1.52022 0.302389 62
      vertex 1.54254 -0.151926 62
      vertex 1.54254 0.151926 62
    endloop
  endfacet
  facet normal 0 0 1
    outer loop
      vertex 1.52022 0.302389 62
      vertex 1.52022 -0.302389 62
      vertex 1.54254 -0.151926 62
    endloop
  endfacet
  facet normal 0 0 1
    outer loop
      vertex 1.48326 0.449941 62
      vertex 1.52022 -0.302389 62
      vertex 1.52022 0.302389 62
    endloop
  endfacet
  facet normal 0 0 1
    outer loop
      vertex 1.48326 0.449941 62
      vertex 1.48326 -0.449941 62
      vertex 1.52022 -0.302389 62
    endloop
  endfacet
  facet normal 0 0 1
    outer loop
      vertex 1.43201 0.593159 62
      vertex 1.48326 -0.449941 62
      vertex 1.48326 0.449941 62
    endloop
  endfacet
  facet normal 0 0 1
    outer loop
      vertex 1.43201 0.593159 62
      vertex 1.43201 -0.593159 62
      vertex 1.48326 -0.449941 62
    endloop
  endfacet
  facet normal 0 0 1
    outer loop
      vertex 1.36698 0.730664 62
      vertex 1.43201 -0.593159 62
      vertex 1.43201 0.593159 62
    endloop
  endfacet
  facet normal 0 0 1
    outer loop
      vertex 1.36698 0.730664 62
      vertex 1.36698 -0.730664 62
      vertex 1.43201 -0.593159 62
    endloop
  endfacet
  facet normal 0 0 1
    outer loop
      vertex 1.28878 0.861134 62
      vertex 1.36698 -0.730664 62
      vertex 1.36698 0.730664 62
    endloop
  endfacet
  facet normal 0 0 1
    outer loop
      vertex 1.28878 0.861134 62
      vertex 1.28878 -0.861134 62
      vertex 1.36698 -0.730664 62
    endloop
  endfacet
  facet normal 0 0 1
    outer loop
      vertex 1.19817 0.983309 62
      vertex 1.28878 -0.861134 62
      vertex 1.28878 0.861134 62
    endloop
  endfacet
  facet normal 0 0 1
    outer loop
      vertex 1.19817 0.983309 62
      vertex 1.19817 -0.983309 62
      vertex 1.28878 -0.861134 62
    endloop
  endfacet
  facet normal 0 0 1
    outer loop
      vertex 1.09601 1.09601 62
      vertex 1.19817 -0.983309 62
      vertex 1.19817 0.983309 62
    endloop
  endfacet
  facet normal 0 0 1
    outer loop
      vertex 1.09601 1.09601 62
      vertex 1.09601 -1.09601 62
      vertex 1.19817 -0.983309 62
    endloop
  endfacet
  facet normal 0 0 1
    outer loop
      vertex 0.983309 1.19817 62
      vertex 1.09601 -1.09601 62
      vertex 1.09601 1.09601 62
    endloop
  endfacet
  facet normal 0 0 1
    outer loop
      vertex 0.913419 -1.25 62
      vertex 1.09601 -1.09601 62
      vertex 0.983309 1.19817 62
    endloop
  endfacet
  facet normal 0 0 1
    outer loop
      vertex 1.09601 -1.09601 62
      vertex 0.913419 -1.25 62
      vertex 0.983309 -1.19817 62
    endloop
  endfacet
  facet normal 0 0 1
    outer loop
      vertex 0.861134 1.28878 62
      vertex 0.913419 -1.25 62
      vertex 0.983309 1.19817 62
    endloop
  endfacet
  facet normal 0 0 1
    outer loop
      vertex 0.730664 1.36698 62
      vertex 0.913419 -1.25 62
      vertex 0.861134 1.28878 62
    endloop
  endfacet
  facet normal 0 0 1
    outer loop
      vertex 0.593159 1.43201 62
      vertex 0.913419 -1.25 62
      vertex 0.730664 1.36698 62
    endloop
  endfacet
  facet normal 0 0 1
    outer loop
      vertex 0.449941 1.48326 62
      vertex 0.913419 -1.25 62
      vertex 0.593159 1.43201 62
    endloop
  endfacet
  facet normal 0 0 1
    outer loop
      vertex 0.302389 1.52022 62
      vertex 0.913419 -1.25 62
      vertex 0.449941 1.48326 62
    endloop
  endfacet
  facet normal 0 0 1
    outer loop
      vertex 0.151926 1.54254 62
      vertex 0.913419 -1.25 62
      vertex 0.302389 1.52022 62
    endloop
  endfacet
  facet normal 0 0 1
    outer loop
      vertex 0 1.55 62
      vertex 0.913419 -1.25 62
      vertex 0.151926 1.54254 62
    endloop
  endfacet
  facet normal -0 0 1
    outer loop
      vertex -0.151926 1.54254 62
      vertex 0.913419 -1.25 62
      vertex 0 1.55 62
    endloop
  endfacet
  facet normal -0 0 1
    outer loop
      vertex -0.302389 1.52022 62
      vertex 0.913419 -1.25 62
      vertex -0.151926 1.54254 62
    endloop
  endfacet
  facet normal -0 0 1
    outer loop
      vertex -0.449941 1.48326 62
      vertex 0.913419 -1.25 62
      vertex -0.302389 1.52022 62
    endloop
  endfacet
  facet normal -0 0 1
    outer loop
      vertex -0.593159 1.43201 62
      vertex 0.913419 -1.25 62
      vertex -0.449941 1.48326 62
    endloop
  endfacet
  facet normal -0 0 1
    outer loop
      vertex -0.730664 1.36698 62
      vertex 0.913419 -1.25 62
      vertex -0.593159 1.43201 62
    endloop
  endfacet
  facet normal -0 0 1
    outer loop
      vertex -0.861134 1.28878 62
      vertex 0.913419 -1.25 62
      vertex -0.730664 1.36698 62
    endloop
  endfacet
  facet normal 0 0 1
    outer loop
      vertex -0.861134 1.28878 62
      vertex -0.913419 -1.25 62
      vertex 0.913419 -1.25 62
    endloop
  endfacet
  facet normal -0 0 1
    outer loop
      vertex -0.983309 1.19817 62
      vertex -0.913419 -1.25 62
      vertex -0.861134 1.28878 62
    endloop
  endfacet
  facet normal -0 0 1
    outer loop
      vertex -1.09601 1.09601 62
      vertex -0.913419 -1.25 62
      vertex -0.983309 1.19817 62
    endloop
  endfacet
  facet normal -0 0 1
    outer loop
      vertex -1.09601 -1.09601 62
      vertex -0.913419 -1.25 62
      vertex -1.09601 1.09601 62
    endloop
  endfacet
  facet normal 0 0 1
    outer loop
      vertex -0.913419 -1.25 62
      vertex -1.09601 -1.09601 62
      vertex -0.983309 -1.19817 62
    endloop
  endfacet
  facet normal -0 0 1
    outer loop
      vertex -1.19817 0.983309 62
      vertex -1.09601 -1.09601 62
      vertex -1.09601 1.09601 62
    endloop
  endfacet
  facet normal 0 0 1
    outer loop
      vertex -1.19817 0.983309 62
      vertex -1.19817 -0.983309 62
      vertex -1.09601 -1.09601 62
    endloop
  endfacet
  facet normal -0 0 1
    outer loop
      vertex -1.28878 0.861134 62
      vertex -1.19817 -0.983309 62
      vertex -1.19817 0.983309 62
    endloop
  endfacet
  facet normal 0 0 1
    outer loop
      vertex -1.28878 0.861134 62
      vertex -1.28878 -0.861134 62
      vertex -1.19817 -0.983309 62
    endloop
  endfacet
  facet normal -0 0 1
    outer loop
      vertex -1.36698 0.730664 62
      vertex -1.28878 -0.861134 62
      vertex -1.28878 0.861134 62
    endloop
  endfacet
  facet normal 0 0 1
    outer loop
      vertex -1.36698 0.730664 62
      vertex -1.36698 -0.730664 62
      vertex -1.28878 -0.861134 62
    endloop
  endfacet
  facet normal -0 0 1
    outer loop
      vertex -1.43201 0.593159 62
      vertex -1.36698 -0.730664 62
      vertex -1.36698 0.730664 62
    endloop
  endfacet
  facet normal 0 0 1
    outer loop
      vertex -1.43201 0.593159 62
      vertex -1.43201 -0.593159 62
      vertex -1.36698 -0.730664 62
    endloop
  endfacet
  facet normal -0 0 1
    outer loop
      vertex -1.48326 0.449941 62
      vertex -1.43201 -0.593159 62
      vertex -1.43201 0.593159 62
    endloop
  endfacet
  facet normal 0 0 1
    outer loop
      vertex -1.48326 0.449941 62
      vertex -1.48326 -0.449941 62
      vertex -1.43201 -0.593159 62
    endloop
  endfacet
  facet normal -0 0 1
    outer loop
      vertex -1.52022 0.302389 62
      vertex -1.48326 -0.449941 62
      vertex -1.48326 0.449941 62
    endloop
  endfacet
  facet normal 0 0 1
    outer loop
      vertex -1.52022 0.302389 62
      vertex -1.52022 -0.302389 62
      vertex -1.48326 -0.449941 62
    endloop
  endfacet
  facet normal -0 0 1
    outer loop
      vertex -1.54254 0.151926 62
      vertex -1.52022 -0.302389 62
      vertex -1.52022 0.302389 62
    endloop
  endfacet
  facet normal 0 0 1
    outer loop
      vertex -1.54254 0.151926 62
      vertex -1.54254 -0.151926 62
      vertex -1.52022 -0.302389 62
    endloop
  endfacet
  facet normal 0 -0 1
    outer loop
      vertex -1.54254 -0.151926 62
      vertex -1.54254 0.151926 62
      vertex -1.55 0 62
    endloop
  endfacet
  facet normal 0 1 0
    outer loop
      vertex 0.913419 -1.25 66.6465
      vertex 0.913419 -1.25 62
      vertex 0 -1.25 66.6465
    endloop
  endfacet
  facet normal 0 1 0
    outer loop
      vertex 0 -1.25 67.3535
      vertex 0.913419 -1.25 72
      vertex 0.913419 -1.25 67.3535
    endloop
  endfacet
  facet normal 0 1 0
    outer loop
      vertex 0.913419 -1.25 72
      vertex 0 -1.25 67.3535
      vertex -0.913419 -1.25 72
    endloop
  endfacet
  facet normal 0 1 -0
    outer loop
      vertex 0 -1.25 66.6465
      vertex -0.913419 -1.25 72
      vertex 0 -1.25 67.3535
    endloop
  endfacet
  facet normal 0 1 0
    outer loop
      vertex 0 -1.25 66.6465
      vertex -0.913419 -1.25 62
      vertex -0.913419 -1.25 72
    endloop
  endfacet
  facet normal 0 1 0
    outer loop
      vertex -0.913419 -1.25 62
      vertex 0 -1.25 66.6465
      vertex 0.913419 -1.25 62
    endloop
  endfacet
  facet normal 0 0.903968 -0.427601
    outer loop
      vertex 9.91908 -1.20104 67.4975
      vertex 1.04032 -1.1465 67.6128
      vertex 9.92717 -1.1465 67.6128
    endloop
  endfacet
  facet normal -1.65109e-06 0.903918 -0.427705
    outer loop
      vertex 1.04032 -1.1465 67.6128
      vertex 9.91908 -1.20104 67.4975
      vertex 0.983309 -1.19817 67.5036
    endloop
  endfacet
  facet normal 0 0.904852 -0.425726
    outer loop
      vertex 0.983309 -1.19817 67.5036
      vertex 9.91908 -1.20104 67.4975
      vertex 0.979429 -1.20104 67.4975
    endloop
  endfacet
  facet normal 0 -0.242991 0.970029
    outer loop
      vertex 9.98146 0.37737 65.756
      vertex 1.52745 0.253617 65.725
      vertex 9.98754 0.253617 65.725
    endloop
  endfacet
  facet normal -5.0368e-06 -0.242667 0.97011
    outer loop
      vertex 9.98146 0.37737 65.756
      vertex 1.52022 0.302389 65.7372
      vertex 1.52745 0.253617 65.725
    endloop
  endfacet
  facet normal 0 -0.243202 0.969976
    outer loop
      vertex 1.52022 0.302389 65.7372
      vertex 9.98146 0.37737 65.756
      vertex 1.50144 0.37737 65.756
    endloop
  endfacet
  facet normal 0 0.904852 0.425726
    outer loop
      vertex 9.91908 -1.20104 66.5025
      vertex 0.983309 -1.19817 66.4964
      vertex 0.979429 -1.20104 66.5025
    endloop
  endfacet
  facet normal -0 0.903968 0.427601
    outer loop
      vertex 1.04032 -1.1465 66.3872
      vertex 9.91908 -1.20104 66.5025
      vertex 9.92717 -1.1465 66.3872
    endloop
  endfacet
  facet normal -1.65109e-06 0.903918 0.427705
    outer loop
      vertex 9.91908 -1.20104 66.5025
      vertex 1.04032 -1.1465 66.3872
      vertex 0.983309 -1.19817 66.4964
    endloop
  endfacet
  facet normal -1.37702e-06 -0.989162 -0.146827
    outer loop
      vertex 9.90533 1.29374 67.1274
      vertex 0.879682 1.27502 67.2536
      vertex 0.861134 1.28878 67.1609
    endloop
  endfacet
  facet normal -0 -0.989216 -0.146463
    outer loop
      vertex 9.90533 1.29374 67.1274
      vertex 0.861134 1.28878 67.1609
      vertex 0.852855 1.29374 67.1274
    endloop
  endfacet
  facet normal 0 -0.989177 -0.14673
    outer loop
      vertex 0.879682 1.27502 67.2536
      vertex 9.90533 1.29374 67.1274
      vertex 9.90811 1.27502 67.2536
    endloop
  endfacet
  facet normal 0 -0.595711 0.803199
    outer loop
      vertex 9.95948 0.824711 65.9951
      vertex 1.37096 0.72224 65.9191
      vertex 9.96452 0.72224 65.9191
    endloop
  endfacet
  facet normal -5.42813e-05 -0.592772 0.80537
    outer loop
      vertex 9.95948 0.824711 65.9951
      vertex 1.36698 0.730664 65.9253
      vertex 1.37096 0.72224 65.9191
    endloop
  endfacet
  facet normal 0 -0.595975 0.803003
    outer loop
      vertex 1.36698 0.730664 65.9253
      vertex 9.95948 0.824711 65.9951
      vertex 1.31061 0.824711 65.9951
    endloop
  endfacet
  facet normal 0 -0.0493821 0.99878
    outer loop
      vertex 9.99374 0.127421 65.7063
      vertex 1.55 0 65.7
      vertex 10 0 65.7
    endloop
  endfacet
  facet normal 0 -0.0493821 0.99878
    outer loop
      vertex 1.55 0 65.7
      vertex 9.99374 0.127421 65.7063
      vertex 1.54374 0.127421 65.7063
    endloop
  endfacet
  facet normal 0 0.97005 -0.242904
    outer loop
      vertex 9.90811 -1.27502 67.2536
      vertex 0.921479 -1.24402 67.3774
      vertex 9.91271 -1.24402 67.3774
    endloop
  endfacet
  facet normal 2.58958e-06 0.970095 -0.242727
    outer loop
      vertex 0.921479 -1.24402 67.3774
      vertex 9.90811 -1.27502 67.2536
      vertex 0.913419 -1.25 67.3535
    endloop
  endfacet
  facet normal 0 0.97004 -0.242947
    outer loop
      vertex 0 -1.27502 67.2536
      vertex 0.913419 -1.25 67.3535
      vertex 9.90811 -1.27502 67.2536
    endloop
  endfacet
  facet normal 0 0.97004 -0.242947
    outer loop
      vertex 0.913419 -1.25 67.3535
      vertex 0 -1.27502 67.2536
      vertex 0 -1.25 67.3535
    endloop
  endfacet
  facet normal 0 0.97004 0.242947
    outer loop
      vertex 9.90811 -1.27502 66.7464
      vertex 0.913419 -1.25 66.6465
      vertex 0 -1.27502 66.7464
    endloop
  endfacet
  facet normal -0 0.97005 0.242904
    outer loop
      vertex 0.921479 -1.24402 66.6226
      vertex 9.90811 -1.27502 66.7464
      vertex 9.91271 -1.24402 66.6226
    endloop
  endfacet
  facet normal 2.58958e-06 0.970095 0.242727
    outer loop
      vertex 9.90811 -1.27502 66.7464
      vertex 0.921479 -1.24402 66.6226
      vertex 0.913419 -1.25 66.6465
    endloop
  endfacet
  facet normal 0 0.97004 0.242947
    outer loop
      vertex 0 -1.27502 66.7464
      vertex 0.913419 -1.25 66.6465
      vertex 0 -1.25 66.6465
    endloop
  endfacet
  facet normal 3.5585e-06 -0.857792 -0.513997
    outer loop
      vertex 9.92717 1.1465 67.6128
      vertex 1.10971 1.08091 67.7222
      vertex 1.09601 1.09601 67.697
    endloop
  endfacet
  facet normal -0 -0.857628 -0.514271
    outer loop
      vertex 9.92717 1.1465 67.6128
      vertex 1.09601 1.09601 67.697
      vertex 1.04032 1.1465 67.6128
    endloop
  endfacet
  facet normal 0 -0.857666 -0.514208
    outer loop
      vertex 1.10971 1.08091 67.7222
      vertex 9.92717 1.1465 67.6128
      vertex 9.9369 1.08091 67.7222
    endloop
  endfacet
  facet normal 0 0.427263 -0.904127
    outer loop
      vertex 9.96989 -0.612815 68.1465
      vertex 1.46624 -0.497488 68.201
      vertex 9.97556 -0.497488 68.201
    endloop
  endfacet
  facet normal -1.42576e-06 0.427177 -0.904168
    outer loop
      vertex 9.96989 -0.612815 68.1465
      vertex 1.43201 -0.593159 68.1558
      vertex 1.46624 -0.497488 68.201
    endloop
  endfacet
  facet normal 0 0.427683 -0.903929
    outer loop
      vertex 1.43201 -0.593159 68.1558
      vertex 9.96989 -0.612815 68.1465
      vertex 1.42272 -0.612815 68.1465
    endloop
  endfacet
  facet normal -0 -0.803279 -0.595602
    outer loop
      vertex 9.9369 1.08091 67.7222
      vertex 1.17858 1.00491 67.8247
      vertex 1.10971 1.08091 67.7222
    endloop
  endfacet
  facet normal 0 -0.803279 -0.595602
    outer loop
      vertex 1.17858 1.00491 67.8247
      vertex 9.9369 1.08091 67.7222
      vertex 9.94818 1.00491 67.8247
    endloop
  endfacet
  facet normal 0 0.998795 0.0490774
    outer loop
      vertex 9.90533 -1.29374 66.8726
      vertex 0 -1.3 67
      vertex 9.9044 -1.3 67
    endloop
  endfacet
  facet normal 0 0.998795 0.0490774
    outer loop
      vertex 0 -1.3 67
      vertex 9.90533 -1.29374 66.8726
      vertex 0 -1.29374 66.8726
    endloop
  endfacet
  facet normal 0 -0.857628 0.514271
    outer loop
      vertex 1.09601 1.09601 66.303
      vertex 9.92717 1.1465 66.3872
      vertex 1.04032 1.1465 66.3872
    endloop
  endfacet
  facet normal 3.5585e-06 -0.857792 0.513997
    outer loop
      vertex 1.10971 1.08091 66.2778
      vertex 9.92717 1.1465 66.3872
      vertex 1.09601 1.09601 66.303
    endloop
  endfacet
  facet normal 0 -0.857666 0.514208
    outer loop
      vertex 9.92717 1.1465 66.3872
      vertex 1.10971 1.08091 66.2778
      vertex 9.9369 1.08091 66.2778
    endloop
  endfacet
  facet normal 0 -0.146582 -0.989199
    outer loop
      vertex 1.54374 0.127421 68.2937
      vertex 9.98754 0.253617 68.275
      vertex 9.99374 0.127421 68.2937
    endloop
  endfacet
  facet normal -1.88156e-05 -0.14535 -0.98938
    outer loop
      vertex 1.54254 0.151926 68.2901
      vertex 9.98754 0.253617 68.275
      vertex 1.54374 0.127421 68.2937
    endloop
  endfacet
  facet normal -0 -0.146879 -0.989155
    outer loop
      vertex 9.98754 0.253617 68.275
      vertex 1.54254 0.151926 68.2901
      vertex 1.52745 0.253617 68.275
    endloop
  endfacet
  facet normal 0 0.857628 0.514271
    outer loop
      vertex 9.92717 -1.1465 66.3872
      vertex 1.09601 -1.09601 66.303
      vertex 1.04032 -1.1465 66.3872
    endloop
  endfacet
  facet normal -0 0.857666 0.514208
    outer loop
      vertex 1.10971 -1.08091 66.2778
      vertex 9.92717 -1.1465 66.3872
      vertex 9.9369 -1.08091 66.2778
    endloop
  endfacet
  facet normal 3.5585e-06 0.857792 0.513997
    outer loop
      vertex 9.92717 -1.1465 66.3872
      vertex 1.10971 -1.08091 66.2778
      vertex 1.09601 -1.09601 66.303
    endloop
  endfacet
  facet normal 0 -0.941525 0.336942
    outer loop
      vertex 0.979429 1.20104 66.5025
      vertex 9.91271 1.24402 66.6226
      vertex 0.921479 1.24402 66.6226
    endloop
  endfacet
  facet normal 0 -0.941525 0.336942
    outer loop
      vertex 9.91271 1.24402 66.6226
      vertex 0.979429 1.20104 66.5025
      vertex 9.91908 1.20104 66.5025
    endloop
  endfacet
  facet normal 0 -0.97005 0.242904
    outer loop
      vertex 0.921479 1.24402 66.6226
      vertex 9.90811 1.27502 66.7464
      vertex 0.879682 1.27502 66.7464
    endloop
  endfacet
  facet normal 0 -0.97005 0.242904
    outer loop
      vertex 9.90811 1.27502 66.7464
      vertex 0.921479 1.24402 66.6226
      vertex 9.91271 1.24402 66.6226
    endloop
  endfacet
  facet normal -0 0.146582 0.989199
    outer loop
      vertex 1.54374 -0.127421 65.7063
      vertex 9.98754 -0.253617 65.725
      vertex 9.99374 -0.127421 65.7063
    endloop
  endfacet
  facet normal -1.88156e-05 0.14535 0.98938
    outer loop
      vertex 1.54254 -0.151926 65.7099
      vertex 9.98754 -0.253617 65.725
      vertex 1.54374 -0.127421 65.7063
    endloop
  endfacet
  facet normal 0 0.146879 0.989155
    outer loop
      vertex 9.98754 -0.253617 65.725
      vertex 1.54254 -0.151926 65.7099
      vertex 1.52745 -0.253617 65.725
    endloop
  endfacet
  facet normal 0 -0.803279 0.595602
    outer loop
      vertex 1.17858 1.00491 66.1753
      vertex 9.9369 1.08091 66.2778
      vertex 1.10971 1.08091 66.2778
    endloop
  endfacet
  facet normal 0 -0.803279 0.595602
    outer loop
      vertex 9.9369 1.08091 66.2778
      vertex 1.17858 1.00491 66.1753
      vertex 9.94818 1.00491 66.1753
    endloop
  endfacet
  facet normal -0 0.595711 0.803199
    outer loop
      vertex 1.37096 -0.72224 65.9191
      vertex 9.95948 -0.824711 65.9951
      vertex 9.96452 -0.72224 65.9191
    endloop
  endfacet
  facet normal -5.42813e-05 0.592772 0.80537
    outer loop
      vertex 1.36698 -0.730664 65.9253
      vertex 9.95948 -0.824711 65.9951
      vertex 1.37096 -0.72224 65.9191
    endloop
  endfacet
  facet normal 0 0.595975 0.803003
    outer loop
      vertex 9.95948 -0.824711 65.9951
      vertex 1.36698 -0.730664 65.9253
      vertex 1.31061 -0.824711 65.9951
    endloop
  endfacet
  facet normal 0 -0.337036 -0.941492
    outer loop
      vertex 1.50144 0.37737 68.244
      vertex 9.97556 0.497488 68.201
      vertex 9.98146 0.37737 68.244
    endloop
  endfacet
  facet normal -1.44926e-05 -0.33613 -0.941816
    outer loop
      vertex 1.48326 0.449941 68.2181
      vertex 9.97556 0.497488 68.201
      vertex 1.50144 0.37737 68.244
    endloop
  endfacet
  facet normal -0 -0.338423 -0.940994
    outer loop
      vertex 9.97556 0.497488 68.201
      vertex 1.48326 0.449941 68.2181
      vertex 1.46624 0.497488 68.201
    endloop
  endfacet
  facet normal 1 -0 0
    outer loop
      vertex 0 -1.27502 67.2536
      vertex 0 -1.25 66.6465
      vertex 0 -1.25 67.3535
    endloop
  endfacet
  facet normal 1 0 0
    outer loop
      vertex 0 -1.27502 67.2536
      vertex 0 -1.27502 66.7464
      vertex 0 -1.25 66.6465
    endloop
  endfacet
  facet normal 1 -0 0
    outer loop
      vertex 0 -1.29374 67.1274
      vertex 0 -1.27502 66.7464
      vertex 0 -1.27502 67.2536
    endloop
  endfacet
  facet normal 1 0 0
    outer loop
      vertex 0 -1.29374 67.1274
      vertex 0 -1.29374 66.8726
      vertex 0 -1.27502 66.7464
    endloop
  endfacet
  facet normal 1 0 -0
    outer loop
      vertex 0 -1.29374 66.8726
      vertex 0 -1.29374 67.1274
      vertex 0 -1.3 67
    endloop
  endfacet
  facet normal -0 -0.998795 -0.0490774
    outer loop
      vertex 9.9044 1.3 67
      vertex 0.852855 1.29374 67.1274
      vertex 0.842411 1.3 67
    endloop
  endfacet
  facet normal 0 -0.998795 -0.0490774
    outer loop
      vertex 0.852855 1.29374 67.1274
      vertex 9.9044 1.3 67
      vertex 9.90533 1.29374 67.1274
    endloop
  endfacet
  facet normal 0 0.242991 -0.970029
    outer loop
      vertex 9.98146 -0.37737 68.244
      vertex 1.52745 -0.253617 68.275
      vertex 9.98754 -0.253617 68.275
    endloop
  endfacet
  facet normal -5.0368e-06 0.242667 -0.97011
    outer loop
      vertex 9.98146 -0.37737 68.244
      vertex 1.52022 -0.302389 68.2628
      vertex 1.52745 -0.253617 68.275
    endloop
  endfacet
  facet normal 0 0.243202 -0.969976
    outer loop
      vertex 1.52022 -0.302389 68.2628
      vertex 9.98146 -0.37737 68.244
      vertex 1.50144 -0.37737 68.244
    endloop
  endfacet
  facet normal -0 -0.941525 -0.336942
    outer loop
      vertex 9.91271 1.24402 67.3774
      vertex 0.979429 1.20104 67.4975
      vertex 0.921479 1.24402 67.3774
    endloop
  endfacet
  facet normal 0 -0.941525 -0.336942
    outer loop
      vertex 0.979429 1.20104 67.4975
      vertex 9.91271 1.24402 67.3774
      vertex 9.91908 1.20104 67.4975
    endloop
  endfacet
  facet normal -0 0.427263 0.904127
    outer loop
      vertex 1.46624 -0.497488 65.799
      vertex 9.96989 -0.612815 65.8535
      vertex 9.97556 -0.497488 65.799
    endloop
  endfacet
  facet normal -1.42576e-06 0.427177 0.904168
    outer loop
      vertex 1.43201 -0.593159 65.8442
      vertex 9.96989 -0.612815 65.8535
      vertex 1.46624 -0.497488 65.799
    endloop
  endfacet
  facet normal 0 0.427683 0.903929
    outer loop
      vertex 9.96989 -0.612815 65.8535
      vertex 1.43201 -0.593159 65.8442
      vertex 1.42272 -0.612815 65.8535
    endloop
  endfacet
  facet normal 0 -0.67167 -0.740851
    outer loop
      vertex 1.31061 0.824711 68.0049
      vertex 9.95484 0.919238 67.9192
      vertex 9.95948 0.824711 68.0049
    endloop
  endfacet
  facet normal -4.81735e-06 -0.671428 -0.74107
    outer loop
      vertex 1.28878 0.861134 67.9719
      vertex 9.95484 0.919238 67.9192
      vertex 1.31061 0.824711 68.0049
    endloop
  endfacet
  facet normal -0 -0.671822 -0.740713
    outer loop
      vertex 9.95484 0.919238 67.9192
      vertex 1.28878 0.861134 67.9719
      vertex 1.24568 0.919238 67.9192
    endloop
  endfacet
  facet normal 0 -0.514179 -0.857683
    outer loop
      vertex 1.42272 0.612815 68.1465
      vertex 9.96452 0.72224 68.0809
      vertex 9.96989 0.612815 68.1465
    endloop
  endfacet
  facet normal -0 -0.514179 -0.857683
    outer loop
      vertex 9.96452 0.72224 68.0809
      vertex 1.42272 0.612815 68.1465
      vertex 1.37096 0.72224 68.0809
    endloop
  endfacet
  facet normal 0 0.337036 -0.941492
    outer loop
      vertex 9.97556 -0.497488 68.201
      vertex 1.50144 -0.37737 68.244
      vertex 9.98146 -0.37737 68.244
    endloop
  endfacet
  facet normal -1.44926e-05 0.33613 -0.941816
    outer loop
      vertex 9.97556 -0.497488 68.201
      vertex 1.48326 -0.449941 68.2181
      vertex 1.50144 -0.37737 68.244
    endloop
  endfacet
  facet normal 0 0.338423 -0.940994
    outer loop
      vertex 1.48326 -0.449941 68.2181
      vertex 9.97556 -0.497488 68.201
      vertex 1.46624 -0.497488 68.201
    endloop
  endfacet
  facet normal 0 -0.146582 0.989199
    outer loop
      vertex 9.98754 0.253617 65.725
      vertex 1.54374 0.127421 65.7063
      vertex 9.99374 0.127421 65.7063
    endloop
  endfacet
  facet normal -1.88156e-05 -0.14535 0.98938
    outer loop
      vertex 9.98754 0.253617 65.725
      vertex 1.54254 0.151926 65.7099
      vertex 1.54374 0.127421 65.7063
    endloop
  endfacet
  facet normal 0 -0.146879 0.989155
    outer loop
      vertex 1.54254 0.151926 65.7099
      vertex 9.98754 0.253617 65.725
      vertex 1.52745 0.253617 65.725
    endloop
  endfacet
  facet normal -0 0.989177 0.14673
    outer loop
      vertex 0 -1.27502 66.7464
      vertex 9.90533 -1.29374 66.8726
      vertex 9.90811 -1.27502 66.7464
    endloop
  endfacet
  facet normal 0 0.989177 0.14673
    outer loop
      vertex 9.90533 -1.29374 66.8726
      vertex 0 -1.27502 66.7464
      vertex 0 -1.29374 66.8726
    endloop
  endfacet
  facet normal 0 0.857666 -0.514208
    outer loop
      vertex 9.92717 -1.1465 67.6128
      vertex 1.10971 -1.08091 67.7222
      vertex 9.9369 -1.08091 67.7222
    endloop
  endfacet
  facet normal 3.5585e-06 0.857792 -0.513997
    outer loop
      vertex 1.10971 -1.08091 67.7222
      vertex 9.92717 -1.1465 67.6128
      vertex 1.09601 -1.09601 67.697
    endloop
  endfacet
  facet normal 0 0.857628 -0.514271
    outer loop
      vertex 1.09601 -1.09601 67.697
      vertex 9.92717 -1.1465 67.6128
      vertex 1.04032 -1.1465 67.6128
    endloop
  endfacet
  facet normal 0 -0.337036 0.941492
    outer loop
      vertex 9.97556 0.497488 65.799
      vertex 1.50144 0.37737 65.756
      vertex 9.98146 0.37737 65.756
    endloop
  endfacet
  facet normal -1.44926e-05 -0.33613 0.941816
    outer loop
      vertex 9.97556 0.497488 65.799
      vertex 1.48326 0.449941 65.7819
      vertex 1.50144 0.37737 65.756
    endloop
  endfacet
  facet normal 0 -0.338423 0.940994
    outer loop
      vertex 1.48326 0.449941 65.7819
      vertex 9.97556 0.497488 65.799
      vertex 1.46624 0.497488 65.799
    endloop
  endfacet
  facet normal 0 -0.740487 0.67207
    outer loop
      vertex 1.19817 0.983309 66.1515
      vertex 9.94818 1.00491 66.1753
      vertex 1.17858 1.00491 66.1753
    endloop
  endfacet
  facet normal 2.75099e-06 -0.740991 0.671515
    outer loop
      vertex 1.24568 0.919238 66.0808
      vertex 9.94818 1.00491 66.1753
      vertex 1.19817 0.983309 66.1515
    endloop
  endfacet
  facet normal 0 -0.740865 0.671654
    outer loop
      vertex 9.95484 0.919238 66.0808
      vertex 9.94818 1.00491 66.1753
      vertex 1.24568 0.919238 66.0808
    endloop
  endfacet
  facet normal 0.0045345 -0.740698 0.671823
    outer loop
      vertex 9.94818 1.00491 66.1753
      vertex 9.95484 0.919238 66.0808
      vertex 9.95185 0.980171 66.148
    endloop
  endfacet
  facet normal 0 0.67167 -0.740851
    outer loop
      vertex 9.95484 -0.919238 67.9192
      vertex 1.31061 -0.824711 68.0049
      vertex 9.95948 -0.824711 68.0049
    endloop
  endfacet
  facet normal -4.81735e-06 0.671428 -0.74107
    outer loop
      vertex 9.95484 -0.919238 67.9192
      vertex 1.28878 -0.861134 67.9719
      vertex 1.31061 -0.824711 68.0049
    endloop
  endfacet
  facet normal 0 0.671822 -0.740713
    outer loop
      vertex 1.28878 -0.861134 67.9719
      vertex 9.95484 -0.919238 67.9192
      vertex 1.24568 -0.919238 67.9192
    endloop
  endfacet
  facet normal -0 0.242991 0.970029
    outer loop
      vertex 1.52745 -0.253617 65.725
      vertex 9.98146 -0.37737 65.756
      vertex 9.98754 -0.253617 65.725
    endloop
  endfacet
  facet normal -5.0368e-06 0.242667 0.97011
    outer loop
      vertex 1.52022 -0.302389 65.7372
      vertex 9.98146 -0.37737 65.756
      vertex 1.52745 -0.253617 65.725
    endloop
  endfacet
  facet normal 0 0.243202 0.969976
    outer loop
      vertex 9.98146 -0.37737 65.756
      vertex 1.52022 -0.302389 65.7372
      vertex 1.50144 -0.37737 65.756
    endloop
  endfacet
  facet normal 0 -0.427263 0.904127
    outer loop
      vertex 9.96989 0.612815 65.8535
      vertex 1.46624 0.497488 65.799
      vertex 9.97556 0.497488 65.799
    endloop
  endfacet
  facet normal -1.42576e-06 -0.427177 0.904168
    outer loop
      vertex 9.96989 0.612815 65.8535
      vertex 1.43201 0.593159 65.8442
      vertex 1.46624 0.497488 65.799
    endloop
  endfacet
  facet normal 0 -0.427683 0.903929
    outer loop
      vertex 1.43201 0.593159 65.8442
      vertex 9.96989 0.612815 65.8535
      vertex 1.42272 0.612815 65.8535
    endloop
  endfacet
  facet normal -1.65109e-06 -0.903918 -0.427705
    outer loop
      vertex 9.91908 1.20104 67.4975
      vertex 1.04032 1.1465 67.6128
      vertex 0.983309 1.19817 67.5036
    endloop
  endfacet
  facet normal -0 -0.904852 -0.425726
    outer loop
      vertex 9.91908 1.20104 67.4975
      vertex 0.983309 1.19817 67.5036
      vertex 0.979429 1.20104 67.4975
    endloop
  endfacet
  facet normal 0 -0.903968 -0.427601
    outer loop
      vertex 1.04032 1.1465 67.6128
      vertex 9.91908 1.20104 67.4975
      vertex 9.92717 1.1465 67.6128
    endloop
  endfacet
  facet normal -0 -0.97005 -0.242904
    outer loop
      vertex 9.90811 1.27502 67.2536
      vertex 0.921479 1.24402 67.3774
      vertex 0.879682 1.27502 67.2536
    endloop
  endfacet
  facet normal 0 -0.97005 -0.242904
    outer loop
      vertex 0.921479 1.24402 67.3774
      vertex 9.90811 1.27502 67.2536
      vertex 9.91271 1.24402 67.3774
    endloop
  endfacet
  facet normal -0 0.514179 0.857683
    outer loop
      vertex 1.42272 -0.612815 65.8535
      vertex 9.96452 -0.72224 65.9191
      vertex 9.96989 -0.612815 65.8535
    endloop
  endfacet
  facet normal 0 0.514179 0.857683
    outer loop
      vertex 9.96452 -0.72224 65.9191
      vertex 1.42272 -0.612815 65.8535
      vertex 1.37096 -0.72224 65.9191
    endloop
  endfacet
  facet normal 0 -0.904852 0.425726
    outer loop
      vertex 0.983309 1.19817 66.4964
      vertex 9.91908 1.20104 66.5025
      vertex 0.979429 1.20104 66.5025
    endloop
  endfacet
  facet normal -1.65109e-06 -0.903918 0.427705
    outer loop
      vertex 1.04032 1.1465 66.3872
      vertex 9.91908 1.20104 66.5025
      vertex 0.983309 1.19817 66.4964
    endloop
  endfacet
  facet normal 0 -0.903968 0.427601
    outer loop
      vertex 9.91908 1.20104 66.5025
      vertex 1.04032 1.1465 66.3872
      vertex 9.92717 1.1465 66.3872
    endloop
  endfacet
  facet normal 0 -0.998795 0.0490774
    outer loop
      vertex 0.852855 1.29374 66.8726
      vertex 9.9044 1.3 67
      vertex 0.842411 1.3 67
    endloop
  endfacet
  facet normal 0 -0.998795 0.0490774
    outer loop
      vertex 9.9044 1.3 67
      vertex 0.852855 1.29374 66.8726
      vertex 9.90533 1.29374 66.8726
    endloop
  endfacet
  facet normal -0 0.337036 0.941492
    outer loop
      vertex 1.50144 -0.37737 65.756
      vertex 9.97556 -0.497488 65.799
      vertex 9.98146 -0.37737 65.756
    endloop
  endfacet
  facet normal -1.44926e-05 0.33613 0.941816
    outer loop
      vertex 1.48326 -0.449941 65.7819
      vertex 9.97556 -0.497488 65.799
      vertex 1.50144 -0.37737 65.756
    endloop
  endfacet
  facet normal 0 0.338423 0.940994
    outer loop
      vertex 9.97556 -0.497488 65.799
      vertex 1.48326 -0.449941 65.7819
      vertex 1.46624 -0.497488 65.799
    endloop
  endfacet
  facet normal 0 0.740487 0.67207
    outer loop
      vertex 9.94818 -1.00491 66.1753
      vertex 1.19817 -0.983309 66.1515
      vertex 1.17858 -1.00491 66.1753
    endloop
  endfacet
  facet normal 0.0045345 0.740698 0.671823
    outer loop
      vertex 9.95484 -0.919238 66.0808
      vertex 9.94818 -1.00491 66.1753
      vertex 9.95185 -0.980171 66.148
    endloop
  endfacet
  facet normal 0 0.740865 0.671654
    outer loop
      vertex 9.94818 -1.00491 66.1753
      vertex 9.95484 -0.919238 66.0808
      vertex 1.24568 -0.919238 66.0808
    endloop
  endfacet
  facet normal 2.75099e-06 0.740991 0.671515
    outer loop
      vertex 9.94818 -1.00491 66.1753
      vertex 1.24568 -0.919238 66.0808
      vertex 1.19817 -0.983309 66.1515
    endloop
  endfacet
  facet normal 0 -0.514179 0.857683
    outer loop
      vertex 9.96452 0.72224 65.9191
      vertex 1.42272 0.612815 65.8535
      vertex 9.96989 0.612815 65.8535
    endloop
  endfacet
  facet normal 0 -0.514179 0.857683
    outer loop
      vertex 1.42272 0.612815 65.8535
      vertex 9.96452 0.72224 65.9191
      vertex 1.37096 0.72224 65.9191
    endloop
  endfacet
  facet normal -0 0.0493821 0.99878
    outer loop
      vertex 1.55 0 65.7
      vertex 9.99374 -0.127421 65.7063
      vertex 10 0 65.7
    endloop
  endfacet
  facet normal 0 0.0493821 0.99878
    outer loop
      vertex 9.99374 -0.127421 65.7063
      vertex 1.55 0 65.7
      vertex 1.54374 -0.127421 65.7063
    endloop
  endfacet
  facet normal 0 -0.242991 -0.970029
    outer loop
      vertex 1.52745 0.253617 68.275
      vertex 9.98146 0.37737 68.244
      vertex 9.98754 0.253617 68.275
    endloop
  endfacet
  facet normal -5.0368e-06 -0.242667 -0.97011
    outer loop
      vertex 1.52022 0.302389 68.2628
      vertex 9.98146 0.37737 68.244
      vertex 1.52745 0.253617 68.275
    endloop
  endfacet
  facet normal -0 -0.243202 -0.969976
    outer loop
      vertex 9.98146 0.37737 68.244
      vertex 1.52022 0.302389 68.2628
      vertex 1.50144 0.37737 68.244
    endloop
  endfacet
  facet normal 0 -0.740865 -0.671654
    outer loop
      vertex 9.94818 1.00491 67.8247
      vertex 9.95484 0.919238 67.9192
      vertex 1.24568 0.919238 67.9192
    endloop
  endfacet
  facet normal 2.75099e-06 -0.740991 -0.671515
    outer loop
      vertex 9.94818 1.00491 67.8247
      vertex 1.24568 0.919238 67.9192
      vertex 1.19817 0.983309 67.8485
    endloop
  endfacet
  facet normal -0 -0.740487 -0.67207
    outer loop
      vertex 9.94818 1.00491 67.8247
      vertex 1.19817 0.983309 67.8485
      vertex 1.17858 1.00491 67.8247
    endloop
  endfacet
  facet normal 0.0045345 -0.740698 -0.671823
    outer loop
      vertex 9.95484 0.919238 67.9192
      vertex 9.94818 1.00491 67.8247
      vertex 9.95185 0.980171 67.852
    endloop
  endfacet
  facet normal 0 0.514179 -0.857683
    outer loop
      vertex 9.96452 -0.72224 68.0809
      vertex 1.42272 -0.612815 68.1465
      vertex 9.96989 -0.612815 68.1465
    endloop
  endfacet
  facet normal 0 0.514179 -0.857683
    outer loop
      vertex 1.42272 -0.612815 68.1465
      vertex 9.96452 -0.72224 68.0809
      vertex 1.37096 -0.72224 68.0809
    endloop
  endfacet
  facet normal 0 0.146582 -0.989199
    outer loop
      vertex 9.98754 -0.253617 68.275
      vertex 1.54374 -0.127421 68.2937
      vertex 9.99374 -0.127421 68.2937
    endloop
  endfacet
  facet normal -1.88156e-05 0.14535 -0.98938
    outer loop
      vertex 9.98754 -0.253617 68.275
      vertex 1.54254 -0.151926 68.2901
      vertex 1.54374 -0.127421 68.2937
    endloop
  endfacet
  facet normal 0 0.146879 -0.989155
    outer loop
      vertex 1.54254 -0.151926 68.2901
      vertex 9.98754 -0.253617 68.275
      vertex 1.52745 -0.253617 68.275
    endloop
  endfacet
  facet normal 0 -0.67167 0.740851
    outer loop
      vertex 9.95484 0.919238 66.0808
      vertex 1.31061 0.824711 65.9951
      vertex 9.95948 0.824711 65.9951
    endloop
  endfacet
  facet normal -4.81735e-06 -0.671428 0.74107
    outer loop
      vertex 9.95484 0.919238 66.0808
      vertex 1.28878 0.861134 66.0281
      vertex 1.31061 0.824711 65.9951
    endloop
  endfacet
  facet normal 0 -0.671822 0.740713
    outer loop
      vertex 1.28878 0.861134 66.0281
      vertex 9.95484 0.919238 66.0808
      vertex 1.24568 0.919238 66.0808
    endloop
  endfacet
  facet normal 0 -0.989216 0.146463
    outer loop
      vertex 0.861134 1.28878 66.8391
      vertex 9.90533 1.29374 66.8726
      vertex 0.852855 1.29374 66.8726
    endloop
  endfacet
  facet normal -1.37702e-06 -0.989162 0.146827
    outer loop
      vertex 0.879682 1.27502 66.7464
      vertex 9.90533 1.29374 66.8726
      vertex 0.861134 1.28878 66.8391
    endloop
  endfacet
  facet normal 0 -0.989177 0.14673
    outer loop
      vertex 9.90533 1.29374 66.8726
      vertex 0.879682 1.27502 66.7464
      vertex 9.90811 1.27502 66.7464
    endloop
  endfacet
  facet normal 0 0.803279 -0.595602
    outer loop
      vertex 9.9369 -1.08091 67.7222
      vertex 1.17858 -1.00491 67.8247
      vertex 9.94818 -1.00491 67.8247
    endloop
  endfacet
  facet normal 0 0.803279 -0.595602
    outer loop
      vertex 1.17858 -1.00491 67.8247
      vertex 9.9369 -1.08091 67.7222
      vertex 1.10971 -1.08091 67.7222
    endloop
  endfacet
  facet normal 0 0.595711 -0.803199
    outer loop
      vertex 9.95948 -0.824711 68.0049
      vertex 1.37096 -0.72224 68.0809
      vertex 9.96452 -0.72224 68.0809
    endloop
  endfacet
  facet normal -5.42813e-05 0.592772 -0.80537
    outer loop
      vertex 9.95948 -0.824711 68.0049
      vertex 1.36698 -0.730664 68.0747
      vertex 1.37096 -0.72224 68.0809
    endloop
  endfacet
  facet normal 0 0.595975 -0.803003
    outer loop
      vertex 1.36698 -0.730664 68.0747
      vertex 9.95948 -0.824711 68.0049
      vertex 1.31061 -0.824711 68.0049
    endloop
  endfacet
  facet normal -0 0.941525 0.336942
    outer loop
      vertex 0.979429 -1.20104 66.5025
      vertex 9.91271 -1.24402 66.6226
      vertex 9.91908 -1.20104 66.5025
    endloop
  endfacet
  facet normal 0 0.941525 0.336942
    outer loop
      vertex 9.91271 -1.24402 66.6226
      vertex 0.979429 -1.20104 66.5025
      vertex 0.921479 -1.24402 66.6226
    endloop
  endfacet
  facet normal 0 0.0493821 -0.99878
    outer loop
      vertex 9.99374 -0.127421 68.2937
      vertex 1.55 0 68.3
      vertex 10 0 68.3
    endloop
  endfacet
  facet normal 0 0.0493821 -0.99878
    outer loop
      vertex 1.55 0 68.3
      vertex 9.99374 -0.127421 68.2937
      vertex 1.54374 -0.127421 68.2937
    endloop
  endfacet
  facet normal 0 -0.595711 -0.803199
    outer loop
      vertex 1.37096 0.72224 68.0809
      vertex 9.95948 0.824711 68.0049
      vertex 9.96452 0.72224 68.0809
    endloop
  endfacet
  facet normal -5.42813e-05 -0.592772 -0.80537
    outer loop
      vertex 1.36698 0.730664 68.0747
      vertex 9.95948 0.824711 68.0049
      vertex 1.37096 0.72224 68.0809
    endloop
  endfacet
  facet normal -0 -0.595975 -0.803003
    outer loop
      vertex 9.95948 0.824711 68.0049
      vertex 1.36698 0.730664 68.0747
      vertex 1.31061 0.824711 68.0049
    endloop
  endfacet
  facet normal -0 0.803279 0.595602
    outer loop
      vertex 1.17858 -1.00491 66.1753
      vertex 9.9369 -1.08091 66.2778
      vertex 9.94818 -1.00491 66.1753
    endloop
  endfacet
  facet normal 0 0.803279 0.595602
    outer loop
      vertex 9.9369 -1.08091 66.2778
      vertex 1.17858 -1.00491 66.1753
      vertex 1.10971 -1.08091 66.2778
    endloop
  endfacet
  facet normal 0 -0.427263 -0.904127
    outer loop
      vertex 1.46624 0.497488 68.201
      vertex 9.96989 0.612815 68.1465
      vertex 9.97556 0.497488 68.201
    endloop
  endfacet
  facet normal -1.42576e-06 -0.427177 -0.904168
    outer loop
      vertex 1.43201 0.593159 68.1558
      vertex 9.96989 0.612815 68.1465
      vertex 1.46624 0.497488 68.201
    endloop
  endfacet
  facet normal -0 -0.427683 -0.903929
    outer loop
      vertex 9.96989 0.612815 68.1465
      vertex 1.43201 0.593159 68.1558
      vertex 1.42272 0.612815 68.1465
    endloop
  endfacet
  facet normal 0 0.998795 -0.0490774
    outer loop
      vertex 9.9044 -1.3 67
      vertex 0 -1.29374 67.1274
      vertex 9.90533 -1.29374 67.1274
    endloop
  endfacet
  facet normal 0 0.998795 -0.0490774
    outer loop
      vertex 0 -1.29374 67.1274
      vertex 9.9044 -1.3 67
      vertex 0 -1.3 67
    endloop
  endfacet
  facet normal 0 0.989177 -0.14673
    outer loop
      vertex 9.90533 -1.29374 67.1274
      vertex 0 -1.27502 67.2536
      vertex 9.90811 -1.27502 67.2536
    endloop
  endfacet
  facet normal 0 0.989177 -0.14673
    outer loop
      vertex 0 -1.27502 67.2536
      vertex 9.90533 -1.29374 67.1274
      vertex 0 -1.29374 67.1274
    endloop
  endfacet
  facet normal 0 -0.0493821 -0.99878
    outer loop
      vertex 1.55 0 68.3
      vertex 9.99374 0.127421 68.2937
      vertex 10 0 68.3
    endloop
  endfacet
  facet normal -0 -0.0493821 -0.99878
    outer loop
      vertex 9.99374 0.127421 68.2937
      vertex 1.55 0 68.3
      vertex 1.54374 0.127421 68.2937
    endloop
  endfacet
  facet normal 0 0.941525 -0.336942
    outer loop
      vertex 9.91271 -1.24402 67.3774
      vertex 0.979429 -1.20104 67.4975
      vertex 9.91908 -1.20104 67.4975
    endloop
  endfacet
  facet normal 0 0.941525 -0.336942
    outer loop
      vertex 0.979429 -1.20104 67.4975
      vertex 9.91271 -1.24402 67.3774
      vertex 0.921479 -1.24402 67.3774
    endloop
  endfacet
  facet normal 0.0045345 0.740698 -0.671823
    outer loop
      vertex 9.94818 -1.00491 67.8247
      vertex 9.95484 -0.919238 67.9192
      vertex 9.95185 -0.980171 67.852
    endloop
  endfacet
  facet normal 0 0.740865 -0.671654
    outer loop
      vertex 9.95484 -0.919238 67.9192
      vertex 9.94818 -1.00491 67.8247
      vertex 1.24568 -0.919238 67.9192
    endloop
  endfacet
  facet normal 2.75099e-06 0.740991 -0.671515
    outer loop
      vertex 1.24568 -0.919238 67.9192
      vertex 9.94818 -1.00491 67.8247
      vertex 1.19817 -0.983309 67.8485
    endloop
  endfacet
  facet normal 0 0.740487 -0.67207
    outer loop
      vertex 1.19817 -0.983309 67.8485
      vertex 9.94818 -1.00491 67.8247
      vertex 1.17858 -1.00491 67.8247
    endloop
  endfacet
  facet normal -0 0.67167 0.740851
    outer loop
      vertex 1.31061 -0.824711 65.9951
      vertex 9.95484 -0.919238 66.0808
      vertex 9.95948 -0.824711 65.9951
    endloop
  endfacet
  facet normal -4.81735e-06 0.671428 0.74107
    outer loop
      vertex 1.28878 -0.861134 66.0281
      vertex 9.95484 -0.919238 66.0808
      vertex 1.31061 -0.824711 65.9951
    endloop
  endfacet
  facet normal 0 0.671822 0.740713
    outer loop
      vertex 9.95484 -0.919238 66.0808
      vertex 1.28878 -0.861134 66.0281
      vertex 1.24568 -0.919238 66.0808
    endloop
  endfacet
endsolid OpenSCAD_Model
