solid OpenSCAD_Model
  facet normal -0.989245 0.146267 0
    outer loop
      vertex -13.1663 -0.165826 0
      vertex -13.1541 -0.0833139 14
      vertex -13.1541 -0.0833139 0
    endloop
  endfacet
  facet normal -0.989245 0.146267 0
    outer loop
      vertex -13.1541 -0.0833139 14
      vertex -13.1663 -0.165826 0
      vertex -13.1663 -0.165826 14
    endloop
  endfacet
  facet normal -0.998791 0.049152 0
    outer loop
      vertex -13.1541 -0.0833139 0
      vertex -13.15 0 14
      vertex -13.15 0 0
    endloop
  endfacet
  facet normal -0.998791 0.049152 0
    outer loop
      vertex -13.15 0 14
      vertex -13.1541 -0.0833139 0
      vertex -13.1541 -0.0833139 14
    endloop
  endfacet
  facet normal -0.969941 0.243339 0
    outer loop
      vertex -13.1866 -0.246741 0
      vertex -13.1663 -0.165826 14
      vertex -13.1663 -0.165826 0
    endloop
  endfacet
  facet normal -0.969941 0.243339 0
    outer loop
      vertex -13.1663 -0.165826 14
      vertex -13.1866 -0.246741 0
      vertex -13.1866 -0.246741 14
    endloop
  endfacet
  facet normal -0.427579 -0.903978 0
    outer loop
      vertex -13.6747 0.785297 0
      vertex -13.5993 0.749633 14
      vertex -13.6747 0.785297 14
    endloop
  endfacet
  facet normal -0.427579 -0.903978 -0
    outer loop
      vertex -13.5993 0.749633 14
      vertex -13.6747 0.785297 0
      vertex -13.5993 0.749633 0
    endloop
  endfacet
  facet normal 0.0490764 0.998795 -0
    outer loop
      vertex -14 -0.849999 0
      vertex -14.0833 -0.845906 14
      vertex -14 -0.849999 14
    endloop
  endfacet
  facet normal 0.0490764 0.998795 0
    outer loop
      vertex -14.0833 -0.845906 14
      vertex -14 -0.849999 0
      vertex -14.0833 -0.845906 0
    endloop
  endfacet
  facet normal 0.427579 0.903978 -0
    outer loop
      vertex -14.3253 -0.785297 0
      vertex -14.4007 -0.749633 14
      vertex -14.3253 -0.785297 14
    endloop
  endfacet
  facet normal 0.427579 0.903978 0
    outer loop
      vertex -14.4007 -0.749633 14
      vertex -14.3253 -0.785297 0
      vertex -14.4007 -0.749633 0
    endloop
  endfacet
  facet normal -0.74046 0.6721 0
    outer loop
      vertex -13.399 -0.60104 0
      vertex -13.3429 -0.539234 14
      vertex -13.3429 -0.539234 0
    endloop
  endfacet
  facet normal -0.74046 0.6721 0
    outer loop
      vertex -13.3429 -0.539234 14
      vertex -13.399 -0.60104 0
      vertex -13.399 -0.60104 14
    endloop
  endfacet
  facet normal 0.146746 -0.989174 0
    outer loop
      vertex -14.1658 0.833667 0
      vertex -14.0833 0.845906 14
      vertex -14.1658 0.833667 14
    endloop
  endfacet
  facet normal 0.146746 -0.989174 0
    outer loop
      vertex -14.0833 0.845906 14
      vertex -14.1658 0.833667 0
      vertex -14.0833 0.845906 0
    endloop
  endfacet
  facet normal -0.427579 0.903978 0
    outer loop
      vertex -13.5993 -0.749633 0
      vertex -13.6747 -0.785297 14
      vertex -13.5993 -0.749633 14
    endloop
  endfacet
  facet normal -0.427579 0.903978 0
    outer loop
      vertex -13.6747 -0.785297 14
      vertex -13.5993 -0.749633 0
      vertex -13.6747 -0.785297 0
    endloop
  endfacet
  facet normal 0.146746 0.989174 -0
    outer loop
      vertex -14.0833 -0.845906 0
      vertex -14.1658 -0.833667 14
      vertex -14.0833 -0.845906 14
    endloop
  endfacet
  facet normal 0.146746 0.989174 0
    outer loop
      vertex -14.1658 -0.833667 14
      vertex -14.0833 -0.845906 0
      vertex -14.1658 -0.833667 0
    endloop
  endfacet
  facet normal -0.243032 -0.970018 0
    outer loop
      vertex -13.8342 0.833667 0
      vertex -13.7533 0.813398 14
      vertex -13.8342 0.833667 14
    endloop
  endfacet
  facet normal -0.243032 -0.970018 -0
    outer loop
      vertex -13.7533 0.813398 14
      vertex -13.8342 0.833667 0
      vertex -13.7533 0.813398 0
    endloop
  endfacet
  facet normal 0.595695 0.803211 -0
    outer loop
      vertex -14.4722 -0.706749 0
      vertex -14.5392 -0.657059 14
      vertex -14.4722 -0.706749 14
    endloop
  endfacet
  facet normal 0.595695 0.803211 0
    outer loop
      vertex -14.5392 -0.657059 14
      vertex -14.4722 -0.706749 0
      vertex -14.5392 -0.657059 0
    endloop
  endfacet
  facet normal 0.903826 0.427899 0
    outer loop
      vertex -14.7496 -0.400687 14
      vertex -14.7853 -0.32528 0
      vertex -14.7853 -0.32528 14
    endloop
  endfacet
  facet normal 0.903826 0.427899 0
    outer loop
      vertex -14.7853 -0.32528 0
      vertex -14.7496 -0.400687 14
      vertex -14.7496 -0.400687 0
    endloop
  endfacet
  facet normal 0.427579 -0.903978 0
    outer loop
      vertex -14.4007 0.749633 0
      vertex -14.3253 0.785297 14
      vertex -14.4007 0.749633 14
    endloop
  endfacet
  facet normal 0.427579 -0.903978 0
    outer loop
      vertex -14.3253 0.785297 14
      vertex -14.4007 0.749633 0
      vertex -14.3253 0.785297 0
    endloop
  endfacet
  facet normal -0.336651 -0.94163 0
    outer loop
      vertex -13.7533 0.813398 0
      vertex -13.6747 0.785297 14
      vertex -13.7533 0.813398 14
    endloop
  endfacet
  facet normal -0.336651 -0.94163 -0
    outer loop
      vertex -13.6747 0.785297 14
      vertex -13.7533 0.813398 0
      vertex -13.6747 0.785297 0
    endloop
  endfacet
  facet normal 0.595695 -0.803211 0
    outer loop
      vertex -14.5392 0.657059 0
      vertex -14.4722 0.706749 14
      vertex -14.5392 0.657059 14
    endloop
  endfacet
  facet normal 0.595695 -0.803211 0
    outer loop
      vertex -14.4722 0.706749 14
      vertex -14.5392 0.657059 0
      vertex -14.4722 0.706749 0
    endloop
  endfacet
  facet normal 0.903826 -0.427899 0
    outer loop
      vertex -14.7853 0.32528 14
      vertex -14.7496 0.400687 0
      vertex -14.7496 0.400687 14
    endloop
  endfacet
  facet normal 0.903826 -0.427899 0
    outer loop
      vertex -14.7496 0.400687 0
      vertex -14.7853 0.32528 14
      vertex -14.7853 0.32528 0
    endloop
  endfacet
  facet normal -0.514355 0.857578 0
    outer loop
      vertex -13.5278 -0.706749 0
      vertex -13.5993 -0.749633 14
      vertex -13.5278 -0.706749 14
    endloop
  endfacet
  facet normal -0.514355 0.857578 0
    outer loop
      vertex -13.5993 -0.749633 14
      vertex -13.5278 -0.706749 0
      vertex -13.5993 -0.749633 0
    endloop
  endfacet
  facet normal -0.595695 -0.803211 0
    outer loop
      vertex -13.5278 0.706749 0
      vertex -13.4608 0.657059 14
      vertex -13.5278 0.706749 14
    endloop
  endfacet
  facet normal -0.595695 -0.803211 -0
    outer loop
      vertex -13.4608 0.657059 14
      vertex -13.5278 0.706749 0
      vertex -13.4608 0.657059 0
    endloop
  endfacet
  facet normal 0.998791 -0.049152 0
    outer loop
      vertex -14.85 0 14
      vertex -14.8459 0.0833139 0
      vertex -14.8459 0.0833139 14
    endloop
  endfacet
  facet normal 0.998791 -0.049152 0
    outer loop
      vertex -14.8459 0.0833139 0
      vertex -14.85 0 14
      vertex -14.85 0 0
    endloop
  endfacet
  facet normal -0.595695 0.803211 0
    outer loop
      vertex -13.4608 -0.657059 0
      vertex -13.5278 -0.706749 14
      vertex -13.4608 -0.657059 14
    endloop
  endfacet
  facet normal -0.595695 0.803211 0
    outer loop
      vertex -13.5278 -0.706749 14
      vertex -13.4608 -0.657059 0
      vertex -13.5278 -0.706749 0
    endloop
  endfacet
  facet normal -0.969941 -0.243339 0
    outer loop
      vertex -13.1663 0.165826 0
      vertex -13.1866 0.246741 14
      vertex -13.1866 0.246741 0
    endloop
  endfacet
  facet normal -0.969941 -0.243339 0
    outer loop
      vertex -13.1866 0.246741 14
      vertex -13.1663 0.165826 0
      vertex -13.1663 0.165826 14
    endloop
  endfacet
  facet normal 0.941551 -0.336872 0
    outer loop
      vertex -14.8134 0.246741 14
      vertex -14.7853 0.32528 0
      vertex -14.7853 0.32528 14
    endloop
  endfacet
  facet normal 0.941551 -0.336872 0
    outer loop
      vertex -14.7853 0.32528 0
      vertex -14.8134 0.246741 14
      vertex -14.8134 0.246741 0
    endloop
  endfacet
  facet normal -0.243032 0.970018 0
    outer loop
      vertex -13.7533 -0.813398 0
      vertex -13.8342 -0.833667 14
      vertex -13.7533 -0.813398 14
    endloop
  endfacet
  facet normal -0.243032 0.970018 0
    outer loop
      vertex -13.8342 -0.833667 14
      vertex -13.7533 -0.813398 0
      vertex -13.8342 -0.833667 0
    endloop
  endfacet
  facet normal 0.74046 0.6721 0
    outer loop
      vertex -14.601 -0.60104 14
      vertex -14.6571 -0.539234 0
      vertex -14.6571 -0.539234 14
    endloop
  endfacet
  facet normal 0.74046 0.6721 0
    outer loop
      vertex -14.6571 -0.539234 0
      vertex -14.601 -0.60104 14
      vertex -14.601 -0.60104 0
    endloop
  endfacet
  facet normal -0.0490764 -0.998795 0
    outer loop
      vertex -14 0.849999 0
      vertex -13.9167 0.845906 14
      vertex -14 0.849999 14
    endloop
  endfacet
  facet normal -0.0490764 -0.998795 -0
    outer loop
      vertex -13.9167 0.845906 14
      vertex -14 0.849999 0
      vertex -13.9167 0.845906 0
    endloop
  endfacet
  facet normal -0.803727 0.594998 0
    outer loop
      vertex -13.3429 -0.539234 0
      vertex -13.2933 -0.472234 14
      vertex -13.2933 -0.472234 0
    endloop
  endfacet
  facet normal -0.803727 0.594998 0
    outer loop
      vertex -13.2933 -0.472234 14
      vertex -13.3429 -0.539234 0
      vertex -13.3429 -0.539234 14
    endloop
  endfacet
  facet normal 0.969941 -0.243339 0
    outer loop
      vertex -14.8337 0.165826 14
      vertex -14.8134 0.246741 0
      vertex -14.8134 0.246741 14
    endloop
  endfacet
  facet normal 0.969941 -0.243339 0
    outer loop
      vertex -14.8134 0.246741 0
      vertex -14.8337 0.165826 14
      vertex -14.8337 0.165826 0
    endloop
  endfacet
  facet normal -0.989245 -0.146267 0
    outer loop
      vertex -13.1541 0.0833139 0
      vertex -13.1663 0.165826 14
      vertex -13.1663 0.165826 0
    endloop
  endfacet
  facet normal -0.989245 -0.146267 0
    outer loop
      vertex -13.1663 0.165826 14
      vertex -13.1541 0.0833139 0
      vertex -13.1541 0.0833139 14
    endloop
  endfacet
  facet normal -0.514355 -0.857578 0
    outer loop
      vertex -13.5993 0.749633 0
      vertex -13.5278 0.706749 14
      vertex -13.5993 0.749633 14
    endloop
  endfacet
  facet normal -0.514355 -0.857578 -0
    outer loop
      vertex -13.5278 0.706749 14
      vertex -13.5993 0.749633 0
      vertex -13.5278 0.706749 0
    endloop
  endfacet
  facet normal 0.941551 0.336872 0
    outer loop
      vertex -14.7853 -0.32528 14
      vertex -14.8134 -0.246741 0
      vertex -14.8134 -0.246741 14
    endloop
  endfacet
  facet normal 0.941551 0.336872 0
    outer loop
      vertex -14.8134 -0.246741 0
      vertex -14.7853 -0.32528 14
      vertex -14.7853 -0.32528 0
    endloop
  endfacet
  facet normal -0.671603 0.740911 0
    outer loop
      vertex -13.399 -0.60104 0
      vertex -13.4608 -0.657059 14
      vertex -13.399 -0.60104 14
    endloop
  endfacet
  facet normal -0.671603 0.740911 0
    outer loop
      vertex -13.4608 -0.657059 14
      vertex -13.399 -0.60104 0
      vertex -13.4608 -0.657059 0
    endloop
  endfacet
  facet normal 0.989245 0.146267 0
    outer loop
      vertex -14.8337 -0.165826 14
      vertex -14.8459 -0.0833139 0
      vertex -14.8459 -0.0833139 14
    endloop
  endfacet
  facet normal 0.989245 0.146267 0
    outer loop
      vertex -14.8459 -0.0833139 0
      vertex -14.8337 -0.165826 14
      vertex -14.8337 -0.165826 0
    endloop
  endfacet
  facet normal -0.903826 -0.427899 0
    outer loop
      vertex -13.2147 0.32528 0
      vertex -13.2504 0.400687 14
      vertex -13.2504 0.400687 0
    endloop
  endfacet
  facet normal -0.903826 -0.427899 0
    outer loop
      vertex -13.2504 0.400687 14
      vertex -13.2147 0.32528 0
      vertex -13.2147 0.32528 14
    endloop
  endfacet
  facet normal -0.336651 0.94163 0
    outer loop
      vertex -13.6747 -0.785297 0
      vertex -13.7533 -0.813398 14
      vertex -13.6747 -0.785297 14
    endloop
  endfacet
  facet normal -0.336651 0.94163 0
    outer loop
      vertex -13.7533 -0.813398 14
      vertex -13.6747 -0.785297 0
      vertex -13.7533 -0.813398 0
    endloop
  endfacet
  facet normal -0.998791 -0.049152 0
    outer loop
      vertex -13.15 0 0
      vertex -13.1541 0.0833139 14
      vertex -13.1541 0.0833139 0
    endloop
  endfacet
  facet normal -0.998791 -0.049152 0
    outer loop
      vertex -13.1541 0.0833139 14
      vertex -13.15 0 0
      vertex -13.15 0 14
    endloop
  endfacet
  facet normal -0.146746 -0.989174 0
    outer loop
      vertex -13.9167 0.845906 0
      vertex -13.8342 0.833667 14
      vertex -13.9167 0.845906 14
    endloop
  endfacet
  facet normal -0.146746 -0.989174 -0
    outer loop
      vertex -13.8342 0.833667 14
      vertex -13.9167 0.845906 0
      vertex -13.8342 0.833667 0
    endloop
  endfacet
  facet normal -0.941551 0.336872 0
    outer loop
      vertex -13.2147 -0.32528 0
      vertex -13.1866 -0.246741 14
      vertex -13.1866 -0.246741 0
    endloop
  endfacet
  facet normal -0.941551 0.336872 0
    outer loop
      vertex -13.1866 -0.246741 14
      vertex -13.2147 -0.32528 0
      vertex -13.2147 -0.32528 14
    endloop
  endfacet
  facet normal -0.803727 -0.594998 0
    outer loop
      vertex -13.2933 0.472234 0
      vertex -13.3429 0.539234 14
      vertex -13.3429 0.539234 0
    endloop
  endfacet
  facet normal -0.803727 -0.594998 0
    outer loop
      vertex -13.3429 0.539234 14
      vertex -13.2933 0.472234 0
      vertex -13.2933 0.472234 14
    endloop
  endfacet
  facet normal -0.857642 -0.514247 0
    outer loop
      vertex -13.2504 0.400687 0
      vertex -13.2933 0.472234 14
      vertex -13.2933 0.472234 0
    endloop
  endfacet
  facet normal -0.857642 -0.514247 0
    outer loop
      vertex -13.2933 0.472234 14
      vertex -13.2504 0.400687 0
      vertex -13.2504 0.400687 14
    endloop
  endfacet
  facet normal 0.243032 0.970018 -0
    outer loop
      vertex -14.1658 -0.833667 0
      vertex -14.2467 -0.813398 14
      vertex -14.1658 -0.833667 14
    endloop
  endfacet
  facet normal 0.243032 0.970018 0
    outer loop
      vertex -14.2467 -0.813398 14
      vertex -14.1658 -0.833667 0
      vertex -14.2467 -0.813398 0
    endloop
  endfacet
  facet normal -0.941551 -0.336872 0
    outer loop
      vertex -13.1866 0.246741 0
      vertex -13.2147 0.32528 14
      vertex -13.2147 0.32528 0
    endloop
  endfacet
  facet normal -0.941551 -0.336872 0
    outer loop
      vertex -13.2147 0.32528 14
      vertex -13.1866 0.246741 0
      vertex -13.1866 0.246741 14
    endloop
  endfacet
  facet normal -0.0490764 0.998795 0
    outer loop
      vertex -13.9167 -0.845906 0
      vertex -14 -0.849999 14
      vertex -13.9167 -0.845906 14
    endloop
  endfacet
  facet normal -0.0490764 0.998795 0
    outer loop
      vertex -14 -0.849999 14
      vertex -13.9167 -0.845906 0
      vertex -14 -0.849999 0
    endloop
  endfacet
  facet normal 0.514355 0.857578 -0
    outer loop
      vertex -14.4007 -0.749633 0
      vertex -14.4722 -0.706749 14
      vertex -14.4007 -0.749633 14
    endloop
  endfacet
  facet normal 0.514355 0.857578 0
    outer loop
      vertex -14.4722 -0.706749 14
      vertex -14.4007 -0.749633 0
      vertex -14.4722 -0.706749 0
    endloop
  endfacet
  facet normal -0.903826 0.427899 0
    outer loop
      vertex -13.2504 -0.400687 0
      vertex -13.2147 -0.32528 14
      vertex -13.2147 -0.32528 0
    endloop
  endfacet
  facet normal -0.903826 0.427899 0
    outer loop
      vertex -13.2147 -0.32528 14
      vertex -13.2504 -0.400687 0
      vertex -13.2504 -0.400687 14
    endloop
  endfacet
  facet normal -0.146746 0.989174 0
    outer loop
      vertex -13.8342 -0.833667 0
      vertex -13.9167 -0.845906 14
      vertex -13.8342 -0.833667 14
    endloop
  endfacet
  facet normal -0.146746 0.989174 0
    outer loop
      vertex -13.9167 -0.845906 14
      vertex -13.8342 -0.833667 0
      vertex -13.9167 -0.845906 0
    endloop
  endfacet
  facet normal 0.243032 -0.970018 0
    outer loop
      vertex -14.2467 0.813398 0
      vertex -14.1658 0.833667 14
      vertex -14.2467 0.813398 14
    endloop
  endfacet
  facet normal 0.243032 -0.970018 0
    outer loop
      vertex -14.1658 0.833667 14
      vertex -14.2467 0.813398 0
      vertex -14.1658 0.833667 0
    endloop
  endfacet
  facet normal 0.857642 -0.514247 0
    outer loop
      vertex -14.7496 0.400687 14
      vertex -14.7067 0.472234 0
      vertex -14.7067 0.472234 14
    endloop
  endfacet
  facet normal 0.857642 -0.514247 0
    outer loop
      vertex -14.7067 0.472234 0
      vertex -14.7496 0.400687 14
      vertex -14.7496 0.400687 0
    endloop
  endfacet
  facet normal -0.857642 0.514247 0
    outer loop
      vertex -13.2933 -0.472234 0
      vertex -13.2504 -0.400687 14
      vertex -13.2504 -0.400687 0
    endloop
  endfacet
  facet normal -0.857642 0.514247 0
    outer loop
      vertex -13.2504 -0.400687 14
      vertex -13.2933 -0.472234 0
      vertex -13.2933 -0.472234 14
    endloop
  endfacet
  facet normal 0.336651 0.94163 -0
    outer loop
      vertex -14.2467 -0.813398 0
      vertex -14.3253 -0.785297 14
      vertex -14.2467 -0.813398 14
    endloop
  endfacet
  facet normal 0.336651 0.94163 0
    outer loop
      vertex -14.3253 -0.785297 14
      vertex -14.2467 -0.813398 0
      vertex -14.3253 -0.785297 0
    endloop
  endfacet
  facet normal 0.74046 -0.6721 0
    outer loop
      vertex -14.6571 0.539234 14
      vertex -14.601 0.60104 0
      vertex -14.601 0.60104 14
    endloop
  endfacet
  facet normal 0.74046 -0.6721 0
    outer loop
      vertex -14.601 0.60104 0
      vertex -14.6571 0.539234 14
      vertex -14.6571 0.539234 0
    endloop
  endfacet
  facet normal 0.671603 0.740911 -0
    outer loop
      vertex -14.5392 -0.657059 0
      vertex -14.601 -0.60104 14
      vertex -14.5392 -0.657059 14
    endloop
  endfacet
  facet normal 0.671603 0.740911 0
    outer loop
      vertex -14.601 -0.60104 14
      vertex -14.5392 -0.657059 0
      vertex -14.601 -0.60104 0
    endloop
  endfacet
  facet normal 0.514355 -0.857578 0
    outer loop
      vertex -14.4722 0.706749 0
      vertex -14.4007 0.749633 14
      vertex -14.4722 0.706749 14
    endloop
  endfacet
  facet normal 0.514355 -0.857578 0
    outer loop
      vertex -14.4007 0.749633 14
      vertex -14.4722 0.706749 0
      vertex -14.4007 0.749633 0
    endloop
  endfacet
  facet normal 0.969941 0.243339 0
    outer loop
      vertex -14.8134 -0.246741 14
      vertex -14.8337 -0.165826 0
      vertex -14.8337 -0.165826 14
    endloop
  endfacet
  facet normal 0.969941 0.243339 0
    outer loop
      vertex -14.8337 -0.165826 0
      vertex -14.8134 -0.246741 14
      vertex -14.8134 -0.246741 0
    endloop
  endfacet
  facet normal 0.803727 -0.594998 0
    outer loop
      vertex -14.7067 0.472234 14
      vertex -14.6571 0.539234 0
      vertex -14.6571 0.539234 14
    endloop
  endfacet
  facet normal 0.803727 -0.594998 0
    outer loop
      vertex -14.6571 0.539234 0
      vertex -14.7067 0.472234 14
      vertex -14.7067 0.472234 0
    endloop
  endfacet
  facet normal 0.989245 -0.146267 0
    outer loop
      vertex -14.8459 0.0833139 14
      vertex -14.8337 0.165826 0
      vertex -14.8337 0.165826 14
    endloop
  endfacet
  facet normal 0.989245 -0.146267 0
    outer loop
      vertex -14.8337 0.165826 0
      vertex -14.8459 0.0833139 14
      vertex -14.8459 0.0833139 0
    endloop
  endfacet
  facet normal 0.671603 -0.740911 0
    outer loop
      vertex -14.601 0.60104 0
      vertex -14.5392 0.657059 14
      vertex -14.601 0.60104 14
    endloop
  endfacet
  facet normal 0.671603 -0.740911 0
    outer loop
      vertex -14.5392 0.657059 14
      vertex -14.601 0.60104 0
      vertex -14.5392 0.657059 0
    endloop
  endfacet
  facet normal 0.803727 0.594998 0
    outer loop
      vertex -14.6571 -0.539234 14
      vertex -14.7067 -0.472234 0
      vertex -14.7067 -0.472234 14
    endloop
  endfacet
  facet normal 0.803727 0.594998 0
    outer loop
      vertex -14.7067 -0.472234 0
      vertex -14.6571 -0.539234 14
      vertex -14.6571 -0.539234 0
    endloop
  endfacet
  facet normal 0.857642 0.514247 0
    outer loop
      vertex -14.7067 -0.472234 14
      vertex -14.7496 -0.400687 0
      vertex -14.7496 -0.400687 14
    endloop
  endfacet
  facet normal 0.857642 0.514247 0
    outer loop
      vertex -14.7496 -0.400687 0
      vertex -14.7067 -0.472234 14
      vertex -14.7067 -0.472234 0
    endloop
  endfacet
  facet normal 0.0490764 -0.998795 0
    outer loop
      vertex -14.0833 0.845906 0
      vertex -14 0.849999 14
      vertex -14.0833 0.845906 14
    endloop
  endfacet
  facet normal 0.0490764 -0.998795 0
    outer loop
      vertex -14 0.849999 14
      vertex -14.0833 0.845906 0
      vertex -14 0.849999 0
    endloop
  endfacet
  facet normal 0.998791 0.049152 0
    outer loop
      vertex -14.8459 -0.0833139 14
      vertex -14.85 0 0
      vertex -14.85 0 14
    endloop
  endfacet
  facet normal 0.998791 0.049152 0
    outer loop
      vertex -14.85 0 0
      vertex -14.8459 -0.0833139 14
      vertex -14.8459 -0.0833139 0
    endloop
  endfacet
  facet normal 0.336651 -0.94163 0
    outer loop
      vertex -14.3253 0.785297 0
      vertex -14.2467 0.813398 14
      vertex -14.3253 0.785297 14
    endloop
  endfacet
  facet normal 0.336651 -0.94163 0
    outer loop
      vertex -14.2467 0.813398 14
      vertex -14.3253 0.785297 0
      vertex -14.2467 0.813398 0
    endloop
  endfacet
  facet normal -0.74046 -0.6721 0
    outer loop
      vertex -13.3429 0.539234 0
      vertex -13.399 0.60104 14
      vertex -13.399 0.60104 0
    endloop
  endfacet
  facet normal -0.74046 -0.6721 0
    outer loop
      vertex -13.399 0.60104 14
      vertex -13.3429 0.539234 0
      vertex -13.3429 0.539234 14
    endloop
  endfacet
  facet normal -0.671603 -0.740911 0
    outer loop
      vertex -13.4608 0.657059 0
      vertex -13.399 0.60104 14
      vertex -13.4608 0.657059 14
    endloop
  endfacet
  facet normal -0.671603 -0.740911 -0
    outer loop
      vertex -13.399 0.60104 14
      vertex -13.4608 0.657059 0
      vertex -13.399 0.60104 0
    endloop
  endfacet
  facet normal -0.989245 0.146267 0
    outer loop
      vertex 14.8337 -0.165826 0
      vertex 14.8459 -0.0833139 14
      vertex 14.8459 -0.0833139 0
    endloop
  endfacet
  facet normal -0.989245 0.146267 0
    outer loop
      vertex 14.8459 -0.0833139 14
      vertex 14.8337 -0.165826 0
      vertex 14.8337 -0.165826 14
    endloop
  endfacet
  facet normal -0.998791 0.049152 0
    outer loop
      vertex 14.8459 -0.0833139 0
      vertex 14.85 0 14
      vertex 14.85 0 0
    endloop
  endfacet
  facet normal -0.998791 0.049152 0
    outer loop
      vertex 14.85 0 14
      vertex 14.8459 -0.0833139 0
      vertex 14.8459 -0.0833139 14
    endloop
  endfacet
  facet normal -0.969941 0.243339 0
    outer loop
      vertex 14.8134 -0.246741 0
      vertex 14.8337 -0.165826 14
      vertex 14.8337 -0.165826 0
    endloop
  endfacet
  facet normal -0.969941 0.243339 0
    outer loop
      vertex 14.8337 -0.165826 14
      vertex 14.8134 -0.246741 0
      vertex 14.8134 -0.246741 14
    endloop
  endfacet
  facet normal -0.427579 -0.903978 0
    outer loop
      vertex 14.3253 0.785297 0
      vertex 14.4007 0.749633 14
      vertex 14.3253 0.785297 14
    endloop
  endfacet
  facet normal -0.427579 -0.903978 -0
    outer loop
      vertex 14.4007 0.749633 14
      vertex 14.3253 0.785297 0
      vertex 14.4007 0.749633 0
    endloop
  endfacet
  facet normal 0.0490764 0.998795 -0
    outer loop
      vertex 14 -0.849999 0
      vertex 13.9167 -0.845906 14
      vertex 14 -0.849999 14
    endloop
  endfacet
  facet normal 0.0490764 0.998795 0
    outer loop
      vertex 13.9167 -0.845906 14
      vertex 14 -0.849999 0
      vertex 13.9167 -0.845906 0
    endloop
  endfacet
  facet normal 0.427579 0.903978 -0
    outer loop
      vertex 13.6747 -0.785297 0
      vertex 13.5993 -0.749633 14
      vertex 13.6747 -0.785297 14
    endloop
  endfacet
  facet normal 0.427579 0.903978 0
    outer loop
      vertex 13.5993 -0.749633 14
      vertex 13.6747 -0.785297 0
      vertex 13.5993 -0.749633 0
    endloop
  endfacet
  facet normal -0.74046 0.6721 0
    outer loop
      vertex 14.601 -0.60104 0
      vertex 14.6571 -0.539234 14
      vertex 14.6571 -0.539234 0
    endloop
  endfacet
  facet normal -0.74046 0.6721 0
    outer loop
      vertex 14.6571 -0.539234 14
      vertex 14.601 -0.60104 0
      vertex 14.601 -0.60104 14
    endloop
  endfacet
  facet normal 0.146746 -0.989174 0
    outer loop
      vertex 13.8342 0.833667 0
      vertex 13.9167 0.845906 14
      vertex 13.8342 0.833667 14
    endloop
  endfacet
  facet normal 0.146746 -0.989174 0
    outer loop
      vertex 13.9167 0.845906 14
      vertex 13.8342 0.833667 0
      vertex 13.9167 0.845906 0
    endloop
  endfacet
  facet normal -0.427579 0.903978 0
    outer loop
      vertex 14.4007 -0.749633 0
      vertex 14.3253 -0.785297 14
      vertex 14.4007 -0.749633 14
    endloop
  endfacet
  facet normal -0.427579 0.903978 0
    outer loop
      vertex 14.3253 -0.785297 14
      vertex 14.4007 -0.749633 0
      vertex 14.3253 -0.785297 0
    endloop
  endfacet
  facet normal 0.146746 0.989174 -0
    outer loop
      vertex 13.9167 -0.845906 0
      vertex 13.8342 -0.833667 14
      vertex 13.9167 -0.845906 14
    endloop
  endfacet
  facet normal 0.146746 0.989174 0
    outer loop
      vertex 13.8342 -0.833667 14
      vertex 13.9167 -0.845906 0
      vertex 13.8342 -0.833667 0
    endloop
  endfacet
  facet normal -0.243032 -0.970018 0
    outer loop
      vertex 14.1658 0.833667 0
      vertex 14.2467 0.813398 14
      vertex 14.1658 0.833667 14
    endloop
  endfacet
  facet normal -0.243032 -0.970018 -0
    outer loop
      vertex 14.2467 0.813398 14
      vertex 14.1658 0.833667 0
      vertex 14.2467 0.813398 0
    endloop
  endfacet
  facet normal 0.595695 0.803211 -0
    outer loop
      vertex 13.5278 -0.706749 0
      vertex 13.4608 -0.657059 14
      vertex 13.5278 -0.706749 14
    endloop
  endfacet
  facet normal 0.595695 0.803211 0
    outer loop
      vertex 13.4608 -0.657059 14
      vertex 13.5278 -0.706749 0
      vertex 13.4608 -0.657059 0
    endloop
  endfacet
  facet normal 0.903826 0.427899 0
    outer loop
      vertex 13.2504 -0.400687 14
      vertex 13.2147 -0.32528 0
      vertex 13.2147 -0.32528 14
    endloop
  endfacet
  facet normal 0.903826 0.427899 0
    outer loop
      vertex 13.2147 -0.32528 0
      vertex 13.2504 -0.400687 14
      vertex 13.2504 -0.400687 0
    endloop
  endfacet
  facet normal 0.427579 -0.903978 0
    outer loop
      vertex 13.5993 0.749633 0
      vertex 13.6747 0.785297 14
      vertex 13.5993 0.749633 14
    endloop
  endfacet
  facet normal 0.427579 -0.903978 0
    outer loop
      vertex 13.6747 0.785297 14
      vertex 13.5993 0.749633 0
      vertex 13.6747 0.785297 0
    endloop
  endfacet
  facet normal 0.595695 -0.803211 0
    outer loop
      vertex 13.4608 0.657059 0
      vertex 13.5278 0.706749 14
      vertex 13.4608 0.657059 14
    endloop
  endfacet
  facet normal 0.595695 -0.803211 0
    outer loop
      vertex 13.5278 0.706749 14
      vertex 13.4608 0.657059 0
      vertex 13.5278 0.706749 0
    endloop
  endfacet
  facet normal 0.903826 -0.427899 0
    outer loop
      vertex 13.2147 0.32528 14
      vertex 13.2504 0.400687 0
      vertex 13.2504 0.400687 14
    endloop
  endfacet
  facet normal 0.903826 -0.427899 0
    outer loop
      vertex 13.2504 0.400687 0
      vertex 13.2147 0.32528 14
      vertex 13.2147 0.32528 0
    endloop
  endfacet
  facet normal -0.514355 0.857578 0
    outer loop
      vertex 14.4722 -0.706749 0
      vertex 14.4007 -0.749633 14
      vertex 14.4722 -0.706749 14
    endloop
  endfacet
  facet normal -0.514355 0.857578 0
    outer loop
      vertex 14.4007 -0.749633 14
      vertex 14.4722 -0.706749 0
      vertex 14.4007 -0.749633 0
    endloop
  endfacet
  facet normal -0.595695 -0.803211 0
    outer loop
      vertex 14.4722 0.706749 0
      vertex 14.5392 0.657059 14
      vertex 14.4722 0.706749 14
    endloop
  endfacet
  facet normal -0.595695 -0.803211 -0
    outer loop
      vertex 14.5392 0.657059 14
      vertex 14.4722 0.706749 0
      vertex 14.5392 0.657059 0
    endloop
  endfacet
  facet normal 0.998791 -0.049152 0
    outer loop
      vertex 13.15 0 14
      vertex 13.1541 0.0833139 0
      vertex 13.1541 0.0833139 14
    endloop
  endfacet
  facet normal 0.998791 -0.049152 0
    outer loop
      vertex 13.1541 0.0833139 0
      vertex 13.15 0 14
      vertex 13.15 0 0
    endloop
  endfacet
  facet normal -0.595695 0.803211 0
    outer loop
      vertex 14.5392 -0.657059 0
      vertex 14.4722 -0.706749 14
      vertex 14.5392 -0.657059 14
    endloop
  endfacet
  facet normal -0.595695 0.803211 0
    outer loop
      vertex 14.4722 -0.706749 14
      vertex 14.5392 -0.657059 0
      vertex 14.4722 -0.706749 0
    endloop
  endfacet
  facet normal -0.969941 -0.243339 0
    outer loop
      vertex 14.8337 0.165826 0
      vertex 14.8134 0.246741 14
      vertex 14.8134 0.246741 0
    endloop
  endfacet
  facet normal -0.969941 -0.243339 0
    outer loop
      vertex 14.8134 0.246741 14
      vertex 14.8337 0.165826 0
      vertex 14.8337 0.165826 14
    endloop
  endfacet
  facet normal 0.941551 -0.336872 0
    outer loop
      vertex 13.1866 0.246741 14
      vertex 13.2147 0.32528 0
      vertex 13.2147 0.32528 14
    endloop
  endfacet
  facet normal 0.941551 -0.336872 0
    outer loop
      vertex 13.2147 0.32528 0
      vertex 13.1866 0.246741 14
      vertex 13.1866 0.246741 0
    endloop
  endfacet
  facet normal -0.243032 0.970018 0
    outer loop
      vertex 14.2467 -0.813398 0
      vertex 14.1658 -0.833667 14
      vertex 14.2467 -0.813398 14
    endloop
  endfacet
  facet normal -0.243032 0.970018 0
    outer loop
      vertex 14.1658 -0.833667 14
      vertex 14.2467 -0.813398 0
      vertex 14.1658 -0.833667 0
    endloop
  endfacet
  facet normal 0.74046 0.6721 0
    outer loop
      vertex 13.399 -0.60104 14
      vertex 13.3429 -0.539234 0
      vertex 13.3429 -0.539234 14
    endloop
  endfacet
  facet normal 0.74046 0.6721 0
    outer loop
      vertex 13.3429 -0.539234 0
      vertex 13.399 -0.60104 14
      vertex 13.399 -0.60104 0
    endloop
  endfacet
  facet normal -0.0490764 -0.998795 0
    outer loop
      vertex 14 0.849999 0
      vertex 14.0833 0.845906 14
      vertex 14 0.849999 14
    endloop
  endfacet
  facet normal -0.0490764 -0.998795 -0
    outer loop
      vertex 14.0833 0.845906 14
      vertex 14 0.849999 0
      vertex 14.0833 0.845906 0
    endloop
  endfacet
  facet normal -0.803727 0.594998 0
    outer loop
      vertex 14.6571 -0.539234 0
      vertex 14.7067 -0.472234 14
      vertex 14.7067 -0.472234 0
    endloop
  endfacet
  facet normal -0.803727 0.594998 0
    outer loop
      vertex 14.7067 -0.472234 14
      vertex 14.6571 -0.539234 0
      vertex 14.6571 -0.539234 14
    endloop
  endfacet
  facet normal 0.969941 -0.243339 0
    outer loop
      vertex 13.1663 0.165826 14
      vertex 13.1866 0.246741 0
      vertex 13.1866 0.246741 14
    endloop
  endfacet
  facet normal 0.969941 -0.243339 0
    outer loop
      vertex 13.1866 0.246741 0
      vertex 13.1663 0.165826 14
      vertex 13.1663 0.165826 0
    endloop
  endfacet
  facet normal -0.989245 -0.146267 0
    outer loop
      vertex 14.8459 0.0833139 0
      vertex 14.8337 0.165826 14
      vertex 14.8337 0.165826 0
    endloop
  endfacet
  facet normal -0.989245 -0.146267 0
    outer loop
      vertex 14.8337 0.165826 14
      vertex 14.8459 0.0833139 0
      vertex 14.8459 0.0833139 14
    endloop
  endfacet
  facet normal -0.514355 -0.857578 0
    outer loop
      vertex 14.4007 0.749633 0
      vertex 14.4722 0.706749 14
      vertex 14.4007 0.749633 14
    endloop
  endfacet
  facet normal -0.514355 -0.857578 -0
    outer loop
      vertex 14.4722 0.706749 14
      vertex 14.4007 0.749633 0
      vertex 14.4722 0.706749 0
    endloop
  endfacet
  facet normal 0.941551 0.336872 0
    outer loop
      vertex 13.2147 -0.32528 14
      vertex 13.1866 -0.246741 0
      vertex 13.1866 -0.246741 14
    endloop
  endfacet
  facet normal 0.941551 0.336872 0
    outer loop
      vertex 13.1866 -0.246741 0
      vertex 13.2147 -0.32528 14
      vertex 13.2147 -0.32528 0
    endloop
  endfacet
  facet normal -0.671603 0.740911 0
    outer loop
      vertex 14.601 -0.60104 0
      vertex 14.5392 -0.657059 14
      vertex 14.601 -0.60104 14
    endloop
  endfacet
  facet normal -0.671603 0.740911 0
    outer loop
      vertex 14.5392 -0.657059 14
      vertex 14.601 -0.60104 0
      vertex 14.5392 -0.657059 0
    endloop
  endfacet
  facet normal 0.989245 0.146267 0
    outer loop
      vertex 13.1663 -0.165826 14
      vertex 13.1541 -0.0833139 0
      vertex 13.1541 -0.0833139 14
    endloop
  endfacet
  facet normal 0.989245 0.146267 0
    outer loop
      vertex 13.1541 -0.0833139 0
      vertex 13.1663 -0.165826 14
      vertex 13.1663 -0.165826 0
    endloop
  endfacet
  facet normal -0.903826 -0.427899 0
    outer loop
      vertex 14.7853 0.32528 0
      vertex 14.7496 0.400687 14
      vertex 14.7496 0.400687 0
    endloop
  endfacet
  facet normal -0.903826 -0.427899 0
    outer loop
      vertex 14.7496 0.400687 14
      vertex 14.7853 0.32528 0
      vertex 14.7853 0.32528 14
    endloop
  endfacet
  facet normal -0.336651 0.94163 0
    outer loop
      vertex 14.3253 -0.785297 0
      vertex 14.2467 -0.813398 14
      vertex 14.3253 -0.785297 14
    endloop
  endfacet
  facet normal -0.336651 0.94163 0
    outer loop
      vertex 14.2467 -0.813398 14
      vertex 14.3253 -0.785297 0
      vertex 14.2467 -0.813398 0
    endloop
  endfacet
  facet normal -0.998791 -0.049152 0
    outer loop
      vertex 14.85 0 0
      vertex 14.8459 0.0833139 14
      vertex 14.8459 0.0833139 0
    endloop
  endfacet
  facet normal -0.998791 -0.049152 0
    outer loop
      vertex 14.8459 0.0833139 14
      vertex 14.85 0 0
      vertex 14.85 0 14
    endloop
  endfacet
  facet normal -0.146746 -0.989174 0
    outer loop
      vertex 14.0833 0.845906 0
      vertex 14.1658 0.833667 14
      vertex 14.0833 0.845906 14
    endloop
  endfacet
  facet normal -0.146746 -0.989174 -0
    outer loop
      vertex 14.1658 0.833667 14
      vertex 14.0833 0.845906 0
      vertex 14.1658 0.833667 0
    endloop
  endfacet
  facet normal -0.941551 0.336872 0
    outer loop
      vertex 14.7853 -0.32528 0
      vertex 14.8134 -0.246741 14
      vertex 14.8134 -0.246741 0
    endloop
  endfacet
  facet normal -0.941551 0.336872 0
    outer loop
      vertex 14.8134 -0.246741 14
      vertex 14.7853 -0.32528 0
      vertex 14.7853 -0.32528 14
    endloop
  endfacet
  facet normal -0.803727 -0.594998 0
    outer loop
      vertex 14.7067 0.472234 0
      vertex 14.6571 0.539234 14
      vertex 14.6571 0.539234 0
    endloop
  endfacet
  facet normal -0.803727 -0.594998 0
    outer loop
      vertex 14.6571 0.539234 14
      vertex 14.7067 0.472234 0
      vertex 14.7067 0.472234 14
    endloop
  endfacet
  facet normal -0.857642 -0.514247 0
    outer loop
      vertex 14.7496 0.400687 0
      vertex 14.7067 0.472234 14
      vertex 14.7067 0.472234 0
    endloop
  endfacet
  facet normal -0.857642 -0.514247 0
    outer loop
      vertex 14.7067 0.472234 14
      vertex 14.7496 0.400687 0
      vertex 14.7496 0.400687 14
    endloop
  endfacet
  facet normal 0.243032 0.970018 -0
    outer loop
      vertex 13.8342 -0.833667 0
      vertex 13.7533 -0.813398 14
      vertex 13.8342 -0.833667 14
    endloop
  endfacet
  facet normal 0.243032 0.970018 0
    outer loop
      vertex 13.7533 -0.813398 14
      vertex 13.8342 -0.833667 0
      vertex 13.7533 -0.813398 0
    endloop
  endfacet
  facet normal -0.941551 -0.336872 0
    outer loop
      vertex 14.8134 0.246741 0
      vertex 14.7853 0.32528 14
      vertex 14.7853 0.32528 0
    endloop
  endfacet
  facet normal -0.941551 -0.336872 0
    outer loop
      vertex 14.7853 0.32528 14
      vertex 14.8134 0.246741 0
      vertex 14.8134 0.246741 14
    endloop
  endfacet
  facet normal -0.0490764 0.998795 0
    outer loop
      vertex 14.0833 -0.845906 0
      vertex 14 -0.849999 14
      vertex 14.0833 -0.845906 14
    endloop
  endfacet
  facet normal -0.0490764 0.998795 0
    outer loop
      vertex 14 -0.849999 14
      vertex 14.0833 -0.845906 0
      vertex 14 -0.849999 0
    endloop
  endfacet
  facet normal 0.514355 0.857578 -0
    outer loop
      vertex 13.5993 -0.749633 0
      vertex 13.5278 -0.706749 14
      vertex 13.5993 -0.749633 14
    endloop
  endfacet
  facet normal 0.514355 0.857578 0
    outer loop
      vertex 13.5278 -0.706749 14
      vertex 13.5993 -0.749633 0
      vertex 13.5278 -0.706749 0
    endloop
  endfacet
  facet normal -0.903826 0.427899 0
    outer loop
      vertex 14.7496 -0.400687 0
      vertex 14.7853 -0.32528 14
      vertex 14.7853 -0.32528 0
    endloop
  endfacet
  facet normal -0.903826 0.427899 0
    outer loop
      vertex 14.7853 -0.32528 14
      vertex 14.7496 -0.400687 0
      vertex 14.7496 -0.400687 14
    endloop
  endfacet
  facet normal -0.146746 0.989174 0
    outer loop
      vertex 14.1658 -0.833667 0
      vertex 14.0833 -0.845906 14
      vertex 14.1658 -0.833667 14
    endloop
  endfacet
  facet normal -0.146746 0.989174 0
    outer loop
      vertex 14.0833 -0.845906 14
      vertex 14.1658 -0.833667 0
      vertex 14.0833 -0.845906 0
    endloop
  endfacet
  facet normal 0.243032 -0.970018 0
    outer loop
      vertex 13.7533 0.813398 0
      vertex 13.8342 0.833667 14
      vertex 13.7533 0.813398 14
    endloop
  endfacet
  facet normal 0.243032 -0.970018 0
    outer loop
      vertex 13.8342 0.833667 14
      vertex 13.7533 0.813398 0
      vertex 13.8342 0.833667 0
    endloop
  endfacet
  facet normal 0.857642 -0.514247 0
    outer loop
      vertex 13.2504 0.400687 14
      vertex 13.2933 0.472234 0
      vertex 13.2933 0.472234 14
    endloop
  endfacet
  facet normal 0.857642 -0.514247 0
    outer loop
      vertex 13.2933 0.472234 0
      vertex 13.2504 0.400687 14
      vertex 13.2504 0.400687 0
    endloop
  endfacet
  facet normal -0.857642 0.514247 0
    outer loop
      vertex 14.7067 -0.472234 0
      vertex 14.7496 -0.400687 14
      vertex 14.7496 -0.400687 0
    endloop
  endfacet
  facet normal -0.857642 0.514247 0
    outer loop
      vertex 14.7496 -0.400687 14
      vertex 14.7067 -0.472234 0
      vertex 14.7067 -0.472234 14
    endloop
  endfacet
  facet normal 0.336651 0.94163 -0
    outer loop
      vertex 13.7533 -0.813398 0
      vertex 13.6747 -0.785297 14
      vertex 13.7533 -0.813398 14
    endloop
  endfacet
  facet normal 0.336651 0.94163 0
    outer loop
      vertex 13.6747 -0.785297 14
      vertex 13.7533 -0.813398 0
      vertex 13.6747 -0.785297 0
    endloop
  endfacet
  facet normal 0.74046 -0.6721 0
    outer loop
      vertex 13.3429 0.539234 14
      vertex 13.399 0.60104 0
      vertex 13.399 0.60104 14
    endloop
  endfacet
  facet normal 0.74046 -0.6721 0
    outer loop
      vertex 13.399 0.60104 0
      vertex 13.3429 0.539234 14
      vertex 13.3429 0.539234 0
    endloop
  endfacet
  facet normal 0.671603 0.740911 -0
    outer loop
      vertex 13.4608 -0.657059 0
      vertex 13.399 -0.60104 14
      vertex 13.4608 -0.657059 14
    endloop
  endfacet
  facet normal 0.671603 0.740911 0
    outer loop
      vertex 13.399 -0.60104 14
      vertex 13.4608 -0.657059 0
      vertex 13.399 -0.60104 0
    endloop
  endfacet
  facet normal 0.514355 -0.857578 0
    outer loop
      vertex 13.5278 0.706749 0
      vertex 13.5993 0.749633 14
      vertex 13.5278 0.706749 14
    endloop
  endfacet
  facet normal 0.514355 -0.857578 0
    outer loop
      vertex 13.5993 0.749633 14
      vertex 13.5278 0.706749 0
      vertex 13.5993 0.749633 0
    endloop
  endfacet
  facet normal 0.969941 0.243339 0
    outer loop
      vertex 13.1866 -0.246741 14
      vertex 13.1663 -0.165826 0
      vertex 13.1663 -0.165826 14
    endloop
  endfacet
  facet normal 0.969941 0.243339 0
    outer loop
      vertex 13.1663 -0.165826 0
      vertex 13.1866 -0.246741 14
      vertex 13.1866 -0.246741 0
    endloop
  endfacet
  facet normal -0.336651 -0.94163 0
    outer loop
      vertex 14.2467 0.813398 0
      vertex 14.3253 0.785297 14
      vertex 14.2467 0.813398 14
    endloop
  endfacet
  facet normal -0.336651 -0.94163 -0
    outer loop
      vertex 14.3253 0.785297 14
      vertex 14.2467 0.813398 0
      vertex 14.3253 0.785297 0
    endloop
  endfacet
  facet normal 0.803727 -0.594998 0
    outer loop
      vertex 13.2933 0.472234 14
      vertex 13.3429 0.539234 0
      vertex 13.3429 0.539234 14
    endloop
  endfacet
  facet normal 0.803727 -0.594998 0
    outer loop
      vertex 13.3429 0.539234 0
      vertex 13.2933 0.472234 14
      vertex 13.2933 0.472234 0
    endloop
  endfacet
  facet normal 0.989245 -0.146267 0
    outer loop
      vertex 13.1541 0.0833139 14
      vertex 13.1663 0.165826 0
      vertex 13.1663 0.165826 14
    endloop
  endfacet
  facet normal 0.989245 -0.146267 0
    outer loop
      vertex 13.1663 0.165826 0
      vertex 13.1541 0.0833139 14
      vertex 13.1541 0.0833139 0
    endloop
  endfacet
  facet normal 0.671603 -0.740911 0
    outer loop
      vertex 13.399 0.60104 0
      vertex 13.4608 0.657059 14
      vertex 13.399 0.60104 14
    endloop
  endfacet
  facet normal 0.671603 -0.740911 0
    outer loop
      vertex 13.4608 0.657059 14
      vertex 13.399 0.60104 0
      vertex 13.4608 0.657059 0
    endloop
  endfacet
  facet normal 0.803727 0.594998 0
    outer loop
      vertex 13.3429 -0.539234 14
      vertex 13.2933 -0.472234 0
      vertex 13.2933 -0.472234 14
    endloop
  endfacet
  facet normal 0.803727 0.594998 0
    outer loop
      vertex 13.2933 -0.472234 0
      vertex 13.3429 -0.539234 14
      vertex 13.3429 -0.539234 0
    endloop
  endfacet
  facet normal 0.857642 0.514247 0
    outer loop
      vertex 13.2933 -0.472234 14
      vertex 13.2504 -0.400687 0
      vertex 13.2504 -0.400687 14
    endloop
  endfacet
  facet normal 0.857642 0.514247 0
    outer loop
      vertex 13.2504 -0.400687 0
      vertex 13.2933 -0.472234 14
      vertex 13.2933 -0.472234 0
    endloop
  endfacet
  facet normal 0.0490764 -0.998795 0
    outer loop
      vertex 13.9167 0.845906 0
      vertex 14 0.849999 14
      vertex 13.9167 0.845906 14
    endloop
  endfacet
  facet normal 0.0490764 -0.998795 0
    outer loop
      vertex 14 0.849999 14
      vertex 13.9167 0.845906 0
      vertex 14 0.849999 0
    endloop
  endfacet
  facet normal 0.998791 0.049152 0
    outer loop
      vertex 13.1541 -0.0833139 14
      vertex 13.15 0 0
      vertex 13.15 0 14
    endloop
  endfacet
  facet normal 0.998791 0.049152 0
    outer loop
      vertex 13.15 0 0
      vertex 13.1541 -0.0833139 14
      vertex 13.1541 -0.0833139 0
    endloop
  endfacet
  facet normal 0.336651 -0.94163 0
    outer loop
      vertex 13.6747 0.785297 0
      vertex 13.7533 0.813398 14
      vertex 13.6747 0.785297 14
    endloop
  endfacet
  facet normal 0.336651 -0.94163 0
    outer loop
      vertex 13.7533 0.813398 14
      vertex 13.6747 0.785297 0
      vertex 13.7533 0.813398 0
    endloop
  endfacet
  facet normal -0.74046 -0.6721 0
    outer loop
      vertex 14.6571 0.539234 0
      vertex 14.601 0.60104 14
      vertex 14.601 0.60104 0
    endloop
  endfacet
  facet normal -0.74046 -0.6721 0
    outer loop
      vertex 14.601 0.60104 14
      vertex 14.6571 0.539234 0
      vertex 14.6571 0.539234 14
    endloop
  endfacet
  facet normal -0.671603 -0.740911 0
    outer loop
      vertex 14.5392 0.657059 0
      vertex 14.601 0.60104 14
      vertex 14.5392 0.657059 14
    endloop
  endfacet
  facet normal -0.671603 -0.740911 -0
    outer loop
      vertex 14.601 0.60104 14
      vertex 14.5392 0.657059 0
      vertex 14.601 0.60104 0
    endloop
  endfacet
  facet normal -0.989158 0.146854 0
    outer loop
      vertex -16.3327 -0.331653 0
      vertex -16.3082 -0.166629 14
      vertex -16.3082 -0.166629 0
    endloop
  endfacet
  facet normal -0.989158 0.146854 0
    outer loop
      vertex -16.3082 -0.166629 14
      vertex -16.3327 -0.331653 0
      vertex -16.3327 -0.331653 14
    endloop
  endfacet
  facet normal -0.998791 0.0491516 0
    outer loop
      vertex -16.3082 -0.166629 0
      vertex -16.3 0 14
      vertex -16.3 0 0
    endloop
  endfacet
  facet normal -0.998791 0.0491516 0
    outer loop
      vertex -16.3 0 14
      vertex -16.3082 -0.166629 0
      vertex -16.3082 -0.166629 14
    endloop
  endfacet
  facet normal -0.970083 0.242774 0
    outer loop
      vertex -16.3732 -0.493484 0
      vertex -16.3327 -0.331653 14
      vertex -16.3327 -0.331653 0
    endloop
  endfacet
  facet normal -0.970083 0.242774 0
    outer loop
      vertex -16.3327 -0.331653 14
      vertex -16.3732 -0.493484 0
      vertex -16.3732 -0.493484 14
    endloop
  endfacet
  facet normal -0.42754 -0.903996 0
    outer loop
      vertex -17.3494 1.57059 0
      vertex -17.1986 1.49927 14
      vertex -17.3494 1.57059 14
    endloop
  endfacet
  facet normal -0.42754 -0.903996 -0
    outer loop
      vertex -17.1986 1.49927 14
      vertex -17.3494 1.57059 0
      vertex -17.1986 1.49927 0
    endloop
  endfacet
  facet normal 0.0491004 0.998794 -0
    outer loop
      vertex -18 -1.7 0
      vertex -18.1666 -1.69181 14
      vertex -18 -1.7 14
    endloop
  endfacet
  facet normal 0.0491004 0.998794 0
    outer loop
      vertex -18.1666 -1.69181 14
      vertex -18 -1.7 0
      vertex -18.1666 -1.69181 0
    endloop
  endfacet
  facet normal 0.42754 0.903996 -0
    outer loop
      vertex -18.6506 -1.57059 0
      vertex -18.8014 -1.49927 14
      vertex -18.6506 -1.57059 14
    endloop
  endfacet
  facet normal 0.42754 0.903996 0
    outer loop
      vertex -18.8014 -1.49927 14
      vertex -18.6506 -1.57059 0
      vertex -18.8014 -1.49927 0
    endloop
  endfacet
  facet normal -0.741051 0.671448 0
    outer loop
      vertex -16.7979 -1.20208 0
      vertex -16.6859 -1.07847 14
      vertex -16.6859 -1.07847 0
    endloop
  endfacet
  facet normal -0.741051 0.671448 0
    outer loop
      vertex -16.6859 -1.07847 14
      vertex -16.7979 -1.20208 0
      vertex -16.7979 -1.20208 14
    endloop
  endfacet
  facet normal 0.14667 -0.989185 0
    outer loop
      vertex -18.3317 1.66733 0
      vertex -18.1666 1.69181 14
      vertex -18.3317 1.66733 14
    endloop
  endfacet
  facet normal 0.14667 -0.989185 0
    outer loop
      vertex -18.1666 1.69181 14
      vertex -18.3317 1.66733 0
      vertex -18.1666 1.69181 0
    endloop
  endfacet
  facet normal -0.42754 0.903996 0
    outer loop
      vertex -17.1986 -1.49927 0
      vertex -17.3494 -1.57059 14
      vertex -17.1986 -1.49927 14
    endloop
  endfacet
  facet normal -0.42754 0.903996 0
    outer loop
      vertex -17.3494 -1.57059 14
      vertex -17.1986 -1.49927 0
      vertex -17.3494 -1.57059 0
    endloop
  endfacet
  facet normal 0.14667 0.989185 -0
    outer loop
      vertex -18.1666 -1.69181 0
      vertex -18.3317 -1.66733 14
      vertex -18.1666 -1.69181 14
    endloop
  endfacet
  facet normal 0.14667 0.989185 0
    outer loop
      vertex -18.3317 -1.66733 14
      vertex -18.1666 -1.69181 0
      vertex -18.3317 -1.66733 0
    endloop
  endfacet
  facet normal -0.242987 -0.97003 0
    outer loop
      vertex -17.6683 1.66733 0
      vertex -17.5065 1.6268 14
      vertex -17.6683 1.66733 14
    endloop
  endfacet
  facet normal -0.242987 -0.97003 -0
    outer loop
      vertex -17.5065 1.6268 14
      vertex -17.6683 1.66733 0
      vertex -17.5065 1.6268 0
    endloop
  endfacet
  facet normal 0.595695 0.803211 -0
    outer loop
      vertex -18.9445 -1.4135 0
      vertex -19.0785 -1.31412 14
      vertex -18.9445 -1.4135 14
    endloop
  endfacet
  facet normal 0.595695 0.803211 0
    outer loop
      vertex -19.0785 -1.31412 14
      vertex -18.9445 -1.4135 0
      vertex -19.0785 -1.31412 0
    endloop
  endfacet
  facet normal 0.904057 0.427412 0
    outer loop
      vertex -19.4993 -0.801374 14
      vertex -19.5706 -0.650561 0
      vertex -19.5706 -0.650561 14
    endloop
  endfacet
  facet normal 0.904057 0.427412 0
    outer loop
      vertex -19.5706 -0.650561 0
      vertex -19.4993 -0.801374 14
      vertex -19.4993 -0.801374 0
    endloop
  endfacet
  facet normal 0.42754 -0.903996 0
    outer loop
      vertex -18.8014 1.49927 0
      vertex -18.6506 1.57059 14
      vertex -18.8014 1.49927 14
    endloop
  endfacet
  facet normal 0.42754 -0.903996 0
    outer loop
      vertex -18.6506 1.57059 14
      vertex -18.8014 1.49927 0
      vertex -18.6506 1.57059 0
    endloop
  endfacet
  facet normal 0.595695 -0.803211 0
    outer loop
      vertex -19.0785 1.31412 0
      vertex -18.9445 1.4135 14
      vertex -19.0785 1.31412 14
    endloop
  endfacet
  facet normal 0.595695 -0.803211 0
    outer loop
      vertex -18.9445 1.4135 14
      vertex -19.0785 1.31412 0
      vertex -18.9445 1.4135 0
    endloop
  endfacet
  facet normal 0.904057 -0.427412 0
    outer loop
      vertex -19.5706 0.650561 14
      vertex -19.4993 0.801374 0
      vertex -19.4993 0.801374 14
    endloop
  endfacet
  facet normal 0.904057 -0.427412 0
    outer loop
      vertex -19.4993 0.801374 0
      vertex -19.5706 0.650561 14
      vertex -19.5706 0.650561 0
    endloop
  endfacet
  facet normal -0.514099 0.857731 0
    outer loop
      vertex -17.0555 -1.4135 0
      vertex -17.1986 -1.49927 14
      vertex -17.0555 -1.4135 14
    endloop
  endfacet
  facet normal -0.514099 0.857731 0
    outer loop
      vertex -17.1986 -1.49927 14
      vertex -17.0555 -1.4135 0
      vertex -17.1986 -1.49927 0
    endloop
  endfacet
  facet normal 0.998791 -0.0491516 0
    outer loop
      vertex -19.7 0 14
      vertex -19.6918 0.166629 0
      vertex -19.6918 0.166629 14
    endloop
  endfacet
  facet normal 0.998791 -0.0491516 0
    outer loop
      vertex -19.6918 0.166629 0
      vertex -19.7 0 14
      vertex -19.7 0 0
    endloop
  endfacet
  facet normal 0.336883 -0.941546 0
    outer loop
      vertex -18.6506 1.57059 0
      vertex -18.4935 1.6268 14
      vertex -18.6506 1.57059 14
    endloop
  endfacet
  facet normal 0.336883 -0.941546 0
    outer loop
      vertex -18.4935 1.6268 14
      vertex -18.6506 1.57059 0
      vertex -18.4935 1.6268 0
    endloop
  endfacet
  facet normal -0.595695 0.803211 0
    outer loop
      vertex -16.9215 -1.31412 0
      vertex -17.0555 -1.4135 14
      vertex -16.9215 -1.31412 14
    endloop
  endfacet
  facet normal -0.595695 0.803211 0
    outer loop
      vertex -17.0555 -1.4135 14
      vertex -16.9215 -1.31412 0
      vertex -17.0555 -1.4135 0
    endloop
  endfacet
  facet normal -0.970083 -0.242774 0
    outer loop
      vertex -16.3327 0.331653 0
      vertex -16.3732 0.493484 14
      vertex -16.3732 0.493484 0
    endloop
  endfacet
  facet normal -0.970083 -0.242774 0
    outer loop
      vertex -16.3732 0.493484 14
      vertex -16.3327 0.331653 0
      vertex -16.3327 0.331653 14
    endloop
  endfacet
  facet normal 0.514099 0.857731 -0
    outer loop
      vertex -18.8014 -1.49927 0
      vertex -18.9445 -1.4135 14
      vertex -18.8014 -1.49927 14
    endloop
  endfacet
  facet normal 0.514099 0.857731 0
    outer loop
      vertex -18.9445 -1.4135 14
      vertex -18.8014 -1.49927 0
      vertex -18.9445 -1.4135 0
    endloop
  endfacet
  facet normal 0.94155 -0.336874 0
    outer loop
      vertex -19.6268 0.493484 14
      vertex -19.5706 0.650561 0
      vertex -19.5706 0.650561 14
    endloop
  endfacet
  facet normal 0.94155 -0.336874 0
    outer loop
      vertex -19.5706 0.650561 0
      vertex -19.6268 0.493484 14
      vertex -19.6268 0.493484 0
    endloop
  endfacet
  facet normal -0.242987 0.97003 0
    outer loop
      vertex -17.5065 -1.6268 0
      vertex -17.6683 -1.66733 14
      vertex -17.5065 -1.6268 14
    endloop
  endfacet
  facet normal -0.242987 0.97003 0
    outer loop
      vertex -17.6683 -1.66733 14
      vertex -17.5065 -1.6268 0
      vertex -17.6683 -1.66733 0
    endloop
  endfacet
  facet normal 0.741051 0.671448 0
    outer loop
      vertex -19.2021 -1.20208 14
      vertex -19.3141 -1.07847 0
      vertex -19.3141 -1.07847 14
    endloop
  endfacet
  facet normal 0.741051 0.671448 0
    outer loop
      vertex -19.3141 -1.07847 0
      vertex -19.2021 -1.20208 14
      vertex -19.2021 -1.20208 0
    endloop
  endfacet
  facet normal -0.0491004 -0.998794 0
    outer loop
      vertex -18 1.7 0
      vertex -17.8334 1.69181 14
      vertex -18 1.7 14
    endloop
  endfacet
  facet normal -0.0491004 -0.998794 -0
    outer loop
      vertex -17.8334 1.69181 14
      vertex -18 1.7 0
      vertex -17.8334 1.69181 0
    endloop
  endfacet
  facet normal -0.803158 0.595766 0
    outer loop
      vertex -16.6859 -1.07847 0
      vertex -16.5865 -0.944468 14
      vertex -16.5865 -0.944468 0
    endloop
  endfacet
  facet normal -0.803158 0.595766 0
    outer loop
      vertex -16.5865 -0.944468 14
      vertex -16.6859 -1.07847 0
      vertex -16.6859 -1.07847 14
    endloop
  endfacet
  facet normal 0.970083 -0.242774 0
    outer loop
      vertex -19.6673 0.331653 14
      vertex -19.6268 0.493484 0
      vertex -19.6268 0.493484 14
    endloop
  endfacet
  facet normal 0.970083 -0.242774 0
    outer loop
      vertex -19.6268 0.493484 0
      vertex -19.6673 0.331653 14
      vertex -19.6673 0.331653 0
    endloop
  endfacet
  facet normal -0.989158 -0.146854 0
    outer loop
      vertex -16.3082 0.166629 0
      vertex -16.3327 0.331653 14
      vertex -16.3327 0.331653 0
    endloop
  endfacet
  facet normal -0.989158 -0.146854 0
    outer loop
      vertex -16.3327 0.331653 14
      vertex -16.3082 0.166629 0
      vertex -16.3082 0.166629 14
    endloop
  endfacet
  facet normal -0.514099 -0.857731 0
    outer loop
      vertex -17.1986 1.49927 0
      vertex -17.0555 1.4135 14
      vertex -17.1986 1.49927 14
    endloop
  endfacet
  facet normal -0.514099 -0.857731 -0
    outer loop
      vertex -17.0555 1.4135 14
      vertex -17.1986 1.49927 0
      vertex -17.0555 1.4135 0
    endloop
  endfacet
  facet normal 0.94155 0.336874 0
    outer loop
      vertex -19.5706 -0.650561 14
      vertex -19.6268 -0.493484 0
      vertex -19.6268 -0.493484 14
    endloop
  endfacet
  facet normal 0.94155 0.336874 0
    outer loop
      vertex -19.6268 -0.493484 0
      vertex -19.5706 -0.650561 14
      vertex -19.5706 -0.650561 0
    endloop
  endfacet
  facet normal -0.67161 0.740905 0
    outer loop
      vertex -16.7979 -1.20208 0
      vertex -16.9215 -1.31412 14
      vertex -16.7979 -1.20208 14
    endloop
  endfacet
  facet normal -0.67161 0.740905 0
    outer loop
      vertex -16.9215 -1.31412 14
      vertex -16.7979 -1.20208 0
      vertex -16.9215 -1.31412 0
    endloop
  endfacet
  facet normal 0.989158 0.146854 0
    outer loop
      vertex -19.6673 -0.331653 14
      vertex -19.6918 -0.166629 0
      vertex -19.6918 -0.166629 14
    endloop
  endfacet
  facet normal 0.989158 0.146854 0
    outer loop
      vertex -19.6918 -0.166629 0
      vertex -19.6673 -0.331653 14
      vertex -19.6673 -0.331653 0
    endloop
  endfacet
  facet normal -0.904057 -0.427412 0
    outer loop
      vertex -16.4294 0.650561 0
      vertex -16.5007 0.801374 14
      vertex -16.5007 0.801374 0
    endloop
  endfacet
  facet normal -0.904057 -0.427412 0
    outer loop
      vertex -16.5007 0.801374 14
      vertex -16.4294 0.650561 0
      vertex -16.4294 0.650561 14
    endloop
  endfacet
  facet normal -0.336883 0.941546 0
    outer loop
      vertex -17.3494 -1.57059 0
      vertex -17.5065 -1.6268 14
      vertex -17.3494 -1.57059 14
    endloop
  endfacet
  facet normal -0.336883 0.941546 0
    outer loop
      vertex -17.5065 -1.6268 14
      vertex -17.3494 -1.57059 0
      vertex -17.5065 -1.6268 0
    endloop
  endfacet
  facet normal -0.998791 -0.0491516 0
    outer loop
      vertex -16.3 0 0
      vertex -16.3082 0.166629 14
      vertex -16.3082 0.166629 0
    endloop
  endfacet
  facet normal -0.998791 -0.0491516 0
    outer loop
      vertex -16.3082 0.166629 14
      vertex -16.3 0 0
      vertex -16.3 0 14
    endloop
  endfacet
  facet normal -0.14667 -0.989185 0
    outer loop
      vertex -17.8334 1.69181 0
      vertex -17.6683 1.66733 14
      vertex -17.8334 1.69181 14
    endloop
  endfacet
  facet normal -0.14667 -0.989185 -0
    outer loop
      vertex -17.6683 1.66733 14
      vertex -17.8334 1.69181 0
      vertex -17.6683 1.66733 0
    endloop
  endfacet
  facet normal -0.94155 0.336874 0
    outer loop
      vertex -16.4294 -0.650561 0
      vertex -16.3732 -0.493484 14
      vertex -16.3732 -0.493484 0
    endloop
  endfacet
  facet normal -0.94155 0.336874 0
    outer loop
      vertex -16.3732 -0.493484 14
      vertex -16.4294 -0.650561 0
      vertex -16.4294 -0.650561 14
    endloop
  endfacet
  facet normal -0.803158 -0.595766 0
    outer loop
      vertex -16.5865 0.944468 0
      vertex -16.6859 1.07847 14
      vertex -16.6859 1.07847 0
    endloop
  endfacet
  facet normal -0.803158 -0.595766 0
    outer loop
      vertex -16.6859 1.07847 14
      vertex -16.5865 0.944468 0
      vertex -16.5865 0.944468 14
    endloop
  endfacet
  facet normal -0.857642 -0.514247 0
    outer loop
      vertex -16.5007 0.801374 0
      vertex -16.5865 0.944468 14
      vertex -16.5865 0.944468 0
    endloop
  endfacet
  facet normal -0.857642 -0.514247 0
    outer loop
      vertex -16.5865 0.944468 14
      vertex -16.5007 0.801374 0
      vertex -16.5007 0.801374 14
    endloop
  endfacet
  facet normal 0.242987 0.97003 -0
    outer loop
      vertex -18.3317 -1.66733 0
      vertex -18.4935 -1.6268 14
      vertex -18.3317 -1.66733 14
    endloop
  endfacet
  facet normal 0.242987 0.97003 0
    outer loop
      vertex -18.4935 -1.6268 14
      vertex -18.3317 -1.66733 0
      vertex -18.4935 -1.6268 0
    endloop
  endfacet
  facet normal -0.94155 -0.336874 0
    outer loop
      vertex -16.3732 0.493484 0
      vertex -16.4294 0.650561 14
      vertex -16.4294 0.650561 0
    endloop
  endfacet
  facet normal -0.94155 -0.336874 0
    outer loop
      vertex -16.4294 0.650561 14
      vertex -16.3732 0.493484 0
      vertex -16.3732 0.493484 14
    endloop
  endfacet
  facet normal -0.0491004 0.998794 0
    outer loop
      vertex -17.8334 -1.69181 0
      vertex -18 -1.7 14
      vertex -17.8334 -1.69181 14
    endloop
  endfacet
  facet normal -0.0491004 0.998794 0
    outer loop
      vertex -18 -1.7 14
      vertex -17.8334 -1.69181 0
      vertex -18 -1.7 0
    endloop
  endfacet
  facet normal -0.904057 0.427412 0
    outer loop
      vertex -16.5007 -0.801374 0
      vertex -16.4294 -0.650561 14
      vertex -16.4294 -0.650561 0
    endloop
  endfacet
  facet normal -0.904057 0.427412 0
    outer loop
      vertex -16.4294 -0.650561 14
      vertex -16.5007 -0.801374 0
      vertex -16.5007 -0.801374 14
    endloop
  endfacet
  facet normal -0.14667 0.989185 0
    outer loop
      vertex -17.6683 -1.66733 0
      vertex -17.8334 -1.69181 14
      vertex -17.6683 -1.66733 14
    endloop
  endfacet
  facet normal -0.14667 0.989185 0
    outer loop
      vertex -17.8334 -1.69181 14
      vertex -17.6683 -1.66733 0
      vertex -17.8334 -1.69181 0
    endloop
  endfacet
  facet normal 0.242987 -0.97003 0
    outer loop
      vertex -18.4935 1.6268 0
      vertex -18.3317 1.66733 14
      vertex -18.4935 1.6268 14
    endloop
  endfacet
  facet normal 0.242987 -0.97003 0
    outer loop
      vertex -18.3317 1.66733 14
      vertex -18.4935 1.6268 0
      vertex -18.3317 1.66733 0
    endloop
  endfacet
  facet normal 0.857642 -0.514247 0
    outer loop
      vertex -19.4993 0.801374 14
      vertex -19.4135 0.944468 0
      vertex -19.4135 0.944468 14
    endloop
  endfacet
  facet normal 0.857642 -0.514247 0
    outer loop
      vertex -19.4135 0.944468 0
      vertex -19.4993 0.801374 14
      vertex -19.4993 0.801374 0
    endloop
  endfacet
  facet normal -0.857642 0.514247 0
    outer loop
      vertex -16.5865 -0.944468 0
      vertex -16.5007 -0.801374 14
      vertex -16.5007 -0.801374 0
    endloop
  endfacet
  facet normal -0.857642 0.514247 0
    outer loop
      vertex -16.5007 -0.801374 14
      vertex -16.5865 -0.944468 0
      vertex -16.5865 -0.944468 14
    endloop
  endfacet
  facet normal 0.336883 0.941546 -0
    outer loop
      vertex -18.4935 -1.6268 0
      vertex -18.6506 -1.57059 14
      vertex -18.4935 -1.6268 14
    endloop
  endfacet
  facet normal 0.336883 0.941546 0
    outer loop
      vertex -18.6506 -1.57059 14
      vertex -18.4935 -1.6268 0
      vertex -18.6506 -1.57059 0
    endloop
  endfacet
  facet normal 0.741051 -0.671448 0
    outer loop
      vertex -19.3141 1.07847 14
      vertex -19.2021 1.20208 0
      vertex -19.2021 1.20208 14
    endloop
  endfacet
  facet normal 0.741051 -0.671448 0
    outer loop
      vertex -19.2021 1.20208 0
      vertex -19.3141 1.07847 14
      vertex -19.3141 1.07847 0
    endloop
  endfacet
  facet normal 0.67161 0.740905 -0
    outer loop
      vertex -19.0785 -1.31412 0
      vertex -19.2021 -1.20208 14
      vertex -19.0785 -1.31412 14
    endloop
  endfacet
  facet normal 0.67161 0.740905 0
    outer loop
      vertex -19.2021 -1.20208 14
      vertex -19.0785 -1.31412 0
      vertex -19.2021 -1.20208 0
    endloop
  endfacet
  facet normal 0.514099 -0.857731 0
    outer loop
      vertex -18.9445 1.4135 0
      vertex -18.8014 1.49927 14
      vertex -18.9445 1.4135 14
    endloop
  endfacet
  facet normal 0.514099 -0.857731 0
    outer loop
      vertex -18.8014 1.49927 14
      vertex -18.9445 1.4135 0
      vertex -18.8014 1.49927 0
    endloop
  endfacet
  facet normal 0.970083 0.242774 0
    outer loop
      vertex -19.6268 -0.493484 14
      vertex -19.6673 -0.331653 0
      vertex -19.6673 -0.331653 14
    endloop
  endfacet
  facet normal 0.970083 0.242774 0
    outer loop
      vertex -19.6673 -0.331653 0
      vertex -19.6268 -0.493484 14
      vertex -19.6268 -0.493484 0
    endloop
  endfacet
  facet normal -0.336883 -0.941546 0
    outer loop
      vertex -17.5065 1.6268 0
      vertex -17.3494 1.57059 14
      vertex -17.5065 1.6268 14
    endloop
  endfacet
  facet normal -0.336883 -0.941546 -0
    outer loop
      vertex -17.3494 1.57059 14
      vertex -17.5065 1.6268 0
      vertex -17.3494 1.57059 0
    endloop
  endfacet
  facet normal 0.803158 -0.595766 0
    outer loop
      vertex -19.4135 0.944468 14
      vertex -19.3141 1.07847 0
      vertex -19.3141 1.07847 14
    endloop
  endfacet
  facet normal 0.803158 -0.595766 0
    outer loop
      vertex -19.3141 1.07847 0
      vertex -19.4135 0.944468 14
      vertex -19.4135 0.944468 0
    endloop
  endfacet
  facet normal 0.989158 -0.146854 0
    outer loop
      vertex -19.6918 0.166629 14
      vertex -19.6673 0.331653 0
      vertex -19.6673 0.331653 14
    endloop
  endfacet
  facet normal 0.989158 -0.146854 0
    outer loop
      vertex -19.6673 0.331653 0
      vertex -19.6918 0.166629 14
      vertex -19.6918 0.166629 0
    endloop
  endfacet
  facet normal -0.595695 -0.803211 0
    outer loop
      vertex -17.0555 1.4135 0
      vertex -16.9215 1.31412 14
      vertex -17.0555 1.4135 14
    endloop
  endfacet
  facet normal -0.595695 -0.803211 -0
    outer loop
      vertex -16.9215 1.31412 14
      vertex -17.0555 1.4135 0
      vertex -16.9215 1.31412 0
    endloop
  endfacet
  facet normal 0.67161 -0.740905 0
    outer loop
      vertex -19.2021 1.20208 0
      vertex -19.0785 1.31412 14
      vertex -19.2021 1.20208 14
    endloop
  endfacet
  facet normal 0.67161 -0.740905 0
    outer loop
      vertex -19.0785 1.31412 14
      vertex -19.2021 1.20208 0
      vertex -19.0785 1.31412 0
    endloop
  endfacet
  facet normal 0.803158 0.595766 0
    outer loop
      vertex -19.3141 -1.07847 14
      vertex -19.4135 -0.944468 0
      vertex -19.4135 -0.944468 14
    endloop
  endfacet
  facet normal 0.803158 0.595766 0
    outer loop
      vertex -19.4135 -0.944468 0
      vertex -19.3141 -1.07847 14
      vertex -19.3141 -1.07847 0
    endloop
  endfacet
  facet normal 0.857642 0.514247 0
    outer loop
      vertex -19.4135 -0.944468 14
      vertex -19.4993 -0.801374 0
      vertex -19.4993 -0.801374 14
    endloop
  endfacet
  facet normal 0.857642 0.514247 0
    outer loop
      vertex -19.4993 -0.801374 0
      vertex -19.4135 -0.944468 14
      vertex -19.4135 -0.944468 0
    endloop
  endfacet
  facet normal 0.0491004 -0.998794 0
    outer loop
      vertex -18.1666 1.69181 0
      vertex -18 1.7 14
      vertex -18.1666 1.69181 14
    endloop
  endfacet
  facet normal 0.0491004 -0.998794 0
    outer loop
      vertex -18 1.7 14
      vertex -18.1666 1.69181 0
      vertex -18 1.7 0
    endloop
  endfacet
  facet normal 0.998791 0.0491516 0
    outer loop
      vertex -19.6918 -0.166629 14
      vertex -19.7 0 0
      vertex -19.7 0 14
    endloop
  endfacet
  facet normal 0.998791 0.0491516 0
    outer loop
      vertex -19.7 0 0
      vertex -19.6918 -0.166629 14
      vertex -19.6918 -0.166629 0
    endloop
  endfacet
  facet normal -0.741051 -0.671448 0
    outer loop
      vertex -16.6859 1.07847 0
      vertex -16.7979 1.20208 14
      vertex -16.7979 1.20208 0
    endloop
  endfacet
  facet normal -0.741051 -0.671448 0
    outer loop
      vertex -16.7979 1.20208 14
      vertex -16.6859 1.07847 0
      vertex -16.6859 1.07847 14
    endloop
  endfacet
  facet normal -0.67161 -0.740905 0
    outer loop
      vertex -16.9215 1.31412 0
      vertex -16.7979 1.20208 14
      vertex -16.9215 1.31412 14
    endloop
  endfacet
  facet normal -0.67161 -0.740905 -0
    outer loop
      vertex -16.7979 1.20208 14
      vertex -16.9215 1.31412 0
      vertex -16.7979 1.20208 0
    endloop
  endfacet
  facet normal -0.989158 0.146854 0
    outer loop
      vertex 19.6673 -0.331653 0
      vertex 19.6918 -0.166629 14
      vertex 19.6918 -0.166629 0
    endloop
  endfacet
  facet normal -0.989158 0.146854 0
    outer loop
      vertex 19.6918 -0.166629 14
      vertex 19.6673 -0.331653 0
      vertex 19.6673 -0.331653 14
    endloop
  endfacet
  facet normal -0.998791 0.0491516 0
    outer loop
      vertex 19.6918 -0.166629 0
      vertex 19.7 0 14
      vertex 19.7 0 0
    endloop
  endfacet
  facet normal -0.998791 0.0491516 0
    outer loop
      vertex 19.7 0 14
      vertex 19.6918 -0.166629 0
      vertex 19.6918 -0.166629 14
    endloop
  endfacet
  facet normal -0.970083 0.242774 0
    outer loop
      vertex 19.6268 -0.493484 0
      vertex 19.6673 -0.331653 14
      vertex 19.6673 -0.331653 0
    endloop
  endfacet
  facet normal -0.970083 0.242774 0
    outer loop
      vertex 19.6673 -0.331653 14
      vertex 19.6268 -0.493484 0
      vertex 19.6268 -0.493484 14
    endloop
  endfacet
  facet normal -0.42754 -0.903996 0
    outer loop
      vertex 18.6506 1.57059 0
      vertex 18.8014 1.49927 14
      vertex 18.6506 1.57059 14
    endloop
  endfacet
  facet normal -0.42754 -0.903996 -0
    outer loop
      vertex 18.8014 1.49927 14
      vertex 18.6506 1.57059 0
      vertex 18.8014 1.49927 0
    endloop
  endfacet
  facet normal 0.0491004 0.998794 -0
    outer loop
      vertex 18 -1.7 0
      vertex 17.8334 -1.69181 14
      vertex 18 -1.7 14
    endloop
  endfacet
  facet normal 0.0491004 0.998794 0
    outer loop
      vertex 17.8334 -1.69181 14
      vertex 18 -1.7 0
      vertex 17.8334 -1.69181 0
    endloop
  endfacet
  facet normal 0.42754 0.903996 -0
    outer loop
      vertex 17.3494 -1.57059 0
      vertex 17.1986 -1.49927 14
      vertex 17.3494 -1.57059 14
    endloop
  endfacet
  facet normal 0.42754 0.903996 0
    outer loop
      vertex 17.1986 -1.49927 14
      vertex 17.3494 -1.57059 0
      vertex 17.1986 -1.49927 0
    endloop
  endfacet
  facet normal -0.741051 0.671448 0
    outer loop
      vertex 19.2021 -1.20208 0
      vertex 19.3141 -1.07847 14
      vertex 19.3141 -1.07847 0
    endloop
  endfacet
  facet normal -0.741051 0.671448 0
    outer loop
      vertex 19.3141 -1.07847 14
      vertex 19.2021 -1.20208 0
      vertex 19.2021 -1.20208 14
    endloop
  endfacet
  facet normal 0.14667 -0.989185 0
    outer loop
      vertex 17.6683 1.66733 0
      vertex 17.8334 1.69181 14
      vertex 17.6683 1.66733 14
    endloop
  endfacet
  facet normal 0.14667 -0.989185 0
    outer loop
      vertex 17.8334 1.69181 14
      vertex 17.6683 1.66733 0
      vertex 17.8334 1.69181 0
    endloop
  endfacet
  facet normal -0.42754 0.903996 0
    outer loop
      vertex 18.8014 -1.49927 0
      vertex 18.6506 -1.57059 14
      vertex 18.8014 -1.49927 14
    endloop
  endfacet
  facet normal -0.42754 0.903996 0
    outer loop
      vertex 18.6506 -1.57059 14
      vertex 18.8014 -1.49927 0
      vertex 18.6506 -1.57059 0
    endloop
  endfacet
  facet normal 0.14667 0.989185 -0
    outer loop
      vertex 17.8334 -1.69181 0
      vertex 17.6683 -1.66733 14
      vertex 17.8334 -1.69181 14
    endloop
  endfacet
  facet normal 0.14667 0.989185 0
    outer loop
      vertex 17.6683 -1.66733 14
      vertex 17.8334 -1.69181 0
      vertex 17.6683 -1.66733 0
    endloop
  endfacet
  facet normal -0.242987 -0.97003 0
    outer loop
      vertex 18.3317 1.66733 0
      vertex 18.4935 1.6268 14
      vertex 18.3317 1.66733 14
    endloop
  endfacet
  facet normal -0.242987 -0.97003 -0
    outer loop
      vertex 18.4935 1.6268 14
      vertex 18.3317 1.66733 0
      vertex 18.4935 1.6268 0
    endloop
  endfacet
  facet normal 0.595695 0.803211 -0
    outer loop
      vertex 17.0555 -1.4135 0
      vertex 16.9215 -1.31412 14
      vertex 17.0555 -1.4135 14
    endloop
  endfacet
  facet normal 0.595695 0.803211 0
    outer loop
      vertex 16.9215 -1.31412 14
      vertex 17.0555 -1.4135 0
      vertex 16.9215 -1.31412 0
    endloop
  endfacet
  facet normal 0.904057 0.427412 0
    outer loop
      vertex 16.5007 -0.801374 14
      vertex 16.4294 -0.650561 0
      vertex 16.4294 -0.650561 14
    endloop
  endfacet
  facet normal 0.904057 0.427412 0
    outer loop
      vertex 16.4294 -0.650561 0
      vertex 16.5007 -0.801374 14
      vertex 16.5007 -0.801374 0
    endloop
  endfacet
  facet normal 0.42754 -0.903996 0
    outer loop
      vertex 17.1986 1.49927 0
      vertex 17.3494 1.57059 14
      vertex 17.1986 1.49927 14
    endloop
  endfacet
  facet normal 0.42754 -0.903996 0
    outer loop
      vertex 17.3494 1.57059 14
      vertex 17.1986 1.49927 0
      vertex 17.3494 1.57059 0
    endloop
  endfacet
  facet normal 0.595695 -0.803211 0
    outer loop
      vertex 16.9215 1.31412 0
      vertex 17.0555 1.4135 14
      vertex 16.9215 1.31412 14
    endloop
  endfacet
  facet normal 0.595695 -0.803211 0
    outer loop
      vertex 17.0555 1.4135 14
      vertex 16.9215 1.31412 0
      vertex 17.0555 1.4135 0
    endloop
  endfacet
  facet normal 0.904057 -0.427412 0
    outer loop
      vertex 16.4294 0.650561 14
      vertex 16.5007 0.801374 0
      vertex 16.5007 0.801374 14
    endloop
  endfacet
  facet normal 0.904057 -0.427412 0
    outer loop
      vertex 16.5007 0.801374 0
      vertex 16.4294 0.650561 14
      vertex 16.4294 0.650561 0
    endloop
  endfacet
  facet normal -0.514099 0.857731 0
    outer loop
      vertex 18.9445 -1.4135 0
      vertex 18.8014 -1.49927 14
      vertex 18.9445 -1.4135 14
    endloop
  endfacet
  facet normal -0.514099 0.857731 0
    outer loop
      vertex 18.8014 -1.49927 14
      vertex 18.9445 -1.4135 0
      vertex 18.8014 -1.49927 0
    endloop
  endfacet
  facet normal 0.998791 -0.0491516 0
    outer loop
      vertex 16.3 0 14
      vertex 16.3082 0.166629 0
      vertex 16.3082 0.166629 14
    endloop
  endfacet
  facet normal 0.998791 -0.0491516 0
    outer loop
      vertex 16.3082 0.166629 0
      vertex 16.3 0 14
      vertex 16.3 0 0
    endloop
  endfacet
  facet normal -0.595695 0.803211 0
    outer loop
      vertex 19.0785 -1.31412 0
      vertex 18.9445 -1.4135 14
      vertex 19.0785 -1.31412 14
    endloop
  endfacet
  facet normal -0.595695 0.803211 0
    outer loop
      vertex 18.9445 -1.4135 14
      vertex 19.0785 -1.31412 0
      vertex 18.9445 -1.4135 0
    endloop
  endfacet
  facet normal -0.970083 -0.242774 0
    outer loop
      vertex 19.6673 0.331653 0
      vertex 19.6268 0.493484 14
      vertex 19.6268 0.493484 0
    endloop
  endfacet
  facet normal -0.970083 -0.242774 0
    outer loop
      vertex 19.6268 0.493484 14
      vertex 19.6673 0.331653 0
      vertex 19.6673 0.331653 14
    endloop
  endfacet
  facet normal 0.94155 -0.336874 0
    outer loop
      vertex 16.3732 0.493484 14
      vertex 16.4294 0.650561 0
      vertex 16.4294 0.650561 14
    endloop
  endfacet
  facet normal 0.94155 -0.336874 0
    outer loop
      vertex 16.4294 0.650561 0
      vertex 16.3732 0.493484 14
      vertex 16.3732 0.493484 0
    endloop
  endfacet
  facet normal -0.242987 0.97003 0
    outer loop
      vertex 18.4935 -1.6268 0
      vertex 18.3317 -1.66733 14
      vertex 18.4935 -1.6268 14
    endloop
  endfacet
  facet normal -0.242987 0.97003 0
    outer loop
      vertex 18.3317 -1.66733 14
      vertex 18.4935 -1.6268 0
      vertex 18.3317 -1.66733 0
    endloop
  endfacet
  facet normal 0.741051 0.671448 0
    outer loop
      vertex 16.7979 -1.20208 14
      vertex 16.6859 -1.07847 0
      vertex 16.6859 -1.07847 14
    endloop
  endfacet
  facet normal 0.741051 0.671448 0
    outer loop
      vertex 16.6859 -1.07847 0
      vertex 16.7979 -1.20208 14
      vertex 16.7979 -1.20208 0
    endloop
  endfacet
  facet normal -0.0491004 -0.998794 0
    outer loop
      vertex 18 1.7 0
      vertex 18.1666 1.69181 14
      vertex 18 1.7 14
    endloop
  endfacet
  facet normal -0.0491004 -0.998794 -0
    outer loop
      vertex 18.1666 1.69181 14
      vertex 18 1.7 0
      vertex 18.1666 1.69181 0
    endloop
  endfacet
  facet normal -0.803158 0.595766 0
    outer loop
      vertex 19.3141 -1.07847 0
      vertex 19.4135 -0.944468 14
      vertex 19.4135 -0.944468 0
    endloop
  endfacet
  facet normal -0.803158 0.595766 0
    outer loop
      vertex 19.4135 -0.944468 14
      vertex 19.3141 -1.07847 0
      vertex 19.3141 -1.07847 14
    endloop
  endfacet
  facet normal 0.970083 -0.242774 0
    outer loop
      vertex 16.3327 0.331653 14
      vertex 16.3732 0.493484 0
      vertex 16.3732 0.493484 14
    endloop
  endfacet
  facet normal 0.970083 -0.242774 0
    outer loop
      vertex 16.3732 0.493484 0
      vertex 16.3327 0.331653 14
      vertex 16.3327 0.331653 0
    endloop
  endfacet
  facet normal -0.989158 -0.146854 0
    outer loop
      vertex 19.6918 0.166629 0
      vertex 19.6673 0.331653 14
      vertex 19.6673 0.331653 0
    endloop
  endfacet
  facet normal -0.989158 -0.146854 0
    outer loop
      vertex 19.6673 0.331653 14
      vertex 19.6918 0.166629 0
      vertex 19.6918 0.166629 14
    endloop
  endfacet
  facet normal -0.514099 -0.857731 0
    outer loop
      vertex 18.8014 1.49927 0
      vertex 18.9445 1.4135 14
      vertex 18.8014 1.49927 14
    endloop
  endfacet
  facet normal -0.514099 -0.857731 -0
    outer loop
      vertex 18.9445 1.4135 14
      vertex 18.8014 1.49927 0
      vertex 18.9445 1.4135 0
    endloop
  endfacet
  facet normal 0.94155 0.336874 0
    outer loop
      vertex 16.4294 -0.650561 14
      vertex 16.3732 -0.493484 0
      vertex 16.3732 -0.493484 14
    endloop
  endfacet
  facet normal 0.94155 0.336874 0
    outer loop
      vertex 16.3732 -0.493484 0
      vertex 16.4294 -0.650561 14
      vertex 16.4294 -0.650561 0
    endloop
  endfacet
  facet normal -0.67161 0.740905 0
    outer loop
      vertex 19.2021 -1.20208 0
      vertex 19.0785 -1.31412 14
      vertex 19.2021 -1.20208 14
    endloop
  endfacet
  facet normal -0.67161 0.740905 0
    outer loop
      vertex 19.0785 -1.31412 14
      vertex 19.2021 -1.20208 0
      vertex 19.0785 -1.31412 0
    endloop
  endfacet
  facet normal 0.989158 0.146854 0
    outer loop
      vertex 16.3327 -0.331653 14
      vertex 16.3082 -0.166629 0
      vertex 16.3082 -0.166629 14
    endloop
  endfacet
  facet normal 0.989158 0.146854 0
    outer loop
      vertex 16.3082 -0.166629 0
      vertex 16.3327 -0.331653 14
      vertex 16.3327 -0.331653 0
    endloop
  endfacet
  facet normal -0.904057 -0.427412 0
    outer loop
      vertex 19.5706 0.650561 0
      vertex 19.4993 0.801374 14
      vertex 19.4993 0.801374 0
    endloop
  endfacet
  facet normal -0.904057 -0.427412 0
    outer loop
      vertex 19.4993 0.801374 14
      vertex 19.5706 0.650561 0
      vertex 19.5706 0.650561 14
    endloop
  endfacet
  facet normal -0.336883 0.941546 0
    outer loop
      vertex 18.6506 -1.57059 0
      vertex 18.4935 -1.6268 14
      vertex 18.6506 -1.57059 14
    endloop
  endfacet
  facet normal -0.336883 0.941546 0
    outer loop
      vertex 18.4935 -1.6268 14
      vertex 18.6506 -1.57059 0
      vertex 18.4935 -1.6268 0
    endloop
  endfacet
  facet normal -0.998791 -0.0491516 0
    outer loop
      vertex 19.7 0 0
      vertex 19.6918 0.166629 14
      vertex 19.6918 0.166629 0
    endloop
  endfacet
  facet normal -0.998791 -0.0491516 0
    outer loop
      vertex 19.6918 0.166629 14
      vertex 19.7 0 0
      vertex 19.7 0 14
    endloop
  endfacet
  facet normal -0.14667 -0.989185 0
    outer loop
      vertex 18.1666 1.69181 0
      vertex 18.3317 1.66733 14
      vertex 18.1666 1.69181 14
    endloop
  endfacet
  facet normal -0.14667 -0.989185 -0
    outer loop
      vertex 18.3317 1.66733 14
      vertex 18.1666 1.69181 0
      vertex 18.3317 1.66733 0
    endloop
  endfacet
  facet normal -0.94155 0.336874 0
    outer loop
      vertex 19.5706 -0.650561 0
      vertex 19.6268 -0.493484 14
      vertex 19.6268 -0.493484 0
    endloop
  endfacet
  facet normal -0.94155 0.336874 0
    outer loop
      vertex 19.6268 -0.493484 14
      vertex 19.5706 -0.650561 0
      vertex 19.5706 -0.650561 14
    endloop
  endfacet
  facet normal -0.803158 -0.595766 0
    outer loop
      vertex 19.4135 0.944468 0
      vertex 19.3141 1.07847 14
      vertex 19.3141 1.07847 0
    endloop
  endfacet
  facet normal -0.803158 -0.595766 0
    outer loop
      vertex 19.3141 1.07847 14
      vertex 19.4135 0.944468 0
      vertex 19.4135 0.944468 14
    endloop
  endfacet
  facet normal -0.857642 -0.514247 0
    outer loop
      vertex 19.4993 0.801374 0
      vertex 19.4135 0.944468 14
      vertex 19.4135 0.944468 0
    endloop
  endfacet
  facet normal -0.857642 -0.514247 0
    outer loop
      vertex 19.4135 0.944468 14
      vertex 19.4993 0.801374 0
      vertex 19.4993 0.801374 14
    endloop
  endfacet
  facet normal 0.242987 0.97003 -0
    outer loop
      vertex 17.6683 -1.66733 0
      vertex 17.5065 -1.6268 14
      vertex 17.6683 -1.66733 14
    endloop
  endfacet
  facet normal 0.242987 0.97003 0
    outer loop
      vertex 17.5065 -1.6268 14
      vertex 17.6683 -1.66733 0
      vertex 17.5065 -1.6268 0
    endloop
  endfacet
  facet normal -0.94155 -0.336874 0
    outer loop
      vertex 19.6268 0.493484 0
      vertex 19.5706 0.650561 14
      vertex 19.5706 0.650561 0
    endloop
  endfacet
  facet normal -0.94155 -0.336874 0
    outer loop
      vertex 19.5706 0.650561 14
      vertex 19.6268 0.493484 0
      vertex 19.6268 0.493484 14
    endloop
  endfacet
  facet normal -0.0491004 0.998794 0
    outer loop
      vertex 18.1666 -1.69181 0
      vertex 18 -1.7 14
      vertex 18.1666 -1.69181 14
    endloop
  endfacet
  facet normal -0.0491004 0.998794 0
    outer loop
      vertex 18 -1.7 14
      vertex 18.1666 -1.69181 0
      vertex 18 -1.7 0
    endloop
  endfacet
  facet normal 0.514099 0.857731 -0
    outer loop
      vertex 17.1986 -1.49927 0
      vertex 17.0555 -1.4135 14
      vertex 17.1986 -1.49927 14
    endloop
  endfacet
  facet normal 0.514099 0.857731 0
    outer loop
      vertex 17.0555 -1.4135 14
      vertex 17.1986 -1.49927 0
      vertex 17.0555 -1.4135 0
    endloop
  endfacet
  facet normal -0.904057 0.427412 0
    outer loop
      vertex 19.4993 -0.801374 0
      vertex 19.5706 -0.650561 14
      vertex 19.5706 -0.650561 0
    endloop
  endfacet
  facet normal -0.904057 0.427412 0
    outer loop
      vertex 19.5706 -0.650561 14
      vertex 19.4993 -0.801374 0
      vertex 19.4993 -0.801374 14
    endloop
  endfacet
  facet normal -0.14667 0.989185 0
    outer loop
      vertex 18.3317 -1.66733 0
      vertex 18.1666 -1.69181 14
      vertex 18.3317 -1.66733 14
    endloop
  endfacet
  facet normal -0.14667 0.989185 0
    outer loop
      vertex 18.1666 -1.69181 14
      vertex 18.3317 -1.66733 0
      vertex 18.1666 -1.69181 0
    endloop
  endfacet
  facet normal 0.242987 -0.97003 0
    outer loop
      vertex 17.5065 1.6268 0
      vertex 17.6683 1.66733 14
      vertex 17.5065 1.6268 14
    endloop
  endfacet
  facet normal 0.242987 -0.97003 0
    outer loop
      vertex 17.6683 1.66733 14
      vertex 17.5065 1.6268 0
      vertex 17.6683 1.66733 0
    endloop
  endfacet
  facet normal 0.857642 -0.514247 0
    outer loop
      vertex 16.5007 0.801374 14
      vertex 16.5865 0.944468 0
      vertex 16.5865 0.944468 14
    endloop
  endfacet
  facet normal 0.857642 -0.514247 0
    outer loop
      vertex 16.5865 0.944468 0
      vertex 16.5007 0.801374 14
      vertex 16.5007 0.801374 0
    endloop
  endfacet
  facet normal -0.857642 0.514247 0
    outer loop
      vertex 19.4135 -0.944468 0
      vertex 19.4993 -0.801374 14
      vertex 19.4993 -0.801374 0
    endloop
  endfacet
  facet normal -0.857642 0.514247 0
    outer loop
      vertex 19.4993 -0.801374 14
      vertex 19.4135 -0.944468 0
      vertex 19.4135 -0.944468 14
    endloop
  endfacet
  facet normal 0.336883 0.941546 -0
    outer loop
      vertex 17.5065 -1.6268 0
      vertex 17.3494 -1.57059 14
      vertex 17.5065 -1.6268 14
    endloop
  endfacet
  facet normal 0.336883 0.941546 0
    outer loop
      vertex 17.3494 -1.57059 14
      vertex 17.5065 -1.6268 0
      vertex 17.3494 -1.57059 0
    endloop
  endfacet
  facet normal 0.741051 -0.671448 0
    outer loop
      vertex 16.6859 1.07847 14
      vertex 16.7979 1.20208 0
      vertex 16.7979 1.20208 14
    endloop
  endfacet
  facet normal 0.741051 -0.671448 0
    outer loop
      vertex 16.7979 1.20208 0
      vertex 16.6859 1.07847 14
      vertex 16.6859 1.07847 0
    endloop
  endfacet
  facet normal 0.67161 0.740905 -0
    outer loop
      vertex 16.9215 -1.31412 0
      vertex 16.7979 -1.20208 14
      vertex 16.9215 -1.31412 14
    endloop
  endfacet
  facet normal 0.67161 0.740905 0
    outer loop
      vertex 16.7979 -1.20208 14
      vertex 16.9215 -1.31412 0
      vertex 16.7979 -1.20208 0
    endloop
  endfacet
  facet normal 0.514099 -0.857731 0
    outer loop
      vertex 17.0555 1.4135 0
      vertex 17.1986 1.49927 14
      vertex 17.0555 1.4135 14
    endloop
  endfacet
  facet normal 0.514099 -0.857731 0
    outer loop
      vertex 17.1986 1.49927 14
      vertex 17.0555 1.4135 0
      vertex 17.1986 1.49927 0
    endloop
  endfacet
  facet normal 0.970083 0.242774 0
    outer loop
      vertex 16.3732 -0.493484 14
      vertex 16.3327 -0.331653 0
      vertex 16.3327 -0.331653 14
    endloop
  endfacet
  facet normal 0.970083 0.242774 0
    outer loop
      vertex 16.3327 -0.331653 0
      vertex 16.3732 -0.493484 14
      vertex 16.3732 -0.493484 0
    endloop
  endfacet
  facet normal -0.336883 -0.941546 0
    outer loop
      vertex 18.4935 1.6268 0
      vertex 18.6506 1.57059 14
      vertex 18.4935 1.6268 14
    endloop
  endfacet
  facet normal -0.336883 -0.941546 -0
    outer loop
      vertex 18.6506 1.57059 14
      vertex 18.4935 1.6268 0
      vertex 18.6506 1.57059 0
    endloop
  endfacet
  facet normal 0.803158 -0.595766 0
    outer loop
      vertex 16.5865 0.944468 14
      vertex 16.6859 1.07847 0
      vertex 16.6859 1.07847 14
    endloop
  endfacet
  facet normal 0.803158 -0.595766 0
    outer loop
      vertex 16.6859 1.07847 0
      vertex 16.5865 0.944468 14
      vertex 16.5865 0.944468 0
    endloop
  endfacet
  facet normal 0.989158 -0.146854 0
    outer loop
      vertex 16.3082 0.166629 14
      vertex 16.3327 0.331653 0
      vertex 16.3327 0.331653 14
    endloop
  endfacet
  facet normal 0.989158 -0.146854 0
    outer loop
      vertex 16.3327 0.331653 0
      vertex 16.3082 0.166629 14
      vertex 16.3082 0.166629 0
    endloop
  endfacet
  facet normal -0.595695 -0.803211 0
    outer loop
      vertex 18.9445 1.4135 0
      vertex 19.0785 1.31412 14
      vertex 18.9445 1.4135 14
    endloop
  endfacet
  facet normal -0.595695 -0.803211 -0
    outer loop
      vertex 19.0785 1.31412 14
      vertex 18.9445 1.4135 0
      vertex 19.0785 1.31412 0
    endloop
  endfacet
  facet normal 0.67161 -0.740905 0
    outer loop
      vertex 16.7979 1.20208 0
      vertex 16.9215 1.31412 14
      vertex 16.7979 1.20208 14
    endloop
  endfacet
  facet normal 0.67161 -0.740905 0
    outer loop
      vertex 16.9215 1.31412 14
      vertex 16.7979 1.20208 0
      vertex 16.9215 1.31412 0
    endloop
  endfacet
  facet normal 0.803158 0.595766 0
    outer loop
      vertex 16.6859 -1.07847 14
      vertex 16.5865 -0.944468 0
      vertex 16.5865 -0.944468 14
    endloop
  endfacet
  facet normal 0.803158 0.595766 0
    outer loop
      vertex 16.5865 -0.944468 0
      vertex 16.6859 -1.07847 14
      vertex 16.6859 -1.07847 0
    endloop
  endfacet
  facet normal 0.857642 0.514247 0
    outer loop
      vertex 16.5865 -0.944468 14
      vertex 16.5007 -0.801374 0
      vertex 16.5007 -0.801374 14
    endloop
  endfacet
  facet normal 0.857642 0.514247 0
    outer loop
      vertex 16.5007 -0.801374 0
      vertex 16.5865 -0.944468 14
      vertex 16.5865 -0.944468 0
    endloop
  endfacet
  facet normal 0.0491004 -0.998794 0
    outer loop
      vertex 17.8334 1.69181 0
      vertex 18 1.7 14
      vertex 17.8334 1.69181 14
    endloop
  endfacet
  facet normal 0.0491004 -0.998794 0
    outer loop
      vertex 18 1.7 14
      vertex 17.8334 1.69181 0
      vertex 18 1.7 0
    endloop
  endfacet
  facet normal 0.998791 0.0491516 0
    outer loop
      vertex 16.3082 -0.166629 14
      vertex 16.3 0 0
      vertex 16.3 0 14
    endloop
  endfacet
  facet normal 0.998791 0.0491516 0
    outer loop
      vertex 16.3 0 0
      vertex 16.3082 -0.166629 14
      vertex 16.3082 -0.166629 0
    endloop
  endfacet
  facet normal 0.336883 -0.941546 0
    outer loop
      vertex 17.3494 1.57059 0
      vertex 17.5065 1.6268 14
      vertex 17.3494 1.57059 14
    endloop
  endfacet
  facet normal 0.336883 -0.941546 0
    outer loop
      vertex 17.5065 1.6268 14
      vertex 17.3494 1.57059 0
      vertex 17.5065 1.6268 0
    endloop
  endfacet
  facet normal -0.741051 -0.671448 0
    outer loop
      vertex 19.3141 1.07847 0
      vertex 19.2021 1.20208 14
      vertex 19.2021 1.20208 0
    endloop
  endfacet
  facet normal -0.741051 -0.671448 0
    outer loop
      vertex 19.2021 1.20208 14
      vertex 19.3141 1.07847 0
      vertex 19.3141 1.07847 14
    endloop
  endfacet
  facet normal -0.67161 -0.740905 0
    outer loop
      vertex 19.0785 1.31412 0
      vertex 19.2021 1.20208 14
      vertex 19.0785 1.31412 14
    endloop
  endfacet
  facet normal -0.67161 -0.740905 -0
    outer loop
      vertex 19.2021 1.20208 14
      vertex 19.0785 1.31412 0
      vertex 19.2021 1.20208 0
    endloop
  endfacet
  facet normal 1 -0 0
    outer loop
      vertex 24 -12 14
      vertex 24 12 0
      vertex 24 12 14
    endloop
  endfacet
  facet normal 1 0 0
    outer loop
      vertex 24 12 0
      vertex 24 -12 14
      vertex 24 -12 0
    endloop
  endfacet
  facet normal 0 1 -0
    outer loop
      vertex 24 12 0
      vertex -24 12 14
      vertex 24 12 14
    endloop
  endfacet
  facet normal 0 1 0
    outer loop
      vertex -24 12 14
      vertex 24 12 0
      vertex -24 12 0
    endloop
  endfacet
  facet normal 0 -1 0
    outer loop
      vertex -24 -12 0
      vertex 24 -12 14
      vertex -24 -12 14
    endloop
  endfacet
  facet normal 0 -1 -0
    outer loop
      vertex 24 -12 14
      vertex -24 -12 0
      vertex 24 -12 0
    endloop
  endfacet
  facet normal -1 0 0
    outer loop
      vertex -24 -12 0
      vertex -24 12 14
      vertex -24 12 0
    endloop
  endfacet
  facet normal -1 -0 0
    outer loop
      vertex -24 12 14
      vertex -24 -12 0
      vertex -24 -12 14
    endloop
  endfacet
  facet normal 0 0 -1
    outer loop
      vertex 24 -12 0
      vertex 19.7 0 0
      vertex 24 12 0
    endloop
  endfacet
  facet normal 0 0 -1
    outer loop
      vertex 24 -12 0
      vertex 19.6918 -0.166629 0
      vertex 19.7 0 0
    endloop
  endfacet
  facet normal 0 0 -1
    outer loop
      vertex 24 -12 0
      vertex 19.6673 -0.331653 0
      vertex 19.6918 -0.166629 0
    endloop
  endfacet
  facet normal 0 0 -1
    outer loop
      vertex 24 -12 0
      vertex 19.6268 -0.493484 0
      vertex 19.6673 -0.331653 0
    endloop
  endfacet
  facet normal 0 0 -1
    outer loop
      vertex 24 -12 0
      vertex 19.5706 -0.650561 0
      vertex 19.6268 -0.493484 0
    endloop
  endfacet
  facet normal 0 0 -1
    outer loop
      vertex 24 -12 0
      vertex 19.4993 -0.801374 0
      vertex 19.5706 -0.650561 0
    endloop
  endfacet
  facet normal 0 0 -1
    outer loop
      vertex 24 -12 0
      vertex 19.4135 -0.944468 0
      vertex 19.4993 -0.801374 0
    endloop
  endfacet
  facet normal 0 0 -1
    outer loop
      vertex 24 -12 0
      vertex 19.3141 -1.07847 0
      vertex 19.4135 -0.944468 0
    endloop
  endfacet
  facet normal 0 0 -1
    outer loop
      vertex 24 -12 0
      vertex 19.2021 -1.20208 0
      vertex 19.3141 -1.07847 0
    endloop
  endfacet
  facet normal 0 0 -1
    outer loop
      vertex 24 -12 0
      vertex 19.0785 -1.31412 0
      vertex 19.2021 -1.20208 0
    endloop
  endfacet
  facet normal 0 0 -1
    outer loop
      vertex 24 -12 0
      vertex 18.9445 -1.4135 0
      vertex 19.0785 -1.31412 0
    endloop
  endfacet
  facet normal 0 0 -1
    outer loop
      vertex 24 -12 0
      vertex 18.8014 -1.49927 0
      vertex 18.9445 -1.4135 0
    endloop
  endfacet
  facet normal 0 0 -1
    outer loop
      vertex 24 -12 0
      vertex 18.6506 -1.57059 0
      vertex 18.8014 -1.49927 0
    endloop
  endfacet
  facet normal 0 0 -1
    outer loop
      vertex 24 -12 0
      vertex 18.4935 -1.6268 0
      vertex 18.6506 -1.57059 0
    endloop
  endfacet
  facet normal 0 0 -1
    outer loop
      vertex 24 -12 0
      vertex 18.3317 -1.66733 0
      vertex 18.4935 -1.6268 0
    endloop
  endfacet
  facet normal 0 0 -1
    outer loop
      vertex 24 -12 0
      vertex 18.1666 -1.69181 0
      vertex 18.3317 -1.66733 0
    endloop
  endfacet
  facet normal 0 0 -1
    outer loop
      vertex 24 -12 0
      vertex 18 -1.7 0
      vertex 18.1666 -1.69181 0
    endloop
  endfacet
  facet normal 0 0 -1
    outer loop
      vertex 11.7 -6.4 0
      vertex 18 -1.7 0
      vertex 24 -12 0
    endloop
  endfacet
  facet normal -0 0 -1
    outer loop
      vertex 18 -1.7 0
      vertex 11.7 -6.4 0
      vertex 17.8334 -1.69181 0
    endloop
  endfacet
  facet normal -0 0 -1
    outer loop
      vertex 17.8334 -1.69181 0
      vertex 11.7 -6.4 0
      vertex 17.6683 -1.66733 0
    endloop
  endfacet
  facet normal -0 0 -1
    outer loop
      vertex 17.6683 -1.66733 0
      vertex 11.7 -6.4 0
      vertex 17.5065 -1.6268 0
    endloop
  endfacet
  facet normal -0 0 -1
    outer loop
      vertex 17.5065 -1.6268 0
      vertex 11.7 -6.4 0
      vertex 17.3494 -1.57059 0
    endloop
  endfacet
  facet normal -0 0 -1
    outer loop
      vertex 17.3494 -1.57059 0
      vertex 11.7 -6.4 0
      vertex 17.1986 -1.49927 0
    endloop
  endfacet
  facet normal -0 0 -1
    outer loop
      vertex 17.1986 -1.49927 0
      vertex 11.7 -6.4 0
      vertex 17.0555 -1.4135 0
    endloop
  endfacet
  facet normal 0 -0 -1
    outer loop
      vertex 14.1658 -0.833667 0
      vertex 17.0555 -1.4135 0
      vertex 11.7 -6.4 0
    endloop
  endfacet
  facet normal 0 0 -1
    outer loop
      vertex 17.0555 -1.4135 0
      vertex 14.1658 -0.833667 0
      vertex 16.9215 -1.31412 0
    endloop
  endfacet
  facet normal 0 -0 -1
    outer loop
      vertex 14.2467 -0.813398 0
      vertex 16.9215 -1.31412 0
      vertex 14.1658 -0.833667 0
    endloop
  endfacet
  facet normal 0 0 -1
    outer loop
      vertex 14.8459 -0.0833139 0
      vertex 16.3 0 0
      vertex 16.3082 -0.166629 0
    endloop
  endfacet
  facet normal 0 0 -1
    outer loop
      vertex 14.8337 -0.165826 0
      vertex 16.3082 -0.166629 0
      vertex 16.3327 -0.331653 0
    endloop
  endfacet
  facet normal 0 0 -1
    outer loop
      vertex 14.7853 -0.32528 0
      vertex 16.3327 -0.331653 0
      vertex 16.3732 -0.493484 0
    endloop
  endfacet
  facet normal 0 0 -1
    outer loop
      vertex 14.7496 -0.400687 0
      vertex 16.3732 -0.493484 0
      vertex 16.4294 -0.650561 0
    endloop
  endfacet
  facet normal 0 0 -1
    outer loop
      vertex 14.6571 -0.539234 0
      vertex 16.4294 -0.650561 0
      vertex 16.5007 -0.801374 0
    endloop
  endfacet
  facet normal 0 0 -1
    outer loop
      vertex 14.601 -0.60104 0
      vertex 16.5007 -0.801374 0
      vertex 16.5865 -0.944468 0
    endloop
  endfacet
  facet normal 0 -0 -1
    outer loop
      vertex 14.3253 -0.785297 0
      vertex 16.9215 -1.31412 0
      vertex 14.2467 -0.813398 0
    endloop
  endfacet
  facet normal -0 0 -1
    outer loop
      vertex 16.3 0 0
      vertex 14.8459 -0.0833139 0
      vertex 14.85 0 0
    endloop
  endfacet
  facet normal 0 0 -1
    outer loop
      vertex 16.3082 -0.166629 0
      vertex 14.8337 -0.165826 0
      vertex 14.8459 -0.0833139 0
    endloop
  endfacet
  facet normal 0 0 -1
    outer loop
      vertex 16.3327 -0.331653 0
      vertex 14.8134 -0.246741 0
      vertex 14.8337 -0.165826 0
    endloop
  endfacet
  facet normal 0 0 -1
    outer loop
      vertex 16.3327 -0.331653 0
      vertex 14.7853 -0.32528 0
      vertex 14.8134 -0.246741 0
    endloop
  endfacet
  facet normal 0 0 -1
    outer loop
      vertex 16.3732 -0.493484 0
      vertex 14.7496 -0.400687 0
      vertex 14.7853 -0.32528 0
    endloop
  endfacet
  facet normal 0 0 -1
    outer loop
      vertex 16.4294 -0.650561 0
      vertex 14.7067 -0.472234 0
      vertex 14.7496 -0.400687 0
    endloop
  endfacet
  facet normal 0 0 -1
    outer loop
      vertex 16.4294 -0.650561 0
      vertex 14.6571 -0.539234 0
      vertex 14.7067 -0.472234 0
    endloop
  endfacet
  facet normal 0 0 -1
    outer loop
      vertex 16.5007 -0.801374 0
      vertex 14.601 -0.60104 0
      vertex 14.6571 -0.539234 0
    endloop
  endfacet
  facet normal 0 0 -1
    outer loop
      vertex 16.5865 -0.944468 0
      vertex 14.5392 -0.657059 0
      vertex 14.601 -0.60104 0
    endloop
  endfacet
  facet normal 0 -0 -1
    outer loop
      vertex 14.4007 -0.749633 0
      vertex 16.7979 -1.20208 0
      vertex 14.3253 -0.785297 0
    endloop
  endfacet
  facet normal 0 0 -1
    outer loop
      vertex 16.5865 -0.944468 0
      vertex 14.4722 -0.706749 0
      vertex 14.5392 -0.657059 0
    endloop
  endfacet
  facet normal 0 0 -1
    outer loop
      vertex 16.6859 -1.07847 0
      vertex 14.4722 -0.706749 0
      vertex 16.5865 -0.944468 0
    endloop
  endfacet
  facet normal 0 -0 -1
    outer loop
      vertex 14.4722 -0.706749 0
      vertex 16.6859 -1.07847 0
      vertex 14.4007 -0.749633 0
    endloop
  endfacet
  facet normal 0 0 -1
    outer loop
      vertex 16.7979 -1.20208 0
      vertex 14.4007 -0.749633 0
      vertex 16.6859 -1.07847 0
    endloop
  endfacet
  facet normal 0 0 -1
    outer loop
      vertex 16.9215 -1.31412 0
      vertex 14.3253 -0.785297 0
      vertex 16.7979 -1.20208 0
    endloop
  endfacet
  facet normal 0 0 -1
    outer loop
      vertex 14.1658 -0.833667 0
      vertex 11.7 -6.4 0
      vertex 14.0833 -0.845906 0
    endloop
  endfacet
  facet normal 0 0 -1
    outer loop
      vertex 14.0833 -0.845906 0
      vertex 11.7 -6.4 0
      vertex 14 -0.849999 0
    endloop
  endfacet
  facet normal -0 0 -1
    outer loop
      vertex 14 -0.849999 0
      vertex 11.7 -6.4 0
      vertex 13.9167 -0.845906 0
    endloop
  endfacet
  facet normal -0 0 -1
    outer loop
      vertex 13.9167 -0.845906 0
      vertex 11.7 -6.4 0
      vertex 13.8342 -0.833667 0
    endloop
  endfacet
  facet normal -0 0 -1
    outer loop
      vertex 13.8342 -0.833667 0
      vertex 11.7 -6.4 0
      vertex 13.7533 -0.813398 0
    endloop
  endfacet
  facet normal -0 0 -1
    outer loop
      vertex 13.7533 -0.813398 0
      vertex 11.7 -6.4 0
      vertex 13.6747 -0.785297 0
    endloop
  endfacet
  facet normal -0 0 -1
    outer loop
      vertex 13.6747 -0.785297 0
      vertex 11.7 -6.4 0
      vertex 13.5993 -0.749633 0
    endloop
  endfacet
  facet normal -0 0 -1
    outer loop
      vertex 13.5993 -0.749633 0
      vertex 11.7 -6.4 0
      vertex 13.5278 -0.706749 0
    endloop
  endfacet
  facet normal -0 0 -1
    outer loop
      vertex 13.5278 -0.706749 0
      vertex 11.7 -6.4 0
      vertex 13.4608 -0.657059 0
    endloop
  endfacet
  facet normal -0 0 -1
    outer loop
      vertex 13.1541 -0.0833139 0
      vertex 11.7 -6.4 0
      vertex 13.15 0 0
    endloop
  endfacet
  facet normal -0 0 -1
    outer loop
      vertex 13.1663 -0.165826 0
      vertex 11.7 -6.4 0
      vertex 13.1541 -0.0833139 0
    endloop
  endfacet
  facet normal -0 0 -1
    outer loop
      vertex 13.1866 -0.246741 0
      vertex 11.7 -6.4 0
      vertex 13.1663 -0.165826 0
    endloop
  endfacet
  facet normal -0 0 -1
    outer loop
      vertex 13.2147 -0.32528 0
      vertex 11.7 -6.4 0
      vertex 13.1866 -0.246741 0
    endloop
  endfacet
  facet normal -0 0 -1
    outer loop
      vertex 13.2504 -0.400687 0
      vertex 11.7 -6.4 0
      vertex 13.2147 -0.32528 0
    endloop
  endfacet
  facet normal -0 0 -1
    outer loop
      vertex 13.2933 -0.472234 0
      vertex 11.7 -6.4 0
      vertex 13.2504 -0.400687 0
    endloop
  endfacet
  facet normal -0 0 -1
    outer loop
      vertex 13.3429 -0.539234 0
      vertex 11.7 -6.4 0
      vertex 13.2933 -0.472234 0
    endloop
  endfacet
  facet normal -0 0 -1
    outer loop
      vertex 13.399 -0.60104 0
      vertex 11.7 -6.4 0
      vertex 13.3429 -0.539234 0
    endloop
  endfacet
  facet normal -0 0 -1
    outer loop
      vertex 13.4608 -0.657059 0
      vertex 11.7 -6.4 0
      vertex 13.399 -0.60104 0
    endloop
  endfacet
  facet normal 0 0 -1
    outer loop
      vertex 24 -12 0
      vertex -11.7 -6.4 0
      vertex 11.7 -6.4 0
    endloop
  endfacet
  facet normal 0 0 -1
    outer loop
      vertex -11.7 -6.4 0
      vertex -13.15 0 0
      vertex -11.7 6.4 0
    endloop
  endfacet
  facet normal 0 0 -1
    outer loop
      vertex -11.7 -6.4 0
      vertex -13.1541 -0.0833139 0
      vertex -13.15 0 0
    endloop
  endfacet
  facet normal 0 0 -1
    outer loop
      vertex -11.7 -6.4 0
      vertex -13.1663 -0.165826 0
      vertex -13.1541 -0.0833139 0
    endloop
  endfacet
  facet normal 0 0 -1
    outer loop
      vertex -11.7 -6.4 0
      vertex -13.1866 -0.246741 0
      vertex -13.1663 -0.165826 0
    endloop
  endfacet
  facet normal 0 0 -1
    outer loop
      vertex -11.7 -6.4 0
      vertex -13.2147 -0.32528 0
      vertex -13.1866 -0.246741 0
    endloop
  endfacet
  facet normal 0 0 -1
    outer loop
      vertex -11.7 -6.4 0
      vertex -13.2504 -0.400687 0
      vertex -13.2147 -0.32528 0
    endloop
  endfacet
  facet normal 0 0 -1
    outer loop
      vertex -11.7 -6.4 0
      vertex -13.2933 -0.472234 0
      vertex -13.2504 -0.400687 0
    endloop
  endfacet
  facet normal 0 0 -1
    outer loop
      vertex -11.7 -6.4 0
      vertex -13.3429 -0.539234 0
      vertex -13.2933 -0.472234 0
    endloop
  endfacet
  facet normal 0 0 -1
    outer loop
      vertex -11.7 -6.4 0
      vertex -13.399 -0.60104 0
      vertex -13.3429 -0.539234 0
    endloop
  endfacet
  facet normal 0 0 -1
    outer loop
      vertex -11.7 -6.4 0
      vertex -13.4608 -0.657059 0
      vertex -13.399 -0.60104 0
    endloop
  endfacet
  facet normal 0 0 -1
    outer loop
      vertex -11.7 -6.4 0
      vertex -13.5278 -0.706749 0
      vertex -13.4608 -0.657059 0
    endloop
  endfacet
  facet normal 0 0 -1
    outer loop
      vertex -11.7 -6.4 0
      vertex -13.5993 -0.749633 0
      vertex -13.5278 -0.706749 0
    endloop
  endfacet
  facet normal 0 0 -1
    outer loop
      vertex -11.7 -6.4 0
      vertex -13.6747 -0.785297 0
      vertex -13.5993 -0.749633 0
    endloop
  endfacet
  facet normal 0 0 -1
    outer loop
      vertex -11.7 -6.4 0
      vertex -13.7533 -0.813398 0
      vertex -13.6747 -0.785297 0
    endloop
  endfacet
  facet normal 0 0 -1
    outer loop
      vertex -11.7 -6.4 0
      vertex -13.8342 -0.833667 0
      vertex -13.7533 -0.813398 0
    endloop
  endfacet
  facet normal 0 0 -1
    outer loop
      vertex -11.7 -6.4 0
      vertex -13.9167 -0.845906 0
      vertex -13.8342 -0.833667 0
    endloop
  endfacet
  facet normal 0 0 -1
    outer loop
      vertex -11.7 -6.4 0
      vertex -14 -0.849999 0
      vertex -13.9167 -0.845906 0
    endloop
  endfacet
  facet normal 0 0 -1
    outer loop
      vertex -11.7 -6.4 0
      vertex -14.0833 -0.845906 0
      vertex -14 -0.849999 0
    endloop
  endfacet
  facet normal 0 0 -1
    outer loop
      vertex -11.7 -6.4 0
      vertex -14.1658 -0.833667 0
      vertex -14.0833 -0.845906 0
    endloop
  endfacet
  facet normal 0 0 -1
    outer loop
      vertex -17.0555 -1.4135 0
      vertex -14.1658 -0.833667 0
      vertex -11.7 -6.4 0
    endloop
  endfacet
  facet normal -0 0 -1
    outer loop
      vertex -14.1658 -0.833667 0
      vertex -17.0555 -1.4135 0
      vertex -14.2467 -0.813398 0
    endloop
  endfacet
  facet normal 0 -0 -1
    outer loop
      vertex -16.9215 -1.31412 0
      vertex -14.2467 -0.813398 0
      vertex -17.0555 -1.4135 0
    endloop
  endfacet
  facet normal -0 0 -1
    outer loop
      vertex -14.2467 -0.813398 0
      vertex -16.9215 -1.31412 0
      vertex -14.3253 -0.785297 0
    endloop
  endfacet
  facet normal 0 -0 -1
    outer loop
      vertex -16.7979 -1.20208 0
      vertex -14.3253 -0.785297 0
      vertex -16.9215 -1.31412 0
    endloop
  endfacet
  facet normal 0 -0 -1
    outer loop
      vertex -16.6859 -1.07847 0
      vertex -14.4007 -0.749633 0
      vertex -16.7979 -1.20208 0
    endloop
  endfacet
  facet normal -0 0 -1
    outer loop
      vertex -14.4007 -0.749633 0
      vertex -16.6859 -1.07847 0
      vertex -14.4722 -0.706749 0
    endloop
  endfacet
  facet normal 0 -0 -1
    outer loop
      vertex -16.5865 -0.944468 0
      vertex -14.4722 -0.706749 0
      vertex -16.6859 -1.07847 0
    endloop
  endfacet
  facet normal -0 0 -1
    outer loop
      vertex -14.4722 -0.706749 0
      vertex -16.5865 -0.944468 0
      vertex -14.5392 -0.657059 0
    endloop
  endfacet
  facet normal 0 0 -1
    outer loop
      vertex -14.8459 -0.0833139 0
      vertex -16.3 0 0
      vertex -14.85 0 0
    endloop
  endfacet
  facet normal 0 0 -1
    outer loop
      vertex -16.3082 -0.166629 0
      vertex -14.8459 -0.0833139 0
      vertex -14.8337 -0.165826 0
    endloop
  endfacet
  facet normal 0 0 -1
    outer loop
      vertex -16.3327 -0.331653 0
      vertex -14.8337 -0.165826 0
      vertex -14.8134 -0.246741 0
    endloop
  endfacet
  facet normal 0 0 -1
    outer loop
      vertex -16.3327 -0.331653 0
      vertex -14.8134 -0.246741 0
      vertex -14.7853 -0.32528 0
    endloop
  endfacet
  facet normal 0 0 -1
    outer loop
      vertex -16.3732 -0.493484 0
      vertex -14.7853 -0.32528 0
      vertex -14.7496 -0.400687 0
    endloop
  endfacet
  facet normal -0 0 -1
    outer loop
      vertex -14.5392 -0.657059 0
      vertex -16.5865 -0.944468 0
      vertex -14.601 -0.60104 0
    endloop
  endfacet
  facet normal -0 0 -1
    outer loop
      vertex -14.8459 -0.0833139 0
      vertex -16.3082 -0.166629 0
      vertex -16.3 0 0
    endloop
  endfacet
  facet normal 0 0 -1
    outer loop
      vertex -14.8337 -0.165826 0
      vertex -16.3327 -0.331653 0
      vertex -16.3082 -0.166629 0
    endloop
  endfacet
  facet normal 0 0 -1
    outer loop
      vertex -14.7853 -0.32528 0
      vertex -16.3732 -0.493484 0
      vertex -16.3327 -0.331653 0
    endloop
  endfacet
  facet normal 0 0 -1
    outer loop
      vertex -14.7496 -0.400687 0
      vertex -16.4294 -0.650561 0
      vertex -16.3732 -0.493484 0
    endloop
  endfacet
  facet normal -0 0 -1
    outer loop
      vertex -14.7067 -0.472234 0
      vertex -16.4294 -0.650561 0
      vertex -14.7496 -0.400687 0
    endloop
  endfacet
  facet normal -0 0 -1
    outer loop
      vertex -14.6571 -0.539234 0
      vertex -16.4294 -0.650561 0
      vertex -14.7067 -0.472234 0
    endloop
  endfacet
  facet normal 0 -0 -1
    outer loop
      vertex -16.4294 -0.650561 0
      vertex -14.6571 -0.539234 0
      vertex -16.5007 -0.801374 0
    endloop
  endfacet
  facet normal -0 0 -1
    outer loop
      vertex -14.601 -0.60104 0
      vertex -16.5007 -0.801374 0
      vertex -14.6571 -0.539234 0
    endloop
  endfacet
  facet normal 0 -0 -1
    outer loop
      vertex -16.5007 -0.801374 0
      vertex -14.601 -0.60104 0
      vertex -16.5865 -0.944468 0
    endloop
  endfacet
  facet normal -0 0 -1
    outer loop
      vertex -14.3253 -0.785297 0
      vertex -16.7979 -1.20208 0
      vertex -14.4007 -0.749633 0
    endloop
  endfacet
  facet normal 0 0 -1
    outer loop
      vertex -11.7 -6.4 0
      vertex -17.1986 -1.49927 0
      vertex -17.0555 -1.4135 0
    endloop
  endfacet
  facet normal 0 0 -1
    outer loop
      vertex -11.7 -6.4 0
      vertex -17.3494 -1.57059 0
      vertex -17.1986 -1.49927 0
    endloop
  endfacet
  facet normal 0 0 -1
    outer loop
      vertex -11.7 -6.4 0
      vertex -17.5065 -1.6268 0
      vertex -17.3494 -1.57059 0
    endloop
  endfacet
  facet normal 0 0 -1
    outer loop
      vertex -11.7 -6.4 0
      vertex -17.6683 -1.66733 0
      vertex -17.5065 -1.6268 0
    endloop
  endfacet
  facet normal 0 0 -1
    outer loop
      vertex -11.7 -6.4 0
      vertex -17.8334 -1.69181 0
      vertex -17.6683 -1.66733 0
    endloop
  endfacet
  facet normal 0 0 -1
    outer loop
      vertex -11.7 -6.4 0
      vertex -18 -1.7 0
      vertex -17.8334 -1.69181 0
    endloop
  endfacet
  facet normal 0 0 -1
    outer loop
      vertex -24 -12 0
      vertex -18 -1.7 0
      vertex -11.7 -6.4 0
    endloop
  endfacet
  facet normal -0 0 -1
    outer loop
      vertex -18 -1.7 0
      vertex -24 -12 0
      vertex -18.1666 -1.69181 0
    endloop
  endfacet
  facet normal -0 0 -1
    outer loop
      vertex -18.1666 -1.69181 0
      vertex -24 -12 0
      vertex -18.3317 -1.66733 0
    endloop
  endfacet
  facet normal -0 0 -1
    outer loop
      vertex -18.3317 -1.66733 0
      vertex -24 -12 0
      vertex -18.4935 -1.6268 0
    endloop
  endfacet
  facet normal -0 0 -1
    outer loop
      vertex -18.4935 -1.6268 0
      vertex -24 -12 0
      vertex -18.6506 -1.57059 0
    endloop
  endfacet
  facet normal -0 0 -1
    outer loop
      vertex -18.6506 -1.57059 0
      vertex -24 -12 0
      vertex -18.8014 -1.49927 0
    endloop
  endfacet
  facet normal -0 0 -1
    outer loop
      vertex -19.6918 -0.166629 0
      vertex -24 -12 0
      vertex -19.7 0 0
    endloop
  endfacet
  facet normal -0 0 -1
    outer loop
      vertex -19.6673 -0.331653 0
      vertex -24 -12 0
      vertex -19.6918 -0.166629 0
    endloop
  endfacet
  facet normal -0 0 -1
    outer loop
      vertex -19.6268 -0.493484 0
      vertex -24 -12 0
      vertex -19.6673 -0.331653 0
    endloop
  endfacet
  facet normal -0 0 -1
    outer loop
      vertex -19.5706 -0.650561 0
      vertex -24 -12 0
      vertex -19.6268 -0.493484 0
    endloop
  endfacet
  facet normal -0 0 -1
    outer loop
      vertex -19.4993 -0.801374 0
      vertex -24 -12 0
      vertex -19.5706 -0.650561 0
    endloop
  endfacet
  facet normal -0 0 -1
    outer loop
      vertex -19.4135 -0.944468 0
      vertex -24 -12 0
      vertex -19.4993 -0.801374 0
    endloop
  endfacet
  facet normal -0 0 -1
    outer loop
      vertex -19.3141 -1.07847 0
      vertex -24 -12 0
      vertex -19.4135 -0.944468 0
    endloop
  endfacet
  facet normal -0 0 -1
    outer loop
      vertex -19.2021 -1.20208 0
      vertex -24 -12 0
      vertex -19.3141 -1.07847 0
    endloop
  endfacet
  facet normal -0 0 -1
    outer loop
      vertex -19.0785 -1.31412 0
      vertex -24 -12 0
      vertex -19.2021 -1.20208 0
    endloop
  endfacet
  facet normal -0 0 -1
    outer loop
      vertex -18.9445 -1.4135 0
      vertex -24 -12 0
      vertex -19.0785 -1.31412 0
    endloop
  endfacet
  facet normal -0 0 -1
    outer loop
      vertex -18.8014 -1.49927 0
      vertex -24 -12 0
      vertex -18.9445 -1.4135 0
    endloop
  endfacet
  facet normal 0 0 -1
    outer loop
      vertex -24 -12 0
      vertex -11.7 -6.4 0
      vertex 24 -12 0
    endloop
  endfacet
  facet normal 0 0 -1
    outer loop
      vertex 19.6918 0.166629 0
      vertex 24 12 0
      vertex 19.7 0 0
    endloop
  endfacet
  facet normal 0 0 -1
    outer loop
      vertex 19.6673 0.331653 0
      vertex 24 12 0
      vertex 19.6918 0.166629 0
    endloop
  endfacet
  facet normal 0 0 -1
    outer loop
      vertex 19.6268 0.493484 0
      vertex 24 12 0
      vertex 19.6673 0.331653 0
    endloop
  endfacet
  facet normal 0 0 -1
    outer loop
      vertex 19.5706 0.650561 0
      vertex 24 12 0
      vertex 19.6268 0.493484 0
    endloop
  endfacet
  facet normal 0 0 -1
    outer loop
      vertex 19.4993 0.801374 0
      vertex 24 12 0
      vertex 19.5706 0.650561 0
    endloop
  endfacet
  facet normal 0 0 -1
    outer loop
      vertex 19.4135 0.944468 0
      vertex 24 12 0
      vertex 19.4993 0.801374 0
    endloop
  endfacet
  facet normal 0 0 -1
    outer loop
      vertex 19.3141 1.07847 0
      vertex 24 12 0
      vertex 19.4135 0.944468 0
    endloop
  endfacet
  facet normal 0 0 -1
    outer loop
      vertex 19.2021 1.20208 0
      vertex 24 12 0
      vertex 19.3141 1.07847 0
    endloop
  endfacet
  facet normal 0 0 -1
    outer loop
      vertex 19.0785 1.31412 0
      vertex 24 12 0
      vertex 19.2021 1.20208 0
    endloop
  endfacet
  facet normal 0 0 -1
    outer loop
      vertex 18.9445 1.4135 0
      vertex 24 12 0
      vertex 19.0785 1.31412 0
    endloop
  endfacet
  facet normal 0 0 -1
    outer loop
      vertex 18.8014 1.49927 0
      vertex 24 12 0
      vertex 18.9445 1.4135 0
    endloop
  endfacet
  facet normal 0 0 -1
    outer loop
      vertex 18.6506 1.57059 0
      vertex 24 12 0
      vertex 18.8014 1.49927 0
    endloop
  endfacet
  facet normal 0 0 -1
    outer loop
      vertex 18.4935 1.6268 0
      vertex 24 12 0
      vertex 18.6506 1.57059 0
    endloop
  endfacet
  facet normal 0 0 -1
    outer loop
      vertex 18.3317 1.66733 0
      vertex 24 12 0
      vertex 18.4935 1.6268 0
    endloop
  endfacet
  facet normal 0 0 -1
    outer loop
      vertex 18.1666 1.69181 0
      vertex 24 12 0
      vertex 18.3317 1.66733 0
    endloop
  endfacet
  facet normal 0 0 -1
    outer loop
      vertex 18 1.7 0
      vertex 24 12 0
      vertex 18.1666 1.69181 0
    endloop
  endfacet
  facet normal 0 0 -1
    outer loop
      vertex 11.7 6.4 0
      vertex 18 1.7 0
      vertex 17.8334 1.69181 0
    endloop
  endfacet
  facet normal 0 0 -1
    outer loop
      vertex 11.7 6.4 0
      vertex 17.8334 1.69181 0
      vertex 17.6683 1.66733 0
    endloop
  endfacet
  facet normal 0 0 -1
    outer loop
      vertex 11.7 6.4 0
      vertex 17.6683 1.66733 0
      vertex 17.5065 1.6268 0
    endloop
  endfacet
  facet normal 0 0 -1
    outer loop
      vertex 11.7 6.4 0
      vertex 17.5065 1.6268 0
      vertex 17.3494 1.57059 0
    endloop
  endfacet
  facet normal 0 0 -1
    outer loop
      vertex 11.7 6.4 0
      vertex 17.3494 1.57059 0
      vertex 17.1986 1.49927 0
    endloop
  endfacet
  facet normal 0 0 -1
    outer loop
      vertex 11.7 6.4 0
      vertex 17.1986 1.49927 0
      vertex 17.0555 1.4135 0
    endloop
  endfacet
  facet normal 0 0 -1
    outer loop
      vertex 14.1658 0.833667 0
      vertex 17.0555 1.4135 0
      vertex 16.9215 1.31412 0
    endloop
  endfacet
  facet normal 0 0 -1
    outer loop
      vertex 14.3253 0.785297 0
      vertex 16.9215 1.31412 0
      vertex 16.7979 1.20208 0
    endloop
  endfacet
  facet normal 0 0 -1
    outer loop
      vertex 14.4007 0.749633 0
      vertex 16.7979 1.20208 0
      vertex 16.6859 1.07847 0
    endloop
  endfacet
  facet normal 0 0 -1
    outer loop
      vertex 14.4722 0.706749 0
      vertex 16.6859 1.07847 0
      vertex 16.5865 0.944468 0
    endloop
  endfacet
  facet normal 0 0 -1
    outer loop
      vertex 14.8459 0.0833139 0
      vertex 16.3 0 0
      vertex 14.85 0 0
    endloop
  endfacet
  facet normal 0 0 -1
    outer loop
      vertex 16.3 0 0
      vertex 14.8459 0.0833139 0
      vertex 16.3082 0.166629 0
    endloop
  endfacet
  facet normal 0 0 -1
    outer loop
      vertex 14.8337 0.165826 0
      vertex 16.3082 0.166629 0
      vertex 14.8459 0.0833139 0
    endloop
  endfacet
  facet normal -0 0 -1
    outer loop
      vertex 16.3082 0.166629 0
      vertex 14.8337 0.165826 0
      vertex 16.3327 0.331653 0
    endloop
  endfacet
  facet normal 0 0 -1
    outer loop
      vertex 14.8134 0.246741 0
      vertex 16.3327 0.331653 0
      vertex 14.8337 0.165826 0
    endloop
  endfacet
  facet normal 0 0 -1
    outer loop
      vertex 14.7853 0.32528 0
      vertex 16.3327 0.331653 0
      vertex 14.8134 0.246741 0
    endloop
  endfacet
  facet normal -0 0 -1
    outer loop
      vertex 16.3327 0.331653 0
      vertex 14.7853 0.32528 0
      vertex 16.3732 0.493484 0
    endloop
  endfacet
  facet normal 0 0 -1
    outer loop
      vertex 14.7496 0.400687 0
      vertex 16.3732 0.493484 0
      vertex 14.7853 0.32528 0
    endloop
  endfacet
  facet normal -0 0 -1
    outer loop
      vertex 16.3732 0.493484 0
      vertex 14.7496 0.400687 0
      vertex 16.4294 0.650561 0
    endloop
  endfacet
  facet normal 0 0 -1
    outer loop
      vertex 14.7067 0.472234 0
      vertex 16.4294 0.650561 0
      vertex 14.7496 0.400687 0
    endloop
  endfacet
  facet normal 0 0 -1
    outer loop
      vertex 14.6571 0.539234 0
      vertex 16.4294 0.650561 0
      vertex 14.7067 0.472234 0
    endloop
  endfacet
  facet normal -0 0 -1
    outer loop
      vertex 16.4294 0.650561 0
      vertex 14.6571 0.539234 0
      vertex 16.5007 0.801374 0
    endloop
  endfacet
  facet normal 0 0 -1
    outer loop
      vertex 14.601 0.60104 0
      vertex 16.5007 0.801374 0
      vertex 14.6571 0.539234 0
    endloop
  endfacet
  facet normal -0 0 -1
    outer loop
      vertex 16.5007 0.801374 0
      vertex 14.601 0.60104 0
      vertex 16.5865 0.944468 0
    endloop
  endfacet
  facet normal 0 0 -1
    outer loop
      vertex 14.5392 0.657059 0
      vertex 16.5865 0.944468 0
      vertex 14.601 0.60104 0
    endloop
  endfacet
  facet normal 0 0 -1
    outer loop
      vertex 14.4722 0.706749 0
      vertex 16.5865 0.944468 0
      vertex 14.5392 0.657059 0
    endloop
  endfacet
  facet normal 0 0 -1
    outer loop
      vertex 16.6859 1.07847 0
      vertex 14.4722 0.706749 0
      vertex 14.4007 0.749633 0
    endloop
  endfacet
  facet normal 0 0 -1
    outer loop
      vertex 16.7979 1.20208 0
      vertex 14.4007 0.749633 0
      vertex 14.3253 0.785297 0
    endloop
  endfacet
  facet normal 0 0 -1
    outer loop
      vertex 16.9215 1.31412 0
      vertex 14.3253 0.785297 0
      vertex 14.2467 0.813398 0
    endloop
  endfacet
  facet normal 0 0 -1
    outer loop
      vertex 16.9215 1.31412 0
      vertex 14.2467 0.813398 0
      vertex 14.1658 0.833667 0
    endloop
  endfacet
  facet normal -0 0 -1
    outer loop
      vertex 17.0555 1.4135 0
      vertex 14.1658 0.833667 0
      vertex 11.7 6.4 0
    endloop
  endfacet
  facet normal 0 0 -1
    outer loop
      vertex 11.7 6.4 0
      vertex 14.1658 0.833667 0
      vertex 14.0833 0.845906 0
    endloop
  endfacet
  facet normal 0 0 -1
    outer loop
      vertex 11.7 6.4 0
      vertex 14.0833 0.845906 0
      vertex 14 0.849999 0
    endloop
  endfacet
  facet normal 0 0 -1
    outer loop
      vertex 11.7 6.4 0
      vertex 14 0.849999 0
      vertex 13.9167 0.845906 0
    endloop
  endfacet
  facet normal 0 0 -1
    outer loop
      vertex 11.7 6.4 0
      vertex 13.9167 0.845906 0
      vertex 13.8342 0.833667 0
    endloop
  endfacet
  facet normal 0 0 -1
    outer loop
      vertex 11.7 6.4 0
      vertex 13.8342 0.833667 0
      vertex 13.7533 0.813398 0
    endloop
  endfacet
  facet normal 0 0 -1
    outer loop
      vertex 11.7 6.4 0
      vertex 13.7533 0.813398 0
      vertex 13.6747 0.785297 0
    endloop
  endfacet
  facet normal 0 0 -1
    outer loop
      vertex 11.7 6.4 0
      vertex 13.6747 0.785297 0
      vertex 13.5993 0.749633 0
    endloop
  endfacet
  facet normal 0 0 -1
    outer loop
      vertex 11.7 6.4 0
      vertex 13.5993 0.749633 0
      vertex 13.5278 0.706749 0
    endloop
  endfacet
  facet normal 0 0 -1
    outer loop
      vertex 11.7 6.4 0
      vertex 13.5278 0.706749 0
      vertex 13.4608 0.657059 0
    endloop
  endfacet
  facet normal 0 0 -1
    outer loop
      vertex 11.7 6.4 0
      vertex 13.4608 0.657059 0
      vertex 13.399 0.60104 0
    endloop
  endfacet
  facet normal 0 0 -1
    outer loop
      vertex 11.7 6.4 0
      vertex 13.15 0 0
      vertex 11.7 -6.4 0
    endloop
  endfacet
  facet normal 0 0 -1
    outer loop
      vertex 13.15 0 0
      vertex 11.7 6.4 0
      vertex 13.1541 0.0833139 0
    endloop
  endfacet
  facet normal 0 0 -1
    outer loop
      vertex 13.1541 0.0833139 0
      vertex 11.7 6.4 0
      vertex 13.1663 0.165826 0
    endloop
  endfacet
  facet normal 0 0 -1
    outer loop
      vertex 11.7 6.4 0
      vertex 13.1866 0.246741 0
      vertex 13.1663 0.165826 0
    endloop
  endfacet
  facet normal 0 0 -1
    outer loop
      vertex 11.7 6.4 0
      vertex 13.2147 0.32528 0
      vertex 13.1866 0.246741 0
    endloop
  endfacet
  facet normal 0 0 -1
    outer loop
      vertex 11.7 6.4 0
      vertex 13.2504 0.400687 0
      vertex 13.2147 0.32528 0
    endloop
  endfacet
  facet normal 0 0 -1
    outer loop
      vertex 11.7 6.4 0
      vertex 13.2933 0.472234 0
      vertex 13.2504 0.400687 0
    endloop
  endfacet
  facet normal 0 0 -1
    outer loop
      vertex 11.7 6.4 0
      vertex 13.3429 0.539234 0
      vertex 13.2933 0.472234 0
    endloop
  endfacet
  facet normal 0 0 -1
    outer loop
      vertex 11.7 6.4 0
      vertex 13.399 0.60104 0
      vertex 13.3429 0.539234 0
    endloop
  endfacet
  facet normal 0 0 -1
    outer loop
      vertex 18 1.7 0
      vertex 11.7 6.4 0
      vertex 24 12 0
    endloop
  endfacet
  facet normal 0 0 -1
    outer loop
      vertex -11.7 6.4 0
      vertex 24 12 0
      vertex 11.7 6.4 0
    endloop
  endfacet
  facet normal 0 0 -1
    outer loop
      vertex -13.1541 0.0833139 0
      vertex -11.7 6.4 0
      vertex -13.15 0 0
    endloop
  endfacet
  facet normal 0 0 -1
    outer loop
      vertex -13.1663 0.165826 0
      vertex -11.7 6.4 0
      vertex -13.1541 0.0833139 0
    endloop
  endfacet
  facet normal 0 0 -1
    outer loop
      vertex -13.1866 0.246741 0
      vertex -11.7 6.4 0
      vertex -13.1663 0.165826 0
    endloop
  endfacet
  facet normal 0 0 -1
    outer loop
      vertex -13.2147 0.32528 0
      vertex -11.7 6.4 0
      vertex -13.1866 0.246741 0
    endloop
  endfacet
  facet normal 0 0 -1
    outer loop
      vertex -13.2504 0.400687 0
      vertex -11.7 6.4 0
      vertex -13.2147 0.32528 0
    endloop
  endfacet
  facet normal 0 0 -1
    outer loop
      vertex -13.2933 0.472234 0
      vertex -11.7 6.4 0
      vertex -13.2504 0.400687 0
    endloop
  endfacet
  facet normal 0 0 -1
    outer loop
      vertex -13.3429 0.539234 0
      vertex -11.7 6.4 0
      vertex -13.2933 0.472234 0
    endloop
  endfacet
  facet normal 0 0 -1
    outer loop
      vertex -13.399 0.60104 0
      vertex -11.7 6.4 0
      vertex -13.3429 0.539234 0
    endloop
  endfacet
  facet normal 0 0 -1
    outer loop
      vertex -13.4608 0.657059 0
      vertex -11.7 6.4 0
      vertex -13.399 0.60104 0
    endloop
  endfacet
  facet normal 0 0 -1
    outer loop
      vertex -13.5278 0.706749 0
      vertex -11.7 6.4 0
      vertex -13.4608 0.657059 0
    endloop
  endfacet
  facet normal 0 0 -1
    outer loop
      vertex -13.5993 0.749633 0
      vertex -11.7 6.4 0
      vertex -13.5278 0.706749 0
    endloop
  endfacet
  facet normal 0 0 -1
    outer loop
      vertex -13.6747 0.785297 0
      vertex -11.7 6.4 0
      vertex -13.5993 0.749633 0
    endloop
  endfacet
  facet normal 0 0 -1
    outer loop
      vertex -13.7533 0.813398 0
      vertex -11.7 6.4 0
      vertex -13.6747 0.785297 0
    endloop
  endfacet
  facet normal 0 0 -1
    outer loop
      vertex -13.8342 0.833667 0
      vertex -11.7 6.4 0
      vertex -13.7533 0.813398 0
    endloop
  endfacet
  facet normal 0 0 -1
    outer loop
      vertex -13.9167 0.845906 0
      vertex -11.7 6.4 0
      vertex -13.8342 0.833667 0
    endloop
  endfacet
  facet normal 0 0 -1
    outer loop
      vertex -14 0.849999 0
      vertex -11.7 6.4 0
      vertex -13.9167 0.845906 0
    endloop
  endfacet
  facet normal 0 0 -1
    outer loop
      vertex -14.0833 0.845906 0
      vertex -11.7 6.4 0
      vertex -14 0.849999 0
    endloop
  endfacet
  facet normal 0 0 -1
    outer loop
      vertex -14.1658 0.833667 0
      vertex -11.7 6.4 0
      vertex -14.0833 0.845906 0
    endloop
  endfacet
  facet normal 0 0 -1
    outer loop
      vertex -17.0555 1.4135 0
      vertex -14.1658 0.833667 0
      vertex -14.2467 0.813398 0
    endloop
  endfacet
  facet normal 0 0 -1
    outer loop
      vertex -16.9215 1.31412 0
      vertex -14.2467 0.813398 0
      vertex -14.3253 0.785297 0
    endloop
  endfacet
  facet normal 0 0 -1
    outer loop
      vertex -16.7979 1.20208 0
      vertex -14.3253 0.785297 0
      vertex -14.4007 0.749633 0
    endloop
  endfacet
  facet normal 0 0 -1
    outer loop
      vertex -16.6859 1.07847 0
      vertex -14.4007 0.749633 0
      vertex -14.4722 0.706749 0
    endloop
  endfacet
  facet normal 0 0 -1
    outer loop
      vertex -16.5865 0.944468 0
      vertex -14.4722 0.706749 0
      vertex -14.5392 0.657059 0
    endloop
  endfacet
  facet normal 0 0 -1
    outer loop
      vertex -16.5865 0.944468 0
      vertex -14.5392 0.657059 0
      vertex -14.601 0.60104 0
    endloop
  endfacet
  facet normal 0 0 -1
    outer loop
      vertex -16.5007 0.801374 0
      vertex -14.601 0.60104 0
      vertex -14.6571 0.539234 0
    endloop
  endfacet
  facet normal 0 0 -1
    outer loop
      vertex -16.4294 0.650561 0
      vertex -14.6571 0.539234 0
      vertex -14.7067 0.472234 0
    endloop
  endfacet
  facet normal 0 0 -1
    outer loop
      vertex -16.4294 0.650561 0
      vertex -14.7067 0.472234 0
      vertex -14.7496 0.400687 0
    endloop
  endfacet
  facet normal 0 0 -1
    outer loop
      vertex -16.3 0 0
      vertex -14.8459 0.0833139 0
      vertex -14.85 0 0
    endloop
  endfacet
  facet normal 0 0 -1
    outer loop
      vertex -16.3082 0.166629 0
      vertex -14.8459 0.0833139 0
      vertex -16.3 0 0
    endloop
  endfacet
  facet normal 0 0 -1
    outer loop
      vertex -14.8459 0.0833139 0
      vertex -16.3082 0.166629 0
      vertex -14.8337 0.165826 0
    endloop
  endfacet
  facet normal 0 0 -1
    outer loop
      vertex -16.3327 0.331653 0
      vertex -14.8337 0.165826 0
      vertex -16.3082 0.166629 0
    endloop
  endfacet
  facet normal 0 0 -1
    outer loop
      vertex -14.8337 0.165826 0
      vertex -16.3327 0.331653 0
      vertex -14.8134 0.246741 0
    endloop
  endfacet
  facet normal 0 0 -1
    outer loop
      vertex -14.8134 0.246741 0
      vertex -16.3327 0.331653 0
      vertex -14.7853 0.32528 0
    endloop
  endfacet
  facet normal 0 0 -1
    outer loop
      vertex -16.3732 0.493484 0
      vertex -14.7853 0.32528 0
      vertex -16.3327 0.331653 0
    endloop
  endfacet
  facet normal 0 0 -1
    outer loop
      vertex -14.7853 0.32528 0
      vertex -16.3732 0.493484 0
      vertex -14.7496 0.400687 0
    endloop
  endfacet
  facet normal 0 0 -1
    outer loop
      vertex -16.4294 0.650561 0
      vertex -14.7496 0.400687 0
      vertex -16.3732 0.493484 0
    endloop
  endfacet
  facet normal 0 0 -1
    outer loop
      vertex -14.6571 0.539234 0
      vertex -16.4294 0.650561 0
      vertex -16.5007 0.801374 0
    endloop
  endfacet
  facet normal 0 0 -1
    outer loop
      vertex -14.601 0.60104 0
      vertex -16.5007 0.801374 0
      vertex -16.5865 0.944468 0
    endloop
  endfacet
  facet normal 0 0 -1
    outer loop
      vertex -14.4722 0.706749 0
      vertex -16.5865 0.944468 0
      vertex -16.6859 1.07847 0
    endloop
  endfacet
  facet normal 0 0 -1
    outer loop
      vertex -14.4007 0.749633 0
      vertex -16.6859 1.07847 0
      vertex -16.7979 1.20208 0
    endloop
  endfacet
  facet normal 0 0 -1
    outer loop
      vertex -14.3253 0.785297 0
      vertex -16.7979 1.20208 0
      vertex -16.9215 1.31412 0
    endloop
  endfacet
  facet normal 0 0 -1
    outer loop
      vertex -14.2467 0.813398 0
      vertex -16.9215 1.31412 0
      vertex -17.0555 1.4135 0
    endloop
  endfacet
  facet normal 0 0 -1
    outer loop
      vertex -14.1658 0.833667 0
      vertex -17.0555 1.4135 0
      vertex -11.7 6.4 0
    endloop
  endfacet
  facet normal 0 0 -1
    outer loop
      vertex -17.1986 1.49927 0
      vertex -11.7 6.4 0
      vertex -17.0555 1.4135 0
    endloop
  endfacet
  facet normal 0 0 -1
    outer loop
      vertex -17.3494 1.57059 0
      vertex -11.7 6.4 0
      vertex -17.1986 1.49927 0
    endloop
  endfacet
  facet normal 0 0 -1
    outer loop
      vertex -17.5065 1.6268 0
      vertex -11.7 6.4 0
      vertex -17.3494 1.57059 0
    endloop
  endfacet
  facet normal 0 0 -1
    outer loop
      vertex -17.6683 1.66733 0
      vertex -11.7 6.4 0
      vertex -17.5065 1.6268 0
    endloop
  endfacet
  facet normal 0 0 -1
    outer loop
      vertex -17.8334 1.69181 0
      vertex -11.7 6.4 0
      vertex -17.6683 1.66733 0
    endloop
  endfacet
  facet normal 0 0 -1
    outer loop
      vertex -18 1.7 0
      vertex -11.7 6.4 0
      vertex -17.8334 1.69181 0
    endloop
  endfacet
  facet normal 0 0 -1
    outer loop
      vertex -24 12 0
      vertex -18 1.7 0
      vertex -18.1666 1.69181 0
    endloop
  endfacet
  facet normal 0 0 -1
    outer loop
      vertex -24 12 0
      vertex -18.1666 1.69181 0
      vertex -18.3317 1.66733 0
    endloop
  endfacet
  facet normal 0 0 -1
    outer loop
      vertex -24 12 0
      vertex -18.3317 1.66733 0
      vertex -18.4935 1.6268 0
    endloop
  endfacet
  facet normal 0 0 -1
    outer loop
      vertex -24 12 0
      vertex -18.4935 1.6268 0
      vertex -18.6506 1.57059 0
    endloop
  endfacet
  facet normal 0 0 -1
    outer loop
      vertex -24 12 0
      vertex -18.6506 1.57059 0
      vertex -18.8014 1.49927 0
    endloop
  endfacet
  facet normal 0 0 -1
    outer loop
      vertex -24 12 0
      vertex -18.8014 1.49927 0
      vertex -18.9445 1.4135 0
    endloop
  endfacet
  facet normal 0 0 -1
    outer loop
      vertex -24 12 0
      vertex -19.7 0 0
      vertex -24 -12 0
    endloop
  endfacet
  facet normal 0 0 -1
    outer loop
      vertex -19.7 0 0
      vertex -24 12 0
      vertex -19.6918 0.166629 0
    endloop
  endfacet
  facet normal 0 0 -1
    outer loop
      vertex -19.6918 0.166629 0
      vertex -24 12 0
      vertex -19.6673 0.331653 0
    endloop
  endfacet
  facet normal 0 0 -1
    outer loop
      vertex -11.7 6.4 0
      vertex -24 12 0
      vertex 24 12 0
    endloop
  endfacet
  facet normal 0 0 -1
    outer loop
      vertex -18 1.7 0
      vertex -24 12 0
      vertex -11.7 6.4 0
    endloop
  endfacet
  facet normal 0 0 -1
    outer loop
      vertex -19.0785 1.31412 0
      vertex -24 12 0
      vertex -18.9445 1.4135 0
    endloop
  endfacet
  facet normal 0 0 -1
    outer loop
      vertex -19.2021 1.20208 0
      vertex -24 12 0
      vertex -19.0785 1.31412 0
    endloop
  endfacet
  facet normal 0 0 -1
    outer loop
      vertex -19.3141 1.07847 0
      vertex -24 12 0
      vertex -19.2021 1.20208 0
    endloop
  endfacet
  facet normal 0 0 -1
    outer loop
      vertex -19.4135 0.944468 0
      vertex -24 12 0
      vertex -19.3141 1.07847 0
    endloop
  endfacet
  facet normal 0 0 -1
    outer loop
      vertex -19.4993 0.801374 0
      vertex -24 12 0
      vertex -19.4135 0.944468 0
    endloop
  endfacet
  facet normal 0 0 -1
    outer loop
      vertex -19.5706 0.650561 0
      vertex -24 12 0
      vertex -19.4993 0.801374 0
    endloop
  endfacet
  facet normal 0 0 -1
    outer loop
      vertex -19.6268 0.493484 0
      vertex -24 12 0
      vertex -19.5706 0.650561 0
    endloop
  endfacet
  facet normal 0 0 -1
    outer loop
      vertex -19.6673 0.331653 0
      vertex -24 12 0
      vertex -19.6268 0.493484 0
    endloop
  endfacet
  facet normal 0 0 1
    outer loop
      vertex 24 12 14
      vertex 19.7 0 14
      vertex 24 -12 14
    endloop
  endfacet
  facet normal 0 0 1
    outer loop
      vertex 24 12 14
      vertex 19.6918 0.166629 14
      vertex 19.7 0 14
    endloop
  endfacet
  facet normal 0 0 1
    outer loop
      vertex 24 12 14
      vertex 19.6673 0.331653 14
      vertex 19.6918 0.166629 14
    endloop
  endfacet
  facet normal 0 0 1
    outer loop
      vertex 24 12 14
      vertex 19.6268 0.493484 14
      vertex 19.6673 0.331653 14
    endloop
  endfacet
  facet normal 0 0 1
    outer loop
      vertex 24 12 14
      vertex 19.5706 0.650561 14
      vertex 19.6268 0.493484 14
    endloop
  endfacet
  facet normal 0 0 1
    outer loop
      vertex 24 12 14
      vertex 19.4993 0.801374 14
      vertex 19.5706 0.650561 14
    endloop
  endfacet
  facet normal 0 0 1
    outer loop
      vertex 24 12 14
      vertex 19.4135 0.944468 14
      vertex 19.4993 0.801374 14
    endloop
  endfacet
  facet normal 0 0 1
    outer loop
      vertex 24 12 14
      vertex 19.3141 1.07847 14
      vertex 19.4135 0.944468 14
    endloop
  endfacet
  facet normal 0 0 1
    outer loop
      vertex 24 12 14
      vertex 19.2021 1.20208 14
      vertex 19.3141 1.07847 14
    endloop
  endfacet
  facet normal 0 0 1
    outer loop
      vertex 24 12 14
      vertex 19.0785 1.31412 14
      vertex 19.2021 1.20208 14
    endloop
  endfacet
  facet normal 0 0 1
    outer loop
      vertex 24 12 14
      vertex 18.9445 1.4135 14
      vertex 19.0785 1.31412 14
    endloop
  endfacet
  facet normal 0 0 1
    outer loop
      vertex 24 12 14
      vertex 18.8014 1.49927 14
      vertex 18.9445 1.4135 14
    endloop
  endfacet
  facet normal 0 0 1
    outer loop
      vertex 24 12 14
      vertex 18.6506 1.57059 14
      vertex 18.8014 1.49927 14
    endloop
  endfacet
  facet normal 0 0 1
    outer loop
      vertex 24 12 14
      vertex 18.4935 1.6268 14
      vertex 18.6506 1.57059 14
    endloop
  endfacet
  facet normal 0 0 1
    outer loop
      vertex 24 12 14
      vertex 18.3317 1.66733 14
      vertex 18.4935 1.6268 14
    endloop
  endfacet
  facet normal 0 0 1
    outer loop
      vertex 24 12 14
      vertex 18.1666 1.69181 14
      vertex 18.3317 1.66733 14
    endloop
  endfacet
  facet normal 0 0 1
    outer loop
      vertex 24 12 14
      vertex 18 1.7 14
      vertex 18.1666 1.69181 14
    endloop
  endfacet
  facet normal 0 0 1
    outer loop
      vertex 24 12 14
      vertex 17.8334 1.69181 14
      vertex 18 1.7 14
    endloop
  endfacet
  facet normal 0 0 1
    outer loop
      vertex 24 12 14
      vertex 17.6683 1.66733 14
      vertex 17.8334 1.69181 14
    endloop
  endfacet
  facet normal 0 0 1
    outer loop
      vertex 24 12 14
      vertex 17.5065 1.6268 14
      vertex 17.6683 1.66733 14
    endloop
  endfacet
  facet normal 0 0 1
    outer loop
      vertex 24 12 14
      vertex 17.3494 1.57059 14
      vertex 17.5065 1.6268 14
    endloop
  endfacet
  facet normal 0 0 1
    outer loop
      vertex 14 0.849999 14
      vertex 17.3494 1.57059 14
      vertex 24 12 14
    endloop
  endfacet
  facet normal 0 0 1
    outer loop
      vertex 17.3494 1.57059 14
      vertex 14 0.849999 14
      vertex 17.1986 1.49927 14
    endloop
  endfacet
  facet normal 0 -0 1
    outer loop
      vertex 14.0833 0.845906 14
      vertex 17.1986 1.49927 14
      vertex 14 0.849999 14
    endloop
  endfacet
  facet normal 0 0 1
    outer loop
      vertex 17.1986 1.49927 14
      vertex 14.0833 0.845906 14
      vertex 17.0555 1.4135 14
    endloop
  endfacet
  facet normal 0 -0 1
    outer loop
      vertex 14.1658 0.833667 14
      vertex 17.0555 1.4135 14
      vertex 14.0833 0.845906 14
    endloop
  endfacet
  facet normal 0 -0 1
    outer loop
      vertex 14.2467 0.813398 14
      vertex 16.9215 1.31412 14
      vertex 14.1658 0.833667 14
    endloop
  endfacet
  facet normal -0 0 1
    outer loop
      vertex 14.8459 0.0833139 14
      vertex 16.3 0 14
      vertex 16.3082 0.166629 14
    endloop
  endfacet
  facet normal 0 0 1
    outer loop
      vertex 14.8337 0.165826 14
      vertex 16.3082 0.166629 14
      vertex 16.3327 0.331653 14
    endloop
  endfacet
  facet normal 0 0 1
    outer loop
      vertex 14.7853 0.32528 14
      vertex 16.3327 0.331653 14
      vertex 16.3732 0.493484 14
    endloop
  endfacet
  facet normal 0 0 1
    outer loop
      vertex 14.7496 0.400687 14
      vertex 16.3732 0.493484 14
      vertex 16.4294 0.650561 14
    endloop
  endfacet
  facet normal 0 0 1
    outer loop
      vertex 14.6571 0.539234 14
      vertex 16.4294 0.650561 14
      vertex 16.5007 0.801374 14
    endloop
  endfacet
  facet normal 0 0 1
    outer loop
      vertex 14.601 0.60104 14
      vertex 16.5007 0.801374 14
      vertex 16.5865 0.944468 14
    endloop
  endfacet
  facet normal 0 -0 1
    outer loop
      vertex 14.3253 0.785297 14
      vertex 16.9215 1.31412 14
      vertex 14.2467 0.813398 14
    endloop
  endfacet
  facet normal 0 0 1
    outer loop
      vertex 16.3 0 14
      vertex 14.8459 0.0833139 14
      vertex 14.85 0 14
    endloop
  endfacet
  facet normal 0 0 1
    outer loop
      vertex 16.3082 0.166629 14
      vertex 14.8337 0.165826 14
      vertex 14.8459 0.0833139 14
    endloop
  endfacet
  facet normal 0 0 1
    outer loop
      vertex 16.3327 0.331653 14
      vertex 14.8134 0.246741 14
      vertex 14.8337 0.165826 14
    endloop
  endfacet
  facet normal 0 0 1
    outer loop
      vertex 16.3327 0.331653 14
      vertex 14.7853 0.32528 14
      vertex 14.8134 0.246741 14
    endloop
  endfacet
  facet normal 0 0 1
    outer loop
      vertex 16.3732 0.493484 14
      vertex 14.7496 0.400687 14
      vertex 14.7853 0.32528 14
    endloop
  endfacet
  facet normal 0 0 1
    outer loop
      vertex 16.4294 0.650561 14
      vertex 14.7067 0.472234 14
      vertex 14.7496 0.400687 14
    endloop
  endfacet
  facet normal 0 0 1
    outer loop
      vertex 16.4294 0.650561 14
      vertex 14.6571 0.539234 14
      vertex 14.7067 0.472234 14
    endloop
  endfacet
  facet normal 0 0 1
    outer loop
      vertex 16.5007 0.801374 14
      vertex 14.601 0.60104 14
      vertex 14.6571 0.539234 14
    endloop
  endfacet
  facet normal 0 0 1
    outer loop
      vertex 16.5865 0.944468 14
      vertex 14.5392 0.657059 14
      vertex 14.601 0.60104 14
    endloop
  endfacet
  facet normal 0 0 1
    outer loop
      vertex 16.5865 0.944468 14
      vertex 14.4722 0.706749 14
      vertex 14.5392 0.657059 14
    endloop
  endfacet
  facet normal 0 0 1
    outer loop
      vertex 16.6859 1.07847 14
      vertex 14.4722 0.706749 14
      vertex 16.5865 0.944468 14
    endloop
  endfacet
  facet normal 0 -0 1
    outer loop
      vertex 14.4722 0.706749 14
      vertex 16.6859 1.07847 14
      vertex 14.4007 0.749633 14
    endloop
  endfacet
  facet normal 0 0 1
    outer loop
      vertex 16.7979 1.20208 14
      vertex 14.4007 0.749633 14
      vertex 16.6859 1.07847 14
    endloop
  endfacet
  facet normal 0 -0 1
    outer loop
      vertex 14.4007 0.749633 14
      vertex 16.7979 1.20208 14
      vertex 14.3253 0.785297 14
    endloop
  endfacet
  facet normal 0 0 1
    outer loop
      vertex 16.9215 1.31412 14
      vertex 14.3253 0.785297 14
      vertex 16.7979 1.20208 14
    endloop
  endfacet
  facet normal 0 0 1
    outer loop
      vertex 17.0555 1.4135 14
      vertex 14.1658 0.833667 14
      vertex 16.9215 1.31412 14
    endloop
  endfacet
  facet normal 0 0 1
    outer loop
      vertex 24 12 14
      vertex 13.9167 0.845906 14
      vertex 14 0.849999 14
    endloop
  endfacet
  facet normal 0 0 1
    outer loop
      vertex 24 12 14
      vertex 13.8342 0.833667 14
      vertex 13.9167 0.845906 14
    endloop
  endfacet
  facet normal 0 0 1
    outer loop
      vertex 24 12 14
      vertex 13.7533 0.813398 14
      vertex 13.8342 0.833667 14
    endloop
  endfacet
  facet normal 0 0 1
    outer loop
      vertex 24 12 14
      vertex 13.6747 0.785297 14
      vertex 13.7533 0.813398 14
    endloop
  endfacet
  facet normal 0 0 1
    outer loop
      vertex 24 12 14
      vertex 13.5993 0.749633 14
      vertex 13.6747 0.785297 14
    endloop
  endfacet
  facet normal 0 0 1
    outer loop
      vertex 24 12 14
      vertex 13.5278 0.706749 14
      vertex 13.5993 0.749633 14
    endloop
  endfacet
  facet normal 0 0 1
    outer loop
      vertex -13.5278 0.706749 14
      vertex 13.5278 0.706749 14
      vertex 24 12 14
    endloop
  endfacet
  facet normal 0 0 1
    outer loop
      vertex 13.5278 0.706749 14
      vertex -13.5278 0.706749 14
      vertex 13.4608 0.657059 14
    endloop
  endfacet
  facet normal 0 0 1
    outer loop
      vertex 13.1541 0.0833139 14
      vertex -13.15 0 14
      vertex 13.15 0 14
    endloop
  endfacet
  facet normal 0 0 1
    outer loop
      vertex -13.1541 0.0833139 14
      vertex 13.1541 0.0833139 14
      vertex 13.1663 0.165826 14
    endloop
  endfacet
  facet normal 0 0 1
    outer loop
      vertex -13.1663 0.165826 14
      vertex 13.1663 0.165826 14
      vertex 13.1866 0.246741 14
    endloop
  endfacet
  facet normal 0 0 1
    outer loop
      vertex -13.1866 0.246741 14
      vertex 13.1866 0.246741 14
      vertex 13.2147 0.32528 14
    endloop
  endfacet
  facet normal 0 0 1
    outer loop
      vertex -13.2147 0.32528 14
      vertex 13.2147 0.32528 14
      vertex 13.2504 0.400687 14
    endloop
  endfacet
  facet normal 0 0 1
    outer loop
      vertex -13.2504 0.400687 14
      vertex 13.2504 0.400687 14
      vertex 13.2933 0.472234 14
    endloop
  endfacet
  facet normal 0 0 1
    outer loop
      vertex -13.2933 0.472234 14
      vertex 13.2933 0.472234 14
      vertex 13.3429 0.539234 14
    endloop
  endfacet
  facet normal 0 0 1
    outer loop
      vertex -13.3429 0.539234 14
      vertex 13.3429 0.539234 14
      vertex 13.399 0.60104 14
    endloop
  endfacet
  facet normal 0 -0 1
    outer loop
      vertex -13.4608 0.657059 14
      vertex 13.4608 0.657059 14
      vertex -13.5278 0.706749 14
    endloop
  endfacet
  facet normal 0 0 1
    outer loop
      vertex 13.1541 0.0833139 14
      vertex -13.1541 0.0833139 14
      vertex -13.15 0 14
    endloop
  endfacet
  facet normal 0 0 1
    outer loop
      vertex 13.1663 0.165826 14
      vertex -13.1663 0.165826 14
      vertex -13.1541 0.0833139 14
    endloop
  endfacet
  facet normal 0 0 1
    outer loop
      vertex 13.1866 0.246741 14
      vertex -13.1866 0.246741 14
      vertex -13.1663 0.165826 14
    endloop
  endfacet
  facet normal 0 0 1
    outer loop
      vertex 13.2147 0.32528 14
      vertex -13.2147 0.32528 14
      vertex -13.1866 0.246741 14
    endloop
  endfacet
  facet normal 0 0 1
    outer loop
      vertex 13.2504 0.400687 14
      vertex -13.2504 0.400687 14
      vertex -13.2147 0.32528 14
    endloop
  endfacet
  facet normal 0 0 1
    outer loop
      vertex 13.2933 0.472234 14
      vertex -13.2933 0.472234 14
      vertex -13.2504 0.400687 14
    endloop
  endfacet
  facet normal 0 0 1
    outer loop
      vertex 13.3429 0.539234 14
      vertex -13.3429 0.539234 14
      vertex -13.2933 0.472234 14
    endloop
  endfacet
  facet normal 0 0 1
    outer loop
      vertex 13.399 0.60104 14
      vertex -13.399 0.60104 14
      vertex -13.3429 0.539234 14
    endloop
  endfacet
  facet normal 0 0 1
    outer loop
      vertex 13.399 0.60104 14
      vertex -13.4608 0.657059 14
      vertex -13.399 0.60104 14
    endloop
  endfacet
  facet normal 0 0 1
    outer loop
      vertex 13.4608 0.657059 14
      vertex -13.4608 0.657059 14
      vertex 13.399 0.60104 14
    endloop
  endfacet
  facet normal 0 0 1
    outer loop
      vertex 24 12 14
      vertex -13.5993 0.749633 14
      vertex -13.5278 0.706749 14
    endloop
  endfacet
  facet normal -0 0 1
    outer loop
      vertex -24 12 14
      vertex -13.5993 0.749633 14
      vertex 24 12 14
    endloop
  endfacet
  facet normal 0 0 1
    outer loop
      vertex -13.5993 0.749633 14
      vertex -24 12 14
      vertex -13.6747 0.785297 14
    endloop
  endfacet
  facet normal 0 0 1
    outer loop
      vertex -13.6747 0.785297 14
      vertex -24 12 14
      vertex -13.7533 0.813398 14
    endloop
  endfacet
  facet normal 0 0 1
    outer loop
      vertex -13.7533 0.813398 14
      vertex -24 12 14
      vertex -13.8342 0.833667 14
    endloop
  endfacet
  facet normal 0 0 1
    outer loop
      vertex -13.8342 0.833667 14
      vertex -24 12 14
      vertex -13.9167 0.845906 14
    endloop
  endfacet
  facet normal 0 0 1
    outer loop
      vertex -13.9167 0.845906 14
      vertex -24 12 14
      vertex -14 0.849999 14
    endloop
  endfacet
  facet normal -0 -0 1
    outer loop
      vertex -17.3494 1.57059 14
      vertex -14 0.849999 14
      vertex -24 12 14
    endloop
  endfacet
  facet normal -0 -0 1
    outer loop
      vertex -17.1986 1.49927 14
      vertex -14 0.849999 14
      vertex -17.3494 1.57059 14
    endloop
  endfacet
  facet normal 0 0 1
    outer loop
      vertex -14.8459 0.0833139 14
      vertex -16.3 0 14
      vertex -14.85 0 14
    endloop
  endfacet
  facet normal 0 0 1
    outer loop
      vertex -16.3082 0.166629 14
      vertex -14.8459 0.0833139 14
      vertex -14.8337 0.165826 14
    endloop
  endfacet
  facet normal 0 0 1
    outer loop
      vertex -16.3327 0.331653 14
      vertex -14.8337 0.165826 14
      vertex -14.8134 0.246741 14
    endloop
  endfacet
  facet normal 0 0 1
    outer loop
      vertex -16.3327 0.331653 14
      vertex -14.8134 0.246741 14
      vertex -14.7853 0.32528 14
    endloop
  endfacet
  facet normal 0 0 1
    outer loop
      vertex -16.3732 0.493484 14
      vertex -14.7853 0.32528 14
      vertex -14.7496 0.400687 14
    endloop
  endfacet
  facet normal 0 0 1
    outer loop
      vertex -16.4294 0.650561 14
      vertex -14.7496 0.400687 14
      vertex -14.7067 0.472234 14
    endloop
  endfacet
  facet normal 0 0 1
    outer loop
      vertex -16.4294 0.650561 14
      vertex -14.7067 0.472234 14
      vertex -14.6571 0.539234 14
    endloop
  endfacet
  facet normal 0 0 1
    outer loop
      vertex -16.5007 0.801374 14
      vertex -14.6571 0.539234 14
      vertex -14.601 0.60104 14
    endloop
  endfacet
  facet normal 0 0 1
    outer loop
      vertex -16.5865 0.944468 14
      vertex -14.601 0.60104 14
      vertex -14.5392 0.657059 14
    endloop
  endfacet
  facet normal 0 0 1
    outer loop
      vertex -16.5865 0.944468 14
      vertex -14.5392 0.657059 14
      vertex -14.4722 0.706749 14
    endloop
  endfacet
  facet normal 0 0 1
    outer loop
      vertex -16.6859 1.07847 14
      vertex -14.4722 0.706749 14
      vertex -14.4007 0.749633 14
    endloop
  endfacet
  facet normal 0 0 1
    outer loop
      vertex -16.7979 1.20208 14
      vertex -14.4007 0.749633 14
      vertex -14.3253 0.785297 14
    endloop
  endfacet
  facet normal 0 0 1
    outer loop
      vertex -14.8459 0.0833139 14
      vertex -16.3082 0.166629 14
      vertex -16.3 0 14
    endloop
  endfacet
  facet normal 0 0 1
    outer loop
      vertex -16.9215 1.31412 14
      vertex -14.3253 0.785297 14
      vertex -14.2467 0.813398 14
    endloop
  endfacet
  facet normal 0 0 1
    outer loop
      vertex -14.8337 0.165826 14
      vertex -16.3327 0.331653 14
      vertex -16.3082 0.166629 14
    endloop
  endfacet
  facet normal 0 0 1
    outer loop
      vertex -14 0.849999 14
      vertex -17.1986 1.49927 14
      vertex -14.0833 0.845906 14
    endloop
  endfacet
  facet normal 0 0 1
    outer loop
      vertex -14.7853 0.32528 14
      vertex -16.3732 0.493484 14
      vertex -16.3327 0.331653 14
    endloop
  endfacet
  facet normal 0 0 1
    outer loop
      vertex -14.7496 0.400687 14
      vertex -16.4294 0.650561 14
      vertex -16.3732 0.493484 14
    endloop
  endfacet
  facet normal 0 0 1
    outer loop
      vertex -14.6571 0.539234 14
      vertex -16.5007 0.801374 14
      vertex -16.4294 0.650561 14
    endloop
  endfacet
  facet normal 0 0 1
    outer loop
      vertex -14.601 0.60104 14
      vertex -16.5865 0.944468 14
      vertex -16.5007 0.801374 14
    endloop
  endfacet
  facet normal 0 0 1
    outer loop
      vertex -14.4722 0.706749 14
      vertex -16.6859 1.07847 14
      vertex -16.5865 0.944468 14
    endloop
  endfacet
  facet normal 0 0 1
    outer loop
      vertex -14.4007 0.749633 14
      vertex -16.7979 1.20208 14
      vertex -16.6859 1.07847 14
    endloop
  endfacet
  facet normal 0 0 1
    outer loop
      vertex -14.3253 0.785297 14
      vertex -16.9215 1.31412 14
      vertex -16.7979 1.20208 14
    endloop
  endfacet
  facet normal -0 -0 1
    outer loop
      vertex -17.0555 1.4135 14
      vertex -14.0833 0.845906 14
      vertex -17.1986 1.49927 14
    endloop
  endfacet
  facet normal 0 0 1
    outer loop
      vertex -14.2467 0.813398 14
      vertex -17.0555 1.4135 14
      vertex -16.9215 1.31412 14
    endloop
  endfacet
  facet normal 0 0 1
    outer loop
      vertex -14.1658 0.833667 14
      vertex -17.0555 1.4135 14
      vertex -14.2467 0.813398 14
    endloop
  endfacet
  facet normal 0 0 1
    outer loop
      vertex -14.0833 0.845906 14
      vertex -17.0555 1.4135 14
      vertex -14.1658 0.833667 14
    endloop
  endfacet
  facet normal 0 0 1
    outer loop
      vertex -17.3494 1.57059 14
      vertex -24 12 14
      vertex -17.5065 1.6268 14
    endloop
  endfacet
  facet normal 0 0 1
    outer loop
      vertex -17.5065 1.6268 14
      vertex -24 12 14
      vertex -17.6683 1.66733 14
    endloop
  endfacet
  facet normal 0 0 1
    outer loop
      vertex -17.6683 1.66733 14
      vertex -24 12 14
      vertex -17.8334 1.69181 14
    endloop
  endfacet
  facet normal 0 0 1
    outer loop
      vertex -17.8334 1.69181 14
      vertex -24 12 14
      vertex -18 1.7 14
    endloop
  endfacet
  facet normal 0 0 1
    outer loop
      vertex -18 1.7 14
      vertex -24 12 14
      vertex -18.1666 1.69181 14
    endloop
  endfacet
  facet normal 0 0 1
    outer loop
      vertex -19.6918 0.166629 14
      vertex -24 12 14
      vertex -19.7 0 14
    endloop
  endfacet
  facet normal 0 0 1
    outer loop
      vertex -19.6673 0.331653 14
      vertex -24 12 14
      vertex -19.6918 0.166629 14
    endloop
  endfacet
  facet normal 0 0 1
    outer loop
      vertex -19.6268 0.493484 14
      vertex -24 12 14
      vertex -19.6673 0.331653 14
    endloop
  endfacet
  facet normal 0 0 1
    outer loop
      vertex -19.5706 0.650561 14
      vertex -24 12 14
      vertex -19.6268 0.493484 14
    endloop
  endfacet
  facet normal 0 0 1
    outer loop
      vertex -19.4993 0.801374 14
      vertex -24 12 14
      vertex -19.5706 0.650561 14
    endloop
  endfacet
  facet normal 0 0 1
    outer loop
      vertex -19.4135 0.944468 14
      vertex -24 12 14
      vertex -19.4993 0.801374 14
    endloop
  endfacet
  facet normal 0 0 1
    outer loop
      vertex -19.3141 1.07847 14
      vertex -24 12 14
      vertex -19.4135 0.944468 14
    endloop
  endfacet
  facet normal 0 0 1
    outer loop
      vertex -19.2021 1.20208 14
      vertex -24 12 14
      vertex -19.3141 1.07847 14
    endloop
  endfacet
  facet normal 0 0 1
    outer loop
      vertex -19.0785 1.31412 14
      vertex -24 12 14
      vertex -19.2021 1.20208 14
    endloop
  endfacet
  facet normal 0 0 1
    outer loop
      vertex -18.9445 1.4135 14
      vertex -24 12 14
      vertex -19.0785 1.31412 14
    endloop
  endfacet
  facet normal 0 0 1
    outer loop
      vertex -18.8014 1.49927 14
      vertex -24 12 14
      vertex -18.9445 1.4135 14
    endloop
  endfacet
  facet normal 0 0 1
    outer loop
      vertex -18.6506 1.57059 14
      vertex -24 12 14
      vertex -18.8014 1.49927 14
    endloop
  endfacet
  facet normal 0 0 1
    outer loop
      vertex -18.4935 1.6268 14
      vertex -24 12 14
      vertex -18.6506 1.57059 14
    endloop
  endfacet
  facet normal 0 0 1
    outer loop
      vertex -18.3317 1.66733 14
      vertex -24 12 14
      vertex -18.4935 1.6268 14
    endloop
  endfacet
  facet normal 0 0 1
    outer loop
      vertex -18.1666 1.69181 14
      vertex -24 12 14
      vertex -18.3317 1.66733 14
    endloop
  endfacet
  facet normal -0 0 1
    outer loop
      vertex 19.6918 -0.166629 14
      vertex 24 -12 14
      vertex 19.7 0 14
    endloop
  endfacet
  facet normal -0 0 1
    outer loop
      vertex 19.6673 -0.331653 14
      vertex 24 -12 14
      vertex 19.6918 -0.166629 14
    endloop
  endfacet
  facet normal -0 0 1
    outer loop
      vertex 19.6268 -0.493484 14
      vertex 24 -12 14
      vertex 19.6673 -0.331653 14
    endloop
  endfacet
  facet normal -0 0 1
    outer loop
      vertex 19.5706 -0.650561 14
      vertex 24 -12 14
      vertex 19.6268 -0.493484 14
    endloop
  endfacet
  facet normal -0 0 1
    outer loop
      vertex 19.4993 -0.801374 14
      vertex 24 -12 14
      vertex 19.5706 -0.650561 14
    endloop
  endfacet
  facet normal -0 0 1
    outer loop
      vertex 19.4135 -0.944468 14
      vertex 24 -12 14
      vertex 19.4993 -0.801374 14
    endloop
  endfacet
  facet normal -0 0 1
    outer loop
      vertex 19.3141 -1.07847 14
      vertex 24 -12 14
      vertex 19.4135 -0.944468 14
    endloop
  endfacet
  facet normal -0 0 1
    outer loop
      vertex 19.2021 -1.20208 14
      vertex 24 -12 14
      vertex 19.3141 -1.07847 14
    endloop
  endfacet
  facet normal -0 0 1
    outer loop
      vertex 19.0785 -1.31412 14
      vertex 24 -12 14
      vertex 19.2021 -1.20208 14
    endloop
  endfacet
  facet normal -0 0 1
    outer loop
      vertex 18.9445 -1.4135 14
      vertex 24 -12 14
      vertex 19.0785 -1.31412 14
    endloop
  endfacet
  facet normal -0 0 1
    outer loop
      vertex 18.8014 -1.49927 14
      vertex 24 -12 14
      vertex 18.9445 -1.4135 14
    endloop
  endfacet
  facet normal -0 0 1
    outer loop
      vertex 18.6506 -1.57059 14
      vertex 24 -12 14
      vertex 18.8014 -1.49927 14
    endloop
  endfacet
  facet normal -0 0 1
    outer loop
      vertex 18.4935 -1.6268 14
      vertex 24 -12 14
      vertex 18.6506 -1.57059 14
    endloop
  endfacet
  facet normal -0 0 1
    outer loop
      vertex 18.3317 -1.66733 14
      vertex 24 -12 14
      vertex 18.4935 -1.6268 14
    endloop
  endfacet
  facet normal -0 0 1
    outer loop
      vertex 18.1666 -1.69181 14
      vertex 24 -12 14
      vertex 18.3317 -1.66733 14
    endloop
  endfacet
  facet normal -0 0 1
    outer loop
      vertex 18 -1.7 14
      vertex 24 -12 14
      vertex 18.1666 -1.69181 14
    endloop
  endfacet
  facet normal 0 0 1
    outer loop
      vertex 17.8334 -1.69181 14
      vertex 24 -12 14
      vertex 18 -1.7 14
    endloop
  endfacet
  facet normal 0 0 1
    outer loop
      vertex 17.6683 -1.66733 14
      vertex 24 -12 14
      vertex 17.8334 -1.69181 14
    endloop
  endfacet
  facet normal 0 0 1
    outer loop
      vertex 17.5065 -1.6268 14
      vertex 24 -12 14
      vertex 17.6683 -1.66733 14
    endloop
  endfacet
  facet normal 0 0 1
    outer loop
      vertex 17.3494 -1.57059 14
      vertex 24 -12 14
      vertex 17.5065 -1.6268 14
    endloop
  endfacet
  facet normal 0 0 1
    outer loop
      vertex 14 -0.849999 14
      vertex 17.3494 -1.57059 14
      vertex 17.1986 -1.49927 14
    endloop
  endfacet
  facet normal 0 0 1
    outer loop
      vertex 14.0833 -0.845906 14
      vertex 17.1986 -1.49927 14
      vertex 17.0555 -1.4135 14
    endloop
  endfacet
  facet normal 0 0 1
    outer loop
      vertex 14.1658 -0.833667 14
      vertex 17.0555 -1.4135 14
      vertex 16.9215 -1.31412 14
    endloop
  endfacet
  facet normal 0 0 1
    outer loop
      vertex 14.3253 -0.785297 14
      vertex 16.9215 -1.31412 14
      vertex 16.7979 -1.20208 14
    endloop
  endfacet
  facet normal 0 0 1
    outer loop
      vertex 14.4007 -0.749633 14
      vertex 16.7979 -1.20208 14
      vertex 16.6859 -1.07847 14
    endloop
  endfacet
  facet normal 0 0 1
    outer loop
      vertex 14.4722 -0.706749 14
      vertex 16.6859 -1.07847 14
      vertex 16.5865 -0.944468 14
    endloop
  endfacet
  facet normal 0 0 1
    outer loop
      vertex 14.8459 -0.0833139 14
      vertex 16.3 0 14
      vertex 14.85 0 14
    endloop
  endfacet
  facet normal 0 0 1
    outer loop
      vertex 16.3 0 14
      vertex 14.8459 -0.0833139 14
      vertex 16.3082 -0.166629 14
    endloop
  endfacet
  facet normal -0 0 1
    outer loop
      vertex 14.8337 -0.165826 14
      vertex 16.3082 -0.166629 14
      vertex 14.8459 -0.0833139 14
    endloop
  endfacet
  facet normal 0 0 1
    outer loop
      vertex 16.3082 -0.166629 14
      vertex 14.8337 -0.165826 14
      vertex 16.3327 -0.331653 14
    endloop
  endfacet
  facet normal -0 0 1
    outer loop
      vertex 14.8134 -0.246741 14
      vertex 16.3327 -0.331653 14
      vertex 14.8337 -0.165826 14
    endloop
  endfacet
  facet normal -0 0 1
    outer loop
      vertex 14.7853 -0.32528 14
      vertex 16.3327 -0.331653 14
      vertex 14.8134 -0.246741 14
    endloop
  endfacet
  facet normal 0 0 1
    outer loop
      vertex 16.3327 -0.331653 14
      vertex 14.7853 -0.32528 14
      vertex 16.3732 -0.493484 14
    endloop
  endfacet
  facet normal -0 0 1
    outer loop
      vertex 14.7496 -0.400687 14
      vertex 16.3732 -0.493484 14
      vertex 14.7853 -0.32528 14
    endloop
  endfacet
  facet normal 0 0 1
    outer loop
      vertex 16.3732 -0.493484 14
      vertex 14.7496 -0.400687 14
      vertex 16.4294 -0.650561 14
    endloop
  endfacet
  facet normal -0 0 1
    outer loop
      vertex 14.7067 -0.472234 14
      vertex 16.4294 -0.650561 14
      vertex 14.7496 -0.400687 14
    endloop
  endfacet
  facet normal -0 0 1
    outer loop
      vertex 14.6571 -0.539234 14
      vertex 16.4294 -0.650561 14
      vertex 14.7067 -0.472234 14
    endloop
  endfacet
  facet normal 0 0 1
    outer loop
      vertex 16.4294 -0.650561 14
      vertex 14.6571 -0.539234 14
      vertex 16.5007 -0.801374 14
    endloop
  endfacet
  facet normal -0 0 1
    outer loop
      vertex 14.601 -0.60104 14
      vertex 16.5007 -0.801374 14
      vertex 14.6571 -0.539234 14
    endloop
  endfacet
  facet normal 0 0 1
    outer loop
      vertex 16.5007 -0.801374 14
      vertex 14.601 -0.60104 14
      vertex 16.5865 -0.944468 14
    endloop
  endfacet
  facet normal -0 0 1
    outer loop
      vertex 14.5392 -0.657059 14
      vertex 16.5865 -0.944468 14
      vertex 14.601 -0.60104 14
    endloop
  endfacet
  facet normal -0 0 1
    outer loop
      vertex 14.4722 -0.706749 14
      vertex 16.5865 -0.944468 14
      vertex 14.5392 -0.657059 14
    endloop
  endfacet
  facet normal 0 0 1
    outer loop
      vertex 16.6859 -1.07847 14
      vertex 14.4722 -0.706749 14
      vertex 14.4007 -0.749633 14
    endloop
  endfacet
  facet normal 0 0 1
    outer loop
      vertex 16.7979 -1.20208 14
      vertex 14.4007 -0.749633 14
      vertex 14.3253 -0.785297 14
    endloop
  endfacet
  facet normal 0 0 1
    outer loop
      vertex 16.9215 -1.31412 14
      vertex 14.3253 -0.785297 14
      vertex 14.2467 -0.813398 14
    endloop
  endfacet
  facet normal 0 0 1
    outer loop
      vertex 16.9215 -1.31412 14
      vertex 14.2467 -0.813398 14
      vertex 14.1658 -0.833667 14
    endloop
  endfacet
  facet normal 0 0 1
    outer loop
      vertex 17.0555 -1.4135 14
      vertex 14.1658 -0.833667 14
      vertex 14.0833 -0.845906 14
    endloop
  endfacet
  facet normal 0 0 1
    outer loop
      vertex 17.1986 -1.49927 14
      vertex 14.0833 -0.845906 14
      vertex 14 -0.849999 14
    endloop
  endfacet
  facet normal 0 0 1
    outer loop
      vertex 17.3494 -1.57059 14
      vertex 14 -0.849999 14
      vertex 24 -12 14
    endloop
  endfacet
  facet normal 0 0 1
    outer loop
      vertex 13.9167 -0.845906 14
      vertex 24 -12 14
      vertex 14 -0.849999 14
    endloop
  endfacet
  facet normal 0 0 1
    outer loop
      vertex 13.8342 -0.833667 14
      vertex 24 -12 14
      vertex 13.9167 -0.845906 14
    endloop
  endfacet
  facet normal 0 0 1
    outer loop
      vertex 13.7533 -0.813398 14
      vertex 24 -12 14
      vertex 13.8342 -0.833667 14
    endloop
  endfacet
  facet normal 0 0 1
    outer loop
      vertex 13.6747 -0.785297 14
      vertex 24 -12 14
      vertex 13.7533 -0.813398 14
    endloop
  endfacet
  facet normal 0 0 1
    outer loop
      vertex 13.5993 -0.749633 14
      vertex 24 -12 14
      vertex 13.6747 -0.785297 14
    endloop
  endfacet
  facet normal 0 0 1
    outer loop
      vertex 13.5278 -0.706749 14
      vertex 24 -12 14
      vertex 13.5993 -0.749633 14
    endloop
  endfacet
  facet normal 0 0 1
    outer loop
      vertex -13.5278 -0.706749 14
      vertex 13.5278 -0.706749 14
      vertex 13.4608 -0.657059 14
    endloop
  endfacet
  facet normal 0 0 1
    outer loop
      vertex -13.4608 -0.657059 14
      vertex 13.4608 -0.657059 14
      vertex 13.399 -0.60104 14
    endloop
  endfacet
  facet normal -0 0 1
    outer loop
      vertex -13.15 0 14
      vertex 13.1541 -0.0833139 14
      vertex 13.15 0 14
    endloop
  endfacet
  facet normal 0 0 1
    outer loop
      vertex -13.1541 -0.0833139 14
      vertex 13.1541 -0.0833139 14
      vertex -13.15 0 14
    endloop
  endfacet
  facet normal 0 0 1
    outer loop
      vertex 13.1541 -0.0833139 14
      vertex -13.1541 -0.0833139 14
      vertex 13.1663 -0.165826 14
    endloop
  endfacet
  facet normal 0 0 1
    outer loop
      vertex -13.1663 -0.165826 14
      vertex 13.1663 -0.165826 14
      vertex -13.1541 -0.0833139 14
    endloop
  endfacet
  facet normal 0 0 1
    outer loop
      vertex 13.1663 -0.165826 14
      vertex -13.1663 -0.165826 14
      vertex 13.1866 -0.246741 14
    endloop
  endfacet
  facet normal 0 0 1
    outer loop
      vertex -13.1866 -0.246741 14
      vertex 13.1866 -0.246741 14
      vertex -13.1663 -0.165826 14
    endloop
  endfacet
  facet normal 0 0 1
    outer loop
      vertex 13.1866 -0.246741 14
      vertex -13.1866 -0.246741 14
      vertex 13.2147 -0.32528 14
    endloop
  endfacet
  facet normal 0 0 1
    outer loop
      vertex -13.2147 -0.32528 14
      vertex 13.2147 -0.32528 14
      vertex -13.1866 -0.246741 14
    endloop
  endfacet
  facet normal 0 0 1
    outer loop
      vertex 13.2147 -0.32528 14
      vertex -13.2147 -0.32528 14
      vertex 13.2504 -0.400687 14
    endloop
  endfacet
  facet normal 0 0 1
    outer loop
      vertex -13.2504 -0.400687 14
      vertex 13.2504 -0.400687 14
      vertex -13.2147 -0.32528 14
    endloop
  endfacet
  facet normal 0 0 1
    outer loop
      vertex 13.2504 -0.400687 14
      vertex -13.2504 -0.400687 14
      vertex 13.2933 -0.472234 14
    endloop
  endfacet
  facet normal 0 0 1
    outer loop
      vertex -13.2933 -0.472234 14
      vertex 13.2933 -0.472234 14
      vertex -13.2504 -0.400687 14
    endloop
  endfacet
  facet normal 0 0 1
    outer loop
      vertex 13.2933 -0.472234 14
      vertex -13.2933 -0.472234 14
      vertex 13.3429 -0.539234 14
    endloop
  endfacet
  facet normal 0 0 1
    outer loop
      vertex -13.3429 -0.539234 14
      vertex 13.3429 -0.539234 14
      vertex -13.2933 -0.472234 14
    endloop
  endfacet
  facet normal 0 0 1
    outer loop
      vertex 13.3429 -0.539234 14
      vertex -13.3429 -0.539234 14
      vertex 13.399 -0.60104 14
    endloop
  endfacet
  facet normal 0 0 1
    outer loop
      vertex -13.399 -0.60104 14
      vertex 13.399 -0.60104 14
      vertex -13.3429 -0.539234 14
    endloop
  endfacet
  facet normal 0 0 1
    outer loop
      vertex -13.4608 -0.657059 14
      vertex 13.399 -0.60104 14
      vertex -13.399 -0.60104 14
    endloop
  endfacet
  facet normal 0 0 1
    outer loop
      vertex 13.4608 -0.657059 14
      vertex -13.4608 -0.657059 14
      vertex -13.5278 -0.706749 14
    endloop
  endfacet
  facet normal 0 0 1
    outer loop
      vertex 13.5278 -0.706749 14
      vertex -13.5278 -0.706749 14
      vertex 24 -12 14
    endloop
  endfacet
  facet normal -0 0 1
    outer loop
      vertex -13.5993 -0.749633 14
      vertex 24 -12 14
      vertex -13.5278 -0.706749 14
    endloop
  endfacet
  facet normal 0 0 1
    outer loop
      vertex -24 -12 14
      vertex -13.5993 -0.749633 14
      vertex -13.6747 -0.785297 14
    endloop
  endfacet
  facet normal 0 0 1
    outer loop
      vertex -24 -12 14
      vertex -13.6747 -0.785297 14
      vertex -13.7533 -0.813398 14
    endloop
  endfacet
  facet normal 0 0 1
    outer loop
      vertex -24 -12 14
      vertex -13.7533 -0.813398 14
      vertex -13.8342 -0.833667 14
    endloop
  endfacet
  facet normal 0 0 1
    outer loop
      vertex -24 -12 14
      vertex -13.8342 -0.833667 14
      vertex -13.9167 -0.845906 14
    endloop
  endfacet
  facet normal 0 0 1
    outer loop
      vertex -24 -12 14
      vertex -13.9167 -0.845906 14
      vertex -14 -0.849999 14
    endloop
  endfacet
  facet normal 0 0 1
    outer loop
      vertex -17.1986 -1.49927 14
      vertex -14 -0.849999 14
      vertex -14.0833 -0.845906 14
    endloop
  endfacet
  facet normal 0 0 1
    outer loop
      vertex -17.0555 -1.4135 14
      vertex -14.0833 -0.845906 14
      vertex -14.1658 -0.833667 14
    endloop
  endfacet
  facet normal 0 0 1
    outer loop
      vertex -17.0555 -1.4135 14
      vertex -14.1658 -0.833667 14
      vertex -14.2467 -0.813398 14
    endloop
  endfacet
  facet normal -0 0 1
    outer loop
      vertex -16.3 0 14
      vertex -14.8459 -0.0833139 14
      vertex -14.85 0 14
    endloop
  endfacet
  facet normal 0 0 1
    outer loop
      vertex -16.3082 -0.166629 14
      vertex -14.8459 -0.0833139 14
      vertex -16.3 0 14
    endloop
  endfacet
  facet normal 0 0 1
    outer loop
      vertex -14.8459 -0.0833139 14
      vertex -16.3082 -0.166629 14
      vertex -14.8337 -0.165826 14
    endloop
  endfacet
  facet normal 0 0 1
    outer loop
      vertex -16.3327 -0.331653 14
      vertex -14.8337 -0.165826 14
      vertex -16.3082 -0.166629 14
    endloop
  endfacet
  facet normal 0 0 1
    outer loop
      vertex -14.8337 -0.165826 14
      vertex -16.3327 -0.331653 14
      vertex -14.8134 -0.246741 14
    endloop
  endfacet
  facet normal 0 0 1
    outer loop
      vertex -14.8134 -0.246741 14
      vertex -16.3327 -0.331653 14
      vertex -14.7853 -0.32528 14
    endloop
  endfacet
  facet normal 0 0 1
    outer loop
      vertex -16.3732 -0.493484 14
      vertex -14.7853 -0.32528 14
      vertex -16.3327 -0.331653 14
    endloop
  endfacet
  facet normal 0 0 1
    outer loop
      vertex -14.7853 -0.32528 14
      vertex -16.3732 -0.493484 14
      vertex -14.7496 -0.400687 14
    endloop
  endfacet
  facet normal 0 0 1
    outer loop
      vertex -16.4294 -0.650561 14
      vertex -14.7496 -0.400687 14
      vertex -16.3732 -0.493484 14
    endloop
  endfacet
  facet normal 0 0 1
    outer loop
      vertex -14.7496 -0.400687 14
      vertex -16.4294 -0.650561 14
      vertex -14.7067 -0.472234 14
    endloop
  endfacet
  facet normal 0 0 1
    outer loop
      vertex -14.7067 -0.472234 14
      vertex -16.4294 -0.650561 14
      vertex -14.6571 -0.539234 14
    endloop
  endfacet
  facet normal 0 0 1
    outer loop
      vertex -16.5007 -0.801374 14
      vertex -14.6571 -0.539234 14
      vertex -16.4294 -0.650561 14
    endloop
  endfacet
  facet normal 0 0 1
    outer loop
      vertex -14.6571 -0.539234 14
      vertex -16.5007 -0.801374 14
      vertex -14.601 -0.60104 14
    endloop
  endfacet
  facet normal 0 0 1
    outer loop
      vertex -16.5865 -0.944468 14
      vertex -14.601 -0.60104 14
      vertex -16.5007 -0.801374 14
    endloop
  endfacet
  facet normal 0 0 1
    outer loop
      vertex -14.601 -0.60104 14
      vertex -16.5865 -0.944468 14
      vertex -14.5392 -0.657059 14
    endloop
  endfacet
  facet normal 0 0 1
    outer loop
      vertex -14.5392 -0.657059 14
      vertex -16.5865 -0.944468 14
      vertex -14.4722 -0.706749 14
    endloop
  endfacet
  facet normal 0 0 1
    outer loop
      vertex -16.6859 -1.07847 14
      vertex -14.4722 -0.706749 14
      vertex -16.5865 -0.944468 14
    endloop
  endfacet
  facet normal 0 0 1
    outer loop
      vertex -14.4722 -0.706749 14
      vertex -16.6859 -1.07847 14
      vertex -14.4007 -0.749633 14
    endloop
  endfacet
  facet normal 0 0 1
    outer loop
      vertex -16.7979 -1.20208 14
      vertex -14.4007 -0.749633 14
      vertex -16.6859 -1.07847 14
    endloop
  endfacet
  facet normal 0 0 1
    outer loop
      vertex -14.4007 -0.749633 14
      vertex -16.7979 -1.20208 14
      vertex -14.3253 -0.785297 14
    endloop
  endfacet
  facet normal 0 0 1
    outer loop
      vertex -16.9215 -1.31412 14
      vertex -14.3253 -0.785297 14
      vertex -16.7979 -1.20208 14
    endloop
  endfacet
  facet normal 0 0 1
    outer loop
      vertex -14.3253 -0.785297 14
      vertex -16.9215 -1.31412 14
      vertex -14.2467 -0.813398 14
    endloop
  endfacet
  facet normal 0 0 1
    outer loop
      vertex -17.0555 -1.4135 14
      vertex -14.2467 -0.813398 14
      vertex -16.9215 -1.31412 14
    endloop
  endfacet
  facet normal 0 0 1
    outer loop
      vertex -14.0833 -0.845906 14
      vertex -17.0555 -1.4135 14
      vertex -17.1986 -1.49927 14
    endloop
  endfacet
  facet normal 0 0 1
    outer loop
      vertex -14 -0.849999 14
      vertex -17.1986 -1.49927 14
      vertex -17.3494 -1.57059 14
    endloop
  endfacet
  facet normal 0 0 1
    outer loop
      vertex -14 -0.849999 14
      vertex -17.3494 -1.57059 14
      vertex -24 -12 14
    endloop
  endfacet
  facet normal 0 0 1
    outer loop
      vertex -24 -12 14
      vertex -17.3494 -1.57059 14
      vertex -17.5065 -1.6268 14
    endloop
  endfacet
  facet normal 0 0 1
    outer loop
      vertex -24 -12 14
      vertex -17.5065 -1.6268 14
      vertex -17.6683 -1.66733 14
    endloop
  endfacet
  facet normal 0 0 1
    outer loop
      vertex -24 -12 14
      vertex -17.6683 -1.66733 14
      vertex -17.8334 -1.69181 14
    endloop
  endfacet
  facet normal 0 0 1
    outer loop
      vertex -24 -12 14
      vertex -17.8334 -1.69181 14
      vertex -18 -1.7 14
    endloop
  endfacet
  facet normal 0 0 1
    outer loop
      vertex -24 -12 14
      vertex -18 -1.7 14
      vertex -18.1666 -1.69181 14
    endloop
  endfacet
  facet normal 0 0 1
    outer loop
      vertex -24 -12 14
      vertex -18.1666 -1.69181 14
      vertex -18.3317 -1.66733 14
    endloop
  endfacet
  facet normal 0 0 1
    outer loop
      vertex -24 -12 14
      vertex -19.7 0 14
      vertex -24 12 14
    endloop
  endfacet
  facet normal 0 0 1
    outer loop
      vertex -19.7 0 14
      vertex -24 -12 14
      vertex -19.6918 -0.166629 14
    endloop
  endfacet
  facet normal 0 0 1
    outer loop
      vertex -19.6918 -0.166629 14
      vertex -24 -12 14
      vertex -19.6673 -0.331653 14
    endloop
  endfacet
  facet normal 0 0 1
    outer loop
      vertex -13.5993 -0.749633 14
      vertex -24 -12 14
      vertex 24 -12 14
    endloop
  endfacet
  facet normal 0 0 1
    outer loop
      vertex -18.4935 -1.6268 14
      vertex -24 -12 14
      vertex -18.3317 -1.66733 14
    endloop
  endfacet
  facet normal 0 0 1
    outer loop
      vertex -18.6506 -1.57059 14
      vertex -24 -12 14
      vertex -18.4935 -1.6268 14
    endloop
  endfacet
  facet normal 0 0 1
    outer loop
      vertex -18.8014 -1.49927 14
      vertex -24 -12 14
      vertex -18.6506 -1.57059 14
    endloop
  endfacet
  facet normal 0 0 1
    outer loop
      vertex -18.9445 -1.4135 14
      vertex -24 -12 14
      vertex -18.8014 -1.49927 14
    endloop
  endfacet
  facet normal 0 0 1
    outer loop
      vertex -19.0785 -1.31412 14
      vertex -24 -12 14
      vertex -18.9445 -1.4135 14
    endloop
  endfacet
  facet normal 0 0 1
    outer loop
      vertex -19.2021 -1.20208 14
      vertex -24 -12 14
      vertex -19.0785 -1.31412 14
    endloop
  endfacet
  facet normal 0 0 1
    outer loop
      vertex -19.3141 -1.07847 14
      vertex -24 -12 14
      vertex -19.2021 -1.20208 14
    endloop
  endfacet
  facet normal 0 0 1
    outer loop
      vertex -19.4135 -0.944468 14
      vertex -24 -12 14
      vertex -19.3141 -1.07847 14
    endloop
  endfacet
  facet normal 0 0 1
    outer loop
      vertex -19.4993 -0.801374 14
      vertex -24 -12 14
      vertex -19.4135 -0.944468 14
    endloop
  endfacet
  facet normal 0 0 1
    outer loop
      vertex -19.5706 -0.650561 14
      vertex -24 -12 14
      vertex -19.4993 -0.801374 14
    endloop
  endfacet
  facet normal 0 0 1
    outer loop
      vertex -19.6268 -0.493484 14
      vertex -24 -12 14
      vertex -19.5706 -0.650561 14
    endloop
  endfacet
  facet normal 0 0 1
    outer loop
      vertex -19.6673 -0.331653 14
      vertex -24 -12 14
      vertex -19.6268 -0.493484 14
    endloop
  endfacet
  facet normal -1 0 0
    outer loop
      vertex 11.7 -6.4 0
      vertex 11.7 6.4 13
      vertex 11.7 6.4 0
    endloop
  endfacet
  facet normal -1 -0 0
    outer loop
      vertex 11.7 6.4 13
      vertex 11.7 -6.4 0
      vertex 11.7 -6.4 13
    endloop
  endfacet
  facet normal 0 -1 0
    outer loop
      vertex -11.7 6.4 0
      vertex 11.7 6.4 13
      vertex -11.7 6.4 13
    endloop
  endfacet
  facet normal 0 -1 -0
    outer loop
      vertex 11.7 6.4 13
      vertex -11.7 6.4 0
      vertex 11.7 6.4 0
    endloop
  endfacet
  facet normal 0 1 -0
    outer loop
      vertex 11.7 -6.4 0
      vertex -11.7 -6.4 13
      vertex 11.7 -6.4 13
    endloop
  endfacet
  facet normal 0 1 0
    outer loop
      vertex -11.7 -6.4 13
      vertex 11.7 -6.4 0
      vertex -11.7 -6.4 0
    endloop
  endfacet
  facet normal 1 -0 0
    outer loop
      vertex -11.7 -6.4 13
      vertex -11.7 6.4 0
      vertex -11.7 6.4 13
    endloop
  endfacet
  facet normal 1 0 0
    outer loop
      vertex -11.7 6.4 0
      vertex -11.7 -6.4 13
      vertex -11.7 -6.4 0
    endloop
  endfacet
  facet normal 0 0 -1
    outer loop
      vertex -11.7 -6.4 13
      vertex 11.7 6.4 13
      vertex 11.7 -6.4 13
    endloop
  endfacet
  facet normal -0 0 -1
    outer loop
      vertex 11.7 6.4 13
      vertex -11.7 -6.4 13
      vertex -11.7 6.4 13
    endloop
  endfacet
endsolid OpenSCAD_Model
