solid OpenSCAD_Model
  facet normal 1 -0 0
    outer loop
      vertex 144 3.5 23
      vertex 144 35.5 0
      vertex 144 35.5 23
    endloop
  endfacet
  facet normal 1 0 0
    outer loop
      vertex 144 35.5 0
      vertex 144 3.5 23
      vertex 144 3.5 0
    endloop
  endfacet
  facet normal 1 -0 0
    outer loop
      vertex 144 -35.5 23
      vertex 144 -3.5 0
      vertex 144 -3.5 23
    endloop
  endfacet
  facet normal 1 0 0
    outer loop
      vertex 144 -3.5 0
      vertex 144 -35.5 23
      vertex 144 -35.5 0
    endloop
  endfacet
  facet normal 0 0 1
    outer loop
      vertex 132.035 -36.9013 27
      vertex 139.5 -33.5 27
      vertex 139.5 -32.5 27
    endloop
  endfacet
  facet normal 0 0 1
    outer loop
      vertex 139.5 -33.5 27
      vertex 132.685 -38.0281 27
      vertex 132.7 -38.25 27
    endloop
  endfacet
  facet normal 0 0 1
    outer loop
      vertex 139.5 -33.5 27
      vertex 132.642 -37.81 27
      vertex 132.685 -38.0281 27
    endloop
  endfacet
  facet normal 0 0 1
    outer loop
      vertex 139.5 -33.5 27
      vertex 132.571 -37.5994 27
      vertex 132.642 -37.81 27
    endloop
  endfacet
  facet normal 0 0 1
    outer loop
      vertex 139.5 -33.5 27
      vertex 132.472 -37.4 27
      vertex 132.571 -37.5994 27
    endloop
  endfacet
  facet normal 0 0 1
    outer loop
      vertex 139.5 -33.5 27
      vertex 132.349 -37.2151 27
      vertex 132.472 -37.4 27
    endloop
  endfacet
  facet normal 0 0 1
    outer loop
      vertex 139.5 -33.5 27
      vertex 132.202 -37.0479 27
      vertex 132.349 -37.2151 27
    endloop
  endfacet
  facet normal 0 0 1
    outer loop
      vertex 139.5 -33.5 27
      vertex 132.035 -36.9013 27
      vertex 132.202 -37.0479 27
    endloop
  endfacet
  facet normal 0 0 1
    outer loop
      vertex 139.5 -32.5 27
      vertex 131.85 -36.7778 27
      vertex 132.035 -36.9013 27
    endloop
  endfacet
  facet normal 0 0 1
    outer loop
      vertex 139.5 -32.5 27
      vertex 131.651 -36.6794 27
      vertex 131.85 -36.7778 27
    endloop
  endfacet
  facet normal 0 0 1
    outer loop
      vertex 139.5 -32.5 27
      vertex 131.44 -36.6079 27
      vertex 131.651 -36.6794 27
    endloop
  endfacet
  facet normal 0 0 1
    outer loop
      vertex 139.5 -32.5 27
      vertex 131.222 -36.5645 27
      vertex 131.44 -36.6079 27
    endloop
  endfacet
  facet normal 0 0 1
    outer loop
      vertex 139.5 -32.5 27
      vertex 131 -36.55 27
      vertex 131.222 -36.5645 27
    endloop
  endfacet
  facet normal 0 0 1
    outer loop
      vertex 139.5 -32.5 27
      vertex 130.778 -36.5645 27
      vertex 131 -36.55 27
    endloop
  endfacet
  facet normal 0 0 1
    outer loop
      vertex 139.5 -32.5 27
      vertex 130.56 -36.6079 27
      vertex 130.778 -36.5645 27
    endloop
  endfacet
  facet normal 0 0 1
    outer loop
      vertex 139.5 -32.5 27
      vertex 130.349 -36.6794 27
      vertex 130.56 -36.6079 27
    endloop
  endfacet
  facet normal 0 0 1
    outer loop
      vertex 129.315 -38.0281 27
      vertex 61.7 -38.25 27
      vertex 129.3 -38.25 27
    endloop
  endfacet
  facet normal 0 0 1
    outer loop
      vertex 61.6855 -38.0281 27
      vertex 129.315 -38.0281 27
      vertex 129.358 -37.81 27
    endloop
  endfacet
  facet normal 0 0 1
    outer loop
      vertex 61.6421 -37.81 27
      vertex 129.358 -37.81 27
      vertex 129.429 -37.5994 27
    endloop
  endfacet
  facet normal 0 0 1
    outer loop
      vertex 61.5706 -37.5994 27
      vertex 129.429 -37.5994 27
      vertex 129.528 -37.4 27
    endloop
  endfacet
  facet normal 0 0 1
    outer loop
      vertex 61.4722 -37.4 27
      vertex 129.528 -37.4 27
      vertex 129.651 -37.2151 27
    endloop
  endfacet
  facet normal 0 0 1
    outer loop
      vertex 61.3487 -37.2151 27
      vertex 129.651 -37.2151 27
      vertex 129.798 -37.0479 27
    endloop
  endfacet
  facet normal 0 0 1
    outer loop
      vertex 61.2021 -37.0479 27
      vertex 129.798 -37.0479 27
      vertex 129.965 -36.9013 27
    endloop
  endfacet
  facet normal 0 0 1
    outer loop
      vertex 61.0349 -36.9013 27
      vertex 129.965 -36.9013 27
      vertex 130.15 -36.7778 27
    endloop
  endfacet
  facet normal 0 0 1
    outer loop
      vertex 60.85 -36.7778 27
      vertex 130.15 -36.7778 27
      vertex 130.349 -36.6794 27
    endloop
  endfacet
  facet normal 0 0 1
    outer loop
      vertex 60.6506 -36.6794 27
      vertex 130.349 -36.6794 27
      vertex 139.5 -32.5 27
    endloop
  endfacet
  facet normal 0 0 1
    outer loop
      vertex 129.315 -38.0281 27
      vertex 61.6855 -38.0281 27
      vertex 61.7 -38.25 27
    endloop
  endfacet
  facet normal 0 0 1
    outer loop
      vertex 129.358 -37.81 27
      vertex 61.6421 -37.81 27
      vertex 61.6855 -38.0281 27
    endloop
  endfacet
  facet normal 0 0 1
    outer loop
      vertex 129.429 -37.5994 27
      vertex 61.5706 -37.5994 27
      vertex 61.6421 -37.81 27
    endloop
  endfacet
  facet normal 0 0 1
    outer loop
      vertex 129.528 -37.4 27
      vertex 61.4722 -37.4 27
      vertex 61.5706 -37.5994 27
    endloop
  endfacet
  facet normal 0 0 1
    outer loop
      vertex 129.651 -37.2151 27
      vertex 61.3487 -37.2151 27
      vertex 61.4722 -37.4 27
    endloop
  endfacet
  facet normal 0 0 1
    outer loop
      vertex 129.798 -37.0479 27
      vertex 61.2021 -37.0479 27
      vertex 61.3487 -37.2151 27
    endloop
  endfacet
  facet normal 0 0 1
    outer loop
      vertex 129.965 -36.9013 27
      vertex 61.0349 -36.9013 27
      vertex 61.2021 -37.0479 27
    endloop
  endfacet
  facet normal 0 0 1
    outer loop
      vertex 130.15 -36.7778 27
      vertex 60.85 -36.7778 27
      vertex 61.0349 -36.9013 27
    endloop
  endfacet
  facet normal 0 0 1
    outer loop
      vertex 130.349 -36.6794 27
      vertex 60.6506 -36.6794 27
      vertex 60.85 -36.7778 27
    endloop
  endfacet
  facet normal 0 0 1
    outer loop
      vertex 139.5 -32.5 27
      vertex 60.44 -36.6079 27
      vertex 60.6506 -36.6794 27
    endloop
  endfacet
  facet normal -0 0 1
    outer loop
      vertex 50 -32.5 27
      vertex 60.44 -36.6079 27
      vertex 139.5 -32.5 27
    endloop
  endfacet
  facet normal 0 0 1
    outer loop
      vertex 60.44 -36.6079 27
      vertex 50 -32.5 27
      vertex 60.2219 -36.5645 27
    endloop
  endfacet
  facet normal 0 0 1
    outer loop
      vertex 58.3145 -38.0281 27
      vertex 50.5 -35.5 27
      vertex 58.3 -38.25 27
    endloop
  endfacet
  facet normal 0 0 1
    outer loop
      vertex 58.3579 -37.81 27
      vertex 50.5 -35.5 27
      vertex 58.3145 -38.0281 27
    endloop
  endfacet
  facet normal 0 0 1
    outer loop
      vertex 58.4294 -37.5994 27
      vertex 50.5 -35.5 27
      vertex 58.3579 -37.81 27
    endloop
  endfacet
  facet normal 0 0 1
    outer loop
      vertex 58.5278 -37.4 27
      vertex 50.5 -35.5 27
      vertex 58.4294 -37.5994 27
    endloop
  endfacet
  facet normal 0 0 1
    outer loop
      vertex 58.6513 -37.2151 27
      vertex 50.5 -35.5 27
      vertex 58.5278 -37.4 27
    endloop
  endfacet
  facet normal 0 0 1
    outer loop
      vertex 58.7979 -37.0479 27
      vertex 50.5 -35.5 27
      vertex 58.6513 -37.2151 27
    endloop
  endfacet
  facet normal 0 0 1
    outer loop
      vertex 50 -32.5 27
      vertex 58.7979 -37.0479 27
      vertex 58.9651 -36.9013 27
    endloop
  endfacet
  facet normal 0 0 1
    outer loop
      vertex 50 -32.5 27
      vertex 58.9651 -36.9013 27
      vertex 59.15 -36.7778 27
    endloop
  endfacet
  facet normal 0 0 1
    outer loop
      vertex 50 -32.5 27
      vertex 59.15 -36.7778 27
      vertex 59.3494 -36.6794 27
    endloop
  endfacet
  facet normal 0 0 1
    outer loop
      vertex 50 -32.5 27
      vertex 59.3494 -36.6794 27
      vertex 59.56 -36.6079 27
    endloop
  endfacet
  facet normal 0 0 1
    outer loop
      vertex 50 -32.5 27
      vertex 59.56 -36.6079 27
      vertex 59.7781 -36.5645 27
    endloop
  endfacet
  facet normal 0 0 1
    outer loop
      vertex 50 -32.5 27
      vertex 59.7781 -36.5645 27
      vertex 60 -36.55 27
    endloop
  endfacet
  facet normal 0 0 1
    outer loop
      vertex 60.2219 -36.5645 27
      vertex 50 -32.5 27
      vertex 60 -36.55 27
    endloop
  endfacet
  facet normal 0 0 1
    outer loop
      vertex 58.7979 -37.0479 27
      vertex 50 -32.5 27
      vertex 50.5 -35.5 27
    endloop
  endfacet
  facet normal -0 0 1
    outer loop
      vertex 49.4914 11.8695 27
      vertex 50 -32.5 27
      vertex 49.5 12 27
    endloop
  endfacet
  facet normal -0 0 1
    outer loop
      vertex 49.4659 11.7412 27
      vertex 50 -32.5 27
      vertex 49.4914 11.8695 27
    endloop
  endfacet
  facet normal -0 0 1
    outer loop
      vertex 49.4239 11.6173 27
      vertex 50 -32.5 27
      vertex 49.4659 11.7412 27
    endloop
  endfacet
  facet normal -0 0 1
    outer loop
      vertex 49.366 11.5 27
      vertex 50 -32.5 27
      vertex 49.4239 11.6173 27
    endloop
  endfacet
  facet normal -0 0 1
    outer loop
      vertex 49.2934 11.3912 27
      vertex 50 -32.5 27
      vertex 49.366 11.5 27
    endloop
  endfacet
  facet normal -0 0 1
    outer loop
      vertex 49.2071 11.2929 27
      vertex 50 -32.5 27
      vertex 49.2934 11.3912 27
    endloop
  endfacet
  facet normal -0 0 1
    outer loop
      vertex 49.1088 11.2066 27
      vertex 50 -32.5 27
      vertex 49.2071 11.2929 27
    endloop
  endfacet
  facet normal -0 0 1
    outer loop
      vertex 49 11.134 27
      vertex 50 -32.5 27
      vertex 49.1088 11.2066 27
    endloop
  endfacet
  facet normal -0 0 1
    outer loop
      vertex 48.8827 11.0761 27
      vertex 50 -32.5 27
      vertex 49 11.134 27
    endloop
  endfacet
  facet normal -0 0 1
    outer loop
      vertex 48.7588 11.0341 27
      vertex 50 -32.5 27
      vertex 48.8827 11.0761 27
    endloop
  endfacet
  facet normal -0 0 1
    outer loop
      vertex 48.6305 11.0086 27
      vertex 50 -32.5 27
      vertex 48.7588 11.0341 27
    endloop
  endfacet
  facet normal -0 0 1
    outer loop
      vertex 48.5 11 27
      vertex 50 -32.5 27
      vertex 48.6305 11.0086 27
    endloop
  endfacet
  facet normal 0 0 1
    outer loop
      vertex 48.3695 11.0086 27
      vertex 50 -32.5 27
      vertex 48.5 11 27
    endloop
  endfacet
  facet normal 0 0 1
    outer loop
      vertex 48.2412 11.0341 27
      vertex 50 -32.5 27
      vertex 48.3695 11.0086 27
    endloop
  endfacet
  facet normal 0 0 1
    outer loop
      vertex 48.1173 11.0761 27
      vertex 50 -32.5 27
      vertex 48.2412 11.0341 27
    endloop
  endfacet
  facet normal 0 0 1
    outer loop
      vertex 48 11.134 27
      vertex 50 -32.5 27
      vertex 48.1173 11.0761 27
    endloop
  endfacet
  facet normal 0 0 1
    outer loop
      vertex 47.8912 11.2066 27
      vertex 50 -32.5 27
      vertex 48 11.134 27
    endloop
  endfacet
  facet normal 0 0 1
    outer loop
      vertex 47.7929 11.2929 27
      vertex 50 -32.5 27
      vertex 47.8912 11.2066 27
    endloop
  endfacet
  facet normal 0 0 1
    outer loop
      vertex 47 -35.5 27
      vertex 47.7929 11.2929 27
      vertex 47.7066 11.3912 27
    endloop
  endfacet
  facet normal 0 0 1
    outer loop
      vertex 47 -35.5 27
      vertex 47.7066 11.3912 27
      vertex 47.634 11.5 27
    endloop
  endfacet
  facet normal 0 0 1
    outer loop
      vertex 47 -35.5 27
      vertex 47.634 11.5 27
      vertex 47.5761 11.6173 27
    endloop
  endfacet
  facet normal 0 0 1
    outer loop
      vertex 47 -35.5 27
      vertex 47.5761 11.6173 27
      vertex 47.5341 11.7412 27
    endloop
  endfacet
  facet normal 0 0 1
    outer loop
      vertex 47 -35.5 27
      vertex 47.5341 11.7412 27
      vertex 47.5086 11.8695 27
    endloop
  endfacet
  facet normal 0 0 1
    outer loop
      vertex 47 -35.5 27
      vertex 47.5086 11.8695 27
      vertex 47.5 12 27
    endloop
  endfacet
  facet normal 0 0 1
    outer loop
      vertex 50 -32.5 27
      vertex 47 -35.5 27
      vertex 50.5 -35.5 27
    endloop
  endfacet
  facet normal 0 0 1
    outer loop
      vertex 47.7929 11.2929 27
      vertex 47 -35.5 27
      vertex 50 -32.5 27
    endloop
  endfacet
  facet normal 0 0 1
    outer loop
      vertex 47 -35.5 27
      vertex 47.5 12 27
      vertex 47 35.5 27
    endloop
  endfacet
  facet normal 0 0 1
    outer loop
      vertex 146 41 27
      vertex 145 3.5 27
      vertex 146 -41 27
    endloop
  endfacet
  facet normal 0 0 1
    outer loop
      vertex 146 41 27
      vertex 141.01 33.5 27
      vertex 145 3.5 27
    endloop
  endfacet
  facet normal 0 0 1
    outer loop
      vertex 146 41 27
      vertex 139.5 33.5 27
      vertex 141.01 33.5 27
    endloop
  endfacet
  facet normal -0 0 1
    outer loop
      vertex 132.685 38.0281 27
      vertex 139.5 33.5 27
      vertex 132.7 38.25 27
    endloop
  endfacet
  facet normal -0 0 1
    outer loop
      vertex 132.642 38.69 27
      vertex 139.5 33.5 27
      vertex 146 41 27
    endloop
  endfacet
  facet normal 0 0 1
    outer loop
      vertex 139.5 33.5 27
      vertex 132.685 38.4719 27
      vertex 132.7 38.25 27
    endloop
  endfacet
  facet normal 0 0 1
    outer loop
      vertex 139.5 33.5 27
      vertex 132.642 38.69 27
      vertex 132.685 38.4719 27
    endloop
  endfacet
  facet normal 0 0 1
    outer loop
      vertex 146 41 27
      vertex 132.571 38.9006 27
      vertex 132.642 38.69 27
    endloop
  endfacet
  facet normal 0 0 1
    outer loop
      vertex 146 41 27
      vertex 132.472 39.1 27
      vertex 132.571 38.9006 27
    endloop
  endfacet
  facet normal 0 0 1
    outer loop
      vertex 146 41 27
      vertex 132.349 39.2849 27
      vertex 132.472 39.1 27
    endloop
  endfacet
  facet normal 0 0 1
    outer loop
      vertex 146 41 27
      vertex 132.202 39.4521 27
      vertex 132.349 39.2849 27
    endloop
  endfacet
  facet normal 0 0 1
    outer loop
      vertex 146 41 27
      vertex 132.035 39.5987 27
      vertex 132.202 39.4521 27
    endloop
  endfacet
  facet normal 0 0 1
    outer loop
      vertex 146 41 27
      vertex 131.85 39.7222 27
      vertex 132.035 39.5987 27
    endloop
  endfacet
  facet normal 0 0 1
    outer loop
      vertex 146 41 27
      vertex 131.651 39.8206 27
      vertex 131.85 39.7222 27
    endloop
  endfacet
  facet normal 0 0 1
    outer loop
      vertex 146 41 27
      vertex 131.44 39.8921 27
      vertex 131.651 39.8206 27
    endloop
  endfacet
  facet normal 0 0 1
    outer loop
      vertex 146 41 27
      vertex 131.222 39.9355 27
      vertex 131.44 39.8921 27
    endloop
  endfacet
  facet normal 0 0 1
    outer loop
      vertex 146 41 27
      vertex 131 39.95 27
      vertex 131.222 39.9355 27
    endloop
  endfacet
  facet normal 0 0 1
    outer loop
      vertex 146 41 27
      vertex 130.778 39.9355 27
      vertex 131 39.95 27
    endloop
  endfacet
  facet normal 0 0 1
    outer loop
      vertex 129.315 38.4719 27
      vertex 61.7 38.25 27
      vertex 129.3 38.25 27
    endloop
  endfacet
  facet normal 0 0 1
    outer loop
      vertex 61.6855 38.4719 27
      vertex 129.315 38.4719 27
      vertex 129.358 38.69 27
    endloop
  endfacet
  facet normal 0 0 1
    outer loop
      vertex 61.6421 38.69 27
      vertex 129.358 38.69 27
      vertex 129.429 38.9006 27
    endloop
  endfacet
  facet normal 0 0 1
    outer loop
      vertex 61.5706 38.9006 27
      vertex 129.429 38.9006 27
      vertex 129.528 39.1 27
    endloop
  endfacet
  facet normal 0 0 1
    outer loop
      vertex 61.4722 39.1 27
      vertex 129.528 39.1 27
      vertex 129.651 39.2849 27
    endloop
  endfacet
  facet normal 0 0 1
    outer loop
      vertex 61.3487 39.2849 27
      vertex 129.651 39.2849 27
      vertex 129.798 39.4521 27
    endloop
  endfacet
  facet normal 0 0 1
    outer loop
      vertex 61.2021 39.4521 27
      vertex 129.798 39.4521 27
      vertex 129.965 39.5987 27
    endloop
  endfacet
  facet normal 0 0 1
    outer loop
      vertex 61.0349 39.5987 27
      vertex 129.965 39.5987 27
      vertex 130.15 39.7222 27
    endloop
  endfacet
  facet normal 0 0 1
    outer loop
      vertex 60.85 39.7222 27
      vertex 130.15 39.7222 27
      vertex 130.349 39.8206 27
    endloop
  endfacet
  facet normal 0 0 1
    outer loop
      vertex 60.6506 39.8206 27
      vertex 130.349 39.8206 27
      vertex 130.56 39.8921 27
    endloop
  endfacet
  facet normal 0 0 1
    outer loop
      vertex 60.44 39.8921 27
      vertex 130.56 39.8921 27
      vertex 130.778 39.9355 27
    endloop
  endfacet
  facet normal -0 0 1
    outer loop
      vertex 50.5 41 27
      vertex 130.778 39.9355 27
      vertex 146 41 27
    endloop
  endfacet
  facet normal 0 0 1
    outer loop
      vertex 129.315 38.4719 27
      vertex 61.6855 38.4719 27
      vertex 61.7 38.25 27
    endloop
  endfacet
  facet normal 0 0 1
    outer loop
      vertex 129.358 38.69 27
      vertex 61.6421 38.69 27
      vertex 61.6855 38.4719 27
    endloop
  endfacet
  facet normal 0 0 1
    outer loop
      vertex 129.429 38.9006 27
      vertex 61.5706 38.9006 27
      vertex 61.6421 38.69 27
    endloop
  endfacet
  facet normal 0 0 1
    outer loop
      vertex 129.528 39.1 27
      vertex 61.4722 39.1 27
      vertex 61.5706 38.9006 27
    endloop
  endfacet
  facet normal 0 0 1
    outer loop
      vertex 129.651 39.2849 27
      vertex 61.3487 39.2849 27
      vertex 61.4722 39.1 27
    endloop
  endfacet
  facet normal 0 0 1
    outer loop
      vertex 129.798 39.4521 27
      vertex 61.2021 39.4521 27
      vertex 61.3487 39.2849 27
    endloop
  endfacet
  facet normal 0 0 1
    outer loop
      vertex 129.965 39.5987 27
      vertex 61.0349 39.5987 27
      vertex 61.2021 39.4521 27
    endloop
  endfacet
  facet normal 0 0 1
    outer loop
      vertex 130.15 39.7222 27
      vertex 60.85 39.7222 27
      vertex 61.0349 39.5987 27
    endloop
  endfacet
  facet normal 0 0 1
    outer loop
      vertex 130.349 39.8206 27
      vertex 60.6506 39.8206 27
      vertex 60.85 39.7222 27
    endloop
  endfacet
  facet normal 0 0 1
    outer loop
      vertex 130.56 39.8921 27
      vertex 60.44 39.8921 27
      vertex 60.6506 39.8206 27
    endloop
  endfacet
  facet normal 0 0 1
    outer loop
      vertex 130.778 39.9355 27
      vertex 60.2219 39.9355 27
      vertex 60.44 39.8921 27
    endloop
  endfacet
  facet normal 0 0 1
    outer loop
      vertex 130.778 39.9355 27
      vertex 50.5 41 27
      vertex 60.2219 39.9355 27
    endloop
  endfacet
  facet normal 0 0 1
    outer loop
      vertex 58.3145 38.4719 27
      vertex 50.5 41 27
      vertex 58.3 38.25 27
    endloop
  endfacet
  facet normal 0 0 1
    outer loop
      vertex 58.3579 38.69 27
      vertex 50.5 41 27
      vertex 58.3145 38.4719 27
    endloop
  endfacet
  facet normal 0 0 1
    outer loop
      vertex 58.4294 38.9006 27
      vertex 50.5 41 27
      vertex 58.3579 38.69 27
    endloop
  endfacet
  facet normal 0 0 1
    outer loop
      vertex 58.5278 39.1 27
      vertex 50.5 41 27
      vertex 58.4294 38.9006 27
    endloop
  endfacet
  facet normal 0 0 1
    outer loop
      vertex 58.6513 39.2849 27
      vertex 50.5 41 27
      vertex 58.5278 39.1 27
    endloop
  endfacet
  facet normal 0 0 1
    outer loop
      vertex 58.7979 39.4521 27
      vertex 50.5 41 27
      vertex 58.6513 39.2849 27
    endloop
  endfacet
  facet normal 0 0 1
    outer loop
      vertex 58.9651 39.5987 27
      vertex 50.5 41 27
      vertex 58.7979 39.4521 27
    endloop
  endfacet
  facet normal 0 0 1
    outer loop
      vertex 59.15 39.7222 27
      vertex 50.5 41 27
      vertex 58.9651 39.5987 27
    endloop
  endfacet
  facet normal 0 0 1
    outer loop
      vertex 59.3494 39.8206 27
      vertex 50.5 41 27
      vertex 59.15 39.7222 27
    endloop
  endfacet
  facet normal 0 0 1
    outer loop
      vertex 59.56 39.8921 27
      vertex 50.5 41 27
      vertex 59.3494 39.8206 27
    endloop
  endfacet
  facet normal 0 0 1
    outer loop
      vertex 59.7781 39.9355 27
      vertex 50.5 41 27
      vertex 59.56 39.8921 27
    endloop
  endfacet
  facet normal 0 0 1
    outer loop
      vertex 60 39.95 27
      vertex 50.5 41 27
      vertex 59.7781 39.9355 27
    endloop
  endfacet
  facet normal 0 0 1
    outer loop
      vertex 60.2219 39.9355 27
      vertex 50.5 41 27
      vertex 60 39.95 27
    endloop
  endfacet
  facet normal -0 0 1
    outer loop
      vertex 145 -3.5 27
      vertex 146 -41 27
      vertex 145 3.5 27
    endloop
  endfacet
  facet normal 0 0 1
    outer loop
      vertex 141.01 -33.5 27
      vertex 145 -3.5 27
      vertex 141.01 -3.5 27
    endloop
  endfacet
  facet normal 0 0 1
    outer loop
      vertex 145 -3.5 27
      vertex 141.01 -33.5 27
      vertex 146 -41 27
    endloop
  endfacet
  facet normal -0 0 1
    outer loop
      vertex 139.5 -33.5 27
      vertex 146 -41 27
      vertex 141.01 -33.5 27
    endloop
  endfacet
  facet normal 0 0 1
    outer loop
      vertex 132.685 -38.4719 27
      vertex 139.5 -33.5 27
      vertex 132.7 -38.25 27
    endloop
  endfacet
  facet normal 0 0 1
    outer loop
      vertex 132.642 -38.69 27
      vertex 139.5 -33.5 27
      vertex 132.685 -38.4719 27
    endloop
  endfacet
  facet normal 0 0 1
    outer loop
      vertex 139.5 -33.5 27
      vertex 132.642 -38.69 27
      vertex 146 -41 27
    endloop
  endfacet
  facet normal -0 0 1
    outer loop
      vertex 132.571 -38.9006 27
      vertex 146 -41 27
      vertex 132.642 -38.69 27
    endloop
  endfacet
  facet normal -0 0 1
    outer loop
      vertex 132.472 -39.1 27
      vertex 146 -41 27
      vertex 132.571 -38.9006 27
    endloop
  endfacet
  facet normal -0 0 1
    outer loop
      vertex 132.349 -39.2849 27
      vertex 146 -41 27
      vertex 132.472 -39.1 27
    endloop
  endfacet
  facet normal -0 0 1
    outer loop
      vertex 132.202 -39.4521 27
      vertex 146 -41 27
      vertex 132.349 -39.2849 27
    endloop
  endfacet
  facet normal -0 0 1
    outer loop
      vertex 132.035 -39.5987 27
      vertex 146 -41 27
      vertex 132.202 -39.4521 27
    endloop
  endfacet
  facet normal -0 0 1
    outer loop
      vertex 131.85 -39.7222 27
      vertex 146 -41 27
      vertex 132.035 -39.5987 27
    endloop
  endfacet
  facet normal -0 0 1
    outer loop
      vertex 131.651 -39.8206 27
      vertex 146 -41 27
      vertex 131.85 -39.7222 27
    endloop
  endfacet
  facet normal -0 0 1
    outer loop
      vertex 131.44 -39.8921 27
      vertex 146 -41 27
      vertex 131.651 -39.8206 27
    endloop
  endfacet
  facet normal -0 0 1
    outer loop
      vertex 131.222 -39.9355 27
      vertex 146 -41 27
      vertex 131.44 -39.8921 27
    endloop
  endfacet
  facet normal -0 0 1
    outer loop
      vertex 131 -39.95 27
      vertex 146 -41 27
      vertex 131.222 -39.9355 27
    endloop
  endfacet
  facet normal 0 0 1
    outer loop
      vertex 130.778 -39.9355 27
      vertex 146 -41 27
      vertex 131 -39.95 27
    endloop
  endfacet
  facet normal -0 0 1
    outer loop
      vertex 61.7 -38.25 27
      vertex 129.315 -38.4719 27
      vertex 129.3 -38.25 27
    endloop
  endfacet
  facet normal 0 0 1
    outer loop
      vertex 61.6855 -38.4719 27
      vertex 129.315 -38.4719 27
      vertex 61.7 -38.25 27
    endloop
  endfacet
  facet normal 0 0 1
    outer loop
      vertex 129.315 -38.4719 27
      vertex 61.6855 -38.4719 27
      vertex 129.358 -38.69 27
    endloop
  endfacet
  facet normal 0 0 1
    outer loop
      vertex 61.6421 -38.69 27
      vertex 129.358 -38.69 27
      vertex 61.6855 -38.4719 27
    endloop
  endfacet
  facet normal 0 0 1
    outer loop
      vertex 129.358 -38.69 27
      vertex 61.6421 -38.69 27
      vertex 129.429 -38.9006 27
    endloop
  endfacet
  facet normal 0 0 1
    outer loop
      vertex 61.5706 -38.9006 27
      vertex 129.429 -38.9006 27
      vertex 61.6421 -38.69 27
    endloop
  endfacet
  facet normal 0 0 1
    outer loop
      vertex 129.429 -38.9006 27
      vertex 61.5706 -38.9006 27
      vertex 129.528 -39.1 27
    endloop
  endfacet
  facet normal 0 0 1
    outer loop
      vertex 61.4722 -39.1 27
      vertex 129.528 -39.1 27
      vertex 61.5706 -38.9006 27
    endloop
  endfacet
  facet normal 0 0 1
    outer loop
      vertex 129.528 -39.1 27
      vertex 61.4722 -39.1 27
      vertex 129.651 -39.2849 27
    endloop
  endfacet
  facet normal 0 0 1
    outer loop
      vertex 61.3487 -39.2849 27
      vertex 129.651 -39.2849 27
      vertex 61.4722 -39.1 27
    endloop
  endfacet
  facet normal 0 0 1
    outer loop
      vertex 129.651 -39.2849 27
      vertex 61.3487 -39.2849 27
      vertex 129.798 -39.4521 27
    endloop
  endfacet
  facet normal 0 0 1
    outer loop
      vertex 61.2021 -39.4521 27
      vertex 129.798 -39.4521 27
      vertex 61.3487 -39.2849 27
    endloop
  endfacet
  facet normal 0 0 1
    outer loop
      vertex 129.798 -39.4521 27
      vertex 61.2021 -39.4521 27
      vertex 129.965 -39.5987 27
    endloop
  endfacet
  facet normal 0 0 1
    outer loop
      vertex 61.0349 -39.5987 27
      vertex 129.965 -39.5987 27
      vertex 61.2021 -39.4521 27
    endloop
  endfacet
  facet normal 0 0 1
    outer loop
      vertex 129.965 -39.5987 27
      vertex 61.0349 -39.5987 27
      vertex 130.15 -39.7222 27
    endloop
  endfacet
  facet normal 0 0 1
    outer loop
      vertex 60.85 -39.7222 27
      vertex 130.15 -39.7222 27
      vertex 61.0349 -39.5987 27
    endloop
  endfacet
  facet normal 0 0 1
    outer loop
      vertex 130.15 -39.7222 27
      vertex 60.85 -39.7222 27
      vertex 130.349 -39.8206 27
    endloop
  endfacet
  facet normal 0 0 1
    outer loop
      vertex 60.6506 -39.8206 27
      vertex 130.349 -39.8206 27
      vertex 60.85 -39.7222 27
    endloop
  endfacet
  facet normal 0 0 1
    outer loop
      vertex 130.349 -39.8206 27
      vertex 60.6506 -39.8206 27
      vertex 130.56 -39.8921 27
    endloop
  endfacet
  facet normal 0 0 1
    outer loop
      vertex 60.44 -39.8921 27
      vertex 130.56 -39.8921 27
      vertex 60.6506 -39.8206 27
    endloop
  endfacet
  facet normal 0 0 1
    outer loop
      vertex 130.56 -39.8921 27
      vertex 60.44 -39.8921 27
      vertex 130.778 -39.9355 27
    endloop
  endfacet
  facet normal 0 0 1
    outer loop
      vertex 60.2219 -39.9355 27
      vertex 130.778 -39.9355 27
      vertex 60.44 -39.8921 27
    endloop
  endfacet
  facet normal 0 0 1
    outer loop
      vertex 50.5 -41 27
      vertex 130.778 -39.9355 27
      vertex 60.2219 -39.9355 27
    endloop
  endfacet
  facet normal 0 0 1
    outer loop
      vertex 50.5 -41 27
      vertex 60.2219 -39.9355 27
      vertex 60 -39.95 27
    endloop
  endfacet
  facet normal 0 0 1
    outer loop
      vertex 50.5 -41 27
      vertex 58.3 -38.25 27
      vertex 50.5 -35.5 27
    endloop
  endfacet
  facet normal 0 0 1
    outer loop
      vertex 58.3 -38.25 27
      vertex 50.5 -41 27
      vertex 58.3145 -38.4719 27
    endloop
  endfacet
  facet normal 0 0 1
    outer loop
      vertex 58.3145 -38.4719 27
      vertex 50.5 -41 27
      vertex 58.3579 -38.69 27
    endloop
  endfacet
  facet normal 0 0 1
    outer loop
      vertex 58.3579 -38.69 27
      vertex 50.5 -41 27
      vertex 58.4294 -38.9006 27
    endloop
  endfacet
  facet normal 0 0 1
    outer loop
      vertex 58.4294 -38.9006 27
      vertex 50.5 -41 27
      vertex 58.5278 -39.1 27
    endloop
  endfacet
  facet normal 0 0 1
    outer loop
      vertex 58.5278 -39.1 27
      vertex 50.5 -41 27
      vertex 58.6513 -39.2849 27
    endloop
  endfacet
  facet normal 0 0 1
    outer loop
      vertex 58.6513 -39.2849 27
      vertex 50.5 -41 27
      vertex 58.7979 -39.4521 27
    endloop
  endfacet
  facet normal 0 0 1
    outer loop
      vertex 58.7979 -39.4521 27
      vertex 50.5 -41 27
      vertex 58.9651 -39.5987 27
    endloop
  endfacet
  facet normal 0 0 1
    outer loop
      vertex 58.9651 -39.5987 27
      vertex 50.5 -41 27
      vertex 59.15 -39.7222 27
    endloop
  endfacet
  facet normal 0 0 1
    outer loop
      vertex 130.778 -39.9355 27
      vertex 50.5 -41 27
      vertex 146 -41 27
    endloop
  endfacet
  facet normal 0 0 1
    outer loop
      vertex 59.7781 -39.9355 27
      vertex 50.5 -41 27
      vertex 60 -39.95 27
    endloop
  endfacet
  facet normal 0 0 1
    outer loop
      vertex 59.56 -39.8921 27
      vertex 50.5 -41 27
      vertex 59.7781 -39.9355 27
    endloop
  endfacet
  facet normal 0 0 1
    outer loop
      vertex 59.3494 -39.8206 27
      vertex 50.5 -41 27
      vertex 59.56 -39.8921 27
    endloop
  endfacet
  facet normal 0 0 1
    outer loop
      vertex 59.15 -39.7222 27
      vertex 50.5 -41 27
      vertex 59.3494 -39.8206 27
    endloop
  endfacet
  facet normal 0 0 1
    outer loop
      vertex 145 3.5 27
      vertex 141.01 33.5 27
      vertex 141.01 3.5 27
    endloop
  endfacet
  facet normal -0 0 1
    outer loop
      vertex 132.642 37.81 27
      vertex 139.5 33.5 27
      vertex 132.685 38.0281 27
    endloop
  endfacet
  facet normal -0 0 1
    outer loop
      vertex 132.571 37.5994 27
      vertex 139.5 33.5 27
      vertex 132.642 37.81 27
    endloop
  endfacet
  facet normal -0 0 1
    outer loop
      vertex 132.472 37.4 27
      vertex 139.5 33.5 27
      vertex 132.571 37.5994 27
    endloop
  endfacet
  facet normal -0 0 1
    outer loop
      vertex 132.349 37.2151 27
      vertex 139.5 33.5 27
      vertex 132.472 37.4 27
    endloop
  endfacet
  facet normal -0 0 1
    outer loop
      vertex 132.202 37.0479 27
      vertex 139.5 33.5 27
      vertex 132.349 37.2151 27
    endloop
  endfacet
  facet normal -0 0 1
    outer loop
      vertex 132.035 36.9013 27
      vertex 139.5 33.5 27
      vertex 132.202 37.0479 27
    endloop
  endfacet
  facet normal 0 0 1
    outer loop
      vertex 139.5 33.5 27
      vertex 132.035 36.9013 27
      vertex 139.5 32.5 27
    endloop
  endfacet
  facet normal -0 0 1
    outer loop
      vertex 131.85 36.7778 27
      vertex 139.5 32.5 27
      vertex 132.035 36.9013 27
    endloop
  endfacet
  facet normal -0 0 1
    outer loop
      vertex 131.651 36.6794 27
      vertex 139.5 32.5 27
      vertex 131.85 36.7778 27
    endloop
  endfacet
  facet normal -0 0 1
    outer loop
      vertex 131.44 36.6079 27
      vertex 139.5 32.5 27
      vertex 131.651 36.6794 27
    endloop
  endfacet
  facet normal -0 0 1
    outer loop
      vertex 131.222 36.5645 27
      vertex 139.5 32.5 27
      vertex 131.44 36.6079 27
    endloop
  endfacet
  facet normal -0 0 1
    outer loop
      vertex 131 36.55 27
      vertex 139.5 32.5 27
      vertex 131.222 36.5645 27
    endloop
  endfacet
  facet normal 0 0 1
    outer loop
      vertex 130.778 36.5645 27
      vertex 139.5 32.5 27
      vertex 131 36.55 27
    endloop
  endfacet
  facet normal 0 0 1
    outer loop
      vertex 130.56 36.6079 27
      vertex 139.5 32.5 27
      vertex 130.778 36.5645 27
    endloop
  endfacet
  facet normal 0 0 1
    outer loop
      vertex 130.349 36.6794 27
      vertex 139.5 32.5 27
      vertex 130.56 36.6079 27
    endloop
  endfacet
  facet normal -0 0 1
    outer loop
      vertex 61.7 38.25 27
      vertex 129.315 38.0281 27
      vertex 129.3 38.25 27
    endloop
  endfacet
  facet normal 0 0 1
    outer loop
      vertex 61.6855 38.0281 27
      vertex 129.315 38.0281 27
      vertex 61.7 38.25 27
    endloop
  endfacet
  facet normal 0 0 1
    outer loop
      vertex 129.315 38.0281 27
      vertex 61.6855 38.0281 27
      vertex 129.358 37.81 27
    endloop
  endfacet
  facet normal 0 0 1
    outer loop
      vertex 61.6421 37.81 27
      vertex 129.358 37.81 27
      vertex 61.6855 38.0281 27
    endloop
  endfacet
  facet normal 0 0 1
    outer loop
      vertex 129.358 37.81 27
      vertex 61.6421 37.81 27
      vertex 129.429 37.5994 27
    endloop
  endfacet
  facet normal 0 0 1
    outer loop
      vertex 61.5706 37.5994 27
      vertex 129.429 37.5994 27
      vertex 61.6421 37.81 27
    endloop
  endfacet
  facet normal 0 0 1
    outer loop
      vertex 129.429 37.5994 27
      vertex 61.5706 37.5994 27
      vertex 129.528 37.4 27
    endloop
  endfacet
  facet normal 0 0 1
    outer loop
      vertex 61.4722 37.4 27
      vertex 129.528 37.4 27
      vertex 61.5706 37.5994 27
    endloop
  endfacet
  facet normal 0 0 1
    outer loop
      vertex 129.528 37.4 27
      vertex 61.4722 37.4 27
      vertex 129.651 37.2151 27
    endloop
  endfacet
  facet normal 0 0 1
    outer loop
      vertex 61.3487 37.2151 27
      vertex 129.651 37.2151 27
      vertex 61.4722 37.4 27
    endloop
  endfacet
  facet normal 0 0 1
    outer loop
      vertex 129.651 37.2151 27
      vertex 61.3487 37.2151 27
      vertex 129.798 37.0479 27
    endloop
  endfacet
  facet normal 0 0 1
    outer loop
      vertex 61.2021 37.0479 27
      vertex 129.798 37.0479 27
      vertex 61.3487 37.2151 27
    endloop
  endfacet
  facet normal 0 0 1
    outer loop
      vertex 129.798 37.0479 27
      vertex 61.2021 37.0479 27
      vertex 129.965 36.9013 27
    endloop
  endfacet
  facet normal 0 0 1
    outer loop
      vertex 61.0349 36.9013 27
      vertex 129.965 36.9013 27
      vertex 61.2021 37.0479 27
    endloop
  endfacet
  facet normal 0 0 1
    outer loop
      vertex 129.965 36.9013 27
      vertex 61.0349 36.9013 27
      vertex 130.15 36.7778 27
    endloop
  endfacet
  facet normal 0 0 1
    outer loop
      vertex 60.85 36.7778 27
      vertex 130.15 36.7778 27
      vertex 61.0349 36.9013 27
    endloop
  endfacet
  facet normal 0 0 1
    outer loop
      vertex 130.15 36.7778 27
      vertex 60.85 36.7778 27
      vertex 130.349 36.6794 27
    endloop
  endfacet
  facet normal 0 0 1
    outer loop
      vertex 60.6506 36.6794 27
      vertex 130.349 36.6794 27
      vertex 60.85 36.7778 27
    endloop
  endfacet
  facet normal 0 0 1
    outer loop
      vertex 130.349 36.6794 27
      vertex 60.6506 36.6794 27
      vertex 139.5 32.5 27
    endloop
  endfacet
  facet normal -0 0 1
    outer loop
      vertex 60.44 36.6079 27
      vertex 139.5 32.5 27
      vertex 60.6506 36.6794 27
    endloop
  endfacet
  facet normal 0 0 1
    outer loop
      vertex 50 32.5 27
      vertex 60.44 36.6079 27
      vertex 60.2219 36.5645 27
    endloop
  endfacet
  facet normal 0 0 1
    outer loop
      vertex 50 32.5 27
      vertex 60.2219 36.5645 27
      vertex 60 36.55 27
    endloop
  endfacet
  facet normal 0 0 1
    outer loop
      vertex 50.5 35.5 27
      vertex 58.3 38.25 27
      vertex 50.5 41 27
    endloop
  endfacet
  facet normal 0 0 1
    outer loop
      vertex 58.3 38.25 27
      vertex 50.5 35.5 27
      vertex 58.3145 38.0281 27
    endloop
  endfacet
  facet normal 0 0 1
    outer loop
      vertex 58.3145 38.0281 27
      vertex 50.5 35.5 27
      vertex 58.3579 37.81 27
    endloop
  endfacet
  facet normal 0 0 1
    outer loop
      vertex 58.3579 37.81 27
      vertex 50.5 35.5 27
      vertex 58.4294 37.5994 27
    endloop
  endfacet
  facet normal 0 0 1
    outer loop
      vertex 58.4294 37.5994 27
      vertex 50.5 35.5 27
      vertex 58.5278 37.4 27
    endloop
  endfacet
  facet normal 0 0 1
    outer loop
      vertex 58.5278 37.4 27
      vertex 50.5 35.5 27
      vertex 58.6513 37.2151 27
    endloop
  endfacet
  facet normal 0 0 1
    outer loop
      vertex 58.6513 37.2151 27
      vertex 50.5 35.5 27
      vertex 58.7979 37.0479 27
    endloop
  endfacet
  facet normal 0 0 1
    outer loop
      vertex 50 32.5 27
      vertex 58.7979 37.0479 27
      vertex 50.5 35.5 27
    endloop
  endfacet
  facet normal 0 0 1
    outer loop
      vertex 58.7979 37.0479 27
      vertex 50 32.5 27
      vertex 58.9651 36.9013 27
    endloop
  endfacet
  facet normal 0 0 1
    outer loop
      vertex 58.9651 36.9013 27
      vertex 50 32.5 27
      vertex 59.15 36.7778 27
    endloop
  endfacet
  facet normal 0 0 1
    outer loop
      vertex 59.15 36.7778 27
      vertex 50 32.5 27
      vertex 59.3494 36.6794 27
    endloop
  endfacet
  facet normal 0 0 1
    outer loop
      vertex 59.3494 36.6794 27
      vertex 50 32.5 27
      vertex 59.56 36.6079 27
    endloop
  endfacet
  facet normal 0 0 1
    outer loop
      vertex 59.56 36.6079 27
      vertex 50 32.5 27
      vertex 59.7781 36.5645 27
    endloop
  endfacet
  facet normal 0 0 1
    outer loop
      vertex 59.7781 36.5645 27
      vertex 50 32.5 27
      vertex 60 36.55 27
    endloop
  endfacet
  facet normal 0 0 1
    outer loop
      vertex 60.44 36.6079 27
      vertex 50 32.5 27
      vertex 139.5 32.5 27
    endloop
  endfacet
  facet normal 0 0 1
    outer loop
      vertex 50 32.5 27
      vertex 49.5 12 27
      vertex 50 -32.5 27
    endloop
  endfacet
  facet normal 0 0 1
    outer loop
      vertex 50 32.5 27
      vertex 49.4914 12.1305 27
      vertex 49.5 12 27
    endloop
  endfacet
  facet normal 0 0 1
    outer loop
      vertex 50 32.5 27
      vertex 49.4659 12.2588 27
      vertex 49.4914 12.1305 27
    endloop
  endfacet
  facet normal 0 0 1
    outer loop
      vertex 50 32.5 27
      vertex 49.4239 12.3827 27
      vertex 49.4659 12.2588 27
    endloop
  endfacet
  facet normal 0 0 1
    outer loop
      vertex 50 32.5 27
      vertex 49.366 12.5 27
      vertex 49.4239 12.3827 27
    endloop
  endfacet
  facet normal 0 0 1
    outer loop
      vertex 50 32.5 27
      vertex 49.2934 12.6088 27
      vertex 49.366 12.5 27
    endloop
  endfacet
  facet normal 0 0 1
    outer loop
      vertex 50 32.5 27
      vertex 49.2071 12.7071 27
      vertex 49.2934 12.6088 27
    endloop
  endfacet
  facet normal 0 0 1
    outer loop
      vertex 50 32.5 27
      vertex 49.1088 12.7934 27
      vertex 49.2071 12.7071 27
    endloop
  endfacet
  facet normal 0 0 1
    outer loop
      vertex 50 32.5 27
      vertex 49 12.866 27
      vertex 49.1088 12.7934 27
    endloop
  endfacet
  facet normal 0 0 1
    outer loop
      vertex 50 32.5 27
      vertex 48.8827 12.9239 27
      vertex 49 12.866 27
    endloop
  endfacet
  facet normal 0 0 1
    outer loop
      vertex 50 32.5 27
      vertex 48.7588 12.9659 27
      vertex 48.8827 12.9239 27
    endloop
  endfacet
  facet normal 0 0 1
    outer loop
      vertex 50 32.5 27
      vertex 48.6305 12.9914 27
      vertex 48.7588 12.9659 27
    endloop
  endfacet
  facet normal 0 0 1
    outer loop
      vertex 50 32.5 27
      vertex 48.5 13 27
      vertex 48.6305 12.9914 27
    endloop
  endfacet
  facet normal 0 0 1
    outer loop
      vertex 50 32.5 27
      vertex 48.3695 12.9914 27
      vertex 48.5 13 27
    endloop
  endfacet
  facet normal 0 0 1
    outer loop
      vertex 50 32.5 27
      vertex 48.2412 12.9659 27
      vertex 48.3695 12.9914 27
    endloop
  endfacet
  facet normal 0 0 1
    outer loop
      vertex 50 32.5 27
      vertex 48.1173 12.9239 27
      vertex 48.2412 12.9659 27
    endloop
  endfacet
  facet normal 0 0 1
    outer loop
      vertex 50 32.5 27
      vertex 48 12.866 27
      vertex 48.1173 12.9239 27
    endloop
  endfacet
  facet normal 0 0 1
    outer loop
      vertex 50 32.5 27
      vertex 47.8912 12.7934 27
      vertex 48 12.866 27
    endloop
  endfacet
  facet normal 0 0 1
    outer loop
      vertex 50 32.5 27
      vertex 47.7929 12.7071 27
      vertex 47.8912 12.7934 27
    endloop
  endfacet
  facet normal 0 0 1
    outer loop
      vertex 47 35.5 27
      vertex 47.7929 12.7071 27
      vertex 50 32.5 27
    endloop
  endfacet
  facet normal 0 0 1
    outer loop
      vertex 47.7929 12.7071 27
      vertex 47 35.5 27
      vertex 47.7066 12.6088 27
    endloop
  endfacet
  facet normal 0 0 1
    outer loop
      vertex 47.7066 12.6088 27
      vertex 47 35.5 27
      vertex 47.634 12.5 27
    endloop
  endfacet
  facet normal 0 0 1
    outer loop
      vertex 47.634 12.5 27
      vertex 47 35.5 27
      vertex 47.5761 12.3827 27
    endloop
  endfacet
  facet normal 0 0 1
    outer loop
      vertex 47.5761 12.3827 27
      vertex 47 35.5 27
      vertex 47.5341 12.2588 27
    endloop
  endfacet
  facet normal 0 0 1
    outer loop
      vertex 47.5086 12.1305 27
      vertex 47 35.5 27
      vertex 47.5 12 27
    endloop
  endfacet
  facet normal 0 0 1
    outer loop
      vertex 47.5341 12.2588 27
      vertex 47 35.5 27
      vertex 47.5086 12.1305 27
    endloop
  endfacet
  facet normal -0 0 1
    outer loop
      vertex 47 35.5 27
      vertex 50 32.5 27
      vertex 50.5 35.5 27
    endloop
  endfacet
  facet normal 0 0 -1
    outer loop
      vertex 50 12.6809 0
      vertex 49.9289 12.825 0
      vertex 50 32.5 0
    endloop
  endfacet
  facet normal 0 0 -1
    outer loop
      vertex 139.5 32.5 0
      vertex 50 32.5 0
      vertex 139.5 33.5 0
    endloop
  endfacet
  facet normal 0 0 -1
    outer loop
      vertex 141.01 33.5 0
      vertex 144 3.5 0
      vertex 141.01 3.5 0
    endloop
  endfacet
  facet normal 0 0 -1
    outer loop
      vertex 144 3.5 0
      vertex 141.01 33.5 0
      vertex 144 35.5 0
    endloop
  endfacet
  facet normal 0 0 -1
    outer loop
      vertex 139.5 33.5 0
      vertex 144 35.5 0
      vertex 141.01 33.5 0
    endloop
  endfacet
  facet normal 0 0 -1
    outer loop
      vertex 47 35.5 0
      vertex 139.5 33.5 0
      vertex 50 32.5 0
    endloop
  endfacet
  facet normal 0 0 -1
    outer loop
      vertex 49.809 13.0045 0
      vertex 50 32.5 0
      vertex 49.9289 12.825 0
    endloop
  endfacet
  facet normal 0 0 -1
    outer loop
      vertex 49.6667 13.1667 0
      vertex 50 32.5 0
      vertex 49.809 13.0045 0
    endloop
  endfacet
  facet normal 0 0 -1
    outer loop
      vertex 49.5045 13.309 0
      vertex 50 32.5 0
      vertex 49.6667 13.1667 0
    endloop
  endfacet
  facet normal 0 0 -1
    outer loop
      vertex 49.325 13.4289 0
      vertex 50 32.5 0
      vertex 49.5045 13.309 0
    endloop
  endfacet
  facet normal 0 0 -1
    outer loop
      vertex 49.1314 13.5244 0
      vertex 50 32.5 0
      vertex 49.325 13.4289 0
    endloop
  endfacet
  facet normal 0 0 -1
    outer loop
      vertex 48.9271 13.5938 0
      vertex 50 32.5 0
      vertex 49.1314 13.5244 0
    endloop
  endfacet
  facet normal 0 0 -1
    outer loop
      vertex 48.7154 13.6359 0
      vertex 50 32.5 0
      vertex 48.9271 13.5938 0
    endloop
  endfacet
  facet normal 0 0 -1
    outer loop
      vertex 48.5 13.65 0
      vertex 50 32.5 0
      vertex 48.7154 13.6359 0
    endloop
  endfacet
  facet normal 0 0 -1
    outer loop
      vertex 48.2846 13.6359 0
      vertex 50 32.5 0
      vertex 48.5 13.65 0
    endloop
  endfacet
  facet normal 0 0 -1
    outer loop
      vertex 48.0729 13.5938 0
      vertex 50 32.5 0
      vertex 48.2846 13.6359 0
    endloop
  endfacet
  facet normal 0 0 -1
    outer loop
      vertex 47.8686 13.5244 0
      vertex 50 32.5 0
      vertex 48.0729 13.5938 0
    endloop
  endfacet
  facet normal 0 0 -1
    outer loop
      vertex 47.675 13.4289 0
      vertex 50 32.5 0
      vertex 47.8686 13.5244 0
    endloop
  endfacet
  facet normal 0 0 -1
    outer loop
      vertex 47.4955 13.309 0
      vertex 50 32.5 0
      vertex 47.675 13.4289 0
    endloop
  endfacet
  facet normal 0 0 -1
    outer loop
      vertex 47 35.5 0
      vertex 47.4955 13.309 0
      vertex 47.3333 13.1667 0
    endloop
  endfacet
  facet normal 0 0 -1
    outer loop
      vertex 47 35.5 0
      vertex 47.3333 13.1667 0
      vertex 47.191 13.0045 0
    endloop
  endfacet
  facet normal 0 0 -1
    outer loop
      vertex 47 35.5 0
      vertex 47.191 13.0045 0
      vertex 47.0711 12.825 0
    endloop
  endfacet
  facet normal 0 0 -1
    outer loop
      vertex 47 35.5 0
      vertex 47.0711 12.825 0
      vertex 47 12.6809 0
    endloop
  endfacet
  facet normal 0 0 -1
    outer loop
      vertex 139.5 33.5 0
      vertex 47 35.5 0
      vertex 144 35.5 0
    endloop
  endfacet
  facet normal 0 0 -1
    outer loop
      vertex 47.4955 13.309 0
      vertex 47 35.5 0
      vertex 50 32.5 0
    endloop
  endfacet
  facet normal 0 0 -1
    outer loop
      vertex 144 -35.5 0
      vertex 141.01 -33.5 0
      vertex 144 -3.5 0
    endloop
  endfacet
  facet normal 0 0 -1
    outer loop
      vertex 144 -35.5 0
      vertex 139.5 -33.5 0
      vertex 141.01 -33.5 0
    endloop
  endfacet
  facet normal 0 0 -1
    outer loop
      vertex 139.5 -33.5 0
      vertex 50 -32.5 0
      vertex 139.5 -32.5 0
    endloop
  endfacet
  facet normal 0 0 -1
    outer loop
      vertex 47 -35.5 0
      vertex 139.5 -33.5 0
      vertex 144 -35.5 0
    endloop
  endfacet
  facet normal 0 0 -1
    outer loop
      vertex 50 -32.5 0
      vertex 49.9289 11.175 0
      vertex 50 11.3191 0
    endloop
  endfacet
  facet normal 0 0 -1
    outer loop
      vertex 50 -32.5 0
      vertex 49.809 10.9955 0
      vertex 49.9289 11.175 0
    endloop
  endfacet
  facet normal 0 0 -1
    outer loop
      vertex 50 -32.5 0
      vertex 49.6667 10.8333 0
      vertex 49.809 10.9955 0
    endloop
  endfacet
  facet normal 0 0 -1
    outer loop
      vertex 50 -32.5 0
      vertex 49.5045 10.691 0
      vertex 49.6667 10.8333 0
    endloop
  endfacet
  facet normal 0 0 -1
    outer loop
      vertex 50 -32.5 0
      vertex 49.325 10.5711 0
      vertex 49.5045 10.691 0
    endloop
  endfacet
  facet normal 0 0 -1
    outer loop
      vertex 50 -32.5 0
      vertex 49.1314 10.4756 0
      vertex 49.325 10.5711 0
    endloop
  endfacet
  facet normal 0 0 -1
    outer loop
      vertex 50 -32.5 0
      vertex 48.9271 10.4062 0
      vertex 49.1314 10.4756 0
    endloop
  endfacet
  facet normal 0 0 -1
    outer loop
      vertex 50 -32.5 0
      vertex 48.7154 10.3641 0
      vertex 48.9271 10.4062 0
    endloop
  endfacet
  facet normal 0 0 -1
    outer loop
      vertex 50 -32.5 0
      vertex 48.5 10.35 0
      vertex 48.7154 10.3641 0
    endloop
  endfacet
  facet normal 0 0 -1
    outer loop
      vertex 50 -32.5 0
      vertex 48.2846 10.3641 0
      vertex 48.5 10.35 0
    endloop
  endfacet
  facet normal 0 0 -1
    outer loop
      vertex 50 -32.5 0
      vertex 48.0729 10.4062 0
      vertex 48.2846 10.3641 0
    endloop
  endfacet
  facet normal 0 0 -1
    outer loop
      vertex 50 -32.5 0
      vertex 47.8686 10.4756 0
      vertex 48.0729 10.4062 0
    endloop
  endfacet
  facet normal 0 0 -1
    outer loop
      vertex 50 -32.5 0
      vertex 47.675 10.5711 0
      vertex 47.8686 10.4756 0
    endloop
  endfacet
  facet normal 0 0 -1
    outer loop
      vertex 50 -32.5 0
      vertex 47.4955 10.691 0
      vertex 47.675 10.5711 0
    endloop
  endfacet
  facet normal 0 0 -1
    outer loop
      vertex 50 -32.5 0
      vertex 47.3333 10.8333 0
      vertex 47.4955 10.691 0
    endloop
  endfacet
  facet normal 0 0 -1
    outer loop
      vertex 47 -35.5 0
      vertex 47.3333 10.8333 0
      vertex 50 -32.5 0
    endloop
  endfacet
  facet normal -0 0 -1
    outer loop
      vertex 47.3333 10.8333 0
      vertex 47 -35.5 0
      vertex 47.191 10.9955 0
    endloop
  endfacet
  facet normal -0 0 -1
    outer loop
      vertex 139.5 -33.5 0
      vertex 47 -35.5 0
      vertex 50 -32.5 0
    endloop
  endfacet
  facet normal -0 0 -1
    outer loop
      vertex 47.191 10.9955 0
      vertex 47 -35.5 0
      vertex 47.0711 11.175 0
    endloop
  endfacet
  facet normal -0 0 -1
    outer loop
      vertex 47.0711 11.175 0
      vertex 47 -35.5 0
      vertex 47 11.3191 0
    endloop
  endfacet
  facet normal -0 0 -1
    outer loop
      vertex 144 -3.5 0
      vertex 141.01 -33.5 0
      vertex 141.01 -3.5 0
    endloop
  endfacet
  facet normal -1 0 0
    outer loop
      vertex 47 11.3191 0
      vertex 47 -35.5 0
      vertex 47 11.3191 26
    endloop
  endfacet
  facet normal -1 0 0
    outer loop
      vertex 47 12.6809 26
      vertex 47 35.5 0
      vertex 47 12.6809 0
    endloop
  endfacet
  facet normal -1 0 0
    outer loop
      vertex 47 35.5 0
      vertex 47 12.6809 26
      vertex 47 35.5 27
    endloop
  endfacet
  facet normal -1 0 0
    outer loop
      vertex 47 11.3191 26
      vertex 47 35.5 27
      vertex 47 12.6809 26
    endloop
  endfacet
  facet normal -1 0 0
    outer loop
      vertex 47 11.3191 26
      vertex 47 -35.5 27
      vertex 47 35.5 27
    endloop
  endfacet
  facet normal -1 0 0
    outer loop
      vertex 47 -35.5 27
      vertex 47 11.3191 26
      vertex 47 -35.5 0
    endloop
  endfacet
  facet normal 0 1 0
    outer loop
      vertex 144 35.5 23
      vertex 144 35.5 0
      vertex 50.5 35.5 23
    endloop
  endfacet
  facet normal 0 1 -0
    outer loop
      vertex 50.5 35.5 23
      vertex 47 35.5 27
      vertex 50.5 35.5 27
    endloop
  endfacet
  facet normal 0 1 0
    outer loop
      vertex 50.5 35.5 23
      vertex 47 35.5 0
      vertex 47 35.5 27
    endloop
  endfacet
  facet normal 0 1 0
    outer loop
      vertex 47 35.5 0
      vertex 50.5 35.5 23
      vertex 144 35.5 0
    endloop
  endfacet
  facet normal 0 -1 0
    outer loop
      vertex 47 -35.5 27
      vertex 50.5 -35.5 23
      vertex 50.5 -35.5 27
    endloop
  endfacet
  facet normal 0 -1 0
    outer loop
      vertex 47 -35.5 0
      vertex 50.5 -35.5 23
      vertex 47 -35.5 27
    endloop
  endfacet
  facet normal 0 -1 0
    outer loop
      vertex 144 -35.5 0
      vertex 50.5 -35.5 23
      vertex 47 -35.5 0
    endloop
  endfacet
  facet normal 0 -1 0
    outer loop
      vertex 50.5 -35.5 23
      vertex 144 -35.5 0
      vertex 144 -35.5 23
    endloop
  endfacet
  facet normal 1 -0 0
    outer loop
      vertex 146 -41 27
      vertex 146 41 23
      vertex 146 41 27
    endloop
  endfacet
  facet normal 1 0 0
    outer loop
      vertex 146 41 23
      vertex 146 -41 27
      vertex 146 -41 23
    endloop
  endfacet
  facet normal 0 0 -1
    outer loop
      vertex 144 35.5 23
      vertex 132.685 38.0281 23
      vertex 132.7 38.25 23
    endloop
  endfacet
  facet normal 0 0 -1
    outer loop
      vertex 144 35.5 23
      vertex 132.642 37.81 23
      vertex 132.685 38.0281 23
    endloop
  endfacet
  facet normal 0 0 -1
    outer loop
      vertex 144 35.5 23
      vertex 132.571 37.5994 23
      vertex 132.642 37.81 23
    endloop
  endfacet
  facet normal 0 0 -1
    outer loop
      vertex 144 35.5 23
      vertex 132.472 37.4 23
      vertex 132.571 37.5994 23
    endloop
  endfacet
  facet normal 0 0 -1
    outer loop
      vertex 144 35.5 23
      vertex 132.349 37.2151 23
      vertex 132.472 37.4 23
    endloop
  endfacet
  facet normal 0 0 -1
    outer loop
      vertex 144 35.5 23
      vertex 132.202 37.0479 23
      vertex 132.349 37.2151 23
    endloop
  endfacet
  facet normal 0 0 -1
    outer loop
      vertex 144 35.5 23
      vertex 132.035 36.9013 23
      vertex 132.202 37.0479 23
    endloop
  endfacet
  facet normal 0 0 -1
    outer loop
      vertex 144 35.5 23
      vertex 131.85 36.7778 23
      vertex 132.035 36.9013 23
    endloop
  endfacet
  facet normal 0 0 -1
    outer loop
      vertex 144 35.5 23
      vertex 131.651 36.6794 23
      vertex 131.85 36.7778 23
    endloop
  endfacet
  facet normal 0 0 -1
    outer loop
      vertex 144 35.5 23
      vertex 131.44 36.6079 23
      vertex 131.651 36.6794 23
    endloop
  endfacet
  facet normal 0 0 -1
    outer loop
      vertex 144 35.5 23
      vertex 131.222 36.5645 23
      vertex 131.44 36.6079 23
    endloop
  endfacet
  facet normal 0 0 -1
    outer loop
      vertex 144 35.5 23
      vertex 131 36.55 23
      vertex 131.222 36.5645 23
    endloop
  endfacet
  facet normal 0 0 -1
    outer loop
      vertex 144 35.5 23
      vertex 130.778 36.5645 23
      vertex 131 36.55 23
    endloop
  endfacet
  facet normal 0 0 -1
    outer loop
      vertex 129.315 38.0281 23
      vertex 61.7 38.25 23
      vertex 129.3 38.25 23
    endloop
  endfacet
  facet normal 0 0 -1
    outer loop
      vertex 61.6855 38.0281 23
      vertex 129.315 38.0281 23
      vertex 129.358 37.81 23
    endloop
  endfacet
  facet normal 0 0 -1
    outer loop
      vertex 61.6421 37.81 23
      vertex 129.358 37.81 23
      vertex 129.429 37.5994 23
    endloop
  endfacet
  facet normal 0 0 -1
    outer loop
      vertex 61.5706 37.5994 23
      vertex 129.429 37.5994 23
      vertex 129.528 37.4 23
    endloop
  endfacet
  facet normal 0 0 -1
    outer loop
      vertex 61.4722 37.4 23
      vertex 129.528 37.4 23
      vertex 129.651 37.2151 23
    endloop
  endfacet
  facet normal 0 0 -1
    outer loop
      vertex 61.3487 37.2151 23
      vertex 129.651 37.2151 23
      vertex 129.798 37.0479 23
    endloop
  endfacet
  facet normal 0 0 -1
    outer loop
      vertex 61.2021 37.0479 23
      vertex 129.798 37.0479 23
      vertex 129.965 36.9013 23
    endloop
  endfacet
  facet normal 0 0 -1
    outer loop
      vertex 61.0349 36.9013 23
      vertex 129.965 36.9013 23
      vertex 130.15 36.7778 23
    endloop
  endfacet
  facet normal 0 0 -1
    outer loop
      vertex 60.85 36.7778 23
      vertex 130.15 36.7778 23
      vertex 130.349 36.6794 23
    endloop
  endfacet
  facet normal 0 0 -1
    outer loop
      vertex 60.6506 36.6794 23
      vertex 130.349 36.6794 23
      vertex 130.56 36.6079 23
    endloop
  endfacet
  facet normal 0 0 -1
    outer loop
      vertex 60.44 36.6079 23
      vertex 130.56 36.6079 23
      vertex 130.778 36.5645 23
    endloop
  endfacet
  facet normal 0 0 -1
    outer loop
      vertex 50.5 35.5 23
      vertex 130.778 36.5645 23
      vertex 144 35.5 23
    endloop
  endfacet
  facet normal 0 0 -1
    outer loop
      vertex 129.315 38.0281 23
      vertex 61.6855 38.0281 23
      vertex 61.7 38.25 23
    endloop
  endfacet
  facet normal 0 0 -1
    outer loop
      vertex 129.358 37.81 23
      vertex 61.6421 37.81 23
      vertex 61.6855 38.0281 23
    endloop
  endfacet
  facet normal 0 0 -1
    outer loop
      vertex 129.429 37.5994 23
      vertex 61.5706 37.5994 23
      vertex 61.6421 37.81 23
    endloop
  endfacet
  facet normal 0 0 -1
    outer loop
      vertex 129.528 37.4 23
      vertex 61.4722 37.4 23
      vertex 61.5706 37.5994 23
    endloop
  endfacet
  facet normal 0 0 -1
    outer loop
      vertex 129.651 37.2151 23
      vertex 61.3487 37.2151 23
      vertex 61.4722 37.4 23
    endloop
  endfacet
  facet normal 0 0 -1
    outer loop
      vertex 129.798 37.0479 23
      vertex 61.2021 37.0479 23
      vertex 61.3487 37.2151 23
    endloop
  endfacet
  facet normal 0 0 -1
    outer loop
      vertex 129.965 36.9013 23
      vertex 61.0349 36.9013 23
      vertex 61.2021 37.0479 23
    endloop
  endfacet
  facet normal 0 0 -1
    outer loop
      vertex 130.15 36.7778 23
      vertex 60.85 36.7778 23
      vertex 61.0349 36.9013 23
    endloop
  endfacet
  facet normal 0 0 -1
    outer loop
      vertex 130.349 36.6794 23
      vertex 60.6506 36.6794 23
      vertex 60.85 36.7778 23
    endloop
  endfacet
  facet normal 0 0 -1
    outer loop
      vertex 130.56 36.6079 23
      vertex 60.44 36.6079 23
      vertex 60.6506 36.6794 23
    endloop
  endfacet
  facet normal 0 0 -1
    outer loop
      vertex 130.778 36.5645 23
      vertex 60.2219 36.5645 23
      vertex 60.44 36.6079 23
    endloop
  endfacet
  facet normal -0 0 -1
    outer loop
      vertex 130.778 36.5645 23
      vertex 50.5 35.5 23
      vertex 60.2219 36.5645 23
    endloop
  endfacet
  facet normal -0 0 -1
    outer loop
      vertex 58.3145 38.0281 23
      vertex 50.5 35.5 23
      vertex 58.3 38.25 23
    endloop
  endfacet
  facet normal -0 0 -1
    outer loop
      vertex 58.3579 37.81 23
      vertex 50.5 35.5 23
      vertex 58.3145 38.0281 23
    endloop
  endfacet
  facet normal -0 0 -1
    outer loop
      vertex 58.4294 37.5994 23
      vertex 50.5 35.5 23
      vertex 58.3579 37.81 23
    endloop
  endfacet
  facet normal -0 0 -1
    outer loop
      vertex 58.5278 37.4 23
      vertex 50.5 35.5 23
      vertex 58.4294 37.5994 23
    endloop
  endfacet
  facet normal -0 0 -1
    outer loop
      vertex 58.6513 37.2151 23
      vertex 50.5 35.5 23
      vertex 58.5278 37.4 23
    endloop
  endfacet
  facet normal -0 0 -1
    outer loop
      vertex 58.7979 37.0479 23
      vertex 50.5 35.5 23
      vertex 58.6513 37.2151 23
    endloop
  endfacet
  facet normal -0 0 -1
    outer loop
      vertex 58.9651 36.9013 23
      vertex 50.5 35.5 23
      vertex 58.7979 37.0479 23
    endloop
  endfacet
  facet normal -0 0 -1
    outer loop
      vertex 59.15 36.7778 23
      vertex 50.5 35.5 23
      vertex 58.9651 36.9013 23
    endloop
  endfacet
  facet normal -0 0 -1
    outer loop
      vertex 59.3494 36.6794 23
      vertex 50.5 35.5 23
      vertex 59.15 36.7778 23
    endloop
  endfacet
  facet normal -0 0 -1
    outer loop
      vertex 59.56 36.6079 23
      vertex 50.5 35.5 23
      vertex 59.3494 36.6794 23
    endloop
  endfacet
  facet normal -0 0 -1
    outer loop
      vertex 59.7781 36.5645 23
      vertex 50.5 35.5 23
      vertex 59.56 36.6079 23
    endloop
  endfacet
  facet normal -0 0 -1
    outer loop
      vertex 60 36.55 23
      vertex 50.5 35.5 23
      vertex 59.7781 36.5645 23
    endloop
  endfacet
  facet normal 0 0 -1
    outer loop
      vertex 60.2219 36.5645 23
      vertex 50.5 35.5 23
      vertex 60 36.55 23
    endloop
  endfacet
  facet normal 0 0 -1
    outer loop
      vertex 146 -41 23
      vertex 145 -3.5 23
      vertex 146 41 23
    endloop
  endfacet
  facet normal 0 0 -1
    outer loop
      vertex 146 -41 23
      vertex 144 -35.5 23
      vertex 145 -3.5 23
    endloop
  endfacet
  facet normal 0 0 -1
    outer loop
      vertex 132.642 -38.69 23
      vertex 144 -35.5 23
      vertex 146 -41 23
    endloop
  endfacet
  facet normal 0 0 -1
    outer loop
      vertex 144 -35.5 23
      vertex 132.685 -38.4719 23
      vertex 132.7 -38.25 23
    endloop
  endfacet
  facet normal 0 0 -1
    outer loop
      vertex 144 -35.5 23
      vertex 132.642 -38.69 23
      vertex 132.685 -38.4719 23
    endloop
  endfacet
  facet normal 0 0 -1
    outer loop
      vertex 146 -41 23
      vertex 132.571 -38.9006 23
      vertex 132.642 -38.69 23
    endloop
  endfacet
  facet normal 0 0 -1
    outer loop
      vertex 146 -41 23
      vertex 132.472 -39.1 23
      vertex 132.571 -38.9006 23
    endloop
  endfacet
  facet normal 0 0 -1
    outer loop
      vertex 146 -41 23
      vertex 132.349 -39.2849 23
      vertex 132.472 -39.1 23
    endloop
  endfacet
  facet normal 0 0 -1
    outer loop
      vertex 146 -41 23
      vertex 132.202 -39.4521 23
      vertex 132.349 -39.2849 23
    endloop
  endfacet
  facet normal 0 0 -1
    outer loop
      vertex 146 -41 23
      vertex 132.035 -39.5987 23
      vertex 132.202 -39.4521 23
    endloop
  endfacet
  facet normal 0 0 -1
    outer loop
      vertex 146 -41 23
      vertex 131.85 -39.7222 23
      vertex 132.035 -39.5987 23
    endloop
  endfacet
  facet normal 0 0 -1
    outer loop
      vertex 146 -41 23
      vertex 131.651 -39.8206 23
      vertex 131.85 -39.7222 23
    endloop
  endfacet
  facet normal 0 0 -1
    outer loop
      vertex 146 -41 23
      vertex 131.44 -39.8921 23
      vertex 131.651 -39.8206 23
    endloop
  endfacet
  facet normal 0 0 -1
    outer loop
      vertex 146 -41 23
      vertex 131.222 -39.9355 23
      vertex 131.44 -39.8921 23
    endloop
  endfacet
  facet normal 0 0 -1
    outer loop
      vertex 146 -41 23
      vertex 131 -39.95 23
      vertex 131.222 -39.9355 23
    endloop
  endfacet
  facet normal 0 0 -1
    outer loop
      vertex 146 -41 23
      vertex 130.778 -39.9355 23
      vertex 131 -39.95 23
    endloop
  endfacet
  facet normal 0 0 -1
    outer loop
      vertex 129.315 -38.4719 23
      vertex 61.7 -38.25 23
      vertex 129.3 -38.25 23
    endloop
  endfacet
  facet normal 0 0 -1
    outer loop
      vertex 61.6855 -38.4719 23
      vertex 129.315 -38.4719 23
      vertex 129.358 -38.69 23
    endloop
  endfacet
  facet normal 0 0 -1
    outer loop
      vertex 61.6421 -38.69 23
      vertex 129.358 -38.69 23
      vertex 129.429 -38.9006 23
    endloop
  endfacet
  facet normal 0 0 -1
    outer loop
      vertex 61.5706 -38.9006 23
      vertex 129.429 -38.9006 23
      vertex 129.528 -39.1 23
    endloop
  endfacet
  facet normal 0 0 -1
    outer loop
      vertex 61.4722 -39.1 23
      vertex 129.528 -39.1 23
      vertex 129.651 -39.2849 23
    endloop
  endfacet
  facet normal 0 0 -1
    outer loop
      vertex 61.3487 -39.2849 23
      vertex 129.651 -39.2849 23
      vertex 129.798 -39.4521 23
    endloop
  endfacet
  facet normal 0 0 -1
    outer loop
      vertex 61.2021 -39.4521 23
      vertex 129.798 -39.4521 23
      vertex 129.965 -39.5987 23
    endloop
  endfacet
  facet normal 0 0 -1
    outer loop
      vertex 61.0349 -39.5987 23
      vertex 129.965 -39.5987 23
      vertex 130.15 -39.7222 23
    endloop
  endfacet
  facet normal 0 0 -1
    outer loop
      vertex 60.85 -39.7222 23
      vertex 130.15 -39.7222 23
      vertex 130.349 -39.8206 23
    endloop
  endfacet
  facet normal 0 0 -1
    outer loop
      vertex 60.6506 -39.8206 23
      vertex 130.349 -39.8206 23
      vertex 130.56 -39.8921 23
    endloop
  endfacet
  facet normal 0 0 -1
    outer loop
      vertex 60.44 -39.8921 23
      vertex 130.56 -39.8921 23
      vertex 130.778 -39.9355 23
    endloop
  endfacet
  facet normal 0 0 -1
    outer loop
      vertex 50.5 -41 23
      vertex 130.778 -39.9355 23
      vertex 146 -41 23
    endloop
  endfacet
  facet normal 0 0 -1
    outer loop
      vertex 129.315 -38.4719 23
      vertex 61.6855 -38.4719 23
      vertex 61.7 -38.25 23
    endloop
  endfacet
  facet normal 0 0 -1
    outer loop
      vertex 129.358 -38.69 23
      vertex 61.6421 -38.69 23
      vertex 61.6855 -38.4719 23
    endloop
  endfacet
  facet normal 0 0 -1
    outer loop
      vertex 129.429 -38.9006 23
      vertex 61.5706 -38.9006 23
      vertex 61.6421 -38.69 23
    endloop
  endfacet
  facet normal 0 0 -1
    outer loop
      vertex 129.528 -39.1 23
      vertex 61.4722 -39.1 23
      vertex 61.5706 -38.9006 23
    endloop
  endfacet
  facet normal 0 0 -1
    outer loop
      vertex 129.651 -39.2849 23
      vertex 61.3487 -39.2849 23
      vertex 61.4722 -39.1 23
    endloop
  endfacet
  facet normal 0 0 -1
    outer loop
      vertex 129.798 -39.4521 23
      vertex 61.2021 -39.4521 23
      vertex 61.3487 -39.2849 23
    endloop
  endfacet
  facet normal 0 0 -1
    outer loop
      vertex 129.965 -39.5987 23
      vertex 61.0349 -39.5987 23
      vertex 61.2021 -39.4521 23
    endloop
  endfacet
  facet normal 0 0 -1
    outer loop
      vertex 130.15 -39.7222 23
      vertex 60.85 -39.7222 23
      vertex 61.0349 -39.5987 23
    endloop
  endfacet
  facet normal 0 0 -1
    outer loop
      vertex 130.349 -39.8206 23
      vertex 60.6506 -39.8206 23
      vertex 60.85 -39.7222 23
    endloop
  endfacet
  facet normal 0 0 -1
    outer loop
      vertex 130.56 -39.8921 23
      vertex 60.44 -39.8921 23
      vertex 60.6506 -39.8206 23
    endloop
  endfacet
  facet normal 0 0 -1
    outer loop
      vertex 130.778 -39.9355 23
      vertex 60.2219 -39.9355 23
      vertex 60.44 -39.8921 23
    endloop
  endfacet
  facet normal -0 0 -1
    outer loop
      vertex 130.778 -39.9355 23
      vertex 50.5 -41 23
      vertex 60.2219 -39.9355 23
    endloop
  endfacet
  facet normal -0 0 -1
    outer loop
      vertex 58.3145 -38.4719 23
      vertex 50.5 -41 23
      vertex 58.3 -38.25 23
    endloop
  endfacet
  facet normal -0 0 -1
    outer loop
      vertex 58.3579 -38.69 23
      vertex 50.5 -41 23
      vertex 58.3145 -38.4719 23
    endloop
  endfacet
  facet normal -0 0 -1
    outer loop
      vertex 58.4294 -38.9006 23
      vertex 50.5 -41 23
      vertex 58.3579 -38.69 23
    endloop
  endfacet
  facet normal -0 0 -1
    outer loop
      vertex 58.5278 -39.1 23
      vertex 50.5 -41 23
      vertex 58.4294 -38.9006 23
    endloop
  endfacet
  facet normal -0 0 -1
    outer loop
      vertex 58.6513 -39.2849 23
      vertex 50.5 -41 23
      vertex 58.5278 -39.1 23
    endloop
  endfacet
  facet normal -0 0 -1
    outer loop
      vertex 58.7979 -39.4521 23
      vertex 50.5 -41 23
      vertex 58.6513 -39.2849 23
    endloop
  endfacet
  facet normal -0 0 -1
    outer loop
      vertex 58.9651 -39.5987 23
      vertex 50.5 -41 23
      vertex 58.7979 -39.4521 23
    endloop
  endfacet
  facet normal -0 0 -1
    outer loop
      vertex 59.15 -39.7222 23
      vertex 50.5 -41 23
      vertex 58.9651 -39.5987 23
    endloop
  endfacet
  facet normal -0 0 -1
    outer loop
      vertex 59.3494 -39.8206 23
      vertex 50.5 -41 23
      vertex 59.15 -39.7222 23
    endloop
  endfacet
  facet normal -0 0 -1
    outer loop
      vertex 59.56 -39.8921 23
      vertex 50.5 -41 23
      vertex 59.3494 -39.8206 23
    endloop
  endfacet
  facet normal -0 0 -1
    outer loop
      vertex 59.7781 -39.9355 23
      vertex 50.5 -41 23
      vertex 59.56 -39.8921 23
    endloop
  endfacet
  facet normal -0 0 -1
    outer loop
      vertex 60 -39.95 23
      vertex 50.5 -41 23
      vertex 59.7781 -39.9355 23
    endloop
  endfacet
  facet normal 0 0 -1
    outer loop
      vertex 60.2219 -39.9355 23
      vertex 50.5 -41 23
      vertex 60 -39.95 23
    endloop
  endfacet
  facet normal 0 0 -1
    outer loop
      vertex 145 3.5 23
      vertex 146 41 23
      vertex 145 -3.5 23
    endloop
  endfacet
  facet normal 0 0 -1
    outer loop
      vertex 144 35.5 23
      vertex 145 3.5 23
      vertex 144 3.5 23
    endloop
  endfacet
  facet normal 0 0 -1
    outer loop
      vertex 145 3.5 23
      vertex 144 35.5 23
      vertex 146 41 23
    endloop
  endfacet
  facet normal 0 0 -1
    outer loop
      vertex 132.685 38.4719 23
      vertex 144 35.5 23
      vertex 132.7 38.25 23
    endloop
  endfacet
  facet normal 0 0 -1
    outer loop
      vertex 132.642 38.69 23
      vertex 144 35.5 23
      vertex 132.685 38.4719 23
    endloop
  endfacet
  facet normal 0 0 -1
    outer loop
      vertex 144 35.5 23
      vertex 132.642 38.69 23
      vertex 146 41 23
    endloop
  endfacet
  facet normal 0 0 -1
    outer loop
      vertex 132.571 38.9006 23
      vertex 146 41 23
      vertex 132.642 38.69 23
    endloop
  endfacet
  facet normal 0 0 -1
    outer loop
      vertex 132.472 39.1 23
      vertex 146 41 23
      vertex 132.571 38.9006 23
    endloop
  endfacet
  facet normal 0 0 -1
    outer loop
      vertex 132.349 39.2849 23
      vertex 146 41 23
      vertex 132.472 39.1 23
    endloop
  endfacet
  facet normal 0 0 -1
    outer loop
      vertex 132.202 39.4521 23
      vertex 146 41 23
      vertex 132.349 39.2849 23
    endloop
  endfacet
  facet normal 0 0 -1
    outer loop
      vertex 132.035 39.5987 23
      vertex 146 41 23
      vertex 132.202 39.4521 23
    endloop
  endfacet
  facet normal 0 0 -1
    outer loop
      vertex 131.85 39.7222 23
      vertex 146 41 23
      vertex 132.035 39.5987 23
    endloop
  endfacet
  facet normal 0 0 -1
    outer loop
      vertex 131.651 39.8206 23
      vertex 146 41 23
      vertex 131.85 39.7222 23
    endloop
  endfacet
  facet normal 0 0 -1
    outer loop
      vertex 131.44 39.8921 23
      vertex 146 41 23
      vertex 131.651 39.8206 23
    endloop
  endfacet
  facet normal 0 0 -1
    outer loop
      vertex 131.222 39.9355 23
      vertex 146 41 23
      vertex 131.44 39.8921 23
    endloop
  endfacet
  facet normal 0 0 -1
    outer loop
      vertex 131 39.95 23
      vertex 146 41 23
      vertex 131.222 39.9355 23
    endloop
  endfacet
  facet normal 0 0 -1
    outer loop
      vertex 130.778 39.9355 23
      vertex 146 41 23
      vertex 131 39.95 23
    endloop
  endfacet
  facet normal 0 0 -1
    outer loop
      vertex 61.7 38.25 23
      vertex 129.315 38.4719 23
      vertex 129.3 38.25 23
    endloop
  endfacet
  facet normal 0 0 -1
    outer loop
      vertex 61.6855 38.4719 23
      vertex 129.315 38.4719 23
      vertex 61.7 38.25 23
    endloop
  endfacet
  facet normal 0 0 -1
    outer loop
      vertex 129.315 38.4719 23
      vertex 61.6855 38.4719 23
      vertex 129.358 38.69 23
    endloop
  endfacet
  facet normal 0 0 -1
    outer loop
      vertex 61.6421 38.69 23
      vertex 129.358 38.69 23
      vertex 61.6855 38.4719 23
    endloop
  endfacet
  facet normal 0 0 -1
    outer loop
      vertex 129.358 38.69 23
      vertex 61.6421 38.69 23
      vertex 129.429 38.9006 23
    endloop
  endfacet
  facet normal 0 0 -1
    outer loop
      vertex 61.5706 38.9006 23
      vertex 129.429 38.9006 23
      vertex 61.6421 38.69 23
    endloop
  endfacet
  facet normal 0 0 -1
    outer loop
      vertex 129.429 38.9006 23
      vertex 61.5706 38.9006 23
      vertex 129.528 39.1 23
    endloop
  endfacet
  facet normal 0 0 -1
    outer loop
      vertex 61.4722 39.1 23
      vertex 129.528 39.1 23
      vertex 61.5706 38.9006 23
    endloop
  endfacet
  facet normal 0 0 -1
    outer loop
      vertex 129.528 39.1 23
      vertex 61.4722 39.1 23
      vertex 129.651 39.2849 23
    endloop
  endfacet
  facet normal 0 0 -1
    outer loop
      vertex 61.3487 39.2849 23
      vertex 129.651 39.2849 23
      vertex 61.4722 39.1 23
    endloop
  endfacet
  facet normal 0 0 -1
    outer loop
      vertex 129.651 39.2849 23
      vertex 61.3487 39.2849 23
      vertex 129.798 39.4521 23
    endloop
  endfacet
  facet normal 0 0 -1
    outer loop
      vertex 61.2021 39.4521 23
      vertex 129.798 39.4521 23
      vertex 61.3487 39.2849 23
    endloop
  endfacet
  facet normal 0 0 -1
    outer loop
      vertex 129.798 39.4521 23
      vertex 61.2021 39.4521 23
      vertex 129.965 39.5987 23
    endloop
  endfacet
  facet normal 0 0 -1
    outer loop
      vertex 61.0349 39.5987 23
      vertex 129.965 39.5987 23
      vertex 61.2021 39.4521 23
    endloop
  endfacet
  facet normal 0 0 -1
    outer loop
      vertex 129.965 39.5987 23
      vertex 61.0349 39.5987 23
      vertex 130.15 39.7222 23
    endloop
  endfacet
  facet normal 0 0 -1
    outer loop
      vertex 60.85 39.7222 23
      vertex 130.15 39.7222 23
      vertex 61.0349 39.5987 23
    endloop
  endfacet
  facet normal 0 0 -1
    outer loop
      vertex 130.15 39.7222 23
      vertex 60.85 39.7222 23
      vertex 130.349 39.8206 23
    endloop
  endfacet
  facet normal 0 0 -1
    outer loop
      vertex 60.6506 39.8206 23
      vertex 130.349 39.8206 23
      vertex 60.85 39.7222 23
    endloop
  endfacet
  facet normal 0 0 -1
    outer loop
      vertex 130.349 39.8206 23
      vertex 60.6506 39.8206 23
      vertex 130.56 39.8921 23
    endloop
  endfacet
  facet normal 0 0 -1
    outer loop
      vertex 60.44 39.8921 23
      vertex 130.56 39.8921 23
      vertex 60.6506 39.8206 23
    endloop
  endfacet
  facet normal 0 0 -1
    outer loop
      vertex 130.56 39.8921 23
      vertex 60.44 39.8921 23
      vertex 130.778 39.9355 23
    endloop
  endfacet
  facet normal 0 0 -1
    outer loop
      vertex 60.2219 39.9355 23
      vertex 130.778 39.9355 23
      vertex 60.44 39.8921 23
    endloop
  endfacet
  facet normal 0 0 -1
    outer loop
      vertex 50.5 41 23
      vertex 130.778 39.9355 23
      vertex 60.2219 39.9355 23
    endloop
  endfacet
  facet normal 0 0 -1
    outer loop
      vertex 50.5 41 23
      vertex 60.2219 39.9355 23
      vertex 60 39.95 23
    endloop
  endfacet
  facet normal 0 0 -1
    outer loop
      vertex 50.5 41 23
      vertex 58.3 38.25 23
      vertex 50.5 35.5 23
    endloop
  endfacet
  facet normal 0 0 -1
    outer loop
      vertex 58.3 38.25 23
      vertex 50.5 41 23
      vertex 58.3145 38.4719 23
    endloop
  endfacet
  facet normal 0 0 -1
    outer loop
      vertex 58.3145 38.4719 23
      vertex 50.5 41 23
      vertex 58.3579 38.69 23
    endloop
  endfacet
  facet normal 0 0 -1
    outer loop
      vertex 58.3579 38.69 23
      vertex 50.5 41 23
      vertex 58.4294 38.9006 23
    endloop
  endfacet
  facet normal 0 0 -1
    outer loop
      vertex 58.4294 38.9006 23
      vertex 50.5 41 23
      vertex 58.5278 39.1 23
    endloop
  endfacet
  facet normal 0 0 -1
    outer loop
      vertex 58.5278 39.1 23
      vertex 50.5 41 23
      vertex 58.6513 39.2849 23
    endloop
  endfacet
  facet normal 0 0 -1
    outer loop
      vertex 58.6513 39.2849 23
      vertex 50.5 41 23
      vertex 58.7979 39.4521 23
    endloop
  endfacet
  facet normal 0 0 -1
    outer loop
      vertex 58.7979 39.4521 23
      vertex 50.5 41 23
      vertex 58.9651 39.5987 23
    endloop
  endfacet
  facet normal 0 0 -1
    outer loop
      vertex 58.9651 39.5987 23
      vertex 50.5 41 23
      vertex 59.15 39.7222 23
    endloop
  endfacet
  facet normal 0 0 -1
    outer loop
      vertex 130.778 39.9355 23
      vertex 50.5 41 23
      vertex 146 41 23
    endloop
  endfacet
  facet normal 0 0 -1
    outer loop
      vertex 59.7781 39.9355 23
      vertex 50.5 41 23
      vertex 60 39.95 23
    endloop
  endfacet
  facet normal 0 0 -1
    outer loop
      vertex 59.56 39.8921 23
      vertex 50.5 41 23
      vertex 59.7781 39.9355 23
    endloop
  endfacet
  facet normal 0 0 -1
    outer loop
      vertex 59.3494 39.8206 23
      vertex 50.5 41 23
      vertex 59.56 39.8921 23
    endloop
  endfacet
  facet normal 0 0 -1
    outer loop
      vertex 59.15 39.7222 23
      vertex 50.5 41 23
      vertex 59.3494 39.8206 23
    endloop
  endfacet
  facet normal -0 0 -1
    outer loop
      vertex 145 -3.5 23
      vertex 144 -35.5 23
      vertex 144 -3.5 23
    endloop
  endfacet
  facet normal 0 0 -1
    outer loop
      vertex 132.685 -38.0281 23
      vertex 144 -35.5 23
      vertex 132.7 -38.25 23
    endloop
  endfacet
  facet normal 0 0 -1
    outer loop
      vertex 132.642 -37.81 23
      vertex 144 -35.5 23
      vertex 132.685 -38.0281 23
    endloop
  endfacet
  facet normal 0 0 -1
    outer loop
      vertex 132.571 -37.5994 23
      vertex 144 -35.5 23
      vertex 132.642 -37.81 23
    endloop
  endfacet
  facet normal 0 0 -1
    outer loop
      vertex 132.472 -37.4 23
      vertex 144 -35.5 23
      vertex 132.571 -37.5994 23
    endloop
  endfacet
  facet normal 0 0 -1
    outer loop
      vertex 132.349 -37.2151 23
      vertex 144 -35.5 23
      vertex 132.472 -37.4 23
    endloop
  endfacet
  facet normal 0 0 -1
    outer loop
      vertex 132.202 -37.0479 23
      vertex 144 -35.5 23
      vertex 132.349 -37.2151 23
    endloop
  endfacet
  facet normal 0 0 -1
    outer loop
      vertex 132.035 -36.9013 23
      vertex 144 -35.5 23
      vertex 132.202 -37.0479 23
    endloop
  endfacet
  facet normal 0 0 -1
    outer loop
      vertex 131.85 -36.7778 23
      vertex 144 -35.5 23
      vertex 132.035 -36.9013 23
    endloop
  endfacet
  facet normal 0 0 -1
    outer loop
      vertex 131.651 -36.6794 23
      vertex 144 -35.5 23
      vertex 131.85 -36.7778 23
    endloop
  endfacet
  facet normal 0 0 -1
    outer loop
      vertex 131.44 -36.6079 23
      vertex 144 -35.5 23
      vertex 131.651 -36.6794 23
    endloop
  endfacet
  facet normal 0 0 -1
    outer loop
      vertex 131.222 -36.5645 23
      vertex 144 -35.5 23
      vertex 131.44 -36.6079 23
    endloop
  endfacet
  facet normal 0 0 -1
    outer loop
      vertex 131 -36.55 23
      vertex 144 -35.5 23
      vertex 131.222 -36.5645 23
    endloop
  endfacet
  facet normal 0 0 -1
    outer loop
      vertex 130.778 -36.5645 23
      vertex 144 -35.5 23
      vertex 131 -36.55 23
    endloop
  endfacet
  facet normal 0 0 -1
    outer loop
      vertex 61.7 -38.25 23
      vertex 129.315 -38.0281 23
      vertex 129.3 -38.25 23
    endloop
  endfacet
  facet normal 0 0 -1
    outer loop
      vertex 61.6855 -38.0281 23
      vertex 129.315 -38.0281 23
      vertex 61.7 -38.25 23
    endloop
  endfacet
  facet normal 0 0 -1
    outer loop
      vertex 129.315 -38.0281 23
      vertex 61.6855 -38.0281 23
      vertex 129.358 -37.81 23
    endloop
  endfacet
  facet normal 0 0 -1
    outer loop
      vertex 61.6421 -37.81 23
      vertex 129.358 -37.81 23
      vertex 61.6855 -38.0281 23
    endloop
  endfacet
  facet normal 0 0 -1
    outer loop
      vertex 129.358 -37.81 23
      vertex 61.6421 -37.81 23
      vertex 129.429 -37.5994 23
    endloop
  endfacet
  facet normal 0 0 -1
    outer loop
      vertex 61.5706 -37.5994 23
      vertex 129.429 -37.5994 23
      vertex 61.6421 -37.81 23
    endloop
  endfacet
  facet normal 0 0 -1
    outer loop
      vertex 129.429 -37.5994 23
      vertex 61.5706 -37.5994 23
      vertex 129.528 -37.4 23
    endloop
  endfacet
  facet normal 0 0 -1
    outer loop
      vertex 61.4722 -37.4 23
      vertex 129.528 -37.4 23
      vertex 61.5706 -37.5994 23
    endloop
  endfacet
  facet normal 0 0 -1
    outer loop
      vertex 129.528 -37.4 23
      vertex 61.4722 -37.4 23
      vertex 129.651 -37.2151 23
    endloop
  endfacet
  facet normal 0 0 -1
    outer loop
      vertex 61.3487 -37.2151 23
      vertex 129.651 -37.2151 23
      vertex 61.4722 -37.4 23
    endloop
  endfacet
  facet normal 0 0 -1
    outer loop
      vertex 129.651 -37.2151 23
      vertex 61.3487 -37.2151 23
      vertex 129.798 -37.0479 23
    endloop
  endfacet
  facet normal 0 0 -1
    outer loop
      vertex 61.2021 -37.0479 23
      vertex 129.798 -37.0479 23
      vertex 61.3487 -37.2151 23
    endloop
  endfacet
  facet normal 0 0 -1
    outer loop
      vertex 129.798 -37.0479 23
      vertex 61.2021 -37.0479 23
      vertex 129.965 -36.9013 23
    endloop
  endfacet
  facet normal 0 0 -1
    outer loop
      vertex 61.0349 -36.9013 23
      vertex 129.965 -36.9013 23
      vertex 61.2021 -37.0479 23
    endloop
  endfacet
  facet normal 0 0 -1
    outer loop
      vertex 129.965 -36.9013 23
      vertex 61.0349 -36.9013 23
      vertex 130.15 -36.7778 23
    endloop
  endfacet
  facet normal 0 0 -1
    outer loop
      vertex 60.85 -36.7778 23
      vertex 130.15 -36.7778 23
      vertex 61.0349 -36.9013 23
    endloop
  endfacet
  facet normal 0 0 -1
    outer loop
      vertex 130.15 -36.7778 23
      vertex 60.85 -36.7778 23
      vertex 130.349 -36.6794 23
    endloop
  endfacet
  facet normal 0 0 -1
    outer loop
      vertex 60.6506 -36.6794 23
      vertex 130.349 -36.6794 23
      vertex 60.85 -36.7778 23
    endloop
  endfacet
  facet normal 0 0 -1
    outer loop
      vertex 130.349 -36.6794 23
      vertex 60.6506 -36.6794 23
      vertex 130.56 -36.6079 23
    endloop
  endfacet
  facet normal 0 0 -1
    outer loop
      vertex 60.44 -36.6079 23
      vertex 130.56 -36.6079 23
      vertex 60.6506 -36.6794 23
    endloop
  endfacet
  facet normal 0 0 -1
    outer loop
      vertex 130.56 -36.6079 23
      vertex 60.44 -36.6079 23
      vertex 130.778 -36.5645 23
    endloop
  endfacet
  facet normal 0 0 -1
    outer loop
      vertex 60.2219 -36.5645 23
      vertex 130.778 -36.5645 23
      vertex 60.44 -36.6079 23
    endloop
  endfacet
  facet normal 0 0 -1
    outer loop
      vertex 50.5 -35.5 23
      vertex 130.778 -36.5645 23
      vertex 60.2219 -36.5645 23
    endloop
  endfacet
  facet normal 0 0 -1
    outer loop
      vertex 50.5 -35.5 23
      vertex 60.2219 -36.5645 23
      vertex 60 -36.55 23
    endloop
  endfacet
  facet normal 0 0 -1
    outer loop
      vertex 50.5 -35.5 23
      vertex 58.3 -38.25 23
      vertex 50.5 -41 23
    endloop
  endfacet
  facet normal 0 0 -1
    outer loop
      vertex 58.3 -38.25 23
      vertex 50.5 -35.5 23
      vertex 58.3145 -38.0281 23
    endloop
  endfacet
  facet normal 0 0 -1
    outer loop
      vertex 58.3145 -38.0281 23
      vertex 50.5 -35.5 23
      vertex 58.3579 -37.81 23
    endloop
  endfacet
  facet normal 0 0 -1
    outer loop
      vertex 58.3579 -37.81 23
      vertex 50.5 -35.5 23
      vertex 58.4294 -37.5994 23
    endloop
  endfacet
  facet normal 0 0 -1
    outer loop
      vertex 58.4294 -37.5994 23
      vertex 50.5 -35.5 23
      vertex 58.5278 -37.4 23
    endloop
  endfacet
  facet normal 0 0 -1
    outer loop
      vertex 58.5278 -37.4 23
      vertex 50.5 -35.5 23
      vertex 58.6513 -37.2151 23
    endloop
  endfacet
  facet normal 0 0 -1
    outer loop
      vertex 58.6513 -37.2151 23
      vertex 50.5 -35.5 23
      vertex 58.7979 -37.0479 23
    endloop
  endfacet
  facet normal 0 0 -1
    outer loop
      vertex 58.7979 -37.0479 23
      vertex 50.5 -35.5 23
      vertex 58.9651 -36.9013 23
    endloop
  endfacet
  facet normal 0 0 -1
    outer loop
      vertex 58.9651 -36.9013 23
      vertex 50.5 -35.5 23
      vertex 59.15 -36.7778 23
    endloop
  endfacet
  facet normal 0 0 -1
    outer loop
      vertex 130.778 -36.5645 23
      vertex 50.5 -35.5 23
      vertex 144 -35.5 23
    endloop
  endfacet
  facet normal 0 0 -1
    outer loop
      vertex 59.7781 -36.5645 23
      vertex 50.5 -35.5 23
      vertex 60 -36.55 23
    endloop
  endfacet
  facet normal 0 0 -1
    outer loop
      vertex 59.56 -36.6079 23
      vertex 50.5 -35.5 23
      vertex 59.7781 -36.5645 23
    endloop
  endfacet
  facet normal 0 0 -1
    outer loop
      vertex 59.3494 -36.6794 23
      vertex 50.5 -35.5 23
      vertex 59.56 -36.6079 23
    endloop
  endfacet
  facet normal 0 0 -1
    outer loop
      vertex 59.15 -36.7778 23
      vertex 50.5 -35.5 23
      vertex 59.3494 -36.6794 23
    endloop
  endfacet
  facet normal -1 0 0
    outer loop
      vertex 50.5 35.5 23
      vertex 50.5 41 27
      vertex 50.5 41 23
    endloop
  endfacet
  facet normal -1 -0 0
    outer loop
      vertex 50.5 41 27
      vertex 50.5 35.5 23
      vertex 50.5 35.5 27
    endloop
  endfacet
  facet normal -1 0 0
    outer loop
      vertex 50.5 -41 23
      vertex 50.5 -35.5 27
      vertex 50.5 -35.5 23
    endloop
  endfacet
  facet normal -1 -0 0
    outer loop
      vertex 50.5 -35.5 27
      vertex 50.5 -41 23
      vertex 50.5 -41 27
    endloop
  endfacet
  facet normal 0 1 -0
    outer loop
      vertex 146 41 23
      vertex 50.5 41 27
      vertex 146 41 27
    endloop
  endfacet
  facet normal 0 1 0
    outer loop
      vertex 50.5 41 27
      vertex 146 41 23
      vertex 50.5 41 23
    endloop
  endfacet
  facet normal 0 -1 0
    outer loop
      vertex 50.5 -41 23
      vertex 146 -41 27
      vertex 50.5 -41 27
    endloop
  endfacet
  facet normal 0 -1 -0
    outer loop
      vertex 146 -41 27
      vertex 50.5 -41 23
      vertex 146 -41 23
    endloop
  endfacet
  facet normal -0.98077 -0.195165 0
    outer loop
      vertex 61.6855 -38.0281 23
      vertex 61.6421 -37.81 27
      vertex 61.6421 -37.81 23
    endloop
  endfacet
  facet normal -0.98077 -0.195165 0
    outer loop
      vertex 61.6421 -37.81 27
      vertex 61.6855 -38.0281 23
      vertex 61.6855 -38.0281 27
    endloop
  endfacet
  facet normal -0.997872 -0.0652057 0
    outer loop
      vertex 61.7 -38.25 23
      vertex 61.6855 -38.0281 27
      vertex 61.6855 -38.0281 23
    endloop
  endfacet
  facet normal -0.997872 -0.0652057 0
    outer loop
      vertex 61.6855 -38.0281 27
      vertex 61.7 -38.25 23
      vertex 61.7 -38.25 27
    endloop
  endfacet
  facet normal -0.0652057 0.997872 0
    outer loop
      vertex 60.2219 -39.9355 23
      vertex 60 -39.95 27
      vertex 60.2219 -39.9355 27
    endloop
  endfacet
  facet normal -0.0652057 0.997872 0
    outer loop
      vertex 60 -39.95 27
      vertex 60.2219 -39.9355 23
      vertex 60 -39.95 23
    endloop
  endfacet
  facet normal 0.659268 -0.751908 0
    outer loop
      vertex 58.7979 -37.0479 23
      vertex 58.9651 -36.9013 27
      vertex 58.7979 -37.0479 27
    endloop
  endfacet
  facet normal 0.659268 -0.751908 0
    outer loop
      vertex 58.9651 -36.9013 27
      vertex 58.7979 -37.0479 23
      vertex 58.9651 -36.9013 23
    endloop
  endfacet
  facet normal 0.831566 0.555426 0
    outer loop
      vertex 58.6513 -39.2849 27
      vertex 58.5278 -39.1 23
      vertex 58.5278 -39.1 27
    endloop
  endfacet
  facet normal 0.831566 0.555426 0
    outer loop
      vertex 58.5278 -39.1 23
      vertex 58.6513 -39.2849 27
      vertex 58.6513 -39.2849 23
    endloop
  endfacet
  facet normal 0.195165 0.98077 -0
    outer loop
      vertex 59.7781 -39.9355 23
      vertex 59.56 -39.8921 27
      vertex 59.7781 -39.9355 27
    endloop
  endfacet
  facet normal 0.195165 0.98077 0
    outer loop
      vertex 59.56 -39.8921 27
      vertex 59.7781 -39.9355 23
      vertex 59.56 -39.8921 23
    endloop
  endfacet
  facet normal -0.659268 -0.751908 0
    outer loop
      vertex 61.0349 -36.9013 23
      vertex 61.2021 -37.0479 27
      vertex 61.0349 -36.9013 27
    endloop
  endfacet
  facet normal -0.659268 -0.751908 -0
    outer loop
      vertex 61.2021 -37.0479 27
      vertex 61.0349 -36.9013 23
      vertex 61.2021 -37.0479 23
    endloop
  endfacet
  facet normal -0.946915 0.321484 0
    outer loop
      vertex 61.5706 -38.9006 23
      vertex 61.6421 -38.69 27
      vertex 61.6421 -38.69 23
    endloop
  endfacet
  facet normal -0.946915 0.321484 0
    outer loop
      vertex 61.6421 -38.69 27
      vertex 61.5706 -38.9006 23
      vertex 61.5706 -38.9006 27
    endloop
  endfacet
  facet normal -0.751908 0.659268 0
    outer loop
      vertex 61.2021 -39.4521 23
      vertex 61.3487 -39.2849 27
      vertex 61.3487 -39.2849 23
    endloop
  endfacet
  facet normal -0.751908 0.659268 0
    outer loop
      vertex 61.3487 -39.2849 27
      vertex 61.2021 -39.4521 23
      vertex 61.2021 -39.4521 27
    endloop
  endfacet
  facet normal -0.751908 -0.659268 0
    outer loop
      vertex 61.3487 -37.2151 23
      vertex 61.2021 -37.0479 27
      vertex 61.2021 -37.0479 23
    endloop
  endfacet
  facet normal -0.751908 -0.659268 0
    outer loop
      vertex 61.2021 -37.0479 27
      vertex 61.3487 -37.2151 23
      vertex 61.3487 -37.2151 27
    endloop
  endfacet
  facet normal 0.946915 0.321484 0
    outer loop
      vertex 58.4294 -38.9006 27
      vertex 58.3579 -38.69 23
      vertex 58.3579 -38.69 27
    endloop
  endfacet
  facet normal 0.946915 0.321484 0
    outer loop
      vertex 58.3579 -38.69 23
      vertex 58.4294 -38.9006 27
      vertex 58.4294 -38.9006 23
    endloop
  endfacet
  facet normal -0.321484 0.946915 0
    outer loop
      vertex 60.6506 -39.8206 23
      vertex 60.44 -39.8921 27
      vertex 60.6506 -39.8206 27
    endloop
  endfacet
  facet normal -0.321484 0.946915 0
    outer loop
      vertex 60.44 -39.8921 27
      vertex 60.6506 -39.8206 23
      vertex 60.44 -39.8921 23
    endloop
  endfacet
  facet normal 0.0652057 0.997872 -0
    outer loop
      vertex 60 -39.95 23
      vertex 59.7781 -39.9355 27
      vertex 60 -39.95 27
    endloop
  endfacet
  facet normal 0.0652057 0.997872 0
    outer loop
      vertex 59.7781 -39.9355 27
      vertex 60 -39.95 23
      vertex 59.7781 -39.9355 23
    endloop
  endfacet
  facet normal 0.321484 -0.946915 0
    outer loop
      vertex 59.3494 -36.6794 23
      vertex 59.56 -36.6079 27
      vertex 59.3494 -36.6794 27
    endloop
  endfacet
  facet normal 0.321484 -0.946915 0
    outer loop
      vertex 59.56 -36.6079 27
      vertex 59.3494 -36.6794 23
      vertex 59.56 -36.6079 23
    endloop
  endfacet
  facet normal -0.946915 -0.321484 0
    outer loop
      vertex 61.6421 -37.81 23
      vertex 61.5706 -37.5994 27
      vertex 61.5706 -37.5994 23
    endloop
  endfacet
  facet normal -0.946915 -0.321484 0
    outer loop
      vertex 61.5706 -37.5994 27
      vertex 61.6421 -37.81 23
      vertex 61.6421 -37.81 27
    endloop
  endfacet
  facet normal 0.751908 -0.659268 0
    outer loop
      vertex 58.6513 -37.2151 27
      vertex 58.7979 -37.0479 23
      vertex 58.7979 -37.0479 27
    endloop
  endfacet
  facet normal 0.751908 -0.659268 0
    outer loop
      vertex 58.7979 -37.0479 23
      vertex 58.6513 -37.2151 27
      vertex 58.6513 -37.2151 23
    endloop
  endfacet
  facet normal 0.44253 0.896754 -0
    outer loop
      vertex 59.3494 -39.8206 23
      vertex 59.15 -39.7222 27
      vertex 59.3494 -39.8206 27
    endloop
  endfacet
  facet normal 0.44253 0.896754 0
    outer loop
      vertex 59.15 -39.7222 27
      vertex 59.3494 -39.8206 23
      vertex 59.15 -39.7222 23
    endloop
  endfacet
  facet normal 0.0652057 -0.997872 0
    outer loop
      vertex 59.7781 -36.5645 23
      vertex 60 -36.55 27
      vertex 59.7781 -36.5645 27
    endloop
  endfacet
  facet normal 0.0652057 -0.997872 0
    outer loop
      vertex 60 -36.55 27
      vertex 59.7781 -36.5645 23
      vertex 60 -36.55 23
    endloop
  endfacet
  facet normal -0.896754 0.44253 0
    outer loop
      vertex 61.4722 -39.1 23
      vertex 61.5706 -38.9006 27
      vertex 61.5706 -38.9006 23
    endloop
  endfacet
  facet normal -0.896754 0.44253 0
    outer loop
      vertex 61.5706 -38.9006 27
      vertex 61.4722 -39.1 23
      vertex 61.4722 -39.1 27
    endloop
  endfacet
  facet normal -0.555426 0.831566 0
    outer loop
      vertex 61.0349 -39.5987 23
      vertex 60.85 -39.7222 27
      vertex 61.0349 -39.5987 27
    endloop
  endfacet
  facet normal -0.555426 0.831566 0
    outer loop
      vertex 60.85 -39.7222 27
      vertex 61.0349 -39.5987 23
      vertex 60.85 -39.7222 23
    endloop
  endfacet
  facet normal 0.98077 0.195165 0
    outer loop
      vertex 58.3579 -38.69 27
      vertex 58.3145 -38.4719 23
      vertex 58.3145 -38.4719 27
    endloop
  endfacet
  facet normal 0.98077 0.195165 0
    outer loop
      vertex 58.3145 -38.4719 23
      vertex 58.3579 -38.69 27
      vertex 58.3579 -38.69 23
    endloop
  endfacet
  facet normal -0.195165 -0.98077 0
    outer loop
      vertex 60.2219 -36.5645 23
      vertex 60.44 -36.6079 27
      vertex 60.2219 -36.5645 27
    endloop
  endfacet
  facet normal -0.195165 -0.98077 -0
    outer loop
      vertex 60.44 -36.6079 27
      vertex 60.2219 -36.5645 23
      vertex 60.44 -36.6079 23
    endloop
  endfacet
  facet normal -0.831566 -0.555426 0
    outer loop
      vertex 61.4722 -37.4 23
      vertex 61.3487 -37.2151 27
      vertex 61.3487 -37.2151 23
    endloop
  endfacet
  facet normal -0.831566 -0.555426 0
    outer loop
      vertex 61.3487 -37.2151 27
      vertex 61.4722 -37.4 23
      vertex 61.4722 -37.4 27
    endloop
  endfacet
  facet normal -0.997872 0.0652057 0
    outer loop
      vertex 61.6855 -38.4719 23
      vertex 61.7 -38.25 27
      vertex 61.7 -38.25 23
    endloop
  endfacet
  facet normal -0.997872 0.0652057 0
    outer loop
      vertex 61.7 -38.25 27
      vertex 61.6855 -38.4719 23
      vertex 61.6855 -38.4719 27
    endloop
  endfacet
  facet normal -0.321484 -0.946915 0
    outer loop
      vertex 60.44 -36.6079 23
      vertex 60.6506 -36.6794 27
      vertex 60.44 -36.6079 27
    endloop
  endfacet
  facet normal -0.321484 -0.946915 -0
    outer loop
      vertex 60.6506 -36.6794 27
      vertex 60.44 -36.6079 23
      vertex 60.6506 -36.6794 23
    endloop
  endfacet
  facet normal -0.555426 -0.831566 0
    outer loop
      vertex 60.85 -36.7778 23
      vertex 61.0349 -36.9013 27
      vertex 60.85 -36.7778 27
    endloop
  endfacet
  facet normal -0.555426 -0.831566 -0
    outer loop
      vertex 61.0349 -36.9013 27
      vertex 60.85 -36.7778 23
      vertex 61.0349 -36.9013 23
    endloop
  endfacet
  facet normal 0.195165 -0.98077 0
    outer loop
      vertex 59.56 -36.6079 23
      vertex 59.7781 -36.5645 27
      vertex 59.56 -36.6079 27
    endloop
  endfacet
  facet normal 0.195165 -0.98077 0
    outer loop
      vertex 59.7781 -36.5645 27
      vertex 59.56 -36.6079 23
      vertex 59.7781 -36.5645 23
    endloop
  endfacet
  facet normal -0.659268 0.751908 0
    outer loop
      vertex 61.2021 -39.4521 23
      vertex 61.0349 -39.5987 27
      vertex 61.2021 -39.4521 27
    endloop
  endfacet
  facet normal -0.659268 0.751908 0
    outer loop
      vertex 61.0349 -39.5987 27
      vertex 61.2021 -39.4521 23
      vertex 61.0349 -39.5987 23
    endloop
  endfacet
  facet normal 0.896754 -0.44253 0
    outer loop
      vertex 58.4294 -37.5994 27
      vertex 58.5278 -37.4 23
      vertex 58.5278 -37.4 27
    endloop
  endfacet
  facet normal 0.896754 -0.44253 0
    outer loop
      vertex 58.5278 -37.4 23
      vertex 58.4294 -37.5994 27
      vertex 58.4294 -37.5994 23
    endloop
  endfacet
  facet normal -0.98077 0.195165 0
    outer loop
      vertex 61.6421 -38.69 23
      vertex 61.6855 -38.4719 27
      vertex 61.6855 -38.4719 23
    endloop
  endfacet
  facet normal -0.98077 0.195165 0
    outer loop
      vertex 61.6855 -38.4719 27
      vertex 61.6421 -38.69 23
      vertex 61.6421 -38.69 27
    endloop
  endfacet
  facet normal -0.195165 0.98077 0
    outer loop
      vertex 60.44 -39.8921 23
      vertex 60.2219 -39.9355 27
      vertex 60.44 -39.8921 27
    endloop
  endfacet
  facet normal -0.195165 0.98077 0
    outer loop
      vertex 60.2219 -39.9355 27
      vertex 60.44 -39.8921 23
      vertex 60.2219 -39.9355 23
    endloop
  endfacet
  facet normal 0.659268 0.751908 -0
    outer loop
      vertex 58.9651 -39.5987 23
      vertex 58.7979 -39.4521 27
      vertex 58.9651 -39.5987 27
    endloop
  endfacet
  facet normal 0.659268 0.751908 0
    outer loop
      vertex 58.7979 -39.4521 27
      vertex 58.9651 -39.5987 23
      vertex 58.7979 -39.4521 23
    endloop
  endfacet
  facet normal 0.751908 0.659268 0
    outer loop
      vertex 58.7979 -39.4521 27
      vertex 58.6513 -39.2849 23
      vertex 58.6513 -39.2849 27
    endloop
  endfacet
  facet normal 0.751908 0.659268 0
    outer loop
      vertex 58.6513 -39.2849 23
      vertex 58.7979 -39.4521 27
      vertex 58.7979 -39.4521 23
    endloop
  endfacet
  facet normal -0.0652057 -0.997872 0
    outer loop
      vertex 60 -36.55 23
      vertex 60.2219 -36.5645 27
      vertex 60 -36.55 27
    endloop
  endfacet
  facet normal -0.0652057 -0.997872 -0
    outer loop
      vertex 60.2219 -36.5645 27
      vertex 60 -36.55 23
      vertex 60.2219 -36.5645 23
    endloop
  endfacet
  facet normal -0.44253 -0.896754 0
    outer loop
      vertex 60.6506 -36.6794 23
      vertex 60.85 -36.7778 27
      vertex 60.6506 -36.6794 27
    endloop
  endfacet
  facet normal -0.44253 -0.896754 -0
    outer loop
      vertex 60.85 -36.7778 27
      vertex 60.6506 -36.6794 23
      vertex 60.85 -36.7778 23
    endloop
  endfacet
  facet normal -0.831566 0.555426 0
    outer loop
      vertex 61.3487 -39.2849 23
      vertex 61.4722 -39.1 27
      vertex 61.4722 -39.1 23
    endloop
  endfacet
  facet normal -0.831566 0.555426 0
    outer loop
      vertex 61.4722 -39.1 27
      vertex 61.3487 -39.2849 23
      vertex 61.3487 -39.2849 27
    endloop
  endfacet
  facet normal 0.997872 0.0652057 0
    outer loop
      vertex 58.3145 -38.4719 27
      vertex 58.3 -38.25 23
      vertex 58.3 -38.25 27
    endloop
  endfacet
  facet normal 0.997872 0.0652057 0
    outer loop
      vertex 58.3 -38.25 23
      vertex 58.3145 -38.4719 27
      vertex 58.3145 -38.4719 23
    endloop
  endfacet
  facet normal -0.44253 0.896754 0
    outer loop
      vertex 60.85 -39.7222 23
      vertex 60.6506 -39.8206 27
      vertex 60.85 -39.7222 27
    endloop
  endfacet
  facet normal -0.44253 0.896754 0
    outer loop
      vertex 60.6506 -39.8206 27
      vertex 60.85 -39.7222 23
      vertex 60.6506 -39.8206 23
    endloop
  endfacet
  facet normal 0.98077 -0.195165 0
    outer loop
      vertex 58.3145 -38.0281 27
      vertex 58.3579 -37.81 23
      vertex 58.3579 -37.81 27
    endloop
  endfacet
  facet normal 0.98077 -0.195165 0
    outer loop
      vertex 58.3579 -37.81 23
      vertex 58.3145 -38.0281 27
      vertex 58.3145 -38.0281 23
    endloop
  endfacet
  facet normal 0.896754 0.44253 0
    outer loop
      vertex 58.5278 -39.1 27
      vertex 58.4294 -38.9006 23
      vertex 58.4294 -38.9006 27
    endloop
  endfacet
  facet normal 0.896754 0.44253 0
    outer loop
      vertex 58.4294 -38.9006 23
      vertex 58.5278 -39.1 27
      vertex 58.5278 -39.1 23
    endloop
  endfacet
  facet normal 0.946915 -0.321484 0
    outer loop
      vertex 58.3579 -37.81 27
      vertex 58.4294 -37.5994 23
      vertex 58.4294 -37.5994 27
    endloop
  endfacet
  facet normal 0.946915 -0.321484 0
    outer loop
      vertex 58.4294 -37.5994 23
      vertex 58.3579 -37.81 27
      vertex 58.3579 -37.81 23
    endloop
  endfacet
  facet normal 0.555426 -0.831566 0
    outer loop
      vertex 58.9651 -36.9013 23
      vertex 59.15 -36.7778 27
      vertex 58.9651 -36.9013 27
    endloop
  endfacet
  facet normal 0.555426 -0.831566 0
    outer loop
      vertex 59.15 -36.7778 27
      vertex 58.9651 -36.9013 23
      vertex 59.15 -36.7778 23
    endloop
  endfacet
  facet normal -0.896754 -0.44253 0
    outer loop
      vertex 61.5706 -37.5994 23
      vertex 61.4722 -37.4 27
      vertex 61.4722 -37.4 23
    endloop
  endfacet
  facet normal -0.896754 -0.44253 0
    outer loop
      vertex 61.4722 -37.4 27
      vertex 61.5706 -37.5994 23
      vertex 61.5706 -37.5994 27
    endloop
  endfacet
  facet normal 0.997872 -0.0652057 0
    outer loop
      vertex 58.3 -38.25 27
      vertex 58.3145 -38.0281 23
      vertex 58.3145 -38.0281 27
    endloop
  endfacet
  facet normal 0.997872 -0.0652057 0
    outer loop
      vertex 58.3145 -38.0281 23
      vertex 58.3 -38.25 27
      vertex 58.3 -38.25 23
    endloop
  endfacet
  facet normal 0.321484 0.946915 -0
    outer loop
      vertex 59.56 -39.8921 23
      vertex 59.3494 -39.8206 27
      vertex 59.56 -39.8921 27
    endloop
  endfacet
  facet normal 0.321484 0.946915 0
    outer loop
      vertex 59.3494 -39.8206 27
      vertex 59.56 -39.8921 23
      vertex 59.3494 -39.8206 23
    endloop
  endfacet
  facet normal 0.44253 -0.896754 0
    outer loop
      vertex 59.15 -36.7778 23
      vertex 59.3494 -36.6794 27
      vertex 59.15 -36.7778 27
    endloop
  endfacet
  facet normal 0.44253 -0.896754 0
    outer loop
      vertex 59.3494 -36.6794 27
      vertex 59.15 -36.7778 23
      vertex 59.3494 -36.6794 23
    endloop
  endfacet
  facet normal 0.831566 -0.555426 0
    outer loop
      vertex 58.5278 -37.4 27
      vertex 58.6513 -37.2151 23
      vertex 58.6513 -37.2151 27
    endloop
  endfacet
  facet normal 0.831566 -0.555426 0
    outer loop
      vertex 58.6513 -37.2151 23
      vertex 58.5278 -37.4 27
      vertex 58.5278 -37.4 23
    endloop
  endfacet
  facet normal 0.555426 0.831566 -0
    outer loop
      vertex 59.15 -39.7222 23
      vertex 58.9651 -39.5987 27
      vertex 59.15 -39.7222 27
    endloop
  endfacet
  facet normal 0.555426 0.831566 0
    outer loop
      vertex 58.9651 -39.5987 27
      vertex 59.15 -39.7222 23
      vertex 58.9651 -39.5987 23
    endloop
  endfacet
  facet normal -0.98077 -0.195165 0
    outer loop
      vertex 61.6855 38.4719 23
      vertex 61.6421 38.69 27
      vertex 61.6421 38.69 23
    endloop
  endfacet
  facet normal -0.98077 -0.195165 0
    outer loop
      vertex 61.6421 38.69 27
      vertex 61.6855 38.4719 23
      vertex 61.6855 38.4719 27
    endloop
  endfacet
  facet normal -0.997872 -0.0652057 0
    outer loop
      vertex 61.7 38.25 23
      vertex 61.6855 38.4719 27
      vertex 61.6855 38.4719 23
    endloop
  endfacet
  facet normal -0.997872 -0.0652057 0
    outer loop
      vertex 61.6855 38.4719 27
      vertex 61.7 38.25 23
      vertex 61.7 38.25 27
    endloop
  endfacet
  facet normal 0.44253 -0.896754 0
    outer loop
      vertex 59.15 39.7222 23
      vertex 59.3494 39.8206 27
      vertex 59.15 39.7222 27
    endloop
  endfacet
  facet normal 0.44253 -0.896754 0
    outer loop
      vertex 59.3494 39.8206 27
      vertex 59.15 39.7222 23
      vertex 59.3494 39.8206 23
    endloop
  endfacet
  facet normal -0.555426 -0.831566 0
    outer loop
      vertex 60.85 39.7222 23
      vertex 61.0349 39.5987 27
      vertex 60.85 39.7222 27
    endloop
  endfacet
  facet normal -0.555426 -0.831566 -0
    outer loop
      vertex 61.0349 39.5987 27
      vertex 60.85 39.7222 23
      vertex 61.0349 39.5987 23
    endloop
  endfacet
  facet normal 0.659268 -0.751908 0
    outer loop
      vertex 58.7979 39.4521 23
      vertex 58.9651 39.5987 27
      vertex 58.7979 39.4521 27
    endloop
  endfacet
  facet normal 0.659268 -0.751908 0
    outer loop
      vertex 58.9651 39.5987 27
      vertex 58.7979 39.4521 23
      vertex 58.9651 39.5987 23
    endloop
  endfacet
  facet normal -0.321484 0.946915 0
    outer loop
      vertex 60.6506 36.6794 23
      vertex 60.44 36.6079 27
      vertex 60.6506 36.6794 27
    endloop
  endfacet
  facet normal -0.321484 0.946915 0
    outer loop
      vertex 60.44 36.6079 27
      vertex 60.6506 36.6794 23
      vertex 60.44 36.6079 23
    endloop
  endfacet
  facet normal -0.831566 0.555426 0
    outer loop
      vertex 61.3487 37.2151 23
      vertex 61.4722 37.4 27
      vertex 61.4722 37.4 23
    endloop
  endfacet
  facet normal -0.831566 0.555426 0
    outer loop
      vertex 61.4722 37.4 27
      vertex 61.3487 37.2151 23
      vertex 61.3487 37.2151 27
    endloop
  endfacet
  facet normal -0.946915 0.321484 0
    outer loop
      vertex 61.5706 37.5994 23
      vertex 61.6421 37.81 27
      vertex 61.6421 37.81 23
    endloop
  endfacet
  facet normal -0.946915 0.321484 0
    outer loop
      vertex 61.6421 37.81 27
      vertex 61.5706 37.5994 23
      vertex 61.5706 37.5994 27
    endloop
  endfacet
  facet normal -0.321484 -0.946915 0
    outer loop
      vertex 60.44 39.8921 23
      vertex 60.6506 39.8206 27
      vertex 60.44 39.8921 27
    endloop
  endfacet
  facet normal -0.321484 -0.946915 -0
    outer loop
      vertex 60.6506 39.8206 27
      vertex 60.44 39.8921 23
      vertex 60.6506 39.8206 23
    endloop
  endfacet
  facet normal -0.195165 -0.98077 0
    outer loop
      vertex 60.2219 39.9355 23
      vertex 60.44 39.8921 27
      vertex 60.2219 39.9355 27
    endloop
  endfacet
  facet normal -0.195165 -0.98077 -0
    outer loop
      vertex 60.44 39.8921 27
      vertex 60.2219 39.9355 23
      vertex 60.44 39.8921 23
    endloop
  endfacet
  facet normal 0.555426 -0.831566 0
    outer loop
      vertex 58.9651 39.5987 23
      vertex 59.15 39.7222 27
      vertex 58.9651 39.5987 27
    endloop
  endfacet
  facet normal 0.555426 -0.831566 0
    outer loop
      vertex 59.15 39.7222 27
      vertex 58.9651 39.5987 23
      vertex 59.15 39.7222 23
    endloop
  endfacet
  facet normal -0.896754 0.44253 0
    outer loop
      vertex 61.4722 37.4 23
      vertex 61.5706 37.5994 27
      vertex 61.5706 37.5994 23
    endloop
  endfacet
  facet normal -0.896754 0.44253 0
    outer loop
      vertex 61.5706 37.5994 27
      vertex 61.4722 37.4 23
      vertex 61.4722 37.4 27
    endloop
  endfacet
  facet normal -0.659268 -0.751908 0
    outer loop
      vertex 61.0349 39.5987 23
      vertex 61.2021 39.4521 27
      vertex 61.0349 39.5987 27
    endloop
  endfacet
  facet normal -0.659268 -0.751908 -0
    outer loop
      vertex 61.2021 39.4521 27
      vertex 61.0349 39.5987 23
      vertex 61.2021 39.4521 23
    endloop
  endfacet
  facet normal -0.555426 0.831566 0
    outer loop
      vertex 61.0349 36.9013 23
      vertex 60.85 36.7778 27
      vertex 61.0349 36.9013 27
    endloop
  endfacet
  facet normal -0.555426 0.831566 0
    outer loop
      vertex 60.85 36.7778 27
      vertex 61.0349 36.9013 23
      vertex 60.85 36.7778 23
    endloop
  endfacet
  facet normal -0.44253 -0.896754 0
    outer loop
      vertex 60.6506 39.8206 23
      vertex 60.85 39.7222 27
      vertex 60.6506 39.8206 27
    endloop
  endfacet
  facet normal -0.44253 -0.896754 -0
    outer loop
      vertex 60.85 39.7222 27
      vertex 60.6506 39.8206 23
      vertex 60.85 39.7222 23
    endloop
  endfacet
  facet normal 0.997872 -0.0652057 0
    outer loop
      vertex 58.3 38.25 27
      vertex 58.3145 38.4719 23
      vertex 58.3145 38.4719 27
    endloop
  endfacet
  facet normal 0.997872 -0.0652057 0
    outer loop
      vertex 58.3145 38.4719 23
      vertex 58.3 38.25 27
      vertex 58.3 38.25 23
    endloop
  endfacet
  facet normal 0.659268 0.751908 -0
    outer loop
      vertex 58.9651 36.9013 23
      vertex 58.7979 37.0479 27
      vertex 58.9651 36.9013 27
    endloop
  endfacet
  facet normal 0.659268 0.751908 0
    outer loop
      vertex 58.7979 37.0479 27
      vertex 58.9651 36.9013 23
      vertex 58.7979 37.0479 23
    endloop
  endfacet
  facet normal 0.751908 0.659268 0
    outer loop
      vertex 58.7979 37.0479 27
      vertex 58.6513 37.2151 23
      vertex 58.6513 37.2151 27
    endloop
  endfacet
  facet normal 0.751908 0.659268 0
    outer loop
      vertex 58.6513 37.2151 23
      vertex 58.7979 37.0479 27
      vertex 58.7979 37.0479 23
    endloop
  endfacet
  facet normal 0.831566 0.555426 0
    outer loop
      vertex 58.6513 37.2151 27
      vertex 58.5278 37.4 23
      vertex 58.5278 37.4 27
    endloop
  endfacet
  facet normal 0.831566 0.555426 0
    outer loop
      vertex 58.5278 37.4 23
      vertex 58.6513 37.2151 27
      vertex 58.6513 37.2151 23
    endloop
  endfacet
  facet normal -0.831566 -0.555426 0
    outer loop
      vertex 61.4722 39.1 23
      vertex 61.3487 39.2849 27
      vertex 61.3487 39.2849 23
    endloop
  endfacet
  facet normal -0.831566 -0.555426 0
    outer loop
      vertex 61.3487 39.2849 27
      vertex 61.4722 39.1 23
      vertex 61.4722 39.1 27
    endloop
  endfacet
  facet normal -0.195165 0.98077 0
    outer loop
      vertex 60.44 36.6079 23
      vertex 60.2219 36.5645 27
      vertex 60.44 36.6079 27
    endloop
  endfacet
  facet normal -0.195165 0.98077 0
    outer loop
      vertex 60.2219 36.5645 27
      vertex 60.44 36.6079 23
      vertex 60.2219 36.5645 23
    endloop
  endfacet
  facet normal -0.98077 0.195165 0
    outer loop
      vertex 61.6421 37.81 23
      vertex 61.6855 38.0281 27
      vertex 61.6855 38.0281 23
    endloop
  endfacet
  facet normal -0.98077 0.195165 0
    outer loop
      vertex 61.6855 38.0281 27
      vertex 61.6421 37.81 23
      vertex 61.6421 37.81 27
    endloop
  endfacet
  facet normal 0.946915 0.321484 0
    outer loop
      vertex 58.4294 37.5994 27
      vertex 58.3579 37.81 23
      vertex 58.3579 37.81 27
    endloop
  endfacet
  facet normal 0.946915 0.321484 0
    outer loop
      vertex 58.3579 37.81 23
      vertex 58.4294 37.5994 27
      vertex 58.4294 37.5994 23
    endloop
  endfacet
  facet normal -0.44253 0.896754 0
    outer loop
      vertex 60.85 36.7778 23
      vertex 60.6506 36.6794 27
      vertex 60.85 36.7778 27
    endloop
  endfacet
  facet normal -0.44253 0.896754 0
    outer loop
      vertex 60.6506 36.6794 27
      vertex 60.85 36.7778 23
      vertex 60.6506 36.6794 23
    endloop
  endfacet
  facet normal -0.0652057 -0.997872 0
    outer loop
      vertex 60 39.95 23
      vertex 60.2219 39.9355 27
      vertex 60 39.95 27
    endloop
  endfacet
  facet normal -0.0652057 -0.997872 -0
    outer loop
      vertex 60.2219 39.9355 27
      vertex 60 39.95 23
      vertex 60.2219 39.9355 23
    endloop
  endfacet
  facet normal 0.321484 -0.946915 0
    outer loop
      vertex 59.3494 39.8206 23
      vertex 59.56 39.8921 27
      vertex 59.3494 39.8206 27
    endloop
  endfacet
  facet normal 0.321484 -0.946915 0
    outer loop
      vertex 59.56 39.8921 27
      vertex 59.3494 39.8206 23
      vertex 59.56 39.8921 23
    endloop
  endfacet
  facet normal 0.195165 -0.98077 0
    outer loop
      vertex 59.56 39.8921 23
      vertex 59.7781 39.9355 27
      vertex 59.56 39.8921 27
    endloop
  endfacet
  facet normal 0.195165 -0.98077 0
    outer loop
      vertex 59.7781 39.9355 27
      vertex 59.56 39.8921 23
      vertex 59.7781 39.9355 23
    endloop
  endfacet
  facet normal -0.896754 -0.44253 0
    outer loop
      vertex 61.5706 38.9006 23
      vertex 61.4722 39.1 27
      vertex 61.4722 39.1 23
    endloop
  endfacet
  facet normal -0.896754 -0.44253 0
    outer loop
      vertex 61.4722 39.1 27
      vertex 61.5706 38.9006 23
      vertex 61.5706 38.9006 27
    endloop
  endfacet
  facet normal -0.997872 0.0652057 0
    outer loop
      vertex 61.6855 38.0281 23
      vertex 61.7 38.25 27
      vertex 61.7 38.25 23
    endloop
  endfacet
  facet normal -0.997872 0.0652057 0
    outer loop
      vertex 61.7 38.25 27
      vertex 61.6855 38.0281 23
      vertex 61.6855 38.0281 27
    endloop
  endfacet
  facet normal -0.0652057 0.997872 0
    outer loop
      vertex 60.2219 36.5645 23
      vertex 60 36.55 27
      vertex 60.2219 36.5645 27
    endloop
  endfacet
  facet normal -0.0652057 0.997872 0
    outer loop
      vertex 60 36.55 27
      vertex 60.2219 36.5645 23
      vertex 60 36.55 23
    endloop
  endfacet
  facet normal -0.751908 -0.659268 0
    outer loop
      vertex 61.3487 39.2849 23
      vertex 61.2021 39.4521 27
      vertex 61.2021 39.4521 23
    endloop
  endfacet
  facet normal -0.751908 -0.659268 0
    outer loop
      vertex 61.2021 39.4521 27
      vertex 61.3487 39.2849 23
      vertex 61.3487 39.2849 27
    endloop
  endfacet
  facet normal 0.997872 0.0652057 0
    outer loop
      vertex 58.3145 38.0281 27
      vertex 58.3 38.25 23
      vertex 58.3 38.25 27
    endloop
  endfacet
  facet normal 0.997872 0.0652057 0
    outer loop
      vertex 58.3 38.25 23
      vertex 58.3145 38.0281 27
      vertex 58.3145 38.0281 23
    endloop
  endfacet
  facet normal -0.751908 0.659268 0
    outer loop
      vertex 61.2021 37.0479 23
      vertex 61.3487 37.2151 27
      vertex 61.3487 37.2151 23
    endloop
  endfacet
  facet normal -0.751908 0.659268 0
    outer loop
      vertex 61.3487 37.2151 27
      vertex 61.2021 37.0479 23
      vertex 61.2021 37.0479 27
    endloop
  endfacet
  facet normal 0.751908 -0.659268 0
    outer loop
      vertex 58.6513 39.2849 27
      vertex 58.7979 39.4521 23
      vertex 58.7979 39.4521 27
    endloop
  endfacet
  facet normal 0.751908 -0.659268 0
    outer loop
      vertex 58.7979 39.4521 23
      vertex 58.6513 39.2849 27
      vertex 58.6513 39.2849 23
    endloop
  endfacet
  facet normal 0.831566 -0.555426 0
    outer loop
      vertex 58.5278 39.1 27
      vertex 58.6513 39.2849 23
      vertex 58.6513 39.2849 27
    endloop
  endfacet
  facet normal 0.831566 -0.555426 0
    outer loop
      vertex 58.6513 39.2849 23
      vertex 58.5278 39.1 27
      vertex 58.5278 39.1 23
    endloop
  endfacet
  facet normal 0.0652057 -0.997872 0
    outer loop
      vertex 59.7781 39.9355 23
      vertex 60 39.95 27
      vertex 59.7781 39.9355 27
    endloop
  endfacet
  facet normal 0.0652057 -0.997872 0
    outer loop
      vertex 60 39.95 27
      vertex 59.7781 39.9355 23
      vertex 60 39.95 23
    endloop
  endfacet
  facet normal 0.98077 0.195165 0
    outer loop
      vertex 58.3579 37.81 27
      vertex 58.3145 38.0281 23
      vertex 58.3145 38.0281 27
    endloop
  endfacet
  facet normal 0.98077 0.195165 0
    outer loop
      vertex 58.3145 38.0281 23
      vertex 58.3579 37.81 27
      vertex 58.3579 37.81 23
    endloop
  endfacet
  facet normal 0.321484 0.946915 -0
    outer loop
      vertex 59.56 36.6079 23
      vertex 59.3494 36.6794 27
      vertex 59.56 36.6079 27
    endloop
  endfacet
  facet normal 0.321484 0.946915 0
    outer loop
      vertex 59.3494 36.6794 27
      vertex 59.56 36.6079 23
      vertex 59.3494 36.6794 23
    endloop
  endfacet
  facet normal -0.946915 -0.321484 0
    outer loop
      vertex 61.6421 38.69 23
      vertex 61.5706 38.9006 27
      vertex 61.5706 38.9006 23
    endloop
  endfacet
  facet normal -0.946915 -0.321484 0
    outer loop
      vertex 61.5706 38.9006 27
      vertex 61.6421 38.69 23
      vertex 61.6421 38.69 27
    endloop
  endfacet
  facet normal 0.44253 0.896754 -0
    outer loop
      vertex 59.3494 36.6794 23
      vertex 59.15 36.7778 27
      vertex 59.3494 36.6794 27
    endloop
  endfacet
  facet normal 0.44253 0.896754 0
    outer loop
      vertex 59.15 36.7778 27
      vertex 59.3494 36.6794 23
      vertex 59.15 36.7778 23
    endloop
  endfacet
  facet normal 0.555426 0.831566 -0
    outer loop
      vertex 59.15 36.7778 23
      vertex 58.9651 36.9013 27
      vertex 59.15 36.7778 27
    endloop
  endfacet
  facet normal 0.555426 0.831566 0
    outer loop
      vertex 58.9651 36.9013 27
      vertex 59.15 36.7778 23
      vertex 58.9651 36.9013 23
    endloop
  endfacet
  facet normal 0.195165 0.98077 -0
    outer loop
      vertex 59.7781 36.5645 23
      vertex 59.56 36.6079 27
      vertex 59.7781 36.5645 27
    endloop
  endfacet
  facet normal 0.195165 0.98077 0
    outer loop
      vertex 59.56 36.6079 27
      vertex 59.7781 36.5645 23
      vertex 59.56 36.6079 23
    endloop
  endfacet
  facet normal 0.896754 -0.44253 0
    outer loop
      vertex 58.4294 38.9006 27
      vertex 58.5278 39.1 23
      vertex 58.5278 39.1 27
    endloop
  endfacet
  facet normal 0.896754 -0.44253 0
    outer loop
      vertex 58.5278 39.1 23
      vertex 58.4294 38.9006 27
      vertex 58.4294 38.9006 23
    endloop
  endfacet
  facet normal 0.0652057 0.997872 -0
    outer loop
      vertex 60 36.55 23
      vertex 59.7781 36.5645 27
      vertex 60 36.55 27
    endloop
  endfacet
  facet normal 0.0652057 0.997872 0
    outer loop
      vertex 59.7781 36.5645 27
      vertex 60 36.55 23
      vertex 59.7781 36.5645 23
    endloop
  endfacet
  facet normal 0.896754 0.44253 0
    outer loop
      vertex 58.5278 37.4 27
      vertex 58.4294 37.5994 23
      vertex 58.4294 37.5994 27
    endloop
  endfacet
  facet normal 0.896754 0.44253 0
    outer loop
      vertex 58.4294 37.5994 23
      vertex 58.5278 37.4 27
      vertex 58.5278 37.4 23
    endloop
  endfacet
  facet normal 0.98077 -0.195165 0
    outer loop
      vertex 58.3145 38.4719 27
      vertex 58.3579 38.69 23
      vertex 58.3579 38.69 27
    endloop
  endfacet
  facet normal 0.98077 -0.195165 0
    outer loop
      vertex 58.3579 38.69 23
      vertex 58.3145 38.4719 27
      vertex 58.3145 38.4719 23
    endloop
  endfacet
  facet normal 0.946915 -0.321484 0
    outer loop
      vertex 58.3579 38.69 27
      vertex 58.4294 38.9006 23
      vertex 58.4294 38.9006 27
    endloop
  endfacet
  facet normal 0.946915 -0.321484 0
    outer loop
      vertex 58.4294 38.9006 23
      vertex 58.3579 38.69 27
      vertex 58.3579 38.69 23
    endloop
  endfacet
  facet normal -0.659268 0.751908 0
    outer loop
      vertex 61.2021 37.0479 23
      vertex 61.0349 36.9013 27
      vertex 61.2021 37.0479 27
    endloop
  endfacet
  facet normal -0.659268 0.751908 0
    outer loop
      vertex 61.0349 36.9013 27
      vertex 61.2021 37.0479 23
      vertex 61.0349 36.9013 23
    endloop
  endfacet
  facet normal -0.981113 -0.193434 0
    outer loop
      vertex 132.685 -38.0281 23
      vertex 132.642 -37.81 27
      vertex 132.642 -37.81 23
    endloop
  endfacet
  facet normal -0.981113 -0.193434 0
    outer loop
      vertex 132.642 -37.81 27
      vertex 132.685 -38.0281 23
      vertex 132.685 -38.0281 27
    endloop
  endfacet
  facet normal -0.997723 -0.0674441 0
    outer loop
      vertex 132.7 -38.25 23
      vertex 132.685 -38.0281 27
      vertex 132.685 -38.0281 23
    endloop
  endfacet
  facet normal -0.997723 -0.0674441 0
    outer loop
      vertex 132.685 -38.0281 27
      vertex 132.7 -38.25 23
      vertex 132.7 -38.25 27
    endloop
  endfacet
  facet normal -0.0651764 0.997874 0
    outer loop
      vertex 131.222 -39.9355 23
      vertex 131 -39.95 27
      vertex 131.222 -39.9355 27
    endloop
  endfacet
  facet normal -0.0651764 0.997874 0
    outer loop
      vertex 131 -39.95 27
      vertex 131.222 -39.9355 23
      vertex 131 -39.95 23
    endloop
  endfacet
  facet normal 0.659714 -0.751516 0
    outer loop
      vertex 129.798 -37.0479 23
      vertex 129.965 -36.9013 27
      vertex 129.798 -37.0479 27
    endloop
  endfacet
  facet normal 0.659714 -0.751516 0
    outer loop
      vertex 129.965 -36.9013 27
      vertex 129.798 -37.0479 23
      vertex 129.965 -36.9013 23
    endloop
  endfacet
  facet normal 0.832604 0.553869 0
    outer loop
      vertex 129.651 -39.2849 27
      vertex 129.528 -39.1 23
      vertex 129.528 -39.1 27
    endloop
  endfacet
  facet normal 0.832604 0.553869 0
    outer loop
      vertex 129.528 -39.1 23
      vertex 129.651 -39.2849 27
      vertex 129.651 -39.2849 23
    endloop
  endfacet
  facet normal 0.195251 0.980753 -0
    outer loop
      vertex 130.778 -39.9355 23
      vertex 130.56 -39.8921 27
      vertex 130.778 -39.9355 27
    endloop
  endfacet
  facet normal 0.195251 0.980753 0
    outer loop
      vertex 130.56 -39.8921 27
      vertex 130.778 -39.9355 23
      vertex 130.56 -39.8921 23
    endloop
  endfacet
  facet normal -0.659714 -0.751516 0
    outer loop
      vertex 132.035 -36.9013 23
      vertex 132.202 -37.0479 27
      vertex 132.035 -36.9013 27
    endloop
  endfacet
  facet normal -0.659714 -0.751516 -0
    outer loop
      vertex 132.202 -37.0479 27
      vertex 132.035 -36.9013 23
      vertex 132.202 -37.0479 23
    endloop
  endfacet
  facet normal -0.947598 0.319466 0
    outer loop
      vertex 132.571 -38.9006 23
      vertex 132.642 -38.69 27
      vertex 132.642 -38.69 23
    endloop
  endfacet
  facet normal -0.947598 0.319466 0
    outer loop
      vertex 132.642 -38.69 27
      vertex 132.571 -38.9006 23
      vertex 132.571 -38.9006 27
    endloop
  endfacet
  facet normal -0.751016 0.660284 0
    outer loop
      vertex 132.202 -39.4521 23
      vertex 132.349 -39.2849 27
      vertex 132.349 -39.2849 23
    endloop
  endfacet
  facet normal -0.751016 0.660284 0
    outer loop
      vertex 132.349 -39.2849 27
      vertex 132.202 -39.4521 23
      vertex 132.202 -39.4521 27
    endloop
  endfacet
  facet normal -0.751016 -0.660284 0
    outer loop
      vertex 132.349 -37.2151 23
      vertex 132.202 -37.0479 27
      vertex 132.202 -37.0479 23
    endloop
  endfacet
  facet normal -0.751016 -0.660284 0
    outer loop
      vertex 132.202 -37.0479 27
      vertex 132.349 -37.2151 23
      vertex 132.349 -37.2151 27
    endloop
  endfacet
  facet normal 0.947598 0.319466 0
    outer loop
      vertex 129.429 -38.9006 27
      vertex 129.358 -38.69 23
      vertex 129.358 -38.69 27
    endloop
  endfacet
  facet normal 0.947598 0.319466 0
    outer loop
      vertex 129.358 -38.69 23
      vertex 129.429 -38.9006 27
      vertex 129.429 -38.9006 23
    endloop
  endfacet
  facet normal -0.320937 0.947101 0
    outer loop
      vertex 131.651 -39.8206 23
      vertex 131.44 -39.8921 27
      vertex 131.651 -39.8206 27
    endloop
  endfacet
  facet normal -0.320937 0.947101 0
    outer loop
      vertex 131.44 -39.8921 27
      vertex 131.651 -39.8206 23
      vertex 131.44 -39.8921 23
    endloop
  endfacet
  facet normal 0.0651764 0.997874 -0
    outer loop
      vertex 131 -39.95 23
      vertex 130.778 -39.9355 27
      vertex 131 -39.95 27
    endloop
  endfacet
  facet normal 0.0651764 0.997874 0
    outer loop
      vertex 130.778 -39.9355 27
      vertex 131 -39.95 23
      vertex 130.778 -39.9355 23
    endloop
  endfacet
  facet normal 0.320937 -0.947101 0
    outer loop
      vertex 130.349 -36.6794 23
      vertex 130.56 -36.6079 27
      vertex 130.349 -36.6794 27
    endloop
  endfacet
  facet normal 0.320937 -0.947101 0
    outer loop
      vertex 130.56 -36.6079 27
      vertex 130.349 -36.6794 23
      vertex 130.56 -36.6079 23
    endloop
  endfacet
  facet normal -0.947598 -0.319466 0
    outer loop
      vertex 132.642 -37.81 23
      vertex 132.571 -37.5994 27
      vertex 132.571 -37.5994 23
    endloop
  endfacet
  facet normal -0.947598 -0.319466 0
    outer loop
      vertex 132.571 -37.5994 27
      vertex 132.642 -37.81 23
      vertex 132.642 -37.81 27
    endloop
  endfacet
  facet normal 0.751016 -0.660284 0
    outer loop
      vertex 129.651 -37.2151 27
      vertex 129.798 -37.0479 23
      vertex 129.798 -37.0479 27
    endloop
  endfacet
  facet normal 0.751016 -0.660284 0
    outer loop
      vertex 129.798 -37.0479 23
      vertex 129.651 -37.2151 27
      vertex 129.651 -37.2151 23
    endloop
  endfacet
  facet normal 0.443245 0.8964 -0
    outer loop
      vertex 130.349 -39.8206 23
      vertex 130.15 -39.7222 27
      vertex 130.349 -39.8206 27
    endloop
  endfacet
  facet normal 0.443245 0.8964 0
    outer loop
      vertex 130.15 -39.7222 27
      vertex 130.349 -39.8206 23
      vertex 130.15 -39.7222 23
    endloop
  endfacet
  facet normal 0.0651764 -0.997874 0
    outer loop
      vertex 130.778 -36.5645 23
      vertex 131 -36.55 27
      vertex 130.778 -36.5645 27
    endloop
  endfacet
  facet normal 0.0651764 -0.997874 0
    outer loop
      vertex 131 -36.55 27
      vertex 130.778 -36.5645 23
      vertex 131 -36.55 23
    endloop
  endfacet
  facet normal -0.895681 0.444696 0
    outer loop
      vertex 132.472 -39.1 23
      vertex 132.571 -38.9006 27
      vertex 132.571 -38.9006 23
    endloop
  endfacet
  facet normal -0.895681 0.444696 0
    outer loop
      vertex 132.571 -38.9006 27
      vertex 132.472 -39.1 23
      vertex 132.472 -39.1 27
    endloop
  endfacet
  facet normal -0.555219 0.831704 0
    outer loop
      vertex 132.035 -39.5987 23
      vertex 131.85 -39.7222 27
      vertex 132.035 -39.5987 27
    endloop
  endfacet
  facet normal -0.555219 0.831704 0
    outer loop
      vertex 131.85 -39.7222 27
      vertex 132.035 -39.5987 23
      vertex 131.85 -39.7222 23
    endloop
  endfacet
  facet normal 0.981113 0.193434 0
    outer loop
      vertex 129.358 -38.69 27
      vertex 129.315 -38.4719 23
      vertex 129.315 -38.4719 27
    endloop
  endfacet
  facet normal 0.981113 0.193434 0
    outer loop
      vertex 129.315 -38.4719 23
      vertex 129.358 -38.69 27
      vertex 129.358 -38.69 23
    endloop
  endfacet
  facet normal -0.195251 -0.980753 0
    outer loop
      vertex 131.222 -36.5645 23
      vertex 131.44 -36.6079 27
      vertex 131.222 -36.5645 27
    endloop
  endfacet
  facet normal -0.195251 -0.980753 -0
    outer loop
      vertex 131.44 -36.6079 27
      vertex 131.222 -36.5645 23
      vertex 131.44 -36.6079 23
    endloop
  endfacet
  facet normal -0.832604 -0.553869 0
    outer loop
      vertex 132.472 -37.4 23
      vertex 132.349 -37.2151 27
      vertex 132.349 -37.2151 23
    endloop
  endfacet
  facet normal -0.832604 -0.553869 0
    outer loop
      vertex 132.349 -37.2151 27
      vertex 132.472 -37.4 23
      vertex 132.472 -37.4 27
    endloop
  endfacet
  facet normal -0.997723 0.0674441 0
    outer loop
      vertex 132.685 -38.4719 23
      vertex 132.7 -38.25 27
      vertex 132.7 -38.25 23
    endloop
  endfacet
  facet normal -0.997723 0.0674441 0
    outer loop
      vertex 132.7 -38.25 27
      vertex 132.685 -38.4719 23
      vertex 132.685 -38.4719 27
    endloop
  endfacet
  facet normal -0.320937 -0.947101 0
    outer loop
      vertex 131.44 -36.6079 23
      vertex 131.651 -36.6794 27
      vertex 131.44 -36.6079 27
    endloop
  endfacet
  facet normal -0.320937 -0.947101 -0
    outer loop
      vertex 131.651 -36.6794 27
      vertex 131.44 -36.6079 23
      vertex 131.651 -36.6794 23
    endloop
  endfacet
  facet normal -0.555219 -0.831704 0
    outer loop
      vertex 131.85 -36.7778 23
      vertex 132.035 -36.9013 27
      vertex 131.85 -36.7778 27
    endloop
  endfacet
  facet normal -0.555219 -0.831704 -0
    outer loop
      vertex 132.035 -36.9013 27
      vertex 131.85 -36.7778 23
      vertex 132.035 -36.9013 23
    endloop
  endfacet
  facet normal 0.195251 -0.980753 0
    outer loop
      vertex 130.56 -36.6079 23
      vertex 130.778 -36.5645 27
      vertex 130.56 -36.6079 27
    endloop
  endfacet
  facet normal 0.195251 -0.980753 0
    outer loop
      vertex 130.778 -36.5645 27
      vertex 130.56 -36.6079 23
      vertex 130.778 -36.5645 23
    endloop
  endfacet
  facet normal -0.659714 0.751516 0
    outer loop
      vertex 132.202 -39.4521 23
      vertex 132.035 -39.5987 27
      vertex 132.202 -39.4521 27
    endloop
  endfacet
  facet normal -0.659714 0.751516 0
    outer loop
      vertex 132.035 -39.5987 27
      vertex 132.202 -39.4521 23
      vertex 132.035 -39.5987 23
    endloop
  endfacet
  facet normal 0.895681 -0.444696 0
    outer loop
      vertex 129.429 -37.5994 27
      vertex 129.528 -37.4 23
      vertex 129.528 -37.4 27
    endloop
  endfacet
  facet normal 0.895681 -0.444696 0
    outer loop
      vertex 129.528 -37.4 23
      vertex 129.429 -37.5994 27
      vertex 129.429 -37.5994 23
    endloop
  endfacet
  facet normal -0.981113 0.193434 0
    outer loop
      vertex 132.642 -38.69 23
      vertex 132.685 -38.4719 27
      vertex 132.685 -38.4719 23
    endloop
  endfacet
  facet normal -0.981113 0.193434 0
    outer loop
      vertex 132.685 -38.4719 27
      vertex 132.642 -38.69 23
      vertex 132.642 -38.69 27
    endloop
  endfacet
  facet normal -0.195251 0.980753 0
    outer loop
      vertex 131.44 -39.8921 23
      vertex 131.222 -39.9355 27
      vertex 131.44 -39.8921 27
    endloop
  endfacet
  facet normal -0.195251 0.980753 0
    outer loop
      vertex 131.222 -39.9355 27
      vertex 131.44 -39.8921 23
      vertex 131.222 -39.9355 23
    endloop
  endfacet
  facet normal 0.659714 0.751516 -0
    outer loop
      vertex 129.965 -39.5987 23
      vertex 129.798 -39.4521 27
      vertex 129.965 -39.5987 27
    endloop
  endfacet
  facet normal 0.659714 0.751516 0
    outer loop
      vertex 129.798 -39.4521 27
      vertex 129.965 -39.5987 23
      vertex 129.798 -39.4521 23
    endloop
  endfacet
  facet normal 0.751016 0.660284 0
    outer loop
      vertex 129.798 -39.4521 27
      vertex 129.651 -39.2849 23
      vertex 129.651 -39.2849 27
    endloop
  endfacet
  facet normal 0.751016 0.660284 0
    outer loop
      vertex 129.651 -39.2849 23
      vertex 129.798 -39.4521 27
      vertex 129.798 -39.4521 23
    endloop
  endfacet
  facet normal -0.0651764 -0.997874 0
    outer loop
      vertex 131 -36.55 23
      vertex 131.222 -36.5645 27
      vertex 131 -36.55 27
    endloop
  endfacet
  facet normal -0.0651764 -0.997874 -0
    outer loop
      vertex 131.222 -36.5645 27
      vertex 131 -36.55 23
      vertex 131.222 -36.5645 23
    endloop
  endfacet
  facet normal -0.443245 -0.8964 0
    outer loop
      vertex 131.651 -36.6794 23
      vertex 131.85 -36.7778 27
      vertex 131.651 -36.6794 27
    endloop
  endfacet
  facet normal -0.443245 -0.8964 -0
    outer loop
      vertex 131.85 -36.7778 27
      vertex 131.651 -36.6794 23
      vertex 131.85 -36.7778 23
    endloop
  endfacet
  facet normal -0.832604 0.553869 0
    outer loop
      vertex 132.349 -39.2849 23
      vertex 132.472 -39.1 27
      vertex 132.472 -39.1 23
    endloop
  endfacet
  facet normal -0.832604 0.553869 0
    outer loop
      vertex 132.472 -39.1 27
      vertex 132.349 -39.2849 23
      vertex 132.349 -39.2849 27
    endloop
  endfacet
  facet normal 0.997723 0.0674441 0
    outer loop
      vertex 129.315 -38.4719 27
      vertex 129.3 -38.25 23
      vertex 129.3 -38.25 27
    endloop
  endfacet
  facet normal 0.997723 0.0674441 0
    outer loop
      vertex 129.3 -38.25 23
      vertex 129.315 -38.4719 27
      vertex 129.315 -38.4719 23
    endloop
  endfacet
  facet normal -0.443245 0.8964 0
    outer loop
      vertex 131.85 -39.7222 23
      vertex 131.651 -39.8206 27
      vertex 131.85 -39.7222 27
    endloop
  endfacet
  facet normal -0.443245 0.8964 0
    outer loop
      vertex 131.651 -39.8206 27
      vertex 131.85 -39.7222 23
      vertex 131.651 -39.8206 23
    endloop
  endfacet
  facet normal 0.981113 -0.193434 0
    outer loop
      vertex 129.315 -38.0281 27
      vertex 129.358 -37.81 23
      vertex 129.358 -37.81 27
    endloop
  endfacet
  facet normal 0.981113 -0.193434 0
    outer loop
      vertex 129.358 -37.81 23
      vertex 129.315 -38.0281 27
      vertex 129.315 -38.0281 23
    endloop
  endfacet
  facet normal 0.895681 0.444696 0
    outer loop
      vertex 129.528 -39.1 27
      vertex 129.429 -38.9006 23
      vertex 129.429 -38.9006 27
    endloop
  endfacet
  facet normal 0.895681 0.444696 0
    outer loop
      vertex 129.429 -38.9006 23
      vertex 129.528 -39.1 27
      vertex 129.528 -39.1 23
    endloop
  endfacet
  facet normal 0.947598 -0.319466 0
    outer loop
      vertex 129.358 -37.81 27
      vertex 129.429 -37.5994 23
      vertex 129.429 -37.5994 27
    endloop
  endfacet
  facet normal 0.947598 -0.319466 0
    outer loop
      vertex 129.429 -37.5994 23
      vertex 129.358 -37.81 27
      vertex 129.358 -37.81 23
    endloop
  endfacet
  facet normal -0.895681 -0.444696 0
    outer loop
      vertex 132.571 -37.5994 23
      vertex 132.472 -37.4 27
      vertex 132.472 -37.4 23
    endloop
  endfacet
  facet normal -0.895681 -0.444696 0
    outer loop
      vertex 132.472 -37.4 27
      vertex 132.571 -37.5994 23
      vertex 132.571 -37.5994 27
    endloop
  endfacet
  facet normal 0.997723 -0.0674441 0
    outer loop
      vertex 129.3 -38.25 27
      vertex 129.315 -38.0281 23
      vertex 129.315 -38.0281 27
    endloop
  endfacet
  facet normal 0.997723 -0.0674441 0
    outer loop
      vertex 129.315 -38.0281 23
      vertex 129.3 -38.25 27
      vertex 129.3 -38.25 23
    endloop
  endfacet
  facet normal 0.320937 0.947101 -0
    outer loop
      vertex 130.56 -39.8921 23
      vertex 130.349 -39.8206 27
      vertex 130.56 -39.8921 27
    endloop
  endfacet
  facet normal 0.320937 0.947101 0
    outer loop
      vertex 130.349 -39.8206 27
      vertex 130.56 -39.8921 23
      vertex 130.349 -39.8206 23
    endloop
  endfacet
  facet normal 0.443245 -0.8964 0
    outer loop
      vertex 130.15 -36.7778 23
      vertex 130.349 -36.6794 27
      vertex 130.15 -36.7778 27
    endloop
  endfacet
  facet normal 0.443245 -0.8964 0
    outer loop
      vertex 130.349 -36.6794 27
      vertex 130.15 -36.7778 23
      vertex 130.349 -36.6794 23
    endloop
  endfacet
  facet normal 0.555219 -0.831704 0
    outer loop
      vertex 129.965 -36.9013 23
      vertex 130.15 -36.7778 27
      vertex 129.965 -36.9013 27
    endloop
  endfacet
  facet normal 0.555219 -0.831704 0
    outer loop
      vertex 130.15 -36.7778 27
      vertex 129.965 -36.9013 23
      vertex 130.15 -36.7778 23
    endloop
  endfacet
  facet normal 0.832604 -0.553869 0
    outer loop
      vertex 129.528 -37.4 27
      vertex 129.651 -37.2151 23
      vertex 129.651 -37.2151 27
    endloop
  endfacet
  facet normal 0.832604 -0.553869 0
    outer loop
      vertex 129.651 -37.2151 23
      vertex 129.528 -37.4 27
      vertex 129.528 -37.4 23
    endloop
  endfacet
  facet normal 0.555219 0.831704 -0
    outer loop
      vertex 130.15 -39.7222 23
      vertex 129.965 -39.5987 27
      vertex 130.15 -39.7222 27
    endloop
  endfacet
  facet normal 0.555219 0.831704 0
    outer loop
      vertex 129.965 -39.5987 27
      vertex 130.15 -39.7222 23
      vertex 129.965 -39.5987 23
    endloop
  endfacet
  facet normal -0.981113 -0.193434 0
    outer loop
      vertex 132.685 38.4719 23
      vertex 132.642 38.69 27
      vertex 132.642 38.69 23
    endloop
  endfacet
  facet normal -0.981113 -0.193434 0
    outer loop
      vertex 132.642 38.69 27
      vertex 132.685 38.4719 23
      vertex 132.685 38.4719 27
    endloop
  endfacet
  facet normal -0.997723 -0.0674441 0
    outer loop
      vertex 132.7 38.25 23
      vertex 132.685 38.4719 27
      vertex 132.685 38.4719 23
    endloop
  endfacet
  facet normal -0.997723 -0.0674441 0
    outer loop
      vertex 132.685 38.4719 27
      vertex 132.7 38.25 23
      vertex 132.7 38.25 27
    endloop
  endfacet
  facet normal 0.443245 -0.8964 0
    outer loop
      vertex 130.15 39.7222 23
      vertex 130.349 39.8206 27
      vertex 130.15 39.7222 27
    endloop
  endfacet
  facet normal 0.443245 -0.8964 0
    outer loop
      vertex 130.349 39.8206 27
      vertex 130.15 39.7222 23
      vertex 130.349 39.8206 23
    endloop
  endfacet
  facet normal -0.555219 -0.831704 0
    outer loop
      vertex 131.85 39.7222 23
      vertex 132.035 39.5987 27
      vertex 131.85 39.7222 27
    endloop
  endfacet
  facet normal -0.555219 -0.831704 -0
    outer loop
      vertex 132.035 39.5987 27
      vertex 131.85 39.7222 23
      vertex 132.035 39.5987 23
    endloop
  endfacet
  facet normal 0.659714 -0.751516 0
    outer loop
      vertex 129.798 39.4521 23
      vertex 129.965 39.5987 27
      vertex 129.798 39.4521 27
    endloop
  endfacet
  facet normal 0.659714 -0.751516 0
    outer loop
      vertex 129.965 39.5987 27
      vertex 129.798 39.4521 23
      vertex 129.965 39.5987 23
    endloop
  endfacet
  facet normal -0.320937 0.947101 0
    outer loop
      vertex 131.651 36.6794 23
      vertex 131.44 36.6079 27
      vertex 131.651 36.6794 27
    endloop
  endfacet
  facet normal -0.320937 0.947101 0
    outer loop
      vertex 131.44 36.6079 27
      vertex 131.651 36.6794 23
      vertex 131.44 36.6079 23
    endloop
  endfacet
  facet normal -0.947598 0.319466 0
    outer loop
      vertex 132.571 37.5994 23
      vertex 132.642 37.81 27
      vertex 132.642 37.81 23
    endloop
  endfacet
  facet normal -0.947598 0.319466 0
    outer loop
      vertex 132.642 37.81 27
      vertex 132.571 37.5994 23
      vertex 132.571 37.5994 27
    endloop
  endfacet
  facet normal -0.320937 -0.947101 0
    outer loop
      vertex 131.44 39.8921 23
      vertex 131.651 39.8206 27
      vertex 131.44 39.8921 27
    endloop
  endfacet
  facet normal -0.320937 -0.947101 -0
    outer loop
      vertex 131.651 39.8206 27
      vertex 131.44 39.8921 23
      vertex 131.651 39.8206 23
    endloop
  endfacet
  facet normal -0.195251 -0.980753 0
    outer loop
      vertex 131.222 39.9355 23
      vertex 131.44 39.8921 27
      vertex 131.222 39.9355 27
    endloop
  endfacet
  facet normal -0.195251 -0.980753 -0
    outer loop
      vertex 131.44 39.8921 27
      vertex 131.222 39.9355 23
      vertex 131.44 39.8921 23
    endloop
  endfacet
  facet normal 0.555219 -0.831704 0
    outer loop
      vertex 129.965 39.5987 23
      vertex 130.15 39.7222 27
      vertex 129.965 39.5987 27
    endloop
  endfacet
  facet normal 0.555219 -0.831704 0
    outer loop
      vertex 130.15 39.7222 27
      vertex 129.965 39.5987 23
      vertex 130.15 39.7222 23
    endloop
  endfacet
  facet normal -0.895681 0.444696 0
    outer loop
      vertex 132.472 37.4 23
      vertex 132.571 37.5994 27
      vertex 132.571 37.5994 23
    endloop
  endfacet
  facet normal -0.895681 0.444696 0
    outer loop
      vertex 132.571 37.5994 27
      vertex 132.472 37.4 23
      vertex 132.472 37.4 27
    endloop
  endfacet
  facet normal -0.659714 -0.751516 0
    outer loop
      vertex 132.035 39.5987 23
      vertex 132.202 39.4521 27
      vertex 132.035 39.5987 27
    endloop
  endfacet
  facet normal -0.659714 -0.751516 -0
    outer loop
      vertex 132.202 39.4521 27
      vertex 132.035 39.5987 23
      vertex 132.202 39.4521 23
    endloop
  endfacet
  facet normal -0.555219 0.831704 0
    outer loop
      vertex 132.035 36.9013 23
      vertex 131.85 36.7778 27
      vertex 132.035 36.9013 27
    endloop
  endfacet
  facet normal -0.555219 0.831704 0
    outer loop
      vertex 131.85 36.7778 27
      vertex 132.035 36.9013 23
      vertex 131.85 36.7778 23
    endloop
  endfacet
  facet normal -0.443245 -0.8964 0
    outer loop
      vertex 131.651 39.8206 23
      vertex 131.85 39.7222 27
      vertex 131.651 39.8206 27
    endloop
  endfacet
  facet normal -0.443245 -0.8964 -0
    outer loop
      vertex 131.85 39.7222 27
      vertex 131.651 39.8206 23
      vertex 131.85 39.7222 23
    endloop
  endfacet
  facet normal 0.659714 0.751516 -0
    outer loop
      vertex 129.965 36.9013 23
      vertex 129.798 37.0479 27
      vertex 129.965 36.9013 27
    endloop
  endfacet
  facet normal 0.659714 0.751516 0
    outer loop
      vertex 129.798 37.0479 27
      vertex 129.965 36.9013 23
      vertex 129.798 37.0479 23
    endloop
  endfacet
  facet normal 0.751016 0.660284 0
    outer loop
      vertex 129.798 37.0479 27
      vertex 129.651 37.2151 23
      vertex 129.651 37.2151 27
    endloop
  endfacet
  facet normal 0.751016 0.660284 0
    outer loop
      vertex 129.651 37.2151 23
      vertex 129.798 37.0479 27
      vertex 129.798 37.0479 23
    endloop
  endfacet
  facet normal 0.832604 0.553869 0
    outer loop
      vertex 129.651 37.2151 27
      vertex 129.528 37.4 23
      vertex 129.528 37.4 27
    endloop
  endfacet
  facet normal 0.832604 0.553869 0
    outer loop
      vertex 129.528 37.4 23
      vertex 129.651 37.2151 27
      vertex 129.651 37.2151 23
    endloop
  endfacet
  facet normal -0.832604 -0.553869 0
    outer loop
      vertex 132.472 39.1 23
      vertex 132.349 39.2849 27
      vertex 132.349 39.2849 23
    endloop
  endfacet
  facet normal -0.832604 -0.553869 0
    outer loop
      vertex 132.349 39.2849 27
      vertex 132.472 39.1 23
      vertex 132.472 39.1 27
    endloop
  endfacet
  facet normal -0.195251 0.980753 0
    outer loop
      vertex 131.44 36.6079 23
      vertex 131.222 36.5645 27
      vertex 131.44 36.6079 27
    endloop
  endfacet
  facet normal -0.195251 0.980753 0
    outer loop
      vertex 131.222 36.5645 27
      vertex 131.44 36.6079 23
      vertex 131.222 36.5645 23
    endloop
  endfacet
  facet normal -0.981113 0.193434 0
    outer loop
      vertex 132.642 37.81 23
      vertex 132.685 38.0281 27
      vertex 132.685 38.0281 23
    endloop
  endfacet
  facet normal -0.981113 0.193434 0
    outer loop
      vertex 132.685 38.0281 27
      vertex 132.642 37.81 23
      vertex 132.642 37.81 27
    endloop
  endfacet
  facet normal 0.947598 0.319466 0
    outer loop
      vertex 129.429 37.5994 27
      vertex 129.358 37.81 23
      vertex 129.358 37.81 27
    endloop
  endfacet
  facet normal 0.947598 0.319466 0
    outer loop
      vertex 129.358 37.81 23
      vertex 129.429 37.5994 27
      vertex 129.429 37.5994 23
    endloop
  endfacet
  facet normal -0.443245 0.8964 0
    outer loop
      vertex 131.85 36.7778 23
      vertex 131.651 36.6794 27
      vertex 131.85 36.7778 27
    endloop
  endfacet
  facet normal -0.443245 0.8964 0
    outer loop
      vertex 131.651 36.6794 27
      vertex 131.85 36.7778 23
      vertex 131.651 36.6794 23
    endloop
  endfacet
  facet normal -0.0651764 -0.997874 0
    outer loop
      vertex 131 39.95 23
      vertex 131.222 39.9355 27
      vertex 131 39.95 27
    endloop
  endfacet
  facet normal -0.0651764 -0.997874 -0
    outer loop
      vertex 131.222 39.9355 27
      vertex 131 39.95 23
      vertex 131.222 39.9355 23
    endloop
  endfacet
  facet normal 0.320937 -0.947101 0
    outer loop
      vertex 130.349 39.8206 23
      vertex 130.56 39.8921 27
      vertex 130.349 39.8206 27
    endloop
  endfacet
  facet normal 0.320937 -0.947101 0
    outer loop
      vertex 130.56 39.8921 27
      vertex 130.349 39.8206 23
      vertex 130.56 39.8921 23
    endloop
  endfacet
  facet normal 0.195251 -0.980753 0
    outer loop
      vertex 130.56 39.8921 23
      vertex 130.778 39.9355 27
      vertex 130.56 39.8921 27
    endloop
  endfacet
  facet normal 0.195251 -0.980753 0
    outer loop
      vertex 130.778 39.9355 27
      vertex 130.56 39.8921 23
      vertex 130.778 39.9355 23
    endloop
  endfacet
  facet normal -0.895681 -0.444696 0
    outer loop
      vertex 132.571 38.9006 23
      vertex 132.472 39.1 27
      vertex 132.472 39.1 23
    endloop
  endfacet
  facet normal -0.895681 -0.444696 0
    outer loop
      vertex 132.472 39.1 27
      vertex 132.571 38.9006 23
      vertex 132.571 38.9006 27
    endloop
  endfacet
  facet normal -0.997723 0.0674441 0
    outer loop
      vertex 132.685 38.0281 23
      vertex 132.7 38.25 27
      vertex 132.7 38.25 23
    endloop
  endfacet
  facet normal -0.997723 0.0674441 0
    outer loop
      vertex 132.7 38.25 27
      vertex 132.685 38.0281 23
      vertex 132.685 38.0281 27
    endloop
  endfacet
  facet normal -0.0651764 0.997874 0
    outer loop
      vertex 131.222 36.5645 23
      vertex 131 36.55 27
      vertex 131.222 36.5645 27
    endloop
  endfacet
  facet normal -0.0651764 0.997874 0
    outer loop
      vertex 131 36.55 27
      vertex 131.222 36.5645 23
      vertex 131 36.55 23
    endloop
  endfacet
  facet normal -0.751016 -0.660284 0
    outer loop
      vertex 132.349 39.2849 23
      vertex 132.202 39.4521 27
      vertex 132.202 39.4521 23
    endloop
  endfacet
  facet normal -0.751016 -0.660284 0
    outer loop
      vertex 132.202 39.4521 27
      vertex 132.349 39.2849 23
      vertex 132.349 39.2849 27
    endloop
  endfacet
  facet normal 0.997723 0.0674441 0
    outer loop
      vertex 129.315 38.0281 27
      vertex 129.3 38.25 23
      vertex 129.3 38.25 27
    endloop
  endfacet
  facet normal 0.997723 0.0674441 0
    outer loop
      vertex 129.3 38.25 23
      vertex 129.315 38.0281 27
      vertex 129.315 38.0281 23
    endloop
  endfacet
  facet normal -0.751016 0.660284 0
    outer loop
      vertex 132.202 37.0479 23
      vertex 132.349 37.2151 27
      vertex 132.349 37.2151 23
    endloop
  endfacet
  facet normal -0.751016 0.660284 0
    outer loop
      vertex 132.349 37.2151 27
      vertex 132.202 37.0479 23
      vertex 132.202 37.0479 27
    endloop
  endfacet
  facet normal 0.751016 -0.660284 0
    outer loop
      vertex 129.651 39.2849 27
      vertex 129.798 39.4521 23
      vertex 129.798 39.4521 27
    endloop
  endfacet
  facet normal 0.751016 -0.660284 0
    outer loop
      vertex 129.798 39.4521 23
      vertex 129.651 39.2849 27
      vertex 129.651 39.2849 23
    endloop
  endfacet
  facet normal 0.832604 -0.553869 0
    outer loop
      vertex 129.528 39.1 27
      vertex 129.651 39.2849 23
      vertex 129.651 39.2849 27
    endloop
  endfacet
  facet normal 0.832604 -0.553869 0
    outer loop
      vertex 129.651 39.2849 23
      vertex 129.528 39.1 27
      vertex 129.528 39.1 23
    endloop
  endfacet
  facet normal 0.0651764 -0.997874 0
    outer loop
      vertex 130.778 39.9355 23
      vertex 131 39.95 27
      vertex 130.778 39.9355 27
    endloop
  endfacet
  facet normal 0.0651764 -0.997874 0
    outer loop
      vertex 131 39.95 27
      vertex 130.778 39.9355 23
      vertex 131 39.95 23
    endloop
  endfacet
  facet normal 0.981113 0.193434 0
    outer loop
      vertex 129.358 37.81 27
      vertex 129.315 38.0281 23
      vertex 129.315 38.0281 27
    endloop
  endfacet
  facet normal 0.981113 0.193434 0
    outer loop
      vertex 129.315 38.0281 23
      vertex 129.358 37.81 27
      vertex 129.358 37.81 23
    endloop
  endfacet
  facet normal 0.320937 0.947101 -0
    outer loop
      vertex 130.56 36.6079 23
      vertex 130.349 36.6794 27
      vertex 130.56 36.6079 27
    endloop
  endfacet
  facet normal 0.320937 0.947101 0
    outer loop
      vertex 130.349 36.6794 27
      vertex 130.56 36.6079 23
      vertex 130.349 36.6794 23
    endloop
  endfacet
  facet normal -0.947598 -0.319466 0
    outer loop
      vertex 132.642 38.69 23
      vertex 132.571 38.9006 27
      vertex 132.571 38.9006 23
    endloop
  endfacet
  facet normal -0.947598 -0.319466 0
    outer loop
      vertex 132.571 38.9006 27
      vertex 132.642 38.69 23
      vertex 132.642 38.69 27
    endloop
  endfacet
  facet normal 0.443245 0.8964 -0
    outer loop
      vertex 130.349 36.6794 23
      vertex 130.15 36.7778 27
      vertex 130.349 36.6794 27
    endloop
  endfacet
  facet normal 0.443245 0.8964 0
    outer loop
      vertex 130.15 36.7778 27
      vertex 130.349 36.6794 23
      vertex 130.15 36.7778 23
    endloop
  endfacet
  facet normal -0.832604 0.553869 0
    outer loop
      vertex 132.349 37.2151 23
      vertex 132.472 37.4 27
      vertex 132.472 37.4 23
    endloop
  endfacet
  facet normal -0.832604 0.553869 0
    outer loop
      vertex 132.472 37.4 27
      vertex 132.349 37.2151 23
      vertex 132.349 37.2151 27
    endloop
  endfacet
  facet normal 0.555219 0.831704 -0
    outer loop
      vertex 130.15 36.7778 23
      vertex 129.965 36.9013 27
      vertex 130.15 36.7778 27
    endloop
  endfacet
  facet normal 0.555219 0.831704 0
    outer loop
      vertex 129.965 36.9013 27
      vertex 130.15 36.7778 23
      vertex 129.965 36.9013 23
    endloop
  endfacet
  facet normal 0.0651764 0.997874 -0
    outer loop
      vertex 131 36.55 23
      vertex 130.778 36.5645 27
      vertex 131 36.55 27
    endloop
  endfacet
  facet normal 0.0651764 0.997874 0
    outer loop
      vertex 130.778 36.5645 27
      vertex 131 36.55 23
      vertex 130.778 36.5645 23
    endloop
  endfacet
  facet normal 0.195251 0.980753 -0
    outer loop
      vertex 130.778 36.5645 23
      vertex 130.56 36.6079 27
      vertex 130.778 36.5645 27
    endloop
  endfacet
  facet normal 0.195251 0.980753 0
    outer loop
      vertex 130.56 36.6079 27
      vertex 130.778 36.5645 23
      vertex 130.56 36.6079 23
    endloop
  endfacet
  facet normal 0.895681 -0.444696 0
    outer loop
      vertex 129.429 38.9006 27
      vertex 129.528 39.1 23
      vertex 129.528 39.1 27
    endloop
  endfacet
  facet normal 0.895681 -0.444696 0
    outer loop
      vertex 129.528 39.1 23
      vertex 129.429 38.9006 27
      vertex 129.429 38.9006 23
    endloop
  endfacet
  facet normal 0.895681 0.444696 0
    outer loop
      vertex 129.528 37.4 27
      vertex 129.429 37.5994 23
      vertex 129.429 37.5994 27
    endloop
  endfacet
  facet normal 0.895681 0.444696 0
    outer loop
      vertex 129.429 37.5994 23
      vertex 129.528 37.4 27
      vertex 129.528 37.4 23
    endloop
  endfacet
  facet normal 0.997723 -0.0674441 0
    outer loop
      vertex 129.3 38.25 27
      vertex 129.315 38.4719 23
      vertex 129.315 38.4719 27
    endloop
  endfacet
  facet normal 0.997723 -0.0674441 0
    outer loop
      vertex 129.315 38.4719 23
      vertex 129.3 38.25 27
      vertex 129.3 38.25 23
    endloop
  endfacet
  facet normal 0.981113 -0.193434 0
    outer loop
      vertex 129.315 38.4719 27
      vertex 129.358 38.69 23
      vertex 129.358 38.69 27
    endloop
  endfacet
  facet normal 0.981113 -0.193434 0
    outer loop
      vertex 129.358 38.69 23
      vertex 129.315 38.4719 27
      vertex 129.315 38.4719 23
    endloop
  endfacet
  facet normal 0.947598 -0.319466 0
    outer loop
      vertex 129.358 38.69 27
      vertex 129.429 38.9006 23
      vertex 129.429 38.9006 27
    endloop
  endfacet
  facet normal 0.947598 -0.319466 0
    outer loop
      vertex 129.429 38.9006 23
      vertex 129.358 38.69 27
      vertex 129.358 38.69 23
    endloop
  endfacet
  facet normal -0.659714 0.751516 0
    outer loop
      vertex 132.202 37.0479 23
      vertex 132.035 36.9013 27
      vertex 132.202 37.0479 27
    endloop
  endfacet
  facet normal -0.659714 0.751516 0
    outer loop
      vertex 132.035 36.9013 27
      vertex 132.202 37.0479 23
      vertex 132.035 36.9013 23
    endloop
  endfacet
  facet normal 1 0 0
    outer loop
      vertex 50 32.5 27
      vertex 50 12.6809 26
      vertex 50 32.5 0
    endloop
  endfacet
  facet normal 1 0 0
    outer loop
      vertex 50 32.5 27
      vertex 50 11.3191 26
      vertex 50 12.6809 26
    endloop
  endfacet
  facet normal 1 -0 0
    outer loop
      vertex 50 -32.5 27
      vertex 50 11.3191 26
      vertex 50 32.5 27
    endloop
  endfacet
  facet normal 1 0 0
    outer loop
      vertex 50 -32.5 0
      vertex 50 11.3191 26
      vertex 50 -32.5 27
    endloop
  endfacet
  facet normal 1 0 0
    outer loop
      vertex 50 11.3191 26
      vertex 50 -32.5 0
      vertex 50 11.3191 0
    endloop
  endfacet
  facet normal 1 0 0
    outer loop
      vertex 50 32.5 0
      vertex 50 12.6809 26
      vertex 50 12.6809 0
    endloop
  endfacet
  facet normal 0 -1 0
    outer loop
      vertex 50 32.5 0
      vertex 139.5 32.5 27
      vertex 50 32.5 27
    endloop
  endfacet
  facet normal 0 -1 -0
    outer loop
      vertex 139.5 32.5 27
      vertex 50 32.5 0
      vertex 139.5 32.5 0
    endloop
  endfacet
  facet normal 0 1 -0
    outer loop
      vertex 139.5 -32.5 0
      vertex 50 -32.5 27
      vertex 139.5 -32.5 27
    endloop
  endfacet
  facet normal 0 1 0
    outer loop
      vertex 50 -32.5 27
      vertex 139.5 -32.5 0
      vertex 50 -32.5 0
    endloop
  endfacet
  facet normal -1 0 0
    outer loop
      vertex 145 -3.5 23
      vertex 145 3.5 27
      vertex 145 3.5 23
    endloop
  endfacet
  facet normal -1 -0 0
    outer loop
      vertex 145 3.5 27
      vertex 145 -3.5 23
      vertex 145 -3.5 27
    endloop
  endfacet
  facet normal 0 -1 0
    outer loop
      vertex 141.01 3.5 27
      vertex 144 3.5 23
      vertex 145 3.5 27
    endloop
  endfacet
  facet normal 0 -1 0
    outer loop
      vertex 141.01 3.5 0
      vertex 144 3.5 23
      vertex 141.01 3.5 27
    endloop
  endfacet
  facet normal 0 -1 -0
    outer loop
      vertex 144 3.5 23
      vertex 141.01 3.5 0
      vertex 144 3.5 0
    endloop
  endfacet
  facet normal 0 -1 -0
    outer loop
      vertex 145 3.5 27
      vertex 144 3.5 23
      vertex 145 3.5 23
    endloop
  endfacet
  facet normal 0 1 0
    outer loop
      vertex 144 -3.5 23
      vertex 145 -3.5 27
      vertex 145 -3.5 23
    endloop
  endfacet
  facet normal 0 1 0
    outer loop
      vertex 145 -3.5 27
      vertex 144 -3.5 23
      vertex 141.01 -3.5 27
    endloop
  endfacet
  facet normal 0 1 0
    outer loop
      vertex 141.01 -3.5 0
      vertex 144 -3.5 23
      vertex 144 -3.5 0
    endloop
  endfacet
  facet normal 0 1 0
    outer loop
      vertex 144 -3.5 23
      vertex 141.01 -3.5 0
      vertex 141.01 -3.5 27
    endloop
  endfacet
  facet normal -1 0 0
    outer loop
      vertex 141.01 3.5 0
      vertex 141.01 33.5 27
      vertex 141.01 33.5 0
    endloop
  endfacet
  facet normal -1 -0 0
    outer loop
      vertex 141.01 33.5 27
      vertex 141.01 3.5 0
      vertex 141.01 3.5 27
    endloop
  endfacet
  facet normal -1 0 0
    outer loop
      vertex 141.01 -33.5 0
      vertex 141.01 -3.5 27
      vertex 141.01 -3.5 0
    endloop
  endfacet
  facet normal -1 -0 0
    outer loop
      vertex 141.01 -3.5 27
      vertex 141.01 -33.5 0
      vertex 141.01 -33.5 27
    endloop
  endfacet
  facet normal 1 -0 0
    outer loop
      vertex 139.5 32.5 27
      vertex 139.5 33.5 0
      vertex 139.5 33.5 27
    endloop
  endfacet
  facet normal 1 0 0
    outer loop
      vertex 139.5 33.5 0
      vertex 139.5 32.5 27
      vertex 139.5 32.5 0
    endloop
  endfacet
  facet normal 1 -0 0
    outer loop
      vertex 139.5 -33.5 27
      vertex 139.5 -32.5 0
      vertex 139.5 -32.5 27
    endloop
  endfacet
  facet normal 1 0 0
    outer loop
      vertex 139.5 -32.5 0
      vertex 139.5 -33.5 27
      vertex 139.5 -33.5 0
    endloop
  endfacet
  facet normal 0 -1 0
    outer loop
      vertex 139.5 33.5 0
      vertex 141.01 33.5 27
      vertex 139.5 33.5 27
    endloop
  endfacet
  facet normal 0 -1 -0
    outer loop
      vertex 141.01 33.5 27
      vertex 139.5 33.5 0
      vertex 141.01 33.5 0
    endloop
  endfacet
  facet normal 0 1 -0
    outer loop
      vertex 141.01 -33.5 0
      vertex 139.5 -33.5 27
      vertex 141.01 -33.5 27
    endloop
  endfacet
  facet normal 0 1 0
    outer loop
      vertex 139.5 -33.5 27
      vertex 141.01 -33.5 0
      vertex 139.5 -33.5 0
    endloop
  endfacet
  facet normal 0.831551 0.555448 0
    outer loop
      vertex 47.191 10.9955 26
      vertex 47.0711 11.175 0
      vertex 47.0711 11.175 26
    endloop
  endfacet
  facet normal 0.831551 0.555448 0
    outer loop
      vertex 47.0711 11.175 0
      vertex 47.191 10.9955 26
      vertex 47.191 10.9955 0
    endloop
  endfacet
  facet normal 0.89678 0.442478 0
    outer loop
      vertex 47.0711 11.175 26
      vertex 47 11.3191 0
      vertex 47 11.3191 26
    endloop
  endfacet
  facet normal 0.89678 0.442478 0
    outer loop
      vertex 47 11.3191 0
      vertex 47.0711 11.175 26
      vertex 47.0711 11.175 0
    endloop
  endfacet
  facet normal -0.321645 -0.94686 0
    outer loop
      vertex 48.9271 13.5938 0
      vertex 49.1314 13.5244 26
      vertex 48.9271 13.5938 26
    endloop
  endfacet
  facet normal -0.321645 -0.94686 -0
    outer loop
      vertex 49.1314 13.5244 26
      vertex 48.9271 13.5938 0
      vertex 49.1314 13.5244 0
    endloop
  endfacet
  facet normal -0.442389 0.896823 0
    outer loop
      vertex 49.325 10.5711 0
      vertex 49.1314 10.4756 26
      vertex 49.325 10.5711 26
    endloop
  endfacet
  facet normal -0.442389 0.896823 0
    outer loop
      vertex 49.1314 10.4756 26
      vertex 49.325 10.5711 0
      vertex 49.1314 10.4756 0
    endloop
  endfacet
  facet normal -0.321645 0.94686 0
    outer loop
      vertex 49.1314 10.4756 0
      vertex 48.9271 10.4062 26
      vertex 49.1314 10.4756 26
    endloop
  endfacet
  facet normal -0.321645 0.94686 0
    outer loop
      vertex 48.9271 10.4062 26
      vertex 49.1314 10.4756 0
      vertex 48.9271 10.4062 0
    endloop
  endfacet
  facet normal -0.89678 -0.442478 0
    outer loop
      vertex 50 12.6809 0
      vertex 49.9289 12.825 26
      vertex 49.9289 12.825 0
    endloop
  endfacet
  facet normal -0.89678 -0.442478 0
    outer loop
      vertex 49.9289 12.825 26
      vertex 50 12.6809 0
      vertex 50 12.6809 26
    endloop
  endfacet
  facet normal -0.195047 0.980794 0
    outer loop
      vertex 48.9271 10.4062 0
      vertex 48.7154 10.3641 26
      vertex 48.9271 10.4062 26
    endloop
  endfacet
  facet normal -0.195047 0.980794 0
    outer loop
      vertex 48.7154 10.3641 26
      vertex 48.9271 10.4062 0
      vertex 48.7154 10.3641 0
    endloop
  endfacet
  facet normal 0.751715 -0.659488 0
    outer loop
      vertex 47.191 13.0045 26
      vertex 47.3333 13.1667 0
      vertex 47.3333 13.1667 26
    endloop
  endfacet
  facet normal 0.751715 -0.659488 0
    outer loop
      vertex 47.3333 13.1667 0
      vertex 47.191 13.0045 26
      vertex 47.191 13.0045 0
    endloop
  endfacet
  facet normal -0.555448 -0.831551 0
    outer loop
      vertex 49.325 13.4289 0
      vertex 49.5045 13.309 26
      vertex 49.325 13.4289 26
    endloop
  endfacet
  facet normal -0.555448 -0.831551 -0
    outer loop
      vertex 49.5045 13.309 26
      vertex 49.325 13.4289 0
      vertex 49.5045 13.309 0
    endloop
  endfacet
  facet normal -0.195047 -0.980794 0
    outer loop
      vertex 48.7154 13.6359 0
      vertex 48.9271 13.5938 26
      vertex 48.7154 13.6359 26
    endloop
  endfacet
  facet normal -0.195047 -0.980794 -0
    outer loop
      vertex 48.9271 13.5938 26
      vertex 48.7154 13.6359 0
      vertex 48.9271 13.5938 0
    endloop
  endfacet
  facet normal -0.89678 0.442478 0
    outer loop
      vertex 49.9289 11.175 0
      vertex 50 11.3191 26
      vertex 50 11.3191 0
    endloop
  endfacet
  facet normal -0.89678 0.442478 0
    outer loop
      vertex 50 11.3191 26
      vertex 49.9289 11.175 0
      vertex 49.9289 11.175 26
    endloop
  endfacet
  facet normal -0.751715 -0.659488 0
    outer loop
      vertex 49.809 13.0045 0
      vertex 49.6667 13.1667 26
      vertex 49.6667 13.1667 0
    endloop
  endfacet
  facet normal -0.751715 -0.659488 0
    outer loop
      vertex 49.6667 13.1667 26
      vertex 49.809 13.0045 0
      vertex 49.809 13.0045 26
    endloop
  endfacet
  facet normal 0.659488 -0.751715 0
    outer loop
      vertex 47.3333 13.1667 0
      vertex 47.4955 13.309 26
      vertex 47.3333 13.1667 26
    endloop
  endfacet
  facet normal 0.659488 -0.751715 0
    outer loop
      vertex 47.4955 13.309 26
      vertex 47.3333 13.1667 0
      vertex 47.4955 13.309 0
    endloop
  endfacet
  facet normal 0.195047 -0.980794 0
    outer loop
      vertex 48.0729 13.5938 0
      vertex 48.2846 13.6359 26
      vertex 48.0729 13.5938 26
    endloop
  endfacet
  facet normal 0.195047 -0.980794 0
    outer loop
      vertex 48.2846 13.6359 26
      vertex 48.0729 13.5938 0
      vertex 48.2846 13.6359 0
    endloop
  endfacet
  facet normal -0.659488 0.751715 0
    outer loop
      vertex 49.6667 10.8333 0
      vertex 49.5045 10.691 26
      vertex 49.6667 10.8333 26
    endloop
  endfacet
  facet normal -0.659488 0.751715 0
    outer loop
      vertex 49.5045 10.691 26
      vertex 49.6667 10.8333 0
      vertex 49.5045 10.691 0
    endloop
  endfacet
  facet normal 0.751715 0.659488 0
    outer loop
      vertex 47.3333 10.8333 26
      vertex 47.191 10.9955 0
      vertex 47.191 10.9955 26
    endloop
  endfacet
  facet normal 0.751715 0.659488 0
    outer loop
      vertex 47.191 10.9955 0
      vertex 47.3333 10.8333 26
      vertex 47.3333 10.8333 0
    endloop
  endfacet
  facet normal 0.442389 -0.896823 0
    outer loop
      vertex 47.675 13.4289 0
      vertex 47.8686 13.5244 26
      vertex 47.675 13.4289 26
    endloop
  endfacet
  facet normal 0.442389 -0.896823 0
    outer loop
      vertex 47.8686 13.5244 26
      vertex 47.675 13.4289 0
      vertex 47.8686 13.5244 0
    endloop
  endfacet
  facet normal -0.555448 0.831551 0
    outer loop
      vertex 49.5045 10.691 0
      vertex 49.325 10.5711 26
      vertex 49.5045 10.691 26
    endloop
  endfacet
  facet normal -0.555448 0.831551 0
    outer loop
      vertex 49.325 10.5711 26
      vertex 49.5045 10.691 0
      vertex 49.325 10.5711 0
    endloop
  endfacet
  facet normal -0.659488 -0.751715 0
    outer loop
      vertex 49.5045 13.309 0
      vertex 49.6667 13.1667 26
      vertex 49.5045 13.309 26
    endloop
  endfacet
  facet normal -0.659488 -0.751715 -0
    outer loop
      vertex 49.6667 13.1667 26
      vertex 49.5045 13.309 0
      vertex 49.6667 13.1667 0
    endloop
  endfacet
  facet normal -0.831551 -0.555448 0
    outer loop
      vertex 49.9289 12.825 0
      vertex 49.809 13.0045 26
      vertex 49.809 13.0045 0
    endloop
  endfacet
  facet normal -0.831551 -0.555448 0
    outer loop
      vertex 49.809 13.0045 26
      vertex 49.9289 12.825 0
      vertex 49.9289 12.825 26
    endloop
  endfacet
  facet normal -0.442389 -0.896823 0
    outer loop
      vertex 49.1314 13.5244 0
      vertex 49.325 13.4289 26
      vertex 49.1314 13.5244 26
    endloop
  endfacet
  facet normal -0.442389 -0.896823 -0
    outer loop
      vertex 49.325 13.4289 26
      vertex 49.1314 13.5244 0
      vertex 49.325 13.4289 0
    endloop
  endfacet
  facet normal 0.321645 0.94686 -0
    outer loop
      vertex 48.0729 10.4062 0
      vertex 47.8686 10.4756 26
      vertex 48.0729 10.4062 26
    endloop
  endfacet
  facet normal 0.321645 0.94686 0
    outer loop
      vertex 47.8686 10.4756 26
      vertex 48.0729 10.4062 0
      vertex 47.8686 10.4756 0
    endloop
  endfacet
  facet normal -0.751715 0.659488 0
    outer loop
      vertex 49.6667 10.8333 0
      vertex 49.809 10.9955 26
      vertex 49.809 10.9955 0
    endloop
  endfacet
  facet normal -0.751715 0.659488 0
    outer loop
      vertex 49.809 10.9955 26
      vertex 49.6667 10.8333 0
      vertex 49.6667 10.8333 26
    endloop
  endfacet
  facet normal -0.831551 0.555448 0
    outer loop
      vertex 49.809 10.9955 0
      vertex 49.9289 11.175 26
      vertex 49.9289 11.175 0
    endloop
  endfacet
  facet normal -0.831551 0.555448 0
    outer loop
      vertex 49.9289 11.175 26
      vertex 49.809 10.9955 0
      vertex 49.809 10.9955 26
    endloop
  endfacet
  facet normal 0.0653198 0.997864 -0
    outer loop
      vertex 48.5 10.35 0
      vertex 48.2846 10.3641 26
      vertex 48.5 10.35 26
    endloop
  endfacet
  facet normal 0.0653198 0.997864 0
    outer loop
      vertex 48.2846 10.3641 26
      vertex 48.5 10.35 0
      vertex 48.2846 10.3641 0
    endloop
  endfacet
  facet normal 0.0653198 -0.997864 0
    outer loop
      vertex 48.2846 13.6359 0
      vertex 48.5 13.65 26
      vertex 48.2846 13.6359 26
    endloop
  endfacet
  facet normal 0.0653198 -0.997864 0
    outer loop
      vertex 48.5 13.65 26
      vertex 48.2846 13.6359 0
      vertex 48.5 13.65 0
    endloop
  endfacet
  facet normal 0.659488 0.751715 -0
    outer loop
      vertex 47.4955 10.691 0
      vertex 47.3333 10.8333 26
      vertex 47.4955 10.691 26
    endloop
  endfacet
  facet normal 0.659488 0.751715 0
    outer loop
      vertex 47.3333 10.8333 26
      vertex 47.4955 10.691 0
      vertex 47.3333 10.8333 0
    endloop
  endfacet
  facet normal 0.555448 0.831551 -0
    outer loop
      vertex 47.675 10.5711 0
      vertex 47.4955 10.691 26
      vertex 47.675 10.5711 26
    endloop
  endfacet
  facet normal 0.555448 0.831551 0
    outer loop
      vertex 47.4955 10.691 26
      vertex 47.675 10.5711 0
      vertex 47.4955 10.691 0
    endloop
  endfacet
  facet normal -0.0653198 0.997864 0
    outer loop
      vertex 48.7154 10.3641 0
      vertex 48.5 10.35 26
      vertex 48.7154 10.3641 26
    endloop
  endfacet
  facet normal -0.0653198 0.997864 0
    outer loop
      vertex 48.5 10.35 26
      vertex 48.7154 10.3641 0
      vertex 48.5 10.35 0
    endloop
  endfacet
  facet normal -0.0653198 -0.997864 0
    outer loop
      vertex 48.5 13.65 0
      vertex 48.7154 13.6359 26
      vertex 48.5 13.65 26
    endloop
  endfacet
  facet normal -0.0653198 -0.997864 -0
    outer loop
      vertex 48.7154 13.6359 26
      vertex 48.5 13.65 0
      vertex 48.7154 13.6359 0
    endloop
  endfacet
  facet normal 0.442389 0.896823 -0
    outer loop
      vertex 47.8686 10.4756 0
      vertex 47.675 10.5711 26
      vertex 47.8686 10.4756 26
    endloop
  endfacet
  facet normal 0.442389 0.896823 0
    outer loop
      vertex 47.675 10.5711 26
      vertex 47.8686 10.4756 0
      vertex 47.675 10.5711 0
    endloop
  endfacet
  facet normal 0.555448 -0.831551 0
    outer loop
      vertex 47.4955 13.309 0
      vertex 47.675 13.4289 26
      vertex 47.4955 13.309 26
    endloop
  endfacet
  facet normal 0.555448 -0.831551 0
    outer loop
      vertex 47.675 13.4289 26
      vertex 47.4955 13.309 0
      vertex 47.675 13.4289 0
    endloop
  endfacet
  facet normal 0.321645 -0.94686 0
    outer loop
      vertex 47.8686 13.5244 0
      vertex 48.0729 13.5938 26
      vertex 47.8686 13.5244 26
    endloop
  endfacet
  facet normal 0.321645 -0.94686 0
    outer loop
      vertex 48.0729 13.5938 26
      vertex 47.8686 13.5244 0
      vertex 48.0729 13.5938 0
    endloop
  endfacet
  facet normal 0.195047 0.980794 -0
    outer loop
      vertex 48.2846 10.3641 0
      vertex 48.0729 10.4062 26
      vertex 48.2846 10.3641 26
    endloop
  endfacet
  facet normal 0.195047 0.980794 0
    outer loop
      vertex 48.0729 10.4062 26
      vertex 48.2846 10.3641 0
      vertex 48.0729 10.4062 0
    endloop
  endfacet
  facet normal 0.831551 -0.555448 0
    outer loop
      vertex 47.0711 12.825 26
      vertex 47.191 13.0045 0
      vertex 47.191 13.0045 26
    endloop
  endfacet
  facet normal 0.831551 -0.555448 0
    outer loop
      vertex 47.191 13.0045 0
      vertex 47.0711 12.825 26
      vertex 47.0711 12.825 0
    endloop
  endfacet
  facet normal 0 0 -1
    outer loop
      vertex 49.366 11.5 26
      vertex 50 11.3191 26
      vertex 49.9289 11.175 26
    endloop
  endfacet
  facet normal 0 0 -1
    outer loop
      vertex 50 11.3191 26
      vertex 49.5 12 26
      vertex 50 12.6809 26
    endloop
  endfacet
  facet normal 0 0 -1
    outer loop
      vertex 49.366 11.5 26
      vertex 49.9289 11.175 26
      vertex 49.809 10.9955 26
    endloop
  endfacet
  facet normal 0 0 -1
    outer loop
      vertex 49.4914 12.1305 26
      vertex 50 12.6809 26
      vertex 49.5 12 26
    endloop
  endfacet
  facet normal 0 0 -1
    outer loop
      vertex 49.2934 11.3912 26
      vertex 49.809 10.9955 26
      vertex 49.6667 10.8333 26
    endloop
  endfacet
  facet normal 0 0 -1
    outer loop
      vertex 49.4659 12.2588 26
      vertex 50 12.6809 26
      vertex 49.4914 12.1305 26
    endloop
  endfacet
  facet normal 0 0 -1
    outer loop
      vertex 49.2071 11.2929 26
      vertex 49.6667 10.8333 26
      vertex 49.5045 10.691 26
    endloop
  endfacet
  facet normal 0 0 -1
    outer loop
      vertex 49.4239 12.3827 26
      vertex 50 12.6809 26
      vertex 49.4659 12.2588 26
    endloop
  endfacet
  facet normal 0 0 -1
    outer loop
      vertex 49.366 12.5 26
      vertex 50 12.6809 26
      vertex 49.4239 12.3827 26
    endloop
  endfacet
  facet normal 0 0 -1
    outer loop
      vertex 50 11.3191 26
      vertex 49.4914 11.8695 26
      vertex 49.5 12 26
    endloop
  endfacet
  facet normal 0 0 -1
    outer loop
      vertex 50 11.3191 26
      vertex 49.4659 11.7412 26
      vertex 49.4914 11.8695 26
    endloop
  endfacet
  facet normal 0 0 -1
    outer loop
      vertex 50 11.3191 26
      vertex 49.4239 11.6173 26
      vertex 49.4659 11.7412 26
    endloop
  endfacet
  facet normal 0 0 -1
    outer loop
      vertex 50 11.3191 26
      vertex 49.366 11.5 26
      vertex 49.4239 11.6173 26
    endloop
  endfacet
  facet normal 0 0 -1
    outer loop
      vertex 49.1088 11.2066 26
      vertex 49.5045 10.691 26
      vertex 49.325 10.5711 26
    endloop
  endfacet
  facet normal 0 0 -1
    outer loop
      vertex 49.809 10.9955 26
      vertex 49.2934 11.3912 26
      vertex 49.366 11.5 26
    endloop
  endfacet
  facet normal 0 0 -1
    outer loop
      vertex 49.6667 10.8333 26
      vertex 49.2071 11.2929 26
      vertex 49.2934 11.3912 26
    endloop
  endfacet
  facet normal 0 0 -1
    outer loop
      vertex 49 11.134 26
      vertex 49.325 10.5711 26
      vertex 49.1314 10.4756 26
    endloop
  endfacet
  facet normal 0 0 -1
    outer loop
      vertex 49.5045 10.691 26
      vertex 49.1088 11.2066 26
      vertex 49.2071 11.2929 26
    endloop
  endfacet
  facet normal 0 0 -1
    outer loop
      vertex 49.325 10.5711 26
      vertex 49 11.134 26
      vertex 49.1088 11.2066 26
    endloop
  endfacet
  facet normal 0 0 -1
    outer loop
      vertex 48.8827 11.0761 26
      vertex 49.1314 10.4756 26
      vertex 48.9271 10.4062 26
    endloop
  endfacet
  facet normal 0 0 -1
    outer loop
      vertex 49.1314 10.4756 26
      vertex 48.8827 11.0761 26
      vertex 49 11.134 26
    endloop
  endfacet
  facet normal 0 0 -1
    outer loop
      vertex 48.9271 10.4062 26
      vertex 48.7588 11.0341 26
      vertex 48.8827 11.0761 26
    endloop
  endfacet
  facet normal 0 0 -1
    outer loop
      vertex 48.7154 10.3641 26
      vertex 48.7588 11.0341 26
      vertex 48.9271 10.4062 26
    endloop
  endfacet
  facet normal 0 0 -1
    outer loop
      vertex 48.7154 10.3641 26
      vertex 48.6305 11.0086 26
      vertex 48.7588 11.0341 26
    endloop
  endfacet
  facet normal 0 0 -1
    outer loop
      vertex 48.5 10.35 26
      vertex 48.6305 11.0086 26
      vertex 48.7154 10.3641 26
    endloop
  endfacet
  facet normal 0 0 -1
    outer loop
      vertex 48.5 10.35 26
      vertex 48.5 11 26
      vertex 48.6305 11.0086 26
    endloop
  endfacet
  facet normal 0 0 -1
    outer loop
      vertex 48.5 10.35 26
      vertex 48.3695 11.0086 26
      vertex 48.5 11 26
    endloop
  endfacet
  facet normal 0 0 -1
    outer loop
      vertex 48.2846 10.3641 26
      vertex 48.3695 11.0086 26
      vertex 48.5 10.35 26
    endloop
  endfacet
  facet normal 0 0 -1
    outer loop
      vertex 48.2846 10.3641 26
      vertex 48.2412 11.0341 26
      vertex 48.3695 11.0086 26
    endloop
  endfacet
  facet normal 0 0 -1
    outer loop
      vertex 48.0729 10.4062 26
      vertex 48.2412 11.0341 26
      vertex 48.2846 10.3641 26
    endloop
  endfacet
  facet normal -0 0 -1
    outer loop
      vertex 48.2412 11.0341 26
      vertex 48.0729 10.4062 26
      vertex 48.1173 11.0761 26
    endloop
  endfacet
  facet normal 0 0 -1
    outer loop
      vertex 47.8686 10.4756 26
      vertex 48.1173 11.0761 26
      vertex 48.0729 10.4062 26
    endloop
  endfacet
  facet normal -0 0 -1
    outer loop
      vertex 48.1173 11.0761 26
      vertex 47.8686 10.4756 26
      vertex 48 11.134 26
    endloop
  endfacet
  facet normal 0 0 -1
    outer loop
      vertex 47.675 10.5711 26
      vertex 48 11.134 26
      vertex 47.8686 10.4756 26
    endloop
  endfacet
  facet normal -0 0 -1
    outer loop
      vertex 48 11.134 26
      vertex 47.675 10.5711 26
      vertex 47.8912 11.2066 26
    endloop
  endfacet
  facet normal 0 0 -1
    outer loop
      vertex 47.4955 10.691 26
      vertex 47.8912 11.2066 26
      vertex 47.675 10.5711 26
    endloop
  endfacet
  facet normal -0 0 -1
    outer loop
      vertex 47.8912 11.2066 26
      vertex 47.4955 10.691 26
      vertex 47.7929 11.2929 26
    endloop
  endfacet
  facet normal 0 0 -1
    outer loop
      vertex 47.3333 10.8333 26
      vertex 47.7929 11.2929 26
      vertex 47.4955 10.691 26
    endloop
  endfacet
  facet normal -0 0 -1
    outer loop
      vertex 47.7929 11.2929 26
      vertex 47.3333 10.8333 26
      vertex 47.7066 11.3912 26
    endloop
  endfacet
  facet normal 0 0 -1
    outer loop
      vertex 47.191 10.9955 26
      vertex 47.7066 11.3912 26
      vertex 47.3333 10.8333 26
    endloop
  endfacet
  facet normal -0 0 -1
    outer loop
      vertex 47.7066 11.3912 26
      vertex 47.191 10.9955 26
      vertex 47.634 11.5 26
    endloop
  endfacet
  facet normal 0 0 -1
    outer loop
      vertex 47 11.3191 26
      vertex 47.634 11.5 26
      vertex 47.0711 11.175 26
    endloop
  endfacet
  facet normal 0 0 -1
    outer loop
      vertex 47.0711 11.175 26
      vertex 47.634 11.5 26
      vertex 47.191 10.9955 26
    endloop
  endfacet
  facet normal -0 0 -1
    outer loop
      vertex 50 12.6809 26
      vertex 49.366 12.5 26
      vertex 49.9289 12.825 26
    endloop
  endfacet
  facet normal -0 0 -1
    outer loop
      vertex 49.9289 12.825 26
      vertex 49.366 12.5 26
      vertex 49.809 13.0045 26
    endloop
  endfacet
  facet normal 0 0 -1
    outer loop
      vertex 49.2934 12.6088 26
      vertex 49.809 13.0045 26
      vertex 49.366 12.5 26
    endloop
  endfacet
  facet normal -0 0 -1
    outer loop
      vertex 49.809 13.0045 26
      vertex 49.2934 12.6088 26
      vertex 49.6667 13.1667 26
    endloop
  endfacet
  facet normal 0 0 -1
    outer loop
      vertex 49.2071 12.7071 26
      vertex 49.6667 13.1667 26
      vertex 49.2934 12.6088 26
    endloop
  endfacet
  facet normal -0 0 -1
    outer loop
      vertex 49.6667 13.1667 26
      vertex 49.2071 12.7071 26
      vertex 49.5045 13.309 26
    endloop
  endfacet
  facet normal 0 0 -1
    outer loop
      vertex 49.1088 12.7934 26
      vertex 49.5045 13.309 26
      vertex 49.2071 12.7071 26
    endloop
  endfacet
  facet normal -0 0 -1
    outer loop
      vertex 49.5045 13.309 26
      vertex 49.1088 12.7934 26
      vertex 49.325 13.4289 26
    endloop
  endfacet
  facet normal 0 0 -1
    outer loop
      vertex 49 12.866 26
      vertex 49.325 13.4289 26
      vertex 49.1088 12.7934 26
    endloop
  endfacet
  facet normal -0 0 -1
    outer loop
      vertex 49.325 13.4289 26
      vertex 49 12.866 26
      vertex 49.1314 13.5244 26
    endloop
  endfacet
  facet normal 0 0 -1
    outer loop
      vertex 48.8827 12.9239 26
      vertex 49.1314 13.5244 26
      vertex 49 12.866 26
    endloop
  endfacet
  facet normal -0 0 -1
    outer loop
      vertex 49.1314 13.5244 26
      vertex 48.8827 12.9239 26
      vertex 48.9271 13.5938 26
    endloop
  endfacet
  facet normal 0 0 -1
    outer loop
      vertex 48.7588 12.9659 26
      vertex 48.9271 13.5938 26
      vertex 48.8827 12.9239 26
    endloop
  endfacet
  facet normal 0 0 -1
    outer loop
      vertex 48.7588 12.9659 26
      vertex 48.7154 13.6359 26
      vertex 48.9271 13.5938 26
    endloop
  endfacet
  facet normal 0 0 -1
    outer loop
      vertex 48.6305 12.9914 26
      vertex 48.7154 13.6359 26
      vertex 48.7588 12.9659 26
    endloop
  endfacet
  facet normal 0 0 -1
    outer loop
      vertex 48.5 13 26
      vertex 48.7154 13.6359 26
      vertex 48.6305 12.9914 26
    endloop
  endfacet
  facet normal 0 0 -1
    outer loop
      vertex 48.5 13 26
      vertex 48.5 13.65 26
      vertex 48.7154 13.6359 26
    endloop
  endfacet
  facet normal 0 0 -1
    outer loop
      vertex 48.3695 12.9914 26
      vertex 48.5 13.65 26
      vertex 48.5 13 26
    endloop
  endfacet
  facet normal 0 0 -1
    outer loop
      vertex 48.3695 12.9914 26
      vertex 48.2846 13.6359 26
      vertex 48.5 13.65 26
    endloop
  endfacet
  facet normal 0 0 -1
    outer loop
      vertex 48.2412 12.9659 26
      vertex 48.2846 13.6359 26
      vertex 48.3695 12.9914 26
    endloop
  endfacet
  facet normal 0 0 -1
    outer loop
      vertex 48.0729 13.5938 26
      vertex 48.2412 12.9659 26
      vertex 48.1173 12.9239 26
    endloop
  endfacet
  facet normal 0 0 -1
    outer loop
      vertex 48.2412 12.9659 26
      vertex 48.0729 13.5938 26
      vertex 48.2846 13.6359 26
    endloop
  endfacet
  facet normal 0 0 -1
    outer loop
      vertex 47.8686 13.5244 26
      vertex 48.1173 12.9239 26
      vertex 48 12.866 26
    endloop
  endfacet
  facet normal 0 0 -1
    outer loop
      vertex 47.675 13.4289 26
      vertex 48 12.866 26
      vertex 47.8912 12.7934 26
    endloop
  endfacet
  facet normal 0 0 -1
    outer loop
      vertex 48.1173 12.9239 26
      vertex 47.8686 13.5244 26
      vertex 48.0729 13.5938 26
    endloop
  endfacet
  facet normal 0 0 -1
    outer loop
      vertex 47.4955 13.309 26
      vertex 47.8912 12.7934 26
      vertex 47.7929 12.7071 26
    endloop
  endfacet
  facet normal 0 0 -1
    outer loop
      vertex 47.3333 13.1667 26
      vertex 47.7929 12.7071 26
      vertex 47.7066 12.6088 26
    endloop
  endfacet
  facet normal 0 0 -1
    outer loop
      vertex 48 12.866 26
      vertex 47.675 13.4289 26
      vertex 47.8686 13.5244 26
    endloop
  endfacet
  facet normal 0 0 -1
    outer loop
      vertex 47.191 13.0045 26
      vertex 47.7066 12.6088 26
      vertex 47.634 12.5 26
    endloop
  endfacet
  facet normal 0 0 -1
    outer loop
      vertex 47 12.6809 26
      vertex 47.634 12.5 26
      vertex 47.5761 12.3827 26
    endloop
  endfacet
  facet normal 0 0 -1
    outer loop
      vertex 47 12.6809 26
      vertex 47.5761 12.3827 26
      vertex 47.5341 12.2588 26
    endloop
  endfacet
  facet normal 0 0 -1
    outer loop
      vertex 47 12.6809 26
      vertex 47.5341 12.2588 26
      vertex 47.5086 12.1305 26
    endloop
  endfacet
  facet normal 0 0 -1
    outer loop
      vertex 47.8912 12.7934 26
      vertex 47.4955 13.309 26
      vertex 47.675 13.4289 26
    endloop
  endfacet
  facet normal 0 0 -1
    outer loop
      vertex 47 12.6809 26
      vertex 47.5086 12.1305 26
      vertex 47.5 12 26
    endloop
  endfacet
  facet normal -0 0 -1
    outer loop
      vertex 47.634 11.5 26
      vertex 47 11.3191 26
      vertex 47.5761 11.6173 26
    endloop
  endfacet
  facet normal -0 0 -1
    outer loop
      vertex 47.5761 11.6173 26
      vertex 47 11.3191 26
      vertex 47.5341 11.7412 26
    endloop
  endfacet
  facet normal 0 0 -1
    outer loop
      vertex 47.7929 12.7071 26
      vertex 47.3333 13.1667 26
      vertex 47.4955 13.309 26
    endloop
  endfacet
  facet normal -0 0 -1
    outer loop
      vertex 47.5341 11.7412 26
      vertex 47 11.3191 26
      vertex 47.5086 11.8695 26
    endloop
  endfacet
  facet normal 0 0 -1
    outer loop
      vertex 47.7066 12.6088 26
      vertex 47.191 13.0045 26
      vertex 47.3333 13.1667 26
    endloop
  endfacet
  facet normal -0 0 -1
    outer loop
      vertex 47.5086 11.8695 26
      vertex 47 11.3191 26
      vertex 47.5 12 26
    endloop
  endfacet
  facet normal 0 0 -1
    outer loop
      vertex 47 12.6809 26
      vertex 47.5 12 26
      vertex 47 11.3191 26
    endloop
  endfacet
  facet normal 0 0 -1
    outer loop
      vertex 47.634 12.5 26
      vertex 47 12.6809 26
      vertex 47.0711 12.825 26
    endloop
  endfacet
  facet normal 0 0 -1
    outer loop
      vertex 47.634 12.5 26
      vertex 47.0711 12.825 26
      vertex 47.191 13.0045 26
    endloop
  endfacet
  facet normal 0.89678 -0.442478 0
    outer loop
      vertex 47 12.6809 26
      vertex 47.0711 12.825 0
      vertex 47.0711 12.825 26
    endloop
  endfacet
  facet normal 0.89678 -0.442478 0
    outer loop
      vertex 47.0711 12.825 0
      vertex 47 12.6809 26
      vertex 47 12.6809 0
    endloop
  endfacet
  facet normal 0.947066 0.321039 0
    outer loop
      vertex 47.5761 11.6173 27
      vertex 47.5341 11.7412 26
      vertex 47.5341 11.7412 27
    endloop
  endfacet
  facet normal 0.947066 0.321039 0
    outer loop
      vertex 47.5341 11.7412 26
      vertex 47.5761 11.6173 27
      vertex 47.5761 11.6173 26
    endloop
  endfacet
  facet normal -0.19494 0.980815 0
    outer loop
      vertex 48.7588 11.0341 26
      vertex 48.6305 11.0086 27
      vertex 48.7588 11.0341 27
    endloop
  endfacet
  facet normal -0.19494 0.980815 0
    outer loop
      vertex 48.6305 11.0086 27
      vertex 48.7588 11.0341 26
      vertex 48.6305 11.0086 26
    endloop
  endfacet
  facet normal -0.980815 -0.19494 0
    outer loop
      vertex 49.4914 12.1305 26
      vertex 49.4659 12.2588 27
      vertex 49.4659 12.2588 26
    endloop
  endfacet
  facet normal -0.980815 -0.19494 0
    outer loop
      vertex 49.4659 12.2588 27
      vertex 49.4914 12.1305 26
      vertex 49.4914 12.1305 27
    endloop
  endfacet
  facet normal -0.997836 -0.0657577 0
    outer loop
      vertex 49.5 12 26
      vertex 49.4914 12.1305 27
      vertex 49.4914 12.1305 26
    endloop
  endfacet
  facet normal -0.997836 -0.0657577 0
    outer loop
      vertex 49.4914 12.1305 27
      vertex 49.5 12 26
      vertex 49.5 12 27
    endloop
  endfacet
  facet normal 0.442621 -0.896709 0
    outer loop
      vertex 48 12.866 26
      vertex 48.1173 12.9239 27
      vertex 48 12.866 27
    endloop
  endfacet
  facet normal 0.442621 -0.896709 0
    outer loop
      vertex 48.1173 12.9239 27
      vertex 48 12.866 26
      vertex 48.1173 12.9239 26
    endloop
  endfacet
  facet normal -0.947066 -0.321039 0
    outer loop
      vertex 49.4659 12.2588 26
      vertex 49.4239 12.3827 27
      vertex 49.4239 12.3827 26
    endloop
  endfacet
  facet normal -0.947066 -0.321039 0
    outer loop
      vertex 49.4239 12.3827 27
      vertex 49.4659 12.2588 26
      vertex 49.4659 12.2588 27
    endloop
  endfacet
  facet normal -0.896709 0.442621 0
    outer loop
      vertex 49.366 11.5 26
      vertex 49.4239 11.6173 27
      vertex 49.4239 11.6173 26
    endloop
  endfacet
  facet normal -0.896709 0.442621 0
    outer loop
      vertex 49.4239 11.6173 27
      vertex 49.366 11.5 26
      vertex 49.366 11.5 27
    endloop
  endfacet
  facet normal -0.997836 0.0657577 0
    outer loop
      vertex 49.4914 11.8695 26
      vertex 49.5 12 27
      vertex 49.5 12 26
    endloop
  endfacet
  facet normal -0.997836 0.0657577 0
    outer loop
      vertex 49.5 12 27
      vertex 49.4914 11.8695 26
      vertex 49.4914 11.8695 27
    endloop
  endfacet
  facet normal -0.659749 -0.751486 0
    outer loop
      vertex 49.1088 12.7934 26
      vertex 49.2071 12.7071 27
      vertex 49.1088 12.7934 27
    endloop
  endfacet
  facet normal -0.659749 -0.751486 -0
    outer loop
      vertex 49.2071 12.7071 27
      vertex 49.1088 12.7934 26
      vertex 49.2071 12.7071 26
    endloop
  endfacet
  facet normal 0.659749 -0.751486 0
    outer loop
      vertex 47.7929 12.7071 26
      vertex 47.8912 12.7934 27
      vertex 47.7929 12.7071 27
    endloop
  endfacet
  facet normal 0.659749 -0.751486 0
    outer loop
      vertex 47.8912 12.7934 27
      vertex 47.7929 12.7071 26
      vertex 47.8912 12.7934 26
    endloop
  endfacet
  facet normal -0.0657577 -0.997836 0
    outer loop
      vertex 48.5 13 26
      vertex 48.6305 12.9914 27
      vertex 48.5 13 27
    endloop
  endfacet
  facet normal -0.0657577 -0.997836 -0
    outer loop
      vertex 48.6305 12.9914 27
      vertex 48.5 13 26
      vertex 48.6305 12.9914 26
    endloop
  endfacet
  facet normal 0.997836 -0.0657577 0
    outer loop
      vertex 47.5 12 27
      vertex 47.5086 12.1305 26
      vertex 47.5086 12.1305 27
    endloop
  endfacet
  facet normal 0.997836 -0.0657577 0
    outer loop
      vertex 47.5086 12.1305 26
      vertex 47.5 12 27
      vertex 47.5 12 26
    endloop
  endfacet
  facet normal 0.751486 0.659749 0
    outer loop
      vertex 47.7929 11.2929 27
      vertex 47.7066 11.3912 26
      vertex 47.7066 11.3912 27
    endloop
  endfacet
  facet normal 0.751486 0.659749 0
    outer loop
      vertex 47.7066 11.3912 26
      vertex 47.7929 11.2929 27
      vertex 47.7929 11.2929 26
    endloop
  endfacet
  facet normal 0.980815 0.19494 0
    outer loop
      vertex 47.5341 11.7412 27
      vertex 47.5086 11.8695 26
      vertex 47.5086 11.8695 27
    endloop
  endfacet
  facet normal 0.980815 0.19494 0
    outer loop
      vertex 47.5086 11.8695 26
      vertex 47.5341 11.7412 27
      vertex 47.5341 11.7412 26
    endloop
  endfacet
  facet normal -0.831815 0.555053 0
    outer loop
      vertex 49.2934 11.3912 26
      vertex 49.366 11.5 27
      vertex 49.366 11.5 26
    endloop
  endfacet
  facet normal -0.831815 0.555053 0
    outer loop
      vertex 49.366 11.5 27
      vertex 49.2934 11.3912 26
      vertex 49.2934 11.3912 27
    endloop
  endfacet
  facet normal 0.896709 -0.442621 0
    outer loop
      vertex 47.5761 12.3827 27
      vertex 47.634 12.5 26
      vertex 47.634 12.5 27
    endloop
  endfacet
  facet normal 0.896709 -0.442621 0
    outer loop
      vertex 47.634 12.5 26
      vertex 47.5761 12.3827 27
      vertex 47.5761 12.3827 26
    endloop
  endfacet
  facet normal 0.831815 -0.555053 0
    outer loop
      vertex 47.634 12.5 27
      vertex 47.7066 12.6088 26
      vertex 47.7066 12.6088 27
    endloop
  endfacet
  facet normal 0.831815 -0.555053 0
    outer loop
      vertex 47.7066 12.6088 26
      vertex 47.634 12.5 27
      vertex 47.634 12.5 26
    endloop
  endfacet
  facet normal 0.0657577 -0.997836 0
    outer loop
      vertex 48.3695 12.9914 26
      vertex 48.5 13 27
      vertex 48.3695 12.9914 27
    endloop
  endfacet
  facet normal 0.0657577 -0.997836 0
    outer loop
      vertex 48.5 13 27
      vertex 48.3695 12.9914 26
      vertex 48.5 13 26
    endloop
  endfacet
  facet normal 0.321039 -0.947066 0
    outer loop
      vertex 48.1173 12.9239 26
      vertex 48.2412 12.9659 27
      vertex 48.1173 12.9239 27
    endloop
  endfacet
  facet normal 0.321039 -0.947066 0
    outer loop
      vertex 48.2412 12.9659 27
      vertex 48.1173 12.9239 26
      vertex 48.2412 12.9659 26
    endloop
  endfacet
  facet normal 0.321039 0.947066 -0
    outer loop
      vertex 48.2412 11.0341 26
      vertex 48.1173 11.0761 27
      vertex 48.2412 11.0341 27
    endloop
  endfacet
  facet normal 0.321039 0.947066 0
    outer loop
      vertex 48.1173 11.0761 27
      vertex 48.2412 11.0341 26
      vertex 48.1173 11.0761 26
    endloop
  endfacet
  facet normal -0.442621 -0.896709 0
    outer loop
      vertex 48.8827 12.9239 26
      vertex 49 12.866 27
      vertex 48.8827 12.9239 27
    endloop
  endfacet
  facet normal -0.442621 -0.896709 -0
    outer loop
      vertex 49 12.866 27
      vertex 48.8827 12.9239 26
      vertex 49 12.866 26
    endloop
  endfacet
  facet normal -0.0657577 0.997836 0
    outer loop
      vertex 48.6305 11.0086 26
      vertex 48.5 11 27
      vertex 48.6305 11.0086 27
    endloop
  endfacet
  facet normal -0.0657577 0.997836 0
    outer loop
      vertex 48.5 11 27
      vertex 48.6305 11.0086 26
      vertex 48.5 11 26
    endloop
  endfacet
  facet normal -0.555053 0.831815 0
    outer loop
      vertex 49.1088 11.2066 26
      vertex 49 11.134 27
      vertex 49.1088 11.2066 27
    endloop
  endfacet
  facet normal -0.555053 0.831815 0
    outer loop
      vertex 49 11.134 27
      vertex 49.1088 11.2066 26
      vertex 49 11.134 26
    endloop
  endfacet
  facet normal -0.980815 0.19494 0
    outer loop
      vertex 49.4659 11.7412 26
      vertex 49.4914 11.8695 27
      vertex 49.4914 11.8695 26
    endloop
  endfacet
  facet normal -0.980815 0.19494 0
    outer loop
      vertex 49.4914 11.8695 27
      vertex 49.4659 11.7412 26
      vertex 49.4659 11.7412 27
    endloop
  endfacet
  facet normal 0.751486 -0.659749 0
    outer loop
      vertex 47.7066 12.6088 27
      vertex 47.7929 12.7071 26
      vertex 47.7929 12.7071 27
    endloop
  endfacet
  facet normal 0.751486 -0.659749 0
    outer loop
      vertex 47.7929 12.7071 26
      vertex 47.7066 12.6088 27
      vertex 47.7066 12.6088 26
    endloop
  endfacet
  facet normal 0.980815 -0.19494 0
    outer loop
      vertex 47.5086 12.1305 27
      vertex 47.5341 12.2588 26
      vertex 47.5341 12.2588 27
    endloop
  endfacet
  facet normal 0.980815 -0.19494 0
    outer loop
      vertex 47.5341 12.2588 26
      vertex 47.5086 12.1305 27
      vertex 47.5086 12.1305 26
    endloop
  endfacet
  facet normal -0.831815 -0.555053 0
    outer loop
      vertex 49.366 12.5 26
      vertex 49.2934 12.6088 27
      vertex 49.2934 12.6088 26
    endloop
  endfacet
  facet normal -0.831815 -0.555053 0
    outer loop
      vertex 49.2934 12.6088 27
      vertex 49.366 12.5 26
      vertex 49.366 12.5 27
    endloop
  endfacet
  facet normal -0.555053 -0.831815 0
    outer loop
      vertex 49 12.866 26
      vertex 49.1088 12.7934 27
      vertex 49 12.866 27
    endloop
  endfacet
  facet normal -0.555053 -0.831815 -0
    outer loop
      vertex 49.1088 12.7934 27
      vertex 49 12.866 26
      vertex 49.1088 12.7934 26
    endloop
  endfacet
  facet normal 0.997836 0.0657577 0
    outer loop
      vertex 47.5086 11.8695 27
      vertex 47.5 12 26
      vertex 47.5 12 27
    endloop
  endfacet
  facet normal 0.997836 0.0657577 0
    outer loop
      vertex 47.5 12 26
      vertex 47.5086 11.8695 27
      vertex 47.5086 11.8695 26
    endloop
  endfacet
  facet normal -0.321039 -0.947066 0
    outer loop
      vertex 48.7588 12.9659 26
      vertex 48.8827 12.9239 27
      vertex 48.7588 12.9659 27
    endloop
  endfacet
  facet normal -0.321039 -0.947066 -0
    outer loop
      vertex 48.8827 12.9239 27
      vertex 48.7588 12.9659 26
      vertex 48.8827 12.9239 26
    endloop
  endfacet
  facet normal -0.659749 0.751486 0
    outer loop
      vertex 49.2071 11.2929 26
      vertex 49.1088 11.2066 27
      vertex 49.2071 11.2929 27
    endloop
  endfacet
  facet normal -0.659749 0.751486 0
    outer loop
      vertex 49.1088 11.2066 27
      vertex 49.2071 11.2929 26
      vertex 49.1088 11.2066 26
    endloop
  endfacet
  facet normal 0.19494 -0.980815 0
    outer loop
      vertex 48.2412 12.9659 26
      vertex 48.3695 12.9914 27
      vertex 48.2412 12.9659 27
    endloop
  endfacet
  facet normal 0.19494 -0.980815 0
    outer loop
      vertex 48.3695 12.9914 27
      vertex 48.2412 12.9659 26
      vertex 48.3695 12.9914 26
    endloop
  endfacet
  facet normal -0.896709 -0.442621 0
    outer loop
      vertex 49.4239 12.3827 26
      vertex 49.366 12.5 27
      vertex 49.366 12.5 26
    endloop
  endfacet
  facet normal -0.896709 -0.442621 0
    outer loop
      vertex 49.366 12.5 27
      vertex 49.4239 12.3827 26
      vertex 49.4239 12.3827 27
    endloop
  endfacet
  facet normal 0.555053 0.831815 -0
    outer loop
      vertex 48 11.134 26
      vertex 47.8912 11.2066 27
      vertex 48 11.134 27
    endloop
  endfacet
  facet normal 0.555053 0.831815 0
    outer loop
      vertex 47.8912 11.2066 27
      vertex 48 11.134 26
      vertex 47.8912 11.2066 26
    endloop
  endfacet
  facet normal 0.659749 0.751486 -0
    outer loop
      vertex 47.8912 11.2066 26
      vertex 47.7929 11.2929 27
      vertex 47.8912 11.2066 27
    endloop
  endfacet
  facet normal 0.659749 0.751486 0
    outer loop
      vertex 47.7929 11.2929 27
      vertex 47.8912 11.2066 26
      vertex 47.7929 11.2929 26
    endloop
  endfacet
  facet normal -0.751486 0.659749 0
    outer loop
      vertex 49.2071 11.2929 26
      vertex 49.2934 11.3912 27
      vertex 49.2934 11.3912 26
    endloop
  endfacet
  facet normal -0.751486 0.659749 0
    outer loop
      vertex 49.2934 11.3912 27
      vertex 49.2071 11.2929 26
      vertex 49.2071 11.2929 27
    endloop
  endfacet
  facet normal 0.896709 0.442621 0
    outer loop
      vertex 47.634 11.5 27
      vertex 47.5761 11.6173 26
      vertex 47.5761 11.6173 27
    endloop
  endfacet
  facet normal 0.896709 0.442621 0
    outer loop
      vertex 47.5761 11.6173 26
      vertex 47.634 11.5 27
      vertex 47.634 11.5 26
    endloop
  endfacet
  facet normal 0.0657577 0.997836 -0
    outer loop
      vertex 48.5 11 26
      vertex 48.3695 11.0086 27
      vertex 48.5 11 27
    endloop
  endfacet
  facet normal 0.0657577 0.997836 0
    outer loop
      vertex 48.3695 11.0086 27
      vertex 48.5 11 26
      vertex 48.3695 11.0086 26
    endloop
  endfacet
  facet normal -0.751486 -0.659749 0
    outer loop
      vertex 49.2934 12.6088 26
      vertex 49.2071 12.7071 27
      vertex 49.2071 12.7071 26
    endloop
  endfacet
  facet normal -0.751486 -0.659749 0
    outer loop
      vertex 49.2071 12.7071 27
      vertex 49.2934 12.6088 26
      vertex 49.2934 12.6088 27
    endloop
  endfacet
  facet normal 0.555053 -0.831815 0
    outer loop
      vertex 47.8912 12.7934 26
      vertex 48 12.866 27
      vertex 47.8912 12.7934 27
    endloop
  endfacet
  facet normal 0.555053 -0.831815 0
    outer loop
      vertex 48 12.866 27
      vertex 47.8912 12.7934 26
      vertex 48 12.866 26
    endloop
  endfacet
  facet normal -0.321039 0.947066 0
    outer loop
      vertex 48.8827 11.0761 26
      vertex 48.7588 11.0341 27
      vertex 48.8827 11.0761 27
    endloop
  endfacet
  facet normal -0.321039 0.947066 0
    outer loop
      vertex 48.7588 11.0341 27
      vertex 48.8827 11.0761 26
      vertex 48.7588 11.0341 26
    endloop
  endfacet
  facet normal -0.442621 0.896709 0
    outer loop
      vertex 49 11.134 26
      vertex 48.8827 11.0761 27
      vertex 49 11.134 27
    endloop
  endfacet
  facet normal -0.442621 0.896709 0
    outer loop
      vertex 48.8827 11.0761 27
      vertex 49 11.134 26
      vertex 48.8827 11.0761 26
    endloop
  endfacet
  facet normal -0.947066 0.321039 0
    outer loop
      vertex 49.4239 11.6173 26
      vertex 49.4659 11.7412 27
      vertex 49.4659 11.7412 26
    endloop
  endfacet
  facet normal -0.947066 0.321039 0
    outer loop
      vertex 49.4659 11.7412 27
      vertex 49.4239 11.6173 26
      vertex 49.4239 11.6173 27
    endloop
  endfacet
  facet normal 0.19494 0.980815 -0
    outer loop
      vertex 48.3695 11.0086 26
      vertex 48.2412 11.0341 27
      vertex 48.3695 11.0086 27
    endloop
  endfacet
  facet normal 0.19494 0.980815 0
    outer loop
      vertex 48.2412 11.0341 27
      vertex 48.3695 11.0086 26
      vertex 48.2412 11.0341 26
    endloop
  endfacet
  facet normal -0.19494 -0.980815 0
    outer loop
      vertex 48.6305 12.9914 26
      vertex 48.7588 12.9659 27
      vertex 48.6305 12.9914 27
    endloop
  endfacet
  facet normal -0.19494 -0.980815 -0
    outer loop
      vertex 48.7588 12.9659 27
      vertex 48.6305 12.9914 26
      vertex 48.7588 12.9659 26
    endloop
  endfacet
  facet normal 0.442621 0.896709 -0
    outer loop
      vertex 48.1173 11.0761 26
      vertex 48 11.134 27
      vertex 48.1173 11.0761 27
    endloop
  endfacet
  facet normal 0.442621 0.896709 0
    outer loop
      vertex 48 11.134 27
      vertex 48.1173 11.0761 26
      vertex 48 11.134 26
    endloop
  endfacet
  facet normal 0.831815 0.555053 0
    outer loop
      vertex 47.7066 11.3912 27
      vertex 47.634 11.5 26
      vertex 47.634 11.5 27
    endloop
  endfacet
  facet normal 0.831815 0.555053 0
    outer loop
      vertex 47.634 11.5 26
      vertex 47.7066 11.3912 27
      vertex 47.7066 11.3912 26
    endloop
  endfacet
  facet normal 0.947066 -0.321039 0
    outer loop
      vertex 47.5341 12.2588 27
      vertex 47.5761 12.3827 26
      vertex 47.5761 12.3827 27
    endloop
  endfacet
  facet normal 0.947066 -0.321039 0
    outer loop
      vertex 47.5761 12.3827 26
      vertex 47.5341 12.2588 27
      vertex 47.5341 12.2588 26
    endloop
  endfacet
endsolid OpenSCAD_Model
